Time;Trace
0.000000000000000;-2.794999837875366
24.980000000000000;-2.751874923706055
49.960000000000001;-2.735937356948853
74.939999999999998;-2.749687433242798
99.920000000000002;-2.749687433242798
124.900000000000010;-2.745625019073486
149.880000000000000;-2.750937461853027
174.859999999999990;-2.749062538146973
199.839999999999970;-2.768437385559082
224.819999999999960;-2.749062538146973
249.799999999999950;-2.741874933242798
274.779999999999970;-2.753749847412109
299.759999999999990;-2.743124961853027
324.740000000000010;-2.760312557220459
349.720000000000030;-2.749687433242798
374.700000000000050;-2.754687547683716
399.680000000000060;-2.750312328338623
424.660000000000080;-2.736249923706055
449.640000000000100;-2.751874923706055
474.620000000000120;-2.745937347412109
499.600000000000140;-2.761874914169312
524.580000000000150;-2.748749971389771
549.560000000000170;-2.750000000000000
574.540000000000190;-2.748749971389771
599.520000000000210;-2.758437395095825
624.500000000000230;-2.746875047683716
649.480000000000250;-2.756562471389771
674.460000000000260;-2.756249904632568
699.440000000000280;-2.751562356948853
724.420000000000300;-2.738124847412109
749.400000000000320;-2.747187376022339
774.380000000000340;-2.748437404632568
799.360000000000350;-2.751562356948853
824.340000000000370;-2.763437509536743
849.320000000000390;-2.747499942779541
874.300000000000410;-2.747499942779541
899.280000000000430;-2.753437519073486
924.260000000000450;-2.751562356948853
949.240000000000460;-2.753437519073486
974.220000000000480;-2.749687433242798
999.200000000000500;-2.746875047683716
1024.180000000000500;-2.752812385559082
1049.160000000000500;-2.742812395095825
1074.140000000000600;-2.751874923706055
1099.120000000000600;-2.749062538146973
1124.100000000000600;-2.746249914169312
1149.080000000000600;-2.740000009536743
1174.060000000000600;-2.750312328338623
1199.040000000000600;-2.760624885559082
1224.020000000000700;-2.760312557220459
1249.000000000000700;-2.752500057220459
1273.980000000000700;-2.748437404632568
1298.960000000000700;-2.758749961853027
1323.940000000000700;-2.754687547683716
1348.920000000000800;-2.759687423706055
1373.900000000000800;-2.748437404632568
1398.880000000000800;-2.745312452316284
1423.860000000000800;-2.743749856948853
1448.840000000000800;-2.745937347412109
1473.820000000000800;-2.750937461853027
1498.800000000000900;-2.753124952316284
1523.780000000000900;-2.749374866485596
1548.760000000000900;-2.752812385559082
1573.740000000000900;-2.749687433242798
1598.720000000000900;-2.744062423706055
1623.700000000001000;-2.749374866485596
1648.680000000001000;-2.759687423706055
1673.660000000001000;-2.753124952316284
1698.640000000001000;-2.761562347412109
1723.620000000001000;-2.752812385559082
1748.600000000001000;-2.753749847412109
1773.580000000001100;-2.739374876022339
1798.560000000001100;-2.749374866485596
1823.540000000001100;-2.755312442779541
1848.520000000001100;-2.751874923706055
1873.500000000001100;-2.747499942779541
1898.480000000001200;-2.749687433242798
1923.460000000001200;-2.744999885559082
1948.440000000001200;-2.743749856948853
1973.420000000001200;-2.760312557220459
1998.400000000001200;-2.754374980926514
2023.380000000001200;-2.750624895095825
2048.360000000001000;-2.753437519073486
2073.340000000001100;-2.746875047683716
2098.320000000001100;-2.739687442779541
2123.300000000001100;-2.756562471389771
2148.280000000001100;-2.747187376022339
2173.260000000001100;-2.758749961853027
2198.240000000001100;-2.753749847412109
2223.220000000001200;-2.760624885559082
2248.200000000001200;-2.752500057220459
2273.180000000001200;-2.744374990463257
2298.160000000001200;-2.752187490463257
2323.140000000001200;-2.743749856948853
2348.120000000001300;-2.754062414169312
2373.100000000001300;-2.746875047683716
2398.080000000001300;-2.746249914169312
2423.060000000001300;-2.749687433242798
2448.040000000001300;-2.756249904632568
2473.020000000001300;-2.753437519073486
2498.000000000001400;-2.756562471389771
2522.980000000001400;-2.748749971389771
2547.960000000001400;-2.740000009536743
2572.940000000001400;-2.743124961853027
2597.920000000001400;-2.760312557220459
2622.900000000001500;-2.755312442779541
2647.880000000001500;-2.754062414169312
2672.860000000001500;-2.740624904632568
2697.840000000001500;-2.748749971389771
2722.820000000001500;-2.745312452316284
2747.800000000001500;-2.744999885559082
2772.780000000001600;-2.753124952316284
2797.760000000001600;-2.748124837875366
2822.740000000001600;-2.739374876022339
2847.720000000001600;-2.744374990463257
2872.700000000001600;-2.750624895095825
2897.680000000001700;-2.760624885559082
2922.660000000001700;-2.756249904632568
2947.640000000001700;-2.760624885559082
2972.620000000001700;-2.748437404632568
2997.600000000001700;-2.774374961853027
3022.580000000001700;-2.752500057220459
3047.560000000001800;-2.750000000000000
3072.540000000001800;-2.755625009536743
3097.520000000001800;-2.748749971389771
3122.500000000001800;-2.756249904632568
3147.480000000001800;-2.754062414169312
3172.460000000001900;-2.770624876022339
3197.440000000001900;-2.746249914169312
3222.420000000001900;-2.755937337875366
3247.400000000001900;-2.751250028610230
3272.380000000001900;-2.749062538146973
3297.360000000001900;-2.750937461853027
3322.340000000002000;-2.742812395095825
3347.320000000002000;-2.744062423706055
3372.300000000002000;-2.751250028610230
3397.280000000002000;-2.753749847412109
3422.260000000002000;-2.745625019073486
3447.240000000002100;-2.738437414169312
3472.220000000002100;-2.748437404632568
3497.200000000002100;-2.743749856948853
3522.180000000002100;-2.740000009536743
3547.160000000002100;-2.736875057220459
3572.140000000002100;-2.746249914169312
3597.120000000002200;-2.751874923706055
3622.100000000002200;-2.740624904632568
3647.080000000002200;-2.756875038146973
3672.060000000002200;-2.777812480926514
3697.040000000002200;-2.746249914169312
3722.020000000002300;-2.754374980926514
3747.000000000002300;-2.736562490463257
3771.980000000002300;-2.751874923706055
3796.960000000002300;-2.717499971389771
3821.940000000002300;-2.748437404632568
3846.920000000002300;-2.756249904632568
3871.900000000002400;-2.761250019073486
3896.880000000002400;-2.760624885559082
3921.860000000002400;-2.745937347412109
3946.840000000002400;-2.760312557220459
3971.820000000002400;-2.760937452316284
3996.800000000002500;-2.746562480926514
4021.780000000002500;-2.751874923706055
4046.760000000002500;-2.751250028610230
4071.740000000002500;-2.780312538146973
4096.720000000002100;-2.752812385559082
4121.700000000001600;-2.753749847412109
4146.680000000001200;-2.761562347412109
4171.660000000000800;-2.754374980926514
4196.640000000000300;-2.752812385559082
4221.619999999999900;-2.755625009536743
4246.599999999999500;-2.759374856948853
4271.579999999999000;-2.748749971389771
4296.559999999998600;-2.748124837875366
4321.539999999998100;-2.753124952316284
4346.519999999997700;-2.766249895095825
4371.499999999997300;-2.752187490463257
4396.479999999996800;-2.747812509536743
4421.459999999996400;-2.748124837875366
4446.439999999996000;-2.754687547683716
4471.419999999995500;-2.744062423706055
4496.399999999995100;-2.753124952316284
4521.379999999994700;-2.758437395095825
4546.359999999994200;-2.750937461853027
4571.339999999993800;-2.750624895095825
4596.319999999993300;-2.736249923706055
4621.299999999992900;-2.752187490463257
4646.279999999992500;-2.742812395095825
4671.259999999992000;-2.747812509536743
4696.239999999991600;-2.749687433242798
4721.219999999991200;-2.760937452316284
4746.199999999990700;-2.751874923706055
4771.179999999990300;-2.750312328338623
4796.159999999989900;-2.760312557220459
4821.139999999989400;-2.750000000000000
4846.119999999989000;-2.736562490463257
4871.099999999988500;-2.751250028610230
4896.079999999988100;-2.762500047683716
4921.059999999987700;-2.747812509536743
4946.039999999987200;-2.749687433242798
4971.019999999986800;-2.747499942779541
4995.999999999986400;-2.742187500000000
5020.979999999985900;-2.743124961853027
5045.959999999985500;-2.762500047683716
5070.939999999985000;-2.758749961853027
5095.919999999984600;-2.735625028610230
5120.899999999984200;-2.752812385559082
5145.879999999983700;-2.760937452316284
5170.859999999983300;-2.745937347412109
5195.839999999982900;-2.754999876022339
5220.819999999982400;-2.755312442779541
5245.799999999982000;-2.749062538146973
5270.779999999981600;-2.757187366485596
5295.759999999981100;-2.744687557220459
5320.739999999980700;-2.750624895095825
5345.719999999980200;-2.746875047683716
5370.699999999979800;-2.758124828338623
5395.679999999979400;-2.748437404632568
5420.659999999978900;-2.750000000000000
5445.639999999978500;-2.754374980926514
5470.619999999978100;-2.755625009536743
5495.599999999977600;-2.740312337875366
5520.579999999977200;-2.762500047683716
5545.559999999976800;-2.743124961853027
5570.539999999976300;-2.744999885559082
5595.519999999975900;-2.751562356948853
5620.499999999975400;-2.757499933242798
5645.479999999975000;-2.751874923706055
5670.459999999974600;-2.765625000000000
5695.439999999974100;-2.755937337875366
5720.419999999973700;-2.747187376022339
5745.399999999973300;-2.761250019073486
5770.379999999972800;-2.748749971389771
5795.359999999972400;-2.753749847412109
5820.339999999972000;-2.751562356948853
5845.319999999971500;-2.747499942779541
5870.299999999971100;-2.749687433242798
5895.279999999970600;-2.734687328338623
5920.259999999970200;-2.751250028610230
5945.239999999969800;-2.755937337875366
5970.219999999969300;-2.749374866485596
5995.199999999968900;-2.751562356948853
6020.179999999968500;-2.754999876022339
6045.159999999968000;-2.749374866485596
6070.139999999967600;-2.750000000000000
6095.119999999967100;-2.740000009536743
6120.099999999966700;-2.750000000000000
6145.079999999966300;-2.760624885559082
6170.059999999965800;-2.750000000000000
6195.039999999965400;-2.760624885559082
6220.019999999965000;-2.750312328338623
6244.999999999964500;-2.750624895095825
6269.979999999964100;-2.756562471389771
6294.959999999963700;-2.752187490463257
6319.939999999963200;-2.750624895095825
6344.919999999962800;-2.743124961853027
6369.899999999962300;-2.751562356948853
6394.879999999961900;-2.754687547683716
6419.859999999961500;-2.747187376022339
6444.839999999961000;-2.753124952316284
6469.819999999960600;-2.754062414169312
6494.799999999960200;-2.746875047683716
6519.779999999959700;-2.753124952316284
6544.759999999959300;-2.745937347412109
6569.739999999958900;-2.773437500000000
6594.719999999958400;-2.751250028610230
6619.699999999958000;-2.755937337875366
6644.679999999957500;-2.756875038146973
6669.659999999957100;-2.750312328338623
6694.639999999956700;-2.742812395095825
6719.619999999956200;-2.747812509536743
6744.599999999955800;-2.749687433242798
6769.579999999955400;-2.753749847412109
6794.559999999954900;-2.758749961853027
6819.539999999954500;-2.748749971389771
6844.519999999954100;-2.740312337875366
6869.499999999953600;-2.736249923706055
6894.479999999953200;-2.755625009536743
6919.459999999952700;-2.742187500000000
6944.439999999952300;-2.747812509536743
6969.419999999951900;-2.748437404632568
6994.399999999951400;-2.748437404632568
7019.379999999951000;-2.749062538146973
7044.359999999950600;-2.750937461853027
7069.339999999950100;-2.753124952316284
7094.319999999949700;-2.753437519073486
7119.299999999949300;-2.757187366485596
7144.279999999948800;-2.751562356948853
7169.259999999948400;-2.750937461853027
7194.239999999947900;-2.755937337875366
7219.219999999947500;-2.753124952316284
7244.199999999947100;-2.755937337875366
7269.179999999946600;-2.746875047683716
7294.159999999946200;-2.755312442779541
7319.139999999945800;-2.751250028610230
7344.119999999945300;-2.757499933242798
7369.099999999944900;-2.745937347412109
7394.079999999944400;-2.748749971389771
7419.059999999944000;-2.748437404632568
7444.039999999943600;-2.745937347412109
7469.019999999943100;-2.757187366485596
7493.999999999942700;-2.755937337875366
7518.979999999942300;-2.737812519073486
7543.959999999941800;-2.725937366485596
7568.939999999941400;-2.748124837875366
7593.919999999941000;-2.756249904632568
7618.899999999940500;-2.755625009536743
7643.879999999940100;-2.750000000000000
7668.859999999939600;-2.754374980926514
7693.839999999939200;-2.748124837875366
7718.819999999938800;-2.760937452316284
7743.799999999938300;-2.729687452316284
7768.779999999937900;-2.753749847412109
7793.759999999937500;-2.755937337875366
7818.739999999937000;-2.754687547683716
7843.719999999936600;-2.758749961853027
7868.699999999936200;-2.761250019073486
7893.679999999935700;-2.756562471389771
7918.659999999935300;-2.751874923706055
7943.639999999934800;-2.744374990463257
7968.619999999934400;-2.756249904632568
7993.599999999934000;-2.756249904632568
8018.579999999933500;-2.756249904632568
8043.559999999933100;-2.764062404632568
8068.539999999932700;-2.762500047683716
8093.519999999932200;-2.751562356948853
8118.499999999931800;-2.756562471389771
8143.479999999931400;-2.751874923706055
8168.459999999930900;-2.755937337875366
8193.439999999931400;-2.747187376022339
8218.419999999931000;-2.760937452316284
8243.399999999930500;-2.752500057220459
8268.379999999930100;-2.743124961853027
8293.359999999929600;-2.751250028610230
8318.339999999929200;-2.745625019073486
8343.319999999928800;-2.753437519073486
8368.299999999928300;-2.752187490463257
8393.279999999927900;-2.766562461853027
8418.259999999927500;-2.753749847412109
8443.239999999927000;-2.759062528610230
8468.219999999926600;-2.738749980926514
8493.199999999926100;-2.756562471389771
8518.179999999925700;-2.740624904632568
8543.159999999925300;-2.748437404632568
8568.139999999924800;-2.734687328338623
8593.119999999924400;-2.738749980926514
8618.099999999924000;-2.754374980926514
8643.079999999923500;-2.756875038146973
8668.059999999923100;-2.744687557220459
8693.039999999922700;-2.748124837875366
8718.019999999922200;-2.749062538146973
8742.999999999921800;-2.766875028610230
8767.979999999921300;-2.759687423706055
8792.959999999920900;-2.701562404632568
8817.939999999920500;-2.751874923706055
8842.919999999920000;-2.755312442779541
8867.899999999919600;-2.746562480926514
8892.879999999919200;-2.754062414169312
8917.859999999918700;-2.753437519073486
8942.839999999918300;-2.748437404632568
8967.819999999917900;-2.764374971389771
8992.799999999917400;-2.754062414169312
9017.779999999917000;-2.746875047683716
9042.759999999916500;-2.754374980926514
9067.739999999916100;-2.743124961853027
9092.719999999915700;-2.752500057220459
9117.699999999915200;-2.752187490463257
9142.679999999914800;-2.751874923706055
9167.659999999914400;-2.744374990463257
9192.639999999913900;-2.749374866485596
9217.619999999913500;-2.753124952316284
9242.599999999913100;-2.746562480926514
9267.579999999912600;-2.750312328338623
9292.559999999912200;-2.751250028610230
9317.539999999911700;-2.754374980926514
9342.519999999911300;-2.760312557220459
9367.499999999910900;-2.755625009536743
9392.479999999910400;-2.746249914169312
9417.459999999910000;-2.747499942779541
9442.439999999909600;-2.754687547683716
9467.419999999909100;-2.754999876022339
9492.399999999908700;-2.751874923706055
9517.379999999908300;-2.751250028610230
9542.359999999907800;-2.751874923706055
9567.339999999907400;-2.749687433242798
9592.319999999906900;-2.750937461853027
9617.299999999906500;-2.754999876022339
9642.279999999906100;-2.756875038146973
9667.259999999905600;-2.738124847412109
9692.239999999905200;-2.759062528610230
9717.219999999904800;-2.748124837875366
9742.199999999904300;-2.762500047683716
9767.179999999903900;-2.745312452316284
9792.159999999903400;-2.752187490463257
9817.139999999903000;-2.784374952316284
9842.119999999902600;-2.754062414169312
9867.099999999902100;-2.750312328338623
9892.079999999901700;-2.759687423706055
9917.059999999901300;-2.754687547683716
9942.039999999900800;-2.750624895095825
9967.019999999900400;-2.750937461853027
9991.999999999900000;-2.758749961853027
10016.979999999900000;-2.750624895095825
10041.959999999899000;-2.767812490463257
10066.939999999899000;-2.754062414169312
10091.919999999898000;-2.754687547683716
10116.899999999898000;-2.751874923706055
10141.879999999897000;-2.753124952316284
10166.859999999897000;-2.751562356948853
10191.839999999896000;-2.743437528610230
10216.819999999896000;-2.743124961853027
10241.799999999896000;-2.756249904632568
10266.779999999895000;-2.757812500000000
10291.759999999895000;-2.749062538146973
10316.739999999894000;-2.740000009536743
10341.719999999894000;-2.758749961853027
10366.699999999893000;-2.755625009536743
10391.679999999893000;-2.772500038146973
10416.659999999893000;-2.754062414169312
10441.639999999892000;-2.746562480926514
10466.619999999892000;-2.749687433242798
10491.599999999891000;-2.749374866485596
10516.579999999891000;-2.752187490463257
10541.559999999890000;-2.740312337875366
10566.539999999890000;-2.754062414169312
10591.519999999889000;-2.746875047683716
10616.499999999889000;-2.755312442779541
10641.479999999889000;-2.745625019073486
10666.459999999888000;-2.742187500000000
10691.439999999888000;-2.749687433242798
10716.419999999887000;-2.756249904632568
10741.399999999887000;-2.751562356948853
10766.379999999886000;-2.755625009536743
10791.359999999886000;-2.750624895095825
10816.339999999886000;-2.757499933242798
10841.319999999885000;-2.754687547683716
10866.299999999885000;-2.756875038146973
10891.279999999884000;-2.743749856948853
10916.259999999884000;-2.739062547683716
10941.239999999883000;-2.757187366485596
10966.219999999883000;-2.770624876022339
10991.199999999882000;-2.752500057220459
11016.179999999882000;-2.747499942779541
11041.159999999882000;-2.750000000000000
11066.139999999881000;-2.757812500000000
11091.119999999881000;-2.712812423706055
11116.099999999880000;-2.741874933242798
11141.079999999880000;-2.750312328338623
11166.059999999879000;-2.754374980926514
11191.039999999879000;-2.755625009536743
11216.019999999879000;-2.752500057220459
11240.999999999878000;-2.748749971389771
11265.979999999878000;-2.748124837875366
11290.959999999877000;-2.754687547683716
11315.939999999877000;-2.750937461853027
11340.919999999876000;-2.759687423706055
11365.899999999876000;-2.759687423706055
11390.879999999876000;-2.752812385559082
11415.859999999875000;-2.752812385559082
11440.839999999875000;-2.762187480926514
11465.819999999874000;-2.759374856948853
11490.799999999874000;-2.755625009536743
11515.779999999873000;-2.749687433242798
11540.759999999873000;-2.763749837875366
11565.739999999872000;-2.757499933242798
11590.719999999872000;-2.750312328338623
11615.699999999872000;-2.752500057220459
11640.679999999871000;-2.758437395095825
11665.659999999871000;-2.754687547683716
11690.639999999870000;-2.749687433242798
11715.619999999870000;-2.753124952316284
11740.599999999869000;-2.764374971389771
11765.579999999869000;-2.755312442779541
11790.559999999869000;-2.752500057220459
11815.539999999868000;-2.766875028610230
11840.519999999868000;-2.740937471389771
11865.499999999867000;-2.754999876022339
11890.479999999867000;-2.744687557220459
11915.459999999866000;-2.746875047683716
11940.439999999866000;-2.754374980926514
11965.419999999865000;-2.745937347412109
11990.399999999865000;-2.758124828338623
12015.379999999865000;-2.760624885559082
12040.359999999864000;-2.756562471389771
12065.339999999864000;-2.745625019073486
12090.319999999863000;-2.753437519073486
12115.299999999863000;-2.751562356948853
12140.279999999862000;-2.746875047683716
12165.259999999862000;-2.761874914169312
12190.239999999862000;-2.737812519073486
12215.219999999861000;-2.756875038146973
12240.199999999861000;-2.754374980926514
12265.179999999860000;-2.752500057220459
12290.159999999860000;-2.751250028610230
12315.139999999859000;-2.760312557220459
12340.119999999859000;-2.751874923706055
12365.099999999858000;-2.737812519073486
12390.079999999858000;-2.737499952316284
12415.059999999858000;-2.753437519073486
12440.039999999857000;-2.743437528610230
12465.019999999857000;-2.751250028610230
12489.999999999856000;-2.753437519073486
12514.979999999856000;-2.757499933242798
12539.959999999855000;-2.752500057220459
12564.939999999855000;-2.746875047683716
12589.919999999855000;-2.759687423706055
12614.899999999854000;-2.751874923706055
12639.879999999854000;-2.758124828338623
12664.859999999853000;-2.773124933242798
12689.839999999853000;-2.752187490463257
12714.819999999852000;-2.757812500000000
12739.799999999852000;-2.752500057220459
12764.779999999851000;-2.765312433242798
12789.759999999851000;-2.749062538146973
12814.739999999851000;-2.747187376022339
12839.719999999850000;-2.752187490463257
12864.699999999850000;-2.756875038146973
12889.679999999849000;-2.762500047683716
12914.659999999849000;-2.756249904632568
12939.639999999848000;-2.750937461853027
12964.619999999848000;-2.749062538146973
12989.599999999848000;-2.748749971389771
13014.579999999847000;-2.753749847412109
13039.559999999847000;-2.749062538146973
13064.539999999846000;-2.743437528610230
13089.519999999846000;-2.749687433242798
13114.499999999845000;-2.754062414169312
13139.479999999845000;-2.750312328338623
13164.459999999845000;-2.751874923706055
13189.439999999844000;-2.756875038146973
13214.419999999844000;-2.750624895095825
13239.399999999843000;-2.761562347412109
13264.379999999843000;-2.748437404632568
13289.359999999842000;-2.752500057220459
13314.339999999842000;-2.753749847412109
13339.319999999841000;-2.752812385559082
13364.299999999841000;-2.740624904632568
13389.279999999841000;-2.747187376022339
13414.259999999840000;-2.756875038146973
13439.239999999840000;-2.743124961853027
13464.219999999839000;-2.752187490463257
13489.199999999839000;-2.752187490463257
13514.179999999838000;-2.755937337875366
13539.159999999838000;-2.749062538146973
13564.139999999838000;-2.752812385559082
13589.119999999837000;-2.756875038146973
13614.099999999837000;-2.750937461853027
13639.079999999836000;-2.752187490463257
13664.059999999836000;-2.765625000000000
13689.039999999835000;-2.751562356948853
13714.019999999835000;-2.755625009536743
13738.999999999834000;-2.748437404632568
13763.979999999834000;-2.749062538146973
13788.959999999834000;-2.752812385559082
13813.939999999833000;-2.759999990463257
13838.919999999833000;-2.772812366485596
13863.899999999832000;-2.764687538146973
13888.879999999832000;-2.748437404632568
13913.859999999831000;-2.767812490463257
13938.839999999831000;-2.758437395095825
13963.819999999831000;-2.756249904632568
13988.799999999830000;-2.750937461853027
14013.779999999830000;-2.751250028610230
14038.759999999829000;-2.764687538146973
14063.739999999829000;-2.748437404632568
14088.719999999828000;-2.747812509536743
14113.699999999828000;-2.752812385559082
14138.679999999827000;-2.754062414169312
14163.659999999827000;-2.752187490463257
14188.639999999827000;-2.754062414169312
14213.619999999826000;-2.754374980926514
14238.599999999826000;-2.749374866485596
14263.579999999825000;-2.750624895095825
14288.559999999825000;-2.750937461853027
14313.539999999824000;-2.750312328338623
14338.519999999824000;-2.762187480926514
14363.499999999824000;-2.754687547683716
14388.479999999823000;-2.745312452316284
14413.459999999823000;-2.740624904632568
14438.439999999822000;-2.754687547683716
14463.419999999822000;-2.751562356948853
14488.399999999821000;-2.739374876022339
14513.379999999821000;-2.741562366485596
14538.359999999821000;-2.743124961853027
14563.339999999820000;-2.749062538146973
14588.319999999820000;-2.741562366485596
14613.299999999819000;-2.743437528610230
14638.279999999819000;-2.761250019073486
14663.259999999818000;-2.734999895095825
14688.239999999818000;-2.737187385559082
14713.219999999817000;-2.738749980926514
14738.199999999817000;-2.733124971389771
14763.179999999817000;-2.737499952316284
14788.159999999816000;-2.747187376022339
14813.139999999816000;-2.731874942779541
14838.119999999815000;-2.728437423706055
14863.099999999815000;-2.722187519073486
14888.079999999814000;-2.719062328338623
14913.059999999814000;-2.724062442779541
14938.039999999814000;-2.729062557220459
14963.019999999813000;-2.726249933242798
14987.999999999813000;-2.725937366485596
15012.979999999812000;-2.713124990463257
15037.959999999812000;-2.708750009536743
15062.939999999811000;-2.716249942779541
15087.919999999811000;-2.715937376022339
15112.899999999810000;-2.721562385559082
15137.879999999810000;-2.724999904632568
15162.859999999810000;-2.710937500000000
15187.839999999809000;-2.699374914169312
15212.819999999809000;-2.713749885559082
15237.799999999808000;-2.705312490463257
15262.779999999808000;-2.704687356948853
15287.759999999807000;-2.725937366485596
15312.739999999807000;-2.714999914169312
15337.719999999807000;-2.713437557220459
15362.699999999806000;-2.713749885559082
15387.679999999806000;-2.719062328338623
15412.659999999805000;-2.700312376022339
15437.639999999805000;-2.709687471389771
15462.619999999804000;-2.694999933242798
15487.599999999804000;-2.696874856948853
15512.579999999803000;-2.698750019073486
15537.559999999803000;-2.700312376022339
15562.539999999803000;-2.690937519073486
15587.519999999802000;-2.709374904632568
15612.499999999802000;-2.704375028610230
15637.479999999801000;-2.694375038146973
15662.459999999801000;-2.686562538146973
15687.439999999800000;-2.719687461853027
15712.419999999800000;-2.703125000000000
15737.399999999800000;-2.698750019073486
15762.379999999799000;-2.703125000000000
15787.359999999799000;-2.698750019073486
15812.339999999798000;-2.715937376022339
15837.319999999798000;-2.696562528610230
15862.299999999797000;-2.697812557220459
15887.279999999797000;-2.704062461853027
15912.259999999796000;-2.698437452316284
15937.239999999796000;-2.709687471389771
15962.219999999796000;-2.690312385559082
15987.199999999795000;-2.690937519073486
16012.179999999795000;-2.696562528610230
16037.159999999794000;-2.691874980926514
16062.139999999794000;-2.700624942779541
16087.119999999793000;-2.701874971389771
16112.099999999793000;-2.696249961853027
16137.079999999793000;-2.694062471389771
16162.059999999792000;-2.688437461853027
16187.039999999792000;-2.684999942779541
16212.019999999791000;-2.696249961853027
16236.999999999791000;-2.695937395095825
16261.979999999790000;-2.710312366485596
16286.959999999790000;-2.684062480926514
16311.939999999790000;-2.687500000000000
16336.919999999789000;-2.699687480926514
16361.899999999789000;-2.690312385559082
16386.879999999790000;-2.682187557220459
16411.859999999790000;-2.683749914169312
16436.839999999789000;-2.698437452316284
16461.819999999789000;-2.690312385559082
16486.799999999788000;-2.684375047683716
16511.779999999788000;-2.680937528610230
16536.759999999787000;-2.695624828338623
16561.739999999787000;-2.684375047683716
16586.719999999787000;-2.694062471389771
16611.699999999786000;-2.679374933242798
16636.679999999786000;-2.688750028610230
16661.659999999785000;-2.687500000000000
16686.639999999785000;-2.675937414169312
16711.619999999784000;-2.676874876022339
16736.599999999784000;-2.690000057220459
16761.579999999783000;-2.684687376022339
16786.559999999783000;-2.677187442779541
16811.539999999783000;-2.683437347412109
16836.519999999782000;-2.685937404632568
16861.499999999782000;-2.682812452316284
16886.479999999781000;-2.678750038146973
16911.459999999781000;-2.675937414169312
16936.439999999780000;-2.674999952316284
16961.419999999780000;-2.684062480926514
16986.399999999780000;-2.683749914169312
17011.379999999779000;-2.677187442779541
17036.359999999779000;-2.672812461853027
17061.339999999778000;-2.682187557220459
17086.319999999778000;-2.666562557220459
17111.299999999777000;-2.680937528610230
17136.279999999777000;-2.679999828338623
17161.259999999776000;-2.675937414169312
17186.239999999776000;-2.674062490463257
17211.219999999776000;-2.668750047683716
17236.199999999775000;-2.664062500000000
17261.179999999775000;-2.667500019073486
17286.159999999774000;-2.663749933242798
17311.139999999774000;-2.674062490463257
17336.119999999773000;-2.689374923706055
17361.099999999773000;-2.673749923706055
17386.079999999773000;-2.682499885559082
17411.059999999772000;-2.663125038146973
17436.039999999772000;-2.675937414169312
17461.019999999771000;-2.675624847412109
17485.999999999771000;-2.664687395095825
17510.979999999770000;-2.671249866485596
17535.959999999770000;-2.683749914169312
17560.939999999769000;-2.674999952316284
17585.919999999769000;-2.661562442779541
17610.899999999769000;-2.677187442779541
17635.879999999768000;-2.671562433242798
17660.859999999768000;-2.668437480926514
17685.839999999767000;-2.676249980926514
17710.819999999767000;-2.670624971389771
17735.799999999766000;-2.673125028610230
17760.779999999766000;-2.666874885559082
17785.759999999766000;-2.666874885559082
17810.739999999765000;-2.666562557220459
17835.719999999765000;-2.666874885559082
17860.699999999764000;-2.665312528610230
17885.679999999764000;-2.656562328338623
17910.659999999763000;-2.679999828338623
17935.639999999763000;-2.661249876022339
17960.619999999763000;-2.671249866485596
17985.599999999762000;-2.669062376022339
18010.579999999762000;-2.664062500000000
18035.559999999761000;-2.649999856948853
18060.539999999761000;-2.664687395095825
18085.519999999760000;-2.657812356948853
18110.499999999760000;-2.661562442779541
18135.479999999759000;-2.660312414169312
18160.459999999759000;-2.669687509536743
18185.439999999759000;-2.684062480926514
18210.419999999758000;-2.665937423706055
18235.399999999758000;-2.664687395095825
18260.379999999757000;-2.660312414169312
18285.359999999757000;-2.666874885559082
18310.339999999756000;-2.651875019073486
18335.319999999756000;-2.665312528610230
18360.299999999756000;-2.659374952316284
18385.279999999755000;-2.657187461853027
18410.259999999755000;-2.661562442779541
18435.239999999754000;-2.665312528610230
18460.219999999754000;-2.658124923706055
18485.199999999753000;-2.666562557220459
18510.179999999753000;-2.660312414169312
18535.159999999752000;-2.656562328338623
18560.139999999752000;-2.656562328338623
18585.119999999752000;-2.656562328338623
18610.099999999751000;-2.651875019073486
18635.079999999751000;-2.654999971389771
18660.059999999750000;-2.674999952316284
18685.039999999750000;-2.654999971389771
18710.019999999749000;-2.659374952316284
18734.999999999749000;-2.662187337875366
18759.979999999749000;-2.654374837875366
18784.959999999748000;-2.665312528610230
18809.939999999748000;-2.662187337875366
18834.919999999747000;-2.648749828338623
18859.899999999747000;-2.658750057220459
18884.879999999746000;-2.655624866485596
18909.859999999746000;-2.664999961853027
18934.839999999745000;-2.681562423706055
18959.819999999745000;-2.644999980926514
18984.799999999745000;-2.658124923706055
19009.779999999744000;-2.648749828338623
19034.759999999744000;-2.649062395095825
19059.739999999743000;-2.652499914169312
19084.719999999743000;-2.648437500000000
19109.699999999742000;-2.661562442779541
19134.679999999742000;-2.648749828338623
19159.659999999742000;-2.659062385559082
19184.639999999741000;-2.654374837875366
19209.619999999741000;-2.654374837875366
19234.599999999740000;-2.645937442779541
19259.579999999740000;-2.654062509536743
19284.559999999739000;-2.658437490463257
19309.539999999739000;-2.654999971389771
19334.519999999739000;-2.641249895095825
19359.499999999738000;-2.650312423706055
19384.479999999738000;-2.647812366485596
19409.459999999737000;-2.646250009536743
19434.439999999737000;-2.639687538146973
19459.419999999736000;-2.652499914169312
19484.399999999736000;-2.645312547683716
19509.379999999735000;-2.647812366485596
19534.359999999735000;-2.650937557220459
19559.339999999735000;-2.663125038146973
19584.319999999734000;-2.647500038146973
19609.299999999734000;-2.646250009536743
19634.279999999733000;-2.649374961853027
19659.259999999733000;-2.644374847412109
19684.239999999732000;-2.645624876022339
19709.219999999732000;-2.650312423706055
19734.199999999732000;-2.675937414169312
19759.179999999731000;-2.641249895095825
19784.159999999731000;-2.647500038146973
19809.139999999730000;-2.649687528610230
19834.119999999730000;-2.649687528610230
19859.099999999729000;-2.645312547683716
19884.079999999729000;-2.653437376022339
19909.059999999728000;-2.640312433242798
19934.039999999728000;-2.647812366485596
19959.019999999728000;-2.646874904632568
19983.999999999727000;-2.642187356948853
20008.979999999727000;-2.649374961853027
20033.959999999726000;-2.643437385559082
20058.939999999726000;-2.661562442779541
20083.919999999725000;-2.649687528610230
20108.899999999725000;-2.630312442779541
20133.879999999725000;-2.639999866485596
20158.859999999724000;-2.649687528610230
20183.839999999724000;-2.654687404632568
20208.819999999723000;-2.657500028610230
20233.799999999723000;-2.646874904632568
20258.779999999722000;-2.645937442779541
20283.759999999722000;-2.641562461853027
20308.739999999721000;-2.648124933242798
20333.719999999721000;-2.636250019073486
20358.699999999721000;-2.662187337875366
20383.679999999720000;-2.650312423706055
20408.659999999720000;-2.651875019073486
20433.639999999719000;-2.651249885559082
20458.619999999719000;-2.652499914169312
20483.599999999718000;-2.649062395095825
20508.579999999718000;-2.657187461853027
20533.559999999718000;-2.658124923706055
20558.539999999717000;-2.645624876022339
20583.519999999717000;-2.654999971389771
20608.499999999716000;-2.636562347412109
20633.479999999716000;-2.633437395095825
20658.459999999715000;-2.634687423706055
20683.439999999715000;-2.649062395095825
20708.419999999714000;-2.644062519073486
20733.399999999714000;-2.644999980926514
20758.379999999714000;-2.653749942779541
20783.359999999713000;-2.639062404632568
20808.339999999713000;-2.640312433242798
20833.319999999712000;-2.652499914169312
20858.299999999712000;-2.657812356948853
20883.279999999711000;-2.652187347412109
20908.259999999711000;-2.645312547683716
20933.239999999711000;-2.650624990463257
20958.219999999710000;-2.665937423706055
20983.199999999710000;-2.652812480926514
21008.179999999709000;-2.646562337875366
21033.159999999709000;-2.657187461853027
21058.139999999708000;-2.660312414169312
21083.119999999708000;-2.653125047683716
21108.099999999708000;-2.650937557220459
21133.079999999707000;-2.646562337875366
21158.059999999707000;-2.657500028610230
21183.039999999706000;-2.669999837875366
21208.019999999706000;-2.653437376022339
21232.999999999705000;-2.654999971389771
21257.979999999705000;-2.659999847412109
21282.959999999704000;-2.646562337875366
21307.939999999704000;-2.660937547683716
21332.919999999704000;-2.651562452316284
21357.899999999703000;-2.658124923706055
21382.879999999703000;-2.659374952316284
21407.859999999702000;-2.649374961853027
21432.839999999702000;-2.683437347412109
21457.819999999701000;-2.638124942779541
21482.799999999701000;-2.657812356948853
21507.779999999701000;-2.655624866485596
21532.759999999700000;-2.658124923706055
21557.739999999700000;-2.646874904632568
21582.719999999699000;-2.652187347412109
21607.699999999699000;-2.658437490463257
21632.679999999698000;-2.667187452316284
21657.659999999698000;-2.660312414169312
21682.639999999697000;-2.665937423706055
21707.619999999697000;-2.657500028610230
21732.599999999697000;-2.641249895095825
21757.579999999696000;-2.663437366485596
21782.559999999696000;-2.654999971389771
21807.539999999695000;-2.645624876022339
21832.519999999695000;-2.653125047683716
21857.499999999694000;-2.655937433242798
21882.479999999694000;-2.654374837875366
21907.459999999694000;-2.666562557220459
21932.439999999693000;-2.682812452316284
21957.419999999693000;-2.648124933242798
21982.399999999692000;-2.662187337875366
22007.379999999692000;-2.654062509536743
22032.359999999691000;-2.655624866485596
22057.339999999691000;-2.668124914169312
22082.319999999690000;-2.662187337875366
22107.299999999690000;-2.658124923706055
22132.279999999690000;-2.660624980926514
22157.259999999689000;-2.668437480926514
22182.239999999689000;-2.655937433242798
22207.219999999688000;-2.669374942779541
22232.199999999688000;-2.669687509536743
22257.179999999687000;-2.656562328338623
22282.159999999687000;-2.655312538146973
22307.139999999687000;-2.661249876022339
22332.119999999686000;-2.659374952316284
22357.099999999686000;-2.686249971389771
22382.079999999685000;-2.662499904632568
22407.059999999685000;-2.666562557220459
22432.039999999684000;-2.659999847412109
22457.019999999684000;-2.674062490463257
22481.999999999683000;-2.661562442779541
22506.979999999683000;-2.669062376022339
22531.959999999683000;-2.662812471389771
22556.939999999682000;-2.643749952316284
22581.919999999682000;-2.662499904632568
22606.899999999681000;-2.660312414169312
22631.879999999681000;-2.661249876022339
22656.859999999680000;-2.655312538146973
22681.839999999680000;-2.662499904632568
22706.819999999680000;-2.666249990463257
22731.799999999679000;-2.665624856948853
22756.779999999679000;-2.668124914169312
22781.759999999678000;-2.673749923706055
22806.739999999678000;-2.665937423706055
22831.719999999677000;-2.669062376022339
22856.699999999677000;-2.670937538146973
22881.679999999677000;-2.670937538146973
22906.659999999676000;-2.669062376022339
22931.639999999676000;-2.668750047683716
22956.619999999675000;-2.647812366485596
22981.599999999675000;-2.673437356948853
23006.579999999674000;-2.654687404632568
23031.559999999674000;-2.676249980926514
23056.539999999673000;-2.677187442779541
23081.519999999673000;-2.672187328338623
23106.499999999673000;-2.668437480926514
23131.479999999672000;-2.653749942779541
23156.459999999672000;-2.668124914169312
23181.439999999671000;-2.681249856948853
23206.419999999671000;-2.672499895095825
23231.399999999670000;-2.669687509536743
23256.379999999670000;-2.663749933242798
23281.359999999670000;-2.669374942779541
23306.339999999669000;-2.678750038146973
23331.319999999669000;-2.670937538146973
23356.299999999668000;-2.667187452316284
23381.279999999668000;-2.672187328338623
23406.259999999667000;-2.670937538146973
23431.239999999667000;-2.662187337875366
23456.219999999666000;-2.677187442779541
23481.199999999666000;-2.660937547683716
23506.179999999666000;-2.670937538146973
23531.159999999665000;-2.669999837875366
23556.139999999665000;-2.670624971389771
23581.119999999664000;-2.683125019073486
23606.099999999664000;-2.660937547683716
23631.079999999663000;-2.675312519073486
23656.059999999663000;-2.666562557220459
23681.039999999663000;-2.667187452316284
23706.019999999662000;-2.671249866485596
23730.999999999662000;-2.673437356948853
23755.979999999661000;-2.661875009536743
23780.959999999661000;-2.677187442779541
23805.939999999660000;-2.665937423706055
23830.919999999660000;-2.676874876022339
23855.899999999659000;-2.676249980926514
23880.879999999659000;-2.671562433242798
23905.859999999659000;-2.664062500000000
23930.839999999658000;-2.675937414169312
23955.819999999658000;-2.675312519073486
23980.799999999657000;-2.670312404632568
24005.779999999657000;-2.671562433242798
24030.759999999656000;-2.678750038146973
24055.739999999656000;-2.672812461853027
24080.719999999656000;-2.671249866485596
24105.699999999655000;-2.673125028610230
24130.679999999655000;-2.671875000000000
24155.659999999654000;-2.673749923706055
24180.639999999654000;-2.673749923706055
24205.619999999653000;-2.677812337875366
24230.599999999653000;-2.669374942779541
24255.579999999653000;-2.681874990463257
24280.559999999652000;-2.658437490463257
24305.539999999652000;-2.683125019073486
24330.519999999651000;-2.684687376022339
24355.499999999651000;-2.680937528610230
24380.479999999650000;-2.672499895095825
24405.459999999650000;-2.676562547683716
24430.439999999649000;-2.675937414169312
24455.419999999649000;-2.674062490463257
24480.399999999649000;-2.661562442779541
24505.379999999648000;-2.681874990463257
24530.359999999648000;-2.677500009536743
24555.339999999647000;-2.673749923706055
24580.319999999647000;-2.678124904632568
24605.299999999646000;-2.670312404632568
24630.279999999646000;-2.692812442779541
24655.259999999646000;-2.677187442779541
24680.239999999645000;-2.680312395095825
24705.219999999645000;-2.692812442779541
24730.199999999644000;-2.679687500000000
24755.179999999644000;-2.672812461853027
24780.159999999643000;-2.679999828338623
24805.139999999643000;-2.675624847412109
24830.119999999642000;-2.682499885559082
24855.099999999642000;-2.679374933242798
24880.079999999642000;-2.686874866485596
24905.059999999641000;-2.688124895095825
24930.039999999641000;-2.677812337875366
24955.019999999640000;-2.684687376022339
24979.999999999640000;-2.680624961853027
25004.979999999639000;-2.682499885559082
25029.959999999639000;-2.678750038146973
25054.939999999639000;-2.679687500000000
25079.919999999638000;-2.683437347412109
25104.899999999638000;-2.678437471389771
25129.879999999637000;-2.669687509536743
25154.859999999637000;-2.678124904632568
25179.839999999636000;-2.678437471389771
25204.819999999636000;-2.679374933242798
25229.799999999635000;-2.680312395095825
25254.779999999635000;-2.681874990463257
25279.759999999635000;-2.675937414169312
25304.739999999634000;-2.679999828338623
25329.719999999634000;-2.671875000000000
25354.699999999633000;-2.679062366485596
25379.679999999633000;-2.683749914169312
25404.659999999632000;-2.671562433242798
25429.639999999632000;-2.668124914169312
25454.619999999632000;-2.690312385559082
25479.599999999631000;-2.676249980926514
25504.579999999631000;-2.675937414169312
25529.559999999630000;-2.679999828338623
25554.539999999630000;-2.662499904632568
25579.519999999629000;-2.677187442779541
25604.499999999629000;-2.679062366485596
25629.479999999628000;-2.676249980926514
25654.459999999628000;-2.682499885559082
25679.439999999628000;-2.691249847412109
25704.419999999627000;-2.683437347412109
25729.399999999627000;-2.652187347412109
25754.379999999626000;-2.680937528610230
25779.359999999626000;-2.679062366485596
25804.339999999625000;-2.679062366485596
25829.319999999625000;-2.679062366485596
25854.299999999625000;-2.679062366485596
25879.279999999624000;-2.674999952316284
25904.259999999624000;-2.674999952316284
25929.239999999623000;-2.674999952316284
25954.219999999623000;-2.674999952316284
25979.199999999622000;-2.694687366485596
26004.179999999622000;-2.694687366485596
26029.159999999622000;-2.694687366485596
26054.139999999621000;-2.694687366485596
26079.119999999621000;-2.678124904632568
26104.099999999620000;-2.678124904632568
26129.079999999620000;-2.678124904632568
26154.059999999619000;-2.678124904632568
26179.039999999619000;-2.674999952316284
26204.019999999618000;-2.674999952316284
26228.999999999618000;-2.674999952316284
26253.979999999618000;-2.674999952316284
26278.959999999617000;-2.690624952316284
26303.939999999617000;-2.690624952316284
26328.919999999616000;-2.690624952316284
26353.899999999616000;-2.690624952316284
26378.879999999615000;-2.689062356948853
26403.859999999615000;-2.689062356948853
26428.839999999615000;-2.689062356948853
26453.819999999614000;-2.689062356948853
26478.799999999614000;-2.692499876022339
26503.779999999613000;-2.692499876022339
26528.759999999613000;-2.692499876022339
26553.739999999612000;-2.692499876022339
26578.719999999612000;-2.688124895095825
26603.699999999611000;-2.688124895095825
26628.679999999611000;-2.688124895095825
26653.659999999611000;-2.688124895095825
26678.639999999610000;-2.691874980926514
26703.619999999610000;-2.691874980926514
26728.599999999609000;-2.691874980926514
26753.579999999609000;-2.691874980926514
26778.559999999608000;-2.679687500000000
26803.539999999608000;-2.679687500000000
26828.519999999608000;-2.679687500000000
26853.499999999607000;-2.679687500000000
26878.479999999607000;-2.690000057220459
26903.459999999606000;-2.690000057220459
26928.439999999606000;-2.690000057220459
26953.419999999605000;-2.690000057220459
26978.399999999605000;-2.685937404632568
27003.379999999604000;-2.685937404632568
27028.359999999604000;-2.685937404632568
27053.339999999604000;-2.685937404632568
27078.319999999603000;-2.686249971389771
27103.299999999603000;-2.686249971389771
27128.279999999602000;-2.686249971389771
27153.259999999602000;-2.686249971389771
27178.239999999601000;-2.685312509536743
27203.219999999601000;-2.685312509536743
27228.199999999601000;-2.685312509536743
27253.179999999600000;-2.685312509536743
27278.159999999600000;-2.688437461853027
27303.139999999599000;-2.688437461853027
27328.119999999599000;-2.688437461853027
27353.099999999598000;-2.688437461853027
27378.079999999598000;-2.689687490463257
27403.059999999597000;-2.689687490463257
27428.039999999597000;-2.689687490463257
27453.019999999597000;-2.689687490463257
27477.999999999596000;-2.664374828338623
27502.979999999596000;-2.664374828338623
27527.959999999595000;-2.664374828338623
27552.939999999595000;-2.664374828338623
27577.919999999594000;-2.685624837875366
27602.899999999594000;-2.685624837875366
27627.879999999594000;-2.685624837875366
27652.859999999593000;-2.685624837875366
27677.839999999593000;-2.694062471389771
27702.819999999592000;-2.694062471389771
27727.799999999592000;-2.694062471389771
27752.779999999591000;-2.694062471389771
27777.759999999591000;-2.695624828338623
27802.739999999591000;-2.695624828338623
27827.719999999590000;-2.695624828338623
27852.699999999590000;-2.695624828338623
27877.679999999589000;-2.684375047683716
27902.659999999589000;-2.684375047683716
27927.639999999588000;-2.684375047683716
27952.619999999588000;-2.684375047683716
27977.599999999587000;-2.676874876022339
28002.579999999587000;-2.676874876022339
28027.559999999587000;-2.676874876022339
28052.539999999586000;-2.676874876022339
28077.519999999586000;-2.677812337875366
28102.499999999585000;-2.677812337875366
28127.479999999585000;-2.677812337875366
28152.459999999584000;-2.677812337875366
28177.439999999584000;-2.682499885559082
28202.419999999584000;-2.682499885559082
28227.399999999583000;-2.682499885559082
28252.379999999583000;-2.682499885559082
28277.359999999582000;-2.690000057220459
28302.339999999582000;-2.690000057220459
28327.319999999581000;-2.690000057220459
28352.299999999581000;-2.690000057220459
28377.279999999580000;-2.688750028610230
28402.259999999580000;-2.688750028610230
28427.239999999580000;-2.688750028610230
28452.219999999579000;-2.688750028610230
28477.199999999579000;-2.689374923706055
28502.179999999578000;-2.689374923706055
28527.159999999578000;-2.689374923706055
28552.139999999577000;-2.689374923706055
28577.119999999577000;-2.684375047683716
28602.099999999577000;-2.684375047683716
28627.079999999576000;-2.684375047683716
28652.059999999576000;-2.684375047683716
28677.039999999575000;-2.688124895095825
28702.019999999575000;-2.688124895095825
28726.999999999574000;-2.688124895095825
28751.979999999574000;-2.688124895095825
28776.959999999573000;-2.694687366485596
28801.939999999573000;-2.694687366485596
28826.919999999573000;-2.694687366485596
28851.899999999572000;-2.694687366485596
28876.879999999572000;-2.701874971389771
28901.859999999571000;-2.701874971389771
28926.839999999571000;-2.701874971389771
28951.819999999570000;-2.701874971389771
28976.799999999570000;-2.685624837875366
29001.779999999570000;-2.685624837875366
29026.759999999569000;-2.685624837875366
29051.739999999569000;-2.685624837875366
29076.719999999568000;-2.697499990463257
29101.699999999568000;-2.697499990463257
29126.679999999567000;-2.697499990463257
29151.659999999567000;-2.697499990463257
29176.639999999566000;-2.690937519073486
29201.619999999566000;-2.690937519073486
29226.599999999566000;-2.690937519073486
29251.579999999565000;-2.690937519073486
29276.559999999565000;-2.693125009536743
29301.539999999564000;-2.693125009536743
29326.519999999564000;-2.693125009536743
29351.499999999563000;-2.693125009536743
29376.479999999563000;-2.682499885559082
29401.459999999563000;-2.682499885559082
29426.439999999562000;-2.682499885559082
29451.419999999562000;-2.682499885559082
29476.399999999561000;-2.693749904632568
29501.379999999561000;-2.693749904632568
29526.359999999560000;-2.693749904632568
29551.339999999560000;-2.693749904632568
29576.319999999560000;-2.688750028610230
29601.299999999559000;-2.688750028610230
29626.279999999559000;-2.688750028610230
29651.259999999558000;-2.688750028610230
29676.239999999558000;-2.683437347412109
29701.219999999557000;-2.683437347412109
29726.199999999557000;-2.683437347412109
29751.179999999556000;-2.683437347412109
29776.159999999556000;-2.697499990463257
29801.139999999556000;-2.697499990463257
29826.119999999555000;-2.697499990463257
29851.099999999555000;-2.697499990463257
29876.079999999554000;-2.689687490463257
29901.059999999554000;-2.689687490463257
29926.039999999553000;-2.689687490463257
29951.019999999553000;-2.689687490463257
29975.999999999553000;-2.682187557220459
30000.979999999552000;-2.682187557220459
30025.959999999552000;-2.682187557220459
30050.939999999551000;-2.682187557220459
30075.919999999551000;-2.691874980926514
30100.899999999550000;-2.691874980926514
30125.879999999550000;-2.691874980926514
30150.859999999549000;-2.691874980926514
30175.839999999549000;-2.691874980926514
30200.819999999549000;-2.691874980926514
30225.799999999548000;-2.691874980926514
30250.779999999548000;-2.691874980926514
30275.759999999547000;-2.695624828338623
30300.739999999547000;-2.695624828338623
30325.719999999546000;-2.695624828338623
30350.699999999546000;-2.695624828338623
30375.679999999546000;-2.690937519073486
30400.659999999545000;-2.690937519073486
30425.639999999545000;-2.690937519073486
30450.619999999544000;-2.690937519073486
30475.599999999544000;-2.702187538146973
30500.579999999543000;-2.702187538146973
30525.559999999543000;-2.702187538146973
30550.539999999542000;-2.702187538146973
30575.519999999542000;-2.693749904632568
30600.499999999542000;-2.693749904632568
30625.479999999541000;-2.693749904632568
30650.459999999541000;-2.693749904632568
30675.439999999540000;-2.692812442779541
30700.419999999540000;-2.692812442779541
30725.399999999539000;-2.692812442779541
30750.379999999539000;-2.692812442779541
30775.359999999539000;-2.694687366485596
30800.339999999538000;-2.694687366485596
30825.319999999538000;-2.694687366485596
30850.299999999537000;-2.694687366485596
30875.279999999537000;-2.693437337875366
30900.259999999536000;-2.693437337875366
30925.239999999536000;-2.693437337875366
30950.219999999536000;-2.693437337875366
30975.199999999535000;-2.706562519073486
31000.179999999535000;-2.706562519073486
31025.159999999534000;-2.706562519073486
31050.139999999534000;-2.706562519073486
31075.119999999533000;-2.693749904632568
31100.099999999533000;-2.693749904632568
31125.079999999532000;-2.693749904632568
31150.059999999532000;-2.693749904632568
31175.039999999532000;-2.704687356948853
31200.019999999531000;-2.704687356948853
31224.999999999531000;-2.704687356948853
31249.979999999530000;-2.704687356948853
31274.959999999530000;-2.700312376022339
31299.939999999529000;-2.700312376022339
31324.919999999529000;-2.700312376022339
31349.899999999529000;-2.700312376022339
31374.879999999528000;-2.681874990463257
31399.859999999528000;-2.681874990463257
31424.839999999527000;-2.681874990463257
31449.819999999527000;-2.681874990463257
31474.799999999526000;-2.708124876022339
31499.779999999526000;-2.708124876022339
31524.759999999525000;-2.708124876022339
31549.739999999525000;-2.708124876022339
31574.719999999525000;-2.690937519073486
31599.699999999524000;-2.690937519073486
31624.679999999524000;-2.690937519073486
31649.659999999523000;-2.690937519073486
31674.639999999523000;-2.697187423706055
31699.619999999522000;-2.697187423706055
31724.599999999522000;-2.697187423706055
31749.579999999522000;-2.697187423706055
31774.559999999521000;-2.694999933242798
31799.539999999521000;-2.694999933242798
31824.519999999520000;-2.694999933242798
31849.499999999520000;-2.694999933242798
31874.479999999519000;-2.700937509536743
31899.459999999519000;-2.700937509536743
31924.439999999518000;-2.700937509536743
31949.419999999518000;-2.700937509536743
31974.399999999518000;-2.695624828338623
31999.379999999517000;-2.695624828338623
32024.359999999517000;-2.695624828338623
32049.339999999516000;-2.695624828338623
32074.319999999516000;-2.695624828338623
32099.299999999515000;-2.695624828338623
32124.279999999515000;-2.695624828338623
32149.259999999515000;-2.695624828338623
32174.239999999514000;-2.698437452316284
32199.219999999514000;-2.698437452316284
32224.199999999513000;-2.698437452316284
32249.179999999513000;-2.698437452316284
32274.159999999512000;-2.699062347412109
32299.139999999512000;-2.699062347412109
32324.119999999511000;-2.699062347412109
32349.099999999511000;-2.699062347412109
32374.079999999511000;-2.694999933242798
32399.059999999510000;-2.694999933242798
32424.039999999510000;-2.694999933242798
32449.019999999509000;-2.694999933242798
32473.999999999509000;-2.700312376022339
32498.979999999508000;-2.700312376022339
32523.959999999508000;-2.700312376022339
32548.939999999508000;-2.700312376022339
32573.919999999507000;-2.701874971389771
32598.899999999507000;-2.701874971389771
32623.879999999506000;-2.701874971389771
32648.859999999506000;-2.701874971389771
32673.839999999505000;-2.705312490463257
32698.819999999505000;-2.705312490463257
32723.799999999505000;-2.705312490463257
32748.779999999504000;-2.705312490463257
32773.759999999507000;-2.697499990463257
32798.739999999510000;-2.697499990463257
32823.719999999514000;-2.697499990463257
32848.699999999517000;-2.697499990463257
32873.679999999520000;-2.692187547683716
32898.659999999523000;-2.692187547683716
32923.639999999526000;-2.692187547683716
32948.619999999530000;-2.692187547683716
32973.599999999533000;-2.682187557220459
32998.579999999536000;-2.682187557220459
33023.559999999539000;-2.682187557220459
33048.539999999542000;-2.682187557220459
33073.519999999546000;-2.702499866485596
33098.499999999549000;-2.702499866485596
33123.479999999552000;-2.702499866485596
33148.459999999555000;-2.702499866485596
33173.439999999558000;-2.730937480926514
33198.419999999562000;-2.730937480926514
33223.399999999565000;-2.730937480926514
33248.379999999568000;-2.730937480926514
33273.359999999571000;-2.701562404632568
33298.339999999575000;-2.701562404632568
33323.319999999578000;-2.701562404632568
33348.299999999581000;-2.701562404632568
33373.279999999584000;-2.699374914169312
33398.259999999587000;-2.699374914169312
33423.239999999591000;-2.699374914169312
33448.219999999594000;-2.699374914169312
33473.199999999597000;-2.702187538146973
33498.179999999600000;-2.702187538146973
33523.159999999603000;-2.702187538146973
33548.139999999607000;-2.702187538146973
33573.119999999610000;-2.701249837875366
33598.099999999613000;-2.701249837875366
33623.079999999616000;-2.701249837875366
33648.059999999619000;-2.701249837875366
33673.039999999623000;-2.700624942779541
33698.019999999626000;-2.700624942779541
33722.999999999629000;-2.700624942779541
33747.979999999632000;-2.700624942779541
33772.959999999635000;-2.701562404632568
33797.939999999639000;-2.701562404632568
33822.919999999642000;-2.701562404632568
33847.899999999645000;-2.701562404632568
33872.879999999648000;-2.700000047683716
33897.859999999651000;-2.700000047683716
33922.839999999655000;-2.700000047683716
33947.819999999658000;-2.700000047683716
33972.799999999661000;-2.696874856948853
33997.779999999664000;-2.696874856948853
34022.759999999667000;-2.696874856948853
34047.739999999671000;-2.696874856948853
34072.719999999674000;-2.686249971389771
34097.699999999677000;-2.686249971389771
34122.679999999680000;-2.686249971389771
34147.659999999683000;-2.686249971389771
34172.639999999687000;-2.705625057220459
34197.619999999690000;-2.705625057220459
34222.599999999693000;-2.705625057220459
34247.579999999696000;-2.705625057220459
34272.559999999699000;-2.699062347412109
34297.539999999703000;-2.699062347412109
34322.519999999706000;-2.699062347412109
34347.499999999709000;-2.699062347412109
34372.479999999712000;-2.684375047683716
34397.459999999715000;-2.684375047683716
34422.439999999719000;-2.684375047683716
34447.419999999722000;-2.684375047683716
34472.399999999725000;-2.693437337875366
34497.379999999728000;-2.693437337875366
34522.359999999731000;-2.693437337875366
34547.339999999735000;-2.693437337875366
34572.319999999738000;-2.684062480926514
34597.299999999741000;-2.684062480926514
34622.279999999744000;-2.684062480926514
34647.259999999747000;-2.684062480926514
34672.239999999751000;-2.693749904632568
34697.219999999754000;-2.693749904632568
34722.199999999757000;-2.693749904632568
34747.179999999760000;-2.693749904632568
34772.159999999763000;-2.705625057220459
34797.139999999767000;-2.705625057220459
34822.119999999770000;-2.705625057220459
34847.099999999773000;-2.705625057220459
34872.079999999776000;-2.715937376022339
34897.059999999779000;-2.715937376022339
34922.039999999783000;-2.715937376022339
34947.019999999786000;-2.715937376022339
34971.999999999789000;-2.710312366485596
34996.979999999792000;-2.710312366485596
35021.959999999795000;-2.710312366485596
35046.939999999799000;-2.710312366485596
35071.919999999802000;-2.698437452316284
35096.899999999805000;-2.698437452316284
35121.879999999808000;-2.698437452316284
35146.859999999811000;-2.698437452316284
35171.839999999815000;-2.703749895095825
35196.819999999818000;-2.703749895095825
35221.799999999821000;-2.703749895095825
35246.779999999824000;-2.703749895095825
35271.759999999827000;-2.704375028610230
35296.739999999831000;-2.704375028610230
35321.719999999834000;-2.704375028610230
35346.699999999837000;-2.704375028610230
35371.679999999840000;-2.698750019073486
35396.659999999843000;-2.698750019073486
35421.639999999847000;-2.698750019073486
35446.619999999850000;-2.698750019073486
35471.599999999853000;-2.703749895095825
35496.579999999856000;-2.703749895095825
35521.559999999859000;-2.703749895095825
35546.539999999863000;-2.703749895095825
35571.519999999866000;-2.705312490463257
35596.499999999869000;-2.705312490463257
35621.479999999872000;-2.705312490463257
35646.459999999875000;-2.705312490463257
35671.439999999879000;-2.701874971389771
35696.419999999882000;-2.701874971389771
35721.399999999885000;-2.701874971389771
35746.379999999888000;-2.701874971389771
35771.359999999891000;-2.706874847412109
35796.339999999895000;-2.706874847412109
35821.319999999898000;-2.706874847412109
35846.299999999901000;-2.706874847412109
35871.279999999904000;-2.700624942779541
35896.259999999907000;-2.700624942779541
35921.239999999911000;-2.700624942779541
35946.219999999914000;-2.700624942779541
35971.199999999917000;-2.697187423706055
35996.179999999920000;-2.697187423706055
36021.159999999923000;-2.697187423706055
36046.139999999927000;-2.697187423706055
36071.119999999930000;-2.702499866485596
36096.099999999933000;-2.702499866485596
36121.079999999936000;-2.702499866485596
36146.059999999939000;-2.702499866485596
36171.039999999943000;-2.710624933242798
36196.019999999946000;-2.710624933242798
36220.999999999949000;-2.710624933242798
36245.979999999952000;-2.710624933242798
36270.959999999955000;-2.704687356948853
36295.939999999959000;-2.704687356948853
36320.919999999962000;-2.704687356948853
36345.899999999965000;-2.704687356948853
36370.879999999968000;-2.695937395095825
36395.859999999971000;-2.695937395095825
36420.839999999975000;-2.695937395095825
36445.819999999978000;-2.695937395095825
36470.799999999981000;-2.713749885559082
36495.779999999984000;-2.713749885559082
36520.759999999987000;-2.713749885559082
36545.739999999991000;-2.713749885559082
36570.719999999994000;-2.718437433242798
36595.699999999997000;-2.718437433242798
36620.680000000000000;-2.718437433242798
36645.660000000003000;-2.718437433242798
36670.640000000007000;-2.693125009536743
36695.620000000010000;-2.693125009536743
36720.600000000013000;-2.693125009536743
36745.580000000016000;-2.693125009536743
36770.560000000019000;-2.708124876022339
36795.540000000023000;-2.708124876022339
36820.520000000026000;-2.708124876022339
36845.500000000029000;-2.708124876022339
36870.480000000032000;-2.710000038146973
36895.460000000036000;-2.710000038146973
36920.440000000039000;-2.710000038146973
36945.420000000042000;-2.710000038146973
36970.400000000045000;-2.697499990463257
36995.380000000048000;-2.697499990463257
37020.360000000052000;-2.697499990463257
37045.340000000055000;-2.697499990463257
37070.320000000058000;-2.695937395095825
37095.300000000061000;-2.695937395095825
37120.280000000064000;-2.695937395095825
37145.260000000068000;-2.695937395095825
37170.240000000071000;-2.712499856948853
37195.220000000074000;-2.712499856948853
37220.200000000077000;-2.712499856948853
37245.180000000080000;-2.712499856948853
37270.160000000084000;-2.702187538146973
37295.140000000087000;-2.702187538146973
37320.120000000090000;-2.702187538146973
37345.100000000093000;-2.702187538146973
37370.080000000096000;-2.724062442779541
37395.060000000100000;-2.724062442779541
37420.040000000103000;-2.724062442779541
37445.020000000106000;-2.724062442779541
37470.000000000109000;-2.702187538146973
37494.980000000112000;-2.702187538146973
37519.960000000116000;-2.702187538146973
37544.940000000119000;-2.702187538146973
37569.920000000122000;-2.706249952316284
37594.900000000125000;-2.706249952316284
37619.880000000128000;-2.706249952316284
37644.860000000132000;-2.706249952316284
37669.840000000135000;-2.704375028610230
37694.820000000138000;-2.704375028610230
37719.800000000141000;-2.704375028610230
37744.780000000144000;-2.704375028610230
37769.760000000148000;-2.699374914169312
37794.740000000151000;-2.699374914169312
37819.720000000154000;-2.699374914169312
37844.700000000157000;-2.699374914169312
37869.680000000160000;-2.709062337875366
37894.660000000164000;-2.709062337875366
37919.640000000167000;-2.709062337875366
37944.620000000170000;-2.709062337875366
37969.600000000173000;-2.704375028610230
37994.580000000176000;-2.704375028610230
38019.560000000180000;-2.704375028610230
38044.540000000183000;-2.704375028610230
38069.520000000186000;-2.703437328338623
38094.500000000189000;-2.703437328338623
38119.480000000192000;-2.703437328338623
38144.460000000196000;-2.703437328338623
38169.440000000199000;-2.710312366485596
38194.420000000202000;-2.710312366485596
38219.400000000205000;-2.710312366485596
38244.380000000208000;-2.710312366485596
38269.360000000212000;-2.732812404632568
38294.340000000215000;-2.732812404632568
38319.320000000218000;-2.732812404632568
38344.300000000221000;-2.732812404632568
38369.280000000224000;-2.706562519073486
38394.260000000228000;-2.706562519073486
38419.240000000231000;-2.706562519073486
38444.220000000234000;-2.706562519073486
38469.200000000237000;-2.702499866485596
38494.180000000240000;-2.702499866485596
38519.160000000244000;-2.702499866485596
38544.140000000247000;-2.702499866485596
38569.120000000250000;-2.699687480926514
38594.100000000253000;-2.699687480926514
38619.080000000256000;-2.699687480926514
38644.060000000260000;-2.699687480926514
38669.040000000263000;-2.714375019073486
38694.020000000266000;-2.714375019073486
38719.000000000269000;-2.714375019073486
38743.980000000272000;-2.714375019073486
38768.960000000276000;-2.706874847412109
38793.940000000279000;-2.706874847412109
38818.920000000282000;-2.706874847412109
38843.900000000285000;-2.706874847412109
38868.880000000288000;-2.701874971389771
38893.860000000292000;-2.701874971389771
38918.840000000295000;-2.701874971389771
38943.820000000298000;-2.701874971389771
38968.800000000301000;-2.717187404632568
38993.780000000304000;-2.717187404632568
39018.760000000308000;-2.717187404632568
39043.740000000311000;-2.717187404632568
39068.720000000314000;-2.705937385559082
39093.700000000317000;-2.705937385559082
39118.680000000320000;-2.705937385559082
39143.660000000324000;-2.705937385559082
39168.640000000327000;-2.709062337875366
39193.620000000330000;-2.709062337875366
39218.600000000333000;-2.709062337875366
39243.580000000336000;-2.709062337875366
39268.560000000340000;-2.701562404632568
39293.540000000343000;-2.701562404632568
39318.520000000346000;-2.701562404632568
39343.500000000349000;-2.701562404632568
39368.480000000352000;-2.703437328338623
39393.460000000356000;-2.703437328338623
39418.440000000359000;-2.703437328338623
39443.420000000362000;-2.703437328338623
39468.400000000365000;-2.699687480926514
39493.380000000368000;-2.699687480926514
39518.360000000372000;-2.699687480926514
39543.340000000375000;-2.699687480926514
39568.320000000378000;-2.710624933242798
39593.300000000381000;-2.710624933242798
39618.280000000384000;-2.710624933242798
39643.260000000388000;-2.710624933242798
39668.240000000391000;-2.708437442779541
39693.220000000394000;-2.708437442779541
39718.200000000397000;-2.708437442779541
39743.180000000400000;-2.708437442779541
39768.160000000404000;-2.701562404632568
39793.140000000407000;-2.701562404632568
39818.120000000410000;-2.701562404632568
39843.100000000413000;-2.701562404632568
39868.080000000416000;-2.703749895095825
39893.060000000420000;-2.703749895095825
39918.040000000423000;-2.703749895095825
39943.020000000426000;-2.703749895095825
39968.000000000429000;-2.697812557220459
39992.980000000432000;-2.697812557220459
40017.960000000436000;-2.697812557220459
40042.940000000439000;-2.697812557220459
40067.920000000442000;-2.707187414169312
40092.900000000445000;-2.707187414169312
40117.880000000448000;-2.707187414169312
40142.860000000452000;-2.707187414169312
40167.840000000455000;-2.706562519073486
40192.820000000458000;-2.706562519073486
40217.800000000461000;-2.706562519073486
40242.780000000464000;-2.706562519073486
40267.760000000468000;-2.705625057220459
40292.740000000471000;-2.705625057220459
40317.720000000474000;-2.705625057220459
40342.700000000477000;-2.705625057220459
40367.680000000481000;-2.710000038146973
40392.660000000484000;-2.710000038146973
40417.640000000487000;-2.710000038146973
40442.620000000490000;-2.710000038146973
40467.600000000493000;-2.713437557220459
40492.580000000497000;-2.713437557220459
40517.560000000500000;-2.713437557220459
40542.540000000503000;-2.713437557220459
40567.520000000506000;-2.707187414169312
40592.500000000509000;-2.707187414169312
40617.480000000513000;-2.707187414169312
40642.460000000516000;-2.707187414169312
40667.440000000519000;-2.706874847412109
40692.420000000522000;-2.706874847412109
40717.400000000525000;-2.706874847412109
40742.380000000529000;-2.706874847412109
40767.360000000532000;-2.706874847412109
40792.340000000535000;-2.706874847412109
40817.320000000538000;-2.706874847412109
40842.300000000541000;-2.706874847412109
40867.280000000545000;-2.712499856948853
40892.260000000548000;-2.712499856948853
40917.240000000551000;-2.712499856948853
40942.220000000554000;-2.712499856948853
40967.200000000557000;-2.713749885559082
40992.180000000561000;-2.713749885559082
41017.160000000564000;-2.713749885559082
41042.140000000567000;-2.713749885559082
41067.120000000570000;-2.713749885559082
41092.100000000573000;-2.713749885559082
41117.080000000577000;-2.713749885559082
41142.060000000580000;-2.713749885559082
41167.040000000583000;-2.707812547683716
41192.020000000586000;-2.707812547683716
41217.000000000589000;-2.707812547683716
41241.980000000593000;-2.707812547683716
41266.960000000596000;-2.706562519073486
41291.940000000599000;-2.706562519073486
41316.920000000602000;-2.706562519073486
41341.900000000605000;-2.706562519073486
41366.880000000609000;-2.710624933242798
41391.860000000612000;-2.710624933242798
41416.840000000615000;-2.710624933242798
41441.820000000618000;-2.710624933242798
41466.800000000621000;-2.717187404632568
41491.780000000625000;-2.717187404632568
41516.760000000628000;-2.717187404632568
41541.740000000631000;-2.717187404632568
41566.720000000634000;-2.708750009536743
41591.700000000637000;-2.708750009536743
41616.680000000641000;-2.708750009536743
41641.660000000644000;-2.708750009536743
41666.640000000647000;-2.699687480926514
41691.620000000650000;-2.699687480926514
41716.600000000653000;-2.699687480926514
41741.580000000657000;-2.699687480926514
41766.560000000660000;-2.704687356948853
41791.540000000663000;-2.704687356948853
41816.520000000666000;-2.704687356948853
41841.500000000669000;-2.704687356948853
41866.480000000673000;-2.710312366485596
41891.460000000676000;-2.710312366485596
41916.440000000679000;-2.710312366485596
41941.420000000682000;-2.710312366485596
41966.400000000685000;-2.717499971389771
41991.380000000689000;-2.717499971389771
42016.360000000692000;-2.717499971389771
42041.340000000695000;-2.717499971389771
42066.320000000698000;-2.729374885559082
42091.300000000701000;-2.729374885559082
42116.280000000705000;-2.729374885559082
42141.260000000708000;-2.729374885559082
42166.240000000711000;-2.712812423706055
42191.220000000714000;-2.712812423706055
42216.200000000717000;-2.712812423706055
42241.180000000721000;-2.712812423706055
42266.160000000724000;-2.716249942779541
42291.140000000727000;-2.716249942779541
42316.120000000730000;-2.716249942779541
42341.100000000733000;-2.716249942779541
42366.080000000737000;-2.710624933242798
42391.060000000740000;-2.710624933242798
42416.040000000743000;-2.710624933242798
42441.020000000746000;-2.710624933242798
42466.000000000749000;-2.714062452316284
42490.980000000753000;-2.714062452316284
42515.960000000756000;-2.714062452316284
42540.940000000759000;-2.714062452316284
42565.920000000762000;-2.702812433242798
42590.900000000765000;-2.702812433242798
42615.880000000769000;-2.702812433242798
42640.860000000772000;-2.702812433242798
42665.840000000775000;-2.714062452316284
42690.820000000778000;-2.714062452316284
42715.800000000781000;-2.714062452316284
42740.780000000785000;-2.714062452316284
42765.760000000788000;-2.705312490463257
42790.740000000791000;-2.705312490463257
42815.720000000794000;-2.705312490463257
42840.700000000797000;-2.705312490463257
42865.680000000801000;-2.710937500000000
42890.660000000804000;-2.710937500000000
42915.640000000807000;-2.710937500000000
42940.620000000810000;-2.710937500000000
42965.600000000813000;-2.718750000000000
42990.580000000817000;-2.718750000000000
43015.560000000820000;-2.718750000000000
43040.540000000823000;-2.718750000000000
43065.520000000826000;-2.708124876022339
43090.500000000829000;-2.708124876022339
43115.480000000833000;-2.708124876022339
43140.460000000836000;-2.708124876022339
43165.440000000839000;-2.715937376022339
43190.420000000842000;-2.715937376022339
43215.400000000845000;-2.715937376022339
43240.380000000849000;-2.715937376022339
43265.360000000852000;-2.703749895095825
43290.340000000855000;-2.703749895095825
43315.320000000858000;-2.703749895095825
43340.300000000861000;-2.703749895095825
43365.280000000865000;-2.712812423706055
43390.260000000868000;-2.712812423706055
43415.240000000871000;-2.712812423706055
43440.220000000874000;-2.712812423706055
43465.200000000877000;-2.708124876022339
43490.180000000881000;-2.708124876022339
43515.160000000884000;-2.708124876022339
43540.140000000887000;-2.708124876022339
43565.120000000890000;-2.704687356948853
43590.100000000893000;-2.704687356948853
43615.080000000897000;-2.704687356948853
43640.060000000900000;-2.704687356948853
43665.040000000903000;-2.704999923706055
43690.020000000906000;-2.704999923706055
43715.000000000909000;-2.704999923706055
43739.980000000913000;-2.704999923706055
43764.960000000916000;-2.714062452316284
43789.940000000919000;-2.714062452316284
43814.920000000922000;-2.714062452316284
43839.900000000926000;-2.714062452316284
43864.880000000929000;-2.716874837875366
43889.860000000932000;-2.716874837875366
43914.840000000935000;-2.716874837875366
43939.820000000938000;-2.716874837875366
43964.800000000942000;-2.710937500000000
43989.780000000945000;-2.710937500000000
44014.760000000948000;-2.710937500000000
44039.740000000951000;-2.710937500000000
44064.720000000954000;-2.716562509536743
44089.700000000958000;-2.716562509536743
44114.680000000961000;-2.716562509536743
44139.660000000964000;-2.716562509536743
44164.640000000967000;-2.718750000000000
44189.620000000970000;-2.718750000000000
44214.600000000974000;-2.718750000000000
44239.580000000977000;-2.718750000000000
44264.560000000980000;-2.706562519073486
44289.540000000983000;-2.706562519073486
44314.520000000986000;-2.706562519073486
44339.500000000990000;-2.706562519073486
44364.480000000993000;-2.708750009536743
44389.460000000996000;-2.708750009536743
44414.440000000999000;-2.708750009536743
44439.420000001002000;-2.708750009536743
44464.400000001006000;-2.711249828338623
44489.380000001009000;-2.711249828338623
44514.360000001012000;-2.711249828338623
44539.340000001015000;-2.711249828338623
44564.320000001018000;-2.709374904632568
44589.300000001022000;-2.709374904632568
44614.280000001025000;-2.709374904632568
44639.260000001028000;-2.709374904632568
44664.240000001031000;-2.721562385559082
44689.220000001034000;-2.721562385559082
44714.200000001038000;-2.721562385559082
44739.180000001041000;-2.721562385559082
44764.160000001044000;-2.712812423706055
44789.140000001047000;-2.712812423706055
44814.120000001050000;-2.712812423706055
44839.100000001054000;-2.712812423706055
44864.080000001057000;-2.710000038146973
44889.060000001060000;-2.710000038146973
44914.040000001063000;-2.710000038146973
44939.020000001066000;-2.710000038146973
44964.000000001070000;-2.710312366485596
44988.980000001073000;-2.710312366485596
45013.960000001076000;-2.710312366485596
45038.940000001079000;-2.710312366485596
45063.920000001082000;-2.703125000000000
45088.900000001086000;-2.703125000000000
45113.880000001089000;-2.703125000000000
45138.860000001092000;-2.703125000000000
45163.840000001095000;-2.717812538146973
45188.820000001098000;-2.717812538146973
45213.800000001102000;-2.717812538146973
45238.780000001105000;-2.717812538146973
45263.760000001108000;-2.716249942779541
45288.740000001111000;-2.716249942779541
45313.720000001114000;-2.716249942779541
45338.700000001118000;-2.716249942779541
45363.680000001121000;-2.711249828338623
45388.660000001124000;-2.711249828338623
45413.640000001127000;-2.711249828338623
45438.620000001130000;-2.711249828338623
45463.600000001134000;-2.725625038146973
45488.580000001137000;-2.725625038146973
45513.560000001140000;-2.725625038146973
45538.540000001143000;-2.725625038146973
45563.520000001146000;-2.709062337875366
45588.500000001150000;-2.709062337875366
45613.480000001153000;-2.709062337875366
45638.460000001156000;-2.709062337875366
45663.440000001159000;-2.711249828338623
45688.420000001162000;-2.711249828338623
45713.400000001166000;-2.711249828338623
45738.380000001169000;-2.711249828338623
45763.360000001172000;-2.725937366485596
45788.340000001175000;-2.725937366485596
45813.320000001178000;-2.725937366485596
45838.300000001182000;-2.725937366485596
45863.280000001185000;-2.716874837875366
45888.260000001188000;-2.716874837875366
45913.240000001191000;-2.716874837875366
45938.220000001194000;-2.716874837875366
45963.200000001198000;-2.708750009536743
45988.180000001201000;-2.708750009536743
46013.160000001204000;-2.708750009536743
46038.140000001207000;-2.708750009536743
46063.120000001210000;-2.709374904632568
46088.100000001214000;-2.709374904632568
46113.080000001217000;-2.709374904632568
46138.060000001220000;-2.709374904632568
46163.040000001223000;-2.710000038146973
46188.020000001226000;-2.710000038146973
46213.000000001230000;-2.710000038146973
46237.980000001233000;-2.710000038146973
46262.960000001236000;-2.713124990463257
46287.940000001239000;-2.713124990463257
46312.920000001242000;-2.713124990463257
46337.900000001246000;-2.713124990463257
46362.880000001249000;-2.714687347412109
46387.860000001252000;-2.714687347412109
46412.840000001255000;-2.714687347412109
46437.820000001258000;-2.714687347412109
46462.800000001262000;-2.700000047683716
46487.780000001265000;-2.700000047683716
46512.760000001268000;-2.700000047683716
46537.740000001271000;-2.700000047683716
46562.720000001274000;-2.700624942779541
46587.700000001278000;-2.700624942779541
46612.680000001281000;-2.700624942779541
46637.660000001284000;-2.700624942779541
46662.640000001287000;-2.713749885559082
46687.620000001290000;-2.713749885559082
46712.600000001294000;-2.713749885559082
46737.580000001297000;-2.713749885559082
46762.560000001300000;-2.728437423706055
46787.540000001303000;-2.728437423706055
46812.520000001306000;-2.728437423706055
46837.500000001310000;-2.728437423706055
46862.480000001313000;-2.706562519073486
46887.460000001316000;-2.706562519073486
46912.440000001319000;-2.706562519073486
46937.420000001322000;-2.706562519073486
46962.400000001326000;-2.721874952316284
46987.380000001329000;-2.721874952316284
47012.360000001332000;-2.721874952316284
47037.340000001335000;-2.721874952316284
47062.320000001338000;-2.709374904632568
47087.300000001342000;-2.709374904632568
47112.280000001345000;-2.709374904632568
47137.260000001348000;-2.709374904632568
47162.240000001351000;-2.689687490463257
47187.220000001354000;-2.689687490463257
47212.200000001358000;-2.689687490463257
47237.180000001361000;-2.689687490463257
47262.160000001364000;-2.712499856948853
47287.140000001367000;-2.712499856948853
47312.120000001370000;-2.712499856948853
47337.100000001374000;-2.712499856948853
47362.080000001377000;-2.713749885559082
47387.060000001380000;-2.713749885559082
47412.040000001383000;-2.713749885559082
47437.020000001387000;-2.713749885559082
47462.000000001390000;-2.715937376022339
47486.980000001393000;-2.715937376022339
47511.960000001396000;-2.715937376022339
47536.940000001399000;-2.715937376022339
47561.920000001403000;-2.716874837875366
47586.900000001406000;-2.716874837875366
47611.880000001409000;-2.716874837875366
47636.860000001412000;-2.716874837875366
47661.840000001415000;-2.720937490463257
47686.820000001419000;-2.720937490463257
47711.800000001422000;-2.720937490463257
47736.780000001425000;-2.720937490463257
47761.760000001428000;-2.718124866485596
47786.740000001431000;-2.718124866485596
47811.720000001435000;-2.718124866485596
47836.700000001438000;-2.718124866485596
47861.680000001441000;-2.708750009536743
47886.660000001444000;-2.708750009536743
47911.640000001447000;-2.708750009536743
47936.620000001451000;-2.708750009536743
47961.600000001454000;-2.726249933242798
47986.580000001457000;-2.726249933242798
48011.560000001460000;-2.726249933242798
48036.540000001463000;-2.726249933242798
48061.520000001467000;-2.700937509536743
48086.500000001470000;-2.700937509536743
48111.480000001473000;-2.700937509536743
48136.460000001476000;-2.700937509536743
48161.440000001479000;-2.717812538146973
48186.420000001483000;-2.717812538146973
48211.400000001486000;-2.717812538146973
48236.380000001489000;-2.717812538146973
48261.360000001492000;-2.712812423706055
48286.340000001495000;-2.712812423706055
48311.320000001499000;-2.712812423706055
48336.300000001502000;-2.712812423706055
48361.280000001505000;-2.720000028610230
48386.260000001508000;-2.720000028610230
48411.240000001511000;-2.720000028610230
48436.220000001515000;-2.720000028610230
48461.200000001518000;-2.701562404632568
48486.180000001521000;-2.701562404632568
48511.160000001524000;-2.701562404632568
48536.140000001527000;-2.701562404632568
48561.120000001531000;-2.729062557220459
48586.100000001534000;-2.729062557220459
48611.080000001537000;-2.729062557220459
48636.060000001540000;-2.729062557220459
48661.040000001543000;-2.721250057220459
48686.020000001547000;-2.721250057220459
48711.000000001550000;-2.721250057220459
48735.980000001553000;-2.721250057220459
48760.960000001556000;-2.709374904632568
48785.940000001559000;-2.709374904632568
48810.920000001563000;-2.709374904632568
48835.900000001566000;-2.709374904632568
48860.880000001569000;-2.708437442779541
48885.860000001572000;-2.708437442779541
48910.840000001575000;-2.708437442779541
48935.820000001579000;-2.708437442779541
48960.800000001582000;-2.716874837875366
48985.780000001585000;-2.716874837875366
49010.760000001588000;-2.716874837875366
49035.740000001591000;-2.716874837875366
49060.720000001595000;-2.723749876022339
49085.700000001598000;-2.723749876022339
49110.680000001601000;-2.723749876022339
49135.660000001604000;-2.723749876022339
49160.640000001607000;-2.703125000000000
49185.620000001611000;-2.703125000000000
49210.600000001614000;-2.703125000000000
49235.580000001617000;-2.703125000000000
49260.560000001620000;-2.715625047683716
49285.540000001623000;-2.715625047683716
49310.520000001627000;-2.715625047683716
49335.500000001630000;-2.715625047683716
49360.480000001633000;-2.707812547683716
49385.460000001636000;-2.707812547683716
49410.440000001639000;-2.707812547683716
49435.420000001643000;-2.707812547683716
49460.400000001646000;-2.716562509536743
49485.380000001649000;-2.716562509536743
49510.360000001652000;-2.716562509536743
49535.340000001655000;-2.716562509536743
49560.320000001659000;-2.724375009536743
49585.300000001662000;-2.724375009536743
49610.280000001665000;-2.724375009536743
49635.260000001668000;-2.724375009536743
49660.240000001671000;-2.711874961853027
49685.220000001675000;-2.711874961853027
49710.200000001678000;-2.711874961853027
49735.180000001681000;-2.711874961853027
49760.160000001684000;-2.711562395095825
49785.140000001687000;-2.711562395095825
49810.120000001691000;-2.711562395095825
49835.100000001694000;-2.711562395095825
49860.080000001697000;-2.717187404632568
49885.060000001700000;-2.717187404632568
49910.040000001703000;-2.717187404632568
49935.020000001707000;-2.717187404632568
49960.000000001710000;-2.713124990463257
49984.980000001713000;-2.713124990463257
50009.960000001716000;-2.713124990463257
50034.940000001719000;-2.713124990463257
50059.920000001723000;-2.716874837875366
50084.900000001726000;-2.716874837875366
50109.880000001729000;-2.716874837875366
50134.860000001732000;-2.716874837875366
50159.840000001735000;-2.706249952316284
50184.820000001739000;-2.706249952316284
50209.800000001742000;-2.706249952316284
50234.780000001745000;-2.706249952316284
50259.760000001748000;-2.717499971389771
50284.740000001751000;-2.717499971389771
50309.720000001755000;-2.717499971389771
50334.700000001758000;-2.717499971389771
50359.680000001761000;-2.715625047683716
50384.660000001764000;-2.715625047683716
50409.640000001767000;-2.715625047683716
50434.620000001771000;-2.715625047683716
50459.600000001774000;-2.717187404632568
50484.580000001777000;-2.717187404632568
50509.560000001780000;-2.717187404632568
50534.540000001783000;-2.717187404632568
50559.520000001787000;-2.713124990463257
50584.500000001790000;-2.713124990463257
50609.480000001793000;-2.713124990463257
50634.460000001796000;-2.713124990463257
50659.440000001799000;-2.714999914169312
50684.420000001803000;-2.714999914169312
50709.400000001806000;-2.714999914169312
50734.380000001809000;-2.714999914169312
50759.360000001812000;-2.701874971389771
50784.340000001815000;-2.701874971389771
50809.320000001819000;-2.701874971389771
50834.300000001822000;-2.701874971389771
50859.280000001825000;-2.716562509536743
50884.260000001828000;-2.716562509536743
50909.240000001832000;-2.716562509536743
50934.220000001835000;-2.716562509536743
50959.200000001838000;-2.720000028610230
50984.180000001841000;-2.720000028610230
51009.160000001844000;-2.720000028610230
51034.140000001848000;-2.720000028610230
51059.120000001851000;-2.705625057220459
51084.100000001854000;-2.705625057220459
51109.080000001857000;-2.705625057220459
51134.060000001860000;-2.705625057220459
51159.040000001864000;-2.714999914169312
51184.020000001867000;-2.714999914169312
51209.000000001870000;-2.714999914169312
51233.980000001873000;-2.714999914169312
51258.960000001876000;-2.713437557220459
51283.940000001880000;-2.713437557220459
51308.920000001883000;-2.713437557220459
51333.900000001886000;-2.713437557220459
51358.880000001889000;-2.700624942779541
51383.860000001892000;-2.700624942779541
51408.840000001896000;-2.700624942779541
51433.820000001899000;-2.700624942779541
51458.800000001902000;-2.716874837875366
51483.780000001905000;-2.716874837875366
51508.760000001908000;-2.716874837875366
51533.740000001912000;-2.716874837875366
51558.720000001915000;-2.714062452316284
51583.700000001918000;-2.714062452316284
51608.680000001921000;-2.714062452316284
51633.660000001924000;-2.714062452316284
51658.640000001928000;-2.732499837875366
51683.620000001931000;-2.732499837875366
51708.600000001934000;-2.732499837875366
51733.580000001937000;-2.732499837875366
51758.560000001940000;-2.713749885559082
51783.540000001944000;-2.713749885559082
51808.520000001947000;-2.713749885559082
51833.500000001950000;-2.713749885559082
51858.480000001953000;-2.708124876022339
51883.460000001956000;-2.708124876022339
51908.440000001960000;-2.708124876022339
51933.420000001963000;-2.708124876022339
51958.400000001966000;-2.708750009536743
51983.380000001969000;-2.708750009536743
52008.360000001972000;-2.708750009536743
52033.340000001976000;-2.708750009536743
52058.320000001979000;-2.713749885559082
52083.300000001982000;-2.713749885559082
52108.280000001985000;-2.713749885559082
52133.260000001988000;-2.713749885559082
52158.240000001992000;-2.713437557220459
52183.220000001995000;-2.713437557220459
52208.200000001998000;-2.713437557220459
52233.180000002001000;-2.713437557220459
52258.160000002004000;-2.714999914169312
52283.140000002008000;-2.714999914169312
52308.120000002011000;-2.714999914169312
52333.100000002014000;-2.714999914169312
52358.080000002017000;-2.711562395095825
52383.060000002020000;-2.711562395095825
52408.040000002024000;-2.711562395095825
52433.020000002027000;-2.711562395095825
52458.000000002030000;-2.721874952316284
52482.980000002033000;-2.721874952316284
52507.960000002036000;-2.721874952316284
52532.940000002040000;-2.721874952316284
52557.920000002043000;-2.719687461853027
52582.900000002046000;-2.719687461853027
52607.880000002049000;-2.719687461853027
52632.860000002052000;-2.719687461853027
52657.840000002056000;-2.721250057220459
52682.820000002059000;-2.721250057220459
52707.800000002062000;-2.721250057220459
52732.780000002065000;-2.721250057220459
52757.760000002068000;-2.721874952316284
52782.740000002072000;-2.721874952316284
52807.720000002075000;-2.721874952316284
52832.700000002078000;-2.721874952316284
52857.680000002081000;-2.712812423706055
52882.660000002084000;-2.712812423706055
52907.640000002088000;-2.712812423706055
52932.620000002091000;-2.712812423706055
52957.600000002094000;-2.717812538146973
52982.580000002097000;-2.717812538146973
53007.560000002100000;-2.717812538146973
53032.540000002104000;-2.717812538146973
53057.520000002107000;-2.715625047683716
53082.500000002110000;-2.715625047683716
53107.480000002113000;-2.715625047683716
53132.460000002116000;-2.715625047683716
53157.440000002120000;-2.725625038146973
53182.420000002123000;-2.725625038146973
53207.400000002126000;-2.725625038146973
53232.380000002129000;-2.725625038146973
53257.360000002132000;-2.704999923706055
53282.340000002136000;-2.704999923706055
53307.320000002139000;-2.704999923706055
53332.300000002142000;-2.704999923706055
53357.280000002145000;-2.715937376022339
53382.260000002148000;-2.715937376022339
53407.240000002152000;-2.715937376022339
53432.220000002155000;-2.715937376022339
53457.200000002158000;-2.714062452316284
53482.180000002161000;-2.714062452316284
53507.160000002164000;-2.714062452316284
53532.140000002168000;-2.714062452316284
53557.120000002171000;-2.716562509536743
53582.100000002174000;-2.716562509536743
53607.080000002177000;-2.716562509536743
53632.060000002180000;-2.716562509536743
53657.040000002184000;-2.742187500000000
53682.020000002187000;-2.742187500000000
53707.000000002190000;-2.742187500000000
53731.980000002193000;-2.742187500000000
53756.960000002196000;-2.712499856948853
53781.940000002200000;-2.712499856948853
53806.920000002203000;-2.712499856948853
53831.900000002206000;-2.712499856948853
53856.880000002209000;-2.711874961853027
53881.860000002212000;-2.711874961853027
53906.840000002216000;-2.711874961853027
53931.820000002219000;-2.711874961853027
53956.800000002222000;-2.724375009536743
53981.780000002225000;-2.724375009536743
54006.760000002228000;-2.724375009536743
54031.740000002232000;-2.724375009536743
54056.720000002235000;-2.716874837875366
54081.700000002238000;-2.716874837875366
54106.680000002241000;-2.716874837875366
54131.660000002244000;-2.716874837875366
54156.640000002248000;-2.715937376022339
54181.620000002251000;-2.715937376022339
54206.600000002254000;-2.715937376022339
54231.580000002257000;-2.715937376022339
54256.560000002260000;-2.715312480926514
54281.540000002264000;-2.715312480926514
54306.520000002267000;-2.715312480926514
54331.500000002270000;-2.715312480926514
54356.480000002273000;-2.711249828338623
54381.460000002277000;-2.711249828338623
54406.440000002280000;-2.711249828338623
54431.420000002283000;-2.711249828338623
54456.400000002286000;-2.722812414169312
54481.380000002289000;-2.722812414169312
54506.360000002293000;-2.722812414169312
54531.340000002296000;-2.722812414169312
54556.320000002299000;-2.718124866485596
54581.300000002302000;-2.718124866485596
54606.280000002305000;-2.718124866485596
54631.260000002309000;-2.718124866485596
54656.240000002312000;-2.721250057220459
54681.220000002315000;-2.721250057220459
54706.200000002318000;-2.721250057220459
54731.180000002321000;-2.721250057220459
54756.160000002325000;-2.713437557220459
54781.140000002328000;-2.713437557220459
54806.120000002331000;-2.713437557220459
54831.100000002334000;-2.713437557220459
54856.080000002337000;-2.729062557220459
54881.060000002341000;-2.729062557220459
54906.040000002344000;-2.729062557220459
54931.020000002347000;-2.729062557220459
54956.000000002350000;-2.712499856948853
54980.980000002353000;-2.712499856948853
55005.960000002357000;-2.712499856948853
55030.940000002360000;-2.712499856948853
55055.920000002363000;-2.738749980926514
55080.900000002366000;-2.738749980926514
55105.880000002369000;-2.738749980926514
55130.860000002373000;-2.738749980926514
55155.840000002376000;-2.724999904632568
55180.820000002379000;-2.724999904632568
55205.800000002382000;-2.724999904632568
55230.780000002385000;-2.724999904632568
55255.760000002389000;-2.720000028610230
55280.740000002392000;-2.720000028610230
55305.720000002395000;-2.720000028610230
55330.700000002398000;-2.720000028610230
55355.680000002401000;-2.722187519073486
55380.660000002405000;-2.722187519073486
55405.640000002408000;-2.722187519073486
55430.620000002411000;-2.722187519073486
55455.600000002414000;-2.717187404632568
55480.580000002417000;-2.717187404632568
55505.560000002421000;-2.717187404632568
55530.540000002424000;-2.717187404632568
55555.520000002427000;-2.710937500000000
55580.500000002430000;-2.710937500000000
55605.480000002433000;-2.710937500000000
55630.460000002437000;-2.710937500000000
55655.440000002440000;-2.715625047683716
55680.420000002443000;-2.715625047683716
55705.400000002446000;-2.715625047683716
55730.380000002449000;-2.715625047683716
55755.360000002453000;-2.715312480926514
55780.340000002456000;-2.715312480926514
55805.320000002459000;-2.715312480926514
55830.300000002462000;-2.715312480926514
55855.280000002465000;-2.724999904632568
55880.260000002469000;-2.724999904632568
55905.240000002472000;-2.724999904632568
55930.220000002475000;-2.724999904632568
55955.200000002478000;-2.717187404632568
55980.180000002481000;-2.717187404632568
56005.160000002485000;-2.717187404632568
56030.140000002488000;-2.717187404632568
56055.120000002491000;-2.707187414169312
56080.100000002494000;-2.707187414169312
56105.080000002497000;-2.707187414169312
56130.060000002501000;-2.707187414169312
56155.040000002504000;-2.717187404632568
56180.020000002507000;-2.717187404632568
56205.000000002510000;-2.717187404632568
56229.980000002513000;-2.717187404632568
56254.960000002517000;-2.716562509536743
56279.940000002520000;-2.716562509536743
56304.920000002523000;-2.716562509536743
56329.900000002526000;-2.716562509536743
56354.880000002529000;-2.721562385559082
56379.860000002533000;-2.721562385559082
56404.840000002536000;-2.721562385559082
56429.820000002539000;-2.721562385559082
56454.800000002542000;-2.729687452316284
56479.780000002545000;-2.729687452316284
56504.760000002549000;-2.729687452316284
56529.740000002552000;-2.729687452316284
56554.720000002555000;-2.709062337875366
56579.700000002558000;-2.709062337875366
56604.680000002561000;-2.709062337875366
56629.660000002565000;-2.709062337875366
56654.640000002568000;-2.704999923706055
56679.620000002571000;-2.704999923706055
56704.600000002574000;-2.704999923706055
56729.580000002577000;-2.704999923706055
56754.560000002581000;-2.708124876022339
56779.540000002584000;-2.708124876022339
56804.520000002587000;-2.708124876022339
56829.500000002590000;-2.708124876022339
56854.480000002593000;-2.709062337875366
56879.460000002597000;-2.709062337875366
56904.440000002600000;-2.709062337875366
56929.420000002603000;-2.709062337875366
56954.400000002606000;-2.709374904632568
56979.380000002609000;-2.709374904632568
57004.360000002613000;-2.709374904632568
57029.340000002616000;-2.709374904632568
57054.320000002619000;-2.715625047683716
57079.300000002622000;-2.715625047683716
57104.280000002625000;-2.715625047683716
57129.260000002629000;-2.715625047683716
57154.240000002632000;-2.716562509536743
57179.220000002635000;-2.716562509536743
57204.200000002638000;-2.716562509536743
57229.180000002641000;-2.716562509536743
57254.160000002645000;-2.717812538146973
57279.140000002648000;-2.717812538146973
57304.120000002651000;-2.717812538146973
57329.100000002654000;-2.717812538146973
57354.080000002657000;-2.720624923706055
57379.060000002661000;-2.720624923706055
57404.040000002664000;-2.720624923706055
57429.020000002667000;-2.720624923706055
57454.000000002670000;-2.719062328338623
57478.980000002673000;-2.719062328338623
57503.960000002677000;-2.719062328338623
57528.940000002680000;-2.719062328338623
57553.920000002683000;-2.713437557220459
57578.900000002686000;-2.713437557220459
57603.880000002689000;-2.713437557220459
57628.860000002693000;-2.713437557220459
57653.840000002696000;-2.710624933242798
57678.820000002699000;-2.710624933242798
57703.800000002702000;-2.710624933242798
57728.780000002705000;-2.710624933242798
57753.760000002709000;-2.717187404632568
57778.740000002712000;-2.717187404632568
57803.720000002715000;-2.717187404632568
57828.700000002718000;-2.717187404632568
57853.680000002721000;-2.718124866485596
57878.660000002725000;-2.718124866485596
57903.640000002728000;-2.718124866485596
57928.620000002731000;-2.718124866485596
57953.600000002734000;-2.717812538146973
57978.580000002738000;-2.717812538146973
58003.560000002741000;-2.717812538146973
58028.540000002744000;-2.717812538146973
58053.520000002747000;-2.719062328338623
58078.500000002750000;-2.719062328338623
58103.480000002754000;-2.719062328338623
58128.460000002757000;-2.719062328338623
58153.440000002760000;-2.724375009536743
58178.420000002763000;-2.724375009536743
58203.400000002766000;-2.724375009536743
58228.380000002770000;-2.724375009536743
58253.360000002773000;-2.722499847412109
58278.340000002776000;-2.722499847412109
58303.320000002779000;-2.722499847412109
58328.300000002782000;-2.722499847412109
58353.280000002786000;-2.710624933242798
58378.260000002789000;-2.710624933242798
58403.240000002792000;-2.710624933242798
58428.220000002795000;-2.710624933242798
58453.200000002798000;-2.717812538146973
58478.180000002802000;-2.717812538146973
58503.160000002805000;-2.717812538146973
58528.140000002808000;-2.717812538146973
58553.120000002811000;-2.712499856948853
58578.100000002814000;-2.712499856948853
58603.080000002818000;-2.712499856948853
58628.060000002821000;-2.712499856948853
58653.040000002824000;-2.717499971389771
58678.020000002827000;-2.717499971389771
58703.000000002830000;-2.717499971389771
58727.980000002834000;-2.717499971389771
58752.960000002837000;-2.722187519073486
58777.940000002840000;-2.722187519073486
58802.920000002843000;-2.722187519073486
58827.900000002846000;-2.722187519073486
58852.880000002850000;-2.722187519073486
58877.860000002853000;-2.722187519073486
58902.840000002856000;-2.722187519073486
58927.820000002859000;-2.722187519073486
58952.800000002862000;-2.691874980926514
58977.780000002866000;-2.691874980926514
59002.760000002869000;-2.691874980926514
59027.740000002872000;-2.691874980926514
59052.720000002875000;-2.716562509536743
59077.700000002878000;-2.716562509536743
59102.680000002882000;-2.716562509536743
59127.660000002885000;-2.716562509536743
59152.640000002888000;-2.718437433242798
59177.620000002891000;-2.718437433242798
59202.600000002894000;-2.718437433242798
59227.580000002898000;-2.718437433242798
59252.560000002901000;-2.718750000000000
59277.540000002904000;-2.718750000000000
59302.520000002907000;-2.718750000000000
59327.500000002910000;-2.718750000000000
59352.480000002914000;-2.710937500000000
59377.460000002917000;-2.710937500000000
59402.440000002920000;-2.710937500000000
59427.420000002923000;-2.710937500000000
59452.400000002926000;-2.720937490463257
59477.380000002930000;-2.720937490463257
59502.360000002933000;-2.720937490463257
59527.340000002936000;-2.720937490463257
59552.320000002939000;-2.716874837875366
59577.300000002942000;-2.716874837875366
59602.280000002946000;-2.716874837875366
59627.260000002949000;-2.716874837875366
59652.240000002952000;-2.735937356948853
59677.220000002955000;-2.735937356948853
59702.200000002958000;-2.735937356948853
59727.180000002962000;-2.735937356948853
59752.160000002965000;-2.724687337875366
59777.140000002968000;-2.724687337875366
59802.120000002971000;-2.724687337875366
59827.100000002974000;-2.724687337875366
59852.080000002978000;-2.723749876022339
59877.060000002981000;-2.723749876022339
59902.040000002984000;-2.723749876022339
59927.020000002987000;-2.723749876022339
59952.000000002990000;-2.716249942779541
59976.980000002994000;-2.716249942779541
60001.960000002997000;-2.716249942779541
60026.940000003000000;-2.716249942779541
60051.920000003003000;-2.717499971389771
60076.900000003006000;-2.717499971389771
60101.880000003010000;-2.717499971389771
60126.860000003013000;-2.717499971389771
60151.840000003016000;-2.717499971389771
60176.820000003019000;-2.717499971389771
60201.800000003022000;-2.717499971389771
60226.780000003026000;-2.717499971389771
60251.760000003029000;-2.716249942779541
60276.740000003032000;-2.716249942779541
60301.720000003035000;-2.716249942779541
60326.700000003038000;-2.716249942779541
60351.680000003042000;-2.719062328338623
60376.660000003045000;-2.719062328338623
60401.640000003048000;-2.719062328338623
60426.620000003051000;-2.719062328338623
60451.600000003054000;-2.717812538146973
60476.580000003058000;-2.717812538146973
60501.560000003061000;-2.717812538146973
60526.540000003064000;-2.717812538146973
60551.520000003067000;-2.725312471389771
60576.500000003070000;-2.725312471389771
60601.480000003074000;-2.725312471389771
60626.460000003077000;-2.725312471389771
60651.440000003080000;-2.720624923706055
60676.420000003083000;-2.720624923706055
60701.400000003086000;-2.720624923706055
60726.380000003090000;-2.720624923706055
60751.360000003093000;-2.722812414169312
60776.340000003096000;-2.722812414169312
60801.320000003099000;-2.722812414169312
60826.300000003102000;-2.722812414169312
60851.280000003106000;-2.707812547683716
60876.260000003109000;-2.707812547683716
60901.240000003112000;-2.707812547683716
60926.220000003115000;-2.707812547683716
60951.200000003118000;-2.720000028610230
60976.180000003122000;-2.720000028610230
61001.160000003125000;-2.720000028610230
61026.140000003128000;-2.720000028610230
61051.120000003131000;-2.694687366485596
61076.100000003134000;-2.694687366485596
61101.080000003138000;-2.694687366485596
61126.060000003141000;-2.694687366485596
61151.040000003144000;-2.718437433242798
61176.020000003147000;-2.718437433242798
61201.000000003150000;-2.718437433242798
61225.980000003154000;-2.718437433242798
61250.960000003157000;-2.718437433242798
61275.940000003160000;-2.718437433242798
61300.920000003163000;-2.718437433242798
61325.900000003166000;-2.718437433242798
61350.880000003170000;-2.721250057220459
61375.860000003173000;-2.721250057220459
61400.840000003176000;-2.721250057220459
61425.820000003179000;-2.721250057220459
61450.800000003183000;-2.728124856948853
61475.780000003186000;-2.728124856948853
61500.760000003189000;-2.728124856948853
61525.740000003192000;-2.728124856948853
61550.720000003195000;-2.724375009536743
61575.700000003199000;-2.724375009536743
61600.680000003202000;-2.724375009536743
61625.660000003205000;-2.724375009536743
61650.640000003208000;-2.720937490463257
61675.620000003211000;-2.720937490463257
61700.600000003215000;-2.720937490463257
61725.580000003218000;-2.720937490463257
61750.560000003221000;-2.722812414169312
61775.540000003224000;-2.722812414169312
61800.520000003227000;-2.722812414169312
61825.500000003231000;-2.722812414169312
61850.480000003234000;-2.726249933242798
61875.460000003237000;-2.726249933242798
61900.440000003240000;-2.726249933242798
61925.420000003243000;-2.726249933242798
61950.400000003247000;-2.717499971389771
61975.380000003250000;-2.717499971389771
62000.360000003253000;-2.717499971389771
62025.340000003256000;-2.717499971389771
62050.320000003259000;-2.730000019073486
62075.300000003263000;-2.730000019073486
62100.280000003266000;-2.730000019073486
62125.260000003269000;-2.730000019073486
62150.240000003272000;-2.714687347412109
62175.220000003275000;-2.714687347412109
62200.200000003279000;-2.714687347412109
62225.180000003282000;-2.714687347412109
62250.160000003285000;-2.714999914169312
62275.140000003288000;-2.714999914169312
62300.120000003291000;-2.714999914169312
62325.100000003295000;-2.714999914169312
62350.080000003298000;-2.723124980926514
62375.060000003301000;-2.723124980926514
62400.040000003304000;-2.723124980926514
62425.020000003307000;-2.723124980926514
62450.000000003311000;-2.715937376022339
62474.980000003314000;-2.715937376022339
62499.960000003317000;-2.715937376022339
62524.940000003320000;-2.715937376022339
62549.920000003323000;-2.723749876022339
62574.900000003327000;-2.723749876022339
62599.880000003330000;-2.723749876022339
62624.860000003333000;-2.723749876022339
62649.840000003336000;-2.722812414169312
62674.820000003339000;-2.722812414169312
62699.800000003343000;-2.722812414169312
62724.780000003346000;-2.722812414169312
62749.760000003349000;-2.728749990463257
62774.740000003352000;-2.728749990463257
62799.720000003355000;-2.728749990463257
62824.700000003359000;-2.728749990463257
62849.680000003362000;-2.727499961853027
62874.660000003365000;-2.727499961853027
62899.640000003368000;-2.727499961853027
62924.620000003371000;-2.727499961853027
62949.600000003375000;-2.724375009536743
62974.580000003378000;-2.724375009536743
62999.560000003381000;-2.724375009536743
63024.540000003384000;-2.724375009536743
63049.520000003387000;-2.719374895095825
63074.500000003391000;-2.719374895095825
63099.480000003394000;-2.719374895095825
63124.460000003397000;-2.719374895095825
63149.440000003400000;-2.718437433242798
63174.420000003403000;-2.718437433242798
63199.400000003407000;-2.718437433242798
63224.380000003410000;-2.718437433242798
63249.360000003413000;-2.714375019073486
63274.340000003416000;-2.714375019073486
63299.320000003419000;-2.714375019073486
63324.300000003423000;-2.714375019073486
63349.280000003426000;-2.723749876022339
63374.260000003429000;-2.723749876022339
63399.240000003432000;-2.723749876022339
63424.220000003435000;-2.723749876022339
63449.200000003439000;-2.738437414169312
63474.180000003442000;-2.738437414169312
63499.160000003445000;-2.738437414169312
63524.140000003448000;-2.738437414169312
63549.120000003451000;-2.720000028610230
63574.100000003455000;-2.720000028610230
63599.080000003458000;-2.720000028610230
63624.060000003461000;-2.720000028610230
63649.040000003464000;-2.723749876022339
63674.020000003467000;-2.723749876022339
63699.000000003471000;-2.723749876022339
63723.980000003474000;-2.723749876022339
63748.960000003477000;-2.723749876022339
63773.940000003480000;-2.723749876022339
63798.920000003483000;-2.723749876022339
63823.900000003487000;-2.723749876022339
63848.880000003490000;-2.721250057220459
63873.860000003493000;-2.721250057220459
63898.840000003496000;-2.721250057220459
63923.820000003499000;-2.721250057220459
63948.800000003503000;-2.722499847412109
63973.780000003506000;-2.722499847412109
63998.760000003509000;-2.722499847412109
64023.740000003512000;-2.722499847412109
64048.720000003515000;-2.722499847412109
64073.700000003519000;-2.722499847412109
64098.680000003522000;-2.722499847412109
64123.660000003525000;-2.722499847412109
64148.640000003528000;-2.731874942779541
64173.620000003531000;-2.731874942779541
64198.600000003535000;-2.731874942779541
64223.580000003538000;-2.731874942779541
64248.560000003541000;-2.725937366485596
64273.540000003544000;-2.725937366485596
64298.520000003547000;-2.725937366485596
64323.500000003551000;-2.725937366485596
64348.480000003554000;-2.707187414169312
64373.460000003557000;-2.707187414169312
64398.440000003560000;-2.707187414169312
64423.420000003563000;-2.707187414169312
64448.400000003567000;-2.733124971389771
64473.380000003570000;-2.733124971389771
64498.360000003573000;-2.733124971389771
64523.340000003576000;-2.733124971389771
64548.320000003579000;-2.709687471389771
64573.300000003583000;-2.709687471389771
64598.280000003586000;-2.709687471389771
64623.260000003589000;-2.709687471389771
64648.240000003592000;-2.710312366485596
64673.220000003595000;-2.710312366485596
64698.200000003599000;-2.710312366485596
64723.180000003602000;-2.710312366485596
64748.160000003605000;-2.707187414169312
64773.140000003608000;-2.707187414169312
64798.120000003611000;-2.707187414169312
64823.100000003615000;-2.707187414169312
64848.080000003618000;-2.717499971389771
64873.060000003621000;-2.717499971389771
64898.040000003624000;-2.717499971389771
64923.020000003628000;-2.717499971389771
64948.000000003631000;-2.727499961853027
64972.980000003634000;-2.727499961853027
64997.960000003637000;-2.727499961853027
65022.940000003640000;-2.727499961853027
65047.920000003644000;-2.717812538146973
65072.900000003647000;-2.717812538146973
65097.880000003650000;-2.717812538146973
65122.860000003653000;-2.717812538146973
65147.840000003656000;-2.724375009536743
65172.820000003660000;-2.724375009536743
65197.800000003663000;-2.724375009536743
65222.780000003666000;-2.724375009536743
65247.760000003669000;-2.726562500000000
65272.740000003672000;-2.726562500000000
65297.720000003676000;-2.726562500000000
65322.700000003679000;-2.726562500000000
65347.680000003682000;-2.726562500000000
65372.660000003685000;-2.726562500000000
65397.640000003688000;-2.726562500000000
65422.620000003692000;-2.726562500000000
65447.600000003695000;-2.722812414169312
65472.580000003698000;-2.722812414169312
65497.560000003701000;-2.722812414169312
65522.540000003704000;-2.722812414169312
65547.520000003700000;-2.720937490463257
65572.500000003696000;-2.720937490463257
65597.480000003692000;-2.720937490463257
65622.460000003688000;-2.720937490463257
65647.440000003684000;-2.714687347412109
65672.420000003680000;-2.714687347412109
65697.400000003676000;-2.714687347412109
65722.380000003672000;-2.714687347412109
65747.360000003668000;-2.723437547683716
65772.340000003664000;-2.723437547683716
65797.320000003660000;-2.723437547683716
65822.300000003655000;-2.723437547683716
65847.280000003651000;-2.722187519073486
65872.260000003647000;-2.722187519073486
65897.240000003643000;-2.722187519073486
65922.220000003639000;-2.722187519073486
65947.200000003635000;-2.735625028610230
65972.180000003631000;-2.735625028610230
65997.160000003627000;-2.735625028610230
66022.140000003623000;-2.735625028610230
66047.120000003619000;-2.733749866485596
66072.100000003615000;-2.733749866485596
66097.080000003611000;-2.733749866485596
66122.060000003607000;-2.733749866485596
66147.040000003602000;-2.720937490463257
66172.020000003598000;-2.720937490463257
66197.000000003594000;-2.720937490463257
66221.980000003590000;-2.720937490463257
66246.960000003586000;-2.726562500000000
66271.940000003582000;-2.726562500000000
66296.920000003578000;-2.726562500000000
66321.900000003574000;-2.726562500000000
66346.880000003570000;-2.721250057220459
66371.860000003566000;-2.721250057220459
66396.840000003562000;-2.721250057220459
66421.820000003558000;-2.721250057220459
66446.800000003554000;-2.724375009536743
66471.780000003550000;-2.724375009536743
66496.760000003545000;-2.724375009536743
66521.740000003541000;-2.724375009536743
66546.720000003537000;-2.713437557220459
66571.700000003533000;-2.713437557220459
66596.680000003529000;-2.713437557220459
66621.660000003525000;-2.713437557220459
66646.640000003521000;-2.735312461853027
66671.620000003517000;-2.735312461853027
66696.600000003513000;-2.735312461853027
66721.580000003509000;-2.735312461853027
66746.560000003505000;-2.726562500000000
66771.540000003501000;-2.726562500000000
66796.520000003497000;-2.726562500000000
66821.500000003492000;-2.726562500000000
66846.480000003488000;-2.739062547683716
66871.460000003484000;-2.739062547683716
66896.440000003480000;-2.739062547683716
66921.420000003476000;-2.739062547683716
66946.400000003472000;-2.720312356948853
66971.380000003468000;-2.720312356948853
66996.360000003464000;-2.720312356948853
67021.340000003460000;-2.720312356948853
67046.320000003456000;-2.720937490463257
67071.300000003452000;-2.720937490463257
67096.280000003448000;-2.720937490463257
67121.260000003444000;-2.720937490463257
67146.240000003439000;-2.733437538146973
67171.220000003435000;-2.733437538146973
67196.200000003431000;-2.733437538146973
67221.180000003427000;-2.733437538146973
67246.160000003423000;-2.729374885559082
67271.140000003419000;-2.729374885559082
67296.120000003415000;-2.729374885559082
67321.100000003411000;-2.729374885559082
67346.080000003407000;-2.717499971389771
67371.060000003403000;-2.717499971389771
67396.040000003399000;-2.717499971389771
67421.020000003395000;-2.717499971389771
67446.000000003391000;-2.730000019073486
67470.980000003387000;-2.730000019073486
67495.960000003382000;-2.730000019073486
67520.940000003378000;-2.730000019073486
67545.920000003374000;-2.722187519073486
67570.900000003370000;-2.722187519073486
67595.880000003366000;-2.722187519073486
67620.860000003362000;-2.722187519073486
67645.840000003358000;-2.716562509536743
67670.820000003354000;-2.716562509536743
67695.800000003350000;-2.716562509536743
67720.780000003346000;-2.716562509536743
67745.760000003342000;-2.724999904632568
67770.740000003338000;-2.724999904632568
67795.720000003334000;-2.724999904632568
67820.700000003329000;-2.724999904632568
67845.680000003325000;-2.720624923706055
67870.660000003321000;-2.720624923706055
67895.640000003317000;-2.720624923706055
67920.620000003313000;-2.720624923706055
67945.600000003309000;-2.729374885559082
67970.580000003305000;-2.729374885559082
67995.560000003301000;-2.729374885559082
68020.540000003297000;-2.729374885559082
68045.520000003293000;-2.725937366485596
68070.500000003289000;-2.725937366485596
68095.480000003285000;-2.725937366485596
68120.460000003281000;-2.725937366485596
68145.440000003277000;-2.720624923706055
68170.420000003272000;-2.720624923706055
68195.400000003268000;-2.720624923706055
68220.380000003264000;-2.720624923706055
68245.360000003260000;-2.724687337875366
68270.340000003256000;-2.724687337875366
68295.320000003252000;-2.724687337875366
68320.300000003248000;-2.724687337875366
68345.280000003244000;-2.734687328338623
68370.260000003240000;-2.734687328338623
68395.240000003236000;-2.734687328338623
68420.220000003232000;-2.734687328338623
68445.200000003228000;-2.721250057220459
68470.180000003224000;-2.721250057220459
68495.160000003219000;-2.721250057220459
68520.140000003215000;-2.721250057220459
68545.120000003211000;-2.727499961853027
68570.100000003207000;-2.727499961853027
68595.080000003203000;-2.727499961853027
68620.060000003199000;-2.727499961853027
68645.040000003195000;-2.717187404632568
68670.020000003191000;-2.717187404632568
68695.000000003187000;-2.717187404632568
68719.980000003183000;-2.717187404632568
68744.960000003179000;-2.724062442779541
68769.940000003175000;-2.724062442779541
68794.920000003171000;-2.724062442779541
68819.900000003166000;-2.724062442779541
68844.880000003162000;-2.722187519073486
68869.860000003158000;-2.722187519073486
68894.840000003154000;-2.722187519073486
68919.820000003150000;-2.722187519073486
68944.800000003146000;-2.730000019073486
68969.780000003142000;-2.730000019073486
68994.760000003138000;-2.730000019073486
69019.740000003134000;-2.730000019073486
69044.720000003130000;-2.725625038146973
69069.700000003126000;-2.725625038146973
69094.680000003122000;-2.725625038146973
69119.660000003118000;-2.725625038146973
69144.640000003114000;-2.732499837875366
69169.620000003109000;-2.732499837875366
69194.600000003105000;-2.732499837875366
69219.580000003101000;-2.732499837875366
69244.560000003097000;-2.730937480926514
69269.540000003093000;-2.730937480926514
69294.520000003089000;-2.730937480926514
69319.500000003085000;-2.730937480926514
69344.480000003081000;-2.729374885559082
69369.460000003077000;-2.729374885559082
69394.440000003073000;-2.729374885559082
69419.420000003069000;-2.729374885559082
69444.400000003065000;-2.722812414169312
69469.380000003061000;-2.722812414169312
69494.360000003056000;-2.722812414169312
69519.340000003052000;-2.722812414169312
69544.320000003048000;-2.729062557220459
69569.300000003044000;-2.729062557220459
69594.280000003040000;-2.729062557220459
69619.260000003036000;-2.729062557220459
69644.240000003032000;-2.724687337875366
69669.220000003028000;-2.724687337875366
69694.200000003024000;-2.724687337875366
69719.180000003020000;-2.724687337875366
69744.160000003016000;-2.728749990463257
69769.140000003012000;-2.728749990463257
69794.120000003008000;-2.728749990463257
69819.100000003004000;-2.728749990463257
69844.080000002999000;-2.722812414169312
69869.060000002995000;-2.722812414169312
69894.040000002991000;-2.722812414169312
69919.020000002987000;-2.722812414169312
69944.000000002983000;-2.739062547683716
69968.980000002979000;-2.739062547683716
69993.960000002975000;-2.739062547683716
70018.940000002971000;-2.739062547683716
70043.920000002967000;-2.725625038146973
70068.900000002963000;-2.725625038146973
70093.880000002959000;-2.725625038146973
70118.860000002955000;-2.725625038146973
70143.840000002951000;-2.724375009536743
70168.820000002946000;-2.724375009536743
70193.800000002942000;-2.724375009536743
70218.780000002938000;-2.724375009536743
70243.760000002934000;-2.694375038146973
70268.740000002930000;-2.694375038146973
70293.720000002926000;-2.694375038146973
70318.700000002922000;-2.694375038146973
70343.680000002918000;-2.723124980926514
70368.660000002914000;-2.723124980926514
70393.640000002910000;-2.723124980926514
70418.620000002906000;-2.723124980926514
70443.600000002902000;-2.720000028610230
70468.580000002898000;-2.720000028610230
70493.560000002894000;-2.720000028610230
70518.540000002889000;-2.720000028610230
70543.520000002885000;-2.724062442779541
70568.500000002881000;-2.724062442779541
70593.480000002877000;-2.724062442779541
70618.460000002873000;-2.724062442779541
70643.440000002869000;-2.728124856948853
70668.420000002865000;-2.728124856948853
70693.400000002861000;-2.728124856948853
70718.380000002857000;-2.728124856948853
70743.360000002853000;-2.729374885559082
70768.340000002849000;-2.729374885559082
70793.320000002845000;-2.729374885559082
70818.300000002841000;-2.729374885559082
70843.280000002836000;-2.725625038146973
70868.260000002832000;-2.725625038146973
70893.240000002828000;-2.725625038146973
70918.220000002824000;-2.725625038146973
70943.200000002820000;-2.732187509536743
70968.180000002816000;-2.732187509536743
70993.160000002812000;-2.732187509536743
71018.140000002808000;-2.732187509536743
71043.120000002804000;-2.716874837875366
71068.100000002800000;-2.716874837875366
71093.080000002796000;-2.716874837875366
71118.060000002792000;-2.716874837875366
71143.040000002788000;-2.727499961853027
71168.020000002783000;-2.727499961853027
71193.000000002779000;-2.727499961853027
71217.980000002775000;-2.727499961853027
71242.960000002771000;-2.729062557220459
71267.940000002767000;-2.729062557220459
71292.920000002763000;-2.729062557220459
71317.900000002759000;-2.729062557220459
71342.880000002755000;-2.727812528610230
71367.860000002751000;-2.727812528610230
71392.840000002747000;-2.727812528610230
71417.820000002743000;-2.727812528610230
71442.800000002739000;-2.722499847412109
71467.780000002735000;-2.722499847412109
71492.760000002731000;-2.722499847412109
71517.740000002726000;-2.722499847412109
71542.720000002722000;-2.720624923706055
71567.700000002718000;-2.720624923706055
71592.680000002714000;-2.720624923706055
71617.660000002710000;-2.720624923706055
71642.640000002706000;-2.716562509536743
71667.620000002702000;-2.716562509536743
71692.600000002698000;-2.716562509536743
71717.580000002694000;-2.716562509536743
71742.560000002690000;-2.734687328338623
71767.540000002686000;-2.734687328338623
71792.520000002682000;-2.734687328338623
71817.500000002678000;-2.734687328338623
71842.480000002673000;-2.725937366485596
71867.460000002669000;-2.725937366485596
71892.440000002665000;-2.725937366485596
71917.420000002661000;-2.725937366485596
71942.400000002657000;-2.734375000000000
71967.380000002653000;-2.734375000000000
71992.360000002649000;-2.734375000000000
72017.340000002645000;-2.734375000000000
72042.320000002641000;-2.724999904632568
72067.300000002637000;-2.724999904632568
72092.280000002633000;-2.724999904632568
72117.260000002629000;-2.724999904632568
72142.240000002625000;-2.716562509536743
72167.220000002621000;-2.716562509536743
72192.200000002616000;-2.716562509536743
72217.180000002612000;-2.716562509536743
72242.160000002608000;-2.722499847412109
72267.140000002604000;-2.722499847412109
72292.120000002600000;-2.722499847412109
72317.100000002596000;-2.722499847412109
72342.080000002592000;-2.731562376022339
72367.060000002588000;-2.731562376022339
72392.040000002584000;-2.731562376022339
72417.020000002580000;-2.731562376022339
72442.000000002576000;-2.723124980926514
72466.980000002572000;-2.723124980926514
72491.960000002568000;-2.723124980926514
72516.940000002563000;-2.723124980926514
72541.920000002559000;-2.733124971389771
72566.900000002555000;-2.733124971389771
72591.880000002551000;-2.733124971389771
72616.860000002547000;-2.733124971389771
72641.840000002543000;-2.727499961853027
72666.820000002539000;-2.727499961853027
72691.800000002535000;-2.727499961853027
72716.780000002531000;-2.727499961853027
72741.760000002527000;-2.739062547683716
72766.740000002523000;-2.739062547683716
72791.720000002519000;-2.739062547683716
72816.700000002515000;-2.739062547683716
72841.680000002510000;-2.737812519073486
72866.660000002506000;-2.737812519073486
72891.640000002502000;-2.737812519073486
72916.620000002498000;-2.737812519073486
72941.600000002494000;-2.734062433242798
72966.580000002490000;-2.734062433242798
72991.560000002486000;-2.734062433242798
73016.540000002482000;-2.734062433242798
73041.520000002478000;-2.729687452316284
73066.500000002474000;-2.729687452316284
73091.480000002470000;-2.729687452316284
73116.460000002466000;-2.729687452316284
73141.440000002462000;-2.715312480926514
73166.420000002458000;-2.715312480926514
73191.400000002453000;-2.715312480926514
73216.380000002449000;-2.715312480926514
73241.360000002445000;-2.726874828338623
73266.340000002441000;-2.726874828338623
73291.320000002437000;-2.726874828338623
73316.300000002433000;-2.726874828338623
73341.280000002429000;-2.720624923706055
73366.260000002425000;-2.720624923706055
73391.240000002421000;-2.720624923706055
73416.220000002417000;-2.720624923706055
73441.200000002413000;-2.726249933242798
73466.180000002409000;-2.726249933242798
73491.160000002405000;-2.726249933242798
73516.140000002400000;-2.726249933242798
73541.120000002396000;-2.745625019073486
73566.100000002392000;-2.745625019073486
73591.080000002388000;-2.745625019073486
73616.060000002384000;-2.745625019073486
73641.040000002380000;-2.708124876022339
73666.020000002376000;-2.708124876022339
73691.000000002372000;-2.708124876022339
73715.980000002368000;-2.708124876022339
73740.960000002364000;-2.718437433242798
73765.940000002360000;-2.718437433242798
73790.920000002356000;-2.718437433242798
73815.900000002352000;-2.718437433242798
73840.880000002348000;-2.737499952316284
73865.860000002343000;-2.737499952316284
73890.840000002339000;-2.737499952316284
73915.820000002335000;-2.737499952316284
73940.800000002331000;-2.727812528610230
73965.780000002327000;-2.727812528610230
73990.760000002323000;-2.727812528610230
74015.740000002319000;-2.727812528610230
74040.720000002315000;-2.726562500000000
74065.700000002311000;-2.726562500000000
74090.680000002307000;-2.726562500000000
74115.660000002303000;-2.726562500000000
74140.640000002299000;-2.733749866485596
74165.620000002295000;-2.733749866485596
74190.600000002290000;-2.733749866485596
74215.580000002286000;-2.733749866485596
74240.560000002282000;-2.731562376022339
74265.540000002278000;-2.731562376022339
74290.520000002274000;-2.731562376022339
74315.500000002270000;-2.731562376022339
74340.480000002266000;-2.722812414169312
74365.460000002262000;-2.722812414169312
74390.440000002258000;-2.722812414169312
74415.420000002254000;-2.722812414169312
74440.400000002250000;-2.734062433242798
74465.380000002246000;-2.734062433242798
74490.360000002242000;-2.734062433242798
74515.340000002238000;-2.734062433242798
74540.320000002233000;-2.722187519073486
74565.300000002229000;-2.722187519073486
74590.280000002225000;-2.722187519073486
74615.260000002221000;-2.722187519073486
74640.240000002217000;-2.713749885559082
74665.220000002213000;-2.713749885559082
74690.200000002209000;-2.713749885559082
74715.180000002205000;-2.713749885559082
74740.160000002201000;-2.730312347412109
74765.140000002197000;-2.730312347412109
74790.120000002193000;-2.730312347412109
74815.100000002189000;-2.730312347412109
74840.080000002185000;-2.732187509536743
74865.060000002180000;-2.732187509536743
74890.040000002176000;-2.732187509536743
74915.020000002172000;-2.732187509536743
74940.000000002168000;-2.718437433242798
74964.980000002164000;-2.718437433242798
74989.960000002160000;-2.718437433242798
75014.940000002156000;-2.718437433242798
75039.920000002152000;-2.710937500000000
75064.900000002148000;-2.710937500000000
75089.880000002144000;-2.710937500000000
75114.860000002140000;-2.710937500000000
75139.840000002136000;-2.727812528610230
75164.820000002132000;-2.727812528610230
75189.800000002127000;-2.727812528610230
75214.780000002123000;-2.727812528610230
75239.760000002119000;-2.724999904632568
75264.740000002115000;-2.724999904632568
75289.720000002111000;-2.724999904632568
75314.700000002107000;-2.724999904632568
75339.680000002103000;-2.736875057220459
75364.660000002099000;-2.736875057220459
75389.640000002095000;-2.736875057220459
75414.620000002091000;-2.736875057220459
75439.600000002087000;-2.731250047683716
75464.580000002083000;-2.731250047683716
75489.560000002079000;-2.731250047683716
75514.540000002075000;-2.731250047683716
75539.520000002070000;-2.723124980926514
75564.500000002066000;-2.723124980926514
75589.480000002062000;-2.723124980926514
75614.460000002058000;-2.723124980926514
75639.440000002054000;-2.734687328338623
75664.420000002050000;-2.734687328338623
75689.400000002046000;-2.734687328338623
75714.380000002042000;-2.734687328338623
75739.360000002038000;-2.726249933242798
75764.340000002034000;-2.726249933242798
75789.320000002030000;-2.726249933242798
75814.300000002026000;-2.726249933242798
75839.280000002022000;-2.727499961853027
75864.260000002017000;-2.727499961853027
75889.240000002013000;-2.727499961853027
75914.220000002009000;-2.727499961853027
75939.200000002005000;-2.735937356948853
75964.180000002001000;-2.735937356948853
75989.160000001997000;-2.735937356948853
76014.140000001993000;-2.735937356948853
76039.120000001989000;-2.735937356948853
76064.100000001985000;-2.735937356948853
76089.080000001981000;-2.735937356948853
76114.060000001977000;-2.735937356948853
76139.040000001973000;-2.715312480926514
76164.020000001969000;-2.715312480926514
76189.000000001965000;-2.715312480926514
76213.980000001960000;-2.715312480926514
76238.960000001956000;-2.725625038146973
76263.940000001952000;-2.725625038146973
76288.920000001948000;-2.725625038146973
76313.900000001944000;-2.725625038146973
76338.880000001940000;-2.739062547683716
76363.860000001936000;-2.739062547683716
76388.840000001932000;-2.739062547683716
76413.820000001928000;-2.739062547683716
76438.800000001924000;-2.734062433242798
76463.780000001920000;-2.734062433242798
76488.760000001916000;-2.734062433242798
76513.740000001912000;-2.734062433242798
76538.720000001907000;-2.731250047683716
76563.700000001903000;-2.731250047683716
76588.680000001899000;-2.731250047683716
76613.660000001895000;-2.731250047683716
76638.640000001891000;-2.728749990463257
76663.620000001887000;-2.728749990463257
76688.600000001883000;-2.728749990463257
76713.580000001879000;-2.728749990463257
76738.560000001875000;-2.730937480926514
76763.540000001871000;-2.730937480926514
76788.520000001867000;-2.730937480926514
76813.500000001863000;-2.730937480926514
76838.480000001859000;-2.712812423706055
76863.460000001854000;-2.712812423706055
76888.440000001850000;-2.712812423706055
76913.420000001846000;-2.712812423706055
76938.400000001842000;-2.729062557220459
76963.380000001838000;-2.729062557220459
76988.360000001834000;-2.729062557220459
77013.340000001830000;-2.729062557220459
77038.320000001826000;-2.729374885559082
77063.300000001822000;-2.729374885559082
77088.280000001818000;-2.729374885559082
77113.260000001814000;-2.729374885559082
77138.240000001810000;-2.724375009536743
77163.220000001806000;-2.724375009536743
77188.200000001802000;-2.724375009536743
77213.180000001797000;-2.724375009536743
77238.160000001793000;-2.714687347412109
77263.140000001789000;-2.714687347412109
77288.120000001785000;-2.714687347412109
77313.100000001781000;-2.714687347412109
77338.080000001777000;-2.726874828338623
77363.060000001773000;-2.726874828338623
77388.040000001769000;-2.726874828338623
77413.020000001765000;-2.726874828338623
77438.000000001761000;-2.735937356948853
77462.980000001757000;-2.735937356948853
77487.960000001753000;-2.735937356948853
77512.940000001749000;-2.735937356948853
77537.920000001744000;-2.746875047683716
77562.900000001740000;-2.746875047683716
77587.880000001736000;-2.746875047683716
77612.860000001732000;-2.746875047683716
77637.840000001728000;-2.730312347412109
77662.820000001724000;-2.730312347412109
77687.800000001720000;-2.730312347412109
77712.780000001716000;-2.730312347412109
77737.760000001712000;-2.726562500000000
77762.740000001708000;-2.726562500000000
77787.720000001704000;-2.726562500000000
77812.700000001700000;-2.726562500000000
77837.680000001696000;-2.735625028610230
77862.660000001692000;-2.735625028610230
77887.640000001687000;-2.735625028610230
77912.620000001683000;-2.735625028610230
77937.600000001679000;-2.742812395095825
77962.580000001675000;-2.742812395095825
77987.560000001671000;-2.742812395095825
78012.540000001667000;-2.742812395095825
78037.520000001663000;-2.731250047683716
78062.500000001659000;-2.731250047683716
78087.480000001655000;-2.731250047683716
78112.460000001651000;-2.731250047683716
78137.440000001647000;-2.722499847412109
78162.420000001643000;-2.722499847412109
78187.400000001639000;-2.722499847412109
78212.380000001634000;-2.722499847412109
78237.360000001630000;-2.730000019073486
78262.340000001626000;-2.730000019073486
78287.320000001622000;-2.730000019073486
78312.300000001618000;-2.730000019073486
78337.280000001614000;-2.715937376022339
78362.260000001610000;-2.715937376022339
78387.240000001606000;-2.715937376022339
78412.220000001602000;-2.715937376022339
78437.200000001598000;-2.725937366485596
78462.180000001594000;-2.725937366485596
78487.160000001590000;-2.725937366485596
78512.140000001586000;-2.725937366485596
78537.120000001582000;-2.723749876022339
78562.100000001577000;-2.723749876022339
78587.080000001573000;-2.723749876022339
78612.060000001569000;-2.723749876022339
78637.040000001565000;-2.736562490463257
78662.020000001561000;-2.736562490463257
78687.000000001557000;-2.736562490463257
78711.980000001553000;-2.736562490463257
78736.960000001549000;-2.715937376022339
78761.940000001545000;-2.715937376022339
78786.920000001541000;-2.715937376022339
78811.900000001537000;-2.715937376022339
78836.880000001533000;-2.727499961853027
78861.860000001529000;-2.727499961853027
78886.840000001524000;-2.727499961853027
78911.820000001520000;-2.727499961853027
78936.800000001516000;-2.734375000000000
78961.780000001512000;-2.734375000000000
78986.760000001508000;-2.734375000000000
79011.740000001504000;-2.734375000000000
79036.720000001500000;-2.728749990463257
79061.700000001496000;-2.728749990463257
79086.680000001492000;-2.728749990463257
79111.660000001488000;-2.728749990463257
79136.640000001484000;-2.726874828338623
79161.620000001480000;-2.726874828338623
79186.600000001476000;-2.726874828338623
79211.580000001471000;-2.726874828338623
79236.560000001467000;-2.725937366485596
79261.540000001463000;-2.725937366485596
79286.520000001459000;-2.725937366485596
79311.500000001455000;-2.725937366485596
79336.480000001451000;-2.729374885559082
79361.460000001447000;-2.729374885559082
79386.440000001443000;-2.729374885559082
79411.420000001439000;-2.729374885559082
79436.400000001435000;-2.713124990463257
79461.380000001431000;-2.713124990463257
79486.360000001427000;-2.713124990463257
79511.340000001423000;-2.713124990463257
79536.320000001419000;-2.729062557220459
79561.300000001414000;-2.729062557220459
79586.280000001410000;-2.729062557220459
79611.260000001406000;-2.729062557220459
79636.240000001402000;-2.726249933242798
79661.220000001398000;-2.726249933242798
79686.200000001394000;-2.726249933242798
79711.180000001390000;-2.726249933242798
79736.160000001386000;-2.729374885559082
79761.140000001382000;-2.729374885559082
79786.120000001378000;-2.729374885559082
79811.100000001374000;-2.729374885559082
79836.080000001370000;-2.728749990463257
79861.060000001366000;-2.728749990463257
79886.040000001361000;-2.728749990463257
79911.020000001357000;-2.728749990463257
79936.000000001353000;-2.733437538146973
79960.980000001349000;-2.733437538146973
79985.960000001345000;-2.733437538146973
80010.940000001341000;-2.733437538146973
80035.920000001337000;-2.732499837875366
80060.900000001333000;-2.732499837875366
80085.880000001329000;-2.732499837875366
80110.860000001325000;-2.732499837875366
80135.840000001321000;-2.736562490463257
80160.820000001317000;-2.736562490463257
80185.800000001313000;-2.736562490463257
80210.780000001309000;-2.736562490463257
80235.760000001304000;-2.740000009536743
80260.740000001300000;-2.740000009536743
80285.720000001296000;-2.740000009536743
80310.700000001292000;-2.740000009536743
80335.680000001288000;-2.730937480926514
80360.660000001284000;-2.730937480926514
80385.640000001280000;-2.730937480926514
80410.620000001276000;-2.730937480926514
80435.600000001272000;-2.727187395095825
80460.580000001268000;-2.727187395095825
80485.560000001264000;-2.727187395095825
80510.540000001260000;-2.727187395095825
80535.520000001256000;-2.727499961853027
80560.500000001251000;-2.727499961853027
80585.480000001247000;-2.727499961853027
80610.460000001243000;-2.727499961853027
80635.440000001239000;-2.727187395095825
80660.420000001235000;-2.727187395095825
80685.400000001231000;-2.727187395095825
80710.380000001227000;-2.727187395095825
80735.360000001223000;-2.731562376022339
80760.340000001219000;-2.731562376022339
80785.320000001215000;-2.731562376022339
80810.300000001211000;-2.731562376022339
80835.280000001207000;-2.725312471389771
80860.260000001203000;-2.725312471389771
80885.240000001198000;-2.725312471389771
80910.220000001194000;-2.725312471389771
80935.200000001190000;-2.738437414169312
80960.180000001186000;-2.738437414169312
80985.160000001182000;-2.738437414169312
81010.140000001178000;-2.738437414169312
81035.120000001174000;-2.723437547683716
81060.100000001170000;-2.723437547683716
81085.080000001166000;-2.723437547683716
81110.060000001162000;-2.723437547683716
81135.040000001158000;-2.727812528610230
81160.020000001154000;-2.727812528610230
81185.000000001150000;-2.727812528610230
81209.980000001146000;-2.727812528610230
81234.960000001141000;-2.723437547683716
81259.940000001137000;-2.723437547683716
81284.920000001133000;-2.723437547683716
81309.900000001129000;-2.723437547683716
81334.880000001125000;-2.727499961853027
81359.860000001121000;-2.727499961853027
81384.840000001117000;-2.727499961853027
81409.820000001113000;-2.727499961853027
81434.800000001109000;-2.727499961853027
81459.780000001105000;-2.727499961853027
81484.760000001101000;-2.727499961853027
81509.740000001097000;-2.727499961853027
81534.720000001093000;-2.724687337875366
81559.700000001088000;-2.724687337875366
81584.680000001084000;-2.724687337875366
81609.660000001080000;-2.724687337875366
81634.640000001076000;-2.735937356948853
81659.620000001072000;-2.735937356948853
81684.600000001068000;-2.735937356948853
81709.580000001064000;-2.735937356948853
81734.560000001060000;-2.724687337875366
81759.540000001056000;-2.724687337875366
81784.520000001052000;-2.724687337875366
81809.500000001048000;-2.724687337875366
81834.480000001044000;-2.729687452316284
81859.460000001040000;-2.729687452316284
81884.440000001036000;-2.729687452316284
81909.420000001031000;-2.729687452316284
81934.400000001027000;-2.728124856948853
81959.380000001023000;-2.728124856948853
81984.360000001019000;-2.728124856948853
82009.340000001015000;-2.728124856948853
82034.320000001011000;-2.730000019073486
82059.300000001007000;-2.730000019073486
82084.280000001003000;-2.730000019073486
82109.260000000999000;-2.730000019073486
82134.240000000995000;-2.715312480926514
82159.220000000991000;-2.715312480926514
82184.200000000987000;-2.715312480926514
82209.180000000983000;-2.715312480926514
82234.160000000978000;-2.728437423706055
82259.140000000974000;-2.728437423706055
82284.120000000970000;-2.728437423706055
82309.100000000966000;-2.728437423706055
82334.080000000962000;-2.744999885559082
82359.060000000958000;-2.744999885559082
82384.040000000954000;-2.744999885559082
82409.020000000950000;-2.744999885559082
82434.000000000946000;-2.741874933242798
82458.980000000942000;-2.741874933242798
82483.960000000938000;-2.741874933242798
82508.940000000934000;-2.741874933242798
82533.920000000930000;-2.729374885559082
82558.900000000926000;-2.729374885559082
82583.880000000921000;-2.729374885559082
82608.860000000917000;-2.729374885559082
82633.840000000913000;-2.720312356948853
82658.820000000909000;-2.720312356948853
82683.800000000905000;-2.720312356948853
82708.780000000901000;-2.720312356948853
82733.760000000897000;-2.732812404632568
82758.740000000893000;-2.732812404632568
82783.720000000889000;-2.732812404632568
82808.700000000885000;-2.732812404632568
82833.680000000881000;-2.731874942779541
82858.660000000877000;-2.731874942779541
82883.640000000873000;-2.731874942779541
82908.620000000868000;-2.731874942779541
82933.600000000864000;-2.729687452316284
82958.580000000860000;-2.729687452316284
82983.560000000856000;-2.729687452316284
83008.540000000852000;-2.729687452316284
83033.520000000848000;-2.727812528610230
83058.500000000844000;-2.727812528610230
83083.480000000840000;-2.727812528610230
83108.460000000836000;-2.727812528610230
83133.440000000832000;-2.733749866485596
83158.420000000828000;-2.733749866485596
83183.400000000824000;-2.733749866485596
83208.380000000820000;-2.733749866485596
83233.360000000815000;-2.733437538146973
83258.340000000811000;-2.733437538146973
83283.320000000807000;-2.733437538146973
83308.300000000803000;-2.733437538146973
83333.280000000799000;-2.731250047683716
83358.260000000795000;-2.731250047683716
83383.240000000791000;-2.731250047683716
83408.220000000787000;-2.731250047683716
83433.200000000783000;-2.720624923706055
83458.180000000779000;-2.720624923706055
83483.160000000775000;-2.720624923706055
83508.140000000771000;-2.720624923706055
83533.120000000767000;-2.735937356948853
83558.100000000763000;-2.735937356948853
83583.080000000758000;-2.735937356948853
83608.060000000754000;-2.735937356948853
83633.040000000750000;-2.730312347412109
83658.020000000746000;-2.730312347412109
83683.000000000742000;-2.730312347412109
83707.980000000738000;-2.730312347412109
83732.960000000734000;-2.717499971389771
83757.940000000730000;-2.717499971389771
83782.920000000726000;-2.717499971389771
83807.900000000722000;-2.717499971389771
83832.880000000718000;-2.731562376022339
83857.860000000714000;-2.731562376022339
83882.840000000710000;-2.731562376022339
83907.820000000705000;-2.731562376022339
83932.800000000701000;-2.731562376022339
83957.780000000697000;-2.731562376022339
83982.760000000693000;-2.731562376022339
84007.740000000689000;-2.731562376022339
84032.720000000685000;-2.741874933242798
84057.700000000681000;-2.741874933242798
84082.680000000677000;-2.741874933242798
84107.660000000673000;-2.741874933242798
84132.640000000669000;-2.720937490463257
84157.620000000665000;-2.720937490463257
84182.600000000661000;-2.720937490463257
84207.580000000657000;-2.720937490463257
84232.560000000653000;-2.734375000000000
84257.540000000648000;-2.734375000000000
84282.520000000644000;-2.734375000000000
84307.500000000640000;-2.734375000000000
84332.480000000636000;-2.729374885559082
84357.460000000632000;-2.729374885559082
84382.440000000628000;-2.729374885559082
84407.420000000624000;-2.729374885559082
84432.400000000620000;-2.730000019073486
84457.380000000616000;-2.730000019073486
84482.360000000612000;-2.730000019073486
84507.340000000608000;-2.730000019073486
84532.320000000604000;-2.737812519073486
84557.300000000600000;-2.737812519073486
84582.280000000595000;-2.737812519073486
84607.260000000591000;-2.737812519073486
84632.240000000587000;-2.734062433242798
84657.220000000583000;-2.734062433242798
84682.200000000579000;-2.734062433242798
84707.180000000575000;-2.734062433242798
84732.160000000571000;-2.729062557220459
84757.140000000567000;-2.729062557220459
84782.120000000563000;-2.729062557220459
84807.100000000559000;-2.729062557220459
84832.080000000555000;-2.725937366485596
84857.060000000551000;-2.725937366485596
84882.040000000547000;-2.725937366485596
84907.020000000542000;-2.725937366485596
84932.000000000538000;-2.730937480926514
84956.980000000534000;-2.730937480926514
84981.960000000530000;-2.730937480926514
85006.940000000526000;-2.730937480926514
85031.920000000522000;-2.723124980926514
85056.900000000518000;-2.723124980926514
85081.880000000514000;-2.723124980926514
85106.860000000510000;-2.723124980926514
85131.840000000506000;-2.739062547683716
85156.820000000502000;-2.739062547683716
85181.800000000498000;-2.739062547683716
85206.780000000494000;-2.739062547683716
85231.760000000490000;-2.732187509536743
85256.740000000485000;-2.732187509536743
85281.720000000481000;-2.732187509536743
85306.700000000477000;-2.732187509536743
85331.680000000473000;-2.739687442779541
85356.660000000469000;-2.739687442779541
85381.640000000465000;-2.739687442779541
85406.620000000461000;-2.739687442779541
85431.600000000457000;-2.733749866485596
85456.580000000453000;-2.733749866485596
85481.560000000449000;-2.733749866485596
85506.540000000445000;-2.733749866485596
85531.520000000441000;-2.731562376022339
85556.500000000437000;-2.731562376022339
85581.480000000432000;-2.731562376022339
85606.460000000428000;-2.731562376022339
85631.440000000424000;-2.732812404632568
85656.420000000420000;-2.732812404632568
85681.400000000416000;-2.732812404632568
85706.380000000412000;-2.732812404632568
85731.360000000408000;-2.734062433242798
85756.340000000404000;-2.734062433242798
85781.320000000400000;-2.734062433242798
85806.300000000396000;-2.734062433242798
85831.280000000392000;-2.740000009536743
85856.260000000388000;-2.740000009536743
85881.240000000384000;-2.740000009536743
85906.220000000380000;-2.740000009536743
85931.200000000375000;-2.739062547683716
85956.180000000371000;-2.739062547683716
85981.160000000367000;-2.739062547683716
86006.140000000363000;-2.739062547683716
86031.120000000359000;-2.737812519073486
86056.100000000355000;-2.737812519073486
86081.080000000351000;-2.737812519073486
86106.060000000347000;-2.737812519073486
86131.040000000343000;-2.737499952316284
86156.020000000339000;-2.737499952316284
86181.000000000335000;-2.737499952316284
86205.980000000331000;-2.737499952316284
86230.960000000327000;-2.739062547683716
86255.940000000322000;-2.739062547683716
86280.920000000318000;-2.739062547683716
86305.900000000314000;-2.739062547683716
86330.880000000310000;-2.770312547683716
86355.860000000306000;-2.770312547683716
86380.840000000302000;-2.770312547683716
86405.820000000298000;-2.770312547683716
86430.800000000294000;-2.728749990463257
86455.780000000290000;-2.728749990463257
86480.760000000286000;-2.728749990463257
86505.740000000282000;-2.728749990463257
86530.720000000278000;-2.732187509536743
86555.700000000274000;-2.732187509536743
86580.680000000270000;-2.732187509536743
86605.660000000265000;-2.732187509536743
86630.640000000261000;-2.731874942779541
86655.620000000257000;-2.731874942779541
86680.600000000253000;-2.731874942779541
86705.580000000249000;-2.731874942779541
86730.560000000245000;-2.751562356948853
86755.540000000241000;-2.751562356948853
86780.520000000237000;-2.751562356948853
86805.500000000233000;-2.751562356948853
86830.480000000229000;-2.738437414169312
86855.460000000225000;-2.738437414169312
86880.440000000221000;-2.738437414169312
86905.420000000217000;-2.738437414169312
86930.400000000212000;-2.738124847412109
86955.380000000208000;-2.738124847412109
86980.360000000204000;-2.738124847412109
87005.340000000200000;-2.738124847412109
87030.320000000196000;-2.739687442779541
87055.300000000192000;-2.739687442779541
87080.280000000188000;-2.739687442779541
87105.260000000184000;-2.739687442779541
87130.240000000180000;-2.729687452316284
87155.220000000176000;-2.729687452316284
87180.200000000172000;-2.729687452316284
87205.180000000168000;-2.729687452316284
87230.160000000164000;-2.740937471389771
87255.140000000159000;-2.740937471389771
87280.120000000155000;-2.740937471389771
87305.100000000151000;-2.740937471389771
87330.080000000147000;-2.738437414169312
87355.060000000143000;-2.738437414169312
87380.040000000139000;-2.738437414169312
87405.020000000135000;-2.738437414169312
87430.000000000131000;-2.736562490463257
87454.980000000127000;-2.736562490463257
87479.960000000123000;-2.736562490463257
87504.940000000119000;-2.736562490463257
87529.920000000115000;-2.733749866485596
87554.900000000111000;-2.733749866485596
87579.880000000107000;-2.733749866485596
87604.860000000102000;-2.733749866485596
87629.840000000098000;-2.731562376022339
87654.820000000094000;-2.731562376022339
87679.800000000090000;-2.731562376022339
87704.780000000086000;-2.731562376022339
87729.760000000082000;-2.751874923706055
87754.740000000078000;-2.751874923706055
87779.720000000074000;-2.751874923706055
87804.700000000070000;-2.751874923706055
87829.680000000066000;-2.734062433242798
87854.660000000062000;-2.734062433242798
87879.640000000058000;-2.734062433242798
87904.620000000054000;-2.734062433242798
87929.600000000049000;-2.718124866485596
87954.580000000045000;-2.718124866485596
87979.560000000041000;-2.718124866485596
88004.540000000037000;-2.718124866485596
88029.520000000033000;-2.738124847412109
88054.500000000029000;-2.738124847412109
88079.480000000025000;-2.738124847412109
88104.460000000021000;-2.738124847412109
88129.440000000017000;-2.740000009536743
88154.420000000013000;-2.740000009536743
88179.400000000009000;-2.740000009536743
88204.380000000005000;-2.740000009536743
88229.360000000001000;-2.737812519073486
88254.339999999997000;-2.737812519073486
88279.319999999992000;-2.737812519073486
88304.299999999988000;-2.737812519073486
88329.279999999984000;-2.732499837875366
88354.259999999980000;-2.732499837875366
88379.239999999976000;-2.732499837875366
88404.219999999972000;-2.732499837875366
88429.199999999968000;-2.738124847412109
88454.179999999964000;-2.738124847412109
88479.159999999960000;-2.738124847412109
88504.139999999956000;-2.738124847412109
88529.119999999952000;-2.736562490463257
88554.099999999948000;-2.736562490463257
88579.079999999944000;-2.736562490463257
88604.059999999939000;-2.736562490463257
88629.039999999935000;-2.730000019073486
88654.019999999931000;-2.730000019073486
88678.999999999927000;-2.730000019073486
88703.979999999923000;-2.730000019073486
88728.959999999919000;-2.728437423706055
88753.939999999915000;-2.728437423706055
88778.919999999911000;-2.728437423706055
88803.899999999907000;-2.728437423706055
88828.879999999903000;-2.731250047683716
88853.859999999899000;-2.731250047683716
88878.839999999895000;-2.731250047683716
88903.819999999891000;-2.731250047683716
88928.799999999886000;-2.730000019073486
88953.779999999882000;-2.730000019073486
88978.759999999878000;-2.730000019073486
89003.739999999874000;-2.730000019073486
89028.719999999870000;-2.729062557220459
89053.699999999866000;-2.729062557220459
89078.679999999862000;-2.729062557220459
89103.659999999858000;-2.729062557220459
89128.639999999854000;-2.729687452316284
89153.619999999850000;-2.729687452316284
89178.599999999846000;-2.729687452316284
89203.579999999842000;-2.729687452316284
89228.559999999838000;-2.741250038146973
89253.539999999834000;-2.741250038146973
89278.519999999829000;-2.741250038146973
89303.499999999825000;-2.741250038146973
89328.479999999821000;-2.738749980926514
89353.459999999817000;-2.738749980926514
89378.439999999813000;-2.738749980926514
89403.419999999809000;-2.738749980926514
89428.399999999805000;-2.726562500000000
89453.379999999801000;-2.726562500000000
89478.359999999797000;-2.726562500000000
89503.339999999793000;-2.726562500000000
89528.319999999789000;-2.739687442779541
89553.299999999785000;-2.739687442779541
89578.279999999781000;-2.739687442779541
89603.259999999776000;-2.739687442779541
89628.239999999772000;-2.751250028610230
89653.219999999768000;-2.751250028610230
89678.199999999764000;-2.751250028610230
89703.179999999760000;-2.751250028610230
89728.159999999756000;-2.736875057220459
89753.139999999752000;-2.736875057220459
89778.119999999748000;-2.736875057220459
89803.099999999744000;-2.736875057220459
89828.079999999740000;-2.725625038146973
89853.059999999736000;-2.725625038146973
89878.039999999732000;-2.725625038146973
89903.019999999728000;-2.725625038146973
89927.999999999724000;-2.741562366485596
89952.979999999719000;-2.741562366485596
89977.959999999715000;-2.741562366485596
90002.939999999711000;-2.741562366485596
90027.919999999707000;-2.728749990463257
90052.899999999703000;-2.728749990463257
90077.879999999699000;-2.728749990463257
90102.859999999695000;-2.728749990463257
90127.839999999691000;-2.736562490463257
90152.819999999687000;-2.736562490463257
90177.799999999683000;-2.736562490463257
90202.779999999679000;-2.736562490463257
90227.759999999675000;-2.730312347412109
90252.739999999671000;-2.730312347412109
90277.719999999666000;-2.730312347412109
90302.699999999662000;-2.730312347412109
90327.679999999658000;-2.738124847412109
90352.659999999654000;-2.738124847412109
90377.639999999650000;-2.738124847412109
90402.619999999646000;-2.738124847412109
90427.599999999642000;-2.734999895095825
90452.579999999638000;-2.734999895095825
90477.559999999634000;-2.734999895095825
90502.539999999630000;-2.734999895095825
90527.519999999626000;-2.730937480926514
90552.499999999622000;-2.730937480926514
90577.479999999618000;-2.730937480926514
90602.459999999614000;-2.730937480926514
90627.439999999609000;-2.728437423706055
90652.419999999605000;-2.728437423706055
90677.399999999601000;-2.728437423706055
90702.379999999597000;-2.728437423706055
90727.359999999593000;-2.737187385559082
90752.339999999589000;-2.737187385559082
90777.319999999585000;-2.737187385559082
90802.299999999581000;-2.737187385559082
90827.279999999577000;-2.734062433242798
90852.259999999573000;-2.734062433242798
90877.239999999569000;-2.734062433242798
90902.219999999565000;-2.734062433242798
90927.199999999561000;-2.729062557220459
90952.179999999556000;-2.729062557220459
90977.159999999552000;-2.729062557220459
91002.139999999548000;-2.729062557220459
91027.119999999544000;-2.726874828338623
91052.099999999540000;-2.726874828338623
91077.079999999536000;-2.726874828338623
91102.059999999532000;-2.726874828338623
91127.039999999528000;-2.724375009536743
91152.019999999524000;-2.724375009536743
91176.999999999520000;-2.724375009536743
91201.979999999516000;-2.724375009536743
91226.959999999512000;-2.739374876022339
91251.939999999508000;-2.739374876022339
91276.919999999503000;-2.739374876022339
91301.899999999499000;-2.739374876022339
91326.879999999495000;-2.734062433242798
91351.859999999491000;-2.734062433242798
91376.839999999487000;-2.734062433242798
91401.819999999483000;-2.734062433242798
91426.799999999479000;-2.734375000000000
91451.779999999475000;-2.734375000000000
91476.759999999471000;-2.734375000000000
91501.739999999467000;-2.734375000000000
91526.719999999463000;-2.727187395095825
91551.699999999459000;-2.727187395095825
91576.679999999455000;-2.727187395095825
91601.659999999451000;-2.727187395095825
91626.639999999446000;-2.728124856948853
91651.619999999442000;-2.728124856948853
91676.599999999438000;-2.728124856948853
91701.579999999434000;-2.728124856948853
91726.559999999430000;-2.743437528610230
91751.539999999426000;-2.743437528610230
91776.519999999422000;-2.743437528610230
91801.499999999418000;-2.743437528610230
91826.479999999414000;-2.746875047683716
91851.459999999410000;-2.746875047683716
91876.439999999406000;-2.746875047683716
91901.419999999402000;-2.746875047683716
91926.399999999398000;-2.737812519073486
91951.379999999393000;-2.737812519073486
91976.359999999389000;-2.737812519073486
92001.339999999385000;-2.737812519073486
92026.319999999381000;-2.741250038146973
92051.299999999377000;-2.741250038146973
92076.279999999373000;-2.741250038146973
92101.259999999369000;-2.741250038146973
92126.239999999365000;-2.739062547683716
92151.219999999361000;-2.739062547683716
92176.199999999357000;-2.739062547683716
92201.179999999353000;-2.739062547683716
92226.159999999349000;-2.722812414169312
92251.139999999345000;-2.722812414169312
92276.119999999341000;-2.722812414169312
92301.099999999336000;-2.722812414169312
92326.079999999332000;-2.729374885559082
92351.059999999328000;-2.729374885559082
92376.039999999324000;-2.729374885559082
92401.019999999320000;-2.729374885559082
92425.999999999316000;-2.714687347412109
92450.979999999312000;-2.714687347412109
92475.959999999308000;-2.714687347412109
92500.939999999304000;-2.714687347412109
92525.919999999300000;-2.701249837875366
92550.899999999296000;-2.701249837875366
92575.879999999292000;-2.701249837875366
92600.859999999288000;-2.701249837875366
92625.839999999283000;-2.697812557220459
92650.819999999279000;-2.697812557220459
92675.799999999275000;-2.697812557220459
92700.779999999271000;-2.697812557220459
92725.759999999267000;-2.689687490463257
92750.739999999263000;-2.689687490463257
92775.719999999259000;-2.689687490463257
92800.699999999255000;-2.689687490463257
92825.679999999251000;-2.686249971389771
92850.659999999247000;-2.686249971389771
92875.639999999243000;-2.686249971389771
92900.619999999239000;-2.686249971389771
92925.599999999235000;-2.648749828338623
92950.579999999230000;-2.648749828338623
92975.559999999226000;-2.648749828338623
93000.539999999222000;-2.648749828338623
93025.519999999218000;-2.641562461853027
93050.499999999214000;-2.641562461853027
93075.479999999210000;-2.641562461853027
93100.459999999206000;-2.641562461853027
93125.439999999202000;-2.638749837875366
93150.419999999198000;-2.638749837875366
93175.399999999194000;-2.638749837875366
93200.379999999190000;-2.638749837875366
93225.359999999186000;-2.639687538146973
93250.339999999182000;-2.639687538146973
93275.319999999178000;-2.639687538146973
93300.299999999173000;-2.639687538146973
93325.279999999169000;-2.634062528610230
93350.259999999165000;-2.634062528610230
93375.239999999161000;-2.634062528610230
93400.219999999157000;-2.634062528610230
93425.199999999153000;-2.625624895095825
93450.179999999149000;-2.625624895095825
93475.159999999145000;-2.625624895095825
93500.139999999141000;-2.625624895095825
93525.119999999137000;-2.609687328338623
93550.099999999133000;-2.609687328338623
93575.079999999129000;-2.609687328338623
93600.059999999125000;-2.609687328338623
93625.039999999120000;-2.614062547683716
93650.019999999116000;-2.614062547683716
93674.999999999112000;-2.614062547683716
93699.979999999108000;-2.614062547683716
93724.959999999104000;-2.623749971389771
93749.939999999100000;-2.623749971389771
93774.919999999096000;-2.623749971389771
93799.899999999092000;-2.623749971389771
93824.879999999088000;-2.616874933242798
93849.859999999084000;-2.616874933242798
93874.839999999080000;-2.616874933242798
93899.819999999076000;-2.616874933242798
93924.799999999072000;-2.610937356948853
93949.779999999068000;-2.610937356948853
93974.759999999063000;-2.610937356948853
93999.739999999059000;-2.610937356948853
94024.719999999055000;-2.609375000000000
94049.699999999051000;-2.609375000000000
94074.679999999047000;-2.609375000000000
94099.659999999043000;-2.609375000000000
94124.639999999039000;-2.614687442779541
94149.619999999035000;-2.614687442779541
94174.599999999031000;-2.614687442779541
94199.579999999027000;-2.614687442779541
94224.559999999023000;-2.611562490463257
94249.539999999019000;-2.611562490463257
94274.519999999015000;-2.611562490463257
94299.499999999010000;-2.611562490463257
94324.479999999006000;-2.608437538146973
94349.459999999002000;-2.608437538146973
94374.439999998998000;-2.608437538146973
94399.419999998994000;-2.608437538146973
94424.399999998990000;-2.609375000000000
94449.379999998986000;-2.609375000000000
94474.359999998982000;-2.609375000000000
94499.339999998978000;-2.609375000000000
94524.319999998974000;-2.610625028610230
94549.299999998970000;-2.610625028610230
94574.279999998966000;-2.610625028610230
94599.259999998962000;-2.610625028610230
94624.239999998958000;-2.607187509536743
94649.219999998953000;-2.607187509536743
94674.199999998949000;-2.607187509536743
94699.179999998945000;-2.607187509536743
94724.159999998941000;-2.607812404632568
94749.139999998937000;-2.607812404632568
94774.119999998933000;-2.607812404632568
94799.099999998929000;-2.607812404632568
94824.079999998925000;-2.607499837875366
94849.059999998921000;-2.607499837875366
94874.039999998917000;-2.607499837875366
94899.019999998913000;-2.607499837875366
94923.999999998909000;-2.619687557220459
94948.979999998905000;-2.619687557220459
94973.959999998900000;-2.619687557220459
94998.939999998896000;-2.619687557220459
95023.919999998892000;-2.604062557220459
95048.899999998888000;-2.604062557220459
95073.879999998884000;-2.604062557220459
95098.859999998880000;-2.604062557220459
95123.839999998876000;-2.615937471389771
95148.819999998872000;-2.615937471389771
95173.799999998868000;-2.615937471389771
95198.779999998864000;-2.615937471389771
95223.759999998860000;-2.597812414169312
95248.739999998856000;-2.597812414169312
95273.719999998852000;-2.597812414169312
95298.699999998847000;-2.597812414169312
95323.679999998843000;-2.616250038146973
95348.659999998839000;-2.616250038146973
95373.639999998835000;-2.616250038146973
95398.619999998831000;-2.616250038146973
95423.599999998827000;-2.618749856948853
95448.579999998823000;-2.618749856948853
95473.559999998819000;-2.618749856948853
95498.539999998815000;-2.618749856948853
95523.519999998811000;-2.619999885559082
95548.499999998807000;-2.619999885559082
95573.479999998803000;-2.619999885559082
95598.459999998799000;-2.619999885559082
95623.439999998795000;-2.612812519073486
95648.419999998790000;-2.612812519073486
95673.399999998786000;-2.612812519073486
95698.379999998782000;-2.612812519073486
95723.359999998778000;-2.611875057220459
95748.339999998774000;-2.611875057220459
95773.319999998770000;-2.611875057220459
95798.299999998766000;-2.611875057220459
95823.279999998762000;-2.622187376022339
95848.259999998758000;-2.622187376022339
95873.239999998754000;-2.622187376022339
95898.219999998750000;-2.622187376022339
95923.199999998746000;-2.613437414169312
95948.179999998742000;-2.613437414169312
95973.159999998737000;-2.613437414169312
95998.139999998733000;-2.613437414169312
96023.119999998729000;-2.617812395095825
96048.099999998725000;-2.617812395095825
96073.079999998721000;-2.617812395095825
96098.059999998717000;-2.617812395095825
96123.039999998713000;-2.622812509536743
96148.019999998709000;-2.622812509536743
96172.999999998705000;-2.622812509536743
96197.979999998701000;-2.622812509536743
96222.959999998697000;-2.618749856948853
96247.939999998693000;-2.618749856948853
96272.919999998689000;-2.618749856948853
96297.899999998685000;-2.618749856948853
96322.879999998680000;-2.624687433242798
96347.859999998676000;-2.624687433242798
96372.839999998672000;-2.624687433242798
96397.819999998668000;-2.624687433242798
96422.799999998664000;-2.620937347412109
96447.779999998660000;-2.620937347412109
96472.759999998656000;-2.620937347412109
96497.739999998652000;-2.620937347412109
96522.719999998648000;-2.622812509536743
96547.699999998644000;-2.622812509536743
96572.679999998640000;-2.622812509536743
96597.659999998636000;-2.622812509536743
96622.639999998632000;-2.632499933242798
96647.619999998627000;-2.632499933242798
96672.599999998623000;-2.632499933242798
96697.579999998619000;-2.632499933242798
96722.559999998615000;-2.625937461853027
96747.539999998611000;-2.625937461853027
96772.519999998607000;-2.625937461853027
96797.499999998603000;-2.625937461853027
96822.479999998599000;-2.627812385559082
96847.459999998595000;-2.627812385559082
96872.439999998591000;-2.627812385559082
96897.419999998587000;-2.627812385559082
96922.399999998583000;-2.623437404632568
96947.379999998579000;-2.623437404632568
96972.359999998574000;-2.623437404632568
96997.339999998570000;-2.623437404632568
97022.319999998566000;-2.623124837875366
97047.299999998562000;-2.623124837875366
97072.279999998558000;-2.623124837875366
97097.259999998554000;-2.623124837875366
97122.239999998550000;-2.639999866485596
97147.219999998546000;-2.639999866485596
97172.199999998542000;-2.639999866485596
97197.179999998538000;-2.639999866485596
97222.159999998534000;-2.617812395095825
97247.139999998530000;-2.617812395095825
97272.119999998526000;-2.617812395095825
97297.099999998522000;-2.617812395095825
97322.079999998517000;-2.623124837875366
97347.059999998513000;-2.623124837875366
97372.039999998509000;-2.623124837875366
97397.019999998505000;-2.623124837875366
97421.999999998501000;-2.634687423706055
97446.979999998497000;-2.634687423706055
97471.959999998493000;-2.634687423706055
97496.939999998489000;-2.634687423706055
97521.919999998485000;-2.629374980926514
97546.899999998481000;-2.629374980926514
97571.879999998477000;-2.629374980926514
97596.859999998473000;-2.629374980926514
97621.839999998469000;-2.649062395095825
97646.819999998464000;-2.649062395095825
97671.799999998460000;-2.649062395095825
97696.779999998456000;-2.649062395095825
97721.759999998452000;-2.640312433242798
97746.739999998448000;-2.640312433242798
97771.719999998444000;-2.640312433242798
97796.699999998440000;-2.640312433242798
97821.679999998436000;-2.634687423706055
97846.659999998432000;-2.634687423706055
97871.639999998428000;-2.634687423706055
97896.619999998424000;-2.634687423706055
97921.599999998420000;-2.639999866485596
97946.579999998416000;-2.639999866485596
97971.559999998412000;-2.639999866485596
97996.539999998407000;-2.639999866485596
98021.519999998403000;-2.636250019073486
98046.499999998399000;-2.636250019073486
98071.479999998395000;-2.636250019073486
98096.459999998391000;-2.636250019073486
98121.439999998387000;-2.645312547683716
98146.419999998383000;-2.645312547683716
98171.399999998379000;-2.645312547683716
98196.379999998375000;-2.645312547683716
98221.359999998371000;-2.633749961853027
98246.339999998367000;-2.633749961853027
98271.319999998363000;-2.633749961853027
98296.299999998359000;-2.633749961853027
98321.279999998354000;-2.637187480926514
98346.259999998350000;-2.637187480926514
98371.239999998346000;-2.637187480926514
98396.219999998342000;-2.637187480926514
98421.199999998338000;-2.638749837875366
98446.179999998334000;-2.638749837875366
98471.159999998330000;-2.638749837875366
98496.139999998326000;-2.638749837875366
98521.119999998322000;-2.633749961853027
98546.099999998318000;-2.633749961853027
98571.079999998314000;-2.633749961853027
98596.059999998310000;-2.633749961853027
98621.039999998306000;-2.653125047683716
98646.019999998302000;-2.653125047683716
98670.999999998297000;-2.653125047683716
98695.979999998293000;-2.653125047683716
98720.959999998289000;-2.649374961853027
98745.939999998285000;-2.649374961853027
98770.919999998281000;-2.649374961853027
98795.899999998277000;-2.649374961853027
98820.879999998273000;-2.633749961853027
98845.859999998269000;-2.633749961853027
98870.839999998265000;-2.633749961853027
98895.819999998261000;-2.633749961853027
98920.799999998257000;-2.641249895095825
98945.779999998253000;-2.641249895095825
98970.759999998249000;-2.641249895095825
98995.739999998244000;-2.641249895095825
99020.719999998240000;-2.644374847412109
99045.699999998236000;-2.644374847412109
99070.679999998232000;-2.644374847412109
99095.659999998228000;-2.644374847412109
99120.639999998224000;-2.640312433242798
99145.619999998220000;-2.640312433242798
99170.599999998216000;-2.640312433242798
99195.579999998212000;-2.640312433242798
99220.559999998208000;-2.642812490463257
99245.539999998204000;-2.642812490463257
99270.519999998200000;-2.642812490463257
99295.499999998196000;-2.642812490463257
99320.479999998191000;-2.645937442779541
99345.459999998187000;-2.645937442779541
99370.439999998183000;-2.645937442779541
99395.419999998179000;-2.645937442779541
99420.399999998175000;-2.649687528610230
99445.379999998171000;-2.649687528610230
99470.359999998167000;-2.649687528610230
99495.339999998163000;-2.649687528610230
99520.319999998159000;-2.649062395095825
99545.299999998155000;-2.649062395095825
99570.279999998151000;-2.649062395095825
99595.259999998147000;-2.649062395095825
99620.239999998143000;-2.643749952316284
99645.219999998139000;-2.643749952316284
99670.199999998134000;-2.643749952316284
99695.179999998130000;-2.643749952316284
99720.159999998126000;-2.653437376022339
99745.139999998122000;-2.653437376022339
99770.119999998118000;-2.653437376022339
99795.099999998114000;-2.653437376022339
99820.079999998110000;-2.646874904632568
99845.059999998106000;-2.646874904632568
99870.039999998102000;-2.646874904632568
99895.019999998098000;-2.646874904632568
99919.999999998094000;-2.645312547683716
99944.979999998090000;-2.645312547683716
99969.959999998086000;-2.645312547683716
99994.939999998081000;-2.645312547683716
100019.919999998080000;-2.649062395095825
100044.899999998070000;-2.649062395095825
100069.879999998070000;-2.649062395095825
100094.859999998070000;-2.649062395095825
100119.839999998060000;-2.659999847412109
100144.819999998060000;-2.659999847412109
100169.799999998050000;-2.659999847412109
100194.779999998050000;-2.659999847412109
100219.759999998040000;-2.644374847412109
100244.739999998040000;-2.644374847412109
100269.719999998040000;-2.644374847412109
100294.699999998030000;-2.644374847412109
100319.679999998030000;-2.645937442779541
100344.659999998020000;-2.645937442779541
100369.639999998020000;-2.645937442779541
100394.619999998020000;-2.645937442779541
100419.599999998010000;-2.645937442779541
100444.579999998010000;-2.645937442779541
100469.559999998000000;-2.645937442779541
100494.539999998000000;-2.645937442779541
100519.519999998000000;-2.633437395095825
100544.499999997990000;-2.633437395095825
100569.479999997990000;-2.633437395095825
100594.459999997980000;-2.633437395095825
100619.439999997980000;-2.650624990463257
100644.419999997980000;-2.650624990463257
100669.399999997970000;-2.650624990463257
100694.379999997970000;-2.650624990463257
100719.359999997960000;-2.647187471389771
100744.339999997960000;-2.647187471389771
100769.319999997960000;-2.647187471389771
100794.299999997950000;-2.647187471389771
100819.279999997950000;-2.655937433242798
100844.259999997940000;-2.655937433242798
100869.239999997940000;-2.655937433242798
100894.219999997930000;-2.655937433242798
100919.199999997930000;-2.651249885559082
100944.179999997930000;-2.651249885559082
100969.159999997920000;-2.651249885559082
100994.139999997920000;-2.651249885559082
101019.119999997910000;-2.657187461853027
101044.099999997910000;-2.657187461853027
101069.079999997910000;-2.657187461853027
101094.059999997900000;-2.657187461853027
101119.039999997900000;-2.658437490463257
101144.019999997890000;-2.658437490463257
101168.999999997890000;-2.658437490463257
101193.979999997890000;-2.658437490463257
101218.959999997880000;-2.656250000000000
101243.939999997880000;-2.656250000000000
101268.919999997870000;-2.656250000000000
101293.899999997870000;-2.656250000000000
101318.879999997870000;-2.659374952316284
101343.859999997860000;-2.659374952316284
101368.839999997860000;-2.659374952316284
101393.819999997850000;-2.659374952316284
101418.799999997850000;-2.645624876022339
101443.779999997850000;-2.645624876022339
101468.759999997840000;-2.645624876022339
101493.739999997840000;-2.645624876022339
101518.719999997830000;-2.646562337875366
101543.699999997830000;-2.646562337875366
101568.679999997820000;-2.646562337875366
101593.659999997820000;-2.646562337875366
101618.639999997820000;-2.656874895095825
101643.619999997810000;-2.656874895095825
101668.599999997810000;-2.656874895095825
101693.579999997800000;-2.656874895095825
101718.559999997800000;-2.659062385559082
101743.539999997800000;-2.659062385559082
101768.519999997790000;-2.659062385559082
101793.499999997790000;-2.659062385559082
101818.479999997780000;-2.672187328338623
101843.459999997780000;-2.672187328338623
101868.439999997780000;-2.672187328338623
101893.419999997770000;-2.672187328338623
101918.399999997770000;-2.656562328338623
101943.379999997760000;-2.656562328338623
101968.359999997760000;-2.656562328338623
101993.339999997760000;-2.656562328338623
102018.319999997750000;-2.657187461853027
102043.299999997750000;-2.657187461853027
102068.279999997740000;-2.657187461853027
102093.259999997740000;-2.657187461853027
102118.239999997740000;-2.649999856948853
102143.219999997730000;-2.649999856948853
102168.199999997730000;-2.649999856948853
102193.179999997720000;-2.649999856948853
102218.159999997720000;-2.674062490463257
102243.139999997710000;-2.674062490463257
102268.119999997710000;-2.674062490463257
102293.099999997710000;-2.674062490463257
102318.079999997700000;-2.663437366485596
102343.059999997700000;-2.663437366485596
102368.039999997690000;-2.663437366485596
102393.019999997690000;-2.663437366485596
102417.999999997690000;-2.667187452316284
102442.979999997680000;-2.667187452316284
102467.959999997680000;-2.667187452316284
102492.939999997670000;-2.667187452316284
102517.919999997670000;-2.658124923706055
102542.899999997670000;-2.658124923706055
102567.879999997660000;-2.658124923706055
102592.859999997660000;-2.658124923706055
102617.839999997650000;-2.670937538146973
102642.819999997650000;-2.670937538146973
102667.799999997650000;-2.670937538146973
102692.779999997640000;-2.670937538146973
102717.759999997640000;-2.656562328338623
102742.739999997630000;-2.656562328338623
102767.719999997630000;-2.656562328338623
102792.699999997630000;-2.656562328338623
102817.679999997620000;-2.650937557220459
102842.659999997620000;-2.650937557220459
102867.639999997610000;-2.650937557220459
102892.619999997610000;-2.650937557220459
102917.599999997600000;-2.659062385559082
102942.579999997600000;-2.659062385559082
102967.559999997600000;-2.659062385559082
102992.539999997590000;-2.659062385559082
103017.519999997590000;-2.664062500000000
103042.499999997580000;-2.664062500000000
103067.479999997580000;-2.664062500000000
103092.459999997580000;-2.664062500000000
103117.439999997570000;-2.653437376022339
103142.419999997570000;-2.653437376022339
103167.399999997560000;-2.653437376022339
103192.379999997560000;-2.653437376022339
103217.359999997560000;-2.659687519073486
103242.339999997550000;-2.659687519073486
103267.319999997550000;-2.659687519073486
103292.299999997540000;-2.659687519073486
103317.279999997540000;-2.658437490463257
103342.259999997540000;-2.658437490463257
103367.239999997530000;-2.658437490463257
103392.219999997530000;-2.658437490463257
103417.199999997520000;-2.677812337875366
103442.179999997520000;-2.677812337875366
103467.159999997520000;-2.677812337875366
103492.139999997510000;-2.677812337875366
103517.119999997510000;-2.672499895095825
103542.099999997500000;-2.672499895095825
103567.079999997500000;-2.672499895095825
103592.059999997490000;-2.672499895095825
103617.039999997490000;-2.659062385559082
103642.019999997490000;-2.659062385559082
103666.999999997480000;-2.659062385559082
103691.979999997480000;-2.659062385559082
103716.959999997470000;-2.662812471389771
103741.939999997470000;-2.662812471389771
103766.919999997470000;-2.662812471389771
103791.899999997460000;-2.662812471389771
103816.879999997460000;-2.653125047683716
103841.859999997450000;-2.653125047683716
103866.839999997450000;-2.653125047683716
103891.819999997450000;-2.653125047683716
103916.799999997440000;-2.654374837875366
103941.779999997440000;-2.654374837875366
103966.759999997430000;-2.654374837875366
103991.739999997430000;-2.654374837875366
104016.719999997430000;-2.663125038146973
104041.699999997420000;-2.663125038146973
104066.679999997420000;-2.663125038146973
104091.659999997410000;-2.663125038146973
104116.639999997410000;-2.655312538146973
104141.619999997410000;-2.655312538146973
104166.599999997400000;-2.655312538146973
104191.579999997400000;-2.655312538146973
104216.559999997390000;-2.665937423706055
104241.539999997390000;-2.665937423706055
104266.519999997380000;-2.665937423706055
104291.499999997380000;-2.665937423706055
104316.479999997380000;-2.668124914169312
104341.459999997370000;-2.668124914169312
104366.439999997370000;-2.668124914169312
104391.419999997360000;-2.668124914169312
104416.399999997360000;-2.663749933242798
104441.379999997360000;-2.663749933242798
104466.359999997350000;-2.663749933242798
104491.339999997350000;-2.663749933242798
104516.319999997340000;-2.662499904632568
104541.299999997340000;-2.662499904632568
104566.279999997340000;-2.662499904632568
104591.259999997330000;-2.662499904632568
104616.239999997330000;-2.665624856948853
104641.219999997320000;-2.665624856948853
104666.199999997320000;-2.665624856948853
104691.179999997320000;-2.665624856948853
104716.159999997310000;-2.660312414169312
104741.139999997310000;-2.660312414169312
104766.119999997300000;-2.660312414169312
104791.099999997300000;-2.660312414169312
104816.079999997300000;-2.677812337875366
104841.059999997290000;-2.677812337875366
104866.039999997290000;-2.677812337875366
104891.019999997280000;-2.677812337875366
104915.999999997280000;-2.667812347412109
104940.979999997270000;-2.667812347412109
104965.959999997270000;-2.667812347412109
104990.939999997270000;-2.667812347412109
105015.919999997260000;-2.670624971389771
105040.899999997260000;-2.670624971389771
105065.879999997250000;-2.670624971389771
105090.859999997250000;-2.670624971389771
105115.839999997250000;-2.661562442779541
105140.819999997240000;-2.661562442779541
105165.799999997240000;-2.661562442779541
105190.779999997230000;-2.661562442779541
105215.759999997230000;-2.659374952316284
105240.739999997230000;-2.659374952316284
105265.719999997220000;-2.659374952316284
105290.699999997220000;-2.659374952316284
105315.679999997210000;-2.662187337875366
105340.659999997210000;-2.662187337875366
105365.639999997210000;-2.662187337875366
105390.619999997200000;-2.662187337875366
105415.599999997200000;-2.661875009536743
105440.579999997190000;-2.661875009536743
105465.559999997190000;-2.661875009536743
105490.539999997190000;-2.661875009536743
105515.519999997180000;-2.661249876022339
105540.499999997180000;-2.661249876022339
105565.479999997170000;-2.661249876022339
105590.459999997170000;-2.661249876022339
105615.439999997160000;-2.678750038146973
105640.419999997160000;-2.678750038146973
105665.399999997160000;-2.678750038146973
105690.379999997150000;-2.678750038146973
105715.359999997150000;-2.668437480926514
105740.339999997140000;-2.668437480926514
105765.319999997140000;-2.668437480926514
105790.299999997140000;-2.668437480926514
105815.279999997130000;-2.664687395095825
105840.259999997130000;-2.664687395095825
105865.239999997120000;-2.664687395095825
105890.219999997120000;-2.664687395095825
105915.199999997120000;-2.660624980926514
105940.179999997110000;-2.660624980926514
105965.159999997110000;-2.660624980926514
105990.139999997100000;-2.660624980926514
106015.119999997100000;-2.670312404632568
106040.099999997100000;-2.670312404632568
106065.079999997090000;-2.670312404632568
106090.059999997090000;-2.670312404632568
106115.039999997080000;-2.666874885559082
106140.019999997080000;-2.666874885559082
106164.999999997080000;-2.666874885559082
106189.979999997070000;-2.666874885559082
106214.959999997070000;-2.673749923706055
106239.939999997060000;-2.673749923706055
106264.919999997060000;-2.673749923706055
106289.899999997050000;-2.673749923706055
106314.879999997050000;-2.664999961853027
106339.859999997050000;-2.664999961853027
106364.839999997040000;-2.664999961853027
106389.819999997040000;-2.664999961853027
106414.799999997030000;-2.661249876022339
106439.779999997030000;-2.661249876022339
106464.759999997030000;-2.661249876022339
106489.739999997020000;-2.661249876022339
106514.719999997020000;-2.664687395095825
106539.699999997010000;-2.664687395095825
106564.679999997010000;-2.664687395095825
106589.659999997010000;-2.664687395095825
106614.639999997000000;-2.668124914169312
106639.619999997000000;-2.668124914169312
106664.599999996990000;-2.668124914169312
106689.579999996990000;-2.668124914169312
106714.559999996990000;-2.666562557220459
106739.539999996980000;-2.666562557220459
106764.519999996980000;-2.666562557220459
106789.499999996970000;-2.666562557220459
106814.479999996970000;-2.665312528610230
106839.459999996970000;-2.665312528610230
106864.439999996960000;-2.665312528610230
106889.419999996960000;-2.665312528610230
106914.399999996950000;-2.659687519073486
106939.379999996950000;-2.659687519073486
106964.359999996940000;-2.659687519073486
106989.339999996940000;-2.659687519073486
107014.319999996940000;-2.676562547683716
107039.299999996930000;-2.676562547683716
107064.279999996930000;-2.676562547683716
107089.259999996920000;-2.676562547683716
107114.239999996920000;-2.665624856948853
107139.219999996920000;-2.665624856948853
107164.199999996910000;-2.665624856948853
107189.179999996910000;-2.665624856948853
107214.159999996900000;-2.681874990463257
107239.139999996900000;-2.681874990463257
107264.119999996900000;-2.681874990463257
107289.099999996890000;-2.681874990463257
107314.079999996890000;-2.657500028610230
107339.059999996880000;-2.657500028610230
107364.039999996880000;-2.657500028610230
107389.019999996880000;-2.657500028610230
107413.999999996870000;-2.669062376022339
107438.979999996870000;-2.669062376022339
107463.959999996860000;-2.669062376022339
107488.939999996860000;-2.669062376022339
107513.919999996860000;-2.664999961853027
107538.899999996850000;-2.664999961853027
107563.879999996850000;-2.664999961853027
107588.859999996840000;-2.664999961853027
107613.839999996840000;-2.681874990463257
107638.819999996830000;-2.681874990463257
107663.799999996830000;-2.681874990463257
107688.779999996830000;-2.681874990463257
107713.759999996820000;-2.668750047683716
107738.739999996820000;-2.668750047683716
107763.719999996810000;-2.668750047683716
107788.699999996810000;-2.668750047683716
107813.679999996810000;-2.675312519073486
107838.659999996800000;-2.675312519073486
107863.639999996800000;-2.675312519073486
107888.619999996790000;-2.675312519073486
107913.599999996790000;-2.675624847412109
107938.579999996790000;-2.675624847412109
107963.559999996780000;-2.675624847412109
107988.539999996780000;-2.675624847412109
108013.519999996770000;-2.684999942779541
108038.499999996770000;-2.684999942779541
108063.479999996770000;-2.684999942779541
108088.459999996760000;-2.684999942779541
108113.439999996760000;-2.666562557220459
108138.419999996750000;-2.666562557220459
108163.399999996750000;-2.666562557220459
108188.379999996750000;-2.666562557220459
108213.359999996740000;-2.664999961853027
108238.339999996740000;-2.664999961853027
108263.319999996730000;-2.664999961853027
108288.299999996730000;-2.664999961853027
108313.279999996720000;-2.676562547683716
108338.259999996720000;-2.676562547683716
108363.239999996720000;-2.676562547683716
108388.219999996710000;-2.676562547683716
108413.199999996710000;-2.663437366485596
108438.179999996700000;-2.663437366485596
108463.159999996700000;-2.663437366485596
108488.139999996700000;-2.663437366485596
108513.119999996690000;-2.664687395095825
108538.099999996690000;-2.664687395095825
108563.079999996680000;-2.664687395095825
108588.059999996680000;-2.664687395095825
108613.039999996680000;-2.665624856948853
108638.019999996670000;-2.665624856948853
108662.999999996670000;-2.665624856948853
108687.979999996660000;-2.665624856948853
108712.959999996660000;-2.659687519073486
108737.939999996660000;-2.659687519073486
108762.919999996650000;-2.659687519073486
108787.899999996650000;-2.659687519073486
108812.879999996640000;-2.675312519073486
108837.859999996640000;-2.675312519073486
108862.839999996640000;-2.675312519073486
108887.819999996630000;-2.675312519073486
108912.799999996630000;-2.677500009536743
108937.779999996620000;-2.677500009536743
108962.759999996620000;-2.677500009536743
108987.739999996610000;-2.677500009536743
109012.719999996610000;-2.670312404632568
109037.699999996610000;-2.670312404632568
109062.679999996600000;-2.670312404632568
109087.659999996600000;-2.670312404632568
109112.639999996590000;-2.689687490463257
109137.619999996590000;-2.689687490463257
109162.599999996590000;-2.689687490463257
109187.579999996580000;-2.689687490463257
109212.559999996580000;-2.672499895095825
109237.539999996570000;-2.672499895095825
109262.519999996570000;-2.672499895095825
109287.499999996570000;-2.672499895095825
109312.479999996560000;-2.663125038146973
109337.459999996560000;-2.663125038146973
109362.439999996550000;-2.663125038146973
109387.419999996550000;-2.663125038146973
109412.399999996550000;-2.674999952316284
109437.379999996540000;-2.674999952316284
109462.359999996540000;-2.674999952316284
109487.339999996530000;-2.674999952316284
109512.319999996530000;-2.675937414169312
109537.299999996530000;-2.675937414169312
109562.279999996520000;-2.675937414169312
109587.259999996520000;-2.675937414169312
109612.239999996510000;-2.676874876022339
109637.219999996510000;-2.676874876022339
109662.199999996500000;-2.676874876022339
109687.179999996500000;-2.676874876022339
109712.159999996500000;-2.675624847412109
109737.139999996490000;-2.675624847412109
109762.119999996490000;-2.675624847412109
109787.099999996480000;-2.675624847412109
109812.079999996480000;-2.674999952316284
109837.059999996480000;-2.674999952316284
109862.039999996470000;-2.674999952316284
109887.019999996470000;-2.674999952316284
109911.999999996460000;-2.682499885559082
109936.979999996460000;-2.682499885559082
109961.959999996460000;-2.682499885559082
109986.939999996450000;-2.682499885559082
110011.919999996450000;-2.660312414169312
110036.899999996440000;-2.660312414169312
110061.879999996440000;-2.660312414169312
110086.859999996440000;-2.660312414169312
110111.839999996430000;-2.677500009536743
110136.819999996430000;-2.677500009536743
110161.799999996420000;-2.677500009536743
110186.779999996420000;-2.677500009536743
110211.759999996410000;-2.673437356948853
110236.739999996410000;-2.673437356948853
110261.719999996410000;-2.673437356948853
110286.699999996400000;-2.673437356948853
110311.679999996400000;-2.679062366485596
110336.659999996390000;-2.679062366485596
110361.639999996390000;-2.679062366485596
110386.619999996390000;-2.679062366485596
110411.599999996380000;-2.670624971389771
110436.579999996380000;-2.670624971389771
110461.559999996370000;-2.670624971389771
110486.539999996370000;-2.670624971389771
110511.519999996370000;-2.667812347412109
110536.499999996360000;-2.667812347412109
110561.479999996360000;-2.667812347412109
110586.459999996350000;-2.667812347412109
110611.439999996350000;-2.671562433242798
110636.419999996350000;-2.671562433242798
110661.399999996340000;-2.671562433242798
110686.379999996340000;-2.671562433242798
110711.359999996330000;-2.677187442779541
110736.339999996330000;-2.677187442779541
110761.319999996330000;-2.677187442779541
110786.299999996320000;-2.677187442779541
110811.279999996320000;-2.683437347412109
110836.259999996310000;-2.683437347412109
110861.239999996310000;-2.683437347412109
110886.219999996300000;-2.683437347412109
110911.199999996300000;-2.675937414169312
110936.179999996300000;-2.675937414169312
110961.159999996290000;-2.675937414169312
110986.139999996290000;-2.675937414169312
111011.119999996280000;-2.685312509536743
111036.099999996280000;-2.685312509536743
111061.079999996280000;-2.685312509536743
111086.059999996270000;-2.685312509536743
111111.039999996270000;-2.674687385559082
111136.019999996260000;-2.674687385559082
111160.999999996260000;-2.674687385559082
111185.979999996260000;-2.674687385559082
111210.959999996250000;-2.674999952316284
111235.939999996250000;-2.674999952316284
111260.919999996240000;-2.674999952316284
111285.899999996240000;-2.674999952316284
111310.879999996240000;-2.688750028610230
111335.859999996230000;-2.688750028610230
111360.839999996230000;-2.688750028610230
111385.819999996220000;-2.688750028610230
111410.799999996220000;-2.677500009536743
111435.779999996220000;-2.677500009536743
111460.759999996210000;-2.677500009536743
111485.739999996210000;-2.677500009536743
111510.719999996200000;-2.682499885559082
111535.699999996200000;-2.682499885559082
111560.679999996190000;-2.682499885559082
111585.659999996190000;-2.682499885559082
111610.639999996190000;-2.668437480926514
111635.619999996180000;-2.668437480926514
111660.599999996180000;-2.668437480926514
111685.579999996170000;-2.668437480926514
111710.559999996170000;-2.680937528610230
111735.539999996170000;-2.680937528610230
111760.519999996160000;-2.680937528610230
111785.499999996160000;-2.680937528610230
111810.479999996150000;-2.663749933242798
111835.459999996150000;-2.663749933242798
111860.439999996150000;-2.663749933242798
111885.419999996140000;-2.663749933242798
111910.399999996140000;-2.666874885559082
111935.379999996130000;-2.666874885559082
111960.359999996130000;-2.666874885559082
111985.339999996130000;-2.666874885559082
112010.319999996120000;-2.676249980926514
112035.299999996120000;-2.676249980926514
112060.279999996110000;-2.676249980926514
112085.259999996110000;-2.676249980926514
112110.239999996110000;-2.672187328338623
112135.219999996100000;-2.672187328338623
112160.199999996100000;-2.672187328338623
112185.179999996090000;-2.672187328338623
112210.159999996090000;-2.679374933242798
112235.139999996080000;-2.679374933242798
112260.119999996080000;-2.679374933242798
112285.099999996080000;-2.679374933242798
112310.079999996070000;-2.682499885559082
112335.059999996070000;-2.682499885559082
112360.039999996060000;-2.682499885559082
112385.019999996060000;-2.682499885559082
112409.999999996060000;-2.667812347412109
112434.979999996050000;-2.667812347412109
112459.959999996050000;-2.667812347412109
112484.939999996040000;-2.667812347412109
112509.919999996040000;-2.681874990463257
112534.899999996040000;-2.681874990463257
112559.879999996030000;-2.681874990463257
112584.859999996030000;-2.681874990463257
112609.839999996020000;-2.683749914169312
112634.819999996020000;-2.683749914169312
112659.799999996020000;-2.683749914169312
112684.779999996010000;-2.683749914169312
112709.759999996010000;-2.672812461853027
112734.739999996000000;-2.672812461853027
112759.719999996000000;-2.672812461853027
112784.699999996000000;-2.672812461853027
112809.679999995990000;-2.664687395095825
112834.659999995990000;-2.664687395095825
112859.639999995980000;-2.664687395095825
112884.619999995980000;-2.664687395095825
112909.599999995970000;-2.682187557220459
112934.579999995970000;-2.682187557220459
112959.559999995970000;-2.682187557220459
112984.539999995960000;-2.682187557220459
113009.519999995960000;-2.679999828338623
113034.499999995950000;-2.679999828338623
113059.479999995950000;-2.679999828338623
113084.459999995950000;-2.679999828338623
113109.439999995940000;-2.687187433242798
113134.419999995940000;-2.687187433242798
113159.399999995930000;-2.687187433242798
113184.379999995930000;-2.687187433242798
113209.359999995930000;-2.677187442779541
113234.339999995920000;-2.677187442779541
113259.319999995920000;-2.677187442779541
113284.299999995910000;-2.677187442779541
113309.279999995910000;-2.680624961853027
113334.259999995910000;-2.680624961853027
113359.239999995900000;-2.680624961853027
113384.219999995900000;-2.680624961853027
113409.199999995890000;-2.674687385559082
113434.179999995890000;-2.674687385559082
113459.159999995890000;-2.674687385559082
113484.139999995880000;-2.674687385559082
113509.119999995880000;-2.677812337875366
113534.099999995870000;-2.677812337875366
113559.079999995870000;-2.677812337875366
113584.059999995860000;-2.677812337875366
113609.039999995860000;-2.681249856948853
113634.019999995860000;-2.681249856948853
113658.999999995850000;-2.681249856948853
113683.979999995850000;-2.681249856948853
113708.959999995840000;-2.685312509536743
113733.939999995840000;-2.685312509536743
113758.919999995840000;-2.685312509536743
113783.899999995830000;-2.685312509536743
113808.879999995830000;-2.683749914169312
113833.859999995820000;-2.683749914169312
113858.839999995820000;-2.683749914169312
113883.819999995820000;-2.683749914169312
113908.799999995810000;-2.662812471389771
113933.779999995810000;-2.662812471389771
113958.759999995800000;-2.662812471389771
113983.739999995800000;-2.662812471389771
114008.719999995800000;-2.687187433242798
114033.699999995790000;-2.687187433242798
114058.679999995790000;-2.687187433242798
114083.659999995780000;-2.687187433242798
114108.639999995780000;-2.679687500000000
114133.619999995780000;-2.679687500000000
114158.599999995770000;-2.679687500000000
114183.579999995770000;-2.679687500000000
114208.559999995760000;-2.687500000000000
114233.539999995760000;-2.687500000000000
114258.519999995750000;-2.687500000000000
114283.499999995750000;-2.687500000000000
114308.479999995750000;-2.678124904632568
114333.459999995740000;-2.678124904632568
114358.439999995740000;-2.678124904632568
114383.419999995730000;-2.678124904632568
114408.399999995730000;-2.680937528610230
114433.379999995730000;-2.680937528610230
114458.359999995720000;-2.680937528610230
114483.339999995720000;-2.680937528610230
114508.319999995710000;-2.677187442779541
114533.299999995710000;-2.677187442779541
114558.279999995710000;-2.677187442779541
114583.259999995700000;-2.677187442779541
114608.239999995700000;-2.691249847412109
114633.219999995690000;-2.691249847412109
114658.199999995690000;-2.691249847412109
114683.179999995690000;-2.691249847412109
114708.159999995680000;-2.681874990463257
114733.139999995680000;-2.681874990463257
114758.119999995670000;-2.681874990463257
114783.099999995670000;-2.681874990463257
114808.079999995670000;-2.688124895095825
114833.059999995660000;-2.688124895095825
114858.039999995660000;-2.688124895095825
114883.019999995650000;-2.688124895095825
114907.999999995650000;-2.684062480926514
114932.979999995640000;-2.684062480926514
114957.959999995640000;-2.684062480926514
114982.939999995640000;-2.684062480926514
115007.919999995630000;-2.681874990463257
115032.899999995630000;-2.681874990463257
115057.879999995620000;-2.681874990463257
115082.859999995620000;-2.681874990463257
115107.839999995620000;-2.676874876022339
115132.819999995610000;-2.676874876022339
115157.799999995610000;-2.676874876022339
115182.779999995600000;-2.676874876022339
115207.759999995600000;-2.678750038146973
115232.739999995600000;-2.678750038146973
115257.719999995590000;-2.678750038146973
115282.699999995590000;-2.678750038146973
115307.679999995580000;-2.685937404632568
115332.659999995580000;-2.685937404632568
115357.639999995580000;-2.685937404632568
115382.619999995570000;-2.685937404632568
115407.599999995570000;-2.695624828338623
115432.579999995560000;-2.695624828338623
115457.559999995560000;-2.695624828338623
115482.539999995560000;-2.695624828338623
115507.519999995550000;-2.679062366485596
115532.499999995550000;-2.679062366485596
115557.479999995540000;-2.679062366485596
115582.459999995540000;-2.679062366485596
115607.439999995530000;-2.676562547683716
115632.419999995530000;-2.676562547683716
115657.399999995530000;-2.676562547683716
115682.379999995520000;-2.676562547683716
115707.359999995520000;-2.684375047683716
115732.339999995510000;-2.684375047683716
115757.319999995510000;-2.684375047683716
115782.299999995510000;-2.684375047683716
115807.279999995500000;-2.674062490463257
115832.259999995500000;-2.674062490463257
115857.239999995490000;-2.674062490463257
115882.219999995490000;-2.674062490463257
115907.199999995490000;-2.680312395095825
115932.179999995480000;-2.680312395095825
115957.159999995480000;-2.680312395095825
115982.139999995470000;-2.680312395095825
116007.119999995470000;-2.687187433242798
116032.099999995470000;-2.687187433242798
116057.079999995460000;-2.687187433242798
116082.059999995460000;-2.687187433242798
116107.039999995450000;-2.691249847412109
116132.019999995450000;-2.691249847412109
116156.999999995450000;-2.691249847412109
116181.979999995440000;-2.691249847412109
116206.959999995440000;-2.680624961853027
116231.939999995430000;-2.680624961853027
116256.919999995430000;-2.680624961853027
116281.899999995420000;-2.680624961853027
116306.879999995420000;-2.684999942779541
116331.859999995420000;-2.684999942779541
116356.839999995410000;-2.684999942779541
116381.819999995410000;-2.684999942779541
116406.799999995400000;-2.679062366485596
116431.779999995400000;-2.679062366485596
116456.759999995400000;-2.679062366485596
116481.739999995390000;-2.679062366485596
116506.719999995390000;-2.690312385559082
116531.699999995380000;-2.690312385559082
116556.679999995380000;-2.690312385559082
116581.659999995380000;-2.690312385559082
116606.639999995370000;-2.684062480926514
116631.619999995370000;-2.684062480926514
116656.599999995360000;-2.684062480926514
116681.579999995360000;-2.684062480926514
116706.559999995360000;-2.681874990463257
116731.539999995350000;-2.681874990463257
116756.519999995350000;-2.681874990463257
116781.499999995340000;-2.681874990463257
116806.479999995340000;-2.682187557220459
116831.459999995340000;-2.682187557220459
116856.439999995330000;-2.682187557220459
116881.419999995330000;-2.682187557220459
116906.399999995320000;-2.676874876022339
116931.379999995320000;-2.676874876022339
116956.359999995310000;-2.676874876022339
116981.339999995310000;-2.676874876022339
117006.319999995310000;-2.694687366485596
117031.299999995300000;-2.694687366485596
117056.279999995300000;-2.694687366485596
117081.259999995290000;-2.694687366485596
117106.239999995290000;-2.685937404632568
117131.219999995290000;-2.685937404632568
117156.199999995280000;-2.685937404632568
117181.179999995280000;-2.685937404632568
117206.159999995270000;-2.689062356948853
117231.139999995270000;-2.689062356948853
117256.119999995270000;-2.689062356948853
117281.099999995260000;-2.689062356948853
117306.079999995260000;-2.679374933242798
117331.059999995250000;-2.679374933242798
117356.039999995250000;-2.679374933242798
117381.019999995250000;-2.679374933242798
117405.999999995240000;-2.686874866485596
117430.979999995240000;-2.686874866485596
117455.959999995230000;-2.686874866485596
117480.939999995230000;-2.686874866485596
117505.919999995230000;-2.669687509536743
117530.899999995220000;-2.669687509536743
117555.879999995220000;-2.669687509536743
117580.859999995210000;-2.669687509536743
117605.839999995210000;-2.684999942779541
117630.819999995200000;-2.684999942779541
117655.799999995200000;-2.684999942779541
117680.779999995200000;-2.684999942779541
117705.759999995190000;-2.687187433242798
117730.739999995190000;-2.687187433242798
117755.719999995180000;-2.687187433242798
117780.699999995180000;-2.687187433242798
117805.679999995180000;-2.686874866485596
117830.659999995170000;-2.686874866485596
117855.639999995170000;-2.686874866485596
117880.619999995160000;-2.686874866485596
117905.599999995160000;-2.684687376022339
117930.579999995160000;-2.684687376022339
117955.559999995150000;-2.684687376022339
117980.539999995150000;-2.684687376022339
118005.519999995140000;-2.679374933242798
118030.499999995140000;-2.679374933242798
118055.479999995140000;-2.679374933242798
118080.459999995130000;-2.679374933242798
118105.439999995130000;-2.681562423706055
118130.419999995120000;-2.681562423706055
118155.399999995120000;-2.681562423706055
118180.379999995120000;-2.681562423706055
118205.359999995110000;-2.690312385559082
118230.339999995110000;-2.690312385559082
118255.319999995100000;-2.690312385559082
118280.299999995100000;-2.690312385559082
118305.279999995090000;-2.690624952316284
118330.259999995090000;-2.690624952316284
118355.239999995090000;-2.690624952316284
118380.219999995080000;-2.690624952316284
118405.199999995080000;-2.687812328338623
118430.179999995070000;-2.687812328338623
118455.159999995070000;-2.687812328338623
118480.139999995070000;-2.687812328338623
118505.119999995060000;-2.682499885559082
118530.099999995060000;-2.682499885559082
118555.079999995050000;-2.682499885559082
118580.059999995050000;-2.682499885559082
118605.039999995050000;-2.674375057220459
118630.019999995040000;-2.674375057220459
118654.999999995040000;-2.674375057220459
118679.979999995030000;-2.674375057220459
118704.959999995030000;-2.679374933242798
118729.939999995030000;-2.679374933242798
118754.919999995020000;-2.679374933242798
118779.899999995020000;-2.679374933242798
118804.879999995010000;-2.684375047683716
118829.859999995010000;-2.684375047683716
118854.839999995010000;-2.684375047683716
118879.819999995000000;-2.684375047683716
118904.799999995000000;-2.687812328338623
118929.779999994990000;-2.687812328338623
118954.759999994990000;-2.687812328338623
118979.739999994980000;-2.687812328338623
119004.719999994980000;-2.680624961853027
119029.699999994980000;-2.680624961853027
119054.679999994970000;-2.680624961853027
119079.659999994970000;-2.680624961853027
119104.639999994960000;-2.684062480926514
119129.619999994960000;-2.684062480926514
119154.599999994960000;-2.684062480926514
119179.579999994950000;-2.684062480926514
119204.559999994950000;-2.687500000000000
119229.539999994940000;-2.687500000000000
119254.519999994940000;-2.687500000000000
119279.499999994940000;-2.687500000000000
119304.479999994930000;-2.687500000000000
119329.459999994930000;-2.687500000000000
119354.439999994920000;-2.687500000000000
119379.419999994920000;-2.687500000000000
119404.399999994920000;-2.699687480926514
119429.379999994910000;-2.699687480926514
119454.359999994910000;-2.699687480926514
119479.339999994900000;-2.699687480926514
119504.319999994900000;-2.682499885559082
119529.299999994900000;-2.682499885559082
119554.279999994890000;-2.682499885559082
119579.259999994890000;-2.682499885559082
119604.239999994880000;-2.682187557220459
119629.219999994880000;-2.682187557220459
119654.199999994870000;-2.682187557220459
119679.179999994870000;-2.682187557220459
119704.159999994870000;-2.684062480926514
119729.139999994860000;-2.684062480926514
119754.119999994860000;-2.684062480926514
119779.099999994850000;-2.684062480926514
119804.079999994850000;-2.692812442779541
119829.059999994850000;-2.692812442779541
119854.039999994840000;-2.692812442779541
119879.019999994840000;-2.692812442779541
119903.999999994830000;-2.696562528610230
119928.979999994830000;-2.696562528610230
119953.959999994830000;-2.696562528610230
119978.939999994820000;-2.696562528610230
120003.919999994820000;-2.688437461853027
120028.899999994810000;-2.688437461853027
120053.879999994810000;-2.688437461853027
120078.859999994810000;-2.688437461853027
120103.839999994800000;-2.674375057220459
120128.819999994800000;-2.674375057220459
120153.799999994790000;-2.674375057220459
120178.779999994790000;-2.674375057220459
120203.759999994790000;-2.694999933242798
120228.739999994780000;-2.694999933242798
120253.719999994780000;-2.694999933242798
120278.699999994770000;-2.694999933242798
120303.679999994770000;-2.682499885559082
120328.659999994760000;-2.682499885559082
120353.639999994760000;-2.682499885559082
120378.619999994760000;-2.682499885559082
120403.599999994750000;-2.692187547683716
120428.579999994750000;-2.692187547683716
120453.559999994740000;-2.692187547683716
120478.539999994740000;-2.692187547683716
120503.519999994740000;-2.684687376022339
120528.499999994730000;-2.684687376022339
120553.479999994730000;-2.684687376022339
120578.459999994720000;-2.684687376022339
120603.439999994720000;-2.690000057220459
120628.419999994720000;-2.690000057220459
120653.399999994710000;-2.690000057220459
120678.379999994710000;-2.690000057220459
120703.359999994700000;-2.700624942779541
120728.339999994700000;-2.700624942779541
120753.319999994700000;-2.700624942779541
120778.299999994690000;-2.700624942779541
120803.279999994690000;-2.697499990463257
120828.259999994680000;-2.697499990463257
120853.239999994680000;-2.697499990463257
120878.219999994680000;-2.697499990463257
120903.199999994670000;-2.677500009536743
120928.179999994670000;-2.677500009536743
120953.159999994660000;-2.677500009536743
120978.139999994660000;-2.677500009536743
121003.119999994650000;-2.662812471389771
121028.099999994650000;-2.662812471389771
121053.079999994650000;-2.662812471389771
121078.059999994640000;-2.662812471389771
121103.039999994640000;-2.685937404632568
121128.019999994630000;-2.685937404632568
121152.999999994630000;-2.685937404632568
121177.979999994630000;-2.685937404632568
121202.959999994620000;-2.686249971389771
121227.939999994620000;-2.686249971389771
121252.919999994610000;-2.686249971389771
121277.899999994610000;-2.686249971389771
121302.879999994610000;-2.680312395095825
121327.859999994600000;-2.680312395095825
121352.839999994600000;-2.680312395095825
121377.819999994590000;-2.680312395095825
121402.799999994590000;-2.695937395095825
121427.779999994590000;-2.695937395095825
121452.759999994580000;-2.695937395095825
121477.739999994580000;-2.695937395095825
121502.719999994570000;-2.679062366485596
121527.699999994570000;-2.679062366485596
121552.679999994570000;-2.679062366485596
121577.659999994560000;-2.679062366485596
121602.639999994560000;-2.684062480926514
121627.619999994550000;-2.684062480926514
121652.599999994550000;-2.684062480926514
121677.579999994540000;-2.684062480926514
121702.559999994540000;-2.684062480926514
121727.539999994540000;-2.684062480926514
121752.519999994530000;-2.684062480926514
121777.499999994530000;-2.684062480926514
121802.479999994520000;-2.698124885559082
121827.459999994520000;-2.698124885559082
121852.439999994520000;-2.698124885559082
121877.419999994510000;-2.698124885559082
121902.399999994510000;-2.676249980926514
121927.379999994500000;-2.676249980926514
121952.359999994500000;-2.676249980926514
121977.339999994500000;-2.676249980926514
122002.319999994490000;-2.707812547683716
122027.299999994490000;-2.707812547683716
122052.279999994480000;-2.707812547683716
122077.259999994480000;-2.707812547683716
122102.239999994480000;-2.681874990463257
122127.219999994470000;-2.681874990463257
122152.199999994470000;-2.681874990463257
122177.179999994460000;-2.681874990463257
122202.159999994460000;-2.666874885559082
122227.139999994460000;-2.666874885559082
122252.119999994450000;-2.666874885559082
122277.099999994450000;-2.666874885559082
122302.079999994440000;-2.669687509536743
122327.059999994440000;-2.669687509536743
122352.039999994430000;-2.669687509536743
122377.019999994430000;-2.669687509536743
122401.999999994430000;-2.696562528610230
122426.979999994420000;-2.696562528610230
122451.959999994420000;-2.696562528610230
122476.939999994410000;-2.696562528610230
122501.919999994410000;-2.691249847412109
122526.899999994410000;-2.691249847412109
122551.879999994400000;-2.691249847412109
122576.859999994400000;-2.691249847412109
122601.839999994390000;-2.695312500000000
122626.819999994390000;-2.695312500000000
122651.799999994390000;-2.695312500000000
122676.779999994380000;-2.695312500000000
122701.759999994380000;-2.680312395095825
122726.739999994370000;-2.680312395095825
122751.719999994370000;-2.680312395095825
122776.699999994370000;-2.680312395095825
122801.679999994360000;-2.690937519073486
122826.659999994360000;-2.690937519073486
122851.639999994350000;-2.690937519073486
122876.619999994350000;-2.690937519073486
122901.599999994350000;-2.701249837875366
122926.579999994340000;-2.701249837875366
122951.559999994340000;-2.701249837875366
122976.539999994330000;-2.701249837875366
123001.519999994330000;-2.690937519073486
123026.499999994320000;-2.690937519073486
123051.479999994320000;-2.690937519073486
123076.459999994320000;-2.690937519073486
123101.439999994310000;-2.690312385559082
123126.419999994310000;-2.690312385559082
123151.399999994300000;-2.690312385559082
123176.379999994300000;-2.690312385559082
123201.359999994300000;-2.684999942779541
123226.339999994290000;-2.684999942779541
123251.319999994290000;-2.684999942779541
123276.299999994280000;-2.684999942779541
123301.279999994280000;-2.675312519073486
123326.259999994280000;-2.675312519073486
123351.239999994270000;-2.675312519073486
123376.219999994270000;-2.675312519073486
123401.199999994260000;-2.684062480926514
123426.179999994260000;-2.684062480926514
123451.159999994260000;-2.684062480926514
123476.139999994250000;-2.684062480926514
123501.119999994250000;-2.686874866485596
123526.099999994240000;-2.686874866485596
123551.079999994240000;-2.686874866485596
123576.059999994240000;-2.686874866485596
123601.039999994230000;-2.686874866485596
123626.019999994230000;-2.686874866485596
123650.999999994220000;-2.686874866485596
123675.979999994220000;-2.686874866485596
123700.959999994210000;-2.686249971389771
123725.939999994210000;-2.686249971389771
123750.919999994210000;-2.686249971389771
123775.899999994200000;-2.686249971389771
123800.879999994200000;-2.684375047683716
123825.859999994190000;-2.684375047683716
123850.839999994190000;-2.684375047683716
123875.819999994190000;-2.684375047683716
123900.799999994180000;-2.676249980926514
123925.779999994180000;-2.676249980926514
123950.759999994170000;-2.676249980926514
123975.739999994170000;-2.676249980926514
124000.719999994170000;-2.667812347412109
124025.699999994160000;-2.667812347412109
124050.679999994160000;-2.667812347412109
124075.659999994150000;-2.667812347412109
124100.639999994150000;-2.685624837875366
124125.619999994150000;-2.685624837875366
124150.599999994140000;-2.685624837875366
124175.579999994140000;-2.685624837875366
124200.559999994130000;-2.682499885559082
124225.539999994130000;-2.682499885559082
124250.519999994130000;-2.682499885559082
124275.499999994120000;-2.682499885559082
124300.479999994120000;-2.691562414169312
124325.459999994110000;-2.691562414169312
124350.439999994110000;-2.691562414169312
124375.419999994100000;-2.691562414169312
124400.399999994100000;-2.694999933242798
124425.379999994100000;-2.694999933242798
124450.359999994090000;-2.694999933242798
124475.339999994090000;-2.694999933242798
124500.319999994080000;-2.685312509536743
124525.299999994080000;-2.685312509536743
124550.279999994080000;-2.685312509536743
124575.259999994070000;-2.685312509536743
124600.239999994070000;-2.692812442779541
124625.219999994060000;-2.692812442779541
124650.199999994060000;-2.692812442779541
124675.179999994060000;-2.692812442779541
124700.159999994050000;-2.698437452316284
124725.139999994050000;-2.698437452316284
124750.119999994040000;-2.698437452316284
124775.099999994040000;-2.698437452316284
124800.079999994040000;-2.694687366485596
124825.059999994030000;-2.694687366485596
124850.039999994030000;-2.694687366485596
124875.019999994020000;-2.694687366485596
124899.999999994020000;-2.684687376022339
124924.979999994020000;-2.684687376022339
124949.959999994010000;-2.684687376022339
124974.939999994010000;-2.684687376022339
124999.919999994000000;-2.693749904632568
125024.899999994000000;-2.693749904632568
125049.879999993990000;-2.693749904632568
125074.859999993990000;-2.693749904632568
125099.839999993990000;-2.698750019073486
125124.819999993980000;-2.698750019073486
125149.799999993980000;-2.698750019073486
125174.779999993970000;-2.698750019073486
125199.759999993970000;-2.693437337875366
125224.739999993970000;-2.693437337875366
125249.719999993960000;-2.693437337875366
125274.699999993960000;-2.693437337875366
125299.679999993950000;-2.703125000000000
125324.659999993950000;-2.703125000000000
125349.639999993950000;-2.703125000000000
125374.619999993940000;-2.703125000000000
125399.599999993940000;-2.693437337875366
125424.579999993930000;-2.693437337875366
125449.559999993930000;-2.693437337875366
125474.539999993930000;-2.693437337875366
125499.519999993920000;-2.694687366485596
125524.499999993920000;-2.694687366485596
125549.479999993910000;-2.694687366485596
125574.459999993910000;-2.694687366485596
125599.439999993910000;-2.688124895095825
125624.419999993900000;-2.688124895095825
125649.399999993900000;-2.688124895095825
125674.379999993890000;-2.688124895095825
125699.359999993890000;-2.688124895095825
125724.339999993880000;-2.688124895095825
125749.319999993880000;-2.688124895095825
125774.299999993880000;-2.688124895095825
125799.279999993870000;-2.694687366485596
125824.259999993870000;-2.694687366485596
125849.239999993860000;-2.694687366485596
125874.219999993860000;-2.694687366485596
125899.199999993860000;-2.692499876022339
125924.179999993850000;-2.692499876022339
125949.159999993850000;-2.692499876022339
125974.139999993840000;-2.692499876022339
125999.119999993840000;-2.712812423706055
126024.099999993840000;-2.712812423706055
126049.079999993830000;-2.712812423706055
126074.059999993830000;-2.712812423706055
126099.039999993820000;-2.693125009536743
126124.019999993820000;-2.693125009536743
126148.999999993820000;-2.693125009536743
126173.979999993810000;-2.693125009536743
126198.959999993810000;-2.691562414169312
126223.939999993800000;-2.691562414169312
126248.919999993800000;-2.691562414169312
126273.899999993800000;-2.691562414169312
126298.879999993790000;-2.694062471389771
126323.859999993790000;-2.694062471389771
126348.839999993780000;-2.694062471389771
126373.819999993780000;-2.694062471389771
126398.799999993770000;-2.696249961853027
126423.779999993770000;-2.696249961853027
126448.759999993770000;-2.696249961853027
126473.739999993760000;-2.696249961853027
126498.719999993760000;-2.677500009536743
126523.699999993750000;-2.677500009536743
126548.679999993750000;-2.677500009536743
126573.659999993750000;-2.677500009536743
126598.639999993740000;-2.697499990463257
126623.619999993740000;-2.697499990463257
126648.599999993730000;-2.697499990463257
126673.579999993730000;-2.697499990463257
126698.559999993730000;-2.687187433242798
126723.539999993720000;-2.687187433242798
126748.519999993720000;-2.687187433242798
126773.499999993710000;-2.687187433242798
126798.479999993710000;-2.687812328338623
126823.459999993710000;-2.687812328338623
126848.439999993700000;-2.687812328338623
126873.419999993700000;-2.687812328338623
126898.399999993690000;-2.693437337875366
126923.379999993690000;-2.693437337875366
126948.359999993690000;-2.693437337875366
126973.339999993680000;-2.693437337875366
126998.319999993680000;-2.691249847412109
127023.299999993670000;-2.691249847412109
127048.279999993670000;-2.691249847412109
127073.259999993660000;-2.691249847412109
127098.239999993660000;-2.694687366485596
127123.219999993660000;-2.694687366485596
127148.199999993650000;-2.694687366485596
127173.179999993650000;-2.694687366485596
127198.159999993640000;-2.677187442779541
127223.139999993640000;-2.677187442779541
127248.119999993640000;-2.677187442779541
127273.099999993630000;-2.677187442779541
127298.079999993630000;-2.685624837875366
127323.059999993620000;-2.685624837875366
127348.039999993620000;-2.685624837875366
127373.019999993620000;-2.685624837875366
127397.999999993610000;-2.696249961853027
127422.979999993610000;-2.696249961853027
127447.959999993600000;-2.696249961853027
127472.939999993600000;-2.696249961853027
127497.919999993600000;-2.691249847412109
127522.899999993590000;-2.691249847412109
127547.879999993590000;-2.691249847412109
127572.859999993580000;-2.691249847412109
127597.839999993580000;-2.676562547683716
127622.819999993580000;-2.676562547683716
127647.799999993570000;-2.676562547683716
127672.779999993570000;-2.676562547683716
127697.759999993560000;-2.687187433242798
127722.739999993560000;-2.687187433242798
127747.719999993550000;-2.687187433242798
127772.699999993550000;-2.687187433242798
127797.679999993550000;-2.694375038146973
127822.659999993540000;-2.694375038146973
127847.639999993540000;-2.694375038146973
127872.619999993530000;-2.694375038146973
127897.599999993530000;-2.692499876022339
127922.579999993530000;-2.692499876022339
127947.559999993520000;-2.692499876022339
127972.539999993520000;-2.692499876022339
127997.519999993510000;-2.694999933242798
128022.499999993510000;-2.694999933242798
128047.479999993510000;-2.694999933242798
128072.459999993500000;-2.694999933242798
128097.439999993500000;-2.691562414169312
128122.419999993490000;-2.691562414169312
128147.399999993490000;-2.691562414169312
128172.379999993490000;-2.691562414169312
128197.359999993480000;-2.694062471389771
128222.339999993480000;-2.694062471389771
128247.319999993470000;-2.694062471389771
128272.299999993470000;-2.694062471389771
128297.279999993470000;-2.686249971389771
128322.259999993460000;-2.686249971389771
128347.239999993460000;-2.686249971389771
128372.219999993450000;-2.686249971389771
128397.199999993450000;-2.694062471389771
128422.179999993440000;-2.694062471389771
128447.159999993440000;-2.694062471389771
128472.139999993440000;-2.694062471389771
128497.119999993430000;-2.694062471389771
128522.099999993430000;-2.694062471389771
128547.079999993420000;-2.694062471389771
128572.059999993420000;-2.694062471389771
128597.039999993420000;-2.693125009536743
128622.019999993410000;-2.693125009536743
128646.999999993410000;-2.693125009536743
128671.979999993400000;-2.693125009536743
128696.959999993400000;-2.698437452316284
128721.939999993400000;-2.698437452316284
128746.919999993390000;-2.698437452316284
128771.899999993390000;-2.698437452316284
128796.879999993380000;-2.688750028610230
128821.859999993380000;-2.688750028610230
128846.839999993380000;-2.688750028610230
128871.819999993370000;-2.688750028610230
128896.800000000020000;-2.694999933242798
128921.780000000010000;-2.690624952316284
128946.760000000020000;-2.698437452316284
128971.740000000020000;-2.681249856948853
128996.720000000020000;-2.694375038146973
129021.700000000010000;-2.693749904632568
129046.680000000020000;-2.694375038146973
129071.660000000020000;-2.699687480926514
129096.640000000010000;-2.704687356948853
129121.620000000020000;-2.692812442779541
129146.600000000020000;-2.697812557220459
129171.580000000020000;-2.688750028610230
129196.560000000010000;-2.690312385559082
129221.540000000020000;-2.689374923706055
129246.520000000020000;-2.694062471389771
129271.500000000010000;-2.692187547683716
129296.480000000010000;-2.687187433242798
129321.460000000020000;-2.685624837875366
129346.440000000020000;-2.695312500000000
129371.420000000010000;-2.716562509536743
129396.400000000020000;-2.700624942779541
129421.380000000020000;-2.690624952316284
129446.360000000020000;-2.700624942779541
129471.340000000010000;-2.701562404632568
129496.320000000020000;-2.686874866485596
129521.300000000020000;-2.684375047683716
129546.280000000010000;-2.709687471389771
129571.260000000020000;-2.695937395095825
129596.240000000020000;-2.676874876022339
129621.220000000020000;-2.693125009536743
129646.200000000010000;-2.690624952316284
129671.180000000020000;-2.696249961853027
129696.160000000020000;-2.686249971389771
129721.140000000010000;-2.707499980926514
129746.120000000020000;-2.698437452316284
129771.100000000020000;-2.695312500000000
129796.080000000020000;-2.694999933242798
129821.060000000010000;-2.670937538146973
129846.040000000020000;-2.702187538146973
129871.020000000020000;-2.701562404632568
129896.000000000010000;-2.685312509536743
129920.980000000030000;-2.694375038146973
129945.960000000020000;-2.684687376022339
129970.940000000020000;-2.694687366485596
129995.920000000010000;-2.714062452316284
130020.900000000020000;-2.713124990463257
130045.880000000020000;-2.707187414169312
130070.860000000020000;-2.699687480926514
130095.840000000010000;-2.685312509536743
130120.820000000020000;-2.690000057220459
130145.800000000020000;-2.694687366485596
130170.780000000010000;-2.688750028610230
130195.760000000020000;-2.695937395095825
130220.740000000020000;-2.710624933242798
130245.720000000020000;-2.693749904632568
130270.700000000010000;-2.680312395095825
130295.680000000020000;-2.694999933242798
130320.660000000020000;-2.710624933242798
130345.640000000010000;-2.699374914169312
130370.620000000020000;-2.696562528610230
130395.600000000020000;-2.688437461853027
130420.580000000020000;-2.694375038146973
130445.560000000010000;-2.719062328338623
130470.540000000020000;-2.703125000000000
130495.520000000020000;-2.695624828338623
130520.500000000010000;-2.681249856948853
130545.480000000030000;-2.700312376022339
130570.460000000020000;-2.698437452316284
130595.440000000020000;-2.704375028610230
130620.420000000010000;-2.697187423706055
130645.400000000020000;-2.696874856948853
130670.380000000020000;-2.706874847412109
130695.360000000020000;-2.689062356948853
130720.340000000030000;-2.695937395095825
130745.320000000020000;-2.692812442779541
130770.300000000020000;-2.707499980926514
130795.280000000010000;-2.684687376022339
130820.260000000020000;-2.709062337875366
130845.240000000020000;-2.700312376022339
130870.220000000020000;-2.696874856948853
130895.200000000010000;-2.695624828338623
130920.180000000020000;-2.692812442779541
130945.160000000020000;-2.700624942779541
130970.140000000010000;-2.703437328338623
130995.120000000020000;-2.691249847412109
131020.100000000020000;-2.702499866485596
131045.080000000020000;-2.692187547683716
131070.060000000010000;-2.698124885559082
131095.040000000010000;-2.693437337875366
131120.020000000020000;-2.700624942779541
131145.000000000030000;-2.704062461853027
131169.980000000010000;-2.694375038146973
131194.960000000020000;-2.694062471389771
131219.940000000030000;-2.691874980926514
131244.920000000010000;-2.691249847412109
131269.900000000020000;-2.694062471389771
131294.880000000000000;-2.688750028610230
131319.860000000020000;-2.701249837875366
131344.840000000030000;-2.696874856948853
131369.820000000010000;-2.692499876022339
131394.800000000020000;-2.684375047683716
131419.780000000030000;-2.682499885559082
131444.760000000010000;-2.680937528610230
131469.740000000020000;-2.691249847412109
131494.720000000030000;-2.699687480926514
131519.700000000010000;-2.714687347412109
131544.680000000020000;-2.700624942779541
131569.660000000030000;-2.675312519073486
131594.640000000010000;-2.688124895095825
131619.620000000020000;-2.691249847412109
131644.600000000010000;-2.685937404632568
131669.580000000020000;-2.691249847412109
131694.560000000030000;-2.689687490463257
131719.540000000010000;-2.684062480926514
131744.520000000020000;-2.674687385559082
131769.500000000030000;-2.690312385559082
131794.480000000010000;-2.678750038146973
131819.460000000020000;-2.676249980926514
131844.440000000030000;-2.675312519073486
131869.420000000010000;-2.678750038146973
131894.400000000020000;-2.668437480926514
131919.380000000000000;-2.647187471389771
131944.360000000020000;-2.660312414169312
131969.340000000030000;-2.664687395095825
131994.320000000010000;-2.659374952316284
132019.300000000020000;-2.659062385559082
132044.280000000030000;-2.654999971389771
132069.260000000010000;-2.657812356948853
132094.240000000020000;-2.644999980926514
132119.220000000030000;-2.641875028610230
132144.200000000010000;-2.643437385559082
132169.180000000020000;-2.644687414169312
132194.160000000030000;-2.650312423706055
132219.140000000010000;-2.636562347412109
132244.120000000020000;-2.619062423706055
132269.100000000010000;-2.632499933242798
132294.080000000020000;-2.631562471389771
132319.060000000030000;-2.619062423706055
132344.040000000010000;-2.633437395095825
132369.020000000020000;-2.629374980926514
132394.000000000030000;-2.618124961853027
132418.980000000010000;-2.623437404632568
132443.960000000020000;-2.621562480926514
132468.940000000030000;-2.615937471389771
132493.920000000010000;-2.609062433242798
132518.900000000020000;-2.612187385559082
132543.880000000030000;-2.606250047683716
132568.860000000020000;-2.605624914169312
132593.840000000030000;-2.593124866485596
132618.820000000010000;-2.614062547683716
132643.800000000020000;-2.599062442779541
132668.780000000030000;-2.603124856948853
132693.760000000010000;-2.579999923706055
132718.740000000020000;-2.609062433242798
132743.720000000030000;-2.600937366485596
132768.700000000010000;-2.595937490463257
132793.680000000020000;-2.621875047683716
132818.660000000030000;-2.597499847412109
132843.640000000010000;-2.595624923706055
132868.620000000020000;-2.600312471389771
132893.600000000010000;-2.591249942779541
132918.580000000020000;-2.592499971389771
132943.560000000030000;-2.589687347412109
132968.540000000010000;-2.580312490463257
132993.520000000020000;-2.589687347412109
133018.500000000030000;-2.589999914169312
133043.480000000010000;-2.592499971389771
133068.460000000020000;-2.593124866485596
133093.440000000030000;-2.606874942779541
133118.420000000010000;-2.581562519073486
133143.400000000020000;-2.591874837875366
133168.380000000000000;-2.599375009536743
133193.360000000020000;-2.587187528610230
133218.340000000030000;-2.589062452316284
133243.320000000010000;-2.581249952316284
133268.300000000020000;-2.580937385559082
133293.280000000030000;-2.595937490463257
133318.260000000010000;-2.582812547683716
133343.240000000020000;-2.592499971389771
133368.220000000000000;-2.585312366485596
133393.200000000010000;-2.578125000000000
133418.180000000020000;-2.574062347412109
133443.160000000000000;-2.581249952316284
133468.140000000010000;-2.576874971389771
133493.120000000020000;-2.588124990463257
133518.100000000010000;-2.589999914169312
133543.080000000020000;-2.582499980926514
133568.060000000000000;-2.592499971389771
133593.040000000010000;-2.576249837875366
133618.020000000020000;-2.573750019073486
133643.000000000000000;-2.585624933242798
133667.980000000010000;-2.578749895095825
133692.960000000020000;-2.585624933242798
133717.940000000000000;-2.578749895095825
133742.920000000010000;-2.586249828338623
133767.899999999990000;-2.576249837875366
133792.880000000000000;-2.579999923706055
133817.860000000020000;-2.573750019073486
133842.840000000000000;-2.583750009536743
133867.820000000010000;-2.578125000000000
133892.800000000020000;-2.574374914169312
133917.780000000000000;-2.579062461853027
133942.760000000010000;-2.596874952316284
133967.739999999990000;-2.590625047683716
133992.720000000000000;-2.574374914169312
134017.700000000010000;-2.584687471389771
134042.679999999990000;-2.579687356948853
134067.660000000000000;-2.565624952316284
134092.640000000010000;-2.586249828338623
134117.620000000000000;-2.579687356948853
134142.600000000010000;-2.571562528610230
134167.579999999990000;-2.567499876022339
134192.560000000000000;-2.586249828338623
134217.540000000010000;-2.573750019073486
134242.519999999990000;-2.582499980926514
134267.500000000000000;-2.566562414169312
134292.480000000010000;-2.570937395095825
134317.459999999990000;-2.588124990463257
134342.440000000000000;-2.564062356948853
134367.419999999980000;-2.594062328338623
134392.399999999990000;-2.581249952316284
134417.380000000000000;-2.580625057220459
134442.359999999990000;-2.582812547683716
134467.340000000000000;-2.579999923706055
134492.320000000010000;-2.585312366485596
134517.299999999990000;-2.575937509536743
134542.280000000000000;-2.590937376022339
134567.259999999980000;-2.581562519073486
134592.239999999990000;-2.594374895095825
134617.220000000000000;-2.579999923706055
134642.199999999980000;-2.582812547683716
134667.179999999990000;-2.592499971389771
134692.160000000000000;-2.581874847412109
134717.139999999980000;-2.595624923706055
134742.120000000000000;-2.587812423706055
134767.099999999980000;-2.582812547683716
134792.079999999990000;-2.581249952316284
134817.060000000000000;-2.579687356948853
134842.039999999980000;-2.580312490463257
134867.019999999990000;-2.588437557220459
134892.000000000000000;-2.586874961853027
134916.979999999980000;-2.587499856948853
134941.959999999990000;-2.585000038146973
134966.939999999970000;-2.572499990463257
134991.919999999980000;-2.593124866485596
135016.899999999990000;-2.593124866485596
135041.879999999980000;-2.601562500000000
135066.859999999990000;-2.588437557220459
135091.840000000000000;-2.590312480926514
135116.819999999980000;-2.589687347412109
135141.799999999990000;-2.599687337875366
135166.779999999970000;-2.594062328338623
135191.759999999980000;-2.587812423706055
135216.739999999990000;-2.589375019073486
135241.719999999970000;-2.578125000000000
135266.699999999980000;-2.590625047683716
135291.679999999990000;-2.588124990463257
135316.659999999970000;-2.582187414169312
135341.639999999980000;-2.593437433242798
135366.619999999970000;-2.599375009536743
135391.599999999980000;-2.594062328338623
135416.579999999990000;-2.598124980926514
135441.559999999970000;-2.592499971389771
135466.539999999980000;-2.585937500000000
135491.519999999990000;-2.585937500000000
135516.499999999970000;-2.591249942779541
135541.479999999980000;-2.599375009536743
135566.459999999960000;-2.592499971389771
135591.439999999970000;-2.598124980926514
135616.419999999980000;-2.593124866485596
135641.399999999970000;-2.602812528610230
135666.379999999980000;-2.615000009536743
135691.359999999990000;-2.591249942779541
135716.339999999970000;-2.596874952316284
135741.319999999980000;-2.596562385559082
135766.299999999960000;-2.579062461853027
135791.279999999970000;-2.584374904632568
135816.259999999980000;-2.585000038146973
135841.239999999960000;-2.597499847412109
135866.219999999970000;-2.592187404632568
135891.199999999980000;-2.588124990463257
135916.179999999960000;-2.580312490463257
135941.159999999970000;-2.593437433242798
135966.139999999960000;-2.592812538146973
135991.119999999970000;-2.608124971389771
136016.099999999980000;-2.599999904632568
136041.079999999960000;-2.587499856948853
136066.059999999970000;-2.593750000000000
136091.039999999980000;-2.602812528610230
136116.019999999960000;-2.585624933242798
136140.999999999970000;-2.594687461853027
136165.979999999950000;-2.603749990463257
136190.959999999960000;-2.602187395095825
136215.939999999970000;-2.603749990463257
136240.919999999950000;-2.598749876022339
136265.899999999970000;-2.602187395095825
136290.879999999980000;-2.613437414169312
136315.859999999960000;-2.586249828338623
136340.839999999970000;-2.602187395095825
136365.819999999950000;-2.599062442779541
136390.799999999960000;-2.595000028610230
136415.779999999970000;-2.597812414169312
136440.759999999950000;-2.600312471389771
136465.739999999960000;-2.599687337875366
136490.719999999970000;-2.596874952316284
136515.699999999950000;-2.590312480926514
136540.679999999960000;-2.601249933242798
136565.659999999950000;-2.589375019073486
136590.639999999960000;-2.600937366485596
136615.619999999970000;-2.602187395095825
136640.599999999950000;-2.610937356948853
136665.579999999960000;-2.606250047683716
136690.559999999970000;-2.594374895095825
136715.539999999950000;-2.600937366485596
136740.519999999960000;-2.590312480926514
136765.499999999940000;-2.610625028610230
136790.479999999950000;-2.599687337875366
136815.459999999960000;-2.589999914169312
136840.439999999940000;-2.594374895095825
136865.419999999950000;-2.605624914169312
136890.399999999970000;-2.606874942779541
136915.379999999950000;-2.601562500000000
136940.359999999960000;-2.601562500000000
136965.339999999940000;-2.614374876022339
136990.319999999950000;-2.602187395095825
137015.299999999960000;-2.608749866485596
137040.279999999940000;-2.609687328338623
137065.259999999950000;-2.611249923706055
137090.239999999960000;-2.622812509536743
137115.219999999940000;-2.607499837875366
137140.199999999950000;-2.607187509536743
137165.179999999930000;-2.602812528610230
137190.159999999950000;-2.612187385559082
137215.139999999960000;-2.607499837875366
137240.119999999940000;-2.614687442779541
137265.099999999950000;-2.614687442779541
137290.079999999960000;-2.611875057220459
137315.059999999940000;-2.611249923706055
137340.039999999950000;-2.602499961853027
137365.019999999930000;-2.610312461853027
137389.999999999940000;-2.614687442779541
137414.979999999950000;-2.603124856948853
137439.959999999930000;-2.595312356948853
137464.939999999940000;-2.601874828338623
137489.919999999950000;-2.610937356948853
137514.899999999940000;-2.612499952316284
137539.879999999950000;-2.640625000000000
137564.859999999930000;-2.611562490463257
137589.839999999940000;-2.605000019073486
137614.819999999950000;-2.612499952316284
137639.799999999930000;-2.605000019073486
137664.779999999940000;-2.618124961853027
137689.759999999950000;-2.608124971389771
137714.739999999930000;-2.613749980926514
137739.719999999940000;-2.615000009536743
137764.699999999920000;-2.605937480926514
137789.679999999930000;-2.614062547683716
137814.659999999950000;-2.611875057220459
137839.639999999930000;-2.603749990463257
137864.619999999940000;-2.606250047683716
137889.599999999950000;-2.607812404632568
137914.579999999930000;-2.612812519073486
137939.559999999940000;-2.612499952316284
137964.539999999920000;-2.592812538146973
137989.519999999930000;-2.616250038146973
138014.499999999940000;-2.612187385559082
138039.479999999920000;-2.605000019073486
138064.459999999930000;-2.612812519073486
138089.439999999940000;-2.613749980926514
138114.419999999930000;-2.622812509536743
138139.399999999940000;-2.612187385559082
138164.379999999920000;-2.616874933242798
138189.359999999930000;-2.621562480926514
138214.339999999940000;-2.610312461853027
138239.319999999920000;-2.616874933242798
138264.299999999930000;-2.615937471389771
138289.279999999940000;-2.609062433242798
138314.259999999920000;-2.615312337875366
138339.239999999930000;-2.617499828338623
138364.219999999910000;-2.606874942779541
138389.199999999920000;-2.618437528610230
138414.179999999930000;-2.614062547683716
138439.159999999920000;-2.612187385559082
138464.139999999930000;-2.623124837875366
138489.119999999940000;-2.620312452316284
138514.099999999920000;-2.598437547683716
138539.079999999930000;-2.614687442779541
138564.059999999910000;-2.620625019073486
138589.039999999920000;-2.606250047683716
138614.019999999930000;-2.614062547683716
138638.999999999910000;-2.616874933242798
138663.979999999920000;-2.617499828338623
138688.959999999930000;-2.611562490463257
138713.939999999920000;-2.613124847412109
138738.919999999930000;-2.611249923706055
138763.899999999910000;-2.612187385559082
138788.879999999920000;-2.616874933242798
138813.859999999930000;-2.622187376022339
138838.839999999910000;-2.627187490463257
138863.819999999920000;-2.621562480926514
138888.799999999930000;-2.617187500000000
138913.779999999910000;-2.625000000000000
138938.759999999920000;-2.629999876022339
138963.739999999900000;-2.620937347412109
138988.719999999910000;-2.622187376022339
139013.699999999920000;-2.619374990463257
139038.679999999910000;-2.614687442779541
139063.659999999920000;-2.610937356948853
139088.639999999930000;-2.618124961853027
139113.619999999910000;-2.616562366485596
139138.599999999920000;-2.627500057220459
139163.579999999900000;-2.626874923706055
139188.559999999910000;-2.616250038146973
139213.539999999920000;-2.600625038146973
139238.519999999900000;-2.617812395095825
139263.499999999910000;-2.610625028610230
139288.479999999920000;-2.605624914169312
139313.459999999900000;-2.616874933242798
139338.439999999920000;-2.615937471389771
139363.419999999900000;-2.623124837875366
139388.399999999910000;-2.616562366485596
139413.379999999920000;-2.600312471389771
139438.359999999900000;-2.612187385559082
139463.339999999910000;-2.634062528610230
139488.319999999920000;-2.614062547683716
139513.299999999900000;-2.623437404632568
139538.279999999910000;-2.621875047683716
139563.259999999890000;-2.624687433242798
139588.239999999900000;-2.625624895095825
139613.219999999910000;-2.611875057220459
139638.199999999900000;-2.612187385559082
139663.179999999910000;-2.626562356948853
139688.159999999920000;-2.623124837875366
139713.139999999900000;-2.624687433242798
139738.119999999910000;-2.619374990463257
139763.099999999890000;-2.622499942779541
139788.079999999900000;-2.618124961853027
139813.059999999910000;-2.621249914169312
139838.039999999890000;-2.598124980926514
139863.019999999900000;-2.622812509536743
139887.999999999910000;-2.622812509536743
139912.979999999890000;-2.630625009536743
139937.959999999900000;-2.604687452316284
139962.939999999890000;-2.618124961853027
139987.919999999900000;-2.632499933242798
140012.899999999910000;-2.626874923706055
140037.879999999890000;-2.627500057220459
140062.859999999900000;-2.634999990463257
140087.839999999910000;-2.626562356948853
140112.819999999890000;-2.622187376022339
140137.799999999900000;-2.622499942779541
140162.779999999880000;-2.615000009536743
140187.759999999890000;-2.627812385559082
140212.739999999900000;-2.597812414169312
140237.719999999880000;-2.642812490463257
140262.699999999900000;-2.624687433242798
140287.679999999910000;-2.627812385559082
140312.659999999890000;-2.626250028610230
140337.639999999900000;-2.628437519073486
140362.619999999880000;-2.635937452316284
140387.599999999890000;-2.630625009536743
140412.579999999900000;-2.618749856948853
140437.559999999880000;-2.625624895095825
140462.539999999890000;-2.622187376022339
140487.519999999900000;-2.636250019073486
140512.499999999880000;-2.623124837875366
140537.479999999890000;-2.632812500000000
140562.459999999880000;-2.632187366485596
140587.439999999890000;-2.629687547683716
140612.419999999900000;-2.615000009536743
140637.399999999880000;-2.623437404632568
140662.379999999890000;-2.627500057220459
140687.359999999900000;-2.607499837875366
140712.339999999880000;-2.636562347412109
140737.319999999890000;-2.629374980926514
140762.299999999870000;-2.627812385559082
140787.279999999880000;-2.624687433242798
140812.259999999890000;-2.632812500000000
140837.239999999870000;-2.628749847412109
140862.219999999880000;-2.626562356948853
140887.199999999900000;-2.620625019073486
140912.179999999880000;-2.618749856948853
140937.159999999890000;-2.624687433242798
140962.139999999870000;-2.632812500000000
140987.119999999880000;-2.619999885559082
141012.099999999890000;-2.624374866485596
141037.079999999870000;-2.644374847412109
141062.059999999880000;-2.627812385559082
141087.039999999890000;-2.629062414169312
141112.019999999870000;-2.624374866485596
141136.999999999880000;-2.628437519073486
141161.979999999860000;-2.624687433242798
141186.959999999880000;-2.623437404632568
141211.939999999890000;-2.631875038146973
141236.919999999870000;-2.639687538146973
141261.899999999880000;-2.622499942779541
141286.879999999890000;-2.636562347412109
141311.859999999870000;-2.622499942779541
141336.839999999880000;-2.613124847412109
141361.819999999860000;-2.625312328338623
141386.799999999870000;-2.628437519073486
141411.779999999880000;-2.625000000000000
141436.759999999860000;-2.624374866485596
141461.739999999870000;-2.623749971389771
141486.719999999880000;-2.643125057220459
141511.699999999870000;-2.626874923706055
141536.679999999880000;-2.620625019073486
141561.659999999860000;-2.616562366485596
141586.639999999870000;-2.621875047683716
141611.619999999880000;-2.650312423706055
141636.599999999860000;-2.651875019073486
141661.579999999870000;-2.630625009536743
141686.559999999880000;-2.627187490463257
141711.539999999860000;-2.630312442779541
141736.519999999870000;-2.626562356948853
141761.499999999850000;-2.635312557220459
141786.479999999860000;-2.644374847412109
141811.459999999880000;-2.623124837875366
141836.439999999860000;-2.630625009536743
141861.419999999870000;-2.619999885559082
141886.399999999880000;-2.628124952316284
141911.379999999860000;-2.635312557220459
141936.359999999870000;-2.631875038146973
141961.339999999850000;-2.632187366485596
141986.319999999860000;-2.622187376022339
142011.299999999870000;-2.641249895095825
142036.279999999850000;-2.627500057220459
142061.259999999860000;-2.633749961853027
142086.239999999870000;-2.618437528610230
142111.219999999860000;-2.631562471389771
142136.199999999870000;-2.640312433242798
142161.179999999850000;-2.632812500000000
142186.159999999860000;-2.640625000000000
142211.139999999870000;-2.631875038146973
142236.119999999850000;-2.615937471389771
142261.099999999860000;-2.624062538146973
142286.079999999870000;-2.635624885559082
142311.059999999850000;-2.636562347412109
142336.039999999860000;-2.645937442779541
142361.019999999840000;-2.630312442779541
142385.999999999850000;-2.639374971389771
142410.979999999860000;-2.622187376022339
142435.959999999850000;-2.625000000000000
142460.939999999860000;-2.637187480926514
142485.919999999870000;-2.630937337875366
142510.899999999850000;-2.629062414169312
142535.879999999860000;-2.639062404632568
142560.859999999840000;-2.625624895095825
142585.839999999850000;-2.632187366485596
142610.819999999860000;-2.634374856948853
142635.799999999840000;-2.630625009536743
142660.779999999850000;-2.641875028610230
142685.759999999860000;-2.661562442779541
142710.739999999850000;-2.652812480926514
142735.719999999860000;-2.636250019073486
142760.699999999840000;-2.634687423706055
142785.679999999850000;-2.633124828338623
142810.659999999860000;-2.637500047683716
142835.639999999840000;-2.639062404632568
142860.619999999850000;-2.633749961853027
142885.599999999860000;-2.641249895095825
142910.579999999840000;-2.635937452316284
142935.559999999850000;-2.636874914169312
142960.539999999830000;-2.630937337875366
142985.519999999840000;-2.635937452316284
143010.499999999850000;-2.632812500000000
143035.479999999840000;-2.628124952316284
143060.459999999850000;-2.633437395095825
143085.439999999860000;-2.636562347412109
143110.419999999840000;-2.635312557220459
143135.399999999850000;-2.630625009536743
143160.379999999830000;-2.634062528610230
143185.359999999840000;-2.628124952316284
143210.339999999850000;-2.636562347412109
143235.319999999830000;-2.625312328338623
143260.299999999840000;-2.628124952316284
143285.279999999850000;-2.637812376022339
143310.259999999830000;-2.619687557220459
143335.239999999850000;-2.633437395095825
143360.219999999830000;-2.645312547683716
143385.199999999840000;-2.634999990463257
143410.179999999850000;-2.629999876022339
143435.159999999830000;-2.637812376022339
143460.139999999840000;-2.631875038146973
143485.119999999850000;-2.631249904632568
143510.099999999830000;-2.633749961853027
143535.079999999840000;-2.631875038146973
143560.059999999820000;-2.634062528610230
143585.039999999830000;-2.633749961853027
143610.019999999840000;-2.638437509536743
143634.999999999830000;-2.638749837875366
143659.979999999840000;-2.646874904632568
143684.959999999850000;-2.635312557220459
143709.939999999830000;-2.633437395095825
143734.919999999840000;-2.635312557220459
143759.899999999820000;-2.629687547683716
143784.879999999830000;-2.639999866485596
143809.859999999840000;-2.632187366485596
143834.839999999820000;-2.649062395095825
143859.819999999830000;-2.638749837875366
143884.799999999840000;-2.635624885559082
143909.779999999820000;-2.638437509536743
143934.759999999830000;-2.630312442779541
143959.739999999820000;-2.642499923706055
143984.719999999830000;-2.634374856948853
144009.699999999840000;-2.645624876022339
144034.679999999820000;-2.637187480926514
144059.659999999830000;-2.634999990463257
144084.639999999840000;-2.646250009536743
144109.619999999820000;-2.641249895095825
144134.599999999830000;-2.639374971389771
144159.579999999810000;-2.639374971389771
144184.559999999820000;-2.647187471389771
144209.539999999830000;-2.639374971389771
144234.519999999810000;-2.654062509536743
144259.499999999830000;-2.630625009536743
144284.479999999840000;-2.642499923706055
144309.459999999820000;-2.633749961853027
144334.439999999830000;-2.639374971389771
144359.419999999810000;-2.640937328338623
144384.399999999820000;-2.638749837875366
144409.379999999830000;-2.636250019073486
144434.359999999810000;-2.627812385559082
144459.339999999820000;-2.631249904632568
144484.319999999830000;-2.638749837875366
144509.299999999810000;-2.636874914169312
144534.279999999820000;-2.637812376022339
144559.259999999810000;-2.633749961853027
144584.239999999820000;-2.637500047683716
144609.219999999830000;-2.642812490463257
144634.199999999810000;-2.641249895095825
144659.179999999820000;-2.644062519073486
144684.159999999830000;-2.640312433242798
144709.139999999810000;-2.635937452316284
144734.119999999820000;-2.640625000000000
144759.099999999800000;-2.635937452316284
144784.079999999810000;-2.641875028610230
144809.059999999820000;-2.639999866485596
144834.039999999800000;-2.628437519073486
144859.019999999810000;-2.637812376022339
144883.999999999830000;-2.642187356948853
144908.979999999810000;-2.654374837875366
144933.959999999820000;-2.637500047683716
144958.939999999800000;-2.638437509536743
144983.919999999810000;-2.636250019073486
145008.899999999820000;-2.642187356948853
145033.879999999800000;-2.636874914169312
145058.859999999810000;-2.626250028610230
145083.839999999820000;-2.637187480926514
145108.819999999800000;-2.641562461853027
145133.799999999810000;-2.642499923706055
145158.779999999800000;-2.619999885559082
145183.759999999810000;-2.630625009536743
145208.739999999820000;-2.633749961853027
145233.719999999800000;-2.638437509536743
145258.699999999810000;-2.637812376022339
145283.679999999820000;-2.632812500000000
145308.659999999800000;-2.642187356948853
145333.639999999810000;-2.638437509536743
145358.619999999820000;-2.639687538146973
145383.599999999800000;-2.625312328338623
145408.579999999810000;-2.645937442779541
145433.559999999790000;-2.629374980926514
145458.539999999800000;-2.639999866485596
145483.519999999810000;-2.643749952316284
145508.499999999800000;-2.671249866485596
145533.479999999810000;-2.637500047683716
145558.459999999790000;-2.636250019073486
145583.439999999800000;-2.636250019073486
145608.419999999810000;-2.639999866485596
145633.399999999790000;-2.646874904632568
145658.379999999800000;-2.634062528610230
145683.359999999810000;-2.644374847412109
145708.339999999790000;-2.635312557220459
145733.319999999800000;-2.637187480926514
145758.299999999810000;-2.637812376022339
145783.279999999800000;-2.639687538146973
145808.259999999810000;-2.651875019073486
145833.239999999790000;-2.642812490463257
145858.219999999800000;-2.645624876022339
145883.199999999810000;-2.646562337875366
145908.179999999790000;-2.636874914169312
145933.159999999800000;-2.647500038146973
145958.139999999780000;-2.625624895095825
145983.119999999790000;-2.645937442779541
146008.099999999800000;-2.644687414169312
146033.079999999780000;-2.643749952316284
146058.059999999790000;-2.640937328338623
146083.039999999800000;-2.656562328338623
146108.019999999790000;-2.646250009536743
146132.999999999800000;-2.644687414169312
146157.979999999810000;-2.649062395095825
146182.959999999790000;-2.634687423706055
146207.939999999800000;-2.642187356948853
146232.919999999780000;-2.630625009536743
146257.899999999790000;-2.646250009536743
146282.879999999800000;-2.634999990463257
146307.859999999780000;-2.638437509536743
146332.839999999790000;-2.640625000000000
146357.819999999770000;-2.637500047683716
146382.799999999780000;-2.640625000000000
146407.779999999800000;-2.640312433242798
146432.759999999780000;-2.642499923706055
146457.739999999790000;-2.647812366485596
146482.719999999800000;-2.639062404632568
146507.699999999780000;-2.648749828338623
146532.679999999790000;-2.647812366485596
146557.659999999800000;-2.641249895095825
146582.639999999780000;-2.629374980926514
146607.619999999790000;-2.644687414169312
146632.599999999770000;-2.644062519073486
146657.579999999780000;-2.640312433242798
146682.559999999790000;-2.644374847412109
146707.539999999780000;-2.644999980926514
146732.519999999790000;-2.633124828338623
146757.499999999770000;-2.636874914169312
146782.479999999780000;-2.651875019073486
146807.459999999790000;-2.643437385559082
146832.439999999770000;-2.644374847412109
146857.419999999780000;-2.632499933242798
146882.399999999790000;-2.648437500000000
146907.379999999770000;-2.647187471389771
146932.359999999780000;-2.646250009536743
146957.339999999790000;-2.642187356948853
146982.319999999770000;-2.648749828338623
147007.299999999780000;-2.637500047683716
147032.279999999770000;-2.644062519073486
147057.259999999780000;-2.641875028610230
147082.239999999790000;-2.639687538146973
147107.219999999770000;-2.644062519073486
147132.199999999780000;-2.654999971389771
147157.179999999760000;-2.641562461853027
147182.159999999770000;-2.644999980926514
147207.139999999780000;-2.635312557220459
147232.119999999760000;-2.635312557220459
147257.099999999770000;-2.640625000000000
147282.079999999780000;-2.644687414169312
147307.059999999760000;-2.644999980926514
147332.039999999780000;-2.657812356948853
147357.019999999790000;-2.651875019073486
147381.999999999770000;-2.644999980926514
147406.979999999780000;-2.646562337875366
147431.959999999760000;-2.645624876022339
147456.939999999770000;-2.641875028610230
147481.919999999780000;-2.628749847412109
147506.899999999760000;-2.644687414169312
147531.879999999770000;-2.629062414169312
147556.859999999750000;-2.647812366485596
147581.839999999760000;-2.647187471389771
147606.819999999770000;-2.660312414169312
147631.799999999760000;-2.645937442779541
147656.779999999770000;-2.647500038146973
147681.759999999780000;-2.646562337875366
147706.739999999760000;-2.645624876022339
147731.719999999770000;-2.645937442779541
147756.699999999780000;-2.637812376022339
147781.679999999760000;-2.641562461853027
147806.659999999770000;-2.651249885559082
147831.639999999750000;-2.641875028610230
147856.619999999760000;-2.643749952316284
147881.599999999770000;-2.656562328338623
147906.579999999750000;-2.656250000000000
147931.559999999760000;-2.633437395095825
147956.539999999750000;-2.658124923706055
147981.519999999760000;-2.642187356948853
148006.499999999770000;-2.655624866485596
148031.479999999750000;-2.647812366485596
148056.459999999760000;-2.646874904632568
148081.439999999770000;-2.649999856948853
148106.419999999750000;-2.642499923706055
148131.399999999760000;-2.646562337875366
148156.379999999770000;-2.646874904632568
148181.359999999750000;-2.643437385559082
148206.339999999760000;-2.661249876022339
148231.319999999750000;-2.649062395095825
148256.299999999760000;-2.649687528610230
148281.279999999770000;-2.650624990463257
148306.259999999750000;-2.653125047683716
148331.239999999760000;-2.650312423706055
148356.219999999740000;-2.648437500000000
148381.199999999750000;-2.640625000000000
148406.179999999760000;-2.640312433242798
148431.159999999740000;-2.647500038146973
148456.139999999750000;-2.651562452316284
148481.119999999760000;-2.650624990463257
148506.099999999740000;-2.644062519073486
148531.079999999750000;-2.646874904632568
148556.059999999760000;-2.645937442779541
148581.039999999750000;-2.647500038146973
148606.019999999760000;-2.655624866485596
148630.999999999740000;-2.641875028610230
148655.979999999750000;-2.641562461853027
148680.959999999760000;-2.641562461853027
148705.939999999740000;-2.649374961853027
148730.919999999750000;-2.638749837875366
148755.899999999730000;-2.645312547683716
148780.879999999740000;-2.650312423706055
148805.859999999750000;-2.650624990463257
148830.839999999730000;-2.642812490463257
148855.819999999750000;-2.651562452316284
148880.799999999760000;-2.646562337875366
148905.779999999740000;-2.659374952316284
148930.759999999750000;-2.642187356948853
148955.739999999760000;-2.643437385559082
148980.719999999740000;-2.639687538146973
149005.699999999750000;-2.649687528610230
149030.679999999730000;-2.639999866485596
149055.659999999740000;-2.640312433242798
149080.639999999750000;-2.653125047683716
149105.619999999730000;-2.642812490463257
149130.599999999740000;-2.643437385559082
149155.579999999730000;-2.642499923706055
149180.559999999740000;-2.655624866485596
149205.539999999750000;-2.638749837875366
149230.519999999730000;-2.639999866485596
149255.499999999740000;-2.638437509536743
149280.479999999750000;-2.634374856948853
149305.459999999730000;-2.650312423706055
149330.439999999740000;-2.644374847412109
149355.419999999750000;-2.656250000000000
149380.399999999730000;-2.639999866485596
149405.379999999740000;-2.642187356948853
149430.359999999720000;-2.634687423706055
149455.339999999730000;-2.619374990463257
149480.319999999750000;-2.635624885559082
149505.299999999730000;-2.641875028610230
149530.279999999740000;-2.637812376022339
149555.259999999720000;-2.635937452316284
149580.239999999730000;-2.632187366485596
149605.219999999740000;-2.641249895095825
149630.199999999720000;-2.660937547683716
149655.179999999730000;-2.634062528610230
149680.159999999740000;-2.630625009536743
149705.139999999720000;-2.638749837875366
149730.119999999730000;-2.642499923706055
149755.099999999740000;-2.616874933242798
149780.079999999730000;-2.624062538146973
149805.059999999740000;-2.635937452316284
149830.039999999720000;-2.638749837875366
149855.019999999730000;-2.613437414169312
149879.999999999740000;-2.638124942779541
149904.979999999720000;-2.633749961853027
149929.959999999730000;-2.628124952316284
149954.939999999710000;-2.614374876022339
149979.919999999720000;-2.639374971389771
150004.899999999730000;-2.635937452316284
150029.879999999710000;-2.615624904632568
150054.859999999720000;-2.615000009536743
150079.839999999730000;-2.635312557220459
150104.819999999720000;-2.638749837875366
150129.799999999730000;-2.629062414169312
150154.779999999740000;-2.641249895095825
150179.759999999720000;-2.626874923706055
150204.739999999730000;-2.620625019073486
150229.719999999710000;-2.618124961853027
150254.699999999720000;-2.630312442779541
150279.679999999730000;-2.640625000000000
150304.659999999710000;-2.635624885559082
150329.639999999720000;-2.616874933242798
150354.619999999700000;-2.630312442779541
150379.599999999710000;-2.632499933242798
150404.579999999730000;-2.629999876022339
150429.559999999710000;-2.629062414169312
150454.539999999720000;-2.636874914169312
150479.519999999730000;-2.613749980926514
150504.499999999710000;-2.636562347412109
150529.479999999720000;-2.638124942779541
150554.459999999730000;-2.640312433242798
150579.439999999710000;-2.625937461853027
150604.419999999720000;-2.631562471389771
150629.399999999700000;-2.631875038146973
150654.379999999710000;-2.635937452316284
150679.359999999720000;-2.637500047683716
150704.339999999710000;-2.627187490463257
150729.319999999720000;-2.622187376022339
150754.299999999700000;-2.625624895095825
150779.279999999710000;-2.629374980926514
150804.259999999720000;-2.631875038146973
150829.239999999700000;-2.627500057220459
150854.219999999710000;-2.639374971389771
150879.199999999720000;-2.631562471389771
150904.179999999700000;-2.635624885559082
150929.159999999710000;-2.628437519073486
150954.139999999720000;-2.649999856948853
150979.119999999700000;-2.634062528610230
151004.099999999710000;-2.634999990463257
151029.079999999700000;-2.647500038146973
151054.059999999710000;-2.640937328338623
151079.039999999720000;-2.635624885559082
151104.019999999700000;-2.642499923706055
151128.999999999710000;-2.635312557220459
151153.979999999690000;-2.636874914169312
151178.959999999700000;-2.642812490463257
151203.939999999710000;-2.639374971389771
151228.919999999690000;-2.645937442779541
151253.899999999700000;-2.637812376022339
151278.879999999710000;-2.634374856948853
151303.859999999690000;-2.633749961853027
151328.839999999710000;-2.656874895095825
151353.819999999720000;-2.633124828338623
151378.799999999700000;-2.638124942779541
151403.779999999710000;-2.631875038146973
151428.759999999690000;-2.638124942779541
151453.739999999700000;-2.617812395095825
151478.719999999710000;-2.638437509536743
151503.699999999690000;-2.633749961853027
151528.679999999700000;-2.640937328338623
151553.659999999680000;-2.639999866485596
151578.639999999690000;-2.640312433242798
151603.619999999700000;-2.642812490463257
151628.599999999690000;-2.630312442779541
151653.579999999700000;-2.626874923706055
151678.559999999710000;-2.649374961853027
151703.539999999690000;-2.628437519073486
151728.519999999700000;-2.628749847412109
151753.499999999710000;-2.633437395095825
151778.479999999690000;-2.637187480926514
151803.459999999700000;-2.646874904632568
151828.439999999680000;-2.654374837875366
151853.419999999690000;-2.637187480926514
151878.399999999700000;-2.643749952316284
151903.379999999680000;-2.638749837875366
151928.359999999690000;-2.634687423706055
151953.339999999680000;-2.639374971389771
151978.319999999690000;-2.633437395095825
152003.299999999700000;-2.636250019073486
152028.279999999680000;-2.641249895095825
152053.259999999690000;-2.637187480926514
152078.239999999700000;-2.634687423706055
152103.219999999680000;-2.634374856948853
152128.199999999690000;-2.637500047683716
152153.179999999700000;-2.631249904632568
152178.159999999680000;-2.640312433242798
152203.139999999690000;-2.644374847412109
152228.119999999680000;-2.643749952316284
152253.099999999690000;-2.632499933242798
152278.079999999700000;-2.642499923706055
152303.059999999680000;-2.645624876022339
152328.039999999690000;-2.643125057220459
152353.019999999670000;-2.648437500000000
152377.999999999680000;-2.636250019073486
152402.979999999690000;-2.638124942779541
152427.959999999670000;-2.638124942779541
152452.939999999680000;-2.634687423706055
152477.919999999690000;-2.642812490463257
152502.899999999670000;-2.647812366485596
152527.879999999680000;-2.643437385559082
152552.859999999690000;-2.638749837875366
152577.839999999680000;-2.640625000000000
152602.819999999690000;-2.638749837875366
152627.799999999670000;-2.635624885559082
152652.779999999680000;-2.636562347412109
152677.759999999690000;-2.652812480926514
152702.739999999670000;-2.644687414169312
152727.719999999680000;-2.648749828338623
152752.699999999660000;-2.640312433242798
152777.679999999670000;-2.636250019073486
152802.659999999680000;-2.648437500000000
152827.639999999660000;-2.646562337875366
152852.619999999680000;-2.641249895095825
152877.599999999690000;-2.661249876022339
152902.579999999670000;-2.641249895095825
152927.559999999680000;-2.639999866485596
152952.539999999690000;-2.638437509536743
152977.519999999670000;-2.639999866485596
153002.499999999680000;-2.651249885559082
153027.479999999660000;-2.646874904632568
153052.459999999670000;-2.625000000000000
153077.439999999680000;-2.646562337875366
153102.419999999660000;-2.644062519073486
153127.399999999670000;-2.639062404632568
153152.379999999660000;-2.643437385559082
153177.359999999670000;-2.648124933242798
153202.339999999680000;-2.648124933242798
153227.319999999660000;-2.646874904632568
153252.299999999670000;-2.644687414169312
153277.279999999680000;-2.641875028610230
153302.259999999660000;-2.642812490463257
153327.239999999670000;-2.639999866485596
153352.219999999680000;-2.642499923706055
153377.199999999660000;-2.632812500000000
153402.179999999670000;-2.646250009536743
153427.159999999650000;-2.647500038146973
153452.139999999660000;-2.646250009536743
153477.119999999680000;-2.626562356948853
153502.099999999660000;-2.644374847412109
153527.079999999670000;-2.642499923706055
153552.059999999650000;-2.657187461853027
153577.039999999660000;-2.646250009536743
153602.019999999670000;-2.655312538146973
153626.999999999650000;-2.625624895095825
153651.979999999660000;-2.637500047683716
153676.959999999670000;-2.644999980926514
153701.939999999650000;-2.643749952316284
153726.919999999660000;-2.649374961853027
153751.899999999670000;-2.643437385559082
153776.879999999660000;-2.669062376022339
153801.859999999670000;-2.654999971389771
153826.839999999650000;-2.643125057220459
153851.819999999660000;-2.651249885559082
153876.799999999670000;-2.640937328338623
153901.779999999650000;-2.650312423706055
153926.759999999660000;-2.646562337875366
153951.739999999640000;-2.644062519073486
153976.719999999650000;-2.645937442779541
154001.699999999660000;-2.651562452316284
154026.679999999640000;-2.652187347412109
154051.659999999650000;-2.641249895095825
154076.639999999660000;-2.659374952316284
154101.619999999650000;-2.651875019073486
154126.599999999660000;-2.642812490463257
154151.579999999670000;-2.642499923706055
154176.559999999650000;-2.648124933242798
154201.539999999660000;-2.641562461853027
154226.519999999640000;-2.646250009536743
154251.499999999650000;-2.650624990463257
154276.479999999660000;-2.634062528610230
154301.459999999640000;-2.637187480926514
154326.439999999650000;-2.652187347412109
154351.419999999630000;-2.654999971389771
154376.399999999640000;-2.643749952316284
154401.379999999660000;-2.646562337875366
154426.359999999640000;-2.649062395095825
154451.339999999650000;-2.648437500000000
154476.319999999660000;-2.647187471389771
154501.299999999640000;-2.639999866485596
154526.279999999650000;-2.632812500000000
154551.259999999660000;-2.649687528610230
154576.239999999640000;-2.663125038146973
154601.219999999650000;-2.644999980926514
154626.199999999630000;-2.660937547683716
154651.179999999640000;-2.649999856948853
154676.159999999650000;-2.651562452316284
154701.139999999640000;-2.651562452316284
154726.119999999650000;-2.651562452316284
154751.099999999630000;-2.651562452316284
154776.079999999640000;-2.639374971389771
154801.059999999650000;-2.639374971389771
154826.039999999630000;-2.639374971389771
154851.019999999640000;-2.639374971389771
154875.999999999650000;-2.638124942779541
154900.979999999630000;-2.638124942779541
154925.959999999640000;-2.638124942779541
154950.939999999650000;-2.638124942779541
154975.919999999630000;-2.644687414169312
155000.899999999640000;-2.644687414169312
155025.879999999630000;-2.644687414169312
155050.859999999640000;-2.644687414169312
155075.839999999650000;-2.643437385559082
155100.819999999630000;-2.643437385559082
155125.799999999640000;-2.643437385559082
155150.779999999620000;-2.643437385559082
155175.759999999630000;-2.647187471389771
155200.739999999640000;-2.647187471389771
155225.719999999620000;-2.647187471389771
155250.699999999630000;-2.647187471389771
155275.679999999640000;-2.657187461853027
155300.659999999630000;-2.657187461853027
155325.639999999640000;-2.657187461853027
155350.619999999650000;-2.657187461853027
155375.599999999630000;-2.650312423706055
155400.579999999640000;-2.650312423706055
155425.559999999620000;-2.650312423706055
155450.539999999630000;-2.650312423706055
155475.519999999640000;-2.645312547683716
155500.499999999620000;-2.645312547683716
155525.479999999630000;-2.645312547683716
155550.459999999610000;-2.645312547683716
155575.439999999620000;-2.649062395095825
155600.419999999630000;-2.649062395095825
155625.399999999620000;-2.649062395095825
155650.379999999630000;-2.649062395095825
155675.359999999640000;-2.646250009536743
155700.339999999620000;-2.646250009536743
155725.319999999630000;-2.646250009536743
155750.299999999640000;-2.646250009536743
155775.279999999620000;-2.649687528610230
155800.259999999630000;-2.649687528610230
155825.239999999610000;-2.649687528610230
155850.219999999620000;-2.649687528610230
155875.199999999630000;-2.633749961853027
155900.179999999610000;-2.633749961853027
155925.159999999630000;-2.633749961853027
155950.139999999610000;-2.633749961853027
155975.119999999620000;-2.670624971389771
156000.099999999630000;-2.670624971389771
156025.079999999610000;-2.670624971389771
156050.059999999620000;-2.670624971389771
156075.039999999630000;-2.653749942779541
156100.019999999610000;-2.653749942779541
156124.999999999620000;-2.653749942779541
156149.979999999630000;-2.653749942779541
156174.959999999610000;-2.671875000000000
156199.939999999620000;-2.671875000000000
156224.919999999610000;-2.671875000000000
156249.899999999620000;-2.671875000000000
156274.879999999630000;-2.662499904632568
156299.859999999610000;-2.662499904632568
156324.839999999620000;-2.662499904632568
156349.819999999600000;-2.662499904632568
156374.799999999610000;-2.635937452316284
156399.779999999620000;-2.635937452316284
156424.759999999600000;-2.635937452316284
156449.739999999610000;-2.635937452316284
156474.719999999620000;-2.644999980926514
156499.699999999600000;-2.644999980926514
156524.679999999610000;-2.644999980926514
156549.659999999630000;-2.644999980926514
156574.639999999610000;-2.643437385559082
156599.619999999620000;-2.643437385559082
156624.599999999600000;-2.643437385559082
156649.579999999610000;-2.643437385559082
156674.559999999620000;-2.650624990463257
156699.539999999600000;-2.650624990463257
156724.519999999610000;-2.650624990463257
156749.499999999590000;-2.650624990463257
156774.479999999600000;-2.651249885559082
156799.459999999610000;-2.651249885559082
156824.439999999590000;-2.651249885559082
156849.419999999610000;-2.651249885559082
156874.399999999620000;-2.656250000000000
156899.379999999600000;-2.656250000000000
156924.359999999610000;-2.656250000000000
156949.339999999620000;-2.656250000000000
156974.319999999600000;-2.652812480926514
156999.299999999610000;-2.652812480926514
157024.279999999590000;-2.652812480926514
157049.259999999600000;-2.652812480926514
157074.239999999610000;-2.637187480926514
157099.219999999590000;-2.637187480926514
157124.199999999600000;-2.637187480926514
157149.179999999590000;-2.637187480926514
157174.159999999600000;-2.667187452316284
157199.139999999610000;-2.667187452316284
157224.119999999590000;-2.667187452316284
157249.099999999600000;-2.667187452316284
157274.079999999610000;-2.655624866485596
157299.059999999590000;-2.655624866485596
157324.039999999600000;-2.655624866485596
157349.019999999610000;-2.655624866485596
157373.999999999590000;-2.655312538146973
157398.979999999600000;-2.655312538146973
157423.959999999580000;-2.655312538146973
157448.939999999590000;-2.655312538146973
157473.919999999610000;-2.650624990463257
157498.899999999590000;-2.650624990463257
157523.879999999600000;-2.650624990463257
157548.859999999580000;-2.650624990463257
157573.839999999590000;-2.650937557220459
157598.819999999600000;-2.650937557220459
157623.799999999580000;-2.650937557220459
157648.779999999590000;-2.650937557220459
157673.759999999600000;-2.660937547683716
157698.739999999580000;-2.660937547683716
157723.719999999590000;-2.660937547683716
157748.699999999600000;-2.660937547683716
157773.679999999590000;-2.629999876022339
157798.659999999600000;-2.629999876022339
157823.639999999580000;-2.629999876022339
157848.619999999590000;-2.629999876022339
157873.599999999600000;-2.654999971389771
157898.579999999580000;-2.654999971389771
157923.559999999590000;-2.654999971389771
157948.539999999570000;-2.654999971389771
157973.519999999580000;-2.642187356948853
157998.499999999590000;-2.642187356948853
158023.479999999570000;-2.642187356948853
158048.459999999580000;-2.642187356948853
158073.439999999590000;-2.625937461853027
158098.419999999580000;-2.625937461853027
158123.399999999590000;-2.625937461853027
158148.379999999600000;-2.625937461853027
158173.359999999580000;-2.654374837875366
158198.339999999590000;-2.654374837875366
158223.319999999570000;-2.654374837875366
158248.299999999580000;-2.654374837875366
158273.279999999590000;-2.656874895095825
158298.259999999570000;-2.656874895095825
158323.239999999580000;-2.656874895095825
158348.219999999560000;-2.656874895095825
158373.199999999580000;-2.660312414169312
158398.179999999590000;-2.660312414169312
158423.159999999570000;-2.660312414169312
158448.139999999580000;-2.660312414169312
158473.119999999590000;-2.650937557220459
158498.099999999570000;-2.650937557220459
158523.079999999580000;-2.650937557220459
158548.059999999590000;-2.650937557220459
158573.039999999570000;-2.641249895095825
158598.019999999580000;-2.641249895095825
158622.999999999560000;-2.641249895095825
158647.979999999570000;-2.641249895095825
158672.959999999580000;-2.653749942779541
158697.939999999570000;-2.653749942779541
158722.919999999580000;-2.653749942779541
158747.899999999560000;-2.653749942779541
158772.879999999570000;-2.655312538146973
158797.859999999580000;-2.655312538146973
158822.839999999560000;-2.655312538146973
158847.819999999570000;-2.655312538146973
158872.799999999580000;-2.650937557220459
158897.779999999560000;-2.650937557220459
158922.759999999570000;-2.650937557220459
158947.739999999580000;-2.650937557220459
158972.719999999560000;-2.649374961853027
158997.699999999580000;-2.649374961853027
159022.679999999560000;-2.649374961853027
159047.659999999570000;-2.649374961853027
159072.639999999580000;-2.649687528610230
159097.619999999560000;-2.649687528610230
159122.599999999570000;-2.649687528610230
159147.579999999550000;-2.649687528610230
159172.559999999560000;-2.644687414169312
159197.539999999570000;-2.644687414169312
159222.519999999550000;-2.644687414169312
159247.499999999560000;-2.644687414169312
159272.479999999570000;-2.660937547683716
159297.459999999560000;-2.660937547683716
159322.439999999570000;-2.660937547683716
159347.419999999580000;-2.660937547683716
159372.399999999560000;-2.643125057220459
159397.379999999570000;-2.643125057220459
159422.359999999550000;-2.643125057220459
159447.339999999560000;-2.643125057220459
159472.319999999570000;-2.655624866485596
159497.299999999550000;-2.655624866485596
159522.279999999560000;-2.655624866485596
159547.259999999540000;-2.655624866485596
159572.239999999550000;-2.656250000000000
159597.219999999560000;-2.656250000000000
159622.199999999550000;-2.656250000000000
159647.179999999560000;-2.656250000000000
159672.159999999570000;-2.640625000000000
159697.139999999550000;-2.640625000000000
159722.119999999560000;-2.640625000000000
159747.099999999570000;-2.640625000000000
159772.079999999550000;-2.649687528610230
159797.059999999560000;-2.649687528610230
159822.039999999540000;-2.649687528610230
159847.019999999550000;-2.649687528610230
159871.999999999560000;-2.644062519073486
159896.979999999540000;-2.644062519073486
159921.959999999560000;-2.644062519073486
159946.939999999540000;-2.644062519073486
159971.919999999550000;-2.650937557220459
159996.899999999560000;-2.650937557220459
160021.879999999540000;-2.650937557220459
160046.859999999550000;-2.650937557220459
160071.839999999560000;-2.660624980926514
160096.819999999540000;-2.660624980926514
160121.799999999550000;-2.660624980926514
160146.779999999560000;-2.660624980926514
160171.759999999540000;-2.656562328338623
160196.739999999550000;-2.656562328338623
160221.719999999540000;-2.656562328338623
160246.699999999550000;-2.656562328338623
160271.679999999560000;-2.656250000000000
160296.659999999540000;-2.656250000000000
160321.639999999550000;-2.656250000000000
160346.619999999530000;-2.656250000000000
160371.599999999540000;-2.656250000000000
160396.579999999550000;-2.656250000000000
160421.559999999530000;-2.656250000000000
160446.539999999540000;-2.656250000000000
160471.519999999550000;-2.645312547683716
160496.499999999530000;-2.645312547683716
160521.479999999540000;-2.645312547683716
160546.459999999560000;-2.645312547683716
160571.439999999540000;-2.662812471389771
160596.419999999550000;-2.662812471389771
160621.399999999530000;-2.662812471389771
160646.379999999540000;-2.662812471389771
160671.359999999550000;-2.651562452316284
160696.339999999530000;-2.651562452316284
160721.319999999540000;-2.651562452316284
160746.299999999520000;-2.651562452316284
160771.279999999530000;-2.658124923706055
160796.259999999540000;-2.658124923706055
160821.239999999530000;-2.658124923706055
160846.219999999540000;-2.658124923706055
160871.199999999550000;-2.653125047683716
160896.179999999530000;-2.653125047683716
160921.159999999540000;-2.653125047683716
160946.139999999550000;-2.653125047683716
160971.119999999530000;-2.659687519073486
160996.099999999540000;-2.659687519073486
161021.079999999520000;-2.659687519073486
161046.059999999530000;-2.659687519073486
161071.039999999540000;-2.647500038146973
161096.019999999520000;-2.647500038146973
161120.999999999530000;-2.647500038146973
161145.979999999520000;-2.647500038146973
161170.959999999530000;-2.649062395095825
161195.939999999540000;-2.649062395095825
161220.919999999520000;-2.649062395095825
161245.899999999530000;-2.649062395095825
161270.879999999540000;-2.667500019073486
161295.859999999520000;-2.667500019073486
161320.839999999530000;-2.667500019073486
161345.819999999540000;-2.667500019073486
161370.799999999520000;-2.666249990463257
161395.779999999530000;-2.666249990463257
161420.759999999510000;-2.666249990463257
161445.739999999530000;-2.666249990463257
161470.719999999540000;-2.660624980926514
161495.699999999520000;-2.660624980926514
161520.679999999530000;-2.660624980926514
161545.659999999510000;-2.660624980926514
161570.639999999520000;-2.655624866485596
161595.619999999530000;-2.655624866485596
161620.599999999510000;-2.655624866485596
161645.579999999520000;-2.655624866485596
161670.559999999530000;-2.660312414169312
161695.539999999510000;-2.660312414169312
161720.519999999520000;-2.660312414169312
161745.499999999530000;-2.660312414169312
161770.479999999540000;-2.656874895095825
161795.459999999560000;-2.656874895095825
161820.439999999540000;-2.656874895095825
161845.419999999550000;-2.656874895095825
161870.399999999560000;-2.660937547683716
161895.379999999540000;-2.660937547683716
161920.359999999550000;-2.660937547683716
161945.339999999560000;-2.660937547683716
161970.319999999570000;-2.653749942779541
161995.299999999580000;-2.653749942779541
162020.279999999560000;-2.653749942779541
162045.259999999570000;-2.653749942779541
162070.239999999580000;-2.648124933242798
162095.219999999560000;-2.648124933242798
162120.199999999580000;-2.648124933242798
162145.179999999590000;-2.648124933242798
162170.159999999600000;-2.658750057220459
162195.139999999610000;-2.658750057220459
162220.119999999590000;-2.658750057220459
162245.099999999600000;-2.658750057220459
162270.079999999610000;-2.655312538146973
162295.059999999590000;-2.655312538146973
162320.039999999600000;-2.655312538146973
162345.019999999610000;-2.655312538146973
162369.999999999620000;-2.647187471389771
162394.979999999630000;-2.647187471389771
162419.959999999610000;-2.647187471389771
162444.939999999620000;-2.647187471389771
162469.919999999630000;-2.659687519073486
162494.899999999620000;-2.659687519073486
162519.879999999630000;-2.659687519073486
162544.859999999640000;-2.659687519073486
162569.839999999650000;-2.661562442779541
162594.819999999660000;-2.661562442779541
162619.799999999640000;-2.661562442779541
162644.779999999650000;-2.661562442779541
162669.759999999660000;-2.654687404632568
162694.739999999640000;-2.654687404632568
162719.719999999650000;-2.654687404632568
162744.699999999660000;-2.654687404632568
162769.679999999670000;-2.643749952316284
162794.659999999680000;-2.643749952316284
162819.639999999660000;-2.643749952316284
162844.619999999680000;-2.643749952316284
162869.599999999690000;-2.657812356948853
162894.579999999670000;-2.657812356948853
162919.559999999680000;-2.657812356948853
162944.539999999690000;-2.657812356948853
162969.519999999700000;-2.655937433242798
162994.499999999710000;-2.655937433242798
163019.479999999690000;-2.655937433242798
163044.459999999700000;-2.655937433242798
163069.439999999710000;-2.663437366485596
163094.419999999690000;-2.663437366485596
163119.399999999700000;-2.663437366485596
163144.379999999710000;-2.663437366485596
163169.359999999720000;-2.664687395095825
163194.339999999730000;-2.664687395095825
163219.319999999720000;-2.664687395095825
163244.299999999730000;-2.664687395095825
163269.279999999740000;-2.661249876022339
163294.259999999720000;-2.661249876022339
163319.239999999730000;-2.661249876022339
163344.219999999740000;-2.661249876022339
163369.199999999750000;-2.666874885559082
163394.179999999760000;-2.666874885559082
163419.159999999740000;-2.666874885559082
163444.139999999750000;-2.666874885559082
163469.119999999760000;-2.663125038146973
163494.099999999740000;-2.663125038146973
163519.079999999750000;-2.663125038146973
163544.059999999760000;-2.663125038146973
163569.039999999780000;-2.649687528610230
163594.019999999790000;-2.649687528610230
163618.999999999770000;-2.649687528610230
163643.979999999780000;-2.649687528610230
163668.959999999790000;-2.665624856948853
163693.939999999770000;-2.665624856948853
163718.919999999780000;-2.665624856948853
163743.899999999790000;-2.665624856948853
163768.879999999800000;-2.658124923706055
163793.859999999810000;-2.658124923706055
163818.839999999790000;-2.658124923706055
163843.819999999800000;-2.658124923706055
163868.799999999810000;-2.675624847412109
163893.779999999800000;-2.675624847412109
163918.759999999810000;-2.675624847412109
163943.739999999820000;-2.675624847412109
163968.719999999830000;-2.655624866485596
163993.699999999840000;-2.655624866485596
164018.679999999820000;-2.655624866485596
164043.659999999830000;-2.655624866485596
164068.639999999840000;-2.660937547683716
164093.619999999820000;-2.660937547683716
164118.599999999830000;-2.660937547683716
164143.579999999840000;-2.660937547683716
164168.559999999850000;-2.667187452316284
164193.539999999860000;-2.667187452316284
164218.519999999840000;-2.667187452316284
164243.499999999850000;-2.667187452316284
164268.479999999860000;-2.658124923706055
164293.459999999850000;-2.658124923706055
164318.439999999860000;-2.658124923706055
164343.419999999870000;-2.658124923706055
164368.399999999880000;-2.655937433242798
164393.379999999890000;-2.655937433242798
164418.359999999870000;-2.655937433242798
164443.339999999880000;-2.655937433242798
164468.319999999890000;-2.654374837875366
164493.299999999870000;-2.654374837875366
164518.279999999880000;-2.654374837875366
164543.259999999890000;-2.654374837875366
164568.239999999900000;-2.659687519073486
164593.219999999910000;-2.659687519073486
164618.199999999900000;-2.659687519073486
164643.179999999910000;-2.659687519073486
164668.159999999920000;-2.666562557220459
164693.139999999900000;-2.666562557220459
164718.119999999910000;-2.666562557220459
164743.099999999920000;-2.666562557220459
164768.079999999930000;-2.668750047683716
164793.059999999940000;-2.668750047683716
164818.039999999920000;-2.668750047683716
164843.019999999930000;-2.668750047683716
164867.999999999940000;-2.659062385559082
164892.979999999920000;-2.659062385559082
164917.959999999930000;-2.659062385559082
164942.939999999940000;-2.659062385559082
164967.919999999950000;-2.668437480926514
164992.899999999970000;-2.668437480926514
165017.879999999950000;-2.668437480926514
165042.859999999960000;-2.668437480926514
165067.839999999970000;-2.658124923706055
165092.819999999950000;-2.658124923706055
165117.799999999960000;-2.658124923706055
165142.779999999970000;-2.658124923706055
165167.759999999980000;-2.659999847412109
165192.739999999990000;-2.659999847412109
165217.719999999970000;-2.659999847412109
165242.699999999980000;-2.659999847412109
165267.679999999990000;-2.674062490463257
165292.659999999970000;-2.674062490463257
165317.639999999980000;-2.674062490463257
165342.620000000000000;-2.674062490463257
165367.600000000010000;-2.668124914169312
165392.580000000020000;-2.668124914169312
165417.560000000000000;-2.668124914169312
165442.540000000010000;-2.668124914169312
165467.520000000020000;-2.669999837875366
165492.500000000000000;-2.669999837875366
165517.480000000010000;-2.669999837875366
165542.460000000020000;-2.669999837875366
165567.440000000030000;-2.659374952316284
165592.420000000040000;-2.659374952316284
165617.400000000020000;-2.659374952316284
165642.380000000030000;-2.659374952316284
165667.360000000040000;-2.653749942779541
165692.340000000030000;-2.653749942779541
165717.320000000040000;-2.653749942779541
165742.300000000050000;-2.653749942779541
165767.280000000060000;-2.652187347412109
165792.260000000070000;-2.652187347412109
165817.240000000050000;-2.652187347412109
165842.220000000060000;-2.652187347412109
165867.200000000070000;-2.664062500000000
165892.180000000050000;-2.664062500000000
165917.160000000060000;-2.664062500000000
165942.140000000070000;-2.664062500000000
165967.120000000080000;-2.655937433242798
165992.100000000090000;-2.655937433242798
166017.080000000070000;-2.655937433242798
166042.060000000080000;-2.655937433242798
166067.040000000100000;-2.657187461853027
166092.020000000080000;-2.657187461853027
166117.000000000090000;-2.657187461853027
166141.980000000100000;-2.657187461853027
166166.960000000110000;-2.659374952316284
166191.940000000120000;-2.659374952316284
166216.920000000100000;-2.659374952316284
166241.900000000110000;-2.659374952316284
166266.880000000120000;-2.663437366485596
166291.860000000100000;-2.663437366485596
166316.840000000110000;-2.663437366485596
166341.820000000120000;-2.663437366485596
166366.800000000130000;-2.671249866485596
166391.780000000140000;-2.671249866485596
166416.760000000130000;-2.671249866485596
166441.740000000140000;-2.671249866485596
166466.720000000150000;-2.665312528610230
166491.700000000130000;-2.665312528610230
166516.680000000140000;-2.665312528610230
166541.660000000150000;-2.665312528610230
166566.640000000160000;-2.651875019073486
166591.620000000170000;-2.651875019073486
166616.600000000150000;-2.651875019073486
166641.580000000160000;-2.651875019073486
166666.560000000170000;-2.661249876022339
166691.540000000150000;-2.661249876022339
166716.520000000160000;-2.661249876022339
166741.500000000170000;-2.661249876022339
166766.480000000190000;-2.636250019073486
166791.460000000200000;-2.636250019073486
166816.440000000180000;-2.636250019073486
166841.420000000190000;-2.636250019073486
166866.400000000200000;-2.661249876022339
166891.380000000180000;-2.661249876022339
166916.360000000190000;-2.661249876022339
166941.340000000200000;-2.661249876022339
166966.320000000210000;-2.654999971389771
166991.300000000220000;-2.654999971389771
167016.280000000200000;-2.654999971389771
167041.260000000210000;-2.654999971389771
167066.240000000220000;-2.661249876022339
167091.220000000200000;-2.661249876022339
167116.200000000220000;-2.661249876022339
167141.180000000230000;-2.661249876022339
167166.160000000240000;-2.666249990463257
167191.140000000250000;-2.666249990463257
167216.120000000230000;-2.666249990463257
167241.100000000240000;-2.666249990463257
167266.080000000250000;-2.663437366485596
167291.060000000230000;-2.663437366485596
167316.040000000240000;-2.663437366485596
167341.020000000250000;-2.663437366485596
167366.000000000260000;-2.662187337875366
167390.980000000270000;-2.662187337875366
167415.960000000250000;-2.662187337875366
167440.940000000260000;-2.662187337875366
167465.920000000270000;-2.668124914169312
167490.900000000260000;-2.668124914169312
167515.880000000270000;-2.668124914169312
167540.860000000280000;-2.668124914169312
167565.840000000290000;-2.670624971389771
167590.820000000300000;-2.670624971389771
167615.800000000280000;-2.670624971389771
167640.780000000290000;-2.670624971389771
167665.760000000300000;-2.658124923706055
167690.740000000280000;-2.658124923706055
167715.720000000290000;-2.658124923706055
167740.700000000300000;-2.658124923706055
167765.680000000310000;-2.649062395095825
167790.660000000320000;-2.649062395095825
167815.640000000310000;-2.649062395095825
167840.620000000320000;-2.649062395095825
167865.600000000330000;-2.666562557220459
167890.580000000310000;-2.666562557220459
167915.560000000320000;-2.666562557220459
167940.540000000330000;-2.666562557220459
167965.520000000340000;-2.662812471389771
167990.500000000350000;-2.662812471389771
168015.480000000330000;-2.662812471389771
168040.460000000340000;-2.662812471389771
168065.440000000350000;-2.667812347412109
168090.420000000330000;-2.667812347412109
168115.400000000340000;-2.667812347412109
168140.380000000350000;-2.667812347412109
168165.360000000360000;-2.661562442779541
168190.340000000370000;-2.661562442779541
168215.320000000360000;-2.661562442779541
168240.300000000370000;-2.661562442779541
168265.280000000380000;-2.668750047683716
168290.260000000360000;-2.668750047683716
168315.240000000370000;-2.668750047683716
168340.220000000380000;-2.668750047683716
168365.200000000390000;-2.674375057220459
168390.180000000400000;-2.674375057220459
168415.160000000380000;-2.674375057220459
168440.140000000390000;-2.674375057220459
168465.120000000400000;-2.662812471389771
168490.100000000380000;-2.662812471389771
168515.080000000390000;-2.662812471389771
168540.060000000410000;-2.662812471389771
168565.040000000420000;-2.665937423706055
168590.020000000430000;-2.665937423706055
168615.000000000410000;-2.665937423706055
168639.980000000420000;-2.665937423706055
168664.960000000430000;-2.654687404632568
168689.940000000410000;-2.654687404632568
168714.920000000420000;-2.654687404632568
168739.900000000430000;-2.654687404632568
168764.880000000440000;-2.650624990463257
168789.860000000450000;-2.650624990463257
168814.840000000430000;-2.650624990463257
168839.820000000440000;-2.650624990463257
168864.800000000450000;-2.672187328338623
168889.780000000440000;-2.672187328338623
168914.760000000450000;-2.672187328338623
168939.740000000460000;-2.672187328338623
168964.720000000470000;-2.664374828338623
168989.700000000480000;-2.664374828338623
169014.680000000460000;-2.664374828338623
169039.660000000470000;-2.664374828338623
169064.640000000480000;-2.663125038146973
169089.620000000460000;-2.663125038146973
169114.600000000470000;-2.663125038146973
169139.580000000480000;-2.663125038146973
169164.560000000490000;-2.661249876022339
169189.540000000500000;-2.661249876022339
169214.520000000480000;-2.661249876022339
169239.500000000490000;-2.661249876022339
169264.480000000510000;-2.670937538146973
169289.460000000490000;-2.670937538146973
169314.440000000500000;-2.670937538146973
169339.420000000510000;-2.670937538146973
169364.400000000520000;-2.671249866485596
169389.380000000530000;-2.671249866485596
169414.360000000510000;-2.671249866485596
169439.340000000520000;-2.671249866485596
169464.320000000530000;-2.659687519073486
169489.300000000510000;-2.659687519073486
169514.280000000520000;-2.659687519073486
169539.260000000530000;-2.659687519073486
169564.240000000540000;-2.660624980926514
169589.220000000550000;-2.660624980926514
169614.200000000540000;-2.660624980926514
169639.180000000550000;-2.660624980926514
169664.160000000560000;-2.663749933242798
169689.140000000540000;-2.663749933242798
169714.120000000550000;-2.663749933242798
169739.100000000560000;-2.663749933242798
169764.080000000570000;-2.665312528610230
169789.060000000580000;-2.665312528610230
169814.040000000560000;-2.665312528610230
169839.020000000570000;-2.665312528610230
169864.000000000580000;-2.677500009536743
169888.980000000560000;-2.677500009536743
169913.960000000570000;-2.677500009536743
169938.940000000580000;-2.677500009536743
169963.920000000590000;-2.657812356948853
169988.900000000610000;-2.657812356948853
170013.880000000590000;-2.657812356948853
170038.860000000600000;-2.657812356948853
170063.840000000610000;-2.672499895095825
170088.820000000590000;-2.672499895095825
170113.800000000600000;-2.672499895095825
170138.780000000610000;-2.672499895095825
170163.760000000620000;-2.667500019073486
170188.740000000630000;-2.667500019073486
170213.720000000610000;-2.667500019073486
170238.700000000620000;-2.667500019073486
170263.680000000630000;-2.672812461853027
170288.660000000610000;-2.672812461853027
170313.640000000630000;-2.672812461853027
170338.620000000640000;-2.672812461853027
170363.600000000650000;-2.662187337875366
170388.580000000660000;-2.662187337875366
170413.560000000640000;-2.662187337875366
170438.540000000650000;-2.662187337875366
170463.520000000660000;-2.670937538146973
170488.500000000640000;-2.670937538146973
170513.480000000650000;-2.670937538146973
170538.460000000660000;-2.670937538146973
170563.440000000670000;-2.672499895095825
170588.420000000680000;-2.672499895095825
170613.400000000660000;-2.672499895095825
170638.380000000670000;-2.672499895095825
170663.360000000680000;-2.663125038146973
170688.340000000670000;-2.663125038146973
170713.320000000680000;-2.663125038146973
170738.300000000690000;-2.663125038146973
170763.280000000700000;-2.669374942779541
170788.260000000710000;-2.669374942779541
170813.240000000690000;-2.669374942779541
170838.220000000700000;-2.669374942779541
170863.200000000710000;-2.666562557220459
170888.180000000690000;-2.666562557220459
170913.160000000700000;-2.666562557220459
170938.140000000710000;-2.666562557220459
170963.120000000720000;-2.664999961853027
170988.100000000730000;-2.664999961853027
171013.080000000710000;-2.664999961853027
171038.060000000730000;-2.664999961853027
171063.040000000740000;-2.657187461853027
171088.020000000720000;-2.657187461853027
171113.000000000730000;-2.657187461853027
171137.980000000740000;-2.657187461853027
171162.960000000750000;-2.669999837875366
171187.940000000760000;-2.669999837875366
171212.920000000740000;-2.669999837875366
171237.900000000750000;-2.669999837875366
171262.880000000760000;-2.652499914169312
171287.860000000740000;-2.652499914169312
171312.840000000750000;-2.652499914169312
171337.820000000760000;-2.652499914169312
171362.800000000770000;-2.676562547683716
171387.780000000780000;-2.676562547683716
171412.760000000770000;-2.676562547683716
171437.740000000780000;-2.676562547683716
171462.720000000790000;-2.665937423706055
171487.700000000770000;-2.665937423706055
171512.680000000780000;-2.665937423706055
171537.660000000790000;-2.665937423706055
171562.640000000800000;-2.662187337875366
171587.620000000810000;-2.662187337875366
171612.600000000790000;-2.662187337875366
171637.580000000800000;-2.662187337875366
171662.560000000810000;-2.679999828338623
171687.540000000790000;-2.679999828338623
171712.520000000800000;-2.679999828338623
171737.500000000810000;-2.679999828338623
171762.480000000830000;-2.682187557220459
171787.460000000840000;-2.682187557220459
171812.440000000820000;-2.682187557220459
171837.420000000830000;-2.682187557220459
171862.400000000840000;-2.662499904632568
171887.380000000820000;-2.662499904632568
171912.360000000830000;-2.662499904632568
171937.340000000840000;-2.662499904632568
171962.320000000850000;-2.648124933242798
171987.300000000860000;-2.648124933242798
172012.280000000840000;-2.648124933242798
172037.260000000850000;-2.648124933242798
172062.240000000860000;-2.663437366485596
172087.220000000850000;-2.663437366485596
172112.200000000860000;-2.663437366485596
172137.180000000870000;-2.663437366485596
172162.160000000880000;-2.669374942779541
172187.140000000890000;-2.669374942779541
172212.120000000870000;-2.669374942779541
172237.100000000880000;-2.669374942779541
172262.080000000890000;-2.665312528610230
172287.060000000870000;-2.665312528610230
172312.040000000880000;-2.665312528610230
172337.020000000890000;-2.665312528610230
172362.000000000900000;-2.667812347412109
172386.980000000910000;-2.667812347412109
172411.960000000890000;-2.667812347412109
172436.940000000900000;-2.667812347412109
172461.920000000920000;-2.675937414169312
172486.900000000900000;-2.675937414169312
172511.880000000910000;-2.675937414169312
172536.860000000920000;-2.675937414169312
172561.840000000930000;-2.657187461853027
172586.820000000940000;-2.657187461853027
172611.800000000920000;-2.657187461853027
172636.780000000930000;-2.657187461853027
172661.760000000940000;-2.680937528610230
172686.740000000920000;-2.680937528610230
172711.720000000930000;-2.680937528610230
172736.700000000940000;-2.680937528610230
172761.680000000950000;-2.660937547683716
172786.660000000960000;-2.660937547683716
172811.640000000950000;-2.660937547683716
172836.620000000960000;-2.660937547683716
172861.600000000970000;-2.671562433242798
172886.580000000950000;-2.671562433242798
172911.560000000960000;-2.671562433242798
172936.540000000970000;-2.671562433242798
172961.520000000980000;-2.669374942779541
172986.500000000990000;-2.669374942779541
173011.480000000970000;-2.669374942779541
173036.460000000980000;-2.669374942779541
173061.440000000990000;-2.672187328338623
173086.420000000970000;-2.672187328338623
173111.400000000980000;-2.672187328338623
173136.380000000990000;-2.672187328338623
173161.360000001000000;-2.676562547683716
173186.340000001020000;-2.676562547683716
173211.320000001000000;-2.676562547683716
173236.300000001010000;-2.676562547683716
173261.280000001020000;-2.674062490463257
173286.260000001000000;-2.674062490463257
173311.240000001010000;-2.674062490463257
173336.220000001020000;-2.674062490463257
173361.200000001030000;-2.671249866485596
173386.180000001040000;-2.671249866485596
173411.160000001020000;-2.671249866485596
173436.140000001030000;-2.671249866485596
173461.120000001040000;-2.660624980926514
173486.100000001020000;-2.660624980926514
173511.080000001030000;-2.660624980926514
173536.060000001050000;-2.660624980926514
173561.040000001060000;-2.668124914169312
173586.020000001070000;-2.668124914169312
173611.000000001050000;-2.668124914169312
173635.980000001060000;-2.668124914169312
173660.960000001070000;-2.674687385559082
173685.940000001050000;-2.674687385559082
173710.920000001060000;-2.674687385559082
173735.900000001070000;-2.674687385559082
173760.880000001080000;-2.667187452316284
173785.860000001090000;-2.667187452316284
173810.840000001070000;-2.667187452316284
173835.820000001080000;-2.667187452316284
173860.800000001090000;-2.669374942779541
173885.780000001080000;-2.669374942779541
173910.760000001090000;-2.669374942779541
173935.740000001100000;-2.669374942779541
173960.720000001110000;-2.668124914169312
173985.700000001120000;-2.668124914169312
174010.680000001100000;-2.668124914169312
174035.660000001110000;-2.668124914169312
174060.640000001120000;-2.669687509536743
174085.620000001100000;-2.669687509536743
174110.600000001110000;-2.669687509536743
174135.580000001120000;-2.669687509536743
174160.560000001130000;-2.666874885559082
174185.540000001140000;-2.666874885559082
174210.520000001120000;-2.666874885559082
174235.500000001140000;-2.666874885559082
174260.480000001150000;-2.664999961853027
174285.460000001130000;-2.664999961853027
174310.440000001140000;-2.664999961853027
174335.420000001150000;-2.664999961853027
174360.400000001160000;-2.661562442779541
174385.380000001170000;-2.661562442779541
174410.360000001150000;-2.661562442779541
174435.340000001160000;-2.661562442779541
174460.320000001170000;-2.673749923706055
174485.300000001150000;-2.673749923706055
174510.280000001160000;-2.673749923706055
174535.260000001170000;-2.673749923706055
174560.240000001180000;-2.664374828338623
174585.220000001190000;-2.664374828338623
174610.200000001180000;-2.664374828338623
174635.180000001190000;-2.664374828338623
174660.160000001200000;-2.698750019073486
174685.140000001180000;-2.698750019073486
174710.120000001190000;-2.698750019073486
174735.100000001200000;-2.698750019073486
174760.080000001210000;-2.653437376022339
174785.060000001220000;-2.653437376022339
174810.040000001200000;-2.653437376022339
174835.020000001210000;-2.653437376022339
174860.000000001220000;-2.673749923706055
174884.980000001200000;-2.673749923706055
174909.960000001210000;-2.673749923706055
174934.940000001220000;-2.673749923706055
174959.920000001240000;-2.669999837875366
174984.900000001250000;-2.669999837875366
175009.880000001230000;-2.669999837875366
175034.860000001240000;-2.669999837875366
175059.840000001250000;-2.673437356948853
175084.820000001230000;-2.673437356948853
175109.800000001240000;-2.673437356948853
175134.780000001250000;-2.673437356948853
175159.760000001260000;-2.668124914169312
175184.740000001270000;-2.668124914169312
175209.720000001250000;-2.668124914169312
175234.700000001260000;-2.668124914169312
175259.680000001270000;-2.674375057220459
175284.660000001250000;-2.674375057220459
175309.640000001270000;-2.674375057220459
175334.620000001280000;-2.674375057220459
175359.600000001290000;-2.675624847412109
175384.580000001300000;-2.675624847412109
175409.560000001280000;-2.675624847412109
175434.540000001290000;-2.675624847412109
175459.520000001300000;-2.684999942779541
175484.500000001280000;-2.684999942779541
175509.480000001290000;-2.684999942779541
175534.460000001300000;-2.684999942779541
175559.440000001310000;-2.664687395095825
175584.420000001320000;-2.664687395095825
175609.400000001300000;-2.664687395095825
175634.380000001310000;-2.664687395095825
175659.360000001320000;-2.671249866485596
175684.340000001310000;-2.671249866485596
175709.320000001320000;-2.671249866485596
175734.300000001330000;-2.671249866485596
175759.280000001340000;-2.675624847412109
175784.260000001350000;-2.675624847412109
175809.240000001330000;-2.675624847412109
175834.220000001340000;-2.675624847412109
175859.200000001350000;-2.677187442779541
175884.180000001330000;-2.677187442779541
175909.160000001340000;-2.677187442779541
175934.140000001350000;-2.677187442779541
175959.120000001360000;-2.678750038146973
175984.100000001370000;-2.678750038146973
176009.080000001360000;-2.678750038146973
176034.060000001370000;-2.678750038146973
176059.040000001380000;-2.672187328338623
176084.020000001360000;-2.672187328338623
176109.000000001370000;-2.672187328338623
176133.980000001380000;-2.672187328338623
176158.960000001390000;-2.664062500000000
176183.940000001400000;-2.664062500000000
176208.920000001380000;-2.664062500000000
176233.900000001390000;-2.664062500000000
176258.880000001400000;-2.676562547683716
176283.860000001380000;-2.676562547683716
176308.840000001390000;-2.676562547683716
176333.820000001400000;-2.676562547683716
176358.800000001410000;-2.678124904632568
176383.780000001420000;-2.678124904632568
176408.760000001410000;-2.678124904632568
176433.740000001420000;-2.678124904632568
176458.720000001430000;-2.673125028610230
176483.700000001410000;-2.673125028610230
176508.680000001420000;-2.673125028610230
176533.660000001430000;-2.673125028610230
176558.640000001440000;-2.663749933242798
176583.620000001450000;-2.663749933242798
176608.600000001430000;-2.663749933242798
176633.580000001440000;-2.663749933242798
176658.560000001450000;-2.668124914169312
176683.540000001430000;-2.668124914169312
176708.520000001440000;-2.668124914169312
176733.500000001460000;-2.668124914169312
176758.480000001470000;-2.664687395095825
176783.460000001480000;-2.664687395095825
176808.440000001460000;-2.664687395095825
176833.420000001470000;-2.664687395095825
176858.400000001480000;-2.663749933242798
176883.380000001460000;-2.663749933242798
176908.360000001470000;-2.663749933242798
176933.340000001480000;-2.663749933242798
176958.320000001490000;-2.671249866485596
176983.300000001500000;-2.671249866485596
177008.280000001480000;-2.671249866485596
177033.260000001490000;-2.671249866485596
177058.240000001500000;-2.670312404632568
177083.220000001490000;-2.670312404632568
177108.200000001500000;-2.670312404632568
177133.180000001510000;-2.670312404632568
177158.160000001520000;-2.664374828338623
177183.140000001530000;-2.664374828338623
177208.120000001510000;-2.664374828338623
177233.100000001520000;-2.664374828338623
177258.080000001530000;-2.664374828338623
177283.060000001510000;-2.664374828338623
177308.040000001520000;-2.664374828338623
177333.020000001530000;-2.664374828338623
177358.000000001540000;-2.674062490463257
177382.980000001550000;-2.674062490463257
177407.960000001530000;-2.674062490463257
177432.940000001540000;-2.674062490463257
177457.920000001560000;-2.667812347412109
177482.900000001540000;-2.667812347412109
177507.880000001550000;-2.667812347412109
177532.860000001560000;-2.667812347412109
177557.840000001570000;-2.687812328338623
177582.820000001580000;-2.687812328338623
177607.800000001560000;-2.687812328338623
177632.780000001570000;-2.687812328338623
177657.760000001580000;-2.678437471389771
177682.740000001560000;-2.678437471389771
177707.720000001570000;-2.678437471389771
177732.700000001580000;-2.678437471389771
177757.680000001590000;-2.679687500000000
177782.660000001600000;-2.679687500000000
177807.640000001590000;-2.679687500000000
177832.620000001600000;-2.679687500000000
177857.600000001610000;-2.674687385559082
177882.580000001590000;-2.674687385559082
177907.560000001600000;-2.674687385559082
177932.540000001610000;-2.674687385559082
177957.520000001620000;-2.672499895095825
177982.500000001630000;-2.672499895095825
178007.480000001610000;-2.672499895095825
178032.460000001620000;-2.672499895095825
178057.440000001630000;-2.677500009536743
178082.420000001610000;-2.677500009536743
178107.400000001620000;-2.677500009536743
178132.380000001630000;-2.677500009536743
178157.360000001640000;-2.656250000000000
178182.340000001660000;-2.656250000000000
178207.320000001640000;-2.656250000000000
178232.300000001650000;-2.656250000000000
178257.280000001660000;-2.670937538146973
178282.260000001640000;-2.670937538146973
178307.240000001650000;-2.670937538146973
178332.220000001660000;-2.670937538146973
178357.200000001670000;-2.681874990463257
178382.180000001680000;-2.681874990463257
178407.160000001660000;-2.681874990463257
178432.140000001670000;-2.681874990463257
178457.120000001680000;-2.679687500000000
178482.100000001660000;-2.679687500000000
178507.080000001680000;-2.679687500000000
178532.060000001690000;-2.679687500000000
178557.040000001700000;-2.675937414169312
178582.020000001710000;-2.675937414169312
178607.000000001690000;-2.675937414169312
178631.980000001700000;-2.675937414169312
178656.960000001710000;-2.677500009536743
178681.940000001690000;-2.677500009536743
178706.920000001700000;-2.677500009536743
178731.900000001710000;-2.677500009536743
178756.880000001720000;-2.685624837875366
178781.860000001730000;-2.685624837875366
178806.840000001710000;-2.685624837875366
178831.820000001720000;-2.685624837875366
178856.800000001730000;-2.670312404632568
178881.780000001720000;-2.670312404632568
178906.760000001730000;-2.670312404632568
178931.740000001740000;-2.670312404632568
178956.720000001750000;-2.682812452316284
178981.700000001760000;-2.682812452316284
179006.680000001740000;-2.682812452316284
179031.660000001750000;-2.682812452316284
179056.640000001760000;-2.667187452316284
179081.620000001740000;-2.667187452316284
179106.600000001750000;-2.667187452316284
179131.580000001760000;-2.667187452316284
179156.560000001770000;-2.670624971389771
179181.540000001780000;-2.670624971389771
179206.520000001760000;-2.670624971389771
179231.500000001780000;-2.670624971389771
179256.480000001790000;-2.673749923706055
179281.460000001770000;-2.673749923706055
179306.440000001780000;-2.673749923706055
179331.420000001790000;-2.673749923706055
179356.400000001800000;-2.667500019073486
179381.380000001810000;-2.667500019073486
179406.360000001790000;-2.667500019073486
179431.340000001800000;-2.667500019073486
179456.320000001810000;-2.674375057220459
179481.300000001790000;-2.674375057220459
179506.280000001800000;-2.674375057220459
179531.260000001810000;-2.674375057220459
179556.240000001820000;-2.685312509536743
179581.220000001830000;-2.685312509536743
179606.200000001820000;-2.685312509536743
179631.180000001830000;-2.685312509536743
179656.160000001840000;-2.674375057220459
179681.140000001820000;-2.674375057220459
179706.120000001830000;-2.674375057220459
179731.100000001840000;-2.674375057220459
179756.080000001850000;-2.675312519073486
179781.060000001860000;-2.675312519073486
179806.040000001840000;-2.675312519073486
179831.020000001850000;-2.675312519073486
179856.000000001860000;-2.673749923706055
179880.980000001840000;-2.673749923706055
179905.960000001850000;-2.673749923706055
179930.940000001860000;-2.673749923706055
179955.920000001880000;-2.679062366485596
179980.900000001890000;-2.679062366485596
180005.880000001870000;-2.679062366485596
180030.860000001880000;-2.679062366485596
180055.840000001890000;-2.673125028610230
180080.820000001870000;-2.673125028610230
180105.800000001880000;-2.673125028610230
180130.780000001890000;-2.673125028610230
180155.760000001900000;-2.682812452316284
180180.740000001910000;-2.682812452316284
180205.720000001890000;-2.682812452316284
180230.700000001900000;-2.682812452316284
180255.680000001910000;-2.677812337875366
180280.660000001900000;-2.677812337875366
180305.640000001910000;-2.677812337875366
180330.620000001920000;-2.677812337875366
180355.600000001930000;-2.656250000000000
180380.580000001940000;-2.656250000000000
180405.560000001920000;-2.656250000000000
180430.540000001930000;-2.656250000000000
180455.520000001940000;-2.684375047683716
180480.500000001920000;-2.684375047683716
180505.480000001930000;-2.684375047683716
180530.460000001940000;-2.684375047683716
180555.440000001950000;-2.675312519073486
180580.420000001960000;-2.675312519073486
180605.400000001940000;-2.675312519073486
180630.380000001950000;-2.675312519073486
180655.360000001970000;-2.677500009536743
180680.340000001950000;-2.677500009536743
180705.320000001960000;-2.677500009536743
180730.300000001970000;-2.677500009536743
180755.280000001980000;-2.683437347412109
180780.260000001990000;-2.683437347412109
180805.240000001970000;-2.683437347412109
180830.220000001980000;-2.683437347412109
180855.200000001990000;-2.672499895095825
180880.180000001970000;-2.672499895095825
180905.160000001980000;-2.672499895095825
180930.140000001990000;-2.672499895095825
180955.120000002000000;-2.686249971389771
180980.100000002010000;-2.686249971389771
181005.080000002000000;-2.686249971389771
181030.060000002010000;-2.686249971389771
181055.040000002020000;-2.676249980926514
181080.020000002000000;-2.676249980926514
181105.000000002010000;-2.676249980926514
181129.980000002020000;-2.676249980926514
181154.960000002030000;-2.675624847412109
181179.940000002040000;-2.675624847412109
181204.920000002020000;-2.675624847412109
181229.900000002030000;-2.675624847412109
181254.880000002040000;-2.680624961853027
181279.860000002020000;-2.680624961853027
181304.840000002030000;-2.680624961853027
181329.820000002040000;-2.680624961853027
181354.800000002050000;-2.663437366485596
181379.780000002070000;-2.663437366485596
181404.760000002050000;-2.663437366485596
181429.740000002060000;-2.663437366485596
181454.720000002070000;-2.674687385559082
181479.700000002050000;-2.674687385559082
181504.680000002060000;-2.674687385559082
181529.660000002070000;-2.674687385559082
181554.640000002080000;-2.670937538146973
181579.620000002090000;-2.670937538146973
181604.600000002070000;-2.670937538146973
181629.580000002080000;-2.670937538146973
181654.560000002090000;-2.667500019073486
181679.540000002070000;-2.667500019073486
181704.520000002080000;-2.667500019073486
181729.500000002100000;-2.667500019073486
181754.480000002110000;-2.684375047683716
181779.460000002120000;-2.684375047683716
181804.440000002100000;-2.684375047683716
181829.420000002110000;-2.684375047683716
181854.400000002120000;-2.687187433242798
181879.380000002100000;-2.687187433242798
181904.360000002110000;-2.687187433242798
181929.340000002120000;-2.687187433242798
181954.320000002130000;-2.676249980926514
181979.300000002140000;-2.676249980926514
182004.280000002120000;-2.676249980926514
182029.260000002130000;-2.676249980926514
182054.240000002140000;-2.679687500000000
182079.220000002130000;-2.679687500000000
182104.200000002140000;-2.679687500000000
182129.180000002150000;-2.679687500000000
182154.160000002160000;-2.672812461853027
182179.140000002170000;-2.672812461853027
182204.120000002150000;-2.672812461853027
182229.100000002160000;-2.672812461853027
182254.080000002170000;-2.682187557220459
182279.060000002150000;-2.682187557220459
182304.040000002160000;-2.682187557220459
182329.020000002170000;-2.682187557220459
182354.000000002180000;-2.677500009536743
182378.980000002190000;-2.677500009536743
182403.960000002170000;-2.677500009536743
182428.940000002190000;-2.677500009536743
182453.920000002200000;-2.674375057220459
182478.900000002180000;-2.674375057220459
182503.880000002190000;-2.674375057220459
182528.860000002200000;-2.674375057220459
182553.840000002210000;-2.673749923706055
182578.820000002220000;-2.673749923706055
182603.800000002200000;-2.673749923706055
182628.780000002210000;-2.673749923706055
182653.760000002220000;-2.674687385559082
182678.740000002200000;-2.674687385559082
182703.720000002210000;-2.674687385559082
182728.700000002220000;-2.674687385559082
182753.680000002230000;-2.677500009536743
182778.660000002240000;-2.677500009536743
182803.640000002230000;-2.677500009536743
182828.620000002240000;-2.677500009536743
182853.600000002250000;-2.670312404632568
182878.580000002230000;-2.670312404632568
182903.560000002240000;-2.670312404632568
182928.540000002250000;-2.670312404632568
182953.520000002260000;-2.675937414169312
182978.500000002270000;-2.675937414169312
183003.480000002250000;-2.675937414169312
183028.460000002260000;-2.675937414169312
183053.440000002270000;-2.678124904632568
183078.420000002250000;-2.678124904632568
183103.400000002260000;-2.678124904632568
183128.380000002270000;-2.678124904632568
183153.360000002290000;-2.675312519073486
183178.340000002300000;-2.675312519073486
183203.320000002280000;-2.675312519073486
183228.300000002290000;-2.675312519073486
183253.280000002300000;-2.678437471389771
183278.260000002280000;-2.678437471389771
183303.240000002290000;-2.678437471389771
183328.220000002300000;-2.678437471389771
183353.200000002310000;-2.669687509536743
183378.180000002320000;-2.669687509536743
183403.160000002300000;-2.669687509536743
183428.140000002310000;-2.669687509536743
183453.120000002320000;-2.672499895095825
183478.100000002310000;-2.672499895095825
183503.080000002320000;-2.672499895095825
183528.060000002330000;-2.672499895095825
183553.040000002340000;-2.672812461853027
183578.020000002350000;-2.672812461853027
183603.000000002330000;-2.672812461853027
183627.980000002340000;-2.672812461853027
183652.960000002350000;-2.678750038146973
183677.940000002330000;-2.678750038146973
183702.920000002340000;-2.678750038146973
183727.900000002350000;-2.678750038146973
183752.880000002360000;-2.678750038146973
183777.860000002370000;-2.678750038146973
183802.840000002350000;-2.678750038146973
183827.820000002360000;-2.678750038146973
183852.800000002370000;-2.686874866485596
183877.780000002360000;-2.686874866485596
183902.760000002370000;-2.686874866485596
183927.740000002380000;-2.686874866485596
183952.720000002390000;-2.682499885559082
183977.700000002400000;-2.682499885559082
184002.680000002380000;-2.682499885559082
184027.660000002390000;-2.682499885559082
184052.640000002400000;-2.674999952316284
184077.620000002380000;-2.674999952316284
184102.600000002390000;-2.674999952316284
184127.580000002400000;-2.674999952316284
184152.560000002410000;-2.661875009536743
184177.540000002420000;-2.661875009536743
184202.520000002410000;-2.661875009536743
184227.500000002420000;-2.661875009536743
184252.480000002430000;-2.681249856948853
184277.460000002410000;-2.681249856948853
184302.440000002420000;-2.681249856948853
184327.420000002430000;-2.681249856948853
184352.400000002440000;-2.676874876022339
184377.380000002450000;-2.676874876022339
184402.360000002430000;-2.676874876022339
184427.340000002440000;-2.676874876022339
184452.320000002450000;-2.679999828338623
184477.300000002430000;-2.679999828338623
184502.280000002440000;-2.679999828338623
184527.260000002450000;-2.679999828338623
184552.240000002460000;-2.676249980926514
184577.220000002470000;-2.676249980926514
184602.200000002460000;-2.676249980926514
184627.180000002470000;-2.676249980926514
184652.160000002480000;-2.706249952316284
184677.140000002460000;-2.706249952316284
184702.120000002470000;-2.706249952316284
184727.100000002480000;-2.706249952316284
184752.080000002490000;-2.685937404632568
184777.060000002500000;-2.685937404632568
184802.040000002480000;-2.685937404632568
184827.020000002490000;-2.685937404632568
184852.000000002500000;-2.679062366485596
184876.980000002480000;-2.679062366485596
184901.960000002490000;-2.679062366485596
184926.940000002510000;-2.679062366485596
184951.920000002520000;-2.677812337875366
184976.900000002530000;-2.677812337875366
185001.880000002510000;-2.677812337875366
185026.860000002520000;-2.677812337875366
185051.840000002530000;-2.674999952316284
185076.820000002510000;-2.674999952316284
185101.800000002520000;-2.674999952316284
185126.780000002530000;-2.674999952316284
185151.760000002540000;-2.685624837875366
185176.740000002550000;-2.685624837875366
185201.720000002530000;-2.685624837875366
185226.700000002540000;-2.685624837875366
185251.680000002550000;-2.688750028610230
185276.660000002540000;-2.688750028610230
185301.640000002550000;-2.688750028610230
185326.620000002560000;-2.688750028610230
185351.600000002570000;-2.697812557220459
185376.580000002580000;-2.697812557220459
185401.560000002560000;-2.697812557220459
185426.540000002570000;-2.697812557220459
185451.520000002580000;-2.678437471389771
185476.500000002560000;-2.678437471389771
185501.480000002570000;-2.678437471389771
185526.460000002580000;-2.678437471389771
185551.440000002590000;-2.679062366485596
185576.420000002600000;-2.679062366485596
185601.400000002580000;-2.679062366485596
185626.380000002590000;-2.679062366485596
185651.360000002610000;-2.679999828338623
185676.340000002590000;-2.679999828338623
185701.320000002600000;-2.679999828338623
185726.300000002610000;-2.679999828338623
185751.280000002620000;-2.682499885559082
185776.260000002630000;-2.682499885559082
185801.240000002610000;-2.682499885559082
185826.220000002620000;-2.682499885559082
185851.200000002630000;-2.662812471389771
185876.180000002610000;-2.662812471389771
185901.160000002620000;-2.662812471389771
185926.140000002630000;-2.662812471389771
185951.120000002640000;-2.681874990463257
185976.100000002650000;-2.681874990463257
186001.080000002640000;-2.681874990463257
186026.060000002650000;-2.681874990463257
186051.040000002660000;-2.671562433242798
186076.020000002640000;-2.671562433242798
186101.000000002650000;-2.671562433242798
186125.980000002660000;-2.671562433242798
186150.960000002670000;-2.685624837875366
186175.940000002680000;-2.685624837875366
186200.920000002660000;-2.685624837875366
186225.900000002670000;-2.685624837875366
186250.880000002680000;-2.683437347412109
186275.860000002660000;-2.683437347412109
186300.840000002670000;-2.683437347412109
186325.820000002680000;-2.683437347412109
186350.800000002700000;-2.683749914169312
186375.780000002710000;-2.683749914169312
186400.760000002690000;-2.683749914169312
186425.740000002700000;-2.683749914169312
186450.720000002710000;-2.688124895095825
186475.700000002690000;-2.688124895095825
186500.680000002700000;-2.688124895095825
186525.660000002710000;-2.688124895095825
186550.640000002720000;-2.662187337875366
186575.620000002730000;-2.662187337875366
186600.600000002710000;-2.662187337875366
186625.580000002720000;-2.662187337875366
186650.560000002730000;-2.684062480926514
186675.540000002710000;-2.684062480926514
186700.520000002730000;-2.684062480926514
186725.500000002740000;-2.684062480926514
186750.480000002750000;-2.683125019073486
186775.460000002760000;-2.683125019073486
186800.440000002740000;-2.683125019073486
186825.420000002750000;-2.683125019073486
186850.400000002760000;-2.680312395095825
186875.380000002740000;-2.680312395095825
186900.360000002750000;-2.680312395095825
186925.340000002760000;-2.680312395095825
186950.320000002770000;-2.678750038146973
186975.300000002780000;-2.678750038146973
187000.280000002760000;-2.678750038146973
187025.260000002770000;-2.678750038146973
187050.240000002780000;-2.674999952316284
187075.220000002770000;-2.674999952316284
187100.200000002780000;-2.674999952316284
187125.180000002790000;-2.674999952316284
187150.160000002800000;-2.683749914169312
187175.140000002810000;-2.683749914169312
187200.120000002790000;-2.683749914169312
187225.100000002800000;-2.683749914169312
187250.080000002810000;-2.678437471389771
187275.060000002790000;-2.678437471389771
187300.040000002800000;-2.678437471389771
187325.020000002810000;-2.678437471389771
187350.000000002820000;-2.686562538146973
187374.980000002830000;-2.686562538146973
187399.960000002810000;-2.686562538146973
187424.940000002830000;-2.686562538146973
187449.920000002840000;-2.680312395095825
187474.900000002820000;-2.680312395095825
187499.880000002830000;-2.680312395095825
187524.860000002840000;-2.680312395095825
187549.840000002850000;-2.684999942779541
187574.820000002860000;-2.684999942779541
187599.800000002840000;-2.684999942779541
187624.780000002850000;-2.684999942779541
187649.760000002860000;-2.684375047683716
187674.740000002840000;-2.684375047683716
187699.720000002850000;-2.684375047683716
187724.700000002860000;-2.684375047683716
187749.680000002870000;-2.671875000000000
187774.660000002880000;-2.671875000000000
187799.640000002870000;-2.671875000000000
187824.620000002880000;-2.671875000000000
187849.600000002890000;-2.685624837875366
187874.580000002870000;-2.685624837875366
187899.560000002880000;-2.685624837875366
187924.540000002890000;-2.685624837875366
187949.520000002900000;-2.681874990463257
187974.500000002910000;-2.681874990463257
187999.480000002890000;-2.681874990463257
188024.460000002900000;-2.681874990463257
188049.440000002910000;-2.679999828338623
188074.420000002890000;-2.679999828338623
188099.400000002900000;-2.679999828338623
188124.380000002920000;-2.679999828338623
188149.360000002930000;-2.680624961853027
188174.340000002940000;-2.680624961853027
188199.320000002920000;-2.680624961853027
188224.300000002930000;-2.680624961853027
188249.280000002940000;-2.696249961853027
188274.260000002920000;-2.696249961853027
188299.240000002930000;-2.696249961853027
188324.220000002940000;-2.696249961853027
188349.200000002950000;-2.677187442779541
188374.180000002960000;-2.677187442779541
188399.160000002940000;-2.677187442779541
188424.140000002950000;-2.677187442779541
188449.120000002960000;-2.678750038146973
188474.100000002950000;-2.678750038146973
188499.080000002960000;-2.678750038146973
188524.060000002970000;-2.678750038146973
188549.040000002980000;-2.700000047683716
188574.020000002990000;-2.700000047683716
188599.000000002970000;-2.700000047683716
188623.980000002980000;-2.700000047683716
188648.960000002990000;-2.687500000000000
188673.940000002970000;-2.687500000000000
188698.920000002980000;-2.687500000000000
188723.900000002990000;-2.687500000000000
188748.880000003000000;-2.679999828338623
188773.860000003010000;-2.679999828338623
188798.840000002990000;-2.679999828338623
188823.820000003000000;-2.679999828338623
188848.800000003020000;-2.682812452316284
188873.780000003000000;-2.682812452316284
188898.760000003010000;-2.682812452316284
188923.740000003020000;-2.682812452316284
188948.720000003030000;-2.692812442779541
188973.700000003040000;-2.692812442779541
188998.680000003020000;-2.692812442779541
189023.660000003030000;-2.692812442779541
189048.640000003040000;-2.683749914169312
189073.620000003020000;-2.683749914169312
189098.600000003030000;-2.683749914169312
189123.580000003040000;-2.683749914169312
189148.560000003050000;-2.689374923706055
189173.540000003060000;-2.689374923706055
189198.520000003050000;-2.689374923706055
189223.500000003060000;-2.689374923706055
189248.480000003070000;-2.682812452316284
189273.460000003050000;-2.682812452316284
189298.440000003060000;-2.682812452316284
189323.420000003070000;-2.682812452316284
189348.400000003080000;-2.684687376022339
189373.380000003090000;-2.684687376022339
189398.360000003070000;-2.684687376022339
189423.340000003080000;-2.684687376022339
189448.320000003090000;-2.681874990463257
189473.300000003070000;-2.681874990463257
189498.280000003080000;-2.681874990463257
189523.260000003090000;-2.681874990463257
189548.240000003100000;-2.667812347412109
189573.220000003120000;-2.667812347412109
189598.200000003100000;-2.667812347412109
189623.180000003110000;-2.667812347412109
189648.160000003120000;-2.696249961853027
189673.140000003100000;-2.696249961853027
189698.120000003110000;-2.696249961853027
189723.100000003120000;-2.696249961853027
189748.080000003130000;-2.688437461853027
189773.060000003140000;-2.688437461853027
189798.040000003120000;-2.688437461853027
189823.020000003130000;-2.688437461853027
189848.000000003140000;-2.690624952316284
189872.980000003120000;-2.690624952316284
189897.960000003140000;-2.690624952316284
189922.940000003150000;-2.690624952316284
189947.920000003160000;-2.690937519073486
189972.900000003170000;-2.690937519073486
189997.880000003150000;-2.690937519073486
190022.860000003160000;-2.690937519073486
190047.840000003170000;-2.663437366485596
190072.820000003150000;-2.663437366485596
190097.800000003160000;-2.663437366485596
190122.780000003170000;-2.663437366485596
190147.760000003180000;-2.687812328338623
190172.740000003190000;-2.687812328338623
190197.720000003170000;-2.687812328338623
190222.700000003180000;-2.687812328338623
190247.680000003190000;-2.690624952316284
190272.660000003180000;-2.690624952316284
190297.640000003190000;-2.690624952316284
190322.620000003200000;-2.690624952316284
190347.600000003210000;-2.681562423706055
190372.580000003220000;-2.681562423706055
190397.560000003200000;-2.681562423706055
190422.540000003210000;-2.681562423706055
190447.520000003220000;-2.684062480926514
190472.500000003200000;-2.684062480926514
190497.480000003210000;-2.684062480926514
190522.460000003220000;-2.684062480926514
190547.440000003230000;-2.675624847412109
190572.420000003240000;-2.675624847412109
190597.400000003220000;-2.675624847412109
190622.380000003240000;-2.675624847412109
190647.360000003250000;-2.684062480926514
190672.340000003230000;-2.684062480926514
190697.320000003240000;-2.684062480926514
190722.300000003250000;-2.684062480926514
190747.280000003260000;-2.680937528610230
190772.260000003270000;-2.680937528610230
190797.240000003250000;-2.680937528610230
190822.220000003260000;-2.680937528610230
190847.200000003270000;-2.688124895095825
190872.180000003250000;-2.688124895095825
190897.160000003260000;-2.688124895095825
190922.140000003270000;-2.688124895095825
190947.120000003280000;-2.668437480926514
190972.100000003290000;-2.668437480926514
190997.080000003280000;-2.668437480926514
191022.060000003290000;-2.668437480926514
191047.040000003300000;-2.691249847412109
191072.020000003280000;-2.691249847412109
191097.000000003290000;-2.691249847412109
191121.980000003300000;-2.691249847412109
191146.960000003310000;-2.664687395095825
191171.940000003320000;-2.664687395095825
191196.920000003300000;-2.664687395095825
191221.900000003310000;-2.664687395095825
191246.880000003320000;-2.679687500000000
191271.860000003300000;-2.679687500000000
191296.840000003310000;-2.679687500000000
191321.820000003320000;-2.679687500000000
191346.800000003340000;-2.689374923706055
191371.780000003350000;-2.689374923706055
191396.760000003330000;-2.689374923706055
191421.740000003340000;-2.689374923706055
191446.720000003350000;-2.682499885559082
191471.700000003330000;-2.682499885559082
191496.680000003340000;-2.682499885559082
191521.660000003350000;-2.682499885559082
191546.640000003360000;-2.684062480926514
191571.620000003370000;-2.684062480926514
191596.600000003350000;-2.684062480926514
191621.580000003360000;-2.684062480926514
191646.560000003370000;-2.687812328338623
191671.540000003360000;-2.687812328338623
191696.520000003370000;-2.687812328338623
191721.500000003380000;-2.687812328338623
191746.480000003390000;-2.677812337875366
191771.460000003400000;-2.677812337875366
191796.440000003380000;-2.677812337875366
191821.420000003390000;-2.677812337875366
191846.400000003400000;-2.690000057220459
191871.380000003380000;-2.690000057220459
191896.360000003390000;-2.690000057220459
191921.340000003400000;-2.690000057220459
191946.320000003410000;-2.679374933242798
191971.300000003420000;-2.679374933242798
191996.280000003400000;-2.679374933242798
192021.260000003410000;-2.679374933242798
192046.240000003420000;-2.684062480926514
192071.220000003410000;-2.684062480926514
192096.200000003420000;-2.684062480926514
192121.180000003430000;-2.684062480926514
192146.160000003440000;-2.682187557220459
192171.140000003450000;-2.682187557220459
192196.120000003430000;-2.682187557220459
192221.100000003440000;-2.682187557220459
192246.080000003450000;-2.685937404632568
192271.060000003430000;-2.685937404632568
192296.040000003440000;-2.685937404632568
192321.020000003450000;-2.685937404632568
192346.000000003460000;-2.682499885559082
192370.980000003470000;-2.682499885559082
192395.960000003460000;-2.682499885559082
192420.940000003470000;-2.682499885559082
192445.920000003480000;-2.676562547683716
192470.900000003460000;-2.676562547683716
192495.880000003470000;-2.676562547683716
192520.860000003480000;-2.676562547683716
192545.840000003490000;-2.674999952316284
192570.820000003500000;-2.674999952316284
192595.800000003480000;-2.674999952316284
192620.780000003490000;-2.674999952316284
192645.760000003500000;-2.681249856948853
192670.740000003480000;-2.681249856948853
192695.720000003490000;-2.681249856948853
192720.700000003500000;-2.681249856948853
192745.680000003510000;-2.686874866485596
192770.660000003530000;-2.686874866485596
192795.640000003510000;-2.686874866485596
192820.620000003520000;-2.686874866485596
192845.600000003530000;-2.677812337875366
192870.580000003510000;-2.677812337875366
192895.560000003520000;-2.677812337875366
192920.540000003530000;-2.677812337875366
192945.520000003540000;-2.691562414169312
192970.500000003550000;-2.691562414169312
192995.480000003530000;-2.691562414169312
193020.460000003540000;-2.691562414169312
193045.440000003550000;-2.699062347412109
193070.420000003530000;-2.699062347412109
193095.400000003540000;-2.699062347412109
193120.380000003560000;-2.699062347412109
193145.360000003570000;-2.684062480926514
193170.340000003580000;-2.684062480926514
193195.320000003560000;-2.684062480926514
193220.300000003570000;-2.684062480926514
193245.280000003580000;-2.687500000000000
193270.260000003560000;-2.687500000000000
193295.240000003570000;-2.687500000000000
193320.220000003580000;-2.687500000000000
193345.200000003590000;-2.662187337875366
193370.180000003600000;-2.662187337875366
193395.160000003580000;-2.662187337875366
193420.140000003590000;-2.662187337875366
193445.120000003600000;-2.682499885559082
193470.100000003590000;-2.682499885559082
193495.080000003600000;-2.682499885559082
193520.060000003610000;-2.682499885559082
193545.040000003620000;-2.679062366485596
193570.020000003630000;-2.679062366485596
193595.000000003610000;-2.679062366485596
193619.980000003620000;-2.679062366485596
193644.960000003630000;-2.671249866485596
193669.940000003610000;-2.671249866485596
193694.920000003620000;-2.671249866485596
193719.900000003630000;-2.671249866485596
193744.880000003640000;-2.686562538146973
193769.860000003650000;-2.686562538146973
193794.840000003630000;-2.686562538146973
193819.820000003640000;-2.686562538146973
193844.800000003660000;-2.688750028610230
193869.780000003640000;-2.688750028610230
193894.760000003650000;-2.688750028610230
193919.740000003660000;-2.688750028610230
193944.720000003670000;-2.674999952316284
193969.700000003680000;-2.674999952316284
193994.680000003660000;-2.674999952316284
194019.660000003670000;-2.674999952316284
194044.640000003680000;-2.674062490463257
194069.620000003660000;-2.674062490463257
194094.600000003670000;-2.674062490463257
194119.580000003680000;-2.674062490463257
194144.560000003690000;-2.679062366485596
194169.540000003700000;-2.679062366485596
194194.520000003690000;-2.679062366485596
194219.500000003700000;-2.679062366485596
194244.480000003710000;-2.679062366485596
194269.460000003690000;-2.679062366485596
194294.440000003700000;-2.679062366485596
194319.420000003710000;-2.679062366485596
194344.400000003720000;-2.685624837875366
194369.380000003730000;-2.685624837875366
194394.360000003710000;-2.685624837875366
194419.340000003720000;-2.685624837875366
194444.320000003730000;-2.695624828338623
194469.300000003710000;-2.695624828338623
194494.280000003700000;-2.695624828338623
194519.260000003710000;-2.695624828338623
194544.240000003720000;-2.693749904632568
194569.220000003700000;-2.693749904632568
194594.200000003680000;-2.693749904632568
194619.180000003690000;-2.693749904632568
194644.160000003700000;-2.690624952316284
194669.140000003680000;-2.690624952316284
194694.120000003660000;-2.690624952316284
194719.100000003670000;-2.690624952316284
194744.080000003680000;-2.682499885559082
194769.060000003660000;-2.682499885559082
194794.040000003650000;-2.682499885559082
194819.020000003660000;-2.682499885559082
194844.000000003670000;-2.682812452316284
194868.980000003650000;-2.682812452316284
194893.960000003630000;-2.682812452316284
194918.940000003640000;-2.682812452316284
194943.920000003650000;-2.695937395095825
194968.900000003630000;-2.695937395095825
194993.880000003610000;-2.695937395095825
195018.860000003620000;-2.695937395095825
195043.840000003630000;-2.698750019073486
195068.820000003620000;-2.698750019073486
195093.800000003600000;-2.698750019073486
195118.780000003610000;-2.698750019073486
195143.760000003620000;-2.683125019073486
195168.740000003600000;-2.683125019073486
195193.720000003580000;-2.683125019073486
195218.700000003590000;-2.683125019073486
195243.680000003600000;-2.677812337875366
195268.660000003580000;-2.677812337875366
195293.640000003560000;-2.677812337875366
195318.620000003580000;-2.677812337875366
195343.600000003590000;-2.697812557220459
195368.580000003570000;-2.697812557220459
195393.560000003550000;-2.697812557220459
195418.540000003560000;-2.697812557220459
195443.520000003570000;-2.685312509536743
195468.500000003550000;-2.685312509536743
195493.480000003530000;-2.685312509536743
195518.460000003540000;-2.685312509536743
195543.440000003550000;-2.682812452316284
195568.420000003530000;-2.682812452316284
195593.400000003520000;-2.682812452316284
195618.380000003530000;-2.682812452316284
195643.360000003540000;-2.677812337875366
195668.340000003520000;-2.677812337875366
195693.320000003500000;-2.677812337875366
195718.300000003510000;-2.677812337875366
195743.280000003520000;-2.688750028610230
195768.260000003500000;-2.688750028610230
195793.240000003480000;-2.688750028610230
195818.220000003490000;-2.688750028610230
195843.200000003500000;-2.686874866485596
195868.180000003490000;-2.686874866485596
195893.160000003470000;-2.686874866485596
195918.140000003480000;-2.686874866485596
195943.120000003490000;-2.684999942779541
195968.100000003470000;-2.684999942779541
195993.080000003450000;-2.684999942779541
196018.060000003460000;-2.684999942779541
196043.040000003470000;-2.693125009536743
196068.020000003450000;-2.693125009536743
196093.000000003430000;-2.693125009536743
196117.980000003440000;-2.693125009536743
196142.960000003460000;-2.672499895095825
196167.940000003440000;-2.672499895095825
196192.920000003420000;-2.672499895095825
196217.900000003430000;-2.672499895095825
196242.880000003440000;-2.681249856948853
196267.860000003420000;-2.681249856948853
196292.840000003400000;-2.681249856948853
196317.820000003410000;-2.681249856948853
196342.800000003420000;-2.680312395095825
196367.780000003400000;-2.680312395095825
196392.760000003390000;-2.680312395095825
196417.740000003400000;-2.680312395095825
196442.720000003410000;-2.700624942779541
196467.700000003390000;-2.700624942779541
196492.680000003370000;-2.700624942779541
196517.660000003380000;-2.700624942779541
196542.640000003390000;-2.673125028610230
196567.620000003370000;-2.673125028610230
196592.600000003350000;-2.673125028610230
196617.580000003360000;-2.673125028610230
196642.560000003370000;-2.679374933242798
196667.540000003360000;-2.679374933242798
196692.520000003340000;-2.679374933242798
196717.500000003350000;-2.679374933242798
196742.480000003360000;-2.682187557220459
196767.460000003340000;-2.682187557220459
196792.440000003320000;-2.682187557220459
196817.420000003330000;-2.682187557220459
196842.400000003340000;-2.692187547683716
196867.380000003320000;-2.692187547683716
196892.360000003300000;-2.692187547683716
196917.340000003310000;-2.692187547683716
196942.320000003320000;-2.692812442779541
196967.300000003310000;-2.692812442779541
196992.280000003290000;-2.692812442779541
197017.260000003300000;-2.692812442779541
197042.240000003310000;-2.686874866485596
197067.220000003290000;-2.686874866485596
197092.200000003270000;-2.686874866485596
197117.180000003280000;-2.686874866485596
197142.160000003290000;-2.690000057220459
197167.140000003270000;-2.690000057220459
197192.120000003250000;-2.690000057220459
197217.100000003270000;-2.690000057220459
197242.080000003280000;-2.690937519073486
197267.060000003260000;-2.690937519073486
197292.040000003240000;-2.690937519073486
197317.020000003250000;-2.690937519073486
197342.000000003260000;-2.684999942779541
197366.980000003240000;-2.684999942779541
197391.960000003220000;-2.684999942779541
197416.940000003230000;-2.684999942779541
197441.920000003240000;-2.687500000000000
197466.900000003220000;-2.687500000000000
197491.880000003210000;-2.687500000000000
197516.860000003220000;-2.687500000000000
197541.840000003230000;-2.683125019073486
197566.820000003210000;-2.683125019073486
197591.800000003190000;-2.683125019073486
197616.780000003200000;-2.683125019073486
197641.760000003210000;-2.675312519073486
197666.740000003190000;-2.675312519073486
197691.720000003170000;-2.675312519073486
197716.700000003180000;-2.675312519073486
197741.680000003190000;-2.694375038146973
197766.660000003180000;-2.694375038146973
197791.640000003160000;-2.694375038146973
197816.620000003170000;-2.694375038146973
197841.600000003180000;-2.688437461853027
197866.580000003160000;-2.688437461853027
197891.560000003140000;-2.688437461853027
197916.540000003150000;-2.688437461853027
197941.520000003160000;-2.678750038146973
197966.500000003140000;-2.678750038146973
197991.480000003120000;-2.678750038146973
198016.460000003140000;-2.678750038146973
198041.440000003150000;-2.701249837875366
198066.420000003130000;-2.701249837875366
198091.400000003110000;-2.701249837875366
198116.380000003120000;-2.701249837875366
198141.360000003130000;-2.697499990463257
198166.340000003110000;-2.697499990463257
198191.320000003090000;-2.697499990463257
198216.300000003100000;-2.697499990463257
198241.280000003110000;-2.687500000000000
198266.260000003090000;-2.687500000000000
198291.240000003080000;-2.687500000000000
198316.220000003090000;-2.687500000000000
198341.200000003100000;-2.685624837875366
198366.180000003080000;-2.685624837875366
198391.160000003060000;-2.685624837875366
198416.140000003070000;-2.685624837875366
198441.120000003080000;-2.679687500000000
198466.100000003060000;-2.679687500000000
198491.080000003040000;-2.679687500000000
198516.060000003050000;-2.679687500000000
198541.040000003060000;-2.688750028610230
198566.020000003050000;-2.688750028610230
198591.000000003030000;-2.688750028610230
198615.980000003040000;-2.688750028610230
198640.960000003050000;-2.680937528610230
198665.940000003030000;-2.680937528610230
198690.920000003010000;-2.680937528610230
198715.900000003020000;-2.680937528610230
198740.880000003030000;-2.691874980926514
198765.860000003010000;-2.691874980926514
198790.840000002990000;-2.691874980926514
198815.820000003000000;-2.691874980926514
198840.800000003020000;-2.684062480926514
198865.780000003000000;-2.684062480926514
198890.760000002980000;-2.684062480926514
198915.740000002990000;-2.684062480926514
198940.720000003000000;-2.689687490463257
198965.700000002980000;-2.689687490463257
198990.680000002960000;-2.689687490463257
199015.660000002970000;-2.689687490463257
199040.640000002980000;-2.685624837875366
199065.620000002960000;-2.685624837875366
199090.600000002950000;-2.685624837875366
199115.580000002960000;-2.685624837875366
199140.560000002970000;-2.680312395095825
199165.540000002950000;-2.680312395095825
199190.520000002930000;-2.680312395095825
199215.500000002940000;-2.680312395095825
199240.480000002950000;-2.686249971389771
199265.460000002930000;-2.686249971389771
199290.440000002910000;-2.686249971389771
199315.420000002920000;-2.686249971389771
199340.400000002930000;-2.678124904632568
199365.380000002920000;-2.678124904632568
199390.360000002900000;-2.678124904632568
199415.340000002910000;-2.678124904632568
199440.320000002920000;-2.705312490463257
199465.300000002900000;-2.705312490463257
199490.280000002880000;-2.705312490463257
199515.260000002890000;-2.705312490463257
199540.240000002900000;-2.690624952316284
199565.220000002880000;-2.690624952316284
199590.200000002860000;-2.690624952316284
199615.180000002870000;-2.690624952316284
199640.160000002880000;-2.687500000000000
199665.140000002870000;-2.687500000000000
199690.120000002850000;-2.687500000000000
199715.100000002860000;-2.687500000000000
199740.080000002870000;-2.683125019073486
199765.060000002850000;-2.683125019073486
199790.040000002830000;-2.683125019073486
199815.020000002840000;-2.683125019073486
199840.000000002850000;-2.691874980926514
199864.980000002830000;-2.691874980926514
199889.960000002810000;-2.691874980926514
199914.940000002830000;-2.691874980926514
199939.920000002840000;-2.693437337875366
199964.900000002820000;-2.693437337875366
199989.880000002800000;-2.693437337875366
200014.860000002810000;-2.693437337875366
200039.840000002820000;-2.691562414169312
200064.820000002800000;-2.691562414169312
200089.800000002780000;-2.691562414169312
200114.780000002790000;-2.691562414169312
200139.760000002800000;-2.684375047683716
200164.740000002780000;-2.684375047683716
200189.720000002770000;-2.684375047683716
200214.700000002780000;-2.684375047683716
200239.680000002790000;-2.688124895095825
200264.660000002770000;-2.688124895095825
200289.640000002750000;-2.688124895095825
200314.620000002760000;-2.688124895095825
200339.600000002770000;-2.673749923706055
200364.580000002750000;-2.673749923706055
200389.560000002730000;-2.673749923706055
200414.540000002740000;-2.673749923706055
200439.520000002750000;-2.691249847412109
200464.500000002740000;-2.691249847412109
200489.480000002720000;-2.691249847412109
200514.460000002730000;-2.691249847412109
200539.440000002740000;-2.686562538146973
200564.420000002720000;-2.686562538146973
200589.400000002700000;-2.686562538146973
200614.380000002710000;-2.686562538146973
200639.360000002720000;-2.689687490463257
200664.340000002700000;-2.689687490463257
200689.320000002680000;-2.689687490463257
200714.300000002700000;-2.689687490463257
200739.280000002710000;-2.691562414169312
200764.260000002690000;-2.691562414169312
200789.240000002670000;-2.691562414169312
200814.220000002680000;-2.691562414169312
200839.200000002690000;-2.689062356948853
200864.180000002670000;-2.689062356948853
200889.160000002650000;-2.689062356948853
200914.140000002660000;-2.689062356948853
200939.120000002670000;-2.689374923706055
200964.100000002650000;-2.689374923706055
200989.080000002640000;-2.689374923706055
201014.060000002650000;-2.689374923706055
201039.040000002660000;-2.694375038146973
201064.020000002640000;-2.694375038146973
201089.000000002620000;-2.694375038146973
201113.980000002630000;-2.694375038146973
201138.960000002640000;-2.695937395095825
201163.940000002620000;-2.695937395095825
201188.920000002600000;-2.695937395095825
201213.900000002610000;-2.695937395095825
201238.880000002620000;-2.688124895095825
201263.860000002610000;-2.688124895095825
201288.840000002590000;-2.688124895095825
201313.820000002600000;-2.688124895095825
201338.800000002610000;-2.686562538146973
201363.780000002590000;-2.686562538146973
201388.760000002570000;-2.686562538146973
201413.740000002580000;-2.686562538146973
201438.720000002590000;-2.690624952316284
201463.700000002570000;-2.690624952316284
201488.680000002550000;-2.690624952316284
201513.660000002560000;-2.690624952316284
201538.640000002580000;-2.694999933242798
201563.620000002560000;-2.694999933242798
201588.600000002540000;-2.694999933242798
201613.580000002550000;-2.694999933242798
201638.560000002560000;-2.695312500000000
201663.540000002540000;-2.695312500000000
201688.520000002520000;-2.695312500000000
201713.500000002530000;-2.695312500000000
201738.480000002540000;-2.682187557220459
201763.460000002520000;-2.682187557220459
201788.440000002510000;-2.682187557220459
201813.420000002520000;-2.682187557220459
201838.400000002530000;-2.671249866485596
201863.380000002510000;-2.671249866485596
201888.360000002490000;-2.671249866485596
201913.340000002500000;-2.671249866485596
201938.320000002510000;-2.694999933242798
201963.300000002490000;-2.694999933242798
201988.280000002470000;-2.694999933242798
202013.260000002480000;-2.694999933242798
202038.240000002490000;-2.689374923706055
202063.220000002470000;-2.689374923706055
202088.200000002460000;-2.689374923706055
202113.180000002470000;-2.689374923706055
202138.160000002480000;-2.693125009536743
202163.140000002460000;-2.693125009536743
202188.120000002440000;-2.693125009536743
202213.100000002450000;-2.693125009536743
202238.080000002460000;-2.685624837875366
202263.060000002440000;-2.685624837875366
202288.040000002420000;-2.685624837875366
202313.020000002430000;-2.685624837875366
202338.000000002440000;-2.692187547683716
202362.980000002430000;-2.692187547683716
202387.960000002410000;-2.692187547683716
202412.940000002420000;-2.692187547683716
202437.920000002430000;-2.684999942779541
202462.900000002410000;-2.684999942779541
202487.880000002390000;-2.684999942779541
202512.860000002400000;-2.684999942779541
202537.840000002410000;-2.694999933242798
202562.820000002390000;-2.694999933242798
202587.800000002370000;-2.694999933242798
202612.780000002390000;-2.694999933242798
202637.760000002400000;-2.700312376022339
202662.740000002380000;-2.700312376022339
202687.720000002360000;-2.700312376022339
202712.700000002370000;-2.700312376022339
202737.680000002380000;-2.690937519073486
202762.660000002360000;-2.690937519073486
202787.640000002340000;-2.690937519073486
202812.620000002350000;-2.690937519073486
202837.600000002360000;-2.691562414169312
202862.580000002340000;-2.691562414169312
202887.560000002330000;-2.691562414169312
202912.540000002340000;-2.691562414169312
202937.520000002350000;-2.692812442779541
202962.500000002330000;-2.692812442779541
202987.480000002310000;-2.692812442779541
203012.460000002320000;-2.692812442779541
203037.440000002330000;-2.689062356948853
203062.420000002310000;-2.689062356948853
203087.400000002290000;-2.689062356948853
203112.380000002300000;-2.689062356948853
203137.360000002310000;-2.714062452316284
203162.340000002300000;-2.714062452316284
203187.320000002280000;-2.714062452316284
203212.300000002290000;-2.714062452316284
203237.280000002300000;-2.665624856948853
203262.260000002280000;-2.665624856948853
203287.240000002260000;-2.665624856948853
203312.220000002270000;-2.665624856948853
203337.200000002280000;-2.701249837875366
203362.180000002260000;-2.701249837875366
203387.160000002240000;-2.701249837875366
203412.140000002250000;-2.701249837875366
203437.120000002270000;-2.694375038146973
203462.100000002250000;-2.694375038146973
203487.080000002230000;-2.694375038146973
203512.060000002240000;-2.694375038146973
203537.040000002250000;-2.688750028610230
203562.020000002230000;-2.688750028610230
203587.000000002210000;-2.688750028610230
203611.980000002220000;-2.688750028610230
203636.960000002230000;-2.701249837875366
203661.940000002210000;-2.701249837875366
203686.920000002200000;-2.701249837875366
203711.900000002210000;-2.701249837875366
203736.880000002220000;-2.683749914169312
203761.860000002200000;-2.683749914169312
203786.840000002180000;-2.683749914169312
203811.820000002190000;-2.683749914169312
203836.800000002200000;-2.693437337875366
203861.780000002180000;-2.693437337875366
203886.760000002160000;-2.693437337875366
203911.740000002170000;-2.693437337875366
203936.720000002180000;-2.695937395095825
203961.700000002170000;-2.695937395095825
203986.680000002150000;-2.695937395095825
204011.660000002160000;-2.695937395095825
204036.640000002170000;-2.687812328338623
204061.620000002150000;-2.687812328338623
204086.600000002130000;-2.687812328338623
204111.580000002140000;-2.687812328338623
204136.560000002150000;-2.693125009536743
204161.540000002130000;-2.693125009536743
204186.520000002110000;-2.693125009536743
204211.500000002120000;-2.693125009536743
204236.480000002140000;-2.690312385559082
204261.460000002120000;-2.690312385559082
204286.440000002100000;-2.690312385559082
204311.420000002110000;-2.690312385559082
204336.400000002120000;-2.691562414169312
204361.380000002100000;-2.691562414169312
204386.360000002080000;-2.691562414169312
204411.340000002090000;-2.691562414169312
204436.320000002100000;-2.694687366485596
204461.300000002080000;-2.694687366485596
204486.280000002070000;-2.694687366485596
204511.260000002080000;-2.694687366485596
204536.240000002090000;-2.687187433242798
204561.220000002070000;-2.687187433242798
204586.200000002050000;-2.687187433242798
204611.180000002060000;-2.687187433242798
204636.160000002070000;-2.698750019073486
204661.140000002050000;-2.698750019073486
204686.120000002030000;-2.698750019073486
204711.100000002040000;-2.698750019073486
204736.080000002050000;-2.707187414169312
204761.060000002030000;-2.707187414169312
204786.040000002020000;-2.707187414169312
204811.020000002030000;-2.707187414169312
204836.000000002040000;-2.688750028610230
204860.980000002020000;-2.688750028610230
204885.960000002000000;-2.688750028610230
204910.940000002010000;-2.688750028610230
204935.920000002020000;-2.688124895095825
204960.900000002000000;-2.688124895095825
204985.880000001980000;-2.688124895095825
205010.860000001990000;-2.688124895095825
205035.840000002000000;-2.694999933242798
205060.820000001990000;-2.694999933242798
205085.800000001970000;-2.694999933242798
205110.780000001980000;-2.694999933242798
205135.760000001990000;-2.688750028610230
205160.740000001970000;-2.688750028610230
205185.720000001950000;-2.688750028610230
205210.700000001960000;-2.688750028610230
205235.680000001970000;-2.697499990463257
205260.660000001950000;-2.697499990463257
205285.640000001930000;-2.697499990463257
205310.620000001950000;-2.697499990463257
205335.600000001960000;-2.697812557220459
205360.580000001940000;-2.697812557220459
205385.560000001920000;-2.697812557220459
205410.540000001930000;-2.697812557220459
205435.520000001940000;-2.691562414169312
205460.500000001920000;-2.691562414169312
205485.480000001900000;-2.691562414169312
205510.460000001910000;-2.691562414169312
205535.440000001920000;-2.700624942779541
205560.420000001900000;-2.700624942779541
205585.400000001890000;-2.700624942779541
205610.380000001900000;-2.700624942779541
205635.360000001910000;-2.692499876022339
205660.340000001890000;-2.692499876022339
205685.320000001870000;-2.692499876022339
205710.300000001880000;-2.692499876022339
205735.280000001890000;-2.700937509536743
205760.260000001870000;-2.700937509536743
205785.240000001850000;-2.700937509536743
205810.220000001860000;-2.700937509536743
205835.200000001870000;-2.675312519073486
205860.180000001860000;-2.675312519073486
205885.160000001840000;-2.675312519073486
205910.140000001850000;-2.675312519073486
205935.120000001860000;-2.697499990463257
205960.100000001840000;-2.697499990463257
205985.080000001820000;-2.697499990463257
206010.060000001830000;-2.697499990463257
206035.040000001840000;-2.685312509536743
206060.020000001820000;-2.685312509536743
206085.000000001800000;-2.685312509536743
206109.980000001810000;-2.685312509536743
206134.960000001830000;-2.691249847412109
206159.940000001810000;-2.691249847412109
206184.920000001790000;-2.691249847412109
206209.900000001800000;-2.691249847412109
206234.880000001810000;-2.695937395095825
206259.860000001790000;-2.695937395095825
206284.840000001770000;-2.695937395095825
206309.820000001780000;-2.695937395095825
206334.800000001790000;-2.687500000000000
206359.780000001770000;-2.687500000000000
206384.760000001760000;-2.687500000000000
206409.740000001770000;-2.687500000000000
206434.720000001780000;-2.695937395095825
206459.700000001760000;-2.695937395095825
206484.680000001740000;-2.695937395095825
206509.660000001750000;-2.695937395095825
206534.640000001760000;-2.698750019073486
206559.620000001740000;-2.698750019073486
206584.600000001720000;-2.698750019073486
206609.580000001730000;-2.698750019073486
206634.560000001740000;-2.689062356948853
206659.540000001730000;-2.689062356948853
206684.520000001710000;-2.689062356948853
206709.500000001720000;-2.689062356948853
206734.480000001730000;-2.694375038146973
206759.460000001710000;-2.694375038146973
206784.440000001690000;-2.694375038146973
206809.420000001700000;-2.694375038146973
206834.400000001710000;-2.690937519073486
206859.380000001690000;-2.690937519073486
206884.360000001670000;-2.690937519073486
206909.340000001680000;-2.690937519073486
206934.320000001700000;-2.702812433242798
206959.300000001680000;-2.702812433242798
206984.280000001660000;-2.702812433242798
207009.260000001670000;-2.702812433242798
207034.240000001680000;-2.703749895095825
207059.220000001660000;-2.703749895095825
207084.200000001640000;-2.703749895095825
207109.180000001650000;-2.703749895095825
207134.160000001660000;-2.703125000000000
207159.140000001640000;-2.703125000000000
207184.120000001630000;-2.703125000000000
207209.100000001640000;-2.703125000000000
207234.080000001650000;-2.681562423706055
207259.060000001630000;-2.681562423706055
207284.040000001610000;-2.681562423706055
207309.020000001620000;-2.681562423706055
207334.000000001630000;-2.680312395095825
207358.980000001610000;-2.680312395095825
207383.960000001590000;-2.680312395095825
207408.940000001600000;-2.680312395095825
207433.920000001610000;-2.703749895095825
207458.900000001590000;-2.703749895095825
207483.880000001580000;-2.703749895095825
207508.860000001590000;-2.703749895095825
207533.840000001600000;-2.691249847412109
207558.820000001580000;-2.691249847412109
207583.800000001560000;-2.691249847412109
207608.780000001570000;-2.691249847412109
207633.760000001580000;-2.707499980926514
207658.740000001560000;-2.707499980926514
207683.720000001540000;-2.707499980926514
207708.700000001550000;-2.707499980926514
207733.680000001560000;-2.697187423706055
207758.660000001550000;-2.697187423706055
207783.640000001530000;-2.697187423706055
207808.620000001540000;-2.697187423706055
207833.600000001550000;-2.693749904632568
207858.580000001530000;-2.693749904632568
207883.560000001510000;-2.693749904632568
207908.540000001520000;-2.693749904632568
207933.520000001530000;-2.686249971389771
207958.500000001510000;-2.686249971389771
207983.480000001490000;-2.686249971389771
208008.460000001510000;-2.686249971389771
208033.440000001520000;-2.688437461853027
208058.420000001500000;-2.688437461853027
208083.400000001480000;-2.688437461853027
208108.380000001490000;-2.688437461853027
208133.360000001500000;-2.696874856948853
208158.340000001480000;-2.696874856948853
208183.320000001460000;-2.696874856948853
208208.300000001470000;-2.696874856948853
208233.280000001480000;-2.693437337875366
208258.260000001460000;-2.693437337875366
208283.240000001450000;-2.693437337875366
208308.220000001460000;-2.693437337875366
208333.200000001470000;-2.697187423706055
208358.180000001450000;-2.697187423706055
208383.160000001430000;-2.697187423706055
208408.140000001440000;-2.697187423706055
208433.120000001450000;-2.696249961853027
208458.100000001430000;-2.696249961853027
208483.080000001410000;-2.696249961853027
208508.060000001420000;-2.696249961853027
208533.040000001430000;-2.693437337875366
208558.020000001420000;-2.693437337875366
208583.000000001400000;-2.693437337875366
208607.980000001410000;-2.693437337875366
208632.960000001420000;-2.704687356948853
208657.940000001400000;-2.704687356948853
208682.920000001380000;-2.704687356948853
208707.900000001390000;-2.704687356948853
208732.880000001400000;-2.689062356948853
208757.860000001380000;-2.689062356948853
208782.840000001360000;-2.689062356948853
208807.820000001370000;-2.689062356948853
208832.800000001390000;-2.686874866485596
208857.780000001370000;-2.686874866485596
208882.760000001350000;-2.686874866485596
208907.740000001360000;-2.686874866485596
208932.720000001370000;-2.694375038146973
208957.700000001350000;-2.694375038146973
208982.680000001330000;-2.694375038146973
209007.660000001340000;-2.694375038146973
209032.640000001350000;-2.687812328338623
209057.620000001330000;-2.687812328338623
209082.600000001320000;-2.687812328338623
209107.580000001330000;-2.687812328338623
209132.560000001340000;-2.697499990463257
209157.540000001320000;-2.697499990463257
209182.520000001300000;-2.697499990463257
209207.500000001310000;-2.697499990463257
209232.480000001320000;-2.694999933242798
209257.460000001300000;-2.694999933242798
209282.440000001280000;-2.694999933242798
209307.420000001290000;-2.694999933242798
209332.400000001300000;-2.697187423706055
209357.380000001290000;-2.697187423706055
209382.360000001270000;-2.697187423706055
209407.340000001280000;-2.697187423706055
209432.320000001290000;-2.680312395095825
209457.300000001270000;-2.680312395095825
209482.280000001250000;-2.680312395095825
209507.260000001260000;-2.680312395095825
209532.240000001270000;-2.689062356948853
209557.220000001250000;-2.689062356948853
209582.200000001230000;-2.689062356948853
209607.180000001240000;-2.689062356948853
209632.160000001250000;-2.697812557220459
209657.140000001240000;-2.697812557220459
209682.120000001220000;-2.697812557220459
209707.100000001230000;-2.697812557220459
209732.080000001240000;-2.701874971389771
209757.060000001220000;-2.701874971389771
209782.040000001200000;-2.701874971389771
209807.020000001210000;-2.701874971389771
209832.000000001220000;-2.697499990463257
209856.980000001200000;-2.697499990463257
209881.960000001190000;-2.697499990463257
209906.940000001200000;-2.697499990463257
209931.920000001210000;-2.691874980926514
209956.900000001190000;-2.691874980926514
209981.880000001170000;-2.691874980926514
210006.860000001180000;-2.691874980926514
210031.840000001190000;-2.701874971389771
210056.820000001170000;-2.701874971389771
210081.800000001150000;-2.701874971389771
210106.780000001160000;-2.701874971389771
210131.760000001170000;-2.688750028610230
210156.740000001150000;-2.688750028610230
210181.720000001140000;-2.688750028610230
210206.700000001150000;-2.688750028610230
210231.680000001160000;-2.710624933242798
210256.660000001140000;-2.710624933242798
210281.640000001120000;-2.710624933242798
210306.620000001130000;-2.710624933242798
210331.600000001140000;-2.700000047683716
210356.580000001120000;-2.700000047683716
210381.560000001100000;-2.700000047683716
210406.540000001110000;-2.700000047683716
210431.520000001120000;-2.684375047683716
210456.500000001110000;-2.684375047683716
210481.480000001090000;-2.684375047683716
210506.460000001100000;-2.684375047683716
210531.440000001110000;-2.698750019073486
210556.420000001090000;-2.698750019073486
210581.400000001070000;-2.698750019073486
210606.380000001080000;-2.698750019073486
210631.360000001090000;-2.694375038146973
210656.340000001070000;-2.694375038146973
210681.320000001050000;-2.694375038146973
210706.300000001070000;-2.694375038146973
210731.280000001080000;-2.705312490463257
210756.260000001060000;-2.705312490463257
210781.240000001040000;-2.705312490463257
210806.220000001050000;-2.705312490463257
210831.200000001060000;-2.700937509536743
210856.180000001040000;-2.700937509536743
210881.160000001020000;-2.700937509536743
210906.140000001030000;-2.700937509536743
210931.120000001040000;-2.679687500000000
210956.100000001020000;-2.679687500000000
210981.080000001010000;-2.679687500000000
211006.060000001020000;-2.679687500000000
211031.040000001030000;-2.685937404632568
211056.020000001010000;-2.685937404632568
211081.000000000990000;-2.685937404632568
211105.980000001000000;-2.685937404632568
211130.960000001010000;-2.702812433242798
211155.940000000990000;-2.702812433242798
211180.920000000970000;-2.702812433242798
211205.900000000980000;-2.702812433242798
211230.880000000990000;-2.688750028610230
211255.860000000980000;-2.688750028610230
211280.840000000960000;-2.688750028610230
211305.820000000970000;-2.688750028610230
211330.800000000980000;-2.700000047683716
211355.780000000960000;-2.700000047683716
211380.760000000940000;-2.700000047683716
211405.740000000950000;-2.700000047683716
211430.720000000960000;-2.698750019073486
211455.700000000940000;-2.698750019073486
211480.680000000920000;-2.698750019073486
211505.660000000930000;-2.698750019073486
211530.640000000950000;-2.689687490463257
211555.620000000930000;-2.689687490463257
211580.600000000910000;-2.689687490463257
211605.580000000920000;-2.689687490463257
211630.560000000930000;-2.683749914169312
211655.540000000910000;-2.683749914169312
211680.520000000890000;-2.683749914169312
211705.500000000900000;-2.683749914169312
211730.480000000910000;-2.697187423706055
211755.460000000890000;-2.697187423706055
211780.440000000880000;-2.697187423706055
211805.420000000890000;-2.697187423706055
211830.400000000900000;-2.696249961853027
211855.380000000880000;-2.696249961853027
211880.360000000860000;-2.696249961853027
211905.340000000870000;-2.696249961853027
211930.320000000880000;-2.699374914169312
211955.300000000860000;-2.699374914169312
211980.280000000840000;-2.699374914169312
212005.260000000850000;-2.699374914169312
212030.240000000860000;-2.693437337875366
212055.220000000850000;-2.693437337875366
212080.200000000830000;-2.693437337875366
212105.180000000840000;-2.693437337875366
212130.160000000850000;-2.705312490463257
212155.140000000830000;-2.705312490463257
212180.120000000810000;-2.705312490463257
212205.100000000820000;-2.705312490463257
212230.080000000830000;-2.691874980926514
212255.060000000810000;-2.691874980926514
212280.040000000790000;-2.691874980926514
212305.020000000800000;-2.691874980926514
212330.000000000810000;-2.698750019073486
212354.980000000800000;-2.698750019073486
212379.960000000780000;-2.698750019073486
212404.940000000790000;-2.698750019073486
212429.920000000800000;-2.689687490463257
212454.900000000780000;-2.689687490463257
212479.880000000760000;-2.689687490463257
212504.860000000770000;-2.689687490463257
212529.840000000780000;-2.688437461853027
212554.820000000760000;-2.688437461853027
212579.800000000750000;-2.688437461853027
212604.780000000760000;-2.688437461853027
212629.760000000770000;-2.696562528610230
212654.740000000750000;-2.696562528610230
212679.720000000730000;-2.696562528610230
212704.700000000740000;-2.696562528610230
212729.680000000750000;-2.698750019073486
212754.660000000730000;-2.698750019073486
212779.640000000710000;-2.698750019073486
212804.620000000720000;-2.698750019073486
212829.600000000730000;-2.692187547683716
212854.580000000710000;-2.692187547683716
212879.560000000700000;-2.692187547683716
212904.540000000710000;-2.692187547683716
212929.520000000720000;-2.690937519073486
212954.500000000700000;-2.690937519073486
212979.480000000680000;-2.690937519073486
213004.460000000690000;-2.690937519073486
213029.440000000700000;-2.701562404632568
213054.420000000680000;-2.701562404632568
213079.400000000660000;-2.701562404632568
213104.380000000670000;-2.701562404632568
213129.360000000680000;-2.696874856948853
213154.340000000670000;-2.696874856948853
213179.320000000650000;-2.696874856948853
213204.300000000660000;-2.696874856948853
213229.280000000670000;-2.698124885559082
213254.260000000650000;-2.698124885559082
213279.240000000630000;-2.698124885559082
213304.220000000640000;-2.698124885559082
213329.200000000650000;-2.696874856948853
213354.180000000630000;-2.696874856948853
213379.160000000610000;-2.696874856948853
213404.140000000630000;-2.696874856948853
213429.120000000640000;-2.700312376022339
213454.100000000620000;-2.700312376022339
213479.080000000600000;-2.700312376022339
213504.060000000610000;-2.700312376022339
213529.040000000620000;-2.696562528610230
213554.020000000600000;-2.696562528610230
213579.000000000580000;-2.696562528610230
213603.980000000590000;-2.696562528610230
213628.960000000600000;-2.695937395095825
213653.940000000580000;-2.695937395095825
213678.920000000570000;-2.695937395095825
213703.900000000580000;-2.695937395095825
213728.880000000590000;-2.706874847412109
213753.860000000570000;-2.706874847412109
213778.840000000550000;-2.706874847412109
213803.820000000560000;-2.706874847412109
213828.800000000570000;-2.700937509536743
213853.780000000550000;-2.700937509536743
213878.760000000530000;-2.700937509536743
213903.740000000540000;-2.700937509536743
213928.720000000550000;-2.697187423706055
213953.700000000540000;-2.697187423706055
213978.680000000520000;-2.697187423706055
214003.660000000530000;-2.697187423706055
214028.640000000540000;-2.703437328338623
214053.620000000520000;-2.703437328338623
214078.600000000500000;-2.703437328338623
214103.580000000510000;-2.703437328338623
214128.560000000520000;-2.696249961853027
214153.540000000500000;-2.696249961853027
214178.520000000480000;-2.696249961853027
214203.500000000490000;-2.696249961853027
214228.480000000510000;-2.704375028610230
214253.460000000490000;-2.704375028610230
214278.440000000470000;-2.704375028610230
214303.420000000480000;-2.704375028610230
214328.400000000490000;-2.704062461853027
214353.380000000470000;-2.704062461853027
214378.360000000450000;-2.704062461853027
214403.340000000460000;-2.704062461853027
214428.320000000470000;-2.700624942779541
214453.300000000450000;-2.700624942779541
214478.280000000440000;-2.700624942779541
214503.260000000450000;-2.700624942779541
214528.240000000460000;-2.691874980926514
214553.220000000440000;-2.691874980926514
214578.200000000420000;-2.691874980926514
214603.180000000430000;-2.691874980926514
214628.160000000440000;-2.687812328338623
214653.140000000420000;-2.687812328338623
214678.120000000400000;-2.687812328338623
214703.100000000410000;-2.687812328338623
214728.080000000420000;-2.702187538146973
214753.060000000410000;-2.702187538146973
214778.040000000390000;-2.702187538146973
214803.020000000400000;-2.702187538146973
214828.000000000410000;-2.694999933242798
214852.980000000390000;-2.694999933242798
214877.960000000370000;-2.694999933242798
214902.940000000380000;-2.694999933242798
214927.920000000390000;-2.695937395095825
214952.900000000370000;-2.695937395095825
214977.880000000350000;-2.695937395095825
215002.860000000360000;-2.695937395095825
215027.840000000370000;-2.697187423706055
215052.820000000360000;-2.697187423706055
215077.800000000340000;-2.697187423706055
215102.780000000350000;-2.697187423706055
215127.760000000360000;-2.684999942779541
215152.740000000340000;-2.684999942779541
215177.720000000320000;-2.684999942779541
215202.700000000330000;-2.684999942779541
215227.680000000340000;-2.683125019073486
215252.660000000320000;-2.683125019073486
215277.640000000310000;-2.683125019073486
215302.620000000320000;-2.683125019073486
215327.600000000330000;-2.694687366485596
215352.580000000310000;-2.694687366485596
215377.560000000290000;-2.694687366485596
215402.540000000300000;-2.694687366485596
215427.520000000310000;-2.703749895095825
215452.500000000290000;-2.703749895095825
215477.480000000270000;-2.703749895095825
215502.460000000280000;-2.703749895095825
215527.440000000290000;-2.700624942779541
215552.420000000270000;-2.700624942779541
215577.400000000260000;-2.700624942779541
215602.380000000270000;-2.700624942779541
215627.360000000280000;-2.688124895095825
215652.340000000260000;-2.688124895095825
215677.320000000240000;-2.688124895095825
215702.300000000250000;-2.688124895095825
215727.280000000260000;-2.697812557220459
215752.260000000240000;-2.697812557220459
215777.240000000220000;-2.697812557220459
215802.220000000230000;-2.697812557220459
215827.200000000240000;-2.692187547683716
215852.180000000230000;-2.692187547683716
215877.160000000210000;-2.692187547683716
215902.140000000220000;-2.692187547683716
215927.120000000230000;-2.702187538146973
215952.100000000210000;-2.702187538146973
215977.080000000190000;-2.702187538146973
216002.060000000200000;-2.702187538146973
216027.040000000210000;-2.701562404632568
216052.020000000190000;-2.701562404632568
216077.000000000170000;-2.701562404632568
216101.980000000190000;-2.701562404632568
216126.960000000200000;-2.693749904632568
216151.940000000180000;-2.693749904632568
216176.920000000160000;-2.693749904632568
216201.900000000170000;-2.693749904632568
216226.880000000180000;-2.700937509536743
216251.860000000160000;-2.700937509536743
216276.840000000140000;-2.700937509536743
216301.820000000150000;-2.700937509536743
216326.800000000160000;-2.701874971389771
216351.780000000140000;-2.701874971389771
216376.760000000130000;-2.701874971389771
216401.740000000140000;-2.701874971389771
216426.720000000150000;-2.705937385559082
216451.700000000130000;-2.705937385559082
216476.680000000110000;-2.705937385559082
216501.660000000120000;-2.705937385559082
216526.640000000130000;-2.697499990463257
216551.620000000110000;-2.697499990463257
216576.600000000090000;-2.697499990463257
216601.580000000100000;-2.697499990463257
216626.560000000110000;-2.696562528610230
216651.540000000100000;-2.696562528610230
216676.520000000080000;-2.696562528610230
216701.500000000090000;-2.696562528610230
216726.480000000100000;-2.699062347412109
216751.460000000080000;-2.699062347412109
216776.440000000060000;-2.699062347412109
216801.420000000070000;-2.699062347412109
216826.400000000080000;-2.706874847412109
216851.380000000060000;-2.706874847412109
216876.360000000040000;-2.706874847412109
216901.340000000050000;-2.706874847412109
216926.320000000070000;-2.678437471389771
216951.300000000050000;-2.678437471389771
216976.280000000030000;-2.678437471389771
217001.260000000040000;-2.678437471389771
217026.240000000050000;-2.692812442779541
217051.220000000030000;-2.692812442779541
217076.200000000010000;-2.692812442779541
217101.180000000020000;-2.692812442779541
217126.160000000030000;-2.699687480926514
217151.140000000010000;-2.699687480926514
217176.120000000000000;-2.699687480926514
217201.100000000010000;-2.699687480926514
217226.080000000020000;-2.706562519073486
217251.060000000000000;-2.706562519073486
217276.039999999980000;-2.706562519073486
217301.019999999990000;-2.706562519073486
217326.000000000000000;-2.700000047683716
217350.979999999980000;-2.700000047683716
217375.959999999960000;-2.700000047683716
217400.939999999970000;-2.700000047683716
217425.919999999980000;-2.704687356948853
217450.899999999970000;-2.704687356948853
217475.879999999950000;-2.704687356948853
217500.859999999960000;-2.704687356948853
217525.839999999970000;-2.688750028610230
217550.819999999950000;-2.688750028610230
217575.799999999930000;-2.688750028610230
217600.779999999940000;-2.688750028610230
217625.759999999950000;-2.682812452316284
217650.739999999930000;-2.682812452316284
217675.719999999910000;-2.682812452316284
217700.699999999920000;-2.682812452316284
217725.679999999930000;-2.693125009536743
217750.659999999920000;-2.693125009536743
217775.639999999900000;-2.693125009536743
217800.619999999910000;-2.693125009536743
217825.599999999920000;-2.706562519073486
217850.579999999900000;-2.706562519073486
217875.559999999880000;-2.706562519073486
217900.539999999890000;-2.706562519073486
217925.519999999900000;-2.702812433242798
217950.499999999880000;-2.702812433242798
217975.479999999860000;-2.702812433242798
218000.459999999880000;-2.702812433242798
218025.439999999890000;-2.704375028610230
218050.419999999870000;-2.704375028610230
218075.399999999850000;-2.704375028610230
218100.379999999860000;-2.704375028610230
218125.359999999870000;-2.713749885559082
218150.339999999850000;-2.713749885559082
218175.319999999830000;-2.713749885559082
218200.299999999840000;-2.713749885559082
218225.279999999850000;-2.707187414169312
218250.259999999830000;-2.707187414169312
218275.239999999820000;-2.707187414169312
218300.219999999830000;-2.707187414169312
218325.199999999840000;-2.694687366485596
218350.179999999820000;-2.694687366485596
218375.159999999800000;-2.694687366485596
218400.139999999810000;-2.694687366485596
218425.119999999820000;-2.704999923706055
218450.099999999800000;-2.704999923706055
218475.079999999780000;-2.704999923706055
218500.059999999790000;-2.704999923706055
218525.039999999800000;-2.684687376022339
218550.019999999790000;-2.684687376022339
218574.999999999770000;-2.684687376022339
218599.979999999780000;-2.684687376022339
218624.959999999790000;-2.703437328338623
218649.939999999770000;-2.703437328338623
218674.919999999750000;-2.703437328338623
218699.899999999760000;-2.703437328338623
218724.879999999770000;-2.705937385559082
218749.859999999750000;-2.705937385559082
218774.839999999730000;-2.705937385559082
218799.819999999750000;-2.705937385559082
218824.799999999760000;-2.692499876022339
218849.779999999740000;-2.692499876022339
218874.759999999720000;-2.692499876022339
218899.739999999730000;-2.692499876022339
218924.719999999740000;-2.702187538146973
218949.699999999720000;-2.702187538146973
218974.679999999700000;-2.702187538146973
218999.659999999710000;-2.702187538146973
219024.639999999720000;-2.706249952316284
219049.619999999700000;-2.706249952316284
219074.599999999690000;-2.706249952316284
219099.579999999700000;-2.706249952316284
219124.559999999710000;-2.674062490463257
219149.539999999690000;-2.674062490463257
219174.519999999670000;-2.674062490463257
219199.499999999680000;-2.674062490463257
219224.479999999690000;-2.710000038146973
219249.459999999670000;-2.710000038146973
219274.439999999650000;-2.710000038146973
219299.419999999660000;-2.710000038146973
219324.399999999670000;-2.695937395095825
219349.379999999660000;-2.695937395095825
219374.359999999640000;-2.695937395095825
219399.339999999650000;-2.695937395095825
219424.319999999660000;-2.704375028610230
219449.299999999640000;-2.704375028610230
219474.279999999620000;-2.704375028610230
219499.259999999630000;-2.704375028610230
219524.239999999640000;-2.704062461853027
219549.219999999620000;-2.704062461853027
219574.199999999600000;-2.704062461853027
219599.179999999610000;-2.704062461853027
219624.159999999630000;-2.688750028610230
219649.139999999610000;-2.688750028610230
219674.119999999590000;-2.688750028610230
219699.099999999600000;-2.688750028610230
219724.079999999610000;-2.705312490463257
219749.059999999590000;-2.705312490463257
219774.039999999570000;-2.705312490463257
219799.019999999580000;-2.705312490463257
219823.999999999590000;-2.705625057220459
219848.979999999570000;-2.705625057220459
219873.959999999560000;-2.705625057220459
219898.939999999570000;-2.705625057220459
219923.919999999580000;-2.699374914169312
219948.899999999560000;-2.699374914169312
219973.879999999540000;-2.699374914169312
219998.859999999550000;-2.699374914169312
220023.839999999560000;-2.698437452316284
220048.819999999540000;-2.698437452316284
220073.799999999520000;-2.698437452316284
220098.779999999530000;-2.698437452316284
220123.759999999540000;-2.701249837875366
220148.739999999530000;-2.701249837875366
220173.719999999510000;-2.701249837875366
220198.699999999520000;-2.701249837875366
220223.679999999530000;-2.724999904632568
220248.659999999510000;-2.724999904632568
220273.639999999490000;-2.724999904632568
220298.619999999500000;-2.724999904632568
220323.599999999510000;-2.700000047683716
220348.579999999490000;-2.700000047683716
220373.559999999470000;-2.700000047683716
220398.539999999480000;-2.700000047683716
220423.519999999490000;-2.701874971389771
220448.499999999480000;-2.701874971389771
220473.479999999460000;-2.701874971389771
220498.459999999470000;-2.701874971389771
220523.439999999480000;-2.707812547683716
220548.419999999460000;-2.707812547683716
220573.399999999440000;-2.707812547683716
220598.379999999450000;-2.707812547683716
220623.359999999460000;-2.711562395095825
220648.339999999440000;-2.711562395095825
220673.319999999420000;-2.711562395095825
220698.299999999440000;-2.711562395095825
220723.279999999450000;-2.699687480926514
220748.259999999430000;-2.699687480926514
220773.239999999410000;-2.699687480926514
220798.219999999420000;-2.699687480926514
220823.199999999430000;-2.706562519073486
220848.179999999410000;-2.706562519073486
220873.159999999390000;-2.706562519073486
220898.139999999400000;-2.706562519073486
220923.119999999410000;-2.707499980926514
220948.099999999390000;-2.707499980926514
220973.079999999380000;-2.707499980926514
220998.059999999390000;-2.707499980926514
221023.039999999400000;-2.680937528610230
221048.019999999380000;-2.680937528610230
221072.999999999360000;-2.680937528610230
221097.979999999370000;-2.680937528610230
221122.959999999380000;-2.691562414169312
221147.939999999360000;-2.691562414169312
221172.919999999340000;-2.691562414169312
221197.899999999350000;-2.691562414169312
221222.879999999360000;-2.691874980926514
221247.859999999350000;-2.691874980926514
221272.839999999330000;-2.691874980926514
221297.819999999340000;-2.691874980926514
221322.799999999350000;-2.709687471389771
221347.779999999330000;-2.709687471389771
221372.759999999310000;-2.709687471389771
221397.739999999320000;-2.709687471389771
221422.719999999330000;-2.704687356948853
221447.699999999310000;-2.704687356948853
221472.679999999290000;-2.704687356948853
221497.659999999310000;-2.704687356948853
221522.639999999320000;-2.707499980926514
221547.619999999300000;-2.707499980926514
221572.599999999280000;-2.707499980926514
221597.579999999290000;-2.707499980926514
221622.559999999300000;-2.722499847412109
221647.539999999280000;-2.722499847412109
221672.519999999260000;-2.722499847412109
221697.499999999270000;-2.722499847412109
221722.479999999280000;-2.703437328338623
221747.459999999260000;-2.703437328338623
221772.439999999250000;-2.703437328338623
221797.419999999260000;-2.703437328338623
221822.399999999270000;-2.695624828338623
221847.379999999250000;-2.695624828338623
221872.359999999230000;-2.695624828338623
221897.339999999240000;-2.695624828338623
221922.319999999250000;-2.714062452316284
221947.299999999230000;-2.714062452316284
221972.279999999210000;-2.714062452316284
221997.259999999220000;-2.714062452316284
222022.239999999230000;-2.696249961853027
222047.219999999220000;-2.696249961853027
222072.199999999200000;-2.696249961853027
222097.179999999210000;-2.696249961853027
222122.159999999220000;-2.707187414169312
222147.139999999200000;-2.707187414169312
222172.119999999180000;-2.707187414169312
222197.099999999190000;-2.707187414169312
222222.079999999200000;-2.701249837875366
222247.059999999180000;-2.701249837875366
222272.039999999160000;-2.701249837875366
222297.019999999170000;-2.701249837875366
222321.999999999190000;-2.703749895095825
222346.979999999170000;-2.703749895095825
222371.959999999150000;-2.703749895095825
222396.939999999160000;-2.703749895095825
222421.919999999170000;-2.693125009536743
222446.899999999150000;-2.693125009536743
222471.879999999130000;-2.693125009536743
222496.859999999140000;-2.693125009536743
222521.839999999150000;-2.700312376022339
222546.819999999130000;-2.700312376022339
222571.799999999120000;-2.700312376022339
222596.779999999130000;-2.700312376022339
222621.759999999140000;-2.701874971389771
222646.739999999120000;-2.701874971389771
222671.719999999100000;-2.701874971389771
222696.699999999110000;-2.701874971389771
222721.679999999120000;-2.699062347412109
222746.659999999100000;-2.699062347412109
222771.639999999080000;-2.699062347412109
222796.619999999090000;-2.699062347412109
222821.599999999100000;-2.704687356948853
222846.579999999080000;-2.704687356948853
222871.559999999070000;-2.704687356948853
222896.539999999080000;-2.704687356948853
222921.519999999090000;-2.693749904632568
222946.499999999070000;-2.693749904632568
222971.479999999050000;-2.693749904632568
222996.459999999060000;-2.693749904632568
223021.439999999070000;-2.704999923706055
223046.419999999050000;-2.704999923706055
223071.399999999030000;-2.704999923706055
223096.379999999040000;-2.704999923706055
223121.359999999050000;-2.701562404632568
223146.339999999040000;-2.701562404632568
223171.319999999020000;-2.701562404632568
223196.299999999030000;-2.701562404632568
223221.279999999040000;-2.701874971389771
223246.259999999020000;-2.701874971389771
223271.239999999000000;-2.701874971389771
223296.219999999010000;-2.701874971389771
223321.199999999020000;-2.711249828338623
223346.179999999000000;-2.711249828338623
223371.159999998980000;-2.711249828338623
223396.139999999000000;-2.711249828338623
223421.119999999010000;-2.702812433242798
223446.099999998990000;-2.702812433242798
223471.079999998970000;-2.702812433242798
223496.059999998980000;-2.702812433242798
223521.039999998990000;-2.692499876022339
223546.019999998970000;-2.692499876022339
223570.999999998950000;-2.692499876022339
223595.979999998960000;-2.692499876022339
223620.959999998970000;-2.705312490463257
223645.939999998950000;-2.705312490463257
223670.919999998940000;-2.705312490463257
223695.899999998950000;-2.705312490463257
223720.879999998960000;-2.701249837875366
223745.859999998940000;-2.701249837875366
223770.839999998920000;-2.701249837875366
223795.819999998930000;-2.701249837875366
223820.799999998940000;-2.705937385559082
223845.779999998920000;-2.705937385559082
223870.759999998900000;-2.705937385559082
223895.739999998910000;-2.705937385559082
223920.719999998920000;-2.703125000000000
223945.699999998910000;-2.703125000000000
223970.679999998890000;-2.703125000000000
223995.659999998900000;-2.703125000000000
224020.639999998910000;-2.714687347412109
224045.619999998890000;-2.714687347412109
224070.599999998870000;-2.714687347412109
224095.579999998880000;-2.714687347412109
224120.559999998890000;-2.699062347412109
224145.539999998870000;-2.699062347412109
224170.519999998850000;-2.699062347412109
224195.499999998860000;-2.699062347412109
224220.479999998880000;-2.722499847412109
224245.459999998860000;-2.722499847412109
224270.439999998840000;-2.722499847412109
224295.419999998850000;-2.722499847412109
224320.399999998860000;-2.706874847412109
224345.379999998840000;-2.706874847412109
224370.359999998820000;-2.706874847412109
224395.339999998830000;-2.706874847412109
224420.319999998840000;-2.708124876022339
224445.299999998820000;-2.708124876022339
224470.279999998810000;-2.708124876022339
224495.259999998820000;-2.708124876022339
224520.239999998830000;-2.701874971389771
224545.219999998810000;-2.701874971389771
224570.199999998790000;-2.701874971389771
224595.179999998800000;-2.701874971389771
224620.159999998810000;-2.698437452316284
224645.139999998790000;-2.698437452316284
224670.119999998770000;-2.698437452316284
224695.099999998780000;-2.698437452316284
224720.079999998790000;-2.706562519073486
224745.059999998780000;-2.706562519073486
224770.039999998760000;-2.706562519073486
224795.019999998770000;-2.706562519073486
224819.999999998780000;-2.703125000000000
224844.979999998760000;-2.703125000000000
224869.959999998740000;-2.703125000000000
224894.939999998750000;-2.703125000000000
224919.919999998760000;-2.711249828338623
224944.899999998740000;-2.711249828338623
224969.879999998720000;-2.711249828338623
224994.859999998730000;-2.711249828338623
225019.839999998750000;-2.702499866485596
225044.819999998730000;-2.702499866485596
225069.799999998710000;-2.702499866485596
225094.779999998720000;-2.702499866485596
225119.759999998730000;-2.707187414169312
225144.739999998710000;-2.707187414169312
225169.719999998690000;-2.707187414169312
225194.699999998700000;-2.707187414169312
225219.679999998710000;-2.714687347412109
225244.659999998690000;-2.714687347412109
225269.639999998680000;-2.714687347412109
225294.619999998690000;-2.714687347412109
225319.599999998700000;-2.701562404632568
225344.579999998680000;-2.701562404632568
225369.559999998660000;-2.701562404632568
225394.539999998670000;-2.701562404632568
225419.519999998680000;-2.702812433242798
225444.499999998660000;-2.702812433242798
225469.479999998640000;-2.702812433242798
225494.459999998650000;-2.702812433242798
225519.439999998660000;-2.709374904632568
225544.419999998640000;-2.709374904632568
225569.399999998630000;-2.709374904632568
225594.379999998640000;-2.709374904632568
225619.359999998650000;-2.708124876022339
225644.339999998630000;-2.708124876022339
225669.319999998610000;-2.708124876022339
225694.299999998620000;-2.708124876022339
225719.279999998630000;-2.700937509536743
225744.259999998610000;-2.700937509536743
225769.239999998590000;-2.700937509536743
225794.219999998600000;-2.700937509536743
225819.199999998610000;-2.704687356948853
225844.179999998600000;-2.704687356948853
225869.159999998580000;-2.704687356948853
225894.139999998590000;-2.704687356948853
225919.119999998600000;-2.707812547683716
225944.099999998580000;-2.707812547683716
225969.079999998560000;-2.707812547683716
225994.059999998570000;-2.707812547683716
226019.039999998580000;-2.707812547683716
226044.019999998560000;-2.707812547683716
226068.999999998540000;-2.707812547683716
226093.979999998560000;-2.707812547683716
226118.959999998570000;-2.693749904632568
226143.939999998550000;-2.693749904632568
226168.919999998530000;-2.693749904632568
226193.899999998540000;-2.693749904632568
226218.879999998550000;-2.705312490463257
226243.859999998530000;-2.705312490463257
226268.839999998510000;-2.705312490463257
226293.819999998520000;-2.705312490463257
226318.799999998530000;-2.704062461853027
226343.779999998510000;-2.704062461853027
226368.759999998500000;-2.704062461853027
226393.739999998510000;-2.704062461853027
226418.719999998520000;-2.697499990463257
226443.699999998500000;-2.697499990463257
226468.679999998480000;-2.697499990463257
226493.659999998490000;-2.697499990463257
226518.639999998500000;-2.699687480926514
226543.619999998480000;-2.699687480926514
226568.599999998460000;-2.699687480926514
226593.579999998470000;-2.699687480926514
226618.559999998480000;-2.720312356948853
226643.539999998470000;-2.720312356948853
226668.519999998450000;-2.720312356948853
226693.499999998460000;-2.720312356948853
226718.479999998470000;-2.707812547683716
226743.459999998450000;-2.707812547683716
226768.439999998430000;-2.707812547683716
226793.419999998440000;-2.707812547683716
226818.399999998450000;-2.702812433242798
226843.379999998430000;-2.702812433242798
226868.359999998410000;-2.702812433242798
226893.339999998420000;-2.702812433242798
226918.319999998440000;-2.707187414169312
226943.299999998420000;-2.707187414169312
226968.279999998400000;-2.707187414169312
226993.259999998410000;-2.707187414169312
227018.239999998420000;-2.717187404632568
227043.219999998400000;-2.717187404632568
227068.199999998380000;-2.717187404632568
227093.179999998390000;-2.717187404632568
227118.159999998400000;-2.712499856948853
227143.139999998380000;-2.712499856948853
227168.119999998370000;-2.712499856948853
227193.099999998380000;-2.712499856948853
227218.079999998390000;-2.700937509536743
227243.059999998370000;-2.700937509536743
227268.039999998350000;-2.700937509536743
227293.019999998360000;-2.700937509536743
227317.999999998370000;-2.705312490463257
227342.979999998350000;-2.705312490463257
227367.959999998330000;-2.705312490463257
227392.939999998340000;-2.705312490463257
227417.919999998350000;-2.701874971389771
227442.899999998340000;-2.701874971389771
227467.879999998320000;-2.701874971389771
227492.859999998330000;-2.701874971389771
227517.839999998340000;-2.696874856948853
227542.819999998320000;-2.696874856948853
227567.799999998300000;-2.696874856948853
227592.779999998310000;-2.696874856948853
227617.759999998320000;-2.703749895095825
227642.739999998300000;-2.703749895095825
227667.719999998280000;-2.703749895095825
227692.699999998290000;-2.703749895095825
227717.679999998300000;-2.698124885559082
227742.659999998290000;-2.698124885559082
227767.639999998270000;-2.698124885559082
227792.619999998280000;-2.698124885559082
227817.599999998290000;-2.700937509536743
227842.579999998270000;-2.700937509536743
227867.559999998250000;-2.700937509536743
227892.539999998260000;-2.700937509536743
227917.519999998270000;-2.714687347412109
227942.499999998250000;-2.714687347412109
227967.479999998240000;-2.714687347412109
227992.459999998250000;-2.714687347412109
228017.439999998260000;-2.703749895095825
228042.419999998240000;-2.703749895095825
228067.399999998220000;-2.703749895095825
228092.379999998230000;-2.703749895095825
228117.359999998240000;-2.704999923706055
228142.339999998220000;-2.704999923706055
228167.319999998200000;-2.704999923706055
228192.299999998210000;-2.704999923706055
228217.279999998220000;-2.693437337875366
228242.259999998200000;-2.693437337875366
228267.239999998190000;-2.693437337875366
228292.219999998200000;-2.693437337875366
228317.199999998210000;-2.705625057220459
228342.179999998190000;-2.705625057220459
228367.159999998170000;-2.705625057220459
228392.139999998180000;-2.705625057220459
228417.119999998190000;-2.703125000000000
228442.099999998170000;-2.703125000000000
228467.079999998150000;-2.703125000000000
228492.059999998160000;-2.703125000000000
228517.039999998170000;-2.699062347412109
228542.019999998160000;-2.699062347412109
228566.999999998140000;-2.699062347412109
228591.979999998150000;-2.699062347412109
228616.959999998160000;-2.704375028610230
228641.939999998140000;-2.704375028610230
228666.919999998120000;-2.704375028610230
228691.899999998130000;-2.704375028610230
228716.879999998140000;-2.716249942779541
228741.859999998120000;-2.716249942779541
228766.839999998100000;-2.716249942779541
228791.819999998120000;-2.716249942779541
228816.799999998130000;-2.724375009536743
228841.779999998110000;-2.724375009536743
228866.759999998090000;-2.724375009536743
228891.739999998100000;-2.724375009536743
228916.719999998110000;-2.689062356948853
228941.699999998090000;-2.689062356948853
228966.679999998070000;-2.689062356948853
228991.659999998080000;-2.689062356948853
229016.639999998090000;-2.709062337875366
229041.619999998070000;-2.709062337875366
229066.599999998060000;-2.709062337875366
229091.579999998070000;-2.709062337875366
229116.559999998080000;-2.703437328338623
229141.539999998060000;-2.703437328338623
229166.519999998040000;-2.703437328338623
229191.499999998050000;-2.703437328338623
229216.479999998060000;-2.700624942779541
229241.459999998040000;-2.700624942779541
229266.439999998020000;-2.700624942779541
229291.419999998030000;-2.700624942779541
229316.399999998040000;-2.702499866485596
229341.379999998030000;-2.702499866485596
229366.359999998010000;-2.702499866485596
229391.339999998020000;-2.702499866485596
229416.319999998030000;-2.706249952316284
229441.299999998010000;-2.706249952316284
229466.279999997990000;-2.706249952316284
229491.259999998000000;-2.706249952316284
229516.239999998010000;-2.709374904632568
229541.219999997990000;-2.709374904632568
229566.199999997970000;-2.709374904632568
229591.179999997980000;-2.709374904632568
229616.159999998000000;-2.714375019073486
229641.139999997980000;-2.714375019073486
229666.119999997960000;-2.714375019073486
229691.099999997970000;-2.714375019073486
229716.079999997980000;-2.708124876022339
229741.059999997960000;-2.708124876022339
229766.039999997940000;-2.708124876022339
229791.019999997950000;-2.708124876022339
229815.999999997960000;-2.702499866485596
229840.979999997940000;-2.702499866485596
229865.959999997930000;-2.702499866485596
229890.939999997940000;-2.702499866485596
229915.919999997950000;-2.702812433242798
229940.899999997930000;-2.702812433242798
229965.879999997910000;-2.702812433242798
229990.859999997920000;-2.702812433242798
230015.839999997930000;-2.710312366485596
230040.819999997910000;-2.710312366485596
230065.799999997890000;-2.710312366485596
230090.779999997900000;-2.710312366485596
230115.759999997910000;-2.707812547683716
230140.739999997900000;-2.707812547683716
230165.719999997880000;-2.707812547683716
230190.699999997890000;-2.707812547683716
230215.679999997900000;-2.711562395095825
230240.659999997880000;-2.711562395095825
230265.639999997860000;-2.711562395095825
230290.619999997870000;-2.711562395095825
230315.599999997880000;-2.736249923706055
230340.579999997860000;-2.736249923706055
230365.559999997840000;-2.736249923706055
230390.539999997850000;-2.736249923706055
230415.519999997860000;-2.708124876022339
230440.499999997850000;-2.708124876022339
230465.479999997830000;-2.708124876022339
230490.459999997840000;-2.708124876022339
230515.439999997850000;-2.700937509536743
230540.419999997830000;-2.700937509536743
230565.399999997810000;-2.700937509536743
230590.379999997820000;-2.700937509536743
230615.359999997830000;-2.708437442779541
230640.339999997810000;-2.708437442779541
230665.319999997800000;-2.708437442779541
230690.299999997810000;-2.708437442779541
230715.279999997820000;-2.705937385559082
230740.259999997800000;-2.705937385559082
230765.239999997780000;-2.705937385559082
230790.219999997790000;-2.705937385559082
230815.199999997800000;-2.713749885559082
230840.179999997780000;-2.713749885559082
230865.159999997760000;-2.713749885559082
230890.139999997770000;-2.713749885559082
230915.119999997780000;-2.700000047683716
230940.099999997760000;-2.700000047683716
230965.079999997750000;-2.700000047683716
230990.059999997760000;-2.700000047683716
231015.039999997770000;-2.712812423706055
231040.019999997750000;-2.712812423706055
231064.999999997730000;-2.712812423706055
231089.979999997740000;-2.712812423706055
231114.959999997750000;-2.699374914169312
231139.939999997730000;-2.699374914169312
231164.919999997710000;-2.699374914169312
231189.899999997720000;-2.699374914169312
231214.879999997730000;-2.710312366485596
231239.859999997720000;-2.710312366485596
231264.839999997700000;-2.710312366485596
231289.819999997710000;-2.710312366485596
231314.799999997720000;-2.704999923706055
231339.779999997700000;-2.704999923706055
231364.759999997680000;-2.704999923706055
231389.739999997690000;-2.704999923706055
231414.719999997700000;-2.712187528610230
231439.699999997680000;-2.712187528610230
231464.679999997660000;-2.712187528610230
231489.659999997680000;-2.712187528610230
231514.639999997690000;-2.707812547683716
231539.619999997670000;-2.707812547683716
231564.599999997650000;-2.707812547683716
231589.579999997660000;-2.707812547683716
231614.559999997670000;-2.710312366485596
231639.539999997650000;-2.710312366485596
231664.519999997630000;-2.710312366485596
231689.499999997640000;-2.710312366485596
231714.479999997650000;-2.701249837875366
231739.459999997630000;-2.701249837875366
231764.439999997620000;-2.701249837875366
231789.419999997630000;-2.701249837875366
231814.399999997640000;-2.714999914169312
231839.379999997620000;-2.714999914169312
231864.359999997600000;-2.714999914169312
231889.339999997610000;-2.714999914169312
231914.319999997620000;-2.712499856948853
231939.299999997600000;-2.712499856948853
231964.279999997580000;-2.712499856948853
231989.259999997590000;-2.712499856948853
232014.239999997600000;-2.704687356948853
232039.219999997590000;-2.704687356948853
232064.199999997570000;-2.704687356948853
232089.179999997580000;-2.704687356948853
232114.159999997590000;-2.708750009536743
232139.139999997570000;-2.708750009536743
232164.119999997550000;-2.708750009536743
232189.099999997560000;-2.708750009536743
232214.079999997570000;-2.704999923706055
232239.059999997550000;-2.704999923706055
232264.039999997530000;-2.704999923706055
232289.019999997540000;-2.704999923706055
232313.999999997560000;-2.705625057220459
232338.979999997540000;-2.705625057220459
232363.959999997520000;-2.705625057220459
232388.939999997530000;-2.705625057220459
232413.919999997540000;-2.710000038146973
232438.899999997520000;-2.710000038146973
232463.879999997500000;-2.710000038146973
232488.859999997510000;-2.710000038146973
232513.839999997520000;-2.725937366485596
232538.819999997500000;-2.725937366485596
232563.799999997490000;-2.725937366485596
232588.779999997500000;-2.725937366485596
232613.759999997510000;-2.709687471389771
232638.739999997490000;-2.709687471389771
232663.719999997470000;-2.709687471389771
232688.699999997480000;-2.709687471389771
232713.679999997490000;-2.722812414169312
232738.659999997470000;-2.722812414169312
232763.639999997450000;-2.722812414169312
232788.619999997460000;-2.722812414169312
232813.599999997470000;-2.708750009536743
232838.579999997460000;-2.708750009536743
232863.559999997440000;-2.708750009536743
232888.539999997450000;-2.708750009536743
232913.519999997460000;-2.707499980926514
232938.499999997440000;-2.707499980926514
232963.479999997420000;-2.707499980926514
232988.459999997430000;-2.707499980926514
233013.439999997440000;-2.707187414169312
233038.419999997420000;-2.707187414169312
233063.399999997400000;-2.707187414169312
233088.379999997410000;-2.707187414169312
233113.359999997420000;-2.693437337875366
233138.339999997410000;-2.693437337875366
233163.319999997390000;-2.693437337875366
233188.299999997400000;-2.693437337875366
233213.279999997410000;-2.711874961853027
233238.259999997390000;-2.711874961853027
233263.239999997370000;-2.711874961853027
233288.219999997380000;-2.711874961853027
233313.199999997390000;-2.707812547683716
233338.179999997370000;-2.707812547683716
233363.159999997360000;-2.707812547683716
233388.139999997370000;-2.707812547683716
233413.119999997380000;-2.702187538146973
233438.099999997360000;-2.702187538146973
233463.079999997340000;-2.702187538146973
233488.059999997350000;-2.702187538146973
233513.039999997360000;-2.700000047683716
233538.019999997340000;-2.700000047683716
233562.999999997320000;-2.700000047683716
233587.979999997330000;-2.700000047683716
233612.959999997340000;-2.710000038146973
233637.939999997320000;-2.710000038146973
233662.919999997310000;-2.710000038146973
233687.899999997320000;-2.710000038146973
233712.879999997330000;-2.711874961853027
233737.859999997310000;-2.711874961853027
233762.839999997290000;-2.711874961853027
233787.819999997300000;-2.711874961853027
233812.799999997310000;-2.730000019073486
233837.779999997290000;-2.730000019073486
233862.759999997270000;-2.730000019073486
233887.739999997280000;-2.730000019073486
233912.719999997290000;-2.713124990463257
233937.699999997280000;-2.713124990463257
233962.679999997260000;-2.713124990463257
233987.659999997270000;-2.713124990463257
234012.639999997280000;-2.707187414169312
234037.619999997260000;-2.707187414169312
234062.599999997240000;-2.707187414169312
234087.579999997250000;-2.707187414169312
234112.559999997260000;-2.706249952316284
234137.539999997240000;-2.706249952316284
234162.519999997220000;-2.706249952316284
234187.499999997240000;-2.706249952316284
234212.479999997250000;-2.705625057220459
234237.459999997230000;-2.705625057220459
234262.439999997210000;-2.705625057220459
234287.419999997220000;-2.705625057220459
234312.399999997230000;-2.707499980926514
234337.379999997210000;-2.707499980926514
234362.359999997190000;-2.707499980926514
234387.339999997200000;-2.707499980926514
234412.319999997210000;-2.711249828338623
234437.299999997190000;-2.711249828338623
234462.279999997180000;-2.711249828338623
234487.259999997190000;-2.711249828338623
234512.239999997200000;-2.727812528610230
234537.219999997180000;-2.727812528610230
234562.199999997160000;-2.727812528610230
234587.179999997170000;-2.727812528610230
234612.159999997180000;-2.708750009536743
234637.139999997160000;-2.708750009536743
234662.119999997140000;-2.708750009536743
234687.099999997150000;-2.708750009536743
234712.079999997160000;-2.720624923706055
234737.059999997150000;-2.720624923706055
234762.039999997130000;-2.720624923706055
234787.019999997140000;-2.720624923706055
234811.999999997150000;-2.707812547683716
234836.979999997130000;-2.707812547683716
234861.959999997110000;-2.707812547683716
234886.939999997120000;-2.707812547683716
234911.919999997130000;-2.709062337875366
234936.899999997110000;-2.709062337875366
234961.879999997090000;-2.709062337875366
234986.859999997100000;-2.709062337875366
235011.839999997120000;-2.701874971389771
235036.819999997100000;-2.701874971389771
235061.799999997080000;-2.701874971389771
235086.779999997090000;-2.701874971389771
235111.759999997100000;-2.709374904632568
235136.739999997080000;-2.709374904632568
235161.719999997060000;-2.709374904632568
235186.699999997070000;-2.709374904632568
235211.679999997080000;-2.701249837875366
235236.659999997060000;-2.701249837875366
235261.639999997050000;-2.701249837875366
235286.619999997060000;-2.701249837875366
235311.599999997070000;-2.710624933242798
235336.579999997050000;-2.710624933242798
235361.559999997030000;-2.710624933242798
235386.539999997040000;-2.710624933242798
235411.519999997050000;-2.708437442779541
235436.499999997030000;-2.708437442779541
235461.479999997010000;-2.708437442779541
235486.459999997020000;-2.708437442779541
235511.439999997030000;-2.711562395095825
235536.419999997020000;-2.711562395095825
235561.399999997000000;-2.711562395095825
235586.379999997010000;-2.711562395095825
235611.359999997020000;-2.692187547683716
235636.339999997000000;-2.692187547683716
235661.319999996980000;-2.692187547683716
235686.299999996990000;-2.692187547683716
235711.279999997000000;-2.710000038146973
235736.259999996980000;-2.710000038146973
235761.239999996960000;-2.710000038146973
235786.219999996970000;-2.710000038146973
235811.199999996980000;-2.711249828338623
235836.179999996970000;-2.711249828338623
235861.159999996950000;-2.711249828338623
235886.139999996960000;-2.711249828338623
235911.119999996970000;-2.712812423706055
235936.099999996950000;-2.712812423706055
235961.079999996930000;-2.712812423706055
235986.059999996940000;-2.712812423706055
236011.039999996950000;-2.713437557220459
236036.019999996930000;-2.713437557220459
236060.999999996910000;-2.713437557220459
236085.979999996930000;-2.713437557220459
236110.959999996940000;-2.702812433242798
236135.939999996920000;-2.702812433242798
236160.919999996900000;-2.702812433242798
236185.899999996910000;-2.702812433242798
236210.879999996920000;-2.707499980926514
236235.859999996900000;-2.707499980926514
236260.839999996880000;-2.707499980926514
236285.819999996890000;-2.707499980926514
236310.799999996900000;-2.706249952316284
236335.779999996880000;-2.706249952316284
236360.759999996870000;-2.706249952316284
236385.739999996880000;-2.706249952316284
236410.719999996890000;-2.715312480926514
236435.699999996870000;-2.715312480926514
236460.679999996850000;-2.715312480926514
236485.659999996860000;-2.715312480926514
236510.639999996870000;-2.713437557220459
236535.619999996850000;-2.713437557220459
236560.599999996830000;-2.713437557220459
236585.579999996840000;-2.713437557220459
236610.559999996850000;-2.706874847412109
236635.539999996840000;-2.706874847412109
236660.519999996820000;-2.706874847412109
236685.499999996830000;-2.706874847412109
236710.479999996840000;-2.707499980926514
236735.459999996820000;-2.707499980926514
236760.439999996800000;-2.707499980926514
236785.419999996810000;-2.707499980926514
236810.399999996820000;-2.719687461853027
236835.379999996800000;-2.719687461853027
236860.359999996780000;-2.719687461853027
236885.339999996800000;-2.719687461853027
236910.319999996810000;-2.713749885559082
236935.299999996790000;-2.713749885559082
236960.279999996770000;-2.713749885559082
236985.259999996780000;-2.713749885559082
237010.239999996790000;-2.709374904632568
237035.219999996770000;-2.709374904632568
237060.199999996750000;-2.709374904632568
237085.179999996760000;-2.709374904632568
237110.159999996770000;-2.715625047683716
237135.139999996750000;-2.715625047683716
237160.119999996740000;-2.715625047683716
237185.099999996750000;-2.715625047683716
237210.079999996760000;-2.707499980926514
237235.059999996740000;-2.707499980926514
237260.039999996720000;-2.707499980926514
237285.019999996730000;-2.707499980926514
237309.999999996740000;-2.713124990463257
237334.979999996720000;-2.713124990463257
237359.959999996700000;-2.713124990463257
237384.939999996710000;-2.713124990463257
237409.919999996720000;-2.723437547683716
237434.899999996710000;-2.723437547683716
237459.879999996690000;-2.723437547683716
237484.859999996700000;-2.723437547683716
237509.839999996710000;-2.719687461853027
237534.819999996690000;-2.719687461853027
237559.799999996670000;-2.719687461853027
237584.779999996680000;-2.719687461853027
237609.759999996690000;-2.720000028610230
237634.739999996670000;-2.720000028610230
237659.719999996650000;-2.720000028610230
237684.699999996660000;-2.720000028610230
237709.679999996680000;-2.715937376022339
237734.659999996660000;-2.715937376022339
237759.639999996640000;-2.715937376022339
237784.619999996650000;-2.715937376022339
237809.599999996660000;-2.710937500000000
237834.579999996640000;-2.710937500000000
237859.559999996620000;-2.710937500000000
237884.539999996630000;-2.710937500000000
237909.519999996640000;-2.706562519073486
237934.499999996620000;-2.706562519073486
237959.479999996610000;-2.706562519073486
237984.459999996620000;-2.706562519073486
238009.439999996630000;-2.720937490463257
238034.419999996610000;-2.720937490463257
238059.399999996590000;-2.720937490463257
238084.379999996600000;-2.720937490463257
238109.359999996610000;-2.709374904632568
238134.339999996590000;-2.709374904632568
238159.319999996570000;-2.709374904632568
238184.299999996580000;-2.709374904632568
238209.279999996590000;-2.701249837875366
238234.259999996580000;-2.701249837875366
238259.239999996560000;-2.701249837875366
238284.219999996570000;-2.701249837875366
238309.199999996580000;-2.721562385559082
238334.179999996560000;-2.721562385559082
238359.159999996540000;-2.721562385559082
238384.139999996550000;-2.721562385559082
238409.119999996560000;-2.712499856948853
238434.099999996540000;-2.712499856948853
238459.079999996520000;-2.712499856948853
238484.059999996530000;-2.712499856948853
238509.039999996540000;-2.706249952316284
238534.019999996530000;-2.706249952316284
238558.999999996510000;-2.706249952316284
238583.979999996520000;-2.706249952316284
238608.959999996530000;-2.714687347412109
238633.939999996510000;-2.714687347412109
238658.919999996490000;-2.714687347412109
238683.899999996500000;-2.714687347412109
238708.879999996510000;-2.716249942779541
238733.859999996490000;-2.716249942779541
238758.839999996470000;-2.716249942779541
238783.819999996490000;-2.716249942779541
238808.799999996500000;-2.707499980926514
238833.779999996480000;-2.707499980926514
238858.759999996460000;-2.707499980926514
238883.739999996470000;-2.707499980926514
238908.719999996480000;-2.723124980926514
238933.699999996460000;-2.723124980926514
238958.679999996440000;-2.723124980926514
238983.659999996450000;-2.723124980926514
239008.639999996460000;-2.719062328338623
239033.619999996440000;-2.719062328338623
239058.599999996430000;-2.719062328338623
239083.579999996440000;-2.719062328338623
239108.559999996450000;-2.711562395095825
239133.539999996430000;-2.711562395095825
239158.519999996410000;-2.711562395095825
239183.499999996420000;-2.711562395095825
239208.479999996430000;-2.714687347412109
239233.459999996410000;-2.714687347412109
239258.439999996390000;-2.714687347412109
239283.419999996400000;-2.714687347412109
239308.399999996410000;-2.710000038146973
239333.379999996400000;-2.710000038146973
239358.359999996380000;-2.710000038146973
239383.339999996390000;-2.710000038146973
239408.319999996400000;-2.696249961853027
239433.299999996380000;-2.696249961853027
239458.279999996360000;-2.696249961853027
239483.259999996370000;-2.696249961853027
239508.239999996380000;-2.714062452316284
239533.219999996360000;-2.714062452316284
239558.199999996340000;-2.714062452316284
239583.179999996360000;-2.714062452316284
239608.159999996370000;-2.705937385559082
239633.139999996350000;-2.705937385559082
239658.119999996330000;-2.705937385559082
239683.099999996340000;-2.705937385559082
239708.079999996350000;-2.718437433242798
239733.059999996330000;-2.718437433242798
239758.039999996310000;-2.718437433242798
239783.019999996320000;-2.718437433242798
239807.999999996330000;-2.706249952316284
239832.979999996310000;-2.706249952316284
239857.959999996300000;-2.706249952316284
239882.939999996310000;-2.706249952316284
239907.919999996320000;-2.703125000000000
239932.899999996300000;-2.703125000000000
239957.879999996280000;-2.703125000000000
239982.859999996290000;-2.703125000000000
240007.839999996300000;-2.707187414169312
240032.819999996280000;-2.707187414169312
240057.799999996260000;-2.707187414169312
240082.779999996270000;-2.707187414169312
240107.759999996280000;-2.714375019073486
240132.739999996270000;-2.714375019073486
240157.719999996250000;-2.714375019073486
240182.699999996260000;-2.714375019073486
240207.679999996270000;-2.724375009536743
240232.659999996250000;-2.724375009536743
240257.639999996230000;-2.724375009536743
240282.619999996240000;-2.724375009536743
240307.599999996250000;-2.701249837875366
240332.579999996230000;-2.701249837875366
240357.559999996210000;-2.701249837875366
240382.539999996220000;-2.701249837875366
240407.519999996240000;-2.717499971389771
240432.499999996220000;-2.717499971389771
240457.479999996200000;-2.717499971389771
240482.459999996210000;-2.717499971389771
240507.439999996220000;-2.717187404632568
240532.419999996200000;-2.717187404632568
240557.399999996180000;-2.717187404632568
240582.379999996190000;-2.717187404632568
240607.359999996200000;-2.706562519073486
240632.339999996180000;-2.706562519073486
240657.319999996170000;-2.706562519073486
240682.299999996180000;-2.706562519073486
240707.279999996190000;-2.702499866485596
240732.259999996170000;-2.702499866485596
240757.239999996150000;-2.702499866485596
240782.219999996160000;-2.702499866485596
240807.199999996170000;-2.709062337875366
240832.179999996150000;-2.709062337875366
240857.159999996130000;-2.709062337875366
240882.139999996140000;-2.709062337875366
240907.119999996150000;-2.706874847412109
240932.099999996140000;-2.706874847412109
240957.079999996120000;-2.706874847412109
240982.059999996130000;-2.706874847412109
241007.039999996140000;-2.716249942779541
241032.019999996120000;-2.716249942779541
241056.999999996100000;-2.716249942779541
241081.979999996110000;-2.716249942779541
241106.959999996120000;-2.715312480926514
241131.939999996100000;-2.715312480926514
241156.919999996080000;-2.715312480926514
241181.899999996090000;-2.715312480926514
241206.879999996100000;-2.711249828338623
241231.859999996090000;-2.711249828338623
241256.839999996070000;-2.711249828338623
241281.819999996080000;-2.711249828338623
241306.799999996090000;-2.722187519073486
241331.779999996070000;-2.722187519073486
241356.759999996050000;-2.722187519073486
241381.739999996060000;-2.722187519073486
241406.719999996070000;-2.712187528610230
241431.699999996050000;-2.712187528610230
241456.679999996030000;-2.712187528610230
241481.659999996050000;-2.712187528610230
241506.639999996060000;-2.713749885559082
241531.619999996040000;-2.713749885559082
241556.599999996020000;-2.713749885559082
241581.579999996030000;-2.713749885559082
241606.559999996040000;-2.719062328338623
241631.539999996020000;-2.719062328338623
241656.519999996000000;-2.719062328338623
241681.499999996010000;-2.719062328338623
241706.479999996020000;-2.724375009536743
241731.459999996000000;-2.724375009536743
241756.439999995990000;-2.724375009536743
241781.419999996000000;-2.724375009536743
241806.399999996010000;-2.712187528610230
241831.379999995990000;-2.712187528610230
241856.359999995970000;-2.712187528610230
241881.339999995980000;-2.712187528610230
241906.319999995990000;-2.718437433242798
241931.299999995970000;-2.718437433242798
241956.279999995950000;-2.718437433242798
241981.259999995960000;-2.718437433242798
242006.239999995970000;-2.717187404632568
242031.219999995960000;-2.717187404632568
242056.199999995940000;-2.717187404632568
242081.179999995950000;-2.717187404632568
242106.159999995960000;-2.717812538146973
242131.139999995940000;-2.717812538146973
242156.119999995920000;-2.717812538146973
242181.099999995930000;-2.717812538146973
242206.079999995940000;-2.717499971389771
242231.059999995920000;-2.717499971389771
242256.039999995900000;-2.717499971389771
242281.019999995910000;-2.717499971389771
242305.999999995930000;-2.718437433242798
242330.979999995910000;-2.718437433242798
242355.959999995890000;-2.718437433242798
242380.939999995900000;-2.718437433242798
242405.919999995910000;-2.703437328338623
242430.899999995890000;-2.703437328338623
242455.879999995870000;-2.703437328338623
242480.859999995880000;-2.703437328338623
242505.839999995890000;-2.696874856948853
242530.819999995870000;-2.696874856948853
242555.799999995860000;-2.696874856948853
242580.779999995870000;-2.696874856948853
242605.759999995880000;-2.696249961853027
242630.739999995860000;-2.696249961853027
242655.719999995840000;-2.696249961853027
242680.699999995850000;-2.696249961853027
242705.679999995860000;-2.707812547683716
242730.659999995840000;-2.707812547683716
242755.639999995820000;-2.707812547683716
242780.619999995830000;-2.707812547683716
242805.599999995840000;-2.708750009536743
242830.579999995830000;-2.708750009536743
242855.559999995810000;-2.708750009536743
242880.539999995820000;-2.708750009536743
242905.519999995830000;-2.706874847412109
242930.499999995810000;-2.706874847412109
242955.479999995790000;-2.706874847412109
242980.459999995800000;-2.706874847412109
243005.439999995810000;-2.706249952316284
243030.419999995790000;-2.706249952316284
243055.399999995770000;-2.706249952316284
243080.379999995780000;-2.706249952316284
243105.359999995800000;-2.711874961853027
243130.339999995780000;-2.711874961853027
243155.319999995760000;-2.711874961853027
243180.299999995770000;-2.711874961853027
243205.279999995780000;-2.717187404632568
243230.259999995760000;-2.717187404632568
243255.239999995740000;-2.717187404632568
243280.219999995750000;-2.717187404632568
243305.199999995760000;-2.713124990463257
243330.179999995740000;-2.713124990463257
243355.159999995730000;-2.713124990463257
243380.139999995740000;-2.713124990463257
243405.119999995750000;-2.706562519073486
243430.099999995730000;-2.706562519073486
243455.079999995710000;-2.706562519073486
243480.059999995720000;-2.706562519073486
243505.039999995730000;-2.706249952316284
243530.019999995710000;-2.706249952316284
243554.999999995690000;-2.706249952316284
243579.979999995700000;-2.706249952316284
243604.959999995710000;-2.717499971389771
243629.939999995690000;-2.717499971389771
243654.919999995680000;-2.717499971389771
243679.899999995690000;-2.717499971389771
243704.879999995700000;-2.714062452316284
243729.859999995680000;-2.714062452316284
243754.839999995660000;-2.714062452316284
243779.819999995670000;-2.714062452316284
243804.799999995680000;-2.711249828338623
243829.779999995660000;-2.711249828338623
243854.759999995640000;-2.711249828338623
243879.739999995650000;-2.711249828338623
243904.719999995660000;-2.724062442779541
243929.699999995650000;-2.724062442779541
243954.679999995630000;-2.724062442779541
243979.659999995640000;-2.724062442779541
244004.639999995650000;-2.716249942779541
244029.619999995630000;-2.716249942779541
244054.599999995610000;-2.716249942779541
244079.579999995620000;-2.716249942779541
244104.559999995630000;-2.715312480926514
244129.539999995610000;-2.715312480926514
244154.519999995590000;-2.715312480926514
244179.499999995610000;-2.715312480926514
244204.479999995620000;-2.712187528610230
244229.459999995600000;-2.712187528610230
244254.439999995580000;-2.712187528610230
244279.419999995590000;-2.712187528610230
244304.399999995600000;-2.728749990463257
244329.379999995580000;-2.728749990463257
244354.359999995560000;-2.728749990463257
244379.339999995570000;-2.728749990463257
244404.319999995580000;-2.712812423706055
244429.299999995560000;-2.712812423706055
244454.279999995550000;-2.712812423706055
244479.259999995560000;-2.712812423706055
244504.239999995570000;-2.720312356948853
244529.219999995550000;-2.720312356948853
244554.199999995530000;-2.720312356948853
244579.179999995540000;-2.720312356948853
244604.159999995550000;-2.715937376022339
244629.139999995530000;-2.715937376022339
244654.119999995510000;-2.715937376022339
244679.099999995520000;-2.715937376022339
244704.079999995530000;-2.709687471389771
244729.059999995520000;-2.709687471389771
244754.039999995500000;-2.709687471389771
244779.019999995510000;-2.709687471389771
244803.999999995520000;-2.707499980926514
244828.979999995500000;-2.707499980926514
244853.959999995480000;-2.707499980926514
244878.939999995490000;-2.707499980926514
244903.919999995500000;-2.718124866485596
244928.899999995480000;-2.718124866485596
244953.879999995460000;-2.718124866485596
244978.859999995470000;-2.718124866485596
245003.839999995490000;-2.709374904632568
245028.819999995470000;-2.709374904632568
245053.799999995450000;-2.709374904632568
245078.779999995460000;-2.709374904632568
245103.759999995470000;-2.704687356948853
245128.739999995450000;-2.704687356948853
245153.719999995430000;-2.704687356948853
245178.699999995440000;-2.704687356948853
245203.679999995450000;-2.711874961853027
245228.659999995430000;-2.711874961853027
245253.639999995420000;-2.711874961853027
245278.619999995430000;-2.711874961853027
245303.599999995440000;-2.724375009536743
245328.579999995420000;-2.724375009536743
245353.559999995400000;-2.724375009536743
245378.539999995410000;-2.724375009536743
245403.519999995420000;-2.721874952316284
245428.499999995400000;-2.721874952316284
245453.479999995380000;-2.721874952316284
245478.459999995390000;-2.721874952316284
245503.439999995400000;-2.709062337875366
245528.419999995390000;-2.709062337875366
245553.399999995370000;-2.709062337875366
245578.379999995380000;-2.709062337875366
245603.359999995390000;-2.712812423706055
245628.339999995370000;-2.712812423706055
245653.319999995350000;-2.712812423706055
245678.299999995360000;-2.712812423706055
245703.279999995370000;-2.712499856948853
245728.259999995350000;-2.712499856948853
245753.239999995330000;-2.712499856948853
245778.219999995340000;-2.712499856948853
245803.199999995360000;-2.714999914169312
245828.179999995340000;-2.714999914169312
245853.159999995320000;-2.714999914169312
245878.139999995330000;-2.714999914169312
245903.119999995340000;-2.715312480926514
245928.099999995320000;-2.715312480926514
245953.079999995300000;-2.715312480926514
245978.059999995310000;-2.715312480926514
246003.039999995320000;-2.705625057220459
246028.019999995300000;-2.705625057220459
246052.999999995290000;-2.705625057220459
246077.979999995300000;-2.705625057220459
246102.959999995310000;-2.711249828338623
246127.939999995290000;-2.711249828338623
246152.919999995270000;-2.711249828338623
246177.899999995280000;-2.711249828338623
246202.879999995290000;-2.709062337875366
246227.859999995270000;-2.709062337875366
246252.839999995250000;-2.709062337875366
246277.819999995260000;-2.709062337875366
246302.799999995270000;-2.715937376022339
246327.779999995250000;-2.715937376022339
246352.759999995240000;-2.715937376022339
246377.739999995250000;-2.715937376022339
246402.719999995260000;-2.720312356948853
246427.699999995240000;-2.720312356948853
246452.679999995220000;-2.720312356948853
246477.659999995230000;-2.720312356948853
246502.639999995240000;-2.725625038146973
246527.619999995220000;-2.725625038146973
246552.599999995200000;-2.725625038146973
246577.579999995210000;-2.725625038146973
246602.559999995220000;-2.710312366485596
246627.539999995210000;-2.710312366485596
246652.519999995190000;-2.710312366485596
246677.499999995200000;-2.710312366485596
246702.479999995210000;-2.740937471389771
246727.459999995190000;-2.740937471389771
246752.439999995170000;-2.740937471389771
246777.419999995180000;-2.740937471389771
246802.399999995190000;-2.716249942779541
246827.379999995170000;-2.716249942779541
246852.359999995150000;-2.716249942779541
246877.339999995170000;-2.716249942779541
246902.319999995180000;-2.723437547683716
246927.299999995160000;-2.723437547683716
246952.279999995140000;-2.723437547683716
246977.259999995150000;-2.723437547683716
247002.239999995160000;-2.724062442779541
247027.219999995140000;-2.724062442779541
247052.199999995120000;-2.724062442779541
247077.179999995130000;-2.724062442779541
247102.159999995140000;-2.720312356948853
247127.139999995120000;-2.720312356948853
247152.119999995110000;-2.720312356948853
247177.099999995120000;-2.720312356948853
247202.079999995130000;-2.714062452316284
247227.059999995110000;-2.714062452316284
247252.039999995090000;-2.714062452316284
247277.019999995100000;-2.714062452316284
247301.999999995110000;-2.723749876022339
247326.979999995090000;-2.723749876022339
247351.959999995070000;-2.723749876022339
247376.939999995080000;-2.723749876022339
247401.919999995090000;-2.707499980926514
247426.899999995080000;-2.707499980926514
247451.879999995060000;-2.707499980926514
247476.859999995070000;-2.707499980926514
247501.839999995080000;-2.701874971389771
247526.819999995060000;-2.701874971389771
247551.799999995040000;-2.701874971389771
247576.779999995050000;-2.701874971389771
247601.759999995060000;-2.715625047683716
247626.739999995040000;-2.715625047683716
247651.719999995020000;-2.715625047683716
247676.699999995030000;-2.715625047683716
247701.679999995050000;-2.715625047683716
247726.659999995030000;-2.715625047683716
247751.639999995010000;-2.715625047683716
247776.619999995020000;-2.715625047683716
247801.599999995030000;-2.718437433242798
247826.579999995010000;-2.718437433242798
247851.559999994990000;-2.718437433242798
247876.539999995000000;-2.718437433242798
247901.519999995010000;-2.710312366485596
247926.499999994990000;-2.710312366485596
247951.479999994980000;-2.710312366485596
247976.459999994990000;-2.710312366485596
248001.439999995000000;-2.720312356948853
248026.419999994980000;-2.720312356948853
248051.399999994960000;-2.720312356948853
248076.379999994970000;-2.720312356948853
248101.359999994980000;-2.714375019073486
248126.339999994960000;-2.714375019073486
248151.319999994940000;-2.714375019073486
248176.299999994950000;-2.714375019073486
248201.279999994960000;-2.708437442779541
248226.259999994950000;-2.708437442779541
248251.239999994930000;-2.708437442779541
248276.219999994940000;-2.708437442779541
248301.199999994950000;-2.708437442779541
248326.179999994930000;-2.708437442779541
248351.159999994910000;-2.708437442779541
248376.139999994920000;-2.708437442779541
248401.119999994930000;-2.710000038146973
248426.099999994910000;-2.710000038146973
248451.079999994890000;-2.710000038146973
248476.059999994900000;-2.710000038146973
248501.039999994910000;-2.713437557220459
248526.019999994900000;-2.713437557220459
248550.999999994880000;-2.713437557220459
248575.979999994890000;-2.713437557220459
248600.959999994900000;-2.721562385559082
248625.939999994880000;-2.721562385559082
248650.919999994860000;-2.721562385559082
248675.899999994870000;-2.721562385559082
248700.879999994880000;-2.716562509536743
248725.859999994860000;-2.716562509536743
248750.839999994850000;-2.716562509536743
248775.819999994860000;-2.716562509536743
248800.799999994870000;-2.709374904632568
248825.779999994850000;-2.709374904632568
248850.759999994830000;-2.709374904632568
248875.739999994840000;-2.709374904632568
248900.719999994850000;-2.714062452316284
248925.699999994830000;-2.714062452316284
248950.679999994810000;-2.714062452316284
248975.659999994820000;-2.714062452316284
249000.639999994830000;-2.717812538146973
249025.619999994810000;-2.717812538146973
249050.599999994800000;-2.717812538146973
249075.579999994810000;-2.717812538146973
249100.559999994820000;-2.724062442779541
249125.539999994800000;-2.724062442779541
249150.519999994780000;-2.724062442779541
249175.499999994790000;-2.724062442779541
249200.479999994800000;-2.724687337875366
249225.459999994780000;-2.724687337875366
249250.439999994760000;-2.724687337875366
249275.419999994770000;-2.724687337875366
249300.399999994780000;-2.717499971389771
249325.379999994770000;-2.717499971389771
249350.359999994750000;-2.717499971389771
249375.339999994760000;-2.717499971389771
249400.319999994770000;-2.717187404632568
249425.299999994750000;-2.717187404632568
249450.279999994730000;-2.717187404632568
249475.259999994740000;-2.717187404632568
249500.239999994750000;-2.705937385559082
249525.219999994730000;-2.705937385559082
249550.199999994710000;-2.705937385559082
249575.179999994730000;-2.705937385559082
249600.159999994740000;-2.688437461853027
249625.139999994720000;-2.688437461853027
249650.119999994700000;-2.688437461853027
249675.099999994710000;-2.688437461853027
249700.079999994720000;-2.711562395095825
249725.059999994700000;-2.711562395095825
249750.039999994680000;-2.711562395095825
249775.019999994690000;-2.711562395095825
249799.999999994700000;-2.712812423706055
249824.979999994680000;-2.712812423706055
249849.959999994670000;-2.712812423706055
249874.939999994680000;-2.712812423706055
249899.919999994690000;-2.717812538146973
249924.899999994670000;-2.717812538146973
249949.879999994650000;-2.717812538146973
249974.859999994660000;-2.717812538146973
249999.839999994670000;-2.716562509536743
250024.819999994650000;-2.716562509536743
250049.799999994630000;-2.716562509536743
250074.779999994640000;-2.716562509536743
250099.759999994650000;-2.717187404632568
250124.739999994640000;-2.717187404632568
250149.719999994620000;-2.717187404632568
250174.699999994630000;-2.717187404632568
250199.679999994640000;-2.715937376022339
250224.659999994620000;-2.715937376022339
250249.639999994600000;-2.715937376022339
250274.619999994610000;-2.715937376022339
250299.599999994620000;-2.713124990463257
250324.579999994600000;-2.713124990463257
250349.559999994580000;-2.713124990463257
250374.539999994590000;-2.713124990463257
250399.519999994610000;-2.707812547683716
250424.499999994590000;-2.707812547683716
250449.479999994570000;-2.707812547683716
250474.459999994580000;-2.707812547683716
250499.439999994590000;-2.718437433242798
250524.419999994570000;-2.718437433242798
250549.399999994550000;-2.718437433242798
250574.379999994560000;-2.718437433242798
250599.359999994570000;-2.721562385559082
250624.339999994550000;-2.721562385559082
250649.319999994540000;-2.721562385559082
250674.299999994550000;-2.721562385559082
250699.279999994560000;-2.719374895095825
250724.259999994540000;-2.719374895095825
250749.239999994520000;-2.719374895095825
250774.219999994530000;-2.719374895095825
250799.199999994540000;-2.689062356948853
250824.179999994520000;-2.689062356948853
250849.159999994500000;-2.689062356948853
250874.139999994510000;-2.689062356948853
250899.119999994520000;-2.719687461853027
250924.099999994510000;-2.719687461853027
250949.079999994490000;-2.719687461853027
250974.059999994500000;-2.719687461853027
250999.039999994510000;-2.727187395095825
251024.019999994490000;-2.727187395095825
251048.999999994470000;-2.727187395095825
251073.979999994480000;-2.727187395095825
251098.959999994490000;-2.723749876022339
251123.939999994470000;-2.723749876022339
251148.919999994450000;-2.723749876022339
251173.899999994460000;-2.723749876022339
251198.879999994470000;-2.716874837875366
251223.859999994460000;-2.716874837875366
251248.839999994440000;-2.716874837875366
251273.819999994450000;-2.716874837875366
251298.799999994460000;-2.720624923706055
251323.779999994440000;-2.720624923706055
251348.759999994420000;-2.720624923706055
251373.739999994430000;-2.720624923706055
251398.719999994440000;-2.718124866485596
251423.699999994420000;-2.718124866485596
251448.679999994410000;-2.718124866485596
251473.659999994420000;-2.718124866485596
251498.639999994430000;-2.716249942779541
251523.619999994410000;-2.716249942779541
251548.599999994390000;-2.716249942779541
251573.579999994400000;-2.716249942779541
251598.559999994410000;-2.720000028610230
251623.539999994390000;-2.720000028610230
251648.519999994370000;-2.720000028610230
251673.499999994380000;-2.720000028610230
251698.479999994390000;-2.734375000000000
251723.459999994370000;-2.734375000000000
251748.439999994360000;-2.734375000000000
251773.419999994370000;-2.734375000000000
251798.399999994380000;-2.714687347412109
251823.379999994360000;-2.714687347412109
251848.359999994340000;-2.714687347412109
251873.339999994350000;-2.714687347412109
251898.319999994360000;-2.717187404632568
251923.299999994340000;-2.717187404632568
251948.279999994320000;-2.717187404632568
251973.259999994330000;-2.717187404632568
251998.239999994340000;-2.706249952316284
252023.219999994330000;-2.706249952316284
252048.199999994310000;-2.706249952316284
252073.179999994320000;-2.706249952316284
252098.159999994330000;-2.714687347412109
252123.139999994310000;-2.714687347412109
252148.119999994290000;-2.714687347412109
252173.099999994300000;-2.714687347412109
252198.079999994310000;-2.729687452316284
252223.059999994290000;-2.729687452316284
252248.039999994270000;-2.729687452316284
252273.019999994290000;-2.729687452316284
252297.999999994300000;-2.714375019073486
252322.979999994280000;-2.714375019073486
252347.959999994260000;-2.714375019073486
252372.939999994270000;-2.714375019073486
252397.919999994280000;-2.709062337875366
252422.899999994260000;-2.709062337875366
252447.879999994240000;-2.709062337875366
252472.859999994250000;-2.709062337875366
252497.839999994260000;-2.720937490463257
252522.819999994240000;-2.720937490463257
252547.799999994230000;-2.720937490463257
252572.779999994240000;-2.720937490463257
252597.759999994250000;-2.706874847412109
252622.739999994230000;-2.706874847412109
252647.719999994210000;-2.706874847412109
252672.699999994220000;-2.706874847412109
252697.679999994230000;-2.732812404632568
252722.659999994210000;-2.732812404632568
252747.639999994190000;-2.732812404632568
252772.619999994200000;-2.732812404632568
252797.599999994210000;-2.690624952316284
252822.579999994200000;-2.690624952316284
252847.559999994180000;-2.690624952316284
252872.539999994190000;-2.690624952316284
252897.519999994200000;-2.711562395095825
252922.499999994180000;-2.711562395095825
252947.479999994160000;-2.711562395095825
252972.459999994170000;-2.711562395095825
252997.439999994180000;-2.723437547683716
253022.419999994160000;-2.723437547683716
253047.399999994140000;-2.723437547683716
253072.379999994150000;-2.723437547683716
253097.359999994170000;-2.715937376022339
253122.339999994150000;-2.715937376022339
253147.319999994130000;-2.715937376022339
253172.299999994140000;-2.715937376022339
253197.279999994150000;-2.715312480926514
253222.259999994130000;-2.715312480926514
253247.239999994110000;-2.715312480926514
253272.219999994120000;-2.715312480926514
253297.199999994130000;-2.721250057220459
253322.179999994110000;-2.721250057220459
253347.159999994100000;-2.721250057220459
253372.139999994110000;-2.721250057220459
253397.119999994120000;-2.712812423706055
253422.099999994100000;-2.712812423706055
253447.079999994080000;-2.712812423706055
253472.059999994090000;-2.712812423706055
253497.039999994100000;-2.718437433242798
253522.019999994080000;-2.718437433242798
253546.999999994060000;-2.718437433242798
253571.979999994070000;-2.718437433242798
253596.959999994080000;-2.722812414169312
253621.939999994070000;-2.722812414169312
253646.919999994050000;-2.722812414169312
253671.899999994060000;-2.722812414169312
253696.879999994070000;-2.715625047683716
253721.859999994050000;-2.715625047683716
253746.839999994030000;-2.715625047683716
253771.819999994040000;-2.715625047683716
253796.799999994050000;-2.723437547683716
253821.779999994030000;-2.723437547683716
253846.759999994010000;-2.723437547683716
253871.739999994020000;-2.723437547683716
253896.719999994030000;-2.717499971389771
253921.699999994020000;-2.717499971389771
253946.679999994000000;-2.717499971389771
253971.659999994010000;-2.717499971389771
253996.639999994020000;-2.712499856948853
254021.619999994000000;-2.712499856948853
254046.599999993980000;-2.712499856948853
254071.579999993990000;-2.712499856948853
254096.559999994000000;-2.712499856948853
254121.539999993980000;-2.712499856948853
254146.519999993970000;-2.712499856948853
254171.499999993980000;-2.712499856948853
254196.479999993990000;-2.721562385559082
254221.459999993970000;-2.721562385559082
254246.439999993950000;-2.721562385559082
254271.419999993960000;-2.721562385559082
254296.399999993970000;-2.721874952316284
254321.379999993950000;-2.721874952316284
254346.359999993930000;-2.721874952316284
254371.339999993940000;-2.721874952316284
254396.319999993950000;-2.720624923706055
254421.299999993930000;-2.720624923706055
254446.279999993920000;-2.720624923706055
254471.259999993930000;-2.720624923706055
254496.239999993940000;-2.720624923706055
254521.219999993920000;-2.720624923706055
254546.199999993900000;-2.720624923706055
254571.179999993910000;-2.720624923706055
254596.159999993920000;-2.710937500000000
254621.139999993900000;-2.710937500000000
254646.119999993880000;-2.710937500000000
254671.099999993890000;-2.710937500000000
254696.079999993900000;-2.721562385559082
254721.059999993890000;-2.721562385559082
254746.039999993870000;-2.721562385559082
254771.019999993880000;-2.721562385559082
254795.999999993890000;-2.733437538146973
254820.979999993870000;-2.733437538146973
254845.959999993850000;-2.733437538146973
254870.939999993860000;-2.733437538146973
254895.919999993870000;-2.714999914169312
254920.899999993850000;-2.714999914169312
254945.879999993830000;-2.714999914169312
254970.859999993850000;-2.714999914169312
254995.839999993860000;-2.720937490463257
255020.819999993840000;-2.720937490463257
255045.799999993820000;-2.720937490463257
255070.779999993830000;-2.720937490463257
255095.759999993840000;-2.727499961853027
255120.739999993820000;-2.727499961853027
255145.719999993800000;-2.727499961853027
255170.699999993810000;-2.727499961853027
255195.679999993820000;-2.722499847412109
255220.659999993800000;-2.722499847412109
255245.639999993790000;-2.722499847412109
255270.619999993800000;-2.722499847412109
255295.599999993810000;-2.718124866485596
255320.579999993790000;-2.718124866485596
255345.559999993770000;-2.718124866485596
255370.539999993780000;-2.718124866485596
255395.519999993790000;-2.726562500000000
255420.499999993770000;-2.726562500000000
255445.479999993750000;-2.726562500000000
255470.459999993760000;-2.726562500000000
255495.439999993770000;-2.715312480926514
255520.419999993760000;-2.715312480926514
255545.399999993740000;-2.715312480926514
255570.379999993750000;-2.715312480926514
255595.359999993760000;-2.712187528610230
255620.339999993740000;-2.712187528610230
255645.319999993720000;-2.712187528610230
255670.299999993730000;-2.712187528610230
255695.279999993740000;-2.719687461853027
255720.259999993720000;-2.719687461853027
255745.239999993700000;-2.719687461853027
255770.219999993710000;-2.719687461853027
255795.199999993730000;-2.715625047683716
255820.179999993710000;-2.715625047683716
255845.159999993690000;-2.715625047683716
255870.139999993700000;-2.715625047683716
255895.119999993710000;-2.724375009536743
255920.099999993690000;-2.724375009536743
255945.079999993670000;-2.724375009536743
255970.059999993680000;-2.724375009536743
255995.039999993690000;-2.728437423706055
256020.019999993670000;-2.728437423706055
256044.999999993660000;-2.728437423706055
256069.979999993670000;-2.728437423706055
256094.959999993680000;-2.725312471389771
256119.939999993660000;-2.725312471389771
256144.919999993640000;-2.725312471389771
256169.899999993650000;-2.725312471389771
256194.879999993660000;-2.719062328338623
256219.859999993640000;-2.719062328338623
256244.839999993620000;-2.719062328338623
256269.819999993630000;-2.719062328338623
256294.799999993640000;-2.719374895095825
256319.779999993630000;-2.719374895095825
256344.759999993610000;-2.719374895095825
256369.739999993620000;-2.719374895095825
256394.719999993630000;-2.730000019073486
256419.699999993610000;-2.730000019073486
256444.679999993590000;-2.730000019073486
256469.659999993600000;-2.730000019073486
256494.639999993610000;-2.726249933242798
256519.619999993590000;-2.726249933242798
256544.599999993570000;-2.726249933242798
256569.579999993580000;-2.726249933242798
256594.559999993590000;-2.719062328338623
256619.539999993580000;-2.719062328338623
256644.519999993560000;-2.719062328338623
256669.499999993570000;-2.719062328338623
256694.479999993580000;-2.722499847412109
256719.459999993560000;-2.722499847412109
256744.439999993540000;-2.722499847412109
256769.419999993550000;-2.722499847412109
256794.399999993560000;-2.721562385559082
256819.379999993540000;-2.721562385559082
256844.359999993520000;-2.721562385559082
256869.339999993540000;-2.721562385559082
256894.319999993550000;-2.721562385559082
256919.299999993530000;-2.721562385559082
256944.279999993510000;-2.721562385559082
256969.259999993520000;-2.721562385559082
256994.239999993530000;-2.718437433242798
257019.219999993510000;-2.718437433242798
257044.199999993490000;-2.718437433242798
257069.179999993500000;-2.718437433242798
257094.159999993510000;-2.736875057220459
257119.139999993490000;-2.736875057220459
257144.119999993480000;-2.736875057220459
257169.099999993490000;-2.736875057220459
257194.079999993500000;-2.706874847412109
257219.059999993480000;-2.706874847412109
257244.039999993460000;-2.706874847412109
257269.019999993470000;-2.706874847412109
257293.999999993480000;-2.734375000000000
257318.979999993460000;-2.734375000000000
257343.959999993440000;-2.734375000000000
257368.939999993450000;-2.734375000000000
257393.919999993460000;-2.726562500000000
257418.899999993450000;-2.726562500000000
257443.879999993430000;-2.726562500000000
257468.859999993440000;-2.726562500000000
257493.839999993450000;-2.714687347412109
257518.819999993430000;-2.714687347412109
257543.799999993410000;-2.714687347412109
257568.779999993420000;-2.714687347412109
257593.759999993430000;-2.709062337875366
257618.739999993410000;-2.709062337875366
257643.719999993390000;-2.709062337875366
257668.699999993410000;-2.709062337875366
257693.679999993420000;-2.708750009536743
257718.659999993400000;-2.708750009536743
257743.639999993380000;-2.708750009536743
257768.619999993390000;-2.708750009536743
257793.600000000030000;-2.718124866485596
257818.580000000050000;-2.727187395095825
257843.560000000030000;-2.734375000000000
257868.540000000040000;-2.717187404632568
257893.520000000050000;-2.717187404632568
257918.500000000030000;-2.724687337875366
257943.480000000040000;-2.728749990463257
257968.460000000020000;-2.719374895095825
257993.440000000030000;-2.724062442779541
258018.420000000040000;-2.719374895095825
258043.400000000020000;-2.720624923706055
258068.380000000030000;-2.710000038146973
258093.360000000040000;-2.722499847412109
258118.340000000030000;-2.728749990463257
258143.320000000040000;-2.717812538146973
258168.300000000050000;-2.716874837875366
258193.280000000030000;-2.717812538146973
258218.260000000040000;-2.719687461853027
258243.240000000050000;-2.719687461853027
258268.220000000030000;-2.718124866485596
258293.200000000040000;-2.725625038146973
258318.180000000020000;-2.720000028610230
258343.160000000030000;-2.723749876022339
258368.140000000040000;-2.721250057220459
258393.120000000020000;-2.737499952316284
258418.100000000030000;-2.709062337875366
258443.080000000050000;-2.713124990463257
258468.060000000030000;-2.719687461853027
258493.040000000040000;-2.723437547683716
258518.020000000050000;-2.726249933242798
258543.000000000030000;-2.718124866485596
258567.980000000040000;-2.704999923706055
258592.960000000020000;-2.717499971389771
258617.940000000030000;-2.717187404632568
258642.920000000040000;-2.718437433242798
258667.900000000020000;-2.721250057220459
258692.880000000030000;-2.708750009536743
258717.860000000040000;-2.718750000000000
258742.840000000030000;-2.724375009536743
258767.820000000040000;-2.709062337875366
258792.800000000050000;-2.716249942779541
258817.780000000030000;-2.710312366485596
258842.760000000040000;-2.720312356948853
258867.740000000050000;-2.732499837875366
258892.720000000030000;-2.712812423706055
258917.700000000040000;-2.714687347412109
258942.680000000020000;-2.716874837875366
258967.660000000030000;-2.722187519073486
258992.640000000040000;-2.720937490463257
259017.620000000020000;-2.725625038146973
259042.600000000030000;-2.730000019073486
259067.580000000050000;-2.716874837875366
259092.560000000030000;-2.718437433242798
259117.540000000040000;-2.719062328338623
259142.520000000050000;-2.730624914169312
259167.500000000030000;-2.719062328338623
259192.480000000040000;-2.714062452316284
259217.460000000050000;-2.718437433242798
259242.440000000030000;-2.713437557220459
259267.420000000040000;-2.720312356948853
259292.400000000020000;-2.726874828338623
259317.380000000030000;-2.711874961853027
259342.360000000040000;-2.715937376022339
259367.340000000030000;-2.719687461853027
259392.320000000040000;-2.726249933242798
259417.300000000050000;-2.718437433242798
259442.280000000030000;-2.715937376022339
259467.260000000040000;-2.721250057220459
259492.240000000050000;-2.713749885559082
259517.220000000030000;-2.709062337875366
259542.200000000040000;-2.709062337875366
259567.180000000020000;-2.718437433242798
259592.160000000030000;-2.726874828338623
259617.140000000040000;-2.712187528610230
259642.120000000020000;-2.724999904632568
259667.100000000030000;-2.712187528610230
259692.080000000050000;-2.722812414169312
259717.060000000030000;-2.720312356948853
259742.040000000040000;-2.720000028610230
259767.020000000050000;-2.717812538146973
259792.000000000030000;-2.704062461853027
259816.980000000040000;-2.715937376022339
259841.960000000050000;-2.725312471389771
259866.940000000030000;-2.727499961853027
259891.920000000040000;-2.735937356948853
259916.900000000020000;-2.727187395095825
259941.880000000030000;-2.721874952316284
259966.860000000040000;-2.723749876022339
259991.840000000030000;-2.733124971389771
260016.820000000040000;-2.724999904632568
260041.800000000050000;-2.711249828338623
260066.780000000030000;-2.719062328338623
260091.760000000040000;-2.719687461853027
260116.740000000050000;-2.722187519073486
260141.720000000030000;-2.719374895095825
260166.700000000040000;-2.728437423706055
260191.680000000020000;-2.726874828338623
260216.660000000030000;-2.733749866485596
260241.640000000040000;-2.717499971389771
260266.620000000020000;-2.721874952316284
260291.600000000030000;-2.725937366485596
260316.580000000050000;-2.721250057220459
260341.560000000030000;-2.720000028610230
260366.540000000040000;-2.727187395095825
260391.520000000050000;-2.726562500000000
260416.500000000030000;-2.738437414169312
260441.480000000040000;-2.722812414169312
260466.460000000050000;-2.705625057220459
260491.440000000030000;-2.732187509536743
260516.420000000040000;-2.727187395095825
260541.400000000020000;-2.728749990463257
260566.380000000030000;-2.722812414169312
260591.360000000040000;-2.712499856948853
260616.340000000030000;-2.720000028610230
260641.320000000040000;-2.715312480926514
260666.300000000050000;-2.713124990463257
260691.280000000030000;-2.731562376022339
260716.260000000040000;-2.720624923706055
260741.240000000050000;-2.726249933242798
260766.220000000030000;-2.721874952316284
260791.200000000040000;-2.708750009536743
260816.180000000050000;-2.697812557220459
260841.160000000030000;-2.714999914169312
260866.140000000040000;-2.734375000000000
260891.120000000020000;-2.715625047683716
260916.100000000030000;-2.695624828338623
260941.080000000050000;-2.707812547683716
260966.060000000030000;-2.718750000000000
260991.040000000040000;-2.718124866485596
261016.020000000050000;-2.710312366485596
261041.000000000030000;-2.712187528610230
261065.980000000040000;-2.699687480926514
261090.960000000050000;-2.707187414169312
261115.940000000030000;-2.700624942779541
261140.920000000040000;-2.701562404632568
261165.900000000020000;-2.706562519073486
261190.880000000030000;-2.700000047683716
261215.860000000040000;-2.696249961853027
261240.840000000030000;-2.712499856948853
261265.820000000040000;-2.702187538146973
261290.800000000050000;-2.693437337875366
261315.780000000030000;-2.696249961853027
261340.760000000040000;-2.697499990463257
261365.740000000050000;-2.703125000000000
261390.720000000030000;-2.692812442779541
261415.700000000040000;-2.688437461853027
261440.680000000050000;-2.681562423706055
261465.660000000030000;-2.697812557220459
261490.640000000040000;-2.689374923706055
261515.620000000020000;-2.683125019073486
261540.600000000030000;-2.690624952316284
261565.580000000050000;-2.676562547683716
261590.560000000030000;-2.690937519073486
261615.540000000040000;-2.687187433242798
261640.520000000050000;-2.692499876022339
261665.500000000030000;-2.689374923706055
261690.480000000040000;-2.696874856948853
261715.460000000050000;-2.662499904632568
261740.440000000030000;-2.682499885559082
261765.420000000040000;-2.694375038146973
261790.400000000020000;-2.691874980926514
261815.380000000030000;-2.718124866485596
261840.360000000040000;-2.695312500000000
261865.340000000030000;-2.687500000000000
261890.320000000040000;-2.694375038146973
261915.300000000050000;-2.692187547683716
261940.280000000030000;-2.679374933242798
261965.260000000040000;-2.680937528610230
261990.240000000050000;-2.680937528610230
262015.220000000030000;-2.684375047683716
262040.200000000040000;-2.679999828338623
262065.180000000020000;-2.680937528610230
262090.160000000030000;-2.685312509536743
262115.140000000040000;-2.670624971389771
262140.120000000020000;-2.678124904632568
262165.100000000030000;-2.680312395095825
262190.080000000020000;-2.697499990463257
262215.060000000060000;-2.680312395095825
262240.040000000040000;-2.675624847412109
262265.020000000020000;-2.676562547683716
262290.000000000060000;-2.678437471389771
262314.980000000040000;-2.688750028610230
262339.960000000020000;-2.676562547683716
262364.940000000000000;-2.669687509536743
262389.920000000040000;-2.671875000000000
262414.900000000020000;-2.673125028610230
262439.880000000000000;-2.673749923706055
262464.860000000040000;-2.641249895095825
262489.840000000030000;-2.672499895095825
262514.820000000010000;-2.652812480926514
262539.800000000050000;-2.678437471389771
262564.780000000030000;-2.657187461853027
262589.760000000010000;-2.671562433242798
262614.740000000050000;-2.674999952316284
262639.720000000030000;-2.675937414169312
262664.700000000010000;-2.672812461853027
262689.680000000050000;-2.673437356948853
262714.660000000030000;-2.675937414169312
262739.640000000010000;-2.665624856948853
262764.620000000000000;-2.677500009536743
262789.600000000030000;-2.660312414169312
262814.580000000020000;-2.666249990463257
262839.560000000000000;-2.661875009536743
262864.540000000040000;-2.663749933242798
262889.520000000020000;-2.657500028610230
262914.500000000000000;-2.675624847412109
262939.480000000040000;-2.648437500000000
262964.460000000020000;-2.647187471389771
262989.440000000000000;-2.661875009536743
263014.420000000040000;-2.668124914169312
263039.400000000020000;-2.659062385559082
263064.380000000000000;-2.667500019073486
263089.360000000040000;-2.654999971389771
263114.340000000030000;-2.656562328338623
263139.320000000010000;-2.658437490463257
263164.299999999990000;-2.653437376022339
263189.280000000030000;-2.656250000000000
263214.260000000010000;-2.651875019073486
263239.239999999990000;-2.682499885559082
263264.220000000030000;-2.661562442779541
263289.200000000010000;-2.663125038146973
263314.179999999990000;-2.653749942779541
263339.160000000030000;-2.659062385559082
263364.140000000010000;-2.653749942779541
263389.120000000000000;-2.656874895095825
263414.100000000030000;-2.659999847412109
263439.080000000020000;-2.656250000000000
263464.060000000000000;-2.654999971389771
263489.040000000040000;-2.651249885559082
263514.020000000020000;-2.653125047683716
263539.000000000000000;-2.647812366485596
263563.979999999980000;-2.651562452316284
263588.960000000020000;-2.651875019073486
263613.940000000000000;-2.645312547683716
263638.919999999980000;-2.651875019073486
263663.900000000020000;-2.657812356948853
263688.880000000000000;-2.653125047683716
263713.859999999990000;-2.651562452316284
263738.840000000030000;-2.649374961853027
263763.820000000010000;-2.647812366485596
263788.799999999990000;-2.659374952316284
263813.780000000030000;-2.652499914169312
263838.760000000010000;-2.654374837875366
263863.739999999990000;-2.662812471389771
263888.720000000030000;-2.651562452316284
263913.700000000010000;-2.649687528610230
263938.679999999990000;-2.658437490463257
263963.659999999970000;-2.647812366485596
263988.640000000010000;-2.654687404632568
264013.620000000000000;-2.675624847412109
264038.599999999980000;-2.646874904632568
264063.580000000020000;-2.659999847412109
264088.560000000000000;-2.656250000000000
264113.539999999980000;-2.639999866485596
264138.520000000020000;-2.650624990463257
264163.500000000000000;-2.652812480926514
264188.479999999980000;-2.675937414169312
264213.460000000020000;-2.646874904632568
264238.440000000000000;-2.646874904632568
264263.419999999980000;-2.642499923706055
264288.400000000020000;-2.633437395095825
264313.380000000000000;-2.647187471389771
264338.359999999990000;-2.641562461853027
264363.339999999970000;-2.643125057220459
264388.320000000010000;-2.650312423706055
264413.299999999990000;-2.646562337875366
264438.279999999970000;-2.640937328338623
264463.260000000010000;-2.647500038146973
264488.239999999990000;-2.639374971389771
264513.219999999970000;-2.646562337875366
264538.200000000010000;-2.652499914169312
264563.179999999990000;-2.646562337875366
264588.159999999970000;-2.652499914169312
264613.140000000010000;-2.652499914169312
264638.120000000000000;-2.650624990463257
264663.099999999980000;-2.649062395095825
264688.080000000020000;-2.641875028610230
264713.060000000000000;-2.637187480926514
264738.039999999980000;-2.636250019073486
264763.019999999960000;-2.642812490463257
264788.000000000000000;-2.641562461853027
264812.979999999980000;-2.630625009536743
264837.959999999960000;-2.644374847412109
264862.940000000000000;-2.654062509536743
264887.919999999980000;-2.642187356948853
264912.899999999970000;-2.647500038146973
264937.880000000000000;-2.643125057220459
264962.859999999990000;-2.639999866485596
264987.839999999970000;-2.648437500000000
265012.820000000010000;-2.655937433242798
265037.799999999990000;-2.645624876022339
265062.779999999970000;-2.640937328338623
265087.760000000010000;-2.640937328338623
265112.739999999990000;-2.650312423706055
265137.719999999970000;-2.645312547683716
265162.699999999950000;-2.641875028610230
265187.679999999990000;-2.623749971389771
265212.659999999970000;-2.637500047683716
265237.639999999960000;-2.617812395095825
265262.620000000000000;-2.636562347412109
265287.599999999980000;-2.627812385559082
265312.579999999960000;-2.645937442779541
265337.560000000000000;-2.653125047683716
265362.539999999980000;-2.635937452316284
265387.519999999960000;-2.644999980926514
265412.500000000000000;-2.645937442779541
265437.479999999980000;-2.625937461853027
265462.459999999960000;-2.635312557220459
265487.440000000000000;-2.650937557220459
265512.419999999980000;-2.629999876022339
265537.399999999970000;-2.642812490463257
265562.379999999950000;-2.635312557220459
265587.359999999990000;-2.629687547683716
265612.339999999970000;-2.638749837875366
265637.319999999950000;-2.625312328338623
265662.299999999990000;-2.636874914169312
265687.279999999970000;-2.632187366485596
265712.259999999950000;-2.636874914169312
265737.239999999990000;-2.608749866485596
265762.219999999970000;-2.635937452316284
265787.199999999950000;-2.629999876022339
265812.179999999990000;-2.632499933242798
265837.159999999970000;-2.637500047683716
265862.139999999960000;-2.632812500000000
265887.120000000000000;-2.639687538146973
265912.099999999980000;-2.631875038146973
265937.079999999960000;-2.640937328338623
265962.059999999940000;-2.633749961853027
265987.039999999980000;-2.632812500000000
266012.019999999960000;-2.631562471389771
266036.999999999940000;-2.631875038146973
266061.979999999980000;-2.636874914169312
266086.959999999960000;-2.629687547683716
266111.939999999940000;-2.635624885559082
266136.919999999980000;-2.640937328338623
266161.899999999970000;-2.631249904632568
266186.879999999950000;-2.627812385559082
266211.859999999990000;-2.641562461853027
266236.839999999970000;-2.633749961853027
266261.819999999950000;-2.633124828338623
266286.799999999990000;-2.635624885559082
266311.779999999970000;-2.636562347412109
266336.759999999950000;-2.654999971389771
266361.739999999930000;-2.638749837875366
266386.719999999970000;-2.621249914169312
266411.699999999950000;-2.643437385559082
266436.679999999930000;-2.634374856948853
266461.659999999970000;-2.634062528610230
266486.639999999960000;-2.631562471389771
266511.619999999940000;-2.636250019073486
266536.599999999980000;-2.623749971389771
266561.579999999960000;-2.631249904632568
266586.559999999940000;-2.631562471389771
266611.539999999980000;-2.636562347412109
266636.519999999960000;-2.624374866485596
266661.499999999940000;-2.636250019073486
266686.479999999980000;-2.634062528610230
266711.459999999960000;-2.632812500000000
266736.439999999940000;-2.630625009536743
266761.419999999930000;-2.637500047683716
266786.399999999970000;-2.639062404632568
266811.379999999950000;-2.639999866485596
266836.359999999930000;-2.649999856948853
266861.339999999970000;-2.629374980926514
266886.319999999950000;-2.646250009536743
266911.299999999930000;-2.625000000000000
266936.279999999970000;-2.637500047683716
266961.259999999950000;-2.631875038146973
266986.239999999930000;-2.629999876022339
267011.219999999970000;-2.644687414169312
267036.199999999950000;-2.637500047683716
267061.179999999930000;-2.637187480926514
267086.159999999970000;-2.627812385559082
267111.139999999960000;-2.631562471389771
267136.119999999940000;-2.630312442779541
267161.099999999920000;-2.635312557220459
267186.079999999960000;-2.642812490463257
267211.059999999940000;-2.643437385559082
267236.039999999920000;-2.640625000000000
267261.019999999960000;-2.631875038146973
267285.999999999940000;-2.652812480926514
267310.979999999920000;-2.636250019073486
267335.959999999960000;-2.623749971389771
267360.939999999940000;-2.639374971389771
267385.919999999930000;-2.640312433242798
267410.899999999970000;-2.635312557220459
267435.879999999950000;-2.637187480926514
267460.859999999930000;-2.628124952316284
267485.839999999970000;-2.658437490463257
267510.819999999950000;-2.647187471389771
267535.799999999930000;-2.636562347412109
267560.779999999910000;-2.639687538146973
267585.759999999950000;-2.647500038146973
267610.739999999930000;-2.633124828338623
267635.719999999910000;-2.644062519073486
267660.699999999950000;-2.639687538146973
267685.679999999930000;-2.634374856948853
267710.659999999920000;-2.640312433242798
267735.639999999960000;-2.643125057220459
267760.619999999940000;-2.637187480926514
267785.599999999920000;-2.634999990463257
267810.579999999960000;-2.646250009536743
267835.559999999940000;-2.633437395095825
267860.539999999920000;-2.637187480926514
267885.519999999960000;-2.639687538146973
267910.499999999940000;-2.646874904632568
267935.479999999920000;-2.644062519073486
267960.459999999900000;-2.646562337875366
267985.439999999940000;-2.648437500000000
268010.419999999930000;-2.644062519073486
268035.399999999910000;-2.641562461853027
268060.379999999950000;-2.651562452316284
268085.359999999930000;-2.628437519073486
268110.339999999910000;-2.633749961853027
268135.319999999950000;-2.645937442779541
268160.299999999930000;-2.642499923706055
268185.279999999910000;-2.649062395095825
268210.259999999950000;-2.645937442779541
268235.239999999930000;-2.643125057220459
268260.219999999910000;-2.646874904632568
268285.199999999950000;-2.644374847412109
268310.179999999930000;-2.640312433242798
268335.159999999920000;-2.649374961853027
268360.139999999900000;-2.644999980926514
268385.119999999940000;-2.661875009536743
268410.099999999920000;-2.656562328338623
268435.079999999900000;-2.645937442779541
268460.059999999940000;-2.644687414169312
268485.039999999920000;-2.645624876022339
268510.019999999900000;-2.656562328338623
268534.999999999940000;-2.649999856948853
268559.979999999920000;-2.641875028610230
268584.959999999900000;-2.654374837875366
268609.939999999940000;-2.652499914169312
268634.919999999930000;-2.647812366485596
268659.899999999910000;-2.649374961853027
268684.879999999950000;-2.653749942779541
268709.859999999930000;-2.666562557220459
268734.839999999910000;-2.653125047683716
268759.819999999890000;-2.663125038146973
268784.799999999930000;-2.652499914169312
268809.779999999910000;-2.643125057220459
268834.759999999890000;-2.644999980926514
268859.739999999930000;-2.644999980926514
268884.719999999910000;-2.651562452316284
268909.699999999900000;-2.655624866485596
268934.679999999930000;-2.664999961853027
268959.659999999920000;-2.667187452316284
268984.639999999900000;-2.663437366485596
269009.619999999940000;-2.657812356948853
269034.599999999920000;-2.647812366485596
269059.579999999900000;-2.637187480926514
269084.559999999940000;-2.647500038146973
269109.539999999920000;-2.654062509536743
269134.519999999900000;-2.653125047683716
269159.499999999880000;-2.661875009536743
269184.479999999920000;-2.658437490463257
269209.459999999900000;-2.653749942779541
269234.439999999890000;-2.653437376022339
269259.419999999930000;-2.654999971389771
269284.399999999910000;-2.645937442779541
269309.379999999890000;-2.650937557220459
269334.359999999930000;-2.664999961853027
269359.339999999910000;-2.645624876022339
269384.319999999890000;-2.652812480926514
269409.299999999930000;-2.643437385559082
269434.279999999910000;-2.659999847412109
269459.259999999890000;-2.645312547683716
269484.239999999930000;-2.660312414169312
269509.219999999910000;-2.654687404632568
269534.199999999900000;-2.655312538146973
269559.179999999880000;-2.653437376022339
269584.159999999920000;-2.656250000000000
269609.139999999900000;-2.650624990463257
269634.119999999880000;-2.657812356948853
269659.099999999920000;-2.651562452316284
269684.079999999900000;-2.659999847412109
269709.059999999880000;-2.648124933242798
269734.039999999920000;-2.659687519073486
269759.019999999900000;-2.659374952316284
269783.999999999880000;-2.656562328338623
269808.979999999920000;-2.647500038146973
269833.959999999900000;-2.655937433242798
269858.939999999890000;-2.663437366485596
269883.919999999930000;-2.654687404632568
269908.899999999910000;-2.659062385559082
269933.879999999890000;-2.658750057220459
269958.859999999870000;-2.643749952316284
269983.839999999910000;-2.657500028610230
270008.819999999890000;-2.675312519073486
270033.799999999870000;-2.655937433242798
270058.779999999910000;-2.699687480926514
270083.759999999890000;-2.664999961853027
270108.739999999870000;-2.660937547683716
270133.719999999910000;-2.655937433242798
270158.699999999900000;-2.658124923706055
270183.679999999880000;-2.656250000000000
270208.659999999920000;-2.652499914169312
270233.639999999900000;-2.661562442779541
270258.619999999880000;-2.663749933242798
270283.599999999920000;-2.660937547683716
270308.579999999900000;-2.675312519073486
270333.559999999880000;-2.663437366485596
270358.539999999860000;-2.659062385559082
270383.519999999900000;-2.657187461853027
270408.499999999880000;-2.655937433242798
270433.479999999860000;-2.655624866485596
270458.459999999900000;-2.648437500000000
270483.439999999890000;-2.665312528610230
270508.419999999870000;-2.657500028610230
270533.399999999910000;-2.662187337875366
270558.379999999890000;-2.660312414169312
270583.359999999870000;-2.642187356948853
270608.339999999910000;-2.662812471389771
270633.319999999890000;-2.649062395095825
270658.299999999870000;-2.648749828338623
270683.279999999910000;-2.664999961853027
270708.259999999890000;-2.656562328338623
270733.239999999870000;-2.649374961853027
270758.219999999860000;-2.663749933242798
270783.199999999900000;-2.662187337875366
270808.179999999880000;-2.673125028610230
270833.159999999860000;-2.667812347412109
270858.139999999900000;-2.663125038146973
270883.119999999880000;-2.658124923706055
270908.099999999860000;-2.653749942779541
270933.079999999900000;-2.669374942779541
270958.059999999880000;-2.663749933242798
270983.039999999860000;-2.649062395095825
271008.019999999900000;-2.663749933242798
271032.999999999880000;-2.657812356948853
271057.979999999860000;-2.657812356948853
271082.959999999900000;-2.662187337875366
271107.939999999890000;-2.663125038146973
271132.919999999870000;-2.659374952316284
271157.899999999850000;-2.661875009536743
271182.879999999890000;-2.656562328338623
271207.859999999870000;-2.662499904632568
271232.839999999850000;-2.668750047683716
271257.819999999890000;-2.670937538146973
271282.799999999870000;-2.664999961853027
271307.779999999850000;-2.672499895095825
271332.759999999890000;-2.657187461853027
271357.739999999870000;-2.662187337875366
271382.719999999860000;-2.665624856948853
271407.699999999900000;-2.666249990463257
271432.679999999880000;-2.675312519073486
271457.659999999860000;-2.666874885559082
271482.639999999900000;-2.655312538146973
271507.619999999880000;-2.669062376022339
271532.599999999860000;-2.672812461853027
271557.579999999840000;-2.667500019073486
271582.559999999880000;-2.655312538146973
271607.539999999860000;-2.664687395095825
271632.519999999840000;-2.663749933242798
271657.499999999880000;-2.672499895095825
271682.479999999860000;-2.675312519073486
271707.459999999850000;-2.669374942779541
271732.439999999890000;-2.655624866485596
271757.419999999870000;-2.664999961853027
271782.399999999850000;-2.686562538146973
271807.379999999890000;-2.658437490463257
271832.359999999870000;-2.680312395095825
271857.339999999850000;-2.669999837875366
271882.319999999890000;-2.660624980926514
271907.299999999870000;-2.669999837875366
271932.279999999850000;-2.660937547683716
271957.259999999830000;-2.664687395095825
271982.239999999870000;-2.654999971389771
272007.219999999860000;-2.667187452316284
272032.199999999840000;-2.664374828338623
272057.179999999880000;-2.667812347412109
272082.159999999860000;-2.656250000000000
272107.139999999840000;-2.676874876022339
272132.119999999880000;-2.676562547683716
272157.099999999860000;-2.672187328338623
272182.079999999840000;-2.662499904632568
272207.059999999880000;-2.661249876022339
272232.039999999860000;-2.638124942779541
272257.019999999840000;-2.666562557220459
272281.999999999880000;-2.671249866485596
272306.979999999860000;-2.668437480926514
272331.959999999850000;-2.650312423706055
272356.939999999830000;-2.680312395095825
272381.919999999870000;-2.665937423706055
272406.899999999850000;-2.672187328338623
272431.879999999830000;-2.662812471389771
272456.859999999870000;-2.675937414169312
272481.839999999850000;-2.683749914169312
272506.819999999830000;-2.676874876022339
272531.799999999870000;-2.672812461853027
272556.779999999850000;-2.667812347412109
272581.759999999830000;-2.684999942779541
272606.739999999870000;-2.662812471389771
272631.719999999860000;-2.672187328338623
272656.699999999840000;-2.679687500000000
272681.679999999880000;-2.662499904632568
272706.659999999860000;-2.667187452316284
272731.639999999840000;-2.675937414169312
272756.619999999820000;-2.671562433242798
272781.599999999860000;-2.669999837875366
272806.579999999840000;-2.671562433242798
272831.559999999820000;-2.664999961853027
272856.539999999860000;-2.672187328338623
272881.519999999840000;-2.661249876022339
272906.499999999830000;-2.664687395095825
272931.479999999860000;-2.668437480926514
272956.459999999850000;-2.667187452316284
272981.439999999830000;-2.667187452316284
273006.419999999870000;-2.677187442779541
273031.399999999850000;-2.670312404632568
273056.379999999830000;-2.670937538146973
273081.359999999870000;-2.675312519073486
273106.339999999850000;-2.665624856948853
273131.319999999830000;-2.681874990463257
273156.299999999810000;-2.670937538146973
273181.279999999850000;-2.665312528610230
273206.259999999830000;-2.665937423706055
273231.239999999820000;-2.678124904632568
273256.219999999860000;-2.661562442779541
273281.199999999840000;-2.670624971389771
273306.179999999820000;-2.671875000000000
273331.159999999860000;-2.666562557220459
273356.139999999840000;-2.666249990463257
273381.119999999820000;-2.669374942779541
273406.099999999860000;-2.665937423706055
273431.079999999840000;-2.674687385559082
273456.059999999820000;-2.673437356948853
273481.039999999860000;-2.668437480926514
273506.019999999840000;-2.663437366485596
273530.999999999830000;-2.664062500000000
273555.979999999810000;-2.672812461853027
273580.959999999850000;-2.659999847412109
273605.939999999830000;-2.677812337875366
273630.919999999810000;-2.680624961853027
273655.899999999850000;-2.663749933242798
273680.879999999830000;-2.678750038146973
273705.859999999810000;-2.661249876022339
273730.839999999850000;-2.668437480926514
273755.819999999830000;-2.675312519073486
273780.799999999810000;-2.677187442779541
273805.779999999850000;-2.696562528610230
273830.759999999830000;-2.681562423706055
273855.739999999820000;-2.670624971389771
273880.719999999860000;-2.670624971389771
273905.699999999840000;-2.674062490463257
273930.679999999820000;-2.674375057220459
273955.659999999800000;-2.675312519073486
273980.639999999840000;-2.666562557220459
274005.619999999820000;-2.685624837875366
274030.599999999800000;-2.678437471389771
274055.579999999840000;-2.669687509536743
274080.559999999820000;-2.665312528610230
274105.539999999800000;-2.665312528610230
274130.519999999840000;-2.647500038146973
274155.499999999830000;-2.687812328338623
274180.479999999810000;-2.679374933242798
274205.459999999850000;-2.676249980926514
274230.439999999830000;-2.670937538146973
274255.419999999810000;-2.673437356948853
274280.399999999850000;-2.669374942779541
274305.379999999830000;-2.671562433242798
274330.359999999810000;-2.681874990463257
274355.339999999850000;-2.671875000000000
274380.319999999830000;-2.671249866485596
274405.299999999810000;-2.684687376022339
274430.279999999800000;-2.678437471389771
274455.259999999830000;-2.671875000000000
274480.239999999820000;-2.664374828338623
274505.219999999800000;-2.668750047683716
274530.199999999840000;-2.670312404632568
274555.179999999820000;-2.678750038146973
274580.159999999800000;-2.664374828338623
274605.139999999840000;-2.673437356948853
274630.119999999820000;-2.670312404632568
274655.099999999800000;-2.673125028610230
274680.079999999840000;-2.663749933242798
274705.059999999820000;-2.677812337875366
274730.039999999800000;-2.679687500000000
274755.019999999790000;-2.684375047683716
274779.999999999830000;-2.683437347412109
274804.979999999810000;-2.675312519073486
274829.959999999790000;-2.684375047683716
274854.939999999830000;-2.669062376022339
274879.919999999810000;-2.688750028610230
274904.899999999790000;-2.681249856948853
274929.879999999830000;-2.671249866485596
274954.859999999810000;-2.679687500000000
274979.839999999790000;-2.678750038146973
275004.819999999830000;-2.672499895095825
275029.799999999810000;-2.671249866485596
275054.779999999800000;-2.657500028610230
275079.759999999830000;-2.671875000000000
275104.739999999820000;-2.682812452316284
275129.719999999800000;-2.675624847412109
275154.699999999840000;-2.674062490463257
275179.679999999820000;-2.675624847412109
275204.659999999800000;-2.670624971389771
275229.639999999780000;-2.675937414169312
275254.619999999820000;-2.676249980926514
275279.599999999800000;-2.679687500000000
275304.579999999780000;-2.671562433242798
275329.559999999820000;-2.676249980926514
275354.539999999800000;-2.673125028610230
275379.519999999790000;-2.674062490463257
275404.499999999830000;-2.666562557220459
275429.479999999810000;-2.668124914169312
275454.459999999790000;-2.664062500000000
275479.439999999830000;-2.669999837875366
275504.419999999810000;-2.666249990463257
275529.399999999790000;-2.671249866485596
275554.379999999770000;-2.670312404632568
275579.359999999810000;-2.675312519073486
275604.339999999790000;-2.676249980926514
275629.319999999770000;-2.684062480926514
275654.299999999810000;-2.677500009536743
275679.279999999800000;-2.669687509536743
275704.259999999780000;-2.679374933242798
275729.239999999820000;-2.677812337875366
275754.219999999800000;-2.673749923706055
275779.199999999780000;-2.662499904632568
275804.179999999820000;-2.681874990463257
275829.159999999800000;-2.673125028610230
275854.139999999780000;-2.676874876022339
275879.119999999820000;-2.674687385559082
275904.099999999800000;-2.685624837875366
275929.079999999780000;-2.679999828338623
275954.059999999820000;-2.682187557220459
275979.039999999800000;-2.682187557220459
276004.019999999790000;-2.686249971389771
276028.999999999770000;-2.675312519073486
276053.979999999810000;-2.680624961853027
276078.959999999790000;-2.706874847412109
276103.939999999770000;-2.678750038146973
276128.919999999810000;-2.677500009536743
276153.899999999790000;-2.678750038146973
276178.879999999770000;-2.684062480926514
276203.859999999810000;-2.674999952316284
276228.839999999790000;-2.658437490463257
276253.819999999770000;-2.676562547683716
276278.799999999810000;-2.695937395095825
276303.779999999800000;-2.680624961853027
276328.759999999780000;-2.681562423706055
276353.739999999760000;-2.690624952316284
276378.719999999800000;-2.672499895095825
276403.699999999780000;-2.692499876022339
276428.679999999760000;-2.676874876022339
276453.659999999800000;-2.687812328338623
276478.639999999780000;-2.675624847412109
276503.619999999760000;-2.667812347412109
276528.599999999800000;-2.675624847412109
276553.579999999780000;-2.691874980926514
276578.559999999760000;-2.682187557220459
276603.539999999800000;-2.678750038146973
276628.519999999790000;-2.678437471389771
276653.499999999770000;-2.689374923706055
276678.479999999810000;-2.673749923706055
276703.459999999790000;-2.694375038146973
276728.439999999770000;-2.684999942779541
276753.419999999810000;-2.661562442779541
276778.399999999790000;-2.679374933242798
276803.379999999770000;-2.684062480926514
276828.359999999750000;-2.670624971389771
276853.339999999790000;-2.659687519073486
276878.319999999770000;-2.682187557220459
276903.299999999760000;-2.682187557220459
276928.279999999800000;-2.678124904632568
276953.259999999780000;-2.686562538146973
276978.239999999760000;-2.694687366485596
277003.219999999800000;-2.679062366485596
277028.199999999780000;-2.673749923706055
277053.179999999760000;-2.661249876022339
277078.159999999800000;-2.682812452316284
277103.139999999780000;-2.679062366485596
277128.119999999760000;-2.684687376022339
277153.099999999740000;-2.687187433242798
277178.079999999780000;-2.679687500000000
277203.059999999760000;-2.679062366485596
277228.039999999750000;-2.673437356948853
277253.019999999790000;-2.683437347412109
277277.999999999770000;-2.679374933242798
277302.979999999750000;-2.675624847412109
277327.959999999790000;-2.673749923706055
277352.939999999770000;-2.681249856948853
277377.919999999750000;-2.677812337875366
277402.899999999790000;-2.683749914169312
277427.879999999770000;-2.678750038146973
277452.859999999750000;-2.674062490463257
277477.839999999790000;-2.679999828338623
277502.819999999770000;-2.692499876022339
277527.799999999760000;-2.671875000000000
277552.779999999800000;-2.680624961853027
277577.759999999780000;-2.684062480926514
277602.739999999760000;-2.673437356948853
277627.719999999740000;-2.678437471389771
277652.699999999780000;-2.687812328338623
277677.679999999760000;-2.672187328338623
277702.659999999740000;-2.685312509536743
277727.639999999780000;-2.692187547683716
277752.619999999760000;-2.680624961853027
277777.599999999740000;-2.686562538146973
277802.579999999780000;-2.674062490463257
277827.559999999760000;-2.670624971389771
277852.539999999750000;-2.680312395095825
277877.519999999790000;-2.689374923706055
277902.499999999770000;-2.687187433242798
277927.479999999750000;-2.687500000000000
277952.459999999730000;-2.691249847412109
277977.439999999770000;-2.685312509536743
278002.419999999750000;-2.693125009536743
278027.399999999730000;-2.678437471389771
278052.379999999770000;-2.693125009536743
278077.359999999750000;-2.681562423706055
278102.339999999730000;-2.672499895095825
278127.319999999770000;-2.677187442779541
278152.299999999760000;-2.688437461853027
278177.279999999740000;-2.683125019073486
278202.259999999780000;-2.677187442779541
278227.239999999760000;-2.682187557220459
278252.219999999740000;-2.684062480926514
278277.199999999780000;-2.686874866485596
278302.179999999760000;-2.662499904632568
278327.159999999740000;-2.686562538146973
278352.139999999780000;-2.686874866485596
278377.119999999760000;-2.671875000000000
278402.099999999740000;-2.679999828338623
278427.079999999730000;-2.678750038146973
278452.059999999760000;-2.691874980926514
278477.039999999750000;-2.683125019073486
278502.019999999730000;-2.678750038146973
278526.999999999770000;-2.676874876022339
278551.979999999750000;-2.680624961853027
278576.959999999730000;-2.680312395095825
278601.939999999770000;-2.677500009536743
278626.919999999750000;-2.692187547683716
278651.899999999730000;-2.674687385559082
278676.879999999770000;-2.680937528610230
278701.859999999750000;-2.664062500000000
278726.839999999730000;-2.681249856948853
278751.819999999720000;-2.685624837875366
278776.799999999760000;-2.685624837875366
278801.779999999740000;-2.682187557220459
278826.759999999720000;-2.683749914169312
278851.739999999760000;-2.679374933242798
278876.719999999740000;-2.687812328338623
278901.699999999720000;-2.684062480926514
278926.679999999760000;-2.666249990463257
278951.659999999740000;-2.691249847412109
278976.639999999720000;-2.691874980926514
279001.619999999760000;-2.687187433242798
279026.599999999740000;-2.689687490463257
279051.579999999730000;-2.687187433242798
279076.559999999760000;-2.683437347412109
279101.539999999750000;-2.676562547683716
279126.519999999730000;-2.703437328338623
279151.499999999770000;-2.687500000000000
279176.479999999750000;-2.671249866485596
279201.459999999730000;-2.676874876022339
279226.439999999710000;-2.672499895095825
279251.419999999750000;-2.684062480926514
279276.399999999730000;-2.678124904632568
279301.379999999710000;-2.683749914169312
279326.359999999750000;-2.684375047683716
279351.339999999730000;-2.666249990463257
279376.319999999720000;-2.674375057220459
279401.299999999760000;-2.687187433242798
279426.279999999740000;-2.676249980926514
279451.259999999720000;-2.683749914169312
279476.239999999760000;-2.685937404632568
279501.219999999740000;-2.681562423706055
279526.199999999720000;-2.684375047683716
279551.179999999700000;-2.682812452316284
279576.159999999740000;-2.685937404632568
279601.139999999720000;-2.683749914169312
279626.119999999700000;-2.672499895095825
279651.099999999740000;-2.678437471389771
279676.079999999730000;-2.678750038146973
279701.059999999710000;-2.691249847412109
279726.039999999750000;-2.685624837875366
279751.019999999730000;-2.684687376022339
279775.999999999710000;-2.698437452316284
279800.979999999750000;-2.683125019073486
279825.959999999730000;-2.687812328338623
279850.939999999710000;-2.683437347412109
279875.919999999750000;-2.673749923706055
279900.899999999730000;-2.688437461853027
279925.879999999710000;-2.667500019073486
279950.859999999750000;-2.676249980926514
279975.839999999730000;-2.689374923706055
280000.819999999720000;-2.670937538146973
280025.799999999700000;-2.686562538146973
280050.779999999740000;-2.686249971389771
280075.759999999720000;-2.680624961853027
280100.739999999700000;-2.682812452316284
280125.719999999740000;-2.674375057220459
280150.699999999720000;-2.675624847412109
280175.679999999700000;-2.675624847412109
280200.659999999740000;-2.682812452316284
280225.639999999720000;-2.676874876022339
280250.619999999700000;-2.672187328338623
280275.599999999740000;-2.683749914169312
280300.579999999730000;-2.678750038146973
280325.559999999710000;-2.683125019073486
280350.539999999690000;-2.689374923706055
280375.519999999730000;-2.694687366485596
280400.499999999710000;-2.688437461853027
280425.479999999690000;-2.678437471389771
280450.459999999730000;-2.679999828338623
280475.439999999710000;-2.689062356948853
280500.419999999690000;-2.690624952316284
280525.399999999730000;-2.691874980926514
280550.379999999710000;-2.679374933242798
280575.359999999690000;-2.686249971389771
280600.339999999730000;-2.657500028610230
280625.319999999720000;-2.681249856948853
280650.299999999700000;-2.696562528610230
280675.279999999740000;-2.693437337875366
280700.259999999720000;-2.684687376022339
280725.239999999700000;-2.683437347412109
280750.219999999740000;-2.687187433242798
280775.199999999720000;-2.694999933242798
280800.179999999700000;-2.689062356948853
280825.159999999680000;-2.694687366485596
280850.139999999720000;-2.679999828338623
280875.119999999700000;-2.678437471389771
280900.099999999690000;-2.685937404632568
280925.079999999730000;-2.651562452316284
280950.059999999710000;-2.690312385559082
280975.039999999690000;-2.684375047683716
281000.019999999730000;-2.684999942779541
281024.999999999710000;-2.661562442779541
281049.979999999690000;-2.679999828338623
281074.959999999730000;-2.674062490463257
281099.939999999710000;-2.694375038146973
281124.919999999690000;-2.691874980926514
281149.899999999670000;-2.689062356948853
281174.879999999710000;-2.687187433242798
281199.859999999690000;-2.693125009536743
281224.839999999680000;-2.671875000000000
281249.819999999720000;-2.680624961853027
281274.799999999700000;-2.682187557220459
281299.779999999680000;-2.697812557220459
281324.759999999720000;-2.677187442779541
281349.739999999700000;-2.691562414169312
281374.719999999680000;-2.698124885559082
281399.699999999720000;-2.689374923706055
281424.679999999700000;-2.685624837875366
281449.659999999680000;-2.690000057220459
281474.639999999720000;-2.690312385559082
281499.619999999700000;-2.694375038146973
281524.599999999690000;-2.687187433242798
281549.579999999730000;-2.680312395095825
281574.559999999710000;-2.683437347412109
281599.539999999690000;-2.693437337875366
281624.519999999670000;-2.682499885559082
281649.499999999710000;-2.682187557220459
281674.479999999690000;-2.685312509536743
281699.459999999670000;-2.665312528610230
281724.439999999710000;-2.687187433242798
281749.419999999690000;-2.686249971389771
281774.399999999670000;-2.687812328338623
281799.379999999710000;-2.686874866485596
281824.359999999690000;-2.684687376022339
281849.339999999680000;-2.691874980926514
281874.319999999720000;-2.683125019073486
281899.299999999700000;-2.684062480926514
281924.279999999680000;-2.681874990463257
281949.259999999660000;-2.685312509536743
281974.239999999700000;-2.701249837875366
281999.219999999680000;-2.670937538146973
282024.199999999660000;-2.685937404632568
282049.179999999700000;-2.696562528610230
282074.159999999680000;-2.690937519073486
282099.139999999660000;-2.687812328338623
282124.119999999700000;-2.685937404632568
282149.099999999690000;-2.685937404632568
282174.079999999670000;-2.682499885559082
282199.059999999710000;-2.685624837875366
282224.039999999690000;-2.691874980926514
282249.019999999670000;-2.690624952316284
282273.999999999710000;-2.684687376022339
282298.979999999690000;-2.683437347412109
282323.959999999670000;-2.687500000000000
282348.939999999710000;-2.686874866485596
282373.919999999690000;-2.685937404632568
282398.899999999670000;-2.691874980926514
282423.879999999660000;-2.690624952316284
282448.859999999690000;-2.689062356948853
282473.839999999680000;-2.693437337875366
282498.819999999660000;-2.689062356948853
282523.799999999700000;-2.682499885559082
282548.779999999680000;-2.688750028610230
282573.759999999660000;-2.695937395095825
282598.739999999700000;-2.692499876022339
282623.719999999680000;-2.693749904632568
282648.699999999660000;-2.697187423706055
282673.679999999700000;-2.680312395095825
282698.659999999680000;-2.678750038146973
282723.639999999660000;-2.690000057220459
282748.619999999650000;-2.678124904632568
282773.599999999690000;-2.693749904632568
282798.579999999670000;-2.679374933242798
282823.559999999650000;-2.704375028610230
282848.539999999690000;-2.686874866485596
282873.519999999670000;-2.689687490463257
282898.499999999650000;-2.692499876022339
282923.479999999690000;-2.692812442779541
282948.459999999670000;-2.682812452316284
282973.439999999650000;-2.687812328338623
282998.419999999690000;-2.680312395095825
283023.399999999670000;-2.695937395095825
283048.379999999660000;-2.695624828338623
283073.359999999690000;-2.681874990463257
283098.339999999680000;-2.685312509536743
283123.319999999660000;-2.689374923706055
283148.299999999700000;-2.694999933242798
283173.279999999680000;-2.679687500000000
283198.259999999660000;-2.692187547683716
283223.239999999640000;-2.685937404632568
283248.219999999680000;-2.687500000000000
283273.199999999660000;-2.689062356948853
283298.179999999640000;-2.684999942779541
283323.159999999680000;-2.696874856948853
283348.139999999660000;-2.697187423706055
283373.119999999650000;-2.703437328338623
283398.099999999690000;-2.690624952316284
283423.079999999670000;-2.692812442779541
283448.059999999650000;-2.691562414169312
283473.039999999690000;-2.691562414169312
283498.019999999670000;-2.694062471389771
283522.999999999650000;-2.703749895095825
283547.979999999630000;-2.676249980926514
283572.959999999670000;-2.679374933242798
283597.939999999650000;-2.679374933242798
283622.919999999630000;-2.679374933242798
283647.899999999670000;-2.679374933242798
283672.879999999660000;-2.690937519073486
283697.859999999640000;-2.690937519073486
283722.839999999680000;-2.690937519073486
283747.819999999660000;-2.690937519073486
283772.799999999640000;-2.697812557220459
283797.779999999680000;-2.697812557220459
283822.759999999660000;-2.697812557220459
283847.739999999640000;-2.697812557220459
283872.719999999680000;-2.690937519073486
283897.699999999660000;-2.690937519073486
283922.679999999640000;-2.690937519073486
283947.659999999680000;-2.690937519073486
283972.639999999660000;-2.688750028610230
283997.619999999650000;-2.688750028610230
284022.599999999630000;-2.688750028610230
284047.579999999670000;-2.688750028610230
284072.559999999650000;-2.686249971389771
284097.539999999630000;-2.686249971389771
284122.519999999670000;-2.686249971389771
284147.499999999650000;-2.686249971389771
284172.479999999630000;-2.678437471389771
284197.459999999670000;-2.678437471389771
284222.439999999650000;-2.678437471389771
284247.419999999630000;-2.678437471389771
284272.399999999670000;-2.693749904632568
284297.379999999660000;-2.693749904632568
284322.359999999640000;-2.693749904632568
284347.339999999620000;-2.693749904632568
284372.319999999660000;-2.691874980926514
284397.299999999640000;-2.691874980926514
284422.279999999620000;-2.691874980926514
284447.259999999660000;-2.691874980926514
284472.239999999640000;-2.700312376022339
284497.219999999620000;-2.700312376022339
284522.199999999660000;-2.700312376022339
284547.179999999640000;-2.700312376022339
284572.159999999630000;-2.689374923706055
284597.139999999660000;-2.689374923706055
284622.119999999650000;-2.689374923706055
284647.099999999630000;-2.689374923706055
284672.079999999670000;-2.689687490463257
284697.059999999650000;-2.689687490463257
284722.039999999630000;-2.689687490463257
284747.019999999670000;-2.689687490463257
284771.999999999650000;-2.699687480926514
284796.979999999630000;-2.699687480926514
284821.959999999610000;-2.699687480926514
284846.939999999650000;-2.699687480926514
284871.919999999630000;-2.690000057220459
284896.899999999620000;-2.690000057220459
284921.879999999660000;-2.690000057220459
284946.859999999640000;-2.690000057220459
284971.839999999620000;-2.683125019073486
284996.819999999660000;-2.683125019073486
285021.799999999640000;-2.683125019073486
285046.779999999620000;-2.683125019073486
285071.759999999660000;-2.688750028610230
285096.739999999640000;-2.688750028610230
285121.719999999620000;-2.688750028610230
285146.699999999600000;-2.688750028610230
285171.679999999640000;-2.681562423706055
285196.659999999630000;-2.681562423706055
285221.639999999610000;-2.681562423706055
285246.619999999650000;-2.681562423706055
285271.599999999630000;-2.698750019073486
285296.579999999610000;-2.698750019073486
285321.559999999650000;-2.698750019073486
285346.539999999630000;-2.698750019073486
285371.519999999610000;-2.693125009536743
285396.499999999650000;-2.693125009536743
285421.479999999630000;-2.693125009536743
285446.459999999610000;-2.693125009536743
285471.439999999650000;-2.688124895095825
285496.419999999630000;-2.688124895095825
285521.399999999620000;-2.688124895095825
285546.379999999660000;-2.688124895095825
285571.359999999640000;-2.694687366485596
285596.339999999620000;-2.694687366485596
285621.319999999600000;-2.694687366485596
285646.299999999640000;-2.694687366485596
285671.279999999620000;-2.687500000000000
285696.259999999600000;-2.687500000000000
285721.239999999640000;-2.687500000000000
285746.219999999620000;-2.687500000000000
285771.199999999600000;-2.683437347412109
285796.179999999640000;-2.683437347412109
285821.159999999630000;-2.683437347412109
285846.139999999610000;-2.683437347412109
285871.119999999650000;-2.696249961853027
285896.099999999630000;-2.696249961853027
285921.079999999610000;-2.696249961853027
285946.059999999590000;-2.696249961853027
285971.039999999630000;-2.694999933242798
285996.019999999610000;-2.694999933242798
286020.999999999590000;-2.694999933242798
286045.979999999630000;-2.694999933242798
286070.959999999610000;-2.687187433242798
286095.939999999590000;-2.687187433242798
286120.919999999630000;-2.687187433242798
286145.899999999620000;-2.687187433242798
286170.879999999600000;-2.699374914169312
286195.859999999640000;-2.699374914169312
286220.839999999620000;-2.699374914169312
286245.819999999600000;-2.699374914169312
286270.799999999640000;-2.697812557220459
286295.779999999620000;-2.697812557220459
286320.759999999600000;-2.697812557220459
286345.739999999640000;-2.697812557220459
286370.719999999620000;-2.694687366485596
286395.699999999600000;-2.694687366485596
286420.679999999590000;-2.694687366485596
286445.659999999630000;-2.694687366485596
286470.639999999610000;-2.693125009536743
286495.619999999590000;-2.693125009536743
286520.599999999630000;-2.693125009536743
286545.579999999610000;-2.693125009536743
286570.559999999590000;-2.698124885559082
286595.539999999630000;-2.698124885559082
286620.519999999610000;-2.698124885559082
286645.499999999590000;-2.698124885559082
286670.479999999630000;-2.691874980926514
286695.459999999610000;-2.691874980926514
286720.439999999590000;-2.691874980926514
286745.419999999580000;-2.691874980926514
286770.399999999620000;-2.710937500000000
286795.379999999600000;-2.710937500000000
286820.359999999580000;-2.710937500000000
286845.339999999620000;-2.710937500000000
286870.319999999600000;-2.708750009536743
286895.299999999580000;-2.708750009536743
286920.279999999620000;-2.708750009536743
286945.259999999600000;-2.708750009536743
286970.239999999580000;-2.696562528610230
286995.219999999620000;-2.696562528610230
287020.199999999600000;-2.696562528610230
287045.179999999590000;-2.696562528610230
287070.159999999630000;-2.691874980926514
287095.139999999610000;-2.691874980926514
287120.119999999590000;-2.691874980926514
287145.099999999630000;-2.691874980926514
287170.079999999610000;-2.676874876022339
287195.059999999590000;-2.676874876022339
287220.039999999570000;-2.676874876022339
287245.019999999610000;-2.676874876022339
287269.999999999590000;-2.696249961853027
287294.979999999570000;-2.696249961853027
287319.959999999610000;-2.696249961853027
287344.939999999590000;-2.696249961853027
287369.919999999580000;-2.694375038146973
287394.899999999620000;-2.694375038146973
287419.879999999600000;-2.694375038146973
287444.859999999580000;-2.694375038146973
287469.839999999620000;-2.677812337875366
287494.819999999600000;-2.677812337875366
287519.799999999580000;-2.677812337875366
287544.779999999560000;-2.677812337875366
287569.759999999600000;-2.704999923706055
287594.739999999580000;-2.704999923706055
287619.719999999560000;-2.704999923706055
287644.699999999600000;-2.704999923706055
287669.679999999590000;-2.691874980926514
287694.659999999570000;-2.691874980926514
287719.639999999610000;-2.691874980926514
287744.619999999590000;-2.691874980926514
287769.599999999570000;-2.690624952316284
287794.579999999610000;-2.690624952316284
287819.559999999590000;-2.690624952316284
287844.539999999570000;-2.690624952316284
287869.519999999610000;-2.694062471389771
287894.499999999590000;-2.694062471389771
287919.479999999570000;-2.694062471389771
287944.459999999610000;-2.694062471389771
287969.439999999590000;-2.693125009536743
287994.419999999580000;-2.693125009536743
288019.399999999560000;-2.693125009536743
288044.379999999600000;-2.693125009536743
288069.359999999580000;-2.693125009536743
288094.339999999560000;-2.693125009536743
288119.319999999600000;-2.693125009536743
288144.299999999580000;-2.693125009536743
288169.279999999560000;-2.681249856948853
288194.259999999600000;-2.681249856948853
288219.239999999580000;-2.681249856948853
288244.219999999560000;-2.681249856948853
288269.199999999600000;-2.722812414169312
288294.179999999590000;-2.722812414169312
288319.159999999570000;-2.722812414169312
288344.139999999550000;-2.722812414169312
288369.119999999590000;-2.686874866485596
288394.099999999570000;-2.686874866485596
288419.079999999550000;-2.686874866485596
288444.059999999590000;-2.686874866485596
288469.039999999570000;-2.696249961853027
288494.019999999550000;-2.696249961853027
288518.999999999590000;-2.696249961853027
288543.979999999570000;-2.696249961853027
288568.959999999560000;-2.693749904632568
288593.939999999590000;-2.693749904632568
288618.919999999580000;-2.693749904632568
288643.899999999560000;-2.693749904632568
288668.879999999600000;-2.691874980926514
288693.859999999580000;-2.691874980926514
288718.839999999560000;-2.691874980926514
288743.819999999600000;-2.691874980926514
288768.799999999580000;-2.687500000000000
288793.779999999560000;-2.687500000000000
288818.759999999540000;-2.687500000000000
288843.739999999580000;-2.687500000000000
288868.719999999560000;-2.691874980926514
288893.699999999550000;-2.691874980926514
288918.679999999590000;-2.691874980926514
288943.659999999570000;-2.691874980926514
288968.639999999550000;-2.679062366485596
288993.619999999590000;-2.679062366485596
289018.599999999570000;-2.679062366485596
289043.579999999550000;-2.679062366485596
289068.559999999590000;-2.690937519073486
289093.539999999570000;-2.690937519073486
289118.519999999550000;-2.690937519073486
289143.499999999530000;-2.690937519073486
289168.479999999570000;-2.690937519073486
289193.459999999560000;-2.690937519073486
289218.439999999540000;-2.690937519073486
289243.419999999580000;-2.690937519073486
289268.399999999560000;-2.700000047683716
289293.379999999540000;-2.700000047683716
289318.359999999580000;-2.700000047683716
289343.339999999560000;-2.700000047683716
289368.319999999540000;-2.696874856948853
289393.299999999580000;-2.696874856948853
289418.279999999560000;-2.696874856948853
289443.259999999540000;-2.696874856948853
289468.239999999580000;-2.696249961853027
289493.219999999560000;-2.696249961853027
289518.199999999550000;-2.696249961853027
289543.179999999590000;-2.696249961853027
289568.159999999570000;-2.692187547683716
289593.139999999550000;-2.692187547683716
289618.119999999530000;-2.692187547683716
289643.099999999570000;-2.692187547683716
289668.079999999550000;-2.696874856948853
289693.059999999530000;-2.696874856948853
289718.039999999570000;-2.696874856948853
289743.019999999550000;-2.696874856948853
289767.999999999530000;-2.686562538146973
289792.979999999570000;-2.686562538146973
289817.959999999560000;-2.686562538146973
289842.939999999540000;-2.686562538146973
289867.919999999580000;-2.690624952316284
289892.899999999560000;-2.690624952316284
289917.879999999540000;-2.690624952316284
289942.859999999520000;-2.690624952316284
289967.839999999560000;-2.684375047683716
289992.819999999540000;-2.684375047683716
290017.799999999520000;-2.684375047683716
290042.779999999560000;-2.684375047683716
290067.759999999540000;-2.693749904632568
290092.739999999530000;-2.693749904632568
290117.719999999560000;-2.693749904632568
290142.699999999550000;-2.693749904632568
290167.679999999530000;-2.696562528610230
290192.659999999570000;-2.696562528610230
290217.639999999550000;-2.696562528610230
290242.619999999530000;-2.696562528610230
290267.599999999570000;-2.695312500000000
290292.579999999550000;-2.695312500000000
290317.559999999530000;-2.695312500000000
290342.539999999570000;-2.695312500000000
290367.519999999550000;-2.701874971389771
290392.499999999530000;-2.701874971389771
290417.479999999520000;-2.701874971389771
290442.459999999560000;-2.701874971389771
290467.439999999540000;-2.689687490463257
290492.419999999520000;-2.689687490463257
290517.399999999560000;-2.689687490463257
290542.379999999540000;-2.689687490463257
290567.359999999520000;-2.700937509536743
290592.339999999560000;-2.700937509536743
290617.319999999540000;-2.700937509536743
290642.299999999580000;-2.700937509536743
290667.279999999560000;-2.694687366485596
290692.259999999540000;-2.694687366485596
290717.239999999580000;-2.694687366485596
290742.219999999560000;-2.694687366485596
290767.199999999550000;-2.695312500000000
290792.179999999590000;-2.695312500000000
290817.159999999570000;-2.695312500000000
290842.139999999550000;-2.695312500000000
290867.119999999590000;-2.685624837875366
290892.099999999570000;-2.685624837875366
290917.079999999610000;-2.685624837875366
290942.059999999590000;-2.685624837875366
290967.039999999570000;-2.701562404632568
290992.019999999610000;-2.701562404632568
291016.999999999590000;-2.701562404632568
291041.979999999630000;-2.701562404632568
291066.959999999610000;-2.702187538146973
291091.939999999590000;-2.702187538146973
291116.919999999630000;-2.702187538146973
291141.899999999620000;-2.702187538146973
291166.879999999600000;-2.691249847412109
291191.859999999640000;-2.691249847412109
291216.839999999620000;-2.691249847412109
291241.819999999600000;-2.691249847412109
291266.799999999640000;-2.703749895095825
291291.779999999620000;-2.703749895095825
291316.759999999660000;-2.703749895095825
291341.739999999640000;-2.703749895095825
291366.719999999620000;-2.694999933242798
291391.699999999660000;-2.694999933242798
291416.679999999640000;-2.694999933242798
291441.659999999680000;-2.694999933242798
291466.639999999660000;-2.698750019073486
291491.619999999650000;-2.698750019073486
291516.599999999690000;-2.698750019073486
291541.579999999670000;-2.698750019073486
291566.559999999650000;-2.692499876022339
291591.539999999690000;-2.692499876022339
291616.519999999670000;-2.692499876022339
291641.499999999650000;-2.692499876022339
291666.479999999690000;-2.698437452316284
291691.459999999670000;-2.698437452316284
291716.439999999710000;-2.698437452316284
291741.419999999690000;-2.698437452316284
291766.399999999670000;-2.686562538146973
291791.379999999710000;-2.686562538146973
291816.359999999690000;-2.686562538146973
291841.339999999730000;-2.686562538146973
291866.319999999720000;-2.692187547683716
291891.299999999700000;-2.692187547683716
291916.279999999740000;-2.692187547683716
291941.259999999720000;-2.692187547683716
291966.239999999700000;-2.699062347412109
291991.219999999740000;-2.699062347412109
292016.199999999720000;-2.699062347412109
292041.179999999700000;-2.699062347412109
292066.159999999740000;-2.714375019073486
292091.139999999720000;-2.714375019073486
292116.119999999760000;-2.714375019073486
292141.099999999740000;-2.714375019073486
292166.079999999730000;-2.704062461853027
292191.059999999760000;-2.704062461853027
292216.039999999750000;-2.704062461853027
292241.019999999790000;-2.704062461853027
292265.999999999770000;-2.691249847412109
292290.979999999750000;-2.691249847412109
292315.959999999790000;-2.691249847412109
292340.939999999770000;-2.691249847412109
292365.919999999750000;-2.698750019073486
292390.899999999790000;-2.698750019073486
292415.879999999770000;-2.698750019073486
292440.859999999750000;-2.698750019073486
292465.839999999790000;-2.697187423706055
292490.819999999770000;-2.697187423706055
292515.799999999810000;-2.697187423706055
292540.779999999800000;-2.697187423706055
292565.759999999780000;-2.700937509536743
292590.739999999820000;-2.700937509536743
292615.719999999800000;-2.700937509536743
292640.699999999840000;-2.700937509536743
292665.679999999820000;-2.689062356948853
292690.659999999800000;-2.689062356948853
292715.639999999840000;-2.689062356948853
292740.619999999820000;-2.689062356948853
292765.599999999800000;-2.687187433242798
292790.579999999840000;-2.687187433242798
292815.559999999820000;-2.687187433242798
292840.539999999800000;-2.687187433242798
292865.519999999840000;-2.684375047683716
292890.499999999830000;-2.684375047683716
292915.479999999860000;-2.684375047683716
292940.459999999850000;-2.684375047683716
292965.439999999830000;-2.706874847412109
292990.419999999870000;-2.706874847412109
293015.399999999850000;-2.706874847412109
293040.379999999890000;-2.706874847412109
293065.359999999870000;-2.722812414169312
293090.339999999850000;-2.722812414169312
293115.319999999890000;-2.722812414169312
293140.299999999870000;-2.722812414169312
293165.279999999850000;-2.695624828338623
293190.259999999890000;-2.695624828338623
293215.239999999870000;-2.695624828338623
293240.219999999860000;-2.695624828338623
293265.199999999900000;-2.694999933242798
293290.179999999880000;-2.694999933242798
293315.159999999920000;-2.694999933242798
293340.139999999900000;-2.694999933242798
293365.119999999880000;-2.689374923706055
293390.099999999920000;-2.689374923706055
293415.079999999900000;-2.689374923706055
293440.059999999940000;-2.689374923706055
293465.039999999920000;-2.687187433242798
293490.019999999900000;-2.687187433242798
293514.999999999940000;-2.687187433242798
293539.979999999920000;-2.687187433242798
293564.959999999900000;-2.696562528610230
293589.939999999940000;-2.696562528610230
293614.919999999930000;-2.696562528610230
293639.899999999910000;-2.696562528610230
293664.879999999950000;-2.696562528610230
293689.859999999930000;-2.696562528610230
293714.839999999970000;-2.696562528610230
293739.819999999950000;-2.696562528610230
293764.799999999930000;-2.698437452316284
293789.779999999970000;-2.698437452316284
293814.759999999950000;-2.698437452316284
293839.739999999990000;-2.698437452316284
293864.719999999970000;-2.694375038146973
293889.699999999950000;-2.694375038146973
293914.679999999990000;-2.694375038146973
293939.659999999970000;-2.694375038146973
293964.639999999960000;-2.690624952316284
293989.620000000000000;-2.690624952316284
294014.599999999980000;-2.690624952316284
294039.579999999960000;-2.690624952316284
294064.560000000000000;-2.710937500000000
294089.539999999980000;-2.710937500000000
294114.520000000020000;-2.710937500000000
294139.500000000000000;-2.710937500000000
294164.479999999980000;-2.689374923706055
294189.460000000020000;-2.689374923706055
294214.440000000000000;-2.689374923706055
294239.420000000040000;-2.689374923706055
294264.400000000020000;-2.704999923706055
294289.380000000000000;-2.704999923706055
294314.360000000040000;-2.704999923706055
294339.340000000030000;-2.704999923706055
294364.320000000010000;-2.692499876022339
294389.300000000050000;-2.692499876022339
294414.280000000030000;-2.692499876022339
294439.260000000010000;-2.692499876022339
294464.240000000050000;-2.674375057220459
294489.220000000030000;-2.674375057220459
294514.200000000070000;-2.674375057220459
294539.180000000050000;-2.674375057220459
294564.160000000030000;-2.691874980926514
294589.140000000070000;-2.691874980926514
294614.120000000050000;-2.691874980926514
294639.100000000090000;-2.691874980926514
294664.080000000070000;-2.701249837875366
294689.060000000060000;-2.701249837875366
294714.040000000100000;-2.701249837875366
294739.020000000080000;-2.701249837875366
294764.000000000060000;-2.696562528610230
294788.980000000100000;-2.696562528610230
294813.960000000080000;-2.696562528610230
294838.940000000060000;-2.696562528610230
294863.920000000100000;-2.696562528610230
294888.900000000080000;-2.696562528610230
294913.880000000120000;-2.696562528610230
294938.860000000100000;-2.696562528610230
294963.840000000080000;-2.694687366485596
294988.820000000120000;-2.694687366485596
295013.800000000100000;-2.694687366485596
295038.780000000140000;-2.694687366485596
295063.760000000130000;-2.700000047683716
295088.740000000110000;-2.700000047683716
295113.720000000150000;-2.700000047683716
295138.700000000130000;-2.700000047683716
295163.680000000110000;-2.715625047683716
295188.660000000150000;-2.715625047683716
295213.640000000130000;-2.715625047683716
295238.620000000110000;-2.715625047683716
295263.600000000150000;-2.704062461853027
295288.580000000130000;-2.704062461853027
295313.560000000170000;-2.704062461853027
295338.540000000150000;-2.704062461853027
295363.520000000140000;-2.702187538146973
295388.500000000170000;-2.702187538146973
295413.480000000160000;-2.702187538146973
295438.460000000200000;-2.702187538146973
295463.440000000180000;-2.701874971389771
295488.420000000160000;-2.701874971389771
295513.400000000200000;-2.701874971389771
295538.380000000180000;-2.701874971389771
295563.360000000160000;-2.694999933242798
295588.340000000200000;-2.694999933242798
295613.320000000180000;-2.694999933242798
295638.300000000160000;-2.694999933242798
295663.280000000200000;-2.696874856948853
295688.260000000180000;-2.696874856948853
295713.240000000220000;-2.696874856948853
295738.220000000200000;-2.696874856948853
295763.200000000190000;-2.701874971389771
295788.180000000230000;-2.701874971389771
295813.160000000210000;-2.701874971389771
295838.140000000250000;-2.701874971389771
295863.120000000230000;-2.694999933242798
295888.100000000210000;-2.694999933242798
295913.080000000250000;-2.694999933242798
295938.060000000230000;-2.694999933242798
295963.040000000210000;-2.684062480926514
295988.020000000250000;-2.684062480926514
296013.000000000230000;-2.684062480926514
296037.980000000210000;-2.684062480926514
296062.960000000250000;-2.689374923706055
296087.940000000240000;-2.689374923706055
296112.920000000270000;-2.689374923706055
296137.900000000260000;-2.689374923706055
296162.880000000240000;-2.714062452316284
296187.860000000280000;-2.714062452316284
296212.840000000260000;-2.714062452316284
296237.820000000300000;-2.714062452316284
296262.800000000280000;-2.695937395095825
296287.780000000260000;-2.695937395095825
296312.760000000300000;-2.695937395095825
296337.740000000280000;-2.695937395095825
296362.720000000260000;-2.690937519073486
296387.700000000300000;-2.690937519073486
296412.680000000280000;-2.690937519073486
296437.660000000270000;-2.690937519073486
296462.640000000310000;-2.690624952316284
296487.620000000290000;-2.690624952316284
296512.600000000330000;-2.690624952316284
296537.580000000310000;-2.690624952316284
296562.560000000290000;-2.695312500000000
296587.540000000330000;-2.695312500000000
296612.520000000310000;-2.695312500000000
296637.500000000350000;-2.695312500000000
296662.480000000330000;-2.690624952316284
296687.460000000310000;-2.690624952316284
296712.440000000350000;-2.690624952316284
296737.420000000330000;-2.690624952316284
296762.400000000310000;-2.690624952316284
296787.380000000350000;-2.690624952316284
296812.360000000340000;-2.690624952316284
296837.340000000320000;-2.690624952316284
296862.320000000360000;-2.697187423706055
296887.300000000340000;-2.697187423706055
296912.280000000380000;-2.697187423706055
296937.260000000360000;-2.697187423706055
296962.240000000340000;-2.699374914169312
296987.220000000380000;-2.699374914169312
297012.200000000360000;-2.699374914169312
297037.180000000400000;-2.699374914169312
297062.160000000380000;-2.697499990463257
297087.140000000360000;-2.697499990463257
297112.120000000400000;-2.697499990463257
297137.100000000380000;-2.697499990463257
297162.080000000370000;-2.696874856948853
297187.060000000410000;-2.696874856948853
297212.040000000390000;-2.696874856948853
297237.020000000370000;-2.696874856948853
297262.000000000410000;-2.698750019073486
297286.980000000390000;-2.698750019073486
297311.960000000430000;-2.698750019073486
297336.940000000410000;-2.698750019073486
297361.920000000390000;-2.687500000000000
297386.900000000430000;-2.687500000000000
297411.880000000410000;-2.687500000000000
297436.860000000450000;-2.687500000000000
297461.840000000430000;-2.708437442779541
297486.820000000410000;-2.708437442779541
297511.800000000450000;-2.708437442779541
297536.780000000440000;-2.708437442779541
297561.760000000420000;-2.707187414169312
297586.740000000460000;-2.707187414169312
297611.720000000440000;-2.707187414169312
297636.700000000420000;-2.707187414169312
297661.680000000460000;-2.703749895095825
297686.660000000440000;-2.703749895095825
297711.640000000480000;-2.703749895095825
297736.620000000460000;-2.703749895095825
297761.600000000440000;-2.714999914169312
297786.580000000480000;-2.714999914169312
297811.560000000460000;-2.714999914169312
297836.540000000500000;-2.714999914169312
297861.520000000480000;-2.703437328338623
297886.500000000470000;-2.703437328338623
297911.480000000510000;-2.703437328338623
297936.460000000490000;-2.703437328338623
297961.440000000470000;-2.702812433242798
297986.420000000510000;-2.702812433242798
298011.400000000490000;-2.702812433242798
298036.380000000470000;-2.702812433242798
298061.360000000510000;-2.705625057220459
298086.340000000490000;-2.705625057220459
298111.320000000530000;-2.705625057220459
298136.300000000510000;-2.705625057220459
298161.280000000490000;-2.708124876022339
298186.260000000530000;-2.708124876022339
298211.240000000510000;-2.708124876022339
298236.220000000550000;-2.708124876022339
298261.200000000540000;-2.696562528610230
298286.180000000520000;-2.696562528610230
298311.160000000560000;-2.696562528610230
298336.140000000540000;-2.696562528610230
298361.120000000520000;-2.704062461853027
298386.100000000560000;-2.704062461853027
298411.080000000540000;-2.704062461853027
298436.060000000520000;-2.704062461853027
298461.040000000560000;-2.710312366485596
298486.020000000540000;-2.710312366485596
298511.000000000580000;-2.710312366485596
298535.980000000560000;-2.710312366485596
298560.960000000540000;-2.699374914169312
298585.940000000580000;-2.699374914169312
298610.920000000570000;-2.699374914169312
298635.900000000610000;-2.699374914169312
298660.880000000590000;-2.696249961853027
298685.860000000570000;-2.696249961853027
298710.840000000610000;-2.696249961853027
298735.820000000590000;-2.696249961853027
298760.800000000570000;-2.699374914169312
298785.780000000610000;-2.699374914169312
298810.760000000590000;-2.699374914169312
298835.740000000570000;-2.699374914169312
298860.720000000610000;-2.713124990463257
298885.700000000590000;-2.713124990463257
298910.680000000630000;-2.713124990463257
298935.660000000610000;-2.713124990463257
298960.640000000600000;-2.704375028610230
298985.620000000640000;-2.704375028610230
299010.600000000620000;-2.704375028610230
299035.580000000660000;-2.704375028610230
299060.560000000640000;-2.703749895095825
299085.540000000620000;-2.703749895095825
299110.520000000660000;-2.703749895095825
299135.500000000640000;-2.703749895095825
299160.480000000620000;-2.697187423706055
299185.460000000660000;-2.697187423706055
299210.440000000640000;-2.697187423706055
299235.420000000620000;-2.697187423706055
299260.400000000660000;-2.708124876022339
299285.380000000640000;-2.708124876022339
299310.360000000680000;-2.708124876022339
299335.340000000670000;-2.708124876022339
299360.320000000650000;-2.704999923706055
299385.300000000690000;-2.704999923706055
299410.280000000670000;-2.704999923706055
299435.260000000710000;-2.704999923706055
299460.240000000690000;-2.682499885559082
299485.220000000670000;-2.682499885559082
299510.200000000710000;-2.682499885559082
299535.180000000690000;-2.682499885559082
299560.160000000670000;-2.705312490463257
299585.140000000710000;-2.705312490463257
299610.120000000690000;-2.705312490463257
299635.100000000680000;-2.705312490463257
299660.080000000710000;-2.700000047683716
299685.060000000700000;-2.700000047683716
299710.040000000740000;-2.700000047683716
299735.020000000720000;-2.700000047683716
299760.000000000700000;-2.707187414169312
299784.980000000740000;-2.707187414169312
299809.960000000720000;-2.707187414169312
299834.940000000760000;-2.707187414169312
299859.920000000740000;-2.702812433242798
299884.900000000720000;-2.702812433242798
299909.880000000760000;-2.702812433242798
299934.860000000740000;-2.702812433242798
299959.840000000720000;-2.705625057220459
299984.820000000760000;-2.705625057220459
300009.800000000750000;-2.705625057220459
300034.780000000730000;-2.705625057220459
300059.760000000770000;-2.703125000000000
300084.740000000750000;-2.703125000000000
300109.720000000790000;-2.703125000000000
300134.700000000770000;-2.703125000000000
300159.680000000750000;-2.710312366485596
300184.660000000790000;-2.710312366485596
300209.640000000770000;-2.710312366485596
300234.620000000810000;-2.710312366485596
300259.600000000790000;-2.703125000000000
300284.580000000770000;-2.703125000000000
300309.560000000810000;-2.703125000000000
300334.540000000790000;-2.703125000000000
300359.520000000780000;-2.698750019073486
300384.500000000810000;-2.698750019073486
300409.480000000800000;-2.698750019073486
300434.460000000780000;-2.698750019073486
300459.440000000820000;-2.702812433242798
300484.420000000800000;-2.702812433242798
300509.400000000840000;-2.702812433242798
300534.380000000820000;-2.702812433242798
300559.360000000800000;-2.707187414169312
300584.340000000840000;-2.707187414169312
300609.320000000820000;-2.707187414169312
300634.300000000860000;-2.707187414169312
300659.280000000840000;-2.707187414169312
300684.260000000820000;-2.707187414169312
300709.240000000860000;-2.707187414169312
300734.220000000850000;-2.707187414169312
300759.200000000830000;-2.703437328338623
300784.180000000870000;-2.703437328338623
300809.160000000850000;-2.703437328338623
300834.140000000830000;-2.703437328338623
300859.120000000870000;-2.712812423706055
300884.100000000850000;-2.712812423706055
300909.080000000890000;-2.712812423706055
300934.060000000870000;-2.712812423706055
300959.040000000850000;-2.696249961853027
300984.020000000890000;-2.696249961853027
301009.000000000870000;-2.696249961853027
301033.980000000910000;-2.696249961853027
301058.960000000890000;-2.702499866485596
301083.940000000880000;-2.702499866485596
301108.920000000920000;-2.702499866485596
301133.900000000900000;-2.702499866485596
301158.880000000880000;-2.694062471389771
301183.860000000920000;-2.694062471389771
301208.840000000900000;-2.694062471389771
301233.820000000880000;-2.694062471389771
301258.800000000920000;-2.710624933242798
301283.780000000900000;-2.710624933242798
301308.760000000940000;-2.710624933242798
301333.740000000920000;-2.710624933242798
301358.720000000900000;-2.708124876022339
301383.700000000940000;-2.708124876022339
301408.680000000920000;-2.708124876022339
301433.660000000960000;-2.708124876022339
301458.640000000950000;-2.708437442779541
301483.620000000930000;-2.708437442779541
301508.600000000970000;-2.708437442779541
301533.580000000950000;-2.708437442779541
301558.560000000930000;-2.701562404632568
301583.540000000970000;-2.701562404632568
301608.520000000950000;-2.701562404632568
301633.500000000930000;-2.701562404632568
301658.480000000970000;-2.705312490463257
301683.460000000950000;-2.705312490463257
301708.440000000990000;-2.705312490463257
301733.420000000970000;-2.705312490463257
301758.400000000950000;-2.697187423706055
301783.380000000990000;-2.697187423706055
301808.360000000980000;-2.697187423706055
301833.340000001020000;-2.697187423706055
301858.320000001000000;-2.702812433242798
301883.300000000980000;-2.702812433242798
301908.280000001020000;-2.702812433242798
301933.260000001000000;-2.702812433242798
301958.240000000980000;-2.697187423706055
301983.220000001020000;-2.697187423706055
302008.200000001000000;-2.697187423706055
302033.180000000980000;-2.697187423706055
302058.160000001020000;-2.704999923706055
302083.140000001000000;-2.704999923706055
302108.120000001040000;-2.704999923706055
302133.100000001020000;-2.704999923706055
302158.080000001010000;-2.701562404632568
302183.060000001050000;-2.701562404632568
302208.040000001030000;-2.701562404632568
302233.020000001070000;-2.701562404632568
302258.000000001050000;-2.697187423706055
302282.980000001030000;-2.697187423706055
302307.960000001070000;-2.697187423706055
302332.940000001050000;-2.697187423706055
302357.920000001030000;-2.712187528610230
302382.900000001070000;-2.712187528610230
302407.880000001050000;-2.712187528610230
302432.860000001030000;-2.712187528610230
302457.840000001070000;-2.706562519073486
302482.820000001050000;-2.706562519073486
302507.800000001090000;-2.706562519073486
302532.780000001080000;-2.706562519073486
302557.760000001060000;-2.706874847412109
302582.740000001100000;-2.706874847412109
302607.720000001080000;-2.706874847412109
302632.700000001120000;-2.706874847412109
302657.680000001100000;-2.698124885559082
302682.660000001080000;-2.698124885559082
302707.640000001120000;-2.698124885559082
302732.620000001100000;-2.698124885559082
302757.600000001080000;-2.702812433242798
302782.580000001120000;-2.702812433242798
302807.560000001100000;-2.702812433242798
302832.540000001080000;-2.702812433242798
302857.520000001120000;-2.701562404632568
302882.500000001110000;-2.701562404632568
302907.480000001150000;-2.701562404632568
302932.460000001130000;-2.701562404632568
302957.440000001110000;-2.699062347412109
302982.420000001150000;-2.699062347412109
303007.400000001130000;-2.699062347412109
303032.380000001170000;-2.699062347412109
303057.360000001150000;-2.705937385559082
303082.340000001130000;-2.705937385559082
303107.320000001170000;-2.705937385559082
303132.300000001150000;-2.705937385559082
303157.280000001130000;-2.703125000000000
303182.260000001170000;-2.703125000000000
303207.240000001150000;-2.703125000000000
303232.220000001140000;-2.703125000000000
303257.200000001180000;-2.702187538146973
303282.180000001160000;-2.702187538146973
303307.160000001200000;-2.702187538146973
303332.140000001180000;-2.702187538146973
303357.120000001160000;-2.704687356948853
303382.100000001200000;-2.704687356948853
303407.080000001180000;-2.704687356948853
303432.060000001220000;-2.704687356948853
303457.040000001200000;-2.702187538146973
303482.020000001180000;-2.702187538146973
303507.000000001220000;-2.702187538146973
303531.980000001200000;-2.702187538146973
303556.960000001190000;-2.705312490463257
303581.940000001220000;-2.705312490463257
303606.920000001210000;-2.705312490463257
303631.900000001190000;-2.705312490463257
303656.880000001230000;-2.714999914169312
303681.860000001210000;-2.714999914169312
303706.840000001250000;-2.714999914169312
303731.820000001230000;-2.714999914169312
303756.800000001210000;-2.707499980926514
303781.780000001250000;-2.707499980926514
303806.760000001230000;-2.707499980926514
303831.740000001270000;-2.707499980926514
303856.720000001250000;-2.709062337875366
303881.700000001230000;-2.709062337875366
303906.680000001270000;-2.709062337875366
303931.660000001250000;-2.709062337875366
303956.640000001240000;-2.709062337875366
303981.620000001280000;-2.709062337875366
304006.600000001260000;-2.709062337875366
304031.580000001240000;-2.709062337875366
304056.560000001280000;-2.702812433242798
304081.540000001260000;-2.702812433242798
304106.520000001300000;-2.702812433242798
304131.500000001280000;-2.702812433242798
304156.480000001260000;-2.709687471389771
304181.460000001300000;-2.709687471389771
304206.440000001280000;-2.709687471389771
304231.420000001320000;-2.709687471389771
304256.400000001300000;-2.700937509536743
304281.380000001290000;-2.700937509536743
304306.360000001320000;-2.700937509536743
304331.340000001310000;-2.700937509536743
304356.320000001290000;-2.710624933242798
304381.300000001330000;-2.710624933242798
304406.280000001310000;-2.710624933242798
304431.260000001290000;-2.710624933242798
304456.240000001330000;-2.706562519073486
304481.220000001310000;-2.706562519073486
304506.200000001350000;-2.706562519073486
304531.180000001330000;-2.706562519073486
304556.160000001310000;-2.711874961853027
304581.140000001350000;-2.711874961853027
304606.120000001330000;-2.711874961853027
304631.100000001370000;-2.711874961853027
304656.080000001360000;-2.704687356948853
304681.060000001340000;-2.704687356948853
304706.040000001380000;-2.704687356948853
304731.020000001360000;-2.704687356948853
304756.000000001340000;-2.696249961853027
304780.980000001380000;-2.696249961853027
304805.960000001360000;-2.696249961853027
304830.940000001340000;-2.696249961853027
304855.920000001380000;-2.706249952316284
304880.900000001360000;-2.706249952316284
304905.880000001400000;-2.706249952316284
304930.860000001380000;-2.706249952316284
304955.840000001360000;-2.704062461853027
304980.820000001400000;-2.704062461853027
305005.800000001390000;-2.704062461853027
305030.780000001420000;-2.704062461853027
305055.760000001410000;-2.708437442779541
305080.740000001390000;-2.708437442779541
305105.720000001430000;-2.708437442779541
305130.700000001410000;-2.708437442779541
305155.680000001390000;-2.702499866485596
305180.660000001430000;-2.702499866485596
305205.640000001410000;-2.702499866485596
305230.620000001390000;-2.702499866485596
305255.600000001430000;-2.708124876022339
305280.580000001410000;-2.708124876022339
305305.560000001450000;-2.708124876022339
305330.540000001430000;-2.708124876022339
305355.520000001420000;-2.713749885559082
305380.500000001460000;-2.713749885559082
305405.480000001440000;-2.713749885559082
305430.460000001480000;-2.713749885559082
305455.440000001460000;-2.700937509536743
305480.420000001440000;-2.700937509536743
305505.400000001480000;-2.700937509536743
305530.380000001460000;-2.700937509536743
305555.360000001440000;-2.708437442779541
305580.340000001480000;-2.708437442779541
305605.320000001460000;-2.708437442779541
305630.300000001440000;-2.708437442779541
305655.280000001480000;-2.706249952316284
305680.260000001460000;-2.706249952316284
305705.240000001500000;-2.706249952316284
305730.220000001490000;-2.706249952316284
305755.200000001470000;-2.703125000000000
305780.180000001510000;-2.703125000000000
305805.160000001490000;-2.703125000000000
305830.140000001530000;-2.703125000000000
305855.120000001510000;-2.694687366485596
305880.100000001490000;-2.694687366485596
305905.080000001530000;-2.694687366485596
305930.060000001510000;-2.694687366485596
305955.040000001490000;-2.709062337875366
305980.020000001530000;-2.709062337875366
306005.000000001510000;-2.709062337875366
306029.980000001490000;-2.709062337875366
306054.960000001530000;-2.713437557220459
306079.940000001520000;-2.713437557220459
306104.920000001560000;-2.713437557220459
306129.900000001540000;-2.713437557220459
306154.880000001520000;-2.694375038146973
306179.860000001560000;-2.694375038146973
306204.840000001540000;-2.694375038146973
306229.820000001580000;-2.694375038146973
306254.800000001560000;-2.708437442779541
306279.780000001540000;-2.708437442779541
306304.760000001580000;-2.708437442779541
306329.740000001560000;-2.708437442779541
306354.720000001540000;-2.709374904632568
306379.700000001580000;-2.709374904632568
306404.680000001560000;-2.709374904632568
306429.660000001550000;-2.709374904632568
306454.640000001590000;-2.701562404632568
306479.620000001570000;-2.701562404632568
306504.600000001610000;-2.701562404632568
306529.580000001590000;-2.701562404632568
306554.560000001570000;-2.718124866485596
306579.540000001610000;-2.718124866485596
306604.520000001590000;-2.718124866485596
306629.500000001630000;-2.718124866485596
306654.480000001610000;-2.735625028610230
306679.460000001590000;-2.735625028610230
306704.440000001630000;-2.735625028610230
306729.420000001610000;-2.735625028610230
306754.400000001590000;-2.698750019073486
306779.380000001630000;-2.698750019073486
306804.360000001620000;-2.698750019073486
306829.340000001600000;-2.698750019073486
306854.320000001640000;-2.703749895095825
306879.300000001620000;-2.703749895095825
306904.280000001660000;-2.703749895095825
306929.260000001640000;-2.703749895095825
306954.240000001620000;-2.708437442779541
306979.220000001660000;-2.708437442779541
307004.200000001640000;-2.708437442779541
307029.180000001680000;-2.708437442779541
307054.160000001660000;-2.715937376022339
307079.140000001640000;-2.715937376022339
307104.120000001680000;-2.715937376022339
307129.100000001660000;-2.715937376022339
307154.080000001650000;-2.704687356948853
307179.060000001690000;-2.704687356948853
307204.040000001670000;-2.704687356948853
307229.020000001650000;-2.704687356948853
307254.000000001690000;-2.702812433242798
307278.980000001670000;-2.702812433242798
307303.960000001710000;-2.702812433242798
307328.940000001690000;-2.702812433242798
307353.920000001670000;-2.709687471389771
307378.900000001710000;-2.709687471389771
307403.880000001690000;-2.709687471389771
307428.860000001730000;-2.709687471389771
307453.840000001710000;-2.710312366485596
307478.820000001700000;-2.710312366485596
307503.800000001730000;-2.710312366485596
307528.780000001720000;-2.710312366485596
307553.760000001700000;-2.698750019073486
307578.740000001740000;-2.698750019073486
307603.720000001720000;-2.698750019073486
307628.700000001700000;-2.698750019073486
307653.680000001740000;-2.711562395095825
307678.660000001720000;-2.711562395095825
307703.640000001760000;-2.711562395095825
307728.620000001740000;-2.711562395095825
307753.600000001720000;-2.712499856948853
307778.580000001760000;-2.712499856948853
307803.560000001740000;-2.712499856948853
307828.540000001780000;-2.712499856948853
307853.520000001760000;-2.710312366485596
307878.500000001750000;-2.710312366485596
307903.480000001790000;-2.710312366485596
307928.460000001770000;-2.710312366485596
307953.440000001750000;-2.700312376022339
307978.420000001790000;-2.700312376022339
308003.400000001770000;-2.700312376022339
308028.380000001750000;-2.700312376022339
308053.360000001790000;-2.704687356948853
308078.340000001770000;-2.704687356948853
308103.320000001810000;-2.704687356948853
308128.300000001790000;-2.704687356948853
308153.280000001770000;-2.711874961853027
308178.260000001810000;-2.711874961853027
308203.240000001800000;-2.711874961853027
308228.220000001830000;-2.711874961853027
308253.200000001820000;-2.712187528610230
308278.180000001800000;-2.712187528610230
308303.160000001840000;-2.712187528610230
308328.140000001820000;-2.712187528610230
308353.120000001800000;-2.706562519073486
308378.100000001840000;-2.706562519073486
308403.080000001820000;-2.706562519073486
308428.060000001800000;-2.706562519073486
308453.040000001840000;-2.709062337875366
308478.020000001820000;-2.709062337875366
308503.000000001860000;-2.709062337875366
308527.980000001840000;-2.709062337875366
308552.960000001830000;-2.705937385559082
308577.940000001860000;-2.705937385559082
308602.920000001850000;-2.705937385559082
308627.900000001890000;-2.705937385559082
308652.880000001870000;-2.689062356948853
308677.860000001850000;-2.689062356948853
308702.840000001890000;-2.689062356948853
308727.820000001870000;-2.689062356948853
308752.800000001850000;-2.704062461853027
308777.780000001890000;-2.704062461853027
308802.760000001870000;-2.704062461853027
308827.740000001850000;-2.704062461853027
308852.720000001890000;-2.711562395095825
308877.700000001870000;-2.711562395095825
308902.680000001910000;-2.711562395095825
308927.660000001900000;-2.711562395095825
308952.640000001880000;-2.702499866485596
308977.620000001920000;-2.702499866485596
309002.600000001900000;-2.702499866485596
309027.580000001940000;-2.702499866485596
309052.560000001920000;-2.710937500000000
309077.540000001900000;-2.710937500000000
309102.520000001940000;-2.710937500000000
309127.500000001920000;-2.710937500000000
309152.480000001900000;-2.711249828338623
309177.460000001940000;-2.711249828338623
309202.440000001920000;-2.711249828338623
309227.420000001900000;-2.711249828338623
309252.400000001940000;-2.714687347412109
309277.380000001930000;-2.714687347412109
309302.360000001970000;-2.714687347412109
309327.340000001950000;-2.714687347412109
309352.320000001930000;-2.702812433242798
309377.300000001970000;-2.702812433242798
309402.280000001950000;-2.702812433242798
309427.260000001990000;-2.702812433242798
309452.240000001970000;-2.700937509536743
309477.220000001950000;-2.700937509536743
309502.200000001990000;-2.700937509536743
309527.180000001970000;-2.700937509536743
309552.160000001950000;-2.708124876022339
309577.140000001990000;-2.708124876022339
309602.120000001970000;-2.708124876022339
309627.100000001960000;-2.708124876022339
309652.080000002000000;-2.709062337875366
309677.060000001980000;-2.709062337875366
309702.040000002020000;-2.709062337875366
309727.020000002000000;-2.709062337875366
309752.000000001980000;-2.706562519073486
309776.980000002020000;-2.706562519073486
309801.960000002000000;-2.706562519073486
309826.940000002040000;-2.706562519073486
309851.920000002020000;-2.716874837875366
309876.900000002000000;-2.716874837875366
309901.880000002040000;-2.716874837875366
309926.860000002020000;-2.716874837875366
309951.840000002000000;-2.706249952316284
309976.820000002040000;-2.706249952316284
310001.800000002030000;-2.706249952316284
310026.780000002010000;-2.706249952316284
310051.760000002050000;-2.716249942779541
310076.740000002030000;-2.716249942779541
310101.720000002070000;-2.716249942779541
310126.700000002050000;-2.716249942779541
310151.680000002030000;-2.701874971389771
310176.660000002070000;-2.701874971389771
310201.640000002050000;-2.701874971389771
310226.620000002090000;-2.701874971389771
310251.600000002070000;-2.703749895095825
310276.580000002050000;-2.703749895095825
310301.560000002090000;-2.703749895095825
310326.540000002070000;-2.703749895095825
310351.520000002060000;-2.712187528610230
310376.500000002100000;-2.712187528610230
310401.480000002080000;-2.712187528610230
310426.460000002060000;-2.712187528610230
310451.440000002100000;-2.705625057220459
310476.420000002080000;-2.705625057220459
310501.400000002120000;-2.705625057220459
310526.380000002100000;-2.705625057220459
310551.360000002080000;-2.704062461853027
310576.340000002120000;-2.704062461853027
310601.320000002100000;-2.704062461853027
310626.300000002140000;-2.704062461853027
310651.280000002120000;-2.714062452316284
310676.260000002100000;-2.714062452316284
310701.240000002140000;-2.714062452316284
310726.220000002130000;-2.714062452316284
310751.200000002110000;-2.703437328338623
310776.180000002150000;-2.703437328338623
310801.160000002130000;-2.703437328338623
310826.140000002110000;-2.703437328338623
310851.120000002150000;-2.714375019073486
310876.100000002130000;-2.714375019073486
310901.080000002170000;-2.714375019073486
310926.060000002150000;-2.714375019073486
310951.040000002130000;-2.708124876022339
310976.020000002170000;-2.708124876022339
311001.000000002150000;-2.708124876022339
311025.980000002190000;-2.708124876022339
311050.960000002170000;-2.713124990463257
311075.940000002160000;-2.713124990463257
311100.920000002200000;-2.713124990463257
311125.900000002180000;-2.713124990463257
311150.880000002160000;-2.708124876022339
311175.860000002200000;-2.708124876022339
311200.840000002180000;-2.708124876022339
311225.820000002160000;-2.708124876022339
311250.800000002200000;-2.709687471389771
311275.780000002180000;-2.709687471389771
311300.760000002220000;-2.709687471389771
311325.740000002200000;-2.709687471389771
311350.720000002180000;-2.702499866485596
311375.700000002220000;-2.702499866485596
311400.680000002200000;-2.702499866485596
311425.660000002240000;-2.702499866485596
311450.640000002230000;-2.695937395095825
311475.620000002210000;-2.695937395095825
311500.600000002250000;-2.695937395095825
311525.580000002230000;-2.695937395095825
311550.560000002210000;-2.716249942779541
311575.540000002250000;-2.716249942779541
311600.520000002230000;-2.716249942779541
311625.500000002210000;-2.716249942779541
311650.480000002250000;-2.707499980926514
311675.460000002230000;-2.707499980926514
311700.440000002270000;-2.707499980926514
311725.420000002250000;-2.707499980926514
311750.400000002240000;-2.727187395095825
311775.380000002270000;-2.727187395095825
311800.360000002260000;-2.727187395095825
311825.340000002300000;-2.727187395095825
311850.320000002280000;-2.685624837875366
311875.300000002260000;-2.685624837875366
311900.280000002300000;-2.685624837875366
311925.260000002280000;-2.685624837875366
311950.240000002260000;-2.707499980926514
311975.220000002300000;-2.707499980926514
312000.200000002280000;-2.707499980926514
312025.180000002260000;-2.707499980926514
312050.160000002300000;-2.716249942779541
312075.140000002280000;-2.716249942779541
312100.120000002320000;-2.716249942779541
312125.100000002310000;-2.716249942779541
312150.080000002290000;-2.709062337875366
312175.060000002330000;-2.709062337875366
312200.040000002310000;-2.709062337875366
312225.020000002350000;-2.709062337875366
312250.000000002330000;-2.719062328338623
312274.980000002310000;-2.719062328338623
312299.960000002350000;-2.719062328338623
312324.940000002330000;-2.719062328338623
312349.920000002310000;-2.722187519073486
312374.900000002350000;-2.722187519073486
312399.880000002330000;-2.722187519073486
312424.860000002310000;-2.722187519073486
312449.840000002350000;-2.710937500000000
312474.820000002340000;-2.710937500000000
312499.800000002370000;-2.710937500000000
312524.780000002360000;-2.710937500000000
312549.760000002340000;-2.700937509536743
312574.740000002380000;-2.700937509536743
312599.720000002360000;-2.700937509536743
312624.700000002400000;-2.700937509536743
312649.680000002380000;-2.711562395095825
312674.660000002360000;-2.711562395095825
312699.640000002400000;-2.711562395095825
312724.620000002380000;-2.711562395095825
312749.600000002360000;-2.715312480926514
312774.580000002400000;-2.715312480926514
312799.560000002380000;-2.715312480926514
312824.540000002370000;-2.715312480926514
312849.520000002410000;-2.707187414169312
312874.500000002390000;-2.707187414169312
312899.480000002430000;-2.707187414169312
312924.460000002410000;-2.707187414169312
312949.440000002390000;-2.713749885559082
312974.420000002430000;-2.713749885559082
312999.400000002410000;-2.713749885559082
313024.380000002450000;-2.713749885559082
313049.360000002430000;-2.718750000000000
313074.340000002410000;-2.718750000000000
313099.320000002450000;-2.718750000000000
313124.300000002430000;-2.718750000000000
313149.280000002410000;-2.709374904632568
313174.260000002450000;-2.709374904632568
313199.240000002440000;-2.709374904632568
313224.220000002420000;-2.709374904632568
313249.200000002460000;-2.712499856948853
313274.180000002440000;-2.712499856948853
313299.160000002480000;-2.712499856948853
313324.140000002460000;-2.712499856948853
313349.120000002440000;-2.710312366485596
313374.100000002480000;-2.710312366485596
313399.080000002460000;-2.710312366485596
313424.060000002500000;-2.710312366485596
313449.040000002480000;-2.709374904632568
313474.020000002460000;-2.709374904632568
313499.000000002500000;-2.709374904632568
313523.980000002480000;-2.709374904632568
313548.960000002470000;-2.710000038146973
313573.940000002510000;-2.710000038146973
313598.920000002490000;-2.710000038146973
313623.900000002470000;-2.710000038146973
313648.880000002510000;-2.707499980926514
313673.860000002490000;-2.707499980926514
313698.840000002530000;-2.707499980926514
313723.820000002510000;-2.707499980926514
313748.800000002490000;-2.717812538146973
313773.780000002530000;-2.717812538146973
313798.760000002510000;-2.717812538146973
313823.740000002550000;-2.717812538146973
313848.720000002530000;-2.716249942779541
313873.700000002510000;-2.716249942779541
313898.680000002550000;-2.716249942779541
313923.660000002540000;-2.716249942779541
313948.640000002520000;-2.717499971389771
313973.620000002560000;-2.717499971389771
313998.600000002540000;-2.717499971389771
314023.580000002520000;-2.717499971389771
314048.560000002560000;-2.715312480926514
314073.540000002540000;-2.715312480926514
314098.520000002580000;-2.715312480926514
314123.500000002560000;-2.715312480926514
314148.480000002540000;-2.719687461853027
314173.460000002580000;-2.719687461853027
314198.440000002560000;-2.719687461853027
314223.420000002600000;-2.719687461853027
314248.400000002580000;-2.706562519073486
314273.380000002570000;-2.706562519073486
314298.360000002610000;-2.706562519073486
314323.340000002590000;-2.706562519073486
314348.320000002570000;-2.718750000000000
314373.300000002610000;-2.718750000000000
314398.280000002590000;-2.718750000000000
314423.260000002570000;-2.718750000000000
314448.240000002610000;-2.731874942779541
314473.220000002590000;-2.731874942779541
314498.200000002630000;-2.731874942779541
314523.180000002610000;-2.731874942779541
314548.160000002590000;-2.722187519073486
314573.140000002630000;-2.722187519073486
314598.120000002610000;-2.722187519073486
314623.100000002650000;-2.722187519073486
314648.080000002640000;-2.711562395095825
314673.060000002620000;-2.711562395095825
314698.040000002660000;-2.711562395095825
314723.020000002640000;-2.711562395095825
314748.000000002620000;-2.706874847412109
314772.980000002660000;-2.706874847412109
314797.960000002640000;-2.706874847412109
314822.940000002620000;-2.706874847412109
314847.920000002660000;-2.719687461853027
314872.900000002640000;-2.719687461853027
314897.880000002680000;-2.719687461853027
314922.860000002660000;-2.719687461853027
314947.840000002640000;-2.720312356948853
314972.820000002680000;-2.720312356948853
314997.800000002670000;-2.720312356948853
315022.780000002710000;-2.720312356948853
315047.760000002690000;-2.712812423706055
315072.740000002670000;-2.712812423706055
315097.720000002710000;-2.712812423706055
315122.700000002690000;-2.712812423706055
315147.680000002670000;-2.703437328338623
315172.660000002710000;-2.703437328338623
315197.640000002690000;-2.703437328338623
315222.620000002670000;-2.703437328338623
315247.600000002710000;-2.706562519073486
315272.580000002690000;-2.706562519073486
315297.560000002730000;-2.706562519073486
315322.540000002710000;-2.706562519073486
315347.520000002700000;-2.734999895095825
315372.500000002740000;-2.734999895095825
315397.480000002720000;-2.734999895095825
315422.460000002760000;-2.734999895095825
315447.440000002740000;-2.712187528610230
315472.420000002720000;-2.712187528610230
315497.400000002760000;-2.712187528610230
315522.380000002740000;-2.712187528610230
315547.360000002720000;-2.709374904632568
315572.340000002760000;-2.709374904632568
315597.320000002740000;-2.709374904632568
315622.300000002720000;-2.709374904632568
315647.280000002760000;-2.703749895095825
315672.260000002750000;-2.703749895095825
315697.240000002780000;-2.703749895095825
315722.220000002770000;-2.703749895095825
315747.200000002750000;-2.698750019073486
315772.180000002790000;-2.698750019073486
315797.160000002770000;-2.698750019073486
315822.140000002810000;-2.698750019073486
315847.120000002790000;-2.708437442779541
315872.100000002770000;-2.708437442779541
315897.080000002810000;-2.708437442779541
315922.060000002790000;-2.708437442779541
315947.040000002770000;-2.708124876022339
315972.020000002810000;-2.708124876022339
315997.000000002790000;-2.708124876022339
316021.980000002780000;-2.708124876022339
316046.960000002810000;-2.704062461853027
316071.940000002800000;-2.704062461853027
316096.920000002840000;-2.704062461853027
316121.900000002820000;-2.704062461853027
316146.880000002800000;-2.715625047683716
316171.860000002840000;-2.715625047683716
316196.840000002820000;-2.715625047683716
316221.820000002860000;-2.715625047683716
316246.800000002840000;-2.702187538146973
316271.780000002820000;-2.702187538146973
316296.760000002860000;-2.702187538146973
316321.740000002840000;-2.702187538146973
316346.720000002820000;-2.721250057220459
316371.700000002860000;-2.721250057220459
316396.680000002850000;-2.721250057220459
316421.660000002830000;-2.721250057220459
316446.640000002870000;-2.741250038146973
316471.620000002850000;-2.741250038146973
316496.600000002890000;-2.741250038146973
316521.580000002870000;-2.741250038146973
316546.560000002850000;-2.707812547683716
316571.540000002890000;-2.707812547683716
316596.520000002870000;-2.707812547683716
316621.500000002910000;-2.707812547683716
316646.480000002890000;-2.710937500000000
316671.460000002870000;-2.710937500000000
316696.440000002910000;-2.710937500000000
316721.420000002890000;-2.710937500000000
316746.400000002880000;-2.708750009536743
316771.380000002920000;-2.708750009536743
316796.360000002900000;-2.708750009536743
316821.340000002880000;-2.708750009536743
316846.320000002920000;-2.709687471389771
316871.300000002900000;-2.709687471389771
316896.280000002940000;-2.709687471389771
316921.260000002920000;-2.709687471389771
316946.240000002900000;-2.704375028610230
316971.220000002940000;-2.704375028610230
316996.200000002920000;-2.704375028610230
317021.180000002960000;-2.704375028610230
317046.160000002940000;-2.705625057220459
317071.140000002920000;-2.705625057220459
317096.120000002960000;-2.705625057220459
317121.100000002950000;-2.705625057220459
317146.080000002930000;-2.707499980926514
317171.060000002970000;-2.707499980926514
317196.040000002950000;-2.707499980926514
317221.020000002930000;-2.707499980926514
317246.000000002970000;-2.712812423706055
317270.980000002950000;-2.712812423706055
317295.960000002990000;-2.712812423706055
317320.940000002970000;-2.712812423706055
317345.920000002950000;-2.709374904632568
317370.900000002990000;-2.709374904632568
317395.880000002970000;-2.709374904632568
317420.860000003010000;-2.709374904632568
317445.840000002990000;-2.721874952316284
317470.820000002980000;-2.721874952316284
317495.800000003020000;-2.721874952316284
317520.780000003000000;-2.721874952316284
317545.760000002980000;-2.703749895095825
317570.740000003020000;-2.703749895095825
317595.720000003000000;-2.703749895095825
317620.700000002980000;-2.703749895095825
317645.680000003020000;-2.706249952316284
317670.660000003000000;-2.706249952316284
317695.640000003040000;-2.706249952316284
317720.620000003020000;-2.706249952316284
317745.600000003000000;-2.711874961853027
317770.580000003040000;-2.711874961853027
317795.560000003020000;-2.711874961853027
317820.540000003060000;-2.711874961853027
317845.520000003050000;-2.702187538146973
317870.500000003030000;-2.702187538146973
317895.480000003070000;-2.702187538146973
317920.460000003050000;-2.702187538146973
317945.440000003030000;-2.713749885559082
317970.420000003070000;-2.713749885559082
317995.400000003050000;-2.713749885559082
318020.380000003030000;-2.713749885559082
318045.360000003070000;-2.695312500000000
318070.340000003050000;-2.695312500000000
318095.320000003090000;-2.695312500000000
318120.300000003070000;-2.695312500000000
318145.280000003050000;-2.713749885559082
318170.260000003090000;-2.713749885559082
318195.240000003080000;-2.713749885559082
318220.220000003120000;-2.713749885559082
318245.200000003100000;-2.727499961853027
318270.180000003080000;-2.727499961853027
318295.160000003120000;-2.727499961853027
318320.140000003100000;-2.727499961853027
318345.120000003080000;-2.710000038146973
318370.100000003120000;-2.710000038146973
318395.080000003100000;-2.710000038146973
318420.060000003080000;-2.710000038146973
318445.040000003120000;-2.719374895095825
318470.020000003100000;-2.719374895095825
318495.000000003140000;-2.719374895095825
318519.980000003120000;-2.719374895095825
318544.960000003110000;-2.713437557220459
318569.940000003150000;-2.713437557220459
318594.920000003130000;-2.713437557220459
318619.900000003170000;-2.713437557220459
318644.880000003150000;-2.720000028610230
318669.860000003130000;-2.720000028610230
318694.840000003170000;-2.720000028610230
318719.820000003150000;-2.720000028610230
318744.800000003130000;-2.713124990463257
318769.780000003170000;-2.713124990463257
318794.760000003150000;-2.713124990463257
318819.740000003130000;-2.713124990463257
318844.720000003170000;-2.727812528610230
318869.700000003150000;-2.727812528610230
318894.680000003190000;-2.727812528610230
318919.660000003180000;-2.727812528610230
318944.640000003160000;-2.710312366485596
318969.620000003200000;-2.710312366485596
318994.600000003180000;-2.710312366485596
319019.580000003220000;-2.710312366485596
319044.560000003200000;-2.711874961853027
319069.540000003180000;-2.711874961853027
319094.520000003220000;-2.711874961853027
319119.500000003200000;-2.711874961853027
319144.480000003180000;-2.711874961853027
319169.460000003220000;-2.711874961853027
319194.440000003200000;-2.711874961853027
319219.420000003190000;-2.711874961853027
319244.400000003220000;-2.707812547683716
319269.380000003210000;-2.707812547683716
319294.360000003250000;-2.707812547683716
319319.340000003230000;-2.707812547683716
319344.320000003210000;-2.716249942779541
319369.300000003250000;-2.716249942779541
319394.280000003230000;-2.716249942779541
319419.260000003270000;-2.716249942779541
319444.240000003250000;-2.724687337875366
319469.220000003230000;-2.724687337875366
319494.200000003270000;-2.724687337875366
319519.180000003250000;-2.724687337875366
319544.160000003230000;-2.716874837875366
319569.140000003270000;-2.716874837875366
319594.120000003250000;-2.716874837875366
319619.100000003240000;-2.716874837875366
319644.080000003280000;-2.714687347412109
319669.060000003260000;-2.714687347412109
319694.040000003300000;-2.714687347412109
319719.020000003280000;-2.714687347412109
319744.000000003260000;-2.705312490463257
319768.980000003300000;-2.705312490463257
319793.960000003280000;-2.705312490463257
319818.940000003320000;-2.705312490463257
319843.920000003300000;-2.725625038146973
319868.900000003280000;-2.725625038146973
319893.880000003320000;-2.725625038146973
319918.860000003300000;-2.725625038146973
319943.840000003290000;-2.707812547683716
319968.820000003320000;-2.707812547683716
319993.800000003310000;-2.707812547683716
320018.780000003290000;-2.707812547683716
320043.760000003330000;-2.708437442779541
320068.740000003310000;-2.708437442779541
320093.720000003350000;-2.708437442779541
320118.700000003330000;-2.708437442779541
320143.680000003310000;-2.718124866485596
320168.660000003350000;-2.718124866485596
320193.640000003330000;-2.718124866485596
320218.620000003370000;-2.718124866485596
320243.600000003350000;-2.717812538146973
320268.580000003330000;-2.717812538146973
320293.560000003370000;-2.717812538146973
320318.540000003360000;-2.717812538146973
320343.520000003340000;-2.711874961853027
320368.500000003380000;-2.711874961853027
320393.480000003360000;-2.711874961853027
320418.460000003340000;-2.711874961853027
320443.440000003380000;-2.714062452316284
320468.420000003360000;-2.714062452316284
320493.400000003400000;-2.714062452316284
320518.380000003380000;-2.714062452316284
320543.360000003360000;-2.718124866485596
320568.340000003400000;-2.718124866485596
320593.320000003380000;-2.718124866485596
320618.300000003420000;-2.718124866485596
320643.280000003400000;-2.727499961853027
320668.260000003390000;-2.727499961853027
320693.240000003420000;-2.727499961853027
320718.220000003410000;-2.727499961853027
320743.200000003390000;-2.714687347412109
320768.180000003430000;-2.714687347412109
320793.160000003410000;-2.714687347412109
320818.140000003390000;-2.714687347412109
320843.120000003430000;-2.710937500000000
320868.100000003410000;-2.710937500000000
320893.080000003450000;-2.710937500000000
320918.060000003430000;-2.710937500000000
320943.040000003410000;-2.711874961853027
320968.020000003450000;-2.711874961853027
320993.000000003430000;-2.711874961853027
321017.980000003470000;-2.711874961853027
321042.960000003460000;-2.717812538146973
321067.940000003440000;-2.717812538146973
321092.920000003480000;-2.717812538146973
321117.900000003460000;-2.717812538146973
321142.880000003440000;-2.718124866485596
321167.860000003480000;-2.718124866485596
321192.840000003460000;-2.718124866485596
321217.820000003440000;-2.718124866485596
321242.800000003480000;-2.723749876022339
321267.780000003460000;-2.723749876022339
321292.760000003500000;-2.723749876022339
321317.740000003480000;-2.723749876022339
321342.720000003460000;-2.716249942779541
321367.700000003500000;-2.716249942779541
321392.680000003490000;-2.716249942779541
321417.660000003530000;-2.716249942779541
321442.640000003510000;-2.697812557220459
321467.620000003490000;-2.697812557220459
321492.600000003530000;-2.697812557220459
321517.580000003510000;-2.697812557220459
321542.560000003490000;-2.712812423706055
321567.540000003530000;-2.712812423706055
321592.520000003510000;-2.712812423706055
321617.500000003490000;-2.712812423706055
321642.480000003530000;-2.709062337875366
321667.460000003510000;-2.709062337875366
321692.440000003550000;-2.709062337875366
321717.420000003530000;-2.709062337875366
321742.400000003520000;-2.715937376022339
321767.380000003560000;-2.715937376022339
321792.360000003540000;-2.715937376022339
321817.340000003580000;-2.715937376022339
321842.320000003560000;-2.720000028610230
321867.300000003540000;-2.720000028610230
321892.280000003580000;-2.720000028610230
321917.260000003560000;-2.720000028610230
321942.240000003540000;-2.725625038146973
321967.220000003580000;-2.725625038146973
321992.200000003560000;-2.725625038146973
322017.180000003540000;-2.725625038146973
322042.160000003580000;-2.716249942779541
322067.140000003560000;-2.716249942779541
322092.120000003600000;-2.716249942779541
322117.100000003590000;-2.716249942779541
322142.080000003570000;-2.725937366485596
322167.060000003610000;-2.725937366485596
322192.040000003590000;-2.725937366485596
322217.020000003630000;-2.725937366485596
322242.000000003610000;-2.714062452316284
322266.980000003590000;-2.714062452316284
322291.960000003630000;-2.714062452316284
322316.940000003610000;-2.714062452316284
322341.920000003590000;-2.714062452316284
322366.900000003630000;-2.714062452316284
322391.880000003610000;-2.714062452316284
322416.860000003590000;-2.714062452316284
322441.840000003630000;-2.721250057220459
322466.820000003620000;-2.721250057220459
322491.800000003660000;-2.721250057220459
322516.780000003640000;-2.721250057220459
322541.760000003620000;-2.724062442779541
322566.740000003660000;-2.724062442779541
322591.720000003640000;-2.724062442779541
322616.700000003680000;-2.724062442779541
322641.680000003660000;-2.713124990463257
322666.660000003640000;-2.713124990463257
322691.640000003680000;-2.713124990463257
322716.620000003660000;-2.713124990463257
322741.600000003640000;-2.711874961853027
322766.580000003680000;-2.711874961853027
322791.560000003660000;-2.711874961853027
322816.540000003650000;-2.711874961853027
322841.520000003690000;-2.716874837875366
322866.500000003670000;-2.716874837875366
322891.480000003710000;-2.716874837875366
322916.460000003690000;-2.716874837875366
322941.440000003670000;-2.713437557220459
322966.420000003710000;-2.713437557220459
322991.400000003690000;-2.713437557220459
323016.380000003730000;-2.713437557220459
323041.360000003710000;-2.724375009536743
323066.340000003690000;-2.724375009536743
323091.320000003730000;-2.724375009536743
323116.300000003710000;-2.724375009536743
323141.280000003700000;-2.717187404632568
323166.260000003730000;-2.717187404632568
323191.240000003720000;-2.717187404632568
323216.220000003700000;-2.717187404632568
323241.200000003740000;-2.709062337875366
323266.180000003720000;-2.709062337875366
323291.160000003760000;-2.709062337875366
323316.140000003740000;-2.709062337875366
323341.120000003720000;-2.713124990463257
323366.100000003700000;-2.713124990463257
323391.080000003740000;-2.713124990463257
323416.060000003720000;-2.713124990463257
323441.040000003700000;-2.727499961853027
323466.020000003740000;-2.727499961853027
323491.000000003730000;-2.727499961853027
323515.980000003710000;-2.727499961853027
323540.960000003690000;-2.719062328338623
323565.940000003670000;-2.719062328338623
323590.920000003710000;-2.719062328338623
323615.900000003690000;-2.719062328338623
323640.880000003670000;-2.719062328338623
323665.860000003710000;-2.719062328338623
323690.840000003690000;-2.719062328338623
323715.820000003670000;-2.719062328338623
323740.800000003660000;-2.721250057220459
323765.780000003640000;-2.721250057220459
323790.760000003680000;-2.721250057220459
323815.740000003660000;-2.721250057220459
323840.720000003640000;-2.715312480926514
323865.700000003680000;-2.715312480926514
323890.680000003660000;-2.715312480926514
323915.660000003640000;-2.715312480926514
323940.640000003620000;-2.718124866485596
323965.620000003600000;-2.718124866485596
323990.600000003640000;-2.718124866485596
324015.580000003630000;-2.718124866485596
324040.560000003610000;-2.722812414169312
324065.540000003650000;-2.722812414169312
324090.520000003630000;-2.722812414169312
324115.500000003610000;-2.722812414169312
324140.480000003590000;-2.731874942779541
324165.460000003570000;-2.731874942779541
324190.440000003610000;-2.731874942779541
324215.420000003590000;-2.731874942779541
324240.400000003570000;-2.706249952316284
324265.380000003610000;-2.706249952316284
324290.360000003590000;-2.706249952316284
324315.340000003580000;-2.706249952316284
324340.320000003560000;-2.722812414169312
324365.300000003540000;-2.722812414169312
324390.280000003580000;-2.722812414169312
324415.260000003560000;-2.722812414169312
324440.240000003540000;-2.719062328338623
324465.220000003580000;-2.719062328338623
324490.200000003560000;-2.719062328338623
324515.180000003540000;-2.719062328338623
324540.160000003530000;-2.720000028610230
324565.140000003510000;-2.720000028610230
324590.120000003550000;-2.720000028610230
324615.100000003530000;-2.720000028610230
324640.080000003510000;-2.723749876022339
324665.060000003550000;-2.723749876022339
324690.040000003530000;-2.723749876022339
324715.020000003510000;-2.723749876022339
324740.000000003490000;-2.715312480926514
324764.980000003470000;-2.715312480926514
324789.960000003510000;-2.715312480926514
324814.940000003490000;-2.715312480926514
324839.920000003480000;-2.715937376022339
324864.900000003520000;-2.715937376022339
324889.880000003500000;-2.715937376022339
324914.860000003480000;-2.715937376022339
324939.840000003460000;-2.716874837875366
324964.820000003440000;-2.716874837875366
324989.800000003480000;-2.716874837875366
325014.780000003460000;-2.716874837875366
325039.760000003440000;-2.729374885559082
325064.740000003480000;-2.729374885559082
325089.720000003460000;-2.729374885559082
325114.700000003450000;-2.729374885559082
325139.680000003430000;-2.714375019073486
325164.660000003410000;-2.714375019073486
325189.640000003450000;-2.714375019073486
325214.620000003430000;-2.714375019073486
325239.600000003410000;-2.724375009536743
325264.580000003450000;-2.724375009536743
325289.560000003430000;-2.724375009536743
325314.540000003410000;-2.724375009536743
325339.520000003390000;-2.711249828338623
325364.500000003380000;-2.711249828338623
325389.480000003420000;-2.711249828338623
325414.460000003400000;-2.711249828338623
325439.440000003380000;-2.715312480926514
325464.420000003420000;-2.715312480926514
325489.400000003400000;-2.715312480926514
325514.380000003380000;-2.715312480926514
325539.360000003360000;-2.733749866485596
325564.340000003340000;-2.733749866485596
325589.320000003380000;-2.733749866485596
325614.300000003360000;-2.733749866485596
325639.280000003350000;-2.721562385559082
325664.260000003390000;-2.721562385559082
325689.240000003370000;-2.721562385559082
325714.220000003350000;-2.721562385559082
325739.200000003330000;-2.709062337875366
325764.180000003310000;-2.709062337875366
325789.160000003350000;-2.709062337875366
325814.140000003330000;-2.709062337875366
325839.120000003310000;-2.733124971389771
325864.100000003350000;-2.733124971389771
325889.080000003330000;-2.733124971389771
325914.060000003320000;-2.733124971389771
325939.040000003300000;-2.723437547683716
325964.020000003280000;-2.723437547683716
325989.000000003320000;-2.723437547683716
326013.980000003300000;-2.723437547683716
326038.960000003280000;-2.732187509536743
326063.940000003320000;-2.732187509536743
326088.920000003300000;-2.732187509536743
326113.900000003280000;-2.732187509536743
326138.880000003260000;-2.723749876022339
326163.860000003250000;-2.723749876022339
326188.840000003290000;-2.723749876022339
326213.820000003270000;-2.723749876022339
326238.800000003250000;-2.720312356948853
326263.780000003290000;-2.720312356948853
326288.760000003270000;-2.720312356948853
326313.740000003250000;-2.720312356948853
326338.720000003230000;-2.716249942779541
326363.700000003210000;-2.716249942779541
326388.680000003250000;-2.716249942779541
326413.660000003230000;-2.716249942779541
326438.640000003220000;-2.725312471389771
326463.620000003250000;-2.725312471389771
326488.600000003240000;-2.725312471389771
326513.580000003220000;-2.725312471389771
326538.560000003200000;-2.722812414169312
326563.540000003180000;-2.722812414169312
326588.520000003220000;-2.722812414169312
326613.500000003200000;-2.722812414169312
326638.480000003180000;-2.738749980926514
326663.460000003220000;-2.738749980926514
326688.440000003200000;-2.738749980926514
326713.420000003190000;-2.738749980926514
326738.400000003170000;-2.719062328338623
326763.380000003150000;-2.719062328338623
326788.360000003190000;-2.719062328338623
326813.340000003170000;-2.719062328338623
326838.320000003150000;-2.722499847412109
326863.300000003190000;-2.722499847412109
326888.280000003170000;-2.722499847412109
326913.260000003150000;-2.722499847412109
326938.240000003130000;-2.710624933242798
326963.220000003120000;-2.710624933242798
326988.200000003150000;-2.710624933242798
327013.180000003140000;-2.710624933242798
327038.160000003120000;-2.716874837875366
327063.140000003160000;-2.716874837875366
327088.120000003140000;-2.716874837875366
327113.100000003120000;-2.716874837875366
327138.080000003100000;-2.725312471389771
327163.060000003080000;-2.725312471389771
327188.040000003120000;-2.725312471389771
327213.020000003100000;-2.725312471389771
327238.000000003090000;-2.714375019073486
327262.980000003120000;-2.714375019073486
327287.960000003110000;-2.714375019073486
327312.940000003090000;-2.714375019073486
327337.920000003070000;-2.710312366485596
327362.900000003050000;-2.710312366485596
327387.880000003090000;-2.710312366485596
327412.860000003070000;-2.710312366485596
327437.840000003050000;-2.708750009536743
327462.820000003090000;-2.708750009536743
327487.800000003070000;-2.708750009536743
327512.780000003050000;-2.708750009536743
327537.760000003040000;-2.711874961853027
327562.740000003020000;-2.711874961853027
327587.720000003060000;-2.711874961853027
327612.700000003040000;-2.711874961853027
327637.680000003020000;-2.717499971389771
327662.660000003060000;-2.717499971389771
327687.640000003040000;-2.717499971389771
327712.620000003020000;-2.717499971389771
327737.600000003000000;-2.695312500000000
327762.580000002980000;-2.695312500000000
327787.560000003020000;-2.695312500000000
327812.540000003010000;-2.695312500000000
327837.520000002990000;-2.718124866485596
327862.500000003030000;-2.718124866485596
327887.480000003010000;-2.718124866485596
327912.460000002990000;-2.718124866485596
327937.440000002970000;-2.722812414169312
327962.420000002950000;-2.722812414169312
327987.400000002990000;-2.722812414169312
328012.380000002970000;-2.722812414169312
328037.360000002950000;-2.712187528610230
328062.340000002990000;-2.712187528610230
328087.320000002980000;-2.712187528610230
328112.300000002960000;-2.712187528610230
328137.280000002940000;-2.716562509536743
328162.260000002920000;-2.716562509536743
328187.240000002960000;-2.716562509536743
328212.220000002940000;-2.716562509536743
328237.200000002920000;-2.727187395095825
328262.180000002960000;-2.727187395095825
328287.160000002940000;-2.727187395095825
328312.140000002920000;-2.727187395095825
328337.120000002910000;-2.718750000000000
328362.100000002890000;-2.718750000000000
328387.080000002930000;-2.718750000000000
328412.060000002910000;-2.718750000000000
328437.040000002890000;-2.720000028610230
328462.020000002930000;-2.720000028610230
328487.000000002910000;-2.720000028610230
328511.980000002890000;-2.720000028610230
328536.960000002870000;-2.727499961853027
328561.940000002850000;-2.727499961853027
328586.920000002890000;-2.727499961853027
328611.900000002880000;-2.727499961853027
328636.880000002860000;-2.720624923706055
328661.860000002900000;-2.720624923706055
328686.840000002880000;-2.720624923706055
328711.820000002860000;-2.720624923706055
328736.800000002840000;-2.723124980926514
328761.780000002820000;-2.723124980926514
328786.760000002860000;-2.723124980926514
328811.740000002840000;-2.723124980926514
328836.720000002820000;-2.722812414169312
328861.700000002860000;-2.722812414169312
328886.680000002850000;-2.722812414169312
328911.660000002830000;-2.722812414169312
328936.640000002810000;-2.724999904632568
328961.620000002790000;-2.724999904632568
328986.600000002830000;-2.724999904632568
329011.580000002810000;-2.724999904632568
329036.560000002790000;-2.728124856948853
329061.540000002830000;-2.728124856948853
329086.520000002810000;-2.728124856948853
329111.500000002790000;-2.728124856948853
329136.480000002780000;-2.718437433242798
329161.460000002760000;-2.718437433242798
329186.440000002800000;-2.718437433242798
329211.420000002780000;-2.718437433242798
329236.400000002760000;-2.705937385559082
329261.380000002800000;-2.705937385559082
329286.360000002780000;-2.705937385559082
329311.340000002760000;-2.705937385559082
329336.320000002740000;-2.716562509536743
329361.300000002720000;-2.716562509536743
329386.280000002760000;-2.716562509536743
329411.260000002750000;-2.716562509536743
329436.240000002730000;-2.728124856948853
329461.220000002770000;-2.728124856948853
329486.200000002750000;-2.728124856948853
329511.180000002730000;-2.728124856948853
329536.160000002710000;-2.717499971389771
329561.140000002690000;-2.717499971389771
329586.120000002730000;-2.717499971389771
329611.100000002710000;-2.717499971389771
329636.080000002690000;-2.704062461853027
329661.060000002730000;-2.704062461853027
329686.040000002710000;-2.704062461853027
329711.020000002700000;-2.704062461853027
329736.000000002680000;-2.720312356948853
329760.980000002660000;-2.720312356948853
329785.960000002700000;-2.720312356948853
329810.940000002680000;-2.720312356948853
329835.920000002660000;-2.718750000000000
329860.900000002700000;-2.718750000000000
329885.880000002680000;-2.718750000000000
329910.860000002660000;-2.718750000000000
329935.840000002640000;-2.714062452316284
329960.820000002630000;-2.714062452316284
329985.800000002670000;-2.714062452316284
330010.780000002650000;-2.714062452316284
330035.760000002630000;-2.718750000000000
330060.740000002670000;-2.718750000000000
330085.720000002650000;-2.718750000000000
330110.700000002630000;-2.718750000000000
330135.680000002610000;-2.726562500000000
330160.660000002590000;-2.726562500000000
330185.640000002630000;-2.726562500000000
330210.620000002610000;-2.726562500000000
330235.600000002600000;-2.719374895095825
330260.580000002640000;-2.719374895095825
330285.560000002620000;-2.719374895095825
330310.540000002600000;-2.719374895095825
330335.520000002580000;-2.721562385559082
330360.500000002560000;-2.721562385559082
330385.480000002600000;-2.721562385559082
330410.460000002580000;-2.721562385559082
330435.440000002560000;-2.718750000000000
330460.420000002600000;-2.718750000000000
330485.400000002580000;-2.718750000000000
330510.380000002570000;-2.718750000000000
330535.360000002550000;-2.722187519073486
330560.340000002530000;-2.722187519073486
330585.320000002570000;-2.722187519073486
330610.300000002550000;-2.722187519073486
330635.280000002530000;-2.716874837875366
330660.260000002570000;-2.716874837875366
330685.240000002550000;-2.716874837875366
330710.220000002530000;-2.716874837875366
330735.200000002510000;-2.716249942779541
330760.180000002500000;-2.716249942779541
330785.160000002540000;-2.716249942779541
330810.140000002520000;-2.716249942779541
330835.120000002500000;-2.723124980926514
330860.100000002540000;-2.723124980926514
330885.080000002520000;-2.723124980926514
330910.060000002500000;-2.723124980926514
330935.040000002480000;-2.719374895095825
330960.020000002460000;-2.719374895095825
330985.000000002500000;-2.719374895095825
331009.980000002480000;-2.719374895095825
331034.960000002470000;-2.716249942779541
331059.940000002510000;-2.716249942779541
331084.920000002490000;-2.716249942779541
331109.900000002470000;-2.716249942779541
331134.880000002450000;-2.726562500000000
331159.860000002430000;-2.726562500000000
331184.840000002470000;-2.726562500000000
331209.820000002450000;-2.726562500000000
331234.800000002430000;-2.727187395095825
331259.780000002470000;-2.727187395095825
331284.760000002450000;-2.727187395095825
331309.740000002440000;-2.727187395095825
331334.720000002420000;-2.723749876022339
331359.700000002400000;-2.723749876022339
331384.680000002440000;-2.723749876022339
331409.660000002420000;-2.723749876022339
331434.640000002400000;-2.716249942779541
331459.620000002440000;-2.716249942779541
331484.600000002420000;-2.716249942779541
331509.580000002400000;-2.716249942779541
331534.560000002380000;-2.720000028610230
331559.540000002370000;-2.720000028610230
331584.520000002410000;-2.720000028610230
331609.500000002390000;-2.720000028610230
331634.480000002370000;-2.719062328338623
331659.460000002410000;-2.719062328338623
331684.440000002390000;-2.719062328338623
331709.420000002370000;-2.719062328338623
331734.400000002350000;-2.730624914169312
331759.380000002330000;-2.730624914169312
331784.360000002370000;-2.730624914169312
331809.340000002350000;-2.730624914169312
331834.320000002340000;-2.727187395095825
331859.300000002370000;-2.727187395095825
331884.280000002360000;-2.727187395095825
331909.260000002340000;-2.727187395095825
331934.240000002320000;-2.722187519073486
331959.220000002300000;-2.722187519073486
331984.200000002340000;-2.722187519073486
332009.180000002320000;-2.722187519073486
332034.160000002300000;-2.716562509536743
332059.140000002340000;-2.716562509536743
332084.120000002320000;-2.716562509536743
332109.100000002310000;-2.716562509536743
332134.080000002290000;-2.719374895095825
332159.060000002270000;-2.719374895095825
332184.040000002310000;-2.719374895095825
332209.020000002290000;-2.719374895095825
332234.000000002270000;-2.718437433242798
332258.980000002310000;-2.718437433242798
332283.960000002290000;-2.718437433242798
332308.940000002270000;-2.718437433242798
332333.920000002250000;-2.719062328338623
332358.900000002240000;-2.719062328338623
332383.880000002270000;-2.719062328338623
332408.860000002260000;-2.719062328338623
332433.840000002240000;-2.720312356948853
332458.820000002280000;-2.720312356948853
332483.800000002260000;-2.720312356948853
332508.780000002240000;-2.720312356948853
332533.760000002220000;-2.727187395095825
332558.740000002200000;-2.727187395095825
332583.720000002240000;-2.727187395095825
332608.700000002220000;-2.727187395095825
332633.680000002200000;-2.718437433242798
332658.660000002240000;-2.718437433242798
332683.640000002230000;-2.718437433242798
332708.620000002210000;-2.718437433242798
332733.600000002190000;-2.718750000000000
332758.580000002170000;-2.718750000000000
332783.560000002210000;-2.718750000000000
332808.540000002190000;-2.718750000000000
332833.520000002170000;-2.726562500000000
332858.500000002210000;-2.726562500000000
332883.480000002190000;-2.726562500000000
332908.460000002170000;-2.726562500000000
332933.440000002160000;-2.720000028610230
332958.420000002140000;-2.720000028610230
332983.400000002180000;-2.720000028610230
333008.380000002160000;-2.720000028610230
333033.360000002140000;-2.730000019073486
333058.340000002180000;-2.730000019073486
333083.320000002160000;-2.730000019073486
333108.300000002140000;-2.730000019073486
333133.280000002120000;-2.705312490463257
333158.260000002100000;-2.705312490463257
333183.240000002140000;-2.705312490463257
333208.220000002130000;-2.705312490463257
333233.200000002110000;-2.730937480926514
333258.180000002150000;-2.730937480926514
333283.160000002130000;-2.730937480926514
333308.140000002110000;-2.730937480926514
333333.120000002090000;-2.734999895095825
333358.100000002070000;-2.734999895095825
333383.080000002110000;-2.734999895095825
333408.060000002090000;-2.734999895095825
333433.040000002070000;-2.727187395095825
333458.020000002110000;-2.727187395095825
333483.000000002100000;-2.727187395095825
333507.980000002080000;-2.727187395095825
333532.960000002060000;-2.719062328338623
333557.940000002040000;-2.719062328338623
333582.920000002080000;-2.719062328338623
333607.900000002060000;-2.719062328338623
333632.880000002040000;-2.724062442779541
333657.860000002080000;-2.724062442779541
333682.840000002060000;-2.724062442779541
333707.820000002040000;-2.724062442779541
333732.800000002030000;-2.717812538146973
333757.780000002010000;-2.717812538146973
333782.760000002050000;-2.717812538146973
333807.740000002030000;-2.717812538146973
333832.720000002010000;-2.723124980926514
333857.700000002050000;-2.723124980926514
333882.680000002030000;-2.723124980926514
333907.660000002010000;-2.723124980926514
333932.640000001990000;-2.724999904632568
333957.620000001970000;-2.724999904632568
333982.600000002010000;-2.724999904632568
334007.580000002000000;-2.724999904632568
334032.560000001980000;-2.725937366485596
334057.540000002020000;-2.725937366485596
334082.520000002000000;-2.725937366485596
334107.500000001980000;-2.725937366485596
334132.480000001960000;-2.728437423706055
334157.460000001940000;-2.728437423706055
334182.440000001980000;-2.728437423706055
334207.420000001960000;-2.728437423706055
334232.400000001940000;-2.728749990463257
334257.380000001980000;-2.728749990463257
334282.360000001970000;-2.728749990463257
334307.340000001950000;-2.728749990463257
334332.320000001930000;-2.721562385559082
334357.300000001910000;-2.721562385559082
334382.280000001950000;-2.721562385559082
334407.260000001930000;-2.721562385559082
334432.240000001910000;-2.726249933242798
334457.220000001950000;-2.726249933242798
334482.200000001930000;-2.726249933242798
334507.180000001910000;-2.726249933242798
334532.160000001900000;-2.720624923706055
334557.140000001880000;-2.720624923706055
334582.120000001920000;-2.720624923706055
334607.100000001900000;-2.720624923706055
334632.080000001880000;-2.730312347412109
334657.060000001920000;-2.730312347412109
334682.040000001900000;-2.730312347412109
334707.020000001880000;-2.730312347412109
334732.000000001860000;-2.721562385559082
334756.980000001840000;-2.721562385559082
334781.960000001880000;-2.721562385559082
334806.940000001860000;-2.721562385559082
334831.920000001850000;-2.725937366485596
334856.900000001890000;-2.725937366485596
334881.880000001870000;-2.725937366485596
334906.860000001850000;-2.725937366485596
334931.840000001830000;-2.717499971389771
334956.820000001810000;-2.717499971389771
334981.800000001850000;-2.717499971389771
335006.780000001830000;-2.717499971389771
335031.760000001810000;-2.728124856948853
335056.740000001850000;-2.728124856948853
335081.720000001830000;-2.728124856948853
335106.700000001820000;-2.728124856948853
335131.680000001800000;-2.728124856948853
335156.660000001780000;-2.728124856948853
335181.640000001820000;-2.728124856948853
335206.620000001800000;-2.728124856948853
335231.600000001780000;-2.717812538146973
335256.580000001820000;-2.717812538146973
335281.560000001800000;-2.717812538146973
335306.540000001780000;-2.717812538146973
335331.520000001760000;-2.731874942779541
335356.500000001750000;-2.731874942779541
335381.480000001790000;-2.731874942779541
335406.460000001770000;-2.731874942779541
335431.440000001750000;-2.722812414169312
335456.420000001790000;-2.722812414169312
335481.400000001770000;-2.722812414169312
335506.380000001750000;-2.722812414169312
335531.360000001730000;-2.729687452316284
335556.340000001710000;-2.729687452316284
335581.320000001750000;-2.729687452316284
335606.300000001730000;-2.729687452316284
335631.280000001720000;-2.730937480926514
335656.260000001760000;-2.730937480926514
335681.240000001740000;-2.730937480926514
335706.220000001720000;-2.730937480926514
335731.200000001700000;-2.734687328338623
335756.180000001680000;-2.734687328338623
335781.160000001720000;-2.734687328338623
335806.140000001700000;-2.734687328338623
335831.120000001680000;-2.723124980926514
335856.100000001720000;-2.723124980926514
335881.080000001700000;-2.723124980926514
335906.060000001690000;-2.723124980926514
335931.040000001670000;-2.722499847412109
335956.020000001650000;-2.722499847412109
335981.000000001690000;-2.722499847412109
336005.980000001670000;-2.722499847412109
336030.960000001650000;-2.731250047683716
336055.940000001690000;-2.731250047683716
336080.920000001670000;-2.731250047683716
336105.900000001650000;-2.731250047683716
336130.880000001630000;-2.729687452316284
336155.860000001620000;-2.729687452316284
336180.840000001660000;-2.729687452316284
336205.820000001640000;-2.729687452316284
336230.800000001620000;-2.721874952316284
336255.780000001660000;-2.721874952316284
336280.760000001640000;-2.721874952316284
336305.740000001620000;-2.721874952316284
336330.720000001600000;-2.726874828338623
336355.700000001580000;-2.726874828338623
336380.680000001620000;-2.726874828338623
336405.660000001600000;-2.726874828338623
336430.640000001590000;-2.727499961853027
336455.620000001630000;-2.727499961853027
336480.600000001610000;-2.727499961853027
336505.580000001590000;-2.727499961853027
336530.560000001570000;-2.748124837875366
336555.540000001550000;-2.748124837875366
336580.520000001590000;-2.748124837875366
336605.500000001570000;-2.748124837875366
336630.480000001550000;-2.724375009536743
336655.460000001590000;-2.724375009536743
336680.440000001570000;-2.724375009536743
336705.420000001560000;-2.724375009536743
336730.400000001540000;-2.728124856948853
336755.380000001520000;-2.728124856948853
336780.360000001560000;-2.728124856948853
336805.340000001540000;-2.728124856948853
336830.320000001520000;-2.723124980926514
336855.300000001560000;-2.723124980926514
336880.280000001540000;-2.723124980926514
336905.260000001520000;-2.723124980926514
336930.240000001500000;-2.723437547683716
336955.220000001490000;-2.723437547683716
336980.200000001530000;-2.723437547683716
337005.180000001510000;-2.723437547683716
337030.160000001490000;-2.741562366485596
337055.140000001530000;-2.741562366485596
337080.120000001510000;-2.741562366485596
337105.100000001490000;-2.741562366485596
337130.080000001470000;-2.725312471389771
337155.060000001450000;-2.725312471389771
337180.040000001490000;-2.725312471389771
337205.020000001470000;-2.725312471389771
337230.000000001460000;-2.725937366485596
337254.980000001490000;-2.725937366485596
337279.960000001480000;-2.725937366485596
337304.940000001460000;-2.725937366485596
337329.920000001440000;-2.728124856948853
337354.900000001420000;-2.728124856948853
337379.880000001460000;-2.728124856948853
337404.860000001440000;-2.728124856948853
337429.840000001420000;-2.720937490463257
337454.820000001460000;-2.720937490463257
337479.800000001440000;-2.720937490463257
337504.780000001420000;-2.720937490463257
337529.760000001410000;-2.734375000000000
337554.740000001390000;-2.734375000000000
337579.720000001430000;-2.734375000000000
337604.700000001410000;-2.734375000000000
337629.680000001390000;-2.730312347412109
337654.660000001430000;-2.730312347412109
337679.640000001410000;-2.730312347412109
337704.620000001390000;-2.730312347412109
337729.600000001370000;-2.718437433242798
337754.580000001360000;-2.718437433242798
337779.560000001390000;-2.718437433242798
337804.540000001380000;-2.718437433242798
337829.520000001360000;-2.735937356948853
337854.500000001400000;-2.735937356948853
337879.480000001380000;-2.735937356948853
337904.460000001360000;-2.735937356948853
337929.440000001340000;-2.732187509536743
337954.420000001320000;-2.732187509536743
337979.400000001360000;-2.732187509536743
338004.380000001340000;-2.732187509536743
338029.360000001320000;-2.718437433242798
338054.340000001360000;-2.718437433242798
338079.320000001350000;-2.718437433242798
338104.300000001330000;-2.718437433242798
338129.280000001310000;-2.723749876022339
338154.260000001290000;-2.723749876022339
338179.240000001330000;-2.723749876022339
338204.220000001310000;-2.723749876022339
338229.200000001290000;-2.735937356948853
338254.180000001330000;-2.735937356948853
338279.160000001310000;-2.735937356948853
338304.140000001290000;-2.735937356948853
338329.120000001280000;-2.727812528610230
338354.100000001260000;-2.727812528610230
338379.080000001300000;-2.727812528610230
338404.060000001280000;-2.727812528610230
338429.040000001260000;-2.720000028610230
338454.020000001300000;-2.720000028610230
338479.000000001280000;-2.720000028610230
338503.980000001260000;-2.720000028610230
338528.960000001240000;-2.723437547683716
338553.940000001220000;-2.723437547683716
338578.920000001260000;-2.723437547683716
338603.900000001250000;-2.723437547683716
338628.880000001230000;-2.722812414169312
338653.860000001270000;-2.722812414169312
338678.840000001250000;-2.722812414169312
338703.820000001230000;-2.722812414169312
338728.800000001210000;-2.724375009536743
338753.780000001190000;-2.724375009536743
338778.760000001230000;-2.724375009536743
338803.740000001210000;-2.724375009536743
338828.720000001190000;-2.732499837875366
338853.700000001230000;-2.732499837875366
338878.680000001220000;-2.732499837875366
338903.660000001200000;-2.732499837875366
338928.640000001180000;-2.746249914169312
338953.620000001160000;-2.746249914169312
338978.600000001200000;-2.746249914169312
339003.580000001180000;-2.746249914169312
339028.560000001160000;-2.727812528610230
339053.540000001200000;-2.727812528610230
339078.520000001180000;-2.727812528610230
339103.500000001160000;-2.727812528610230
339128.480000001150000;-2.730312347412109
339153.460000001130000;-2.730312347412109
339178.440000001170000;-2.730312347412109
339203.420000001150000;-2.730312347412109
339228.400000001130000;-2.732187509536743
339253.380000001170000;-2.732187509536743
339278.360000001150000;-2.732187509536743
339303.340000001130000;-2.732187509536743
339328.320000001110000;-2.727499961853027
339353.300000001090000;-2.727499961853027
339378.280000001130000;-2.727499961853027
339403.260000001120000;-2.727499961853027
339428.240000001100000;-2.734687328338623
339453.220000001140000;-2.734687328338623
339478.200000001120000;-2.734687328338623
339503.180000001100000;-2.734687328338623
339528.160000001080000;-2.728749990463257
339553.140000001060000;-2.728749990463257
339578.120000001100000;-2.728749990463257
339603.100000001080000;-2.728749990463257
339628.080000001060000;-2.728749990463257
339653.060000001100000;-2.728749990463257
339678.040000001080000;-2.728749990463257
339703.020000001070000;-2.728749990463257
339728.000000001050000;-2.726562500000000
339752.980000001030000;-2.726562500000000
339777.960000001070000;-2.726562500000000
339802.940000001050000;-2.726562500000000
339827.920000001030000;-2.727812528610230
339852.900000001070000;-2.727812528610230
339877.880000001050000;-2.727812528610230
339902.860000001030000;-2.727812528610230
339927.840000001020000;-2.696562528610230
339952.820000001000000;-2.696562528610230
339977.800000001040000;-2.696562528610230
340002.780000001020000;-2.696562528610230
340027.760000001000000;-2.727499961853027
340052.740000001040000;-2.727499961853027
340077.720000001020000;-2.727499961853027
340102.700000001000000;-2.727499961853027
340127.680000000980000;-2.732187509536743
340152.660000000960000;-2.732187509536743
340177.640000001000000;-2.732187509536743
340202.620000000980000;-2.732187509536743
340227.600000000970000;-2.732499837875366
340252.580000001010000;-2.732499837875366
340277.560000000990000;-2.732499837875366
340302.540000000970000;-2.732499837875366
340327.520000000950000;-2.729687452316284
340352.500000000930000;-2.729687452316284
340377.480000000970000;-2.729687452316284
340402.460000000950000;-2.729687452316284
340427.440000000930000;-2.725625038146973
340452.420000000970000;-2.725625038146973
340477.400000000950000;-2.725625038146973
340502.380000000940000;-2.725625038146973
340527.360000000920000;-2.724999904632568
340552.340000000900000;-2.724999904632568
340577.320000000940000;-2.724999904632568
340602.300000000920000;-2.724999904632568
340627.280000000900000;-2.732187509536743
340652.260000000940000;-2.732187509536743
340677.240000000920000;-2.732187509536743
340702.220000000900000;-2.732187509536743
340727.200000000880000;-2.727499961853027
340752.180000000870000;-2.727499961853027
340777.160000000910000;-2.727499961853027
340802.140000000890000;-2.727499961853027
340827.120000000870000;-2.724375009536743
340852.100000000910000;-2.724375009536743
340877.080000000890000;-2.724375009536743
340902.060000000870000;-2.724375009536743
340927.040000000850000;-2.731250047683716
340952.020000000830000;-2.731250047683716
340977.000000000870000;-2.731250047683716
341001.980000000850000;-2.731250047683716
341026.960000000840000;-2.726562500000000
341051.940000000880000;-2.726562500000000
341076.920000000860000;-2.726562500000000
341101.900000000840000;-2.726562500000000
341126.880000000820000;-2.726562500000000
341151.860000000800000;-2.726562500000000
341176.840000000840000;-2.726562500000000
341201.820000000820000;-2.726562500000000
341226.800000000800000;-2.736875057220459
341251.780000000840000;-2.736875057220459
341276.760000000820000;-2.736875057220459
341301.740000000810000;-2.736875057220459
341326.720000000790000;-2.726874828338623
341351.700000000770000;-2.726874828338623
341376.680000000810000;-2.726874828338623
341401.660000000790000;-2.726874828338623
341426.640000000770000;-2.732812404632568
341451.620000000810000;-2.732812404632568
341476.600000000790000;-2.732812404632568
341501.580000000770000;-2.732812404632568
341526.560000000750000;-2.730312347412109
341551.540000000740000;-2.730312347412109
341576.520000000780000;-2.730312347412109
341601.500000000760000;-2.730312347412109
341626.480000000740000;-2.725312471389771
341651.460000000780000;-2.725312471389771
341676.440000000760000;-2.725312471389771
341701.420000000740000;-2.725312471389771
341726.400000000720000;-2.716249942779541
341751.380000000700000;-2.716249942779541
341776.360000000740000;-2.716249942779541
341801.340000000720000;-2.716249942779541
341826.320000000710000;-2.729062557220459
341851.300000000750000;-2.729062557220459
341876.280000000730000;-2.729062557220459
341901.260000000710000;-2.729062557220459
341926.240000000690000;-2.734999895095825
341951.220000000670000;-2.734999895095825
341976.200000000710000;-2.734999895095825
342001.180000000690000;-2.734999895095825
342026.160000000670000;-2.729062557220459
342051.140000000710000;-2.729062557220459
342076.120000000690000;-2.729062557220459
342101.100000000680000;-2.729062557220459
342126.080000000660000;-2.755937337875366
342151.060000000640000;-2.755937337875366
342176.040000000680000;-2.755937337875366
342201.020000000660000;-2.755937337875366
342226.000000000640000;-2.724375009536743
342250.980000000680000;-2.724375009536743
342275.960000000660000;-2.724375009536743
342300.940000000640000;-2.724375009536743
342325.920000000620000;-2.742812395095825
342350.900000000610000;-2.742812395095825
342375.880000000640000;-2.742812395095825
342400.860000000630000;-2.742812395095825
342425.840000000610000;-2.727812528610230
342450.820000000650000;-2.727812528610230
342475.800000000630000;-2.727812528610230
342500.780000000610000;-2.727812528610230
342525.760000000590000;-2.725937366485596
342550.740000000570000;-2.725937366485596
342575.720000000610000;-2.725937366485596
342600.700000000590000;-2.725937366485596
342625.680000000580000;-2.715625047683716
342650.660000000610000;-2.715625047683716
342675.640000000600000;-2.715625047683716
342700.620000000580000;-2.715625047683716
342725.600000000560000;-2.730312347412109
342750.580000000540000;-2.730312347412109
342775.560000000580000;-2.730312347412109
342800.540000000560000;-2.730312347412109
342825.520000000540000;-2.732812404632568
342850.500000000580000;-2.732812404632568
342875.480000000560000;-2.732812404632568
342900.460000000540000;-2.732812404632568
342925.440000000530000;-2.727812528610230
342950.420000000510000;-2.727812528610230
342975.400000000550000;-2.727812528610230
343000.380000000530000;-2.727812528610230
343025.360000000510000;-2.733437538146973
343050.340000000550000;-2.733437538146973
343075.320000000530000;-2.733437538146973
343100.300000000510000;-2.733437538146973
343125.280000000490000;-2.725937366485596
343150.260000000470000;-2.725937366485596
343175.240000000510000;-2.725937366485596
343200.220000000500000;-2.725937366485596
343225.200000000480000;-2.729374885559082
343250.180000000520000;-2.729374885559082
343275.160000000500000;-2.729374885559082
343300.140000000480000;-2.729374885559082
343325.120000000460000;-2.760937452316284
343350.100000000440000;-2.760937452316284
343375.080000000480000;-2.760937452316284
343400.060000000460000;-2.760937452316284
343425.040000000440000;-2.727499961853027
343450.020000000480000;-2.727499961853027
343475.000000000470000;-2.727499961853027
343499.980000000450000;-2.727499961853027
343524.960000000430000;-2.728124856948853
343549.940000000410000;-2.728124856948853
343574.920000000450000;-2.728124856948853
343599.900000000430000;-2.728124856948853
343624.880000000410000;-2.723437547683716
343649.860000000450000;-2.723437547683716
343674.840000000430000;-2.723437547683716
343699.820000000410000;-2.723437547683716
343724.800000000400000;-2.729062557220459
343749.780000000380000;-2.729062557220459
343774.760000000420000;-2.729062557220459
343799.740000000400000;-2.729062557220459
343824.720000000380000;-2.729687452316284
343849.700000000420000;-2.729687452316284
343874.680000000400000;-2.729687452316284
343899.660000000380000;-2.729687452316284
343924.640000000360000;-2.735937356948853
343949.620000000340000;-2.735937356948853
343974.600000000380000;-2.735937356948853
343999.580000000370000;-2.735937356948853
344024.560000000350000;-2.724687337875366
344049.540000000390000;-2.724687337875366
344074.520000000370000;-2.724687337875366
344099.500000000350000;-2.724687337875366
344124.480000000330000;-2.722187519073486
344149.460000000310000;-2.722187519073486
344174.440000000350000;-2.722187519073486
344199.420000000330000;-2.722187519073486
344224.400000000310000;-2.726249933242798
344249.380000000350000;-2.726249933242798
344274.360000000340000;-2.726249933242798
344299.340000000320000;-2.726249933242798
344324.320000000300000;-2.730000019073486
344349.300000000280000;-2.730000019073486
344374.280000000320000;-2.730000019073486
344399.260000000300000;-2.730000019073486
344424.240000000280000;-2.721562385559082
344449.220000000320000;-2.721562385559082
344474.200000000300000;-2.721562385559082
344499.180000000280000;-2.721562385559082
344524.160000000270000;-2.726249933242798
344549.140000000250000;-2.726249933242798
344574.120000000290000;-2.726249933242798
344599.100000000270000;-2.726249933242798
344624.080000000250000;-2.733749866485596
344649.060000000290000;-2.733749866485596
344674.040000000270000;-2.733749866485596
344699.020000000250000;-2.733749866485596
344724.000000000230000;-2.740624904632568
344748.980000000210000;-2.740624904632568
344773.960000000250000;-2.740624904632568
344798.940000000240000;-2.740624904632568
344823.920000000220000;-2.726874828338623
344848.900000000260000;-2.726874828338623
344873.880000000240000;-2.726874828338623
344898.860000000220000;-2.726874828338623
344923.840000000200000;-2.726874828338623
344948.820000000180000;-2.726874828338623
344973.800000000220000;-2.726874828338623
344998.780000000200000;-2.726874828338623
345023.760000000180000;-2.718750000000000
345048.740000000220000;-2.718750000000000
345073.720000000200000;-2.718750000000000
345098.700000000190000;-2.718750000000000
345123.680000000170000;-2.740624904632568
345148.660000000150000;-2.740624904632568
345173.640000000190000;-2.740624904632568
345198.620000000170000;-2.740624904632568
345223.600000000150000;-2.728749990463257
345248.580000000190000;-2.728749990463257
345273.560000000170000;-2.728749990463257
345298.540000000150000;-2.728749990463257
345323.520000000140000;-2.729062557220459
345348.500000000120000;-2.729062557220459
345373.480000000160000;-2.729062557220459
345398.460000000140000;-2.729062557220459
345423.440000000120000;-2.725937366485596
345448.420000000160000;-2.725937366485596
345473.400000000140000;-2.725937366485596
345498.380000000120000;-2.725937366485596
345523.360000000100000;-2.723749876022339
345548.340000000080000;-2.723749876022339
345573.320000000120000;-2.723749876022339
345598.300000000100000;-2.723749876022339
345623.280000000090000;-2.717499971389771
345648.260000000130000;-2.717499971389771
345673.240000000110000;-2.717499971389771
345698.220000000090000;-2.717499971389771
345723.200000000070000;-2.720937490463257
345748.180000000050000;-2.720937490463257
345773.160000000090000;-2.720937490463257
345798.140000000070000;-2.720937490463257
345823.120000000050000;-2.733124971389771
345848.100000000090000;-2.733124971389771
345873.080000000070000;-2.733124971389771
345898.060000000060000;-2.733124971389771
345923.040000000040000;-2.729374885559082
345948.020000000020000;-2.729374885559082
345973.000000000060000;-2.729374885559082
345997.980000000040000;-2.729374885559082
346022.960000000020000;-2.729374885559082
346047.940000000060000;-2.729374885559082
346072.920000000040000;-2.729374885559082
346097.900000000020000;-2.729374885559082
346122.880000000000000;-2.732187509536743
346147.859999999990000;-2.732187509536743
346172.840000000030000;-2.732187509536743
346197.820000000010000;-2.732187509536743
346222.799999999990000;-2.727187395095825
346247.780000000030000;-2.727187395095825
346272.760000000010000;-2.727187395095825
346297.739999999990000;-2.727187395095825
346322.719999999970000;-2.723437547683716
346347.699999999950000;-2.723437547683716
346372.679999999990000;-2.723437547683716
346397.659999999970000;-2.723437547683716
346422.639999999960000;-2.720624923706055
346447.620000000000000;-2.720624923706055
346472.599999999980000;-2.720624923706055
346497.579999999960000;-2.720624923706055
346522.559999999940000;-2.721250057220459
346547.539999999920000;-2.721250057220459
346572.519999999960000;-2.721250057220459
346597.499999999940000;-2.721250057220459
346622.479999999920000;-2.729062557220459
346647.459999999960000;-2.729062557220459
346672.439999999940000;-2.729062557220459
346697.419999999930000;-2.729062557220459
346722.399999999910000;-2.755625009536743
346747.379999999890000;-2.755625009536743
346772.359999999930000;-2.755625009536743
346797.339999999910000;-2.755625009536743
346822.319999999890000;-2.727187395095825
346847.299999999930000;-2.727187395095825
346872.279999999910000;-2.727187395095825
346897.259999999890000;-2.727187395095825
346922.239999999870000;-2.732812404632568
346947.219999999860000;-2.732812404632568
346972.199999999900000;-2.732812404632568
346997.179999999880000;-2.732812404632568
347022.159999999860000;-2.729374885559082
347047.139999999900000;-2.729374885559082
347072.119999999880000;-2.729374885559082
347097.099999999860000;-2.729374885559082
347122.079999999840000;-2.729687452316284
347147.059999999820000;-2.729687452316284
347172.039999999860000;-2.729687452316284
347197.019999999840000;-2.729687452316284
347221.999999999830000;-2.733749866485596
347246.979999999860000;-2.733749866485596
347271.959999999850000;-2.733749866485596
347296.939999999830000;-2.733749866485596
347321.919999999810000;-2.730000019073486
347346.899999999790000;-2.730000019073486
347371.879999999830000;-2.730000019073486
347396.859999999810000;-2.730000019073486
347421.839999999790000;-2.722499847412109
347446.819999999830000;-2.722499847412109
347471.799999999810000;-2.722499847412109
347496.779999999800000;-2.722499847412109
347521.759999999780000;-2.727187395095825
347546.739999999760000;-2.727187395095825
347571.719999999800000;-2.727187395095825
347596.699999999780000;-2.727187395095825
347621.679999999760000;-2.732812404632568
347646.659999999800000;-2.732812404632568
347671.639999999780000;-2.732812404632568
347696.619999999760000;-2.732812404632568
347721.599999999740000;-2.728437423706055
347746.579999999730000;-2.728437423706055
347771.559999999760000;-2.728437423706055
347796.539999999750000;-2.728437423706055
347821.519999999730000;-2.715937376022339
347846.499999999770000;-2.715937376022339
347871.479999999750000;-2.715937376022339
347896.459999999730000;-2.715937376022339
347921.439999999710000;-2.728749990463257
347946.419999999690000;-2.728749990463257
347971.399999999730000;-2.728749990463257
347996.379999999710000;-2.728749990463257
348021.359999999690000;-2.719687461853027
348046.339999999730000;-2.719687461853027
348071.319999999720000;-2.719687461853027
348096.299999999700000;-2.719687461853027
348121.279999999680000;-2.705937385559082
348146.259999999660000;-2.705937385559082
348171.239999999700000;-2.705937385559082
348196.219999999680000;-2.705937385559082
348221.199999999660000;-2.720937490463257
348246.179999999700000;-2.720937490463257
348271.159999999680000;-2.720937490463257
348296.139999999660000;-2.720937490463257
348321.119999999650000;-2.735312461853027
348346.099999999630000;-2.735312461853027
348371.079999999670000;-2.735312461853027
348396.059999999650000;-2.735312461853027
348421.039999999630000;-2.730937480926514
348446.019999999670000;-2.730937480926514
348470.999999999650000;-2.730937480926514
348495.979999999630000;-2.730937480926514
348520.959999999610000;-2.726249933242798
348545.939999999590000;-2.726249933242798
348570.919999999630000;-2.726249933242798
348595.899999999620000;-2.726249933242798
348620.879999999600000;-2.724999904632568
348645.859999999640000;-2.724999904632568
348670.839999999620000;-2.724999904632568
348695.819999999600000;-2.724999904632568
348720.799999999580000;-2.723437547683716
348745.779999999560000;-2.723437547683716
348770.759999999600000;-2.723437547683716
348795.739999999580000;-2.723437547683716
348820.719999999560000;-2.731250047683716
348845.699999999600000;-2.731250047683716
348870.679999999590000;-2.731250047683716
348895.659999999570000;-2.731250047683716
348920.639999999550000;-2.727812528610230
348945.619999999530000;-2.727812528610230
348970.599999999570000;-2.727812528610230
348995.579999999550000;-2.727812528610230
349020.559999999530000;-2.734999895095825
349045.539999999570000;-2.734999895095825
349070.519999999550000;-2.734999895095825
349095.499999999530000;-2.734999895095825
349120.479999999520000;-2.726249933242798
349145.459999999500000;-2.726249933242798
349170.439999999540000;-2.726249933242798
349195.419999999520000;-2.726249933242798
349220.399999999500000;-2.727812528610230
349245.379999999540000;-2.727812528610230
349270.359999999520000;-2.727812528610230
349295.339999999500000;-2.727812528610230
349320.319999999480000;-2.734999895095825
349345.299999999460000;-2.734999895095825
349370.279999999500000;-2.734999895095825
349395.259999999490000;-2.734999895095825
349420.239999999470000;-2.731874942779541
349445.219999999510000;-2.731874942779541
349470.199999999490000;-2.731874942779541
349495.179999999470000;-2.731874942779541
349520.159999999450000;-2.731562376022339
349545.139999999430000;-2.731562376022339
349570.119999999470000;-2.731562376022339
349595.099999999450000;-2.731562376022339
349620.079999999430000;-2.730624914169312
349645.059999999470000;-2.730624914169312
349670.039999999460000;-2.730624914169312
349695.019999999440000;-2.730624914169312
349719.999999999420000;-2.740000009536743
349744.979999999400000;-2.740000009536743
349769.959999999440000;-2.740000009536743
349794.939999999420000;-2.740000009536743
349819.919999999400000;-2.743749856948853
349844.899999999440000;-2.743749856948853
349869.879999999420000;-2.743749856948853
349894.859999999400000;-2.743749856948853
349919.839999999390000;-2.725312471389771
349944.819999999370000;-2.725312471389771
349969.799999999410000;-2.725312471389771
349994.779999999390000;-2.725312471389771
350019.759999999370000;-2.735937356948853
350044.739999999410000;-2.735937356948853
350069.719999999390000;-2.735937356948853
350094.699999999370000;-2.735937356948853
350119.679999999350000;-2.726249933242798
350144.659999999330000;-2.726249933242798
350169.639999999370000;-2.726249933242798
350194.619999999360000;-2.726249933242798
350219.599999999340000;-2.731874942779541
350244.579999999380000;-2.731874942779541
350269.559999999360000;-2.731874942779541
350294.539999999340000;-2.731874942779541
350319.519999999320000;-2.740937471389771
350344.499999999300000;-2.740937471389771
350369.479999999340000;-2.740937471389771
350394.459999999320000;-2.740937471389771
350419.439999999300000;-2.731562376022339
350444.419999999340000;-2.731562376022339
350469.399999999320000;-2.731562376022339
350494.379999999310000;-2.731562376022339
350519.359999999290000;-2.736875057220459
350544.339999999270000;-2.736875057220459
350569.319999999310000;-2.736875057220459
350594.299999999290000;-2.736875057220459
350619.279999999270000;-2.725312471389771
350644.259999999310000;-2.725312471389771
350669.239999999290000;-2.725312471389771
350694.219999999270000;-2.725312471389771
350719.199999999250000;-2.728124856948853
350744.179999999240000;-2.728124856948853
350769.159999999280000;-2.728124856948853
350794.139999999260000;-2.728124856948853
350819.119999999240000;-2.732187509536743
350844.099999999280000;-2.732187509536743
350869.079999999260000;-2.732187509536743
350894.059999999240000;-2.732187509536743
350919.039999999220000;-2.731562376022339
350944.019999999200000;-2.731562376022339
350968.999999999240000;-2.731562376022339
350993.979999999220000;-2.731562376022339
351018.959999999210000;-2.737187385559082
351043.939999999250000;-2.737187385559082
351068.919999999230000;-2.737187385559082
351093.899999999210000;-2.737187385559082
351118.879999999190000;-2.720624923706055
351143.859999999170000;-2.720624923706055
351168.839999999210000;-2.720624923706055
351193.819999999190000;-2.720624923706055
351218.799999999170000;-2.725625038146973
351243.779999999210000;-2.725625038146973
351268.759999999190000;-2.725625038146973
351293.739999999180000;-2.725625038146973
351318.719999999160000;-2.730000019073486
351343.699999999140000;-2.730000019073486
351368.679999999180000;-2.730000019073486
351393.659999999160000;-2.730000019073486
351418.639999999140000;-2.735937356948853
351443.619999999180000;-2.735937356948853
351468.599999999160000;-2.735937356948853
351493.579999999140000;-2.735937356948853
351518.559999999120000;-2.730624914169312
351543.539999999110000;-2.730624914169312
351568.519999999150000;-2.730624914169312
351593.499999999130000;-2.730624914169312
351618.479999999110000;-2.733437538146973
351643.459999999150000;-2.733437538146973
351668.439999999130000;-2.733437538146973
351693.419999999110000;-2.733437538146973
351718.399999999090000;-2.730000019073486
351743.379999999070000;-2.730000019073486
351768.359999999110000;-2.730000019073486
351793.339999999090000;-2.730000019073486
351818.319999999080000;-2.753437519073486
351843.299999999120000;-2.753437519073486
351868.279999999100000;-2.753437519073486
351893.259999999080000;-2.753437519073486
351918.239999999060000;-2.738124847412109
351943.219999999040000;-2.738124847412109
351968.199999999080000;-2.738124847412109
351993.179999999060000;-2.738124847412109
352018.159999999040000;-2.733437538146973
352043.139999999080000;-2.733437538146973
352068.119999999060000;-2.733437538146973
352093.099999999050000;-2.733437538146973
352118.079999999030000;-2.755312442779541
352143.059999999010000;-2.755312442779541
352168.039999999050000;-2.755312442779541
352193.019999999030000;-2.755312442779541
352217.999999999010000;-2.730000019073486
352242.979999999050000;-2.730000019073486
352267.959999999030000;-2.730000019073486
352292.939999999010000;-2.730000019073486
352317.919999998990000;-2.743124961853027
352342.899999998980000;-2.743124961853027
352367.879999999020000;-2.743124961853027
352392.859999999000000;-2.743124961853027
352417.839999998980000;-2.727499961853027
352442.819999999020000;-2.727499961853027
352467.799999999000000;-2.727499961853027
352492.779999998980000;-2.727499961853027
352517.759999998960000;-2.729374885559082
352542.739999998940000;-2.729374885559082
352567.719999998980000;-2.729374885559082
352592.699999998960000;-2.729374885559082
352617.679999998950000;-2.732187509536743
352642.659999998980000;-2.732187509536743
352667.639999998970000;-2.732187509536743
352692.619999998950000;-2.732187509536743
352717.599999998930000;-2.724687337875366
352742.579999998910000;-2.724687337875366
352767.559999998950000;-2.724687337875366
352792.539999998930000;-2.724687337875366
352817.519999998910000;-2.733124971389771
352842.499999998950000;-2.733124971389771
352867.479999998930000;-2.733124971389771
352892.459999998920000;-2.733124971389771
352917.439999998900000;-2.737499952316284
352942.419999998880000;-2.737499952316284
352967.399999998920000;-2.737499952316284
352992.379999998900000;-2.737499952316284
353017.359999998880000;-2.734687328338623
353042.339999998920000;-2.734687328338623
353067.319999998900000;-2.734687328338623
353092.299999998880000;-2.734687328338623
353117.279999998860000;-2.730312347412109
353142.259999998850000;-2.730312347412109
353167.239999998880000;-2.730312347412109
353192.219999998870000;-2.730312347412109
353217.199999998850000;-2.749687433242798
353242.179999998890000;-2.749687433242798
353267.159999998870000;-2.749687433242798
353292.139999998850000;-2.749687433242798
353317.119999998830000;-2.734375000000000
353342.099999998810000;-2.734375000000000
353367.079999998850000;-2.734375000000000
353392.059999998830000;-2.734375000000000
353417.039999998810000;-2.722187519073486
353442.019999998850000;-2.722187519073486
353466.999999998840000;-2.722187519073486
353491.979999998820000;-2.722187519073486
353516.959999998800000;-2.725937366485596
353541.939999998780000;-2.725937366485596
353566.919999998820000;-2.725937366485596
353591.899999998800000;-2.725937366485596
353616.879999998780000;-2.737187385559082
353641.859999998820000;-2.737187385559082
353666.839999998800000;-2.737187385559082
353691.819999998780000;-2.737187385559082
353716.799999998770000;-2.738749980926514
353741.779999998750000;-2.738749980926514
353766.759999998790000;-2.738749980926514
353791.739999998770000;-2.738749980926514
353816.719999998750000;-2.748437404632568
353841.699999998790000;-2.748437404632568
353866.679999998770000;-2.748437404632568
353891.659999998750000;-2.748437404632568
353916.639999998730000;-2.730937480926514
353941.619999998710000;-2.730937480926514
353966.599999998750000;-2.730937480926514
353991.579999998740000;-2.730937480926514
354016.559999998720000;-2.723437547683716
354041.539999998760000;-2.723437547683716
354066.519999998740000;-2.723437547683716
354091.499999998720000;-2.723437547683716
354116.479999998700000;-2.750937461853027
354141.459999998680000;-2.750937461853027
354166.439999998720000;-2.750937461853027
354191.419999998700000;-2.750937461853027
354216.399999998680000;-2.729374885559082
354241.379999998720000;-2.729374885559082
354266.359999998710000;-2.729374885559082
354291.339999998690000;-2.729374885559082
354316.319999998670000;-2.732187509536743
354341.299999998650000;-2.732187509536743
354366.279999998690000;-2.732187509536743
354391.259999998670000;-2.732187509536743
354416.239999998650000;-2.723749876022339
354441.219999998690000;-2.723749876022339
354466.199999998670000;-2.723749876022339
354491.179999998650000;-2.723749876022339
354516.159999998640000;-2.750312328338623
354541.139999998620000;-2.750312328338623
354566.119999998660000;-2.750312328338623
354591.099999998640000;-2.750312328338623
354616.079999998620000;-2.739687442779541
354641.059999998660000;-2.739687442779541
354666.039999998640000;-2.739687442779541
354691.019999998620000;-2.739687442779541
354715.999999998600000;-2.733437538146973
354740.979999998580000;-2.733437538146973
354765.959999998620000;-2.733437538146973
354790.939999998610000;-2.733437538146973
354815.919999998590000;-2.738437414169312
354840.899999998630000;-2.738437414169312
354865.879999998610000;-2.738437414169312
354890.859999998590000;-2.738437414169312
354915.839999998570000;-2.732187509536743
354940.819999998550000;-2.732187509536743
354965.799999998590000;-2.732187509536743
354990.779999998570000;-2.732187509536743
355015.759999998550000;-2.734687328338623
355040.739999998590000;-2.734687328338623
355065.719999998580000;-2.734687328338623
355090.699999998560000;-2.734687328338623
355115.679999998540000;-2.732812404632568
355140.659999998520000;-2.732812404632568
355165.639999998560000;-2.732812404632568
355190.619999998540000;-2.732812404632568
355215.599999998520000;-2.735625028610230
355240.579999998560000;-2.735625028610230
355265.559999998540000;-2.735625028610230
355290.539999998520000;-2.735625028610230
355315.519999998510000;-2.740624904632568
355340.499999998490000;-2.740624904632568
355365.479999998530000;-2.740624904632568
355390.459999998510000;-2.740624904632568
355415.439999998490000;-2.734062433242798
355440.419999998530000;-2.734062433242798
355465.399999998510000;-2.734062433242798
355490.379999998490000;-2.734062433242798
355515.359999998470000;-2.729062557220459
355540.339999998450000;-2.729062557220459
355565.319999998490000;-2.729062557220459
355590.299999998470000;-2.729062557220459
355615.279999998460000;-2.712187528610230
355640.259999998500000;-2.712187528610230
355665.239999998480000;-2.712187528610230
355690.219999998460000;-2.712187528610230
355715.199999998440000;-2.744374990463257
355740.179999998420000;-2.744374990463257
355765.159999998460000;-2.744374990463257
355790.139999998440000;-2.744374990463257
355815.119999998420000;-2.737812519073486
355840.099999998460000;-2.737812519073486
355865.079999998440000;-2.737812519073486
355890.059999998430000;-2.737812519073486
355915.039999998410000;-2.723437547683716
355940.019999998390000;-2.723437547683716
355964.999999998430000;-2.723437547683716
355989.979999998410000;-2.723437547683716
356014.959999998390000;-2.735625028610230
356039.939999998430000;-2.735625028610230
356064.919999998410000;-2.735625028610230
356089.899999998390000;-2.735625028610230
356114.879999998370000;-2.724687337875366
356139.859999998360000;-2.724687337875366
356164.839999998400000;-2.724687337875366
356189.819999998380000;-2.724687337875366
356214.799999998360000;-2.734687328338623
356239.779999998400000;-2.734687328338623
356264.759999998380000;-2.734687328338623
356289.739999998360000;-2.734687328338623
356314.719999998340000;-2.725312471389771
356339.699999998320000;-2.725312471389771
356364.679999998360000;-2.725312471389771
356389.659999998340000;-2.725312471389771
356414.639999998330000;-2.744062423706055
356439.619999998370000;-2.744062423706055
356464.599999998350000;-2.744062423706055
356489.579999998330000;-2.744062423706055
356514.559999998310000;-2.735625028610230
356539.539999998290000;-2.735625028610230
356564.519999998330000;-2.735625028610230
356589.499999998310000;-2.735625028610230
356614.479999998290000;-2.742812395095825
356639.459999998330000;-2.742812395095825
356664.439999998310000;-2.742812395095825
356689.419999998300000;-2.742812395095825
356714.399999998280000;-2.727187395095825
356739.379999998260000;-2.727187395095825
356764.359999998300000;-2.727187395095825
356789.339999998280000;-2.727187395095825
356814.319999998260000;-2.740624904632568
356839.299999998300000;-2.740624904632568
356864.279999998280000;-2.740624904632568
356889.259999998260000;-2.740624904632568
356914.239999998240000;-2.745312452316284
356939.219999998230000;-2.745312452316284
356964.199999998270000;-2.745312452316284
356989.179999998250000;-2.745312452316284
357014.159999998230000;-2.729687452316284
357039.139999998270000;-2.729687452316284
357064.119999998250000;-2.729687452316284
357089.099999998230000;-2.729687452316284
357114.079999998210000;-2.740624904632568
357139.059999998190000;-2.740624904632568
357164.039999998230000;-2.740624904632568
357189.019999998210000;-2.740624904632568
357213.999999998200000;-2.740000009536743
357238.979999998240000;-2.740000009536743
357263.959999998220000;-2.740000009536743
357288.939999998200000;-2.740000009536743
357313.919999998180000;-2.724687337875366
357338.899999998160000;-2.724687337875366
357363.879999998200000;-2.724687337875366
357388.859999998180000;-2.724687337875366
357413.839999998160000;-2.739687442779541
357438.819999998200000;-2.739687442779541
357463.799999998180000;-2.739687442779541
357488.779999998170000;-2.739687442779541
357513.759999998150000;-2.735625028610230
357538.739999998130000;-2.735625028610230
357563.719999998170000;-2.735625028610230
357588.699999998150000;-2.735625028610230
357613.679999998130000;-2.724375009536743
357638.659999998170000;-2.724375009536743
357663.639999998150000;-2.724375009536743
357688.619999998130000;-2.724375009536743
357713.599999998110000;-2.734375000000000
357738.579999998100000;-2.734375000000000
357763.559999998140000;-2.734375000000000
357788.539999998120000;-2.734375000000000
357813.519999998100000;-2.725312471389771
357838.499999998140000;-2.725312471389771
357863.479999998120000;-2.725312471389771
357888.459999998100000;-2.725312471389771
357913.439999998080000;-2.734062433242798
357938.419999998060000;-2.734062433242798
357963.399999998100000;-2.734062433242798
357988.379999998080000;-2.734062433242798
358013.359999998070000;-2.735937356948853
358038.339999998100000;-2.735937356948853
358063.319999998090000;-2.735937356948853
358088.299999998070000;-2.735937356948853
358113.279999998050000;-2.731250047683716
358138.259999998030000;-2.731250047683716
358163.239999998070000;-2.731250047683716
358188.219999998050000;-2.731250047683716
358213.199999998030000;-2.735937356948853
358238.179999998070000;-2.735937356948853
358263.159999998050000;-2.735937356948853
358288.139999998030000;-2.735937356948853
358313.119999998020000;-2.743749856948853
358338.099999998000000;-2.743749856948853
358363.079999998040000;-2.743749856948853
358388.059999998020000;-2.743749856948853
358413.039999998000000;-2.741874933242798
358438.019999998040000;-2.741874933242798
358462.999999998020000;-2.741874933242798
358487.979999998000000;-2.741874933242798
358512.959999997980000;-2.740000009536743
358537.939999997970000;-2.740000009536743
358562.919999998000000;-2.740000009536743
358587.899999997990000;-2.740000009536743
358612.879999997970000;-2.740937471389771
358637.859999998010000;-2.740937471389771
358662.839999997990000;-2.740937471389771
358687.819999997970000;-2.740937471389771
358712.799999997950000;-2.734999895095825
358737.779999997930000;-2.734999895095825
358762.759999997970000;-2.734999895095825
358787.739999997950000;-2.734999895095825
358812.719999997930000;-2.730624914169312
358837.699999997970000;-2.730624914169312
358862.679999997960000;-2.730624914169312
358887.659999997940000;-2.730624914169312
358912.639999997920000;-2.739687442779541
358937.619999997900000;-2.739687442779541
358962.599999997940000;-2.739687442779541
358987.579999997920000;-2.739687442779541
359012.559999997900000;-2.719062328338623
359037.539999997940000;-2.719062328338623
359062.519999997920000;-2.719062328338623
359087.499999997900000;-2.719062328338623
359112.479999997890000;-2.749374866485596
359137.459999997870000;-2.749374866485596
359162.439999997910000;-2.749374866485596
359187.419999997890000;-2.749374866485596
359212.399999997870000;-2.740937471389771
359237.379999997910000;-2.740937471389771
359262.359999997890000;-2.740937471389771
359287.339999997870000;-2.740937471389771
359312.319999997850000;-2.734375000000000
359337.299999997830000;-2.734375000000000
359362.279999997870000;-2.734375000000000
359387.259999997860000;-2.734375000000000
359412.239999997840000;-2.735312461853027
359437.219999997880000;-2.735312461853027
359462.199999997860000;-2.735312461853027
359487.179999997840000;-2.735312461853027
359512.159999997820000;-2.734999895095825
359537.139999997800000;-2.734999895095825
359562.119999997840000;-2.734999895095825
359587.099999997820000;-2.734999895095825
359612.079999997800000;-2.735937356948853
359637.059999997840000;-2.735937356948853
359662.039999997830000;-2.735937356948853
359687.019999997810000;-2.735937356948853
359711.999999997790000;-2.740000009536743
359736.979999997770000;-2.740000009536743
359761.959999997810000;-2.740000009536743
359786.939999997790000;-2.740000009536743
359811.919999997770000;-2.741250038146973
359836.899999997810000;-2.741250038146973
359861.879999997790000;-2.741250038146973
359886.859999997770000;-2.741250038146973
359911.839999997760000;-2.737499952316284
359936.819999997740000;-2.737499952316284
359961.799999997780000;-2.737499952316284
359986.779999997760000;-2.737499952316284
360011.759999997740000;-2.730937480926514
360036.739999997780000;-2.730937480926514
360061.719999997760000;-2.730937480926514
360086.699999997740000;-2.730937480926514
360111.679999997720000;-2.716562509536743
360136.659999997700000;-2.716562509536743
360161.639999997740000;-2.716562509536743
360186.619999997730000;-2.716562509536743
360211.599999997710000;-2.730000019073486
360236.579999997750000;-2.730000019073486
360261.559999997730000;-2.730000019073486
360286.539999997710000;-2.730000019073486
360311.519999997690000;-2.744062423706055
360336.499999997670000;-2.744062423706055
360361.479999997710000;-2.744062423706055
360386.459999997690000;-2.744062423706055
360411.439999997670000;-2.735625028610230
360436.419999997710000;-2.735625028610230
360461.399999997690000;-2.735625028610230
360486.379999997680000;-2.735625028610230
360511.359999997660000;-2.737187385559082
360536.339999997640000;-2.737187385559082
360561.319999997680000;-2.737187385559082
360586.299999997660000;-2.737187385559082
360611.279999997640000;-2.740312337875366
360636.259999997680000;-2.740312337875366
360661.239999997660000;-2.740312337875366
360686.219999997640000;-2.740312337875366
360711.199999997630000;-2.726874828338623
360736.179999997610000;-2.726874828338623
360761.159999997650000;-2.726874828338623
360786.139999997630000;-2.726874828338623
360811.119999997610000;-2.746249914169312
360836.099999997650000;-2.746249914169312
360861.079999997630000;-2.746249914169312
360886.059999997610000;-2.746249914169312
360911.039999997590000;-2.729687452316284
360936.019999997570000;-2.729687452316284
360960.999999997610000;-2.729687452316284
360985.979999997590000;-2.729687452316284
361010.959999997580000;-2.737499952316284
361035.939999997620000;-2.737499952316284
361060.919999997600000;-2.737499952316284
361085.899999997580000;-2.737499952316284
361110.879999997560000;-2.735312461853027
361135.859999997540000;-2.735312461853027
361160.839999997580000;-2.735312461853027
361185.819999997560000;-2.735312461853027
361210.799999997540000;-2.730624914169312
361235.779999997580000;-2.730624914169312
361260.759999997560000;-2.730624914169312
361285.739999997550000;-2.730624914169312
361310.719999997530000;-2.737812519073486
361335.699999997510000;-2.737812519073486
361360.679999997550000;-2.737812519073486
361385.659999997530000;-2.737812519073486
361410.639999997510000;-2.730312347412109
361435.619999997550000;-2.730312347412109
361460.599999997530000;-2.730312347412109
361485.579999997510000;-2.730312347412109
361510.559999997490000;-2.736562490463257
361535.539999997480000;-2.736562490463257
361560.519999997520000;-2.736562490463257
361585.499999997500000;-2.736562490463257
361610.479999997480000;-2.732812404632568
361635.459999997520000;-2.732812404632568
361660.439999997500000;-2.732812404632568
361685.419999997480000;-2.732812404632568
361710.399999997460000;-2.733437538146973
361735.379999997440000;-2.733437538146973
361760.359999997480000;-2.733437538146973
361785.339999997460000;-2.733437538146973
361810.319999997450000;-2.726249933242798
361835.299999997490000;-2.726249933242798
361860.279999997470000;-2.726249933242798
361885.259999997450000;-2.726249933242798
361910.239999997430000;-2.739374876022339
361935.219999997410000;-2.739374876022339
361960.199999997450000;-2.739374876022339
361985.179999997430000;-2.739374876022339
362010.159999997410000;-2.746249914169312
362035.139999997450000;-2.746249914169312
362060.119999997430000;-2.746249914169312
362085.099999997420000;-2.746249914169312
362110.079999997400000;-2.740312337875366
362135.059999997380000;-2.740312337875366
362160.039999997420000;-2.740312337875366
362185.019999997400000;-2.740312337875366
362209.999999997380000;-2.737812519073486
362234.979999997420000;-2.737812519073486
362259.959999997400000;-2.737812519073486
362284.939999997380000;-2.737812519073486
362309.919999997360000;-2.731874942779541
362334.899999997350000;-2.731874942779541
362359.879999997390000;-2.731874942779541
362384.859999997370000;-2.731874942779541
362409.839999997350000;-2.736562490463257
362434.819999997390000;-2.736562490463257
362459.799999997370000;-2.736562490463257
362484.779999997350000;-2.736562490463257
362509.759999997330000;-2.736875057220459
362534.739999997310000;-2.736875057220459
362559.719999997350000;-2.736875057220459
362584.699999997330000;-2.736875057220459
362609.679999997320000;-2.732187509536743
362634.659999997360000;-2.732187509536743
362659.639999997340000;-2.732187509536743
362684.619999997320000;-2.732187509536743
362709.599999997300000;-2.739374876022339
362734.579999997280000;-2.739374876022339
362759.559999997320000;-2.739374876022339
362784.539999997300000;-2.739374876022339
362809.519999997280000;-2.739062547683716
362834.499999997320000;-2.739062547683716
362859.479999997300000;-2.739062547683716
362884.459999997290000;-2.739062547683716
362909.439999997270000;-2.741562366485596
362934.419999997250000;-2.741562366485596
362959.399999997290000;-2.741562366485596
362984.379999997270000;-2.741562366485596
363009.359999997250000;-2.733437538146973
363034.339999997290000;-2.733437538146973
363059.319999997270000;-2.733437538146973
363084.299999997250000;-2.733437538146973
363109.279999997230000;-2.731562376022339
363134.259999997220000;-2.731562376022339
363159.239999997250000;-2.731562376022339
363184.219999997240000;-2.731562376022339
363209.199999997220000;-2.729062557220459
363234.179999997260000;-2.729062557220459
363259.159999997240000;-2.729062557220459
363284.139999997220000;-2.729062557220459
363309.119999997200000;-2.733749866485596
363334.099999997180000;-2.733749866485596
363359.079999997220000;-2.733749866485596
363384.059999997200000;-2.733749866485596
363409.039999997190000;-2.732187509536743
363434.019999997220000;-2.732187509536743
363458.999999997210000;-2.732187509536743
363483.979999997190000;-2.732187509536743
363508.959999997170000;-2.740937471389771
363533.939999997150000;-2.740937471389771
363558.919999997190000;-2.740937471389771
363583.899999997170000;-2.740937471389771
363608.879999997150000;-2.730624914169312
363633.859999997190000;-2.730624914169312
363658.839999997170000;-2.730624914169312
363683.819999997150000;-2.730624914169312
363708.799999997140000;-2.750937461853027
363733.779999997120000;-2.750937461853027
363758.759999997160000;-2.750937461853027
363783.739999997140000;-2.750937461853027
363808.719999997120000;-2.734062433242798
363833.699999997160000;-2.734062433242798
363858.679999997140000;-2.734062433242798
363883.659999997120000;-2.734062433242798
363908.639999997100000;-2.733437538146973
363933.619999997080000;-2.733437538146973
363958.599999997120000;-2.733437538146973
363983.579999997110000;-2.733437538146973
364008.559999997090000;-2.740937471389771
364033.539999997130000;-2.740937471389771
364058.519999997110000;-2.740937471389771
364083.499999997090000;-2.740937471389771
364108.479999997070000;-2.731250047683716
364133.459999997050000;-2.731250047683716
364158.439999997090000;-2.731250047683716
364183.419999997070000;-2.731250047683716
364208.399999997050000;-2.740000009536743
364233.379999997090000;-2.740000009536743
364258.359999997080000;-2.740000009536743
364283.339999997060000;-2.740000009536743
364308.319999997040000;-2.724687337875366
364333.299999997020000;-2.724687337875366
364358.279999997060000;-2.724687337875366
364383.259999997040000;-2.724687337875366
364408.239999997020000;-2.735937356948853
364433.219999997060000;-2.735937356948853
364458.199999997040000;-2.735937356948853
364483.179999997020000;-2.735937356948853
364508.159999997010000;-2.727499961853027
364533.139999996990000;-2.727499961853027
364558.119999997030000;-2.727499961853027
364583.099999997010000;-2.727499961853027
364608.079999996990000;-2.740000009536743
364633.059999997030000;-2.740000009536743
364658.039999997010000;-2.740000009536743
364683.019999996990000;-2.740000009536743
364707.999999996970000;-2.733437538146973
364732.979999996950000;-2.733437538146973
364757.959999996990000;-2.733437538146973
364782.939999996980000;-2.733437538146973
364807.919999996960000;-2.729687452316284
364832.899999997000000;-2.729687452316284
364857.879999996980000;-2.729687452316284
364882.859999996960000;-2.729687452316284
364907.839999996940000;-2.726874828338623
364932.819999996920000;-2.726874828338623
364957.799999996960000;-2.726874828338623
364982.779999996940000;-2.726874828338623
365007.759999996920000;-2.743437528610230
365032.739999996960000;-2.743437528610230
365057.719999996950000;-2.743437528610230
365082.699999996930000;-2.743437528610230
365107.679999996910000;-2.722812414169312
365132.659999996890000;-2.722812414169312
365157.639999996930000;-2.722812414169312
365182.619999996910000;-2.722812414169312
365207.599999996890000;-2.736249923706055
365232.579999996930000;-2.736249923706055
365257.559999996910000;-2.736249923706055
365282.539999996890000;-2.736249923706055
365307.519999996880000;-2.739062547683716
365332.499999996860000;-2.739062547683716
365357.479999996900000;-2.739062547683716
365382.459999996880000;-2.739062547683716
365407.439999996860000;-2.732187509536743
365432.419999996900000;-2.732187509536743
365457.399999996880000;-2.732187509536743
365482.379999996860000;-2.732187509536743
365507.359999996840000;-2.732812404632568
365532.339999996820000;-2.732812404632568
365557.319999996860000;-2.732812404632568
365582.299999996850000;-2.732812404632568
365607.279999996830000;-2.741874933242798
365632.259999996870000;-2.741874933242798
365657.239999996850000;-2.741874933242798
365682.219999996830000;-2.741874933242798
365707.199999996810000;-2.722812414169312
365732.179999996790000;-2.722812414169312
365757.159999996830000;-2.722812414169312
365782.139999996810000;-2.722812414169312
365807.119999996790000;-2.730312347412109
365832.099999996830000;-2.730312347412109
365857.079999996810000;-2.730312347412109
365882.059999996800000;-2.730312347412109
365907.039999996780000;-2.741562366485596
365932.019999996760000;-2.741562366485596
365956.999999996800000;-2.741562366485596
365981.979999996780000;-2.741562366485596
366006.959999996760000;-2.745312452316284
366031.939999996800000;-2.745312452316284
366056.919999996780000;-2.745312452316284
366081.899999996760000;-2.745312452316284
366106.879999996750000;-2.745312452316284
366131.859999996730000;-2.745312452316284
366156.839999996770000;-2.745312452316284
366181.819999996750000;-2.745312452316284
366206.799999996730000;-2.735625028610230
366231.779999996770000;-2.735625028610230
366256.759999996750000;-2.735625028610230
366281.739999996730000;-2.735625028610230
366306.719999996710000;-2.734375000000000
366331.699999996690000;-2.734375000000000
366356.679999996730000;-2.734375000000000
366381.659999996710000;-2.734375000000000
366406.639999996700000;-2.742812395095825
366431.619999996740000;-2.742812395095825
366456.599999996720000;-2.742812395095825
366481.579999996700000;-2.742812395095825
366506.559999996680000;-2.750624895095825
366531.539999996660000;-2.750624895095825
366556.519999996700000;-2.750624895095825
366581.499999996680000;-2.750624895095825
366606.479999996660000;-2.756249904632568
366631.459999996700000;-2.756249904632568
366656.439999996680000;-2.756249904632568
366681.419999996670000;-2.756249904632568
366706.399999996650000;-2.743437528610230
366731.379999996630000;-2.743437528610230
366756.359999996670000;-2.743437528610230
366781.339999996650000;-2.743437528610230
366806.319999996630000;-2.729687452316284
366831.299999996670000;-2.729687452316284
366856.279999996650000;-2.729687452316284
366881.259999996630000;-2.729687452316284
366906.239999996610000;-2.738749980926514
366931.219999996600000;-2.738749980926514
366956.199999996640000;-2.738749980926514
366981.179999996620000;-2.738749980926514
367006.159999996600000;-2.742499828338623
367031.139999996640000;-2.742499828338623
367056.119999996620000;-2.742499828338623
367081.099999996600000;-2.742499828338623
367106.079999996580000;-2.737187385559082
367131.059999996560000;-2.737187385559082
367156.039999996600000;-2.737187385559082
367181.019999996580000;-2.737187385559082
367205.999999996570000;-2.734999895095825
367230.979999996610000;-2.734999895095825
367255.959999996590000;-2.734999895095825
367280.939999996570000;-2.734999895095825
367305.919999996550000;-2.743124961853027
367330.899999996530000;-2.743124961853027
367355.879999996570000;-2.743124961853027
367380.859999996550000;-2.743124961853027
367405.839999996530000;-2.746562480926514
367430.819999996570000;-2.746562480926514
367455.799999996550000;-2.746562480926514
367480.779999996540000;-2.746562480926514
367505.759999996520000;-2.737499952316284
367530.739999996500000;-2.737499952316284
367555.719999996540000;-2.737499952316284
367580.699999996520000;-2.737499952316284
367605.679999996500000;-2.737187385559082
367630.659999996540000;-2.737187385559082
367655.639999996520000;-2.737187385559082
367680.619999996500000;-2.737187385559082
367705.599999996480000;-2.750000000000000
367730.579999996470000;-2.750000000000000
367755.559999996510000;-2.750000000000000
367780.539999996490000;-2.750000000000000
367805.519999996470000;-2.738749980926514
367830.499999996510000;-2.738749980926514
367855.479999996490000;-2.738749980926514
367880.459999996470000;-2.738749980926514
367905.439999996450000;-2.745312452316284
367930.419999996430000;-2.745312452316284
367955.399999996470000;-2.745312452316284
367980.379999996450000;-2.745312452316284
368005.359999996440000;-2.740312337875366
368030.339999996470000;-2.740312337875366
368055.319999996460000;-2.740312337875366
368080.299999996440000;-2.740312337875366
368105.279999996420000;-2.744687557220459
368130.259999996400000;-2.744687557220459
368155.239999996440000;-2.744687557220459
368180.219999996420000;-2.744687557220459
368205.199999996400000;-2.732812404632568
368230.179999996440000;-2.732812404632568
368255.159999996420000;-2.732812404632568
368280.139999996410000;-2.732812404632568
368305.119999996390000;-2.740937471389771
368330.099999996370000;-2.740937471389771
368355.079999996410000;-2.740937471389771
368380.059999996390000;-2.740937471389771
368405.039999996370000;-2.738437414169312
368430.019999996410000;-2.738437414169312
368454.999999996390000;-2.738437414169312
368479.979999996370000;-2.738437414169312
368504.959999996350000;-2.731250047683716
368529.939999996340000;-2.731250047683716
368554.919999996370000;-2.731250047683716
368579.899999996360000;-2.731250047683716
368604.879999996340000;-2.740937471389771
368629.859999996380000;-2.740937471389771
368654.839999996360000;-2.740937471389771
368679.819999996340000;-2.740937471389771
368704.799999996320000;-2.738749980926514
368729.779999996300000;-2.738749980926514
368754.759999996340000;-2.738749980926514
368779.739999996320000;-2.738749980926514
368804.719999996300000;-2.729374885559082
368829.699999996340000;-2.729374885559082
368854.679999996330000;-2.729374885559082
368879.659999996310000;-2.729374885559082
368904.639999996290000;-2.740624904632568
368929.619999996270000;-2.740624904632568
368954.599999996310000;-2.740624904632568
368979.579999996290000;-2.740624904632568
369004.559999996270000;-2.740000009536743
369029.539999996310000;-2.740000009536743
369054.519999996290000;-2.740000009536743
369079.499999996270000;-2.740000009536743
369104.479999996260000;-2.735937356948853
369129.459999996240000;-2.735937356948853
369154.439999996280000;-2.735937356948853
369179.419999996260000;-2.735937356948853
369204.399999996240000;-2.740624904632568
369229.379999996280000;-2.740624904632568
369254.359999996260000;-2.740624904632568
369279.339999996240000;-2.740624904632568
369304.319999996220000;-2.734999895095825
369329.299999996200000;-2.734999895095825
369354.279999996240000;-2.734999895095825
369379.259999996230000;-2.734999895095825
369404.239999996210000;-2.734062433242798
369429.219999996250000;-2.734062433242798
369454.199999996230000;-2.734062433242798
369479.179999996210000;-2.734062433242798
369504.159999996190000;-2.741562366485596
369529.139999996170000;-2.741562366485596
369554.119999996210000;-2.741562366485596
369579.099999996190000;-2.741562366485596
369604.079999996170000;-2.743749856948853
369629.059999996210000;-2.743749856948853
369654.039999996200000;-2.743749856948853
369679.019999996180000;-2.743749856948853
369703.999999996160000;-2.735625028610230
369728.979999996140000;-2.735625028610230
369753.959999996180000;-2.735625028610230
369778.939999996160000;-2.735625028610230
369803.919999996140000;-2.727187395095825
369828.899999996180000;-2.727187395095825
369853.879999996160000;-2.727187395095825
369878.859999996140000;-2.727187395095825
369903.839999996130000;-2.741250038146973
369928.819999996110000;-2.741250038146973
369953.799999996150000;-2.741250038146973
369978.779999996130000;-2.741250038146973
370003.759999996110000;-2.730312347412109
370028.739999996150000;-2.730312347412109
370053.719999996130000;-2.730312347412109
370078.699999996110000;-2.730312347412109
370103.679999996090000;-2.730312347412109
370128.659999996070000;-2.730312347412109
370153.639999996110000;-2.730312347412109
370178.619999996100000;-2.730312347412109
370203.599999996080000;-2.740624904632568
370228.579999996120000;-2.740624904632568
370253.559999996100000;-2.740624904632568
370278.539999996080000;-2.740624904632568
370303.519999996060000;-2.744687557220459
370328.499999996040000;-2.744687557220459
370353.479999996080000;-2.744687557220459
370378.459999996060000;-2.744687557220459
370403.439999996040000;-2.740312337875366
370428.419999996080000;-2.740312337875366
370453.399999996070000;-2.740312337875366
370478.379999996050000;-2.740312337875366
370503.359999996030000;-2.734687328338623
370528.339999996010000;-2.734687328338623
370553.319999996050000;-2.734687328338623
370578.299999996030000;-2.734687328338623
370603.279999996010000;-2.742812395095825
370628.259999996050000;-2.742812395095825
370653.239999996030000;-2.742812395095825
370678.219999996010000;-2.742812395095825
370703.199999996000000;-2.736249923706055
370728.179999995980000;-2.736249923706055
370753.159999996020000;-2.736249923706055
370778.139999996000000;-2.736249923706055
370803.119999995980000;-2.739062547683716
370828.099999996020000;-2.739062547683716
370853.079999996000000;-2.739062547683716
370878.059999995980000;-2.739062547683716
370903.039999995960000;-2.740312337875366
370928.019999995940000;-2.740312337875366
370952.999999995980000;-2.740312337875366
370977.979999995970000;-2.740312337875366
371002.959999995950000;-2.739687442779541
371027.939999995990000;-2.739687442779541
371052.919999995970000;-2.739687442779541
371077.899999995950000;-2.739687442779541
371102.879999995930000;-2.733437538146973
371127.859999995910000;-2.733437538146973
371152.839999995950000;-2.733437538146973
371177.819999995930000;-2.733437538146973
371202.799999995910000;-2.736249923706055
371227.779999995950000;-2.736249923706055
371252.759999995930000;-2.736249923706055
371277.739999995920000;-2.736249923706055
371302.719999995900000;-2.738437414169312
371327.699999995880000;-2.738437414169312
371352.679999995920000;-2.738437414169312
371377.659999995900000;-2.738437414169312
371402.639999995880000;-2.752187490463257
371427.619999995920000;-2.752187490463257
371452.599999995900000;-2.752187490463257
371477.579999995880000;-2.752187490463257
371502.559999995860000;-2.745625019073486
371527.539999995850000;-2.745625019073486
371552.519999995890000;-2.745625019073486
371577.499999995870000;-2.745625019073486
371602.479999995850000;-2.732499837875366
371627.459999995890000;-2.732499837875366
371652.439999995870000;-2.732499837875366
371677.419999995850000;-2.732499837875366
371702.399999995830000;-2.742499828338623
371727.379999995810000;-2.742499828338623
371752.359999995850000;-2.742499828338623
371777.339999995830000;-2.742499828338623
371802.319999995820000;-2.742499828338623
371827.299999995860000;-2.742499828338623
371852.279999995840000;-2.742499828338623
371877.259999995820000;-2.742499828338623
371902.239999995800000;-2.756249904632568
371927.219999995780000;-2.756249904632568
371952.199999995820000;-2.756249904632568
371977.179999995800000;-2.756249904632568
372002.159999995780000;-2.743124961853027
372027.139999995820000;-2.743124961853027
372052.119999995800000;-2.743124961853027
372077.099999995790000;-2.743124961853027
372102.079999995770000;-2.738749980926514
372127.059999995750000;-2.738749980926514
372152.039999995790000;-2.738749980926514
372177.019999995770000;-2.738749980926514
372201.999999995750000;-2.739374876022339
372226.979999995790000;-2.739374876022339
372251.959999995770000;-2.739374876022339
372276.939999995750000;-2.739374876022339
372301.919999995730000;-2.726562500000000
372326.899999995720000;-2.726562500000000
372351.879999995760000;-2.726562500000000
372376.859999995740000;-2.726562500000000
372401.839999995720000;-2.744374990463257
372426.819999995760000;-2.744374990463257
372451.799999995740000;-2.744374990463257
372476.779999995720000;-2.744374990463257
372501.759999995700000;-2.729687452316284
372526.739999995680000;-2.729687452316284
372551.719999995720000;-2.729687452316284
372576.699999995700000;-2.729687452316284
372601.679999995690000;-2.740937471389771
372626.659999995730000;-2.740937471389771
372651.639999995710000;-2.740937471389771
372676.619999995690000;-2.740937471389771
372701.599999995670000;-2.745312452316284
372726.579999995650000;-2.745312452316284
372751.559999995690000;-2.745312452316284
372776.539999995670000;-2.745312452316284
372801.519999995650000;-2.740937471389771
372826.499999995690000;-2.740937471389771
372851.479999995670000;-2.740937471389771
372876.459999995660000;-2.740937471389771
372901.439999995640000;-2.744374990463257
372926.419999995620000;-2.744374990463257
372951.399999995660000;-2.744374990463257
372976.379999995640000;-2.744374990463257
373001.359999995620000;-2.740312337875366
373026.339999995660000;-2.740312337875366
373051.319999995640000;-2.740312337875366
373076.299999995620000;-2.740312337875366
373101.279999995600000;-2.736875057220459
373126.259999995590000;-2.736875057220459
373151.239999995630000;-2.736875057220459
373176.219999995610000;-2.736875057220459
373201.199999995590000;-2.743749856948853
373226.179999995630000;-2.743749856948853
373251.159999995610000;-2.743749856948853
373276.139999995590000;-2.743749856948853
373301.119999995570000;-2.740000009536743
373326.099999995550000;-2.740000009536743
373351.079999995590000;-2.740000009536743
373376.059999995570000;-2.740000009536743
373401.039999995560000;-2.740312337875366
373426.019999995590000;-2.740312337875366
373450.999999995580000;-2.740312337875366
373475.979999995560000;-2.740312337875366
373500.959999995540000;-2.741874933242798
373525.939999995520000;-2.741874933242798
373550.919999995560000;-2.741874933242798
373575.899999995540000;-2.741874933242798
373600.879999995520000;-2.743124961853027
373625.859999995560000;-2.743124961853027
373650.839999995540000;-2.743124961853027
373675.819999995520000;-2.743124961853027
373700.799999995510000;-2.738749980926514
373725.779999995490000;-2.738749980926514
373750.759999995530000;-2.738749980926514
373775.739999995510000;-2.738749980926514
373800.719999995490000;-2.750000000000000
373825.699999995530000;-2.750000000000000
373850.679999995510000;-2.750000000000000
373875.659999995490000;-2.750000000000000
373900.639999995470000;-2.741874933242798
373925.619999995460000;-2.741874933242798
373950.599999995490000;-2.741874933242798
373975.579999995480000;-2.741874933242798
374000.559999995460000;-2.743124961853027
374025.539999995500000;-2.743124961853027
374050.519999995480000;-2.743124961853027
374075.499999995460000;-2.743124961853027
374100.479999995440000;-2.736562490463257
374125.459999995420000;-2.736562490463257
374150.439999995460000;-2.736562490463257
374175.419999995440000;-2.736562490463257
374200.399999995420000;-2.737187385559082
374225.379999995460000;-2.737187385559082
374250.359999995450000;-2.737187385559082
374275.339999995430000;-2.737187385559082
374300.319999995410000;-2.749687433242798
374325.299999995390000;-2.749687433242798
374350.279999995430000;-2.749687433242798
374375.259999995410000;-2.749687433242798
374400.239999995390000;-2.743437528610230
374425.219999995430000;-2.743437528610230
374450.199999995410000;-2.743437528610230
374475.179999995390000;-2.743437528610230
374500.159999995380000;-2.741562366485596
374525.139999995360000;-2.741562366485596
374550.119999995400000;-2.741562366485596
374575.099999995380000;-2.741562366485596
374600.079999995360000;-2.751874923706055
374625.059999995400000;-2.751874923706055
374650.039999995380000;-2.751874923706055
374675.019999995360000;-2.751874923706055
374699.999999995340000;-2.740000009536743
374724.979999995320000;-2.740000009536743
374749.959999995360000;-2.740000009536743
374774.939999995350000;-2.740000009536743
374799.919999995330000;-2.713437557220459
374824.899999995370000;-2.713437557220459
374849.879999995350000;-2.713437557220459
374874.859999995330000;-2.713437557220459
374899.839999995310000;-2.741562366485596
374924.819999995290000;-2.741562366485596
374949.799999995330000;-2.741562366485596
374974.779999995310000;-2.741562366485596
374999.759999995290000;-2.744999885559082
375024.739999995330000;-2.744999885559082
375049.719999995320000;-2.744999885559082
375074.699999995300000;-2.744999885559082
375099.679999995280000;-2.752187490463257
375124.659999995260000;-2.752187490463257
375149.639999995300000;-2.752187490463257
375174.619999995280000;-2.752187490463257
375199.599999995260000;-2.755937337875366
375224.579999995300000;-2.755937337875366
375249.559999995280000;-2.755937337875366
375274.539999995260000;-2.755937337875366
375299.519999995250000;-2.732187509536743
375324.499999995230000;-2.732187509536743
375349.479999995270000;-2.732187509536743
375374.459999995250000;-2.732187509536743
375399.439999995230000;-2.735312461853027
375424.419999995270000;-2.735312461853027
375449.399999995250000;-2.735312461853027
375474.379999995230000;-2.735312461853027
375499.359999995210000;-2.744062423706055
375524.339999995190000;-2.744062423706055
375549.319999995230000;-2.744062423706055
375574.299999995220000;-2.744062423706055
375599.279999995200000;-2.748124837875366
375624.259999995240000;-2.748124837875366
375649.239999995220000;-2.748124837875366
375674.219999995200000;-2.748124837875366
375699.199999995180000;-2.741562366485596
375724.179999995160000;-2.741562366485596
375749.159999995200000;-2.741562366485596
375774.139999995180000;-2.741562366485596
375799.119999995160000;-2.744687557220459
375824.099999995200000;-2.744687557220459
375849.079999995190000;-2.744687557220459
375874.059999995170000;-2.744687557220459
375899.039999995150000;-2.743437528610230
375924.019999995130000;-2.743437528610230
375948.999999995170000;-2.743437528610230
375973.979999995150000;-2.743437528610230
375998.959999995130000;-2.744999885559082
376023.939999995170000;-2.744999885559082
376048.919999995150000;-2.744999885559082
376073.899999995130000;-2.744999885559082
376098.879999995120000;-2.747499942779541
376123.859999995100000;-2.747499942779541
376148.839999995140000;-2.747499942779541
376173.819999995120000;-2.747499942779541
376198.799999995100000;-2.743749856948853
376223.779999995140000;-2.743749856948853
376248.759999995120000;-2.743749856948853
376273.739999995100000;-2.743749856948853
376298.719999995080000;-2.730624914169312
376323.699999995060000;-2.730624914169312
376348.679999995100000;-2.730624914169312
376373.659999995080000;-2.730624914169312
376398.639999995070000;-2.752500057220459
376423.619999995110000;-2.752500057220459
376448.599999995090000;-2.752500057220459
376473.579999995070000;-2.752500057220459
376498.559999995050000;-2.742812395095825
376523.539999995030000;-2.742812395095825
376548.519999995070000;-2.742812395095825
376573.499999995050000;-2.742812395095825
376598.479999995030000;-2.742499828338623
376623.459999995070000;-2.742499828338623
376648.439999995050000;-2.742499828338623
376673.419999995040000;-2.742499828338623
376698.399999995020000;-2.741250038146973
376723.379999995000000;-2.741250038146973
376748.359999995040000;-2.741250038146973
376773.339999995020000;-2.741250038146973
376798.319999995000000;-2.740000009536743
376823.299999995040000;-2.740000009536743
376848.279999995020000;-2.740000009536743
376873.259999995000000;-2.740000009536743
376898.239999994980000;-2.743124961853027
376923.219999994970000;-2.743124961853027
376948.199999995010000;-2.743124961853027
376973.179999994990000;-2.743124961853027
376998.159999994970000;-2.741562366485596
377023.139999995010000;-2.741562366485596
377048.119999994990000;-2.741562366485596
377073.099999994970000;-2.741562366485596
377098.079999994950000;-2.739687442779541
377123.059999994930000;-2.739687442779541
377148.039999994970000;-2.739687442779541
377173.019999994950000;-2.739687442779541
377197.999999994940000;-2.740000009536743
377222.979999994980000;-2.740000009536743
377247.959999994960000;-2.740000009536743
377272.939999994940000;-2.740000009536743
377297.919999994920000;-2.740937471389771
377322.899999994900000;-2.740937471389771
377347.879999994940000;-2.740937471389771
377372.859999994920000;-2.740937471389771
377397.839999994900000;-2.736249923706055
377422.819999994940000;-2.736249923706055
377447.799999994920000;-2.736249923706055
377472.779999994910000;-2.736249923706055
377497.759999994890000;-2.735625028610230
377522.739999994870000;-2.735625028610230
377547.719999994910000;-2.735625028610230
377572.699999994890000;-2.735625028610230
377597.679999994870000;-2.748749971389771
377622.659999994910000;-2.748749971389771
377647.639999994890000;-2.748749971389771
377672.619999994870000;-2.748749971389771
377697.599999994850000;-2.736249923706055
377722.579999994840000;-2.736249923706055
377747.559999994880000;-2.736249923706055
377772.539999994860000;-2.736249923706055
377797.519999994840000;-2.741562366485596
377822.499999994880000;-2.741562366485596
377847.479999994860000;-2.741562366485596
377872.459999994840000;-2.741562366485596
377897.439999994820000;-2.753749847412109
377922.419999994800000;-2.753749847412109
377947.399999994840000;-2.753749847412109
377972.379999994820000;-2.753749847412109
377997.359999994810000;-2.744687557220459
378022.339999994850000;-2.744687557220459
378047.319999994830000;-2.744687557220459
378072.299999994810000;-2.744687557220459
378097.279999994790000;-2.747187376022339
378122.259999994770000;-2.747187376022339
378147.239999994810000;-2.747187376022339
378172.219999994790000;-2.747187376022339
378197.199999994770000;-2.750937461853027
378222.179999994810000;-2.750937461853027
378247.159999994790000;-2.750937461853027
378272.139999994780000;-2.750937461853027
378297.119999994760000;-2.735937356948853
378322.099999994740000;-2.735937356948853
378347.079999994780000;-2.735937356948853
378372.059999994760000;-2.735937356948853
378397.039999994740000;-2.740624904632568
378422.019999994780000;-2.740624904632568
378446.999999994760000;-2.740624904632568
378471.979999994740000;-2.740624904632568
378496.959999994720000;-2.734375000000000
378521.939999994710000;-2.734375000000000
378546.919999994750000;-2.734375000000000
378571.899999994730000;-2.734375000000000
378596.879999994710000;-2.749687433242798
378621.859999994750000;-2.749687433242798
378646.839999994730000;-2.749687433242798
378671.819999994710000;-2.749687433242798
378696.799999994690000;-2.744687557220459
378721.779999994670000;-2.744687557220459
378746.759999994710000;-2.744687557220459
378771.739999994690000;-2.744687557220459
378796.719999994680000;-2.740624904632568
378821.699999994710000;-2.740624904632568
378846.679999994700000;-2.740624904632568
378871.659999994680000;-2.740624904632568
378896.639999994660000;-2.753437519073486
378921.619999994640000;-2.753437519073486
378946.599999994680000;-2.753437519073486
378971.579999994660000;-2.753437519073486
378996.559999994640000;-2.740937471389771
379021.539999994680000;-2.740937471389771
379046.519999994660000;-2.740937471389771
379071.499999994640000;-2.740937471389771
379096.479999994630000;-2.739374876022339
379121.459999994610000;-2.739374876022339
379146.439999994650000;-2.739374876022339
379171.419999994630000;-2.739374876022339
379196.399999994610000;-2.741562366485596
379221.379999994650000;-2.741562366485596
379246.359999994630000;-2.741562366485596
379271.339999994610000;-2.741562366485596
379296.319999994590000;-2.746562480926514
379321.299999994580000;-2.746562480926514
379346.279999994610000;-2.746562480926514
379371.259999994600000;-2.746562480926514
379396.239999994580000;-2.759999990463257
379421.219999994620000;-2.759999990463257
379446.199999994600000;-2.759999990463257
379471.179999994580000;-2.759999990463257
379496.159999994560000;-2.749062538146973
379521.139999994540000;-2.749062538146973
379546.119999994580000;-2.749062538146973
379571.099999994560000;-2.749062538146973
379596.079999994540000;-2.748749971389771
379621.059999994580000;-2.748749971389771
379646.039999994570000;-2.748749971389771
379671.019999994550000;-2.748749971389771
379695.999999994530000;-2.736875057220459
379720.979999994510000;-2.736875057220459
379745.959999994550000;-2.736875057220459
379770.939999994530000;-2.736875057220459
379795.919999994510000;-2.727499961853027
379820.899999994550000;-2.727499961853027
379845.879999994530000;-2.727499961853027
379870.859999994510000;-2.727499961853027
379895.839999994500000;-2.740312337875366
379920.819999994480000;-2.740312337875366
379945.799999994520000;-2.740312337875366
379970.779999994500000;-2.740312337875366
379995.759999994480000;-2.736875057220459
380020.739999994520000;-2.736875057220459
380045.719999994500000;-2.736875057220459
380070.699999994480000;-2.736875057220459
380095.679999994460000;-2.740312337875366
380120.659999994440000;-2.740312337875366
380145.639999994480000;-2.740312337875366
380170.619999994470000;-2.740312337875366
380195.599999994450000;-2.743124961853027
380220.579999994490000;-2.743124961853027
380245.559999994470000;-2.743124961853027
380270.539999994450000;-2.743124961853027
380295.519999994430000;-2.744374990463257
380320.499999994410000;-2.744374990463257
380345.479999994450000;-2.744374990463257
380370.459999994430000;-2.744374990463257
380395.439999994410000;-2.743124961853027
380420.419999994450000;-2.743124961853027
380445.399999994440000;-2.743124961853027
380470.379999994420000;-2.743124961853027
380495.359999994400000;-2.743749856948853
380520.339999994380000;-2.743749856948853
380545.319999994420000;-2.743749856948853
380570.299999994400000;-2.743749856948853
380595.279999994380000;-2.744374990463257
380620.259999994420000;-2.744374990463257
380645.239999994400000;-2.744374990463257
380670.219999994380000;-2.744374990463257
380695.199999994370000;-2.747499942779541
380720.179999994350000;-2.747499942779541
380745.159999994390000;-2.747499942779541
380770.139999994370000;-2.747499942779541
380795.119999994350000;-2.741250038146973
380820.099999994390000;-2.741250038146973
380845.079999994370000;-2.741250038146973
380870.059999994350000;-2.741250038146973
380895.039999994330000;-2.743749856948853
380920.019999994310000;-2.743749856948853
380944.999999994350000;-2.743749856948853
380969.979999994340000;-2.743749856948853
380994.959999994320000;-2.748124837875366
381019.939999994360000;-2.748124837875366
381044.919999994340000;-2.748124837875366
381069.899999994320000;-2.748124837875366
381094.879999994300000;-2.740624904632568
381119.859999994280000;-2.740624904632568
381144.839999994320000;-2.740624904632568
381169.819999994300000;-2.740624904632568
381194.799999994280000;-2.738124847412109
381219.779999994320000;-2.738124847412109
381244.759999994300000;-2.738124847412109
381269.739999994290000;-2.738124847412109
381294.719999994270000;-2.746875047683716
381319.699999994250000;-2.746875047683716
381344.679999994290000;-2.746875047683716
381369.659999994270000;-2.746875047683716
381394.639999994250000;-2.738437414169312
381419.619999994290000;-2.738437414169312
381444.599999994270000;-2.738437414169312
381469.579999994250000;-2.738437414169312
381494.559999994240000;-2.739687442779541
381519.539999994220000;-2.739687442779541
381544.519999994260000;-2.739687442779541
381569.499999994240000;-2.739687442779541
381594.479999994220000;-2.736249923706055
381619.459999994260000;-2.736249923706055
381644.439999994240000;-2.736249923706055
381669.419999994220000;-2.736249923706055
381694.399999994200000;-2.744687557220459
381719.379999994180000;-2.744687557220459
381744.359999994220000;-2.744687557220459
381769.339999994200000;-2.744687557220459
381794.319999994190000;-2.738437414169312
381819.299999994230000;-2.738437414169312
381844.279999994210000;-2.738437414169312
381869.259999994190000;-2.738437414169312
381894.239999994170000;-2.751250028610230
381919.219999994150000;-2.751250028610230
381944.199999994190000;-2.751250028610230
381969.179999994170000;-2.751250028610230
381994.159999994150000;-2.744062423706055
382019.139999994190000;-2.744062423706055
382044.119999994170000;-2.744062423706055
382069.099999994160000;-2.744062423706055
382094.079999994140000;-2.747812509536743
382119.059999994120000;-2.747812509536743
382144.039999994160000;-2.747812509536743
382169.019999994140000;-2.747812509536743
382193.999999994120000;-2.750000000000000
382218.979999994160000;-2.750000000000000
382243.959999994140000;-2.750000000000000
382268.939999994120000;-2.750000000000000
382293.919999994100000;-2.749062538146973
382318.899999994090000;-2.749062538146973
382343.879999994130000;-2.749062538146973
382368.859999994110000;-2.749062538146973
382393.839999994090000;-2.740000009536743
382418.819999994130000;-2.740000009536743
382443.799999994110000;-2.740000009536743
382468.779999994090000;-2.740000009536743
382493.759999994070000;-2.750000000000000
382518.739999994050000;-2.750000000000000
382543.719999994090000;-2.750000000000000
382568.699999994070000;-2.750000000000000
382593.679999994060000;-2.744374990463257
382618.659999994100000;-2.744374990463257
382643.639999994080000;-2.744374990463257
382668.619999994060000;-2.744374990463257
382693.599999994040000;-2.750312328338623
382718.579999994020000;-2.750312328338623
382743.559999994060000;-2.750312328338623
382768.539999994040000;-2.750312328338623
382793.519999994020000;-2.753124952316284
382818.499999994060000;-2.753124952316284
382843.479999994040000;-2.753124952316284
382868.459999994030000;-2.753124952316284
382893.439999994010000;-2.756562471389771
382918.419999993990000;-2.756562471389771
382943.399999994030000;-2.756562471389771
382968.379999994010000;-2.756562471389771
382993.359999993990000;-2.739062547683716
383018.339999994030000;-2.739062547683716
383043.319999994010000;-2.739062547683716
383068.299999993990000;-2.739062547683716
383093.279999993970000;-2.748124837875366
383118.259999993960000;-2.748124837875366
383143.239999994000000;-2.748124837875366
383168.219999993980000;-2.748124837875366
383193.199999993960000;-2.742499828338623
383218.179999994000000;-2.742499828338623
383243.159999993980000;-2.742499828338623
383268.139999993960000;-2.742499828338623
383293.119999993940000;-2.740937471389771
383318.099999993920000;-2.740937471389771
383343.079999993960000;-2.740937471389771
383368.059999993940000;-2.740937471389771
383393.039999993930000;-2.740937471389771
383418.019999993970000;-2.740937471389771
383442.999999993950000;-2.740937471389771
383467.979999993930000;-2.740937471389771
383492.959999993910000;-2.744374990463257
383517.939999993890000;-2.744374990463257
383542.919999993930000;-2.744374990463257
383567.899999993910000;-2.744374990463257
383592.879999993890000;-2.758749961853027
383617.859999993930000;-2.758749961853027
383642.839999993910000;-2.758749961853027
383667.819999993900000;-2.758749961853027
383692.799999993880000;-2.758749961853027
383717.779999993860000;-2.758749961853027
383742.759999993900000;-2.758749961853027
383767.739999993880000;-2.758749961853027
383792.719999993860000;-2.734999895095825
383817.699999993900000;-2.734999895095825
383842.679999993880000;-2.734999895095825
383867.659999993860000;-2.734999895095825
383892.639999993840000;-2.744062423706055
383917.619999993830000;-2.744062423706055
383942.599999993860000;-2.744062423706055
383967.579999993850000;-2.744062423706055
383992.559999993830000;-2.748749971389771
384017.539999993870000;-2.748749971389771
384042.519999993850000;-2.748749971389771
384067.499999993830000;-2.748749971389771
384092.479999993810000;-2.739687442779541
384117.459999993790000;-2.739687442779541
384142.439999993830000;-2.739687442779541
384167.419999993810000;-2.739687442779541
384192.399999993800000;-2.743124961853027
384217.379999993830000;-2.743124961853027
384242.359999993820000;-2.743124961853027
384267.339999993800000;-2.743124961853027
384292.319999993780000;-2.753437519073486
384317.299999993760000;-2.753437519073486
384342.279999993800000;-2.753437519073486
384367.259999993780000;-2.753437519073486
384392.239999993760000;-2.739374876022339
384417.219999993800000;-2.739374876022339
384442.199999993780000;-2.739374876022339
384467.179999993760000;-2.739374876022339
384492.159999993750000;-2.744062423706055
384517.139999993730000;-2.744062423706055
384542.119999993770000;-2.744062423706055
384567.099999993750000;-2.744062423706055
384592.079999993730000;-2.747499942779541
384617.059999993770000;-2.747499942779541
384642.039999993750000;-2.747499942779541
384667.019999993730000;-2.747499942779541
384691.999999993710000;-2.741562366485596
384716.979999993690000;-2.741562366485596
384741.959999993730000;-2.741562366485596
384766.939999993720000;-2.741562366485596
384791.919999993700000;-2.741250038146973
384816.899999993740000;-2.741250038146973
384841.879999993720000;-2.741250038146973
384866.859999993700000;-2.741250038146973
384891.839999993680000;-2.747187376022339
384916.819999993660000;-2.747187376022339
384941.799999993700000;-2.747187376022339
384966.779999993680000;-2.747187376022339
384991.759999993660000;-2.746562480926514
385016.739999993700000;-2.746562480926514
385041.719999993690000;-2.746562480926514
385066.699999993670000;-2.746562480926514
385091.679999993650000;-2.758437395095825
385116.659999993630000;-2.758437395095825
385141.639999993670000;-2.758437395095825
385166.619999993650000;-2.758437395095825
385191.599999993630000;-2.740000009536743
385216.579999993670000;-2.740000009536743
385241.559999993650000;-2.740000009536743
385266.539999993630000;-2.740000009536743
385291.519999993620000;-2.747499942779541
385316.499999993600000;-2.747499942779541
385341.479999993640000;-2.747499942779541
385366.459999993620000;-2.747499942779541
385391.439999993600000;-2.749062538146973
385416.419999993640000;-2.749062538146973
385441.399999993620000;-2.749062538146973
385466.379999993600000;-2.749062538146973
385491.359999993580000;-2.750937461853027
385516.339999993560000;-2.750937461853027
385541.319999993600000;-2.750937461853027
385566.299999993590000;-2.750937461853027
385591.279999993570000;-2.740000009536743
385616.259999993610000;-2.740000009536743
385641.239999993590000;-2.740000009536743
385666.219999993570000;-2.740000009536743
385691.199999993550000;-2.744374990463257
385716.179999993530000;-2.744374990463257
385741.159999993570000;-2.744374990463257
385766.139999993550000;-2.744374990463257
385791.119999993530000;-2.751250028610230
385816.099999993570000;-2.751250028610230
385841.079999993560000;-2.751250028610230
385866.059999993540000;-2.751250028610230
385891.039999993520000;-2.751562356948853
385916.019999993500000;-2.751562356948853
385940.999999993540000;-2.751562356948853
385965.979999993520000;-2.751562356948853
385990.959999993500000;-2.747187376022339
386015.939999993540000;-2.747187376022339
386040.919999993520000;-2.747187376022339
386065.899999993500000;-2.747187376022339
386090.879999993490000;-2.744374990463257
386115.859999993470000;-2.744374990463257
386140.839999993510000;-2.744374990463257
386165.819999993490000;-2.744374990463257
386190.799999993470000;-2.746249914169312
386215.779999993510000;-2.746249914169312
386240.759999993490000;-2.746249914169312
386265.739999993470000;-2.746249914169312
386290.719999993450000;-2.744374990463257
386315.699999993430000;-2.744374990463257
386340.679999993470000;-2.744374990463257
386365.659999993460000;-2.744374990463257
386390.639999993440000;-2.741874933242798
386415.619999993480000;-2.741874933242798
386440.599999993460000;-2.741874933242798
386465.579999993440000;-2.741874933242798
386490.559999993420000;-2.743124961853027
386515.539999993400000;-2.743124961853027
386540.519999993440000;-2.743124961853027
386565.499999993420000;-2.743124961853027
386590.479999993400000;-2.750624895095825
386615.459999993440000;-2.750624895095825
386640.439999993420000;-2.750624895095825
386665.419999993410000;-2.750624895095825
