"TimeMin","Mean_with epithelium","Mean_without epithelium","SD_with epithelium","SD_without epithelium","Lower_with epithelium","Lower_without epithelium","Upper_with epithelium","Upper_without epithelium"
0,0,0,0,0,0,0,0,0
0.00180663686666668,2.06410166715432e-05,-1.53017775777206e-05,1.49105437343271e-05,3.16259601664513e-06,5.73047293721609e-06,-1.84643735943657e-05,3.55515604058703e-05,-1.21391815610755e-05
0.00361327373333336,4.12999779863566e-05,-3.06547686024552e-05,2.99107265855068e-05,6.55152127711484e-06,1.13892514008498e-05,-3.720628987957e-05,7.12107045718634e-05,-2.41032473253403e-05
0.00541991060000004,6.19477018304613e-05,-4.60532072674577e-05,4.49614950754838e-05,1.01610460781172e-05,1.69862067549775e-05,-5.62142533455749e-05,0.000106909196905945,-3.58921611893406e-05
0.00722654746666672,8.25821604616947e-05,-6.14918258810125e-05,6.00632798622903e-05,1.39885971801852e-05,2.25188805994044e-05,-7.54804230611977e-05,0.000142645440323985,-4.75032287008273e-05
0.0090331843333334,0.000103202577739944,-7.69640489210632e-05,7.52159901124665e-05,1.80244621880322e-05,2.79865876274778e-05,-9.49885111090953e-05,0.000178418567852411,-5.8939586733031e-05
0.0108398212000001,0.000123807938369194,-9.24641148130619e-05,9.04204856122374e-05,2.22630848746946e-05,3.33874527569564e-05,-0.000114727199687756,0.000214228423981431,-7.02010299383672e-05
0.0126464580666668,0.000144397011590434,-0.000107986423180212,0.00010567828545857,2.6701213347178e-05,3.87187261318641e-05,-0.00013468763652739,0.000250075297049004,-8.12852098330341e-05
0.0144530949333334,0.000164969057758794,-0.00012352472695329,0.00012098930972671,3.13296403880091e-05,4.3979748032084e-05,-0.000154854367341299,0.000285958367485505,-9.21950865652811e-05
0.0162597318000001,0.000185523037299757,-0.00013907323458206,0.00013635447590597,3.61429482483531e-05,4.91685613937868e-05,-0.000175216182830413,0.000321877513205726,-0.000102930286333707
0.0180663686666668,0.000206057713037837,-0.000154626081420607,0.000151775230015858,4.11372763763745e-05,5.42824830219791e-05,-0.000195763357796982,0.000357832943053696,-0.000113488805044233
0.0198730055333335,0.000226572376022985,-0.000170177314644436,0.000167251507505333,4.63038877351121e-05,5.93208685176527e-05,-0.000216481202379548,0.000393823883528318,-0.000123873426909324
0.0216796424000002,0.000247065956602515,-0.000185721078520324,0.000182784288034359,5.16374680572127e-05,6.42816685681551e-05,-0.000237358546577537,0.000429850244636874,-0.000134083610463112
0.0234862792666668,0.000267537222784427,-0.000201251312548094,0.000198374935611089,5.71336181264e-05,6.91622871733383e-05,-0.000258384930674493,0.000465912158395515,-0.000144117694421694
0.0252929161333335,0.000287985490513417,-0.000216762323940258,0.000214023405525819,6.278403608794e-05,7.39620849875972e-05,-0.000279546360028198,0.000502008896039236,-0.000153978287852318
0.0270995530000002,0.00030840965425839,-0.000232248158573342,0.000229730744073803,6.85834761605417e-05,7.86789101845867e-05,-0.000300831634733884,0.000538140398332193,-0.000163664682412801
0.0289061898666669,0.00032880849881088,-0.0002477026285081,0.00024549822432115,7.45270704555321e-05,8.33102744897301e-05,-0.000322229698963632,0.000574306723132031,-0.000173175558052568
0.0307128267333336,0.00034918135921048,-0.000263120266786577,0.00026132582586513,8.06069173052768e-05,8.78555333453501e-05,-0.000343727184091854,0.000610507185075609,-0.000182513349481301
0.0325194636000002,0.000369527088247736,-0.00027849498668717,0.000277214666101779,8.68178044163044e-05,9.23124221459579e-05,-0.000365312791103474,0.000646741754349515,-0.000191677182270866
0.0343261004666669,0.000389844499097581,-0.000293820541246541,0.000293165918223709,9.31544652226642e-05,9.66785808738719e-05,-0.000386975006469205,0.00068301041732129,-0.000200666076023876
0.0361327373333336,0.000410132940094819,-0.000309091655128895,0.000309179590600266,9.96093632456445e-05,0.000100953349494553,-0.000408701018374539,0.000719312530695085,-0.00020948229188325
0.0379393742000003,0.000430391216551157,-0.000324302074807066,0.000325256876195444,0.000106177284683424,0.000105134340355714,-0.00043047935949049,0.000755648092746601,-0.000218124790123642
0.039746011066667,0.000450618181625505,-0.000339445562708581,0.000341398839395432,0.000112852634285657,0.000109219342230073,-0.000452298196994238,0.000792017021020937,-0.000226592928422923
0.0415526479333336,0.000470813191147015,-0.000354517000913019,0.000357605521808304,0.000119628205767427,0.00011320766933871,-0.000474145206680446,0.000828418712955319,-0.000234888795145593
0.0433592848000003,0.000490974997149167,-0.000369509934878577,0.000373878196431933,0.0001264987488202,0.000117096800717234,-0.000496008683698777,0.0008648531935811,-0.000243011186058377
0.045165921666667,0.000511102504374875,-0.000384418204840453,0.000390217809913483,0.000133458409504073,0.000120884694461392,-0.000517876614344526,0.000901320314288359,-0.000250959795336381
0.0469725585333337,0.000531195070347709,-0.000399236816084454,0.00040662444156659,0.000140500276729513,0.000124570628781119,-0.000539737092813967,0.000937819511914298,-0.000258736539354941
0.0487791954000003,0.00055125138802263,-0.000413959078847759,0.000423099448888003,0.000147619028685195,0.000128151939134627,-0.000561578107532955,0.000974350836910634,-0.000266340050162564
0.050585832266667,0.000571270425326316,-0.000428578979587509,0.000439643651855236,0.000154808622735746,0.00013162677347108,-0.000583387602323255,0.00101091407718155,-0.000273770356851763
0.0523924691333337,0.000591251535677428,-0.000443067226522199,0.000456257171951958,0.000162096895095734,0.00013499436372547,-0.000605164121617933,0.00104750870762939,-0.000280970331426465
0.0541991060000004,0.000611193347151768,-0.00045738185872696,0.000472941455641058,0.000169527917381578,0.000138251891510711,-0.000626909776108538,0.00108413480279283,-0.000287853941345382
0.0560057428666671,0.000631094902460499,-0.000471519163611722,0.000489697187297452,0.000177092577757718,0.000141397715163047,-0.00064861174136944,0.00112079208975795,-0.000294426585854004
0.0578123797333338,0.000650955545116886,-0.000485477557671271,0.000506524535041714,0.000184779829709106,0.000144431010075172,-0.000670257387380377,0.0011574800801586,-0.000300697727962165
0.0596190166000004,0.000670773832517185,-0.000499252025352666,0.000523425038768124,0.000192580925302114,0.000147348793749061,-0.00069183295065478,0.00119419887128531,-0.000306671100050552
0.0614256534666671,0.000690548893757964,-0.000512840050241616,0.000540399238317454,0.000200485412641455,0.00015014965544051,-0.000713325462883071,0.00123094813207542,-0.000312354637600162
0.0632322903333338,0.000710280056646194,-0.000526239949170578,0.000557447352913139,0.000208482605471073,0.000152832703733054,-0.000734722554641651,0.00126772740955933,-0.000317757343699506
0.0650389272000005,0.000729965802099905,-0.000539446419351971,0.000574571020346316,0.000216563507791376,0.000155394781753589,-0.000756009927143347,0.00130453682244622,-0.000322882911560595
0.0668455640666672,0.000749605357199413,-0.000552457349169937,0.000591770626992368,0.00022471761357147,0.000157834730207045,-0.000777174962741407,0.00134137598419178,-0.000327739735598467
0.0686522009333338,0.000769198028246458,-0.000565270937893172,0.000609046447642871,0.000232934538756894,0.000160151580603588,-0.000798205476650066,0.00137824447588933,-0.000332336399136278
0.0704588378000005,0.000788742213879902,-0.000577881577598104,0.000626400222452995,0.000241204981224833,0.000162341991426907,-0.000819086558822937,0.0014151424363329,-0.000336676596373271
0.0722654746666672,0.000808237250765199,-0.000590287597269944,0.000643832175399339,0.000249518496922947,0.00016440507536586,-0.000839806094192891,0.00145206942616454,-0.000340769100346996
0.0740721115333339,0.000827682417898034,-0.000602487060712068,0.000661342641308524,0.000257864945941796,0.00016633977658951,-0.000860352006653864,0.00148902505920656,-0.000344622114770272
0.0758787484000005,0.000847076025838273,-0.000614474036963702,0.000678933467164811,0.000266234661977386,0.000168142558673463,-0.000880708698941087,0.00152600949300308,-0.000348239374986316
0.0776853852666672,0.000866417532436004,-0.000626247331414331,0.000696604705615228,0.000274617379071335,0.000169812826820776,-0.000900864710485666,0.00156302223805123,-0.000351629952342995
0.0794920221333339,0.00088570618358146,-0.000637804854500336,0.000714356755986792,0.000283003143400566,0.000171349427594668,-0.000920807997900902,0.00160006293956825,-0.00035480171109977
0.0812986590000006,0.000904940195955048,-0.000649140334322251,0.000732191576559299,0.000291381866424597,0.000172748619395749,-0.000940522200746848,0.00163713177251435,-0.000357758467897654
0.0831052958666673,0.000924119160192426,-0.000660253088476117,0.000750109039717256,0.000299743576391651,0.00017401012047517,-0.000959996664867769,0.00167422819990968,-0.000360509512084466
0.0849119327333339,0.000943242283277337,-0.00067114085613087,0.000768109613755073,0.00030807844750919,0.000175132669522264,-0.000979219303640059,0.00171135189703241,-0.00036306240862168
0.0867185696000006,0.000962307682211376,-0.000681797006546061,0.000786195372713375,0.000316375910941582,0.000176112309498001,-0.000998172917487644,0.00174850305492475,-0.000365421095604479
0.0885252064666673,0.00098131509201503,-0.000692221405328419,0.000804365999782739,0.000324626405259232,0.000176949092232291,-0.00101684781058765,0.00178568109179777,-0.000367595000069187
0.090331843333334,0.00100026367496655,-0.000702411602476561,0.000822622036690314,0.000332820174642792,0.000177641638276232,-0.00103523177711935,0.00182288571165686,-0.000369591427833769
0.0921384802000007,0.00101915144258748,-0.000712360590508665,0.000840965677703971,0.000340946111903446,0.000178185764883508,-0.00105330670241211,0.00186011712029145,-0.000371414478605219
0.0939451170666673,0.0010379782858844,-0.000722068818844032,0.000859396407888802,0.000348995182049177,0.000178581877995601,-0.00107106400089321,0.0018973746937732,-0.000373073636794855
0.095751753933334,0.00105674331662915,-0.000731533630410504,0.000877914846869573,0.000356957641175924,0.000178828469759578,-0.00108849127158643,0.00193465816349872,-0.00037457598923458
0.0975583908000007,0.00107544443506408,-0.000740747623082705,0.000896523313608806,0.000364821785685628,0.000178921121455278,-0.00110556940876833,0.00197196774867289,-0.000375925837397078
0.0993650276666674,0.0010940816997812,-0.000749711865896163,0.000915221086112224,0.000372579223137079,0.000178860613668973,-0.00112229108903324,0.00200930278589342,-0.000377132642759084
0.101171664533334,0.00111265414374531,-0.00075842338935869,0.000934008897412975,0.000380220120224943,0.000178645246332338,-0.00113864350958363,0.00204666304115829,-0.000378203269133747
0.102978301400001,0.00113115961762165,-0.000766874641141306,0.000952889102504214,0.000387732248663367,0.000178270515117434,-0.00115460688980467,0.00208404872012586,-0.00037914239247794
0.104784938266667,0.00114959829168585,-0.000775067083357605,0.000971860856530484,0.000395107844897816,0.000177737435155369,-0.00117017492825542,0.00212145914821634,-0.000379959238459789
0.106591575133334,0.00116796909139052,-0.000782997330312431,0.000990925039608762,0.000402336852427652,0.000177044051781759,-0.00118533418274008,0.00215889413099928,-0.000380660477884779
0.108398212000001,0.00118626994824087,-0.000790658181557426,0.00101008386646785,0.000409406817211664,0.000176186081773026,-0.00120006499876909,0.00219635381470872,-0.000381251364345762
0.110204848866667,0.00120450101957889,-0.000798051008101227,0.00102933654122017,0.000416310363706952,0.000175164478358718,-0.00121436137180818,0.00223383756079906,-0.000381740644394275
0.112011485733334,0.00122266115715123,-0.000805172145571682,0.00104868403974596,0.000423037215099095,0.000173977117405274,-0.00122820936067078,0.00227134519689719,-0.000382134930472587
0.113818122600001,0.00124074838490239,-0.000812014781203962,0.00106812842757657,0.000429574807706132,0.000172619957325816,-0.00124158958891009,0.00230887681247896,-0.00038243997349783
0.115624759466668,0.00125876284144092,-0.000818580177000069,0.00108766896225917,0.000435916095939217,0.000171093879181748,-0.00125449627293929,0.00234643180370009,-0.000382664081060852
0.117431396333334,0.00127670329900775,-0.000824864372009643,0.00110730671990152,0.000442050524614201,0.000169396579106236,-0.00126691489662384,0.00238401001890927,-0.000382813847395442
0.119238033200001,0.00129456788558648,-0.000830860976954116,0.00112704360790769,0.000447965536521641,0.000167524277678788,-0.00127882651347576,0.00242161149349416,-0.000382895440432475
0.121044670066668,0.00131235671525285,-0.00083657112692743,0.00114687894172393,0.000453654357970657,0.00016547777352892,-0.00129022548489809,0.00245923565697678,-0.000382916768956773
0.122851306933334,0.00133006847494064,-0.000841990546499203,0.00116681390215297,0.000459106097348337,0.000163254572787675,-0.00130109664384754,0.00249688237709361,-0.000382884449150866
0.124657943800001,0.00134770140827397,-0.00084711330568035,0.00118685022953823,0.000464308320033725,0.000160851178735732,-0.00131142162571407,0.0025345516378122,-0.000382804985646625
0.126464580666668,0.00136525559899482,-0.000851940394755921,0.00120698730169172,0.00046925446617563,0.000158268297303103,-0.00132119486093155,0.00257224290068655,-0.000382685928580291
0.128271217533334,0.0013827296429307,-0.000856467205913298,0.00122722640857729,0.000473933249676457,0.000155503234353405,-0.00133040045558976,0.00260995605150799,-0.000382533956236841
0.130077854400001,0.00140012191094539,-0.000860688304256219,0.00124756911454529,0.000478332474617435,0.000152552796400102,-0.00133902077887365,0.00264769102549068,-0.000382355829638784
0.131884491266668,0.0014174324506478,-0.000864604517358599,0.00126801486423993,0.000482445736930246,0.000149417586407872,-0.00134705025428885,0.00268544731488773,-0.000382158780428353
0.133691128133334,0.00143465976095842,-0.000868210887124809,0.00128856506125132,0.000486261297974282,0.000146094699707096,-0.00135447218509909,0.00272322482220973,-0.000381949589150527
0.135497765000001,0.00145180235158121,-0.00087150250955434,0.00130922108500581,0.00048976731664808,0.000142581266575399,-0.00136126982620242,0.00276102343658703,-0.00038173519290626
0.137304401866668,0.00146886022819188,-0.000874480031608322,0.00132998245144547,0.00049295748660902,0.000138877776746411,-0.00136743751821734,0.00279884267963734,-0.000381522544999303
0.139111038733334,0.00148583178700418,-0.000877138127007052,0.00135085068225262,0.000495819558616728,0.000134981104751564,-0.00137295768562378,0.00283668246925679,-0.000381318568390324
0.140917675600001,0.00150271568816224,-0.000879472458447864,0.00137182696299733,0.00049834216250094,0.000130888725164908,-0.0013778146209488,0.00287454265115956,-0.000381130295946924
0.142724312466668,0.00151951188960813,-0.000881483474378456,0.00139291088538543,0.000500519031587715,0.000126601004222698,-0.00138200250596617,0.00291242277499356,-0.000380964442790741
0.144530949333334,0.00153621881760147,-0.000883165462432687,0.00141410389771476,0.000502337347979008,0.000122114919886711,-0.00138550281041169,0.00295032271531622,-0.000380828114453679
0.146337586200001,0.00155285366456251,-0.000884514687809713,0.00143538100333098,0.000503786328551373,0.000117472661231528,-0.00138830101636109,0.00298823466789349,-0.00038072835925834
0.148144223066668,0.00156943302495877,-0.000885531382541611,0.00145671827086129,0.000504859688241085,0.000112714754097478,-0.0013903910707827,0.00302615129582006,-0.000380671694300525
0.149950859933334,0.0015859565262335,-0.000886279598194288,0.00147811541524424,0.000505643214860088,0.000107841110989259,-0.00139192281305438,0.00306407194147774,-0.0003806363833342
0.151757496800001,0.00160242430434162,-0.000886841009685308,0.00149957159515434,0.00050624671332799,0.000102852709187275,-0.0013930877230133,0.00310199589949596,-0.000380594296357318
0.153564133666668,0.00161883698940381,-0.000887221771738653,0.00152108545699925,0.000506672529460652,9.77515324045648e-05,-0.0013938943011993,0.00313992244640306,-0.000380549242278001
0.155370770533334,0.0016351941591113,-0.000887423930266634,0.00154265674771232,0.000506918673702809,9.2537411398988e-05,-0.00139434260396944,0.00317785090682362,-0.000380505256563825
0.157177407400001,0.00165149605616894,-0.000887451719869759,0.00156428451631724,0.000506985299772233,8.72115398517052e-05,-0.00139443701964199,0.00321578057248618,-0.000380466420097526
0.158984044266668,0.00166774325369958,-0.000887310355031551,0.00158596748687838,0.000506873645968939,8.17757668212054e-05,-0.00139418400100049,0.00325371074057796,-0.000380436709062612
0.160790681133335,0.00168393528040657,-0.000887001840023968,0.0016077054335049,0.000506581542979822,7.62298469016705e-05,-0.00139358338300379,0.00329164071391146,-0.000380420297044146
0.162597318000001,0.00170007248421603,-0.000886530704375454,0.00162949730520595,0.00050610949303751,7.05751790100787e-05,-0.00139264019741296,0.00332956978942197,-0.000380421211337944
0.164403954866668,0.00171615538201753,-0.000885901909281563,0.0016513418988846,0.000505458565686365,6.48134831329253e-05,-0.00139136047496793,0.00336749728090213,-0.000380443343595198
0.166210591733335,0.00173218345429103,-0.000885117439704931,0.00167323901100835,0.000504626410692511,5.89444432826808e-05,-0.00138974385039744,0.00340542246529938,-0.00038049102901242
0.168017228600001,0.00174815715265495,-0.000884182075440782,0.00169518750020743,0.000503613881125841,5.2969652447518e-05,-0.00138779595656662,0.00344334465286238,-0.000380568194314941
0.169823865466668,0.00176407693852977,-0.000883100546727279,0.00171718623140486,0.000502421876613279,4.68907071249007e-05,-0.00138552242334056,0.00348126316993463,-0.000380678670114
0.171630502333335,0.00177994224493656,-0.000881874841547846,0.0017392350186095,0.00050104786484125,4.07072263270657e-05,-0.0013829227063891,0.00351917726354606,-0.000380826976706597
0.173437139200001,0.00179575362565728,-0.000880509945304126,0.00176133263970762,0.000499493052037505,3.44209859496688e-05,-0.00138000299734163,0.0035570862653649,-0.000381016893266621
0.175243776066668,0.00181151148740785,-0.000879010379607055,0.00178347802282533,0.000497758166750896,2.80334645825161e-05,-0.00137676854635795,0.00359498951023318,-0.00038125221285616
0.177050412933335,0.00182721521651501,-0.000877378157791406,0.00180567099469476,0.000495840493427126,2.15442218202478e-05,-0.00137321865121853,0.00363288621120976,-0.000381537664364279
0.178857049800001,0.00184286546739486,-0.000875618426203946,0.00182791026209311,0.000493741593773911,1.49552053017557e-05,-0.00136936001997786,0.00367077572948797,-0.000381876832430035
0.180663686666668,0.00185846259282368,-0.000873735520159234,0.00185019481153232,0.000491462024100606,8.26778129136793e-06,-0.00136519754425984,0.003708657404356,-0.000382273496058628
0.182470323533335,0.00187400593319787,-0.000871731500673744,0.00187252447765036,0.000488998884451559,1.48145554750121e-06,-0.0013607303851253,0.00374653041084823,-0.000382732616222186
0.184276960400001,0.00188949624203936,-0.000869611630378567,0.00189489790575054,0.000486354094335796,-5.4016637111823e-06,-0.00135596572471436,0.00378439414778989,-0.000383257536042771
0.186083597266668,0.00190493381894876,-0.000867380080622327,0.00191731413591277,0.000483528036663329,-1.23803169640067e-05,-0.00135090811728566,0.00382224795486154,-0.000383852043958998
0.187890234133335,0.00192031795915696,-0.000865038982433307,0.00193977300586281,0.000480517625915305,-1.94550467058523e-05,-0.00134555660834861,0.00386009096501977,-0.000384521356518002
0.189696871000001,0.00193564951376252,-0.000862593670066626,0.00196227310906648,0.000477325141724331,-2.66235953039669e-05,-0.00133991881179096,0.003897922622829,-0.000385268528342295
0.191503507866668,0.00195092872995498,-0.000860048173234486,0.00198481353435271,0.000473950792439492,-3.38848043977249e-05,-0.00133399896567398,0.00393574226430769,-0.000386097380794995
0.193310144733335,0.0019661548585642,-0.000857404715308665,0.00200739411771871,0.000470391305819395,-4.12392591545067e-05,-0.00132779602112806,0.00397354897628291,-0.000387013409489271
0.195116781600001,0.00198132884673628,-0.000854668657506337,0.00203001341042706,0.000466649323940563,-4.86845636907822e-05,-0.0013213179814469,0.00401134225716334,-0.000388019333565774
0.196923418466668,0.00199645089001409,-0.000851843910234762,0.00205267054523916,0.000462724879430799,-5.62196552250723e-05,-0.00131456878966556,0.00404912143525325,-0.000389119030803963
0.198730055333335,0.00201152019559118,-0.000848932811538074,0.00207536535160455,0.000458614512164745,-6.38451560133705e-05,-0.00130754732370282,0.00408688554719573,-0.000390318299373329
0.200536692200001,0.00202653780513216,-0.000845940704936077,0.00209809634821884,0.000454321228985242,-7.1558543086683e-05,-0.00130026193392132,0.004124634153351,-0.000391619475950836
0.202343329066668,0.00204150382812997,-0.000842871353693427,0.00212086273057616,0.000449844760299893,-7.93589024461971e-05,-0.00129271611399332,0.00416236655870613,-0.000393026593393534
0.204149965933335,0.00205641753440961,-0.000839727383359984,0.00214366424590668,0.00044518183295272,-8.72467114970727e-05,-0.0012849092163127,0.00420008178031628,-0.000394545550407265
0.205956602800001,0.00207127995312199,-0.00083651392459435,0.0021664994608283,0.000440335444859757,-9.52195077063094e-05,-0.00127684936945411,0.00423777941395028,-0.000396178479734593
0.207763239666668,0.00208609112945702,-0.000833234663869947,0.00218936761099354,0.000435305094520311,-0.000103276481536514,-0.00126853975839026,0.00427545874045056,-0.000397929569349635
0.209569876533335,0.00210085043919142,-0.000829892543012868,0.00221226833901153,0.000430087856183988,-0.000111417899820105,-0.00125998039919686,0.00431311877820295,-0.000399804686828879
0.211376513400002,0.00211555885487752,-0.000826492428719638,0.00223520028664192,0.000424686559564993,-0.0001196414317644,-0.00125117898828463,0.00435075914151944,-0.000401805869154645
0.213183150266668,0.00213021637311651,-0.000823037977479793,0.00225816271419862,0.000419100522797931,-0.000127946341082108,-0.00124213850027772,0.00438837908731513,-0.000403937454681861
0.214989787133335,0.00214482247410827,-0.000819532402735046,0.0022811551693058,0.000413327169859811,-0.000136332695197525,-0.00123285957259486,0.00442597764341407,-0.000406205232875235
0.216796424000002,0.00215937807457065,-0.00081598032955038,0.00230417636404632,0.000407369161101711,-0.00014479828947567,-0.00122334949065209,0.00446355443861697,-0.000408611168448669
0.218603060866668,0.00217388312328045,-0.000812385406761577,0.00232722557857808,0.000401225633133894,-0.000153342455297626,-0.00121361103989547,0.00450110870185853,-0.000411159773627683
0.220409697733335,0.00218833720333183,-0.00080875107476522,0.00235030227517558,0.000394894361980923,-0.000161965071843748,-0.00120364543674614,0.00453863947850742,-0.000413856712784297
0.222216334600002,0.00220274117637291,-0.000805081739324749,0.00237340523142751,0.000388377837471298,-0.000170664055054595,-0.00119345957679605,0.00457614640780042,-0.000416703901853452
0.224022971466668,0.00221709494412047,-0.000801381063953405,0.00239653374251851,0.000381675013529104,-0.000179438798398037,-0.00118305607748251,0.00461362868663897,-0.000419706050424301
0.225829608333335,0.00223139819103402,-0.000797652671341428,0.0024196871950077,0.000374784020548539,-0.00018828900397368,-0.00117243669188997,0.00465108538604171,-0.000422868650792889
0.227636245200002,0.00224565172445611,-0.000793900770281338,0.00244286442717234,0.000367707176674659,-0.000197212702716232,-0.001161607946956,0.00468851615162845,-0.000426193593606679
0.229442882066668,0.0022598553998084,-0.00079012906129369,0.00246606474440584,0.000360443251984025,-0.000206209344597439,-0.00115057231327771,0.00472592014421424,-0.000429685809309665
0.231249518933335,0.0022740090013863,-0.000786341304702256,0.00248928746718848,0.000352990733563698,-0.000215278465802173,-0.00113933203826595,0.00476329646857478,-0.000433350571138558
0.233056155800002,0.00228811328299204,-0.000782541534658547,0.00251253148966731,0.000345351766712661,-0.000224418206675266,-0.00112789330137121,0.00480064477265935,-0.000437189767945885
0.234862792666668,0.00230216805451578,-0.000778733511021026,0.0025357961226271,0.000337524936500663,-0.000233628068111314,-0.00111625844752169,0.00483796417714288,-0.000441208574520364
0.236669429533335,0.00231617319856086,-0.000774921087085978,0.00255908063010425,0.000329509089027421,-0.000242907431543389,-0.0011044301761134,0.00487525382866511,-0.000445411998058557
0.238476066400002,0.00233012941615248,-0.000771108144694892,0.00258238395729861,0.00032130619558665,-0.000252254541146137,-0.00109241434028154,0.00491251337345109,-0.000449801949108242
0.240282703266668,0.00234403647241472,-0.000767298525373973,0.00260570541556853,0.000312914655079489,-0.000261668943153811,-0.00108021318045346,0.00494974188798326,-0.000454383870294483
0.242089340133335,0.00235789434672905,-0.000763496130731318,0.00262904422214152,0.000304333674940626,-0.000271149875412467,-0.00106782980567194,0.00498693856887057,-0.000459162455790692
0.243895977000002,0.00237170368810911,-0.000759704712628565,0.00265239936845301,0.000295565051297266,-0.000280695680343902,-0.00105526976392583,0.00502410305656212,-0.000464139661331298
0.245702613866668,0.00238546421767649,-0.000755928216590733,0.00267577016161667,0.000286606995721555,-0.000290305943940185,-0.00104253521231229,0.00506123437929316,-0.000469321220869178
0.247509250733335,0.00239917601006297,-0.000752170547876317,0.00269915578168694,0.00027745907930422,-0.000299979771623972,-0.00102962962718054,0.00509833179174991,-0.000474711468572096
0.249315887600002,0.00241283966303373,-0.000748435350698294,0.00272255526151666,0.000268122921845871,-0.000309715598482923,-0.00101655827254417,0.00513539492455039,-0.000480312428852422
0.251122524466668,0.00242645485447333,-0.000744726696909693,0.00274596789915771,0.000258596546427981,-0.000319513044684379,-0.00100332324333767,0.00517242275363104,-0.000486130150481711
0.252929161333335,0.00244002175273399,-0.000741048450759796,0.0027693928471268,0.000248879890119586,-0.000329371094392817,-0.000989928340879382,0.00520941459986079,-0.00049216856064021
0.254735798200002,0.00245354090509817,-0.000737404171142091,0.00279282917487611,0.000238974395233133,-0.000339288269777936,-0.000976378566375224,0.00524637007997428,-0.000498429775908958
0.256542435066669,0.00246701194697673,-0.000733798078569302,0.00281627616657871,0.00022887789519967,-0.000349264219601978,-0.000962675973768972,0.00528328811355545,-0.000504920183369632
0.258349071933335,0.00248043513891416,-0.000730233951619827,0.00283973295684751,0.000218590695387438,-0.000359297817933347,-0.000948824647007265,0.00532016809576166,-0.000511643256232389
0.260155708800002,0.00249381097847396,-0.00072671528619875,0.00286319864691793,0.000208114059460254,-0.000369387668443967,-0.000934829345659005,0.00535700962539189,-0.000518601226738496
0.261962345666669,0.00250713905935876,-0.000723246473808031,0.00288667250226564,0.000197445630037532,-0.00037953344290688,-0.000920692103845563,0.00539381156162441,-0.000525800843770499
0.263768982533335,0.0025204197327751,-0.000719831162694963,0.00291015364923569,0.000186586083108942,-0.000389733916460595,-0.000906417245803905,0.00543057338201079,-0.000533245079586021
0.265575619400002,0.00253365344733301,-0.00071647280810624,0.00293364121602868,0.000175536502528232,-0.000399987768695674,-0.000892009310634472,0.00546729466336169,-0.000540936305578008
0.267382256266669,0.00254683975579052,-0.000713175994864228,0.00295713444460499,0.000164294338943091,-0.000410294688814473,-0.000877470333807319,0.0055039742003955,-0.000548881655921137
0.269188893133335,0.00255997909848859,-0.000709944196223658,0.00298063246267775,0.000152860641285166,-0.000420653364189163,-0.000862804837508824,0.00554061156116635,-0.000557083554938492
0.270995530000002,0.00257307187584715,-0.000706780849103434,0.00300413442059453,0.00014123631243828,-0.000431062544747384,-0.000848017161541714,0.00557720629644168,-0.000565544536665153
0.272802166866669,0.00258611760044441,-0.000703690753976474,0.003027639531983,0.000129418609916755,-0.00044152193153859,-0.000833109363893229,0.00561375713242742,-0.000574272144059719
0.274608803733335,0.00259911680022648,-0.000700677164444296,0.00305114693556018,0.000117408957916906,-0.000452030135333698,-0.000818086122361203,0.00565026373578666,-0.00058326820652739
0.276415440600002,0.00261206982818787,-0.000697743521428791,0.00307465579900204,0.000105208077191334,-0.000462585970814169,-0.000802951598620125,0.00568672562718992,-0.000592535444237457
0.278222077466669,0.00262497615749172,-0.000694894863382748,0.0030981653027869,9.28130309596689e-05,-0.000473189145295179,-0.000787707894342417,0.00572314146027862,-0.00060208183242308
0.280028714333335,0.00263783640216035,-0.000692134179595249,0.00312167460626939,8.02256210051279e-05,-0.000483838204109041,-0.000772359800600377,0.00575951100842973,-0.000611908558590121
0.281835351200002,0.00265065086852722,-0.000689417436540336,0.0031451828896378,6.75135610350574e-05,-0.000494532021110578,-0.000756930997575393,0.00579583375816502,-0.000621903875505278
0.283641988066669,0.00266341899110441,-0.000686682073950184,0.00316868929540257,5.47696859784578e-05,-0.000505270304298163,-0.000741451759928642,0.00583210828650698,-0.000631912387971727
0.285448624933335,0.00267614146846201,-0.000683929334157904,0.00319219301319203,4.19982111375323e-05,-0.000516051544730021,-0.000725927545295436,0.00586833448165404,-0.000641931123020371
0.287255261800002,0.00268881856103663,-0.00068116141965217,0.00321569323088833,2.92013469893997e-05,-0.000526874669851698,-0.000710362766641569,0.00590451179192496,-0.00065196007266277
0.289061898666669,0.00270144966545449,-0.000678380298853134,0.00323918904821633,1.63808742167872e-05,-0.000537739382761845,-0.000694761173069921,0.00594063871367082,-0.000661999424636347
0.290868535533335,0.00271403556330328,-0.000675588344777576,0.00326267969471401,3.53929120734467e-06,-0.000548644131410727,-0.000679127635984921,0.0059767152580173,-0.000672049053570231
0.292675172400002,0.00272657646988825,-0.000672787728664622,0.00328616436113982,9.3212325825397e-06,-0.000559587891251569,-0.000682108961247161,0.00601274083102807,-0.000663466496082082
0.294481809266669,0.00273907174471324,-0.000669980520249911,0.00330964209961516,2.21988262309799e-05,-0.000570570354901915,-0.000692179346480891,0.0060487138443284,-0.000647781694018931
0.296288446133335,0.00275152225085575,-0.000667169009832652,0.00333311218922247,3.50910530959792e-05,-0.000581589938366716,-0.000702260062928631,0.00608463444007822,-0.000632077956736673
0.298095083000002,0.00276392815687746,-0.000664355350055984,0.00335657381828237,4.79957727661593e-05,-0.000592645661404913,-0.000712351122822144,0.00612050197515982,-0.000616359577289825
0.299901719866669,0.00277628879305284,-0.000661541724617052,0.00338002598798518,6.09110098986339e-05,-0.000603737194932336,-0.000722452734515686,0.00615631478103802,-0.000600630714718418
0.301708356733336,0.00278860509529138,-0.000658730315799453,0.00340346803510341,7.38344163063974e-05,-0.00061486293981203,-0.00073256473210585,0.00619207313039479,-0.000584895899493055
0.303514993600002,0.00280087714808977,-0.000655923277004551,0.00342689913011898,8.67638704311238e-05,-0.00062602198202921,-0.000742687147435674,0.00622777627820874,-0.000569159406573427
0.305321630466669,0.00281310437464451,-0.000653122898430419,0.00345031825171302,9.96972713204734e-05,-0.000637213877068507,-0.000752820169750892,0.00626342262635752,-0.000553425627109945
0.307128267333336,0.00282528766078186,-0.000650331249153981,0.00347372477074346,0.00011263239295768,-0.000648437109961608,-0.000762963642111661,0.00629901243152532,-0.000537698856196301
0.308934904200002,0.00283742704892353,-0.000647550501934003,0.00349711784129798,0.000125567104697029,-0.000659690792374453,-0.000773117606631031,0.00633454489022152,-0.000521983397236974
0.310741541066669,0.00284952205366053,-0.000644783028166378,0.00352049642918497,0.0001384992050302,-0.000670974375524438,-0.000783282233196578,0.0063700184828455,-0.000506283823136178
0.312548177933336,0.00286157351149892,-0.000642030796372712,0.00354385993452928,0.000151426577584271,-0.000682286423030361,-0.000793457373956983,0.0064054334460282,-0.000490604218788442
0.314354814800002,0.00287358142355091,-0.00063929601132072,0.0035672074902068,0.00016434707009809,-0.000693626066655887,-0.00080364308141881,0.00644078891375771,-0.000474948941222629
0.316161451666669,0.00288554539427236,-0.000636581100300987,0.00359053805878771,0.000177258405562023,-0.000704992664515351,-0.000813839505863009,0.00647608345306007,-0.000459322694738964
0.317968088533336,0.00289748768583777,-0.000633887943931633,0.00361388143398558,0.000190158564719548,-0.000716393748147813,-0.00082404650865118,0.00651136911982336,-0.000443729379212085
0.319774725400002,0.0029094427512328,-0.000631218791640866,0.00363728550229195,0.000203045361168004,-0.000727842751059149,-0.000834264152808871,0.00654672825352475,-0.000428173430472862
0.321581362266669,0.00292141146209218,-0.000628576101310457,0.00366075089981123,0.00021591646744986,-0.000739339437719052,-0.000844492568760317,0.00658216236190341,-0.000412659633860597
0.323387999133336,0.00293339344183649,-0.000625961678306857,0.00368427549144207,0.000228769948898389,-0.000750882049605576,-0.000854731627205246,0.00661766893327856,-0.000397191729408469
0.325194636000002,0.00294538857072632,-0.00062337782937048,0.0037078582958711,0.000241603572441202,-0.000762469725144779,-0.000864981401811681,0.00665324686659743,-0.000381774256929278
0.327001272866669,0.00295739676879627,-0.000620827017671119,0.00373149849670477,0.000254414985227833,-0.000774101727908494,-0.000875242002898953,0.00668889526550104,-0.000366412032443286
0.328807909733336,0.00296941768005664,-0.000618310985974874,0.00375519406928066,0.000267202324653712,-0.000785776389224023,-0.000885513310628586,0.0067246117493373,-0.000351108661321161
0.330614546600002,0.00298145119404786,-0.000615832110985765,0.00377894406492168,0.000279963298451135,-0.000797492870873828,-0.0008957954094369,0.00676039525896954,-0.000335868812534629
0.332421183466669,0.00299349720201374,-0.000613392835858907,0.00380274753158416,0.000292695553429695,-0.000809250329570417,-0.000906088389288602,0.0067962447335979,-0.000320697282429212
0.334227820333336,0.00300555536747604,-0.000610994853411227,0.0038266025476201,0.000305397286520371,-0.000821047180144065,-0.000916392139931598,0.00683215791509614,-0.000305597566890856
0.336034457200002,0.00301762558817489,-0.000608640622963063,0.00385050818956212,0.000318066133732305,-0.000832882601387234,-0.000926706756695368,0.00686813377773701,-0.000290574489230758
0.337841094066669,0.0030297077287226,-0.000606332542350064,0.00387446338456797,0.000330699766589822,-0.000844755655845371,-0.000937032308939886,0.00690417111329058,-0.000275632775760242
0.339647730933336,0.00304180147107261,-0.000604072267092816,0.00389846630657832,0.000343296429032268,-0.000856664835505714,-0.000947368696125084,0.00694026777765093,-0.000260775838060549
0.341454367800002,0.00305390672008546,-0.000601862351778448,0.00392251604991062,0.000355853672818578,-0.000868609329825156,-0.000957716024597026,0.00697642276999608,-0.000246008678959869
0.343261004666669,0.00306602331590105,-0.000599705123620893,0.0039466114357746,0.000368369219242156,-0.000880588119873545,-0.000968074342863049,0.00701263475167565,-0.000231335904378736
0.345067641533336,0.00307815095782445,-0.000597602213495525,0.00397075072627403,0.000380841346723209,-0.000892599768449576,-0.000978443560218733,0.00704890168409848,-0.000216760866772316
0.346874278400003,0.00309028955675743,-0.00059555628390804,0.00399493302608541,0.000393267510244022,-0.000904643469327975,-0.000988823794152063,0.00708522258284284,-0.000202288773664018
0.348680915266669,0.00310243893052641,-0.000593569566147577,0.00401915706532229,0.000405645505920306,-0.000916718134795878,-0.000999215072067883,0.00712159599584869,-0.00018792406022727
0.350487552133336,0.0031145987947092,-0.000591643679095569,0.00404342118682517,0.000417973634127277,-0.00092882239211597,-0.00100961731322285,0.00715801998153438,-0.000173670044968292
0.352294189000003,0.00312676906516882,-0.000589781405828101,0.00406772449820516,0.000430249240542453,-0.000940955433036347,-0.00102003064637055,0.00719449356337398,-0.000159532165285648
0.354100825866669,0.00313894953957716,-0.000587984856406072,0.00409206565332919,0.000442470221158941,-0.000953116113752029,-0.00103045507756501,0.00723101519290635,-0.000145514635247131
0.355907462733336,0.0031511399487051,-0.000586255650368896,0.00411644306835025,0.000454634885778475,-0.000965303119645155,-0.00104089053614737,0.00726758301705535,-0.000131620764590421
0.357714099600003,0.00316334021229752,-0.000584596704014847,0.00414085584638806,0.000466740458248146,-0.000977515634090539,-0.00105133716226299,0.00730419605868559,-0.000117856245766701
0.359520736466669,0.00317555011003095,-0.000583009980872843,0.00416530257991395,0.000478784959491497,-0.000989752469882997,-0.00106179494036434,0.00734085268994489,-0.000104225021381346
0.361327373333336,0.00318776938678971,-0.00058149711379196,0.00418978175096765,0.000490766696210707,-0.00100201236417794,-0.00107226381000267,0.00737755113775736,-9.07304175812536e-05
0.363134010200003,0.00319999796512125,-0.000580061164944142,0.00421429245075227,0.000502682757895051,-0.00101429448563102,-0.00108274392283919,0.00741429041587353,-7.73784070490913e-05
0.364940647066669,0.00321223560886571,-0.00057870392602384,0.0042388332251945,0.000514531315452243,-0.0010265976163288,-0.00109323524147608,0.00745106883406021,-6.4172610571597e-05
0.366747283933336,0.00322448207594127,-0.000577427055840719,0.00426340261479557,0.000526310659958295,-0.00103892053885429,-0.00110373771579901,0.00748788469073684,-5.11163958824247e-05
0.368553920800003,0.00323673729061824,-0.000576233775092639,0.00428799969141651,0.000538017734016987,-0.00105126240079827,-0.00111425150910963,0.00752473698203476,-3.82160410756523e-05
0.370360557666669,0.00324900100305936,-0.000575125678335367,0.00431262296928971,0.000549650883575186,-0.00106362196623034,-0.00112477656191055,0.00756162397234907,-2.54747947601814e-05
0.372167194533336,0.0032612729831374,-0.000574099791007831,0.00433727103995263,0.000561214978737923,-0.00107599805681523,-0.00113531476974575,0.00759854402309003,-1.2884812269908e-05
0.373973831400003,0.00327355315576617,-0.000573031766589726,0.00436194294849863,0.000572887452067664,-0.00108838979273246,-0.00114591921865739,0.0076354961042648,-1.4431452206214e-07
0.375780468266669,0.00328584125958986,-0.00057186391940809,0.0043866371923177,0.000584750369927868,-0.00110079593272784,-0.00115661428933596,0.00767247845190755,1.2886450519778e-05
0.377587105133336,0.00329813707535633,-0.000570599033472935,0.00441135240655704,0.000596800490392364,-0.00111321533120071,-0.0011673995238653,0.00770948948191337,2.62014569194289e-05
0.379393742000003,0.00331044052754303,-0.000569238084745939,0.00443608760211741,0.000609038101303576,-0.00112564707457438,-0.00117827618604952,0.00774652812966043,3.98000165576369e-05
0.381200378866669,0.00332275134543515,-0.000567784504787228,0.00446084127439637,0.000621458710988073,-0.00113808992896122,-0.0011892432157753,0.00778359261983152,5.36742062008452e-05
0.383007015733336,0.00333506931957556,-0.000566240954038833,0.00448561209472717,0.00063405928945495,-0.00115054277515161,-0.00120030024349378,0.00782068141430273,6.78183354161175e-05
0.384813652600003,0.00334739437292679,-0.000564608428760208,0.00451039903239107,0.0006468401892391,-0.00116300465946428,-0.00121144861799931,0.00785779340531786,8.22317604788919e-05
0.386620289466669,0.00335972622757293,-0.000562890450051638,0.00453520059564477,0.000659796656092199,-0.00117547436807184,-0.00122268710614384,0.00789492682321771,9.6906206040561e-05
0.388426926333336,0.0033720646827733,-0.000561089568516908,0.004560015484581,0.000672925857905475,-0.0011879508018077,-0.00123401542642238,0.00793208016735431,0.000111836289388567
0.390233563200003,0.00338440965889522,-0.000559206814444327,0.0045848426194378,0.000686228197854329,-0.00120043296054259,-0.00124543501229866,0.00796925227833302,0.000127021383410002
0.39204020006667,0.00339676087298131,-0.000557245771013043,0.00460968053618089,0.000699698687219772,-0.00121291966319958,-0.00125694445823282,0.0080064414091622,0.000142452916206729
0.393846836933336,0.00340911813192758,-0.000555208892719173,0.00463452795623725,0.000713334677723687,-0.00122540982430967,-0.00126854357044286,0.00804364608816483,0.000158125785004514
0.395653473800003,0.00342148135242638,-0.000553097257609876,0.00465938374337606,0.000727136609128719,-0.00123790239094968,-0.0012802338667386,0.00808086509580243,0.000174039351518843
0.39746011066667,0.00343385024863835,-0.000550914483483003,0.00468424647612306,0.000741099286350254,-0.0012503962274847,-0.00129201376983326,0.00811809672476141,0.000190184802867251
0.399266747533336,0.00344622463611297,-0.000548662916201945,0.00470911489155464,0.000755220292510137,-0.00126289025544168,-0.00130388320871208,0.00815533952766761,0.000206557376308192
0.401073384400003,0.00345860442049813,-0.000546343774068938,0.00473398778432402,0.000769499905041194,-0.00127538336382589,-0.00131584367911013,0.00819259220482215,0.000223156130972256
0.40288002126667,0.00347098932152158,-0.000543960603273624,0.00475886379558956,0.000783932935463192,-0.00128787447406798,-0.00132789353873682,0.00822985311711114,0.000239972332189568
0.404686658133336,0.0034833791625117,-0.000541515652370714,0.00478374166622875,0.000798517202674585,-0.00130036250371705,-0.0013400328550453,0.00826712082874045,0.000257001550303871
0.406493295000003,0.0034957738300883,-0.000539010379632848,0.00480862012240038,0.000813252567571606,-0.00131284629231207,-0.00135226294720445,0.00830439395248868,0.000274242187938758
0.40829993186667,0.00350817305860921,-0.000536448146196148,0.00483349787469881,0.000828134116538044,-0.0013253248160896,-0.00136458226273419,0.00834167093330801,0.000291685970341896
0.410106568733336,0.00352057667472079,-0.000533831159429225,0.00485837365563473,0.000843159796092023,-0.00133779698091395,-0.00137699095552125,0.00837895033035552,0.000309328636662799
0.411913205600003,0.00353298454817503,-0.000531161090113281,0.00488324613772305,0.000858329078699666,-0.00135026158954802,-0.00138949016881295,0.00841623068589808,0.000327167988586385
0.41371984246667,0.00354539642687909,-0.000528441128062446,0.00490811409356924,0.000873637311554314,-0.00136271766669015,-0.00140207843961676,0.00845351052044833,0.000345196183491869
0.415526479333336,0.00355781213971858,-0.00052567345318857,0.00493297623989094,0.000889082554742433,-0.00137516410017236,-0.001414756007931,0.00849078837960953,0.000363409101553863
0.417333116200003,0.00357023154173593,-0.000522859921322272,0.00495783121041065,0.000904663920404373,-0.00138759966867472,-0.00142752384172665,0.00852806275214658,0.000381803999082101
0.41913975306667,0.00358265439330899,-0.000520003564684265,0.00498267783231905,0.000920377002491945,-0.00140002343901006,-0.00144038056717621,0.00856533222562805,0.00040037343780768
0.420946389933336,0.00359508052448289,-0.000517106549461147,0.00500751479911603,0.000936219960605501,-0.00141243427463314,-0.00145332651006665,0.00860259532359892,0.000419113411144354
0.422753026800003,0.00360750977774919,-0.000514170889071314,0.00503234072058158,0.000952191574665502,-0.00142483094283238,-0.00146636246373682,0.00863985049833077,0.000438020685594188
0.42455966366667,0.00361994192487699,-0.000511199471873345,0.00505715447106664,0.000968287671329537,-0.00143721254618965,-0.00147948714320288,0.00867709639594363,0.000457088199456192
0.426366300533336,0.00363237679599136,-0.000508194464058332,0.00508195471342783,0.000984506495660494,-0.00144957791743647,-0.00149270095971883,0.00871433150941919,0.000476312031602162
0.428172937400003,0.00364481422319257,-0.000505158009172101,0.00510674004835382,0.00100084652346298,-0.00146192582516125,-0.00150600453263508,0.00875155427154638,0.000495688514290878
0.42997957426667,0.00365725398856093,-0.000502092865441339,0.00513150938993048,0.00101730380004693,-0.00147425540136954,-0.00151939666548826,0.00878876337849141,0.000515210934605587
0.431786211133336,0.00366969592122213,-0.00049900121279195,0.00515626136294507,0.00103387664188681,-0.00148656544172293,-0.00153287785467876,0.0088259572841672,0.000534875429094857
0.433592848000003,0.00368213984504403,-0.000495885297436468,0.00518099457384595,0.00105056324877545,-0.00149885472880192,-0.00154644854621192,0.00886313441888998,0.000554677951338984
0.43539948486667,0.00369458555133882,-0.000492747761199934,0.00520570796902851,0.00106735987062402,-0.00151112241768969,-0.00156010763182395,0.00890029352036733,0.000574612109424084
0.437206121733336,0.00370703286715315,-0.000489590811473701,0.0052304001277856,0.00108426488126383,-0.00152336726063245,-0.00157385569273753,0.00893743299493875,0.000594674069790126
0.439012758600003,0.00371948161028142,-0.000486416769676076,0.00525506967717642,0.00110127623258288,-0.00153558806689499,-0.00158769300225895,0.00897455128745784,0.000614859462906801
0.44081939546667,0.00373193158018845,-0.000483228174960838,0.00527971558847945,0.00111839036504009,-0.00154778400829099,-0.00160161854000092,0.0090116471686679,0.000635162190079247
0.442626032333337,0.00374438260076207,-0.000480027275915179,0.00530433638806828,0.00113560569577136,-0.00155995378730622,-0.00161563297168654,0.00904871898883035,0.000655578419856182
0.444432669200003,0.00375683448588274,-0.000476816441702504,0.00532893073846341,0.00115291995686475,-0.00157209625258067,-0.00162973639856725,0.00908576522434615,0.000676103515162242
0.44623930606667,0.00376928704208774,-0.000473598122535842,0.00535349762840176,0.00117032976527429,-0.00158421058631402,-0.00164392788781013,0.00912278467048949,0.000696731642738445
0.448045942933337,0.00378174008902732,-0.000470374621928245,0.00537803552391155,0.00118783356738863,-0.00159629543488423,-0.00165820818931688,0.00915977561293886,0.00071745894546039
0.449852579800003,0.0037941934388257,-0.000467148329327667,0.00540254313782518,0.0012054289036005,-0.00160834969899948,-0.00167257723292817,0.00919673657665088,0.000738280574272833
0.45165921666667,0.00380664690401468,-0.000463921619736652,0.00542701946891303,0.00122311255330649,-0.00162037256489835,-0.00168703417304314,0.0092336663729277,0.000759190933569837
0.453465853533337,0.00381910029892624,-0.000460696865324474,0.00545146291543311,0.0012408829780955,-0.00163236261650687,-0.00170157984341997,0.00927056321435935,0.000780186112771024
0.455272490400003,0.00383155343608872,-0.000457476448363221,0.00547587225538039,0.0012587375547696,-0.00164431881929167,-0.00171621400313282,0.00930742569146911,0.000801261106406381
0.45707912726667,0.0038440061329472,-0.000454262682374895,0.00550024649013266,0.00127667321111634,-0.00165624035718546,-0.00173093589349123,0.00934425262307986,0.00082241052874144
0.458885764133337,0.00385645819743713,-0.000451058021915753,0.00552458394275181,0.001294688409871,-0.00166812574531468,-0.00174574643178676,0.00938104214018894,0.000843630387955252
0.460692401000003,0.00386890944464914,-0.000447864814620832,0.00554888347124698,0.00131278039235148,-0.00167997402659784,-0.00176064520697231,0.00941779291589612,0.000864915577730651
0.46249903786667,0.00388135969586306,-0.000444685326262331,0.00557314407217805,0.00133094622068264,-0.00169178437631499,-0.00177563154694497,0.00945450376804111,0.000886260894420306
0.464305674733337,0.00389380875153766,-0.000441522107513629,0.00559736398598588,0.00134918434469496,-0.00170355523444822,-0.00179070645220858,0.00949117273752353,0.000907662237181327
0.466112311600003,0.0039062564314853,-0.000438377443912044,0.00562154216554359,0.00136749189832604,-0.0017152857340583,-0.00180586934223808,0.00952779859702889,0.000929114454413994
0.46791894846667,0.00391870255974033,-0.000435253567210687,0.005645677595168,0.00138586606398561,-0.00172697503542767,-0.0018211196311963,0.00956438015490833,0.000950612496774924
0.469725585333337,0.00393114692820599,-0.000432153137929853,0.00566976842525372,0.00140430526454682,-0.00173862149704772,-0.00183645840247668,0.00960091535345971,0.000972152126616969
0.471532222200003,0.00394358936357472,-0.00042907835204895,0.00569381371838833,0.00142280655467219,-0.0017502243548136,-0.00185188490672114,0.00963740308196305,0.000993728202623239
0.47333885906667,0.00395602969155687,-0.000426031421031554,0.0057178124392209,0.00144136722300434,-0.00176178274766403,-0.0018673986440359,0.00967384213077777,0.00101533580197279
0.475145495933337,0.00396846769441984,-0.0004230151289762,0.00574176264067324,0.00145998565140597,-0.0017732949462534,-0.00188300078038217,0.00971023033509309,0.00103697052242977
0.476952132800003,0.00398090320789558,-0.000420031554843003,0.00576566350989988,0.00147865884336975,-0.0017847603020043,-0.00189869039821275,0.00974656671779547,0.00105862728852675
0.47875876966667,0.00399333605829068,-0.000417082903536752,0.00578951398445509,0.0014973841797187,-0.00179617792616441,-0.00191446708325546,0.00978285004274577,0.00108030127618195
0.480565406533337,0.00400575236518357,-0.000414172096464275,0.00581333131916928,0.00151615998725197,-0.00180757895398572,-0.00193033208371624,0.00981908368435285,0.00110198789078769
0.482372043400004,0.00401808177078464,-0.000411301068105975,0.00583721412508245,0.00153498324639833,-0.00181913235429781,-0.00194628431450431,0.00985529589586709,0.00112368217829236
0.48417868026667,0.00403031399665183,-0.000408472030538003,0.00586117559481735,0.00155385141610792,-0.00183086159816551,-0.00196232344664592,0.00989148959146918,0.00114537938556992
0.485985317133337,0.00404244778823148,-0.000405688056205966,0.00588521499852866,0.0015727627540643,-0.00184276721029717,-0.00197845081027026,0.00992766278676014,0.00116707469785833
0.487791954000004,0.00405448477252879,-0.000402950907649488,0.00590932931854026,0.00159171424573715,-0.00185484454601147,-0.00199466515338664,0.00996381409106905,0.00118876333808766
0.48959859086667,0.00406642544773998,-0.000400262817847015,0.00593351646285288,0.00161070341415117,-0.0018670910151129,-0.00201096623199819,0.00999994191059286,0.00121044059630416
0.491405227733337,0.0040782684800728,-0.000397627024012894,0.00595777567572521,0.00162972843382244,-0.00187950719565241,-0.00202735545783533,0.010036044155798,0.00123210140980955
0.493211864600004,0.0040900156710399,-0.00039504508928528,0.00598210388375446,0.00164878632336568,-0.00189208821271456,-0.00204383141265096,0.0100721195547944,0.0012537412340804
0.49501850146667,0.00410166742356823,-0.000392519281275366,0.0060064990765632,0.00166787465582878,-0.00190483165299497,-0.00206039393710414,0.0101081665001314,0.00127535537455341
0.496825138333337,0.00411322232631922,-0.000390053015696539,0.00603096046117158,0.00168699150850609,-0.00191773813485236,-0.00207704452420263,0.0101441827874908,0.00129693849280955
0.498631775200004,0.00412468235192905,-0.00038764762882524,0.00605548493113659,0.00170613396126385,-0.00193080257920754,-0.00209378159008909,0.0101801672830656,0.00131848633243861
0.50043841206667,0.00413604774023106,-0.00038530548497501,0.0060800705900074,0.00172529963844988,-0.00194402284977633,-0.00211060512342489,0.0102161183302385,0.00133999415347487
0.502245048933337,0.00414731721258144,-0.000383030047068874,0.00610471646527936,0.00174448646009426,-0.00195739925269791,-0.00212751650716314,0.0102520336778608,0.00136145641302539
0.504051685800004,0.00415849270080724,-0.000380822542080938,0.00612941957109888,0.00176369164141069,-0.00197092687029164,-0.00214451418349163,0.0102879122719061,0.00138286909932975
0.50585832266667,0.0041695743321785,-0.000378685423900931,0.0061541780738942,0.00178291282119799,-0.0019846037417157,-0.00216159824509892,0.0103237524060727,0.00140422739729706
0.507664959533337,0.00418056102447054,-0.000376622133941675,0.00617899079846043,0.0018021477705669,-0.00199842977398989,-0.00217876990450858,0.010359551822931,0.00142552563662523
0.509471596400004,0.00419145460328586,-0.000374633844864073,0.00620385491405326,0.00182139384578602,-0.0020124003107674,-0.00219602769065009,0.0103953095173391,0.00144676000092194
0.51127823326667,0.00420225510739074,-0.000372723100111616,0.00622876862334812,0.00184064867946607,-0.00202651351595738,-0.00221337177957769,0.0104310237307389,0.00146792557935446
0.513084870133337,0.00421296164759793,-0.000370893292126361,0.00625373057112721,0.00185990992190336,-0.00204076892352928,-0.00223080321402972,0.0104666922187251,0.001489016629777
0.514891507000004,0.00422357594497585,-0.000369145552986409,0.00627873807041207,0.00187917505636882,-0.00205516212543622,-0.00224832060935523,0.0105023140153879,0.00151002950338241
0.51669814386667,0.0042340979514791,-0.000367482529418968,0.00630378934878091,0.00189844169523348,-0.00206969139730181,-0.00226592422465245,0.01053788730026,0.00153095916581451
0.518504780733337,0.00424452696757452,-0.000365907537434964,0.00632888289369165,0.00191770739608329,-0.00208435592611713,-0.00228361493351826,0.0105734098612662,0.00155179985864833
0.520311417600004,0.0042548646114884,-0.000364421682259553,0.006354016150587,0.00193696975513935,-0.0020991515390986,-0.00230139143739891,0.0106088807620754,0.0015725480728798
0.52211805446667,0.00426511075005464,-0.000363027727634638,0.00637918736060474,0.00195622635047977,-0.0021140766105501,-0.00231925407811441,0.0106442981106594,0.00159319862284513
0.523924691333337,0.0042752648700115,-0.000361728885678941,0.00640439487656575,0.00197547467508582,-0.00212913000655425,-0.00233720356076476,0.0106796597465772,0.00161374578940688
0.525731328200004,0.00428532848843467,-0.000360526875842581,0.00642963626499048,0.00199471331127958,-0.0021443077765558,-0.00235524018712217,0.0107149647534251,0.001634186435437
0.527537965066671,0.00429530138872837,-0.000359443867947319,0.0064549097692315,0.00201396704823317,-0.00215960838050313,-0.00237341091618049,0.0107502111579599,0.00165452318028585
0.529344601933337,0.00430518324052023,-0.000358492708999334,0.00648021363016155,0.00203324715397958,-0.00217503038964132,-0.00239173986297892,0.0107853968706818,0.00167475444498025
0.531151238800004,0.00431497546142569,-0.00035767287243256,0.00650554552403428,0.00205254911847712,-0.00219057006260859,-0.00241022199090968,0.01082052098546,0.00169487624604456
0.532957875666671,0.00432467775311143,-0.000356986328241104,0.00653090368507335,0.00207186889731251,-0.00220622593196193,-0.00242885522555362,0.0108555814381848,0.00171488256907141
0.534764512533337,0.00433428996471156,-0.000356434860446718,0.00655628626489111,0.00209120232929693,-0.00222199630017954,-0.00244763718974365,0.0108905762296027,0.00173476746885022
0.536571149400004,0.00434381341607265,-0.000356018029814233,0.0065816910381304,0.00211054507840928,-0.00223787762205775,-0.00246656310822351,0.0109255044542031,0.00175452704859504
0.538377786266671,0.00435324772881504,-0.000355737961141529,0.0066071162185423,0.00212989301897398,-0.00225386848972726,-0.00248563098011551,0.0109603639473573,0.00177415505783245
0.540184423133337,0.00436259292819652,-0.000355596189875641,0.00663255989116647,0.00214924192140761,-0.00226996696296995,-0.00250483811128325,0.010995152819363,0.00179364573153197
0.541991060000004,0.00437185023798653,-0.000355592370552903,0.00665801991769108,0.00216858759934537,-0.00228616967970455,-0.00252417996989827,0.0110298701556776,0.00181299522879247
0.543797696866671,0.00438101920145044,-0.000355728789213539,0.00668349448005049,0.00218792582148657,-0.00230247527860005,-0.00254365461070011,0.0110645136815009,0.00183219703227303
0.545604333733337,0.00439010001658642,-0.000356006719851711,0.00670898161939956,0.00220725233858024,-0.00231888160281314,-0.00256325905843195,0.011099081635986,0.00185124561872853
0.547410970600004,0.00439909381277878,-0.000356425917213774,0.00673447927312809,0.00222656308955502,-0.0023353854603493,-0.00258298900676879,0.0111335730859069,0.00187013717234125
0.549217607466671,0.00440800005662846,-0.000356988835022485,0.00675998558000991,0.00224585371312022,-0.00235198552338145,-0.0026028425481427,0.0111679856366384,0.00188886487809773
0.551024244333337,0.00441681911549241,-0.000357696472940022,0.00678549856000257,0.00226511998908479,-0.00236867944451015,-0.00262281646202481,0.011202317675495,0.00190742351614477
0.552830881200004,0.00442555202606012,-0.000358548692362436,0.00681101621485396,0.0022843579573072,-0.00238546418879384,-0.00264290664966964,0.0112365682409141,0.00192580926494477
0.554637518066671,0.00443419817996052,-0.000359548121133712,0.00683653662883264,0.00230356310214377,-0.00240233844887213,-0.00266311122327748,0.0112707348087932,0.00194401498101006
0.556444154933337,0.00444275811052556,-0.000360695471705816,0.00686205782338753,0.00232273128119045,-0.00241929971286197,-0.00268342675289627,0.0113048159339131,0.00196203580948464
0.558250791800004,0.00445123276344211,-0.000361990718563776,0.00688757785328008,0.00234185861087133,-0.00243634508983797,-0.00270384932943511,0.0113388106167222,0.00197986789230755
0.560057428666671,0.00445962145705751,-0.000363436670112304,0.00691309473693063,0.00236094039682674,-0.00245347327987312,-0.00272437706693905,0.0113727161939881,0.00199750372671444
0.561864065533337,0.00446792488729708,-0.000365033738714307,0.00693860651996657,0.00237997262316647,-0.00247068163266949,-0.00274500636188078,0.0114065314072637,0.00201493888445217
0.563670702400004,0.00447614391053568,-0.000366782018383237,0.00696411129881905,0.00239895145851684,-0.00248796738828337,-0.00276573347690007,0.0114402552093547,0.0020321694401336
0.565477339266671,0.0044842777735307,-0.000368684504523689,0.00698960701471587,0.00241787200543848,-0.00250532924118517,-0.00278655650996217,0.0114738847882466,0.00204918750091479
0.567283976133337,0.00449232733141792,-0.00037074129653079,0.00701509176015144,0.00243673042328225,-0.00252276442873352,-0.00280747171981304,0.0115074190915694,0.00206598912675146
0.569090613000004,0.00450029335295165,-0.000372952614385975,0.00704056366188266,0.00245552290851329,-0.00254027030893101,-0.00282847552289926,0.0115408570148343,0.00208257029412731
0.570897249866671,0.00450817501499122,-0.00037532164693317,0.00706602057260053,0.00247424433624836,-0.00255784555760931,-0.00284956598318153,0.0115741955875918,0.00209892268931519
0.572703886733337,0.00451597332849919,-0.000377848167720792,0.00709146065435444,0.00249289108980741,-0.00257548732585525,-0.0028707392575282,0.0116074339828536,0.00211504292208662
0.574510523600004,0.00452368897630161,-0.000380532529137391,0.00711688205288287,0.00251145936912993,-0.00259319307658126,-0.00289199189826732,0.0116405710291845,0.00213092683999253
0.576317160466671,0.00453132106705004,-0.000383378119905815,0.00714228252099652,0.00252994379752609,-0.00261096145394648,-0.00291332191743191,0.0116736035880466,0.00214656567762027
0.578123797333338,0.00453887076415246,-0.000386384374849331,0.00716766031298744,0.00254834103101076,-0.00262878954883498,-0.00293472540586009,0.0117065310771399,0.00216195665616143
0.579930434200004,0.00454633866619646,-0.000389551785202794,0.00719301358223201,0.00256664724863576,-0.00264667491603554,-0.00295619903383856,0.0117393522484285,0.00217709546343297
0.581737071066671,0.0045537238153185,-0.000392883946007059,0.00721833997031614,0.00258485679754039,-0.00266461615499764,-0.00297774074354744,0.0117720637856346,0.00219197285153333
0.583543707933338,0.00456102752398823,-0.000396379940481844,0.00724363784646271,0.00260296665516219,-0.00268261032247448,-0.00299934659564404,0.0118046653704509,0.00220658671468035
0.585350344800004,0.00456825030824751,-0.000400040405147312,0.00726890536034175,0.00262097295530069,-0.00270065505209424,-0.003021013360448,0.0118371556685893,0.00222093255015338
0.587156981666671,0.00457539114540752,-0.000403869147802328,0.00729414003097107,0.00263886974456093,-0.00271874888556355,-0.00304273889236326,0.0118695311763786,0.0022350005967586
0.588963618533338,0.0045824514936181,-0.000407864887183391,0.00731934036519207,0.00265665437053073,-0.00273688887157397,-0.00306451925771412,0.0119017918588102,0.00224878948334734
0.590770255400004,0.00458943178806581,-0.000412028411536283,0.00734450449762428,0.00267432289739376,-0.00275507270955847,-0.00308635130893005,0.0119339362856901,0.00226229448585748
0.592576892266671,0.00459633094292832,-0.000416363747856459,0.00736962981337389,0.00269186904685725,-0.00277329887044557,-0.00310823279471371,0.0119659607563022,0.0022755052990008
0.594383529133338,0.00460315055865289,-0.000420869237519392,0.00739471497958772,0.00270929058538586,-0.00279156442093483,-0.00313015982290525,0.0119978655382406,0.00228842134786647
0.596190166000004,0.00460989098283127,-0.00042554104759138,0.00741975809978999,0.00272659025402677,-0.00280986711695872,-0.00315213130161816,0.0120296490826213,0.00230104920643539
0.597996802866671,0.00461655109349201,-0.000430367240588998,0.00744475642793597,0.00274378428601645,-0.00282820533444396,-0.00317415152660545,0.012061307521428,0.00231341704542746
0.599803439733338,0.004623132604704,-0.000435341666284352,0.00746970880006139,0.00276087675111735,-0.00284657619535739,-0.00319621841740171,0.0120928414047654,0.002325535084833
0.601610076600004,0.00462963571923618,-0.000440462088634365,0.00749461323757235,0.00277786833382979,-0.00286497751833617,-0.00321833042246416,0.0121242489568085,0.00233740624519543
0.603416713466671,0.00463605948270988,-0.00044572836529302,0.00751946698506982,0.00279475824357035,-0.00288340750235995,-0.00324048660886337,0.0121555264677797,0.00234902987827733
0.605223350333338,0.00464240551738231,-0.000451135621274123,0.00754426893702558,0.00281154899042874,-0.00290186341964327,-0.00326268461170286,0.0121866744544079,0.00236041336915461
0.607029987200004,0.00464867395193302,-0.000456681745141731,0.00756901705441996,0.00282824116661223,-0.00292034310248694,-0.00328492291175396,0.012217691006353,0.0023715594214705
0.608836624066671,0.00465486399619286,-0.00046236621178514,0.00759370859518725,0.00284483421038591,-0.00293884459899439,-0.00330720042217105,0.0122485725913801,0.00238246799860077
0.610643260933338,0.00466097718229917,-0.000468184404375425,0.00761834250089206,0.00286133049528412,-0.00295736531859289,-0.00332951489965955,0.0122793196831912,0.0023931460909087
0.612449897800004,0.00466701356653273,-0.000474134321993814,0.00764291666074465,0.00287773052589107,-0.00297590309421192,-0.00335186484788489,0.0123099302272774,0.00240359620389726
0.614256534666671,0.00467297251955215,-0.000480215084945622,0.00766742836870057,0.00289403395998068,-0.00299445584914842,-0.0033742490449263,0.0123404008882527,0.00241381887503505
0.616063171533338,0.00467885548506551,-0.000486422320468678,0.00769187660207284,0.00291024303920154,-0.00301302111700733,-0.00339666535967022,0.0123707320871383,0.00242382071873287
0.617869808400004,0.00468466244864669,-0.000492754124070994,0.00771625916695845,0.00292635818518406,-0.00303159671831177,-0.00341911230925506,0.0124009216156051,0.00243360406111307
0.619676445266671,0.00469039293839869,-0.000499209289654607,0.00774057341602156,0.00294237926587235,-0.00305018047762287,-0.00344158855552696,0.0124309663544203,0.00244316997621774
0.621483082133338,0.00469604831129244,-0.00050578367443443,0.00776481835098015,0.00295830839569811,-0.00306877003968771,-0.00346409207013254,0.0124608666622726,0.00245252472126368
0.623289719000005,0.00470162848388599,-0.000512475456253597,0.00778899168347308,0.00297414591800932,-0.00308736319958708,-0.00348662137426292,0.0124906201673591,0.00246167046175573
0.625096355866671,0.00470713313834413,-0.000519283130792519,0.00781309084756224,0.00298989190157861,-0.0031059577092181,-0.00350917503237113,0.0125202239859064,0.00247060877078609
0.626902992733338,0.00471256354659136,-0.000526202771152368,0.00783711485802592,0.00300554833829181,-0.00312455131143456,-0.00353175110944418,0.0125496784046173,0.00247934556713944
0.628709629600005,0.00471791955786149,-0.00053323262342159,0.00786106132070087,0.00302111549788399,-0.00314314176283938,-0.00355434812130558,0.0125789808785624,0.0024878828744624
0.630516266466671,0.00472320100499891,-0.000540370913239632,0.00788492777373487,0.00303659364061698,-0.00316172676873596,-0.00357696455385661,0.0126081287787338,0.00249622272737735
0.632322903333338,0.00472840907657298,-0.000547613915503277,0.00790871323362229,0.00305198464050038,-0.00318030415704931,-0.00359959855600366,0.0126371223101953,0.00250437072499711
0.634129540200005,0.00473354355618488,-0.000554959930455375,0.00793241518905407,0.00306728869832654,-0.00319887163286919,-0.00362224862878191,0.012665958745239,0.00251232876787116
0.635936177066671,0.00473860442397463,-0.000562406941875937,0.00795603130495155,0.00308250625650544,-0.00321742688097692,-0.00364491319838138,0.0126946357289262,0.0025200993146295
0.637742813933338,0.00474359278684888,-0.000569951412366921,0.00797956058818105,0.00309763907584127,-0.00323596780133217,-0.00366759048820819,0.0127231533750299,0.00252768766347435
0.639549450800005,0.00474850836446645,-0.000577591682235281,0.00800300039894462,0.00311268729285378,-0.00325449203447818,-0.00369027897508906,0.0127515087634111,0.0025350956106185
0.641356087666671,0.00475335128088232,-0.000585325521582051,0.00802634855162371,0.00312765152276139,-0.00327299727074139,-0.00371297704434344,0.012779699832506,0.00254232600117934
0.643162724533338,0.00475812256302994,-0.000593149566623888,0.00804960403211464,0.0031425334178324,-0.0032914814690847,-0.00373568298445629,0.0128077265951446,0.00254938385120851
0.644969361400005,0.00476282186831816,-0.000601062183641306,0.00807276406078432,0.00315733305498384,-0.00330994219246616,-0.00375839523862514,0.0128355859291025,0.00255627087134253
0.646775998266671,0.00476744946133291,-0.000609060957237945,0.00809582662416431,0.00317205121290252,-0.0033283771628314,-0.00378111217014046,0.0128632760854972,0.00256299025566457
0.648582635133338,0.00477200629072713,-0.000617142683154195,0.00811879067583461,0.00318668943999115,-0.00334678438510747,-0.00380383212314534,0.0128907969665617,0.00256954675683695
0.650389272000005,0.00477649195335078,-0.000625305739553933,0.00814165328498544,0.00320124775823413,-0.00336516133163466,-0.00382655349778806,0.0129181452383362,0.0025759420186802
0.652195908866671,0.00478089914115536,-0.000633547553724117,0.00816440172970576,0.00321572710044647,-0.0033835025885504,-0.00384927465417058,0.0129453008708611,0.00258217954672235
0.654002545733338,0.00478514912686881,-0.000641865066838338,0.00818692234945628,0.00323012891583553,-0.00340177322258747,-0.00387199398267387,0.0129720714763251,0.0025882638489972
0.655809182600005,0.00478921836359475,-0.000650256654853412,0.00820917940395782,0.00324445317612257,-0.00341996104036306,-0.00389470983097598,0.0129983977675526,0.00259419652126916
0.657615819466671,0.00479311033012331,-0.000658719615920562,0.00823117545454257,0.00325870095891095,-0.00343806512441926,-0.00391742057483151,0.0130242857846659,0.00259998134299039
0.659422456333338,0.00479682912843758,-0.000667251022556615,0.00825291402984774,0.00327287361888285,-0.00345608490141016,-0.00394012464143946,0.0130497431582853,0.00260562259632623
0.661229093200005,0.00480037557586437,-0.00067584923441995,0.00827439375280148,0.00328697108216671,-0.0034740181769371,-0.00396282031658666,0.0130747693286659,0.00261112184774676
0.663035730066671,0.00480375345043223,-0.000684511448707507,0.00829561766374784,0.00330099456181407,-0.00349186421331561,-0.00398550601052158,0.0130993711141801,0.00261648311310657
0.664842366933338,0.00480696662653243,-0.00069323485518904,0.00831658900664168,0.0033149453226508,-0.00350962238010925,-0.00400818017783984,0.0131235556331741,0.00262171046746176
0.666649003800005,0.00481001586629796,-0.000702017783133711,0.00833730621961502,0.00332882324988425,-0.00352729035331706,-0.00403084103301796,0.013147322085913,0.00262680546675054
0.668455640666672,0.00481290521409045,-0.000710857356965685,0.00835777280295738,0.00334262968267278,-0.00354486758886693,-0.00405348703963847,0.0131706780170478,0.0026317723257071
0.670262277533338,0.0048156383331611,-0.000719750869615899,0.00837799172547446,0.00335636580065751,-0.00356235339231336,-0.00407611667027341,0.0131936300586356,0.00263661493104161
0.672068914400005,0.00481821594690395,-0.000728696605875052,0.00839796125003452,0.00337003145279275,-0.00357974530313057,-0.0040987280586678,0.0132161771969385,0.0026413348469177
0.673875551266672,0.00482064233310566,-0.000737691645574947,0.00841768531780718,0.00338362809500502,-0.00359704298470152,-0.00412131974057996,0.0132383276509128,0.00264593644943007
0.675682188133338,0.00482292096033183,-0.000746733370717673,0.00843716663198181,0.00339715682642019,-0.00361424567164999,-0.00414389019713786,0.0132600875923136,0.00265042345570252
0.677488825000005,0.00482505252969002,-0.000755820007524282,0.00845640328969579,0.00341061746440992,-0.00363135076000577,-0.00416643747193421,0.0132814558193858,0.00265479745688564
0.679295461866672,0.00482704151948578,-0.000764948619415501,0.00847539965393302,0.00342401157232855,-0.00364835813444723,-0.00418896019174405,0.0133024411734188,0.00265906295291304
0.681102098733338,0.00482889122005224,-0.000774116663374357,0.00849415817179935,0.00343734017345655,-0.0036652669517471,-0.0042114568368309,0.0133230493918516,0.00266322351008219
0.682908735600005,0.00483060232666432,-0.000783322292961477,0.00851267678423455,0.00345060305825361,-0.00368207445757023,-0.00423392535121509,0.0133432791108989,0.00266728076529213
0.684715372466672,0.00483217948523905,-0.00079256258336781,0.0085309602569708,0.00346380188816096,-0.00369878077173175,-0.00425636447152877,0.0133631397422099,0.00267123930479315
0.686522009333338,0.00483362582433039,-0.000801835052466244,0.00854901079056348,0.00347693761528435,-0.00371538496623309,-0.0042787726677506,0.0133826366148939,0.00267510256281811
0.688328646200005,0.00483494204983462,-0.000811137767067175,0.00856682617928688,0.00349001000784101,-0.00373188412945226,-0.00430114777490819,0.0134017682291215,0.00267887224077384
0.690135283066672,0.0048361329423732,-0.000820467842312032,0.00858441157255648,0.00350302081602008,-0.00374827863018329,-0.00432348865833211,0.0134205445149297,0.00268255297370805
0.691941919933338,0.0048372014851744,-0.000829822842873731,0.00860176893390949,0.00351597092542136,-0.0037645674487351,-0.00434579376829509,0.0134389704190839,0.00268614808254763
0.693748556800005,0.00483814841120911,-0.000839200734721419,0.00861889592048865,0.00352886008669039,-0.00378074750927954,-0.00436806082141181,0.0134570443316978,0.00268965935196897
0.695555193666672,0.00483897860289612,-0.000848598701128329,0.00863579804632574,0.00354169012942331,-0.00379681944342961,-0.00439028883055164,0.0134747766492219,0.00269309142829498
0.697361830533338,0.00483969486475108,-0.000858014346319407,0.0086524769480648,0.00355446185158147,-0.00381278208331372,-0.00441247619790088,0.0134921718128159,0.00269644750526206
0.699168467400005,0.00484029812279535,-0.000867445500804352,0.00866893045347552,0.00356717506831903,-0.00382863233068017,-0.00443462056912338,0.0135092285762709,0.00269972956751468
0.700975104266672,0.00484079317881568,-0.000876889464697309,0.00868516412391457,0.00357983160188841,-0.00384437094509889,-0.00445672106658572,0.0135259573027302,0.0027029421371911
0.702781741133338,0.0048411826787851,-0.00088634385852674,0.008701179269064,0.0035924321663946,-0.0038599965902789,-0.00447877602492134,0.0135423619478491,0.00270608830786786
0.704588378000005,0.00484146789660159,-0.000895806370196541,0.0087169742238835,0.00360497672624472,-0.00387550632728191,-0.00450078309644127,0.0135584421204851,0.00270917035604818
0.706395014866672,0.00484165338214019,-0.000905274437898605,0.00873255425095907,0.00361746700693313,-0.00389090086881888,-0.00452274144483173,0.0135742076330993,0.00271219256903452
0.708201651733338,0.00484174170186239,-0.000914745672600006,0.00874792046108552,0.00362990367474012,-0.00390617875922313,-0.00454464934734013,0.0135896621629479,0.00271515800214011
0.710008288600005,0.00484173444463566,-0.000924217647778055,0.00876307167734852,0.00364228683398503,-0.00392133723271286,-0.00456650448176309,0.0136048061219842,0.00271806918620698
0.711814925466672,0.00484163592487757,-0.000933687925613177,0.0087780128730946,0.00365461811807507,-0.00393637694821703,-0.00458830604368825,0.0136196487979722,0.00272093019246189
0.713621562333339,0.00484144864599077,-0.000943154093419037,0.00879274496976557,0.00366689815013524,-0.00395129632377479,-0.00461005224355428,0.0136341936157563,0.0027237440567162
0.715428199200005,0.00484117447890568,-0.000952613638429111,0.0088072672595065,0.00367912716505784,-0.00396609278060081,-0.00463174080348695,0.0136484417384122,0.00272651352662873
0.717234836066672,0.00484081751903529,-0.000962064232720953,0.00882158443595746,0.00369130670883186,-0.00398076691692217,-0.00465337094155282,0.0136624019549928,0.00272924247611091
0.719041472933339,0.0048403802231779,-0.000971503425864516,0.00883569724074007,0.00370343736609773,-0.00399531701756217,-0.00467494079196224,0.013676077463918,0.00273193394023321
0.720848109800005,0.0048398647114193,-0.000980928647030069,0.00884960541599317,0.00371551949298045,-0.00400974070457387,-0.00469644814001051,0.0136894701274125,0.00273459084595038
0.722654746666672,0.00483927487662163,-0.000990337664101936,0.00886331338518333,0.00372755455272125,-0.00402403850856171,-0.00471789221682318,0.013702588261805,0.00273721688861931
0.724461383533339,0.00483861314543189,-0.000999727974816608,0.00887682171964519,0.00373954309614556,-0.0040382085742133,-0.00473927107096216,0.0137154348650771,0.00273981512132895
0.726268020400005,0.00483788185418485,-0.00100909697846117,0.00889013059244423,0.00375148559127096,-0.00405224873825938,-0.00476058256973213,0.0137280124466291,0.00274238861280979
0.728074657266672,0.00483708470964459,-0.00101844252463699,0.00890324416640834,0.0037633834232609,-0.00406615945676375,-0.00478182594789789,0.0137403288760529,0.00274494089862392
0.729881294133339,0.00483622412476079,-0.00102776204515523,0.00891616285211591,0.00377523711379626,-0.00407993872735513,-0.00480299915895149,0.0137523869768767,0.00274747506864103
0.731687931000005,0.00483530261920993,-0.00103705293760256,0.008928887234496,0.00378704723344678,-0.00409358461528607,-0.00482410017104934,0.0137641898537059,0.00274999429584422
0.733494567866672,0.0048343237301119,-0.00104631311920572,0.00894142122526834,0.00379881509396846,-0.00410709749515644,-0.00484512821317418,0.0137757449553802,0.00275250197476274
0.735301204733339,0.00483328987317252,-0.00105553994176092,0.00895376508378889,0.00381054119256742,-0.00412047521061637,-0.00486608113432834,0.0137870549569614,0.0027550012508065
0.737107841600005,0.00483220371850268,-0.00106473082933453,0.00896591978778428,0.00382222619302586,-0.0041337160692816,-0.00488695702236039,0.013798123506287,0.00275749536369132
0.738914478466672,0.00483106865003191,-0.00107388375268875,0.00897788900739853,0.0038338713383615,-0.00414682035736662,-0.00490775509105025,0.0138089576574304,0.00275998758567276
0.740721115333339,0.0048298871026749,-0.0010829959695141,0.0089896728602999,0.00384547710597682,-0.004159785757625,-0.00492847307549092,0.0138195599629748,0.00276248113646273
0.742527752200005,0.00482866186407095,-0.0010920649585376,0.00900127269794465,0.00385704424352542,-0.00417261083387369,-0.00494910920206302,0.0138299345620156,0.00276497928498782
0.744334389066672,0.00482739618141207,-0.00110108872996637,0.00901269195843561,0.00386857392995771,-0.00418529577702354,-0.00496966265992408,0.0138400881398477,0.00276748519999134
0.746141025933339,0.00482609252527604,-0.00111006443329462,0.00902393062728451,0.00388006662754192,-0.00419783810200847,-0.00499013106083654,0.0138500231525605,0.0027700021942473
0.747947662800005,0.00482475376792266,-0.00111898963009161,0.00903499041061313,0.00389152315846313,-0.00421023664269047,-0.00501051278855474,0.0138597441785358,0.00277253352837152
0.749754299666672,0.00482338303626065,-0.00112786235591859,0.00904587452401499,0.00390294464227497,-0.00422249148775434,-0.00503080699819356,0.0138692575602756,0.00277508228635639
0.751560936533339,0.00482198285298379,-0.00113667963798294,0.00905658283037903,0.00391433153078071,-0.00423459997739524,-0.00505101116876365,0.0138785656833628,0.00277765189279777
0.753367573400005,0.00482055614206585,-0.00114543914887716,0.00906711737142559,0.00392568471135711,-0.00424656122935974,-0.00507112386023427,0.0138876735134914,0.00278024556247995
0.755174210266672,0.00481910592658543,-0.00115413893542592,0.00907748114977278,0.00393700524883069,-0.00425837522318735,-0.0050911441842566,0.0138965870763582,0.00278286631340477
0.756980847133339,0.00481763479780605,-0.00116277588845937,0.00908767391521888,0.00394829358921032,-0.00427003911741283,-0.00511106947766969,0.0139053087130249,0.00278551770075095
0.758787484000006,0.00481614569850852,-0.00117134781977429,0.00909769802601807,0.00395955067572481,-0.00428155232750955,-0.00513089849549911,0.0139138437245266,0.00278820285595052
0.760594120866672,0.00481464156439454,-0.00117985277336829,0.00910755628134492,0.00397077752314256,-0.00429291471695038,-0.00515063029651085,0.0139221978457395,0.00279092474977426
0.762400757733339,0.00481312507175094,-0.00118828748960418,0.00911724832744018,0.00398197457634897,-0.00430412325568924,-0.00517026206595315,0.0139303733991911,0.00279368708674478
0.764207394600006,0.00481159914925856,-0.00119664994766334,0.00912677682002614,0.00399314282508365,-0.00431517767076759,-0.00518979277274698,0.0139383759692847,0.00279649287742031
0.766014031466672,0.00481006666169572,-0.00120493817462641,0.00913614436436723,0.00400428323872866,-0.00432607770267152,-0.00520922141335507,0.013946211026063,0.00279934506410224
0.767820668333339,0.00480853038682624,-0.0012131487462974,0.00914535051267882,0.00401539626571407,-0.00433682012585259,-0.00522854501201147,0.0139538808995051,0.00280224751941666
0.769627305200006,0.00480699320632384,-0.00122127983742451,0.00915439819908597,0.00402648293295176,-0.00434740499276213,-0.00524776277037627,0.0139613914054098,0.00280520309552724
0.771433942066672,0.0048054579304972,-0.00122934323062832,0.00916328984447554,0.00403756366622936,-0.00435783191397834,-0.00526690689685767,0.0139687477749727,0.00280822043560104
0.773240578933339,0.00480392745503996,-0.00123737891958933,0.00917202491657063,0.00404870057699082,-0.00436809746153067,-0.00528607949658014,0.0139759523716106,0.00281132165740149
0.775047215800006,0.00480240458171247,-0.00124538884490827,0.00918060660883317,0.00405989972927206,-0.00437820202712069,-0.00530528857418033,0.0139830111905456,0.00281451088436379
0.776853852666672,0.00480089208280659,-0.00125337126245555,0.00918903716730535,0.00407116244687897,-0.00438814508449875,-0.00532453370933452,0.0139899292501119,0.00281779118442343
0.778660489533339,0.00479939298840001,-0.00126132386322168,0.00919731598475145,0.00408249130167855,-0.00439792299635144,-0.00534381516490023,0.0139967089731515,0.00282116743845687
0.780467126400006,0.00479790998743197,-0.00126924512059051,0.00920544649490386,0.00409388711653191,-0.00440753650747188,-0.00536313223712242,0.0140033564823358,0.0028246419959414
0.782273763266672,0.00479644583063209,-0.00127713328455574,0.00921343077849291,0.00410535125926208,-0.00441698494786082,-0.00538248454381782,0.014009876609125,0.00282821797470635
0.784080400133339,0.00479500369891455,-0.0012849859265359,0.00922126816285719,0.00411688644269525,-0.00442626446394264,-0.00540187236923115,0.0140162718617717,0.00283190051615935
0.785887037000006,0.00479358613549091,-0.00129280165621477,0.00922896230293368,0.00412849329546363,-0.00443537616744277,-0.0054212949516784,0.0140225484384246,0.00283569163924886
0.787693673866672,0.0047921958859814,-0.00130057870685748,0.00923651512367407,0.00414017323866101,-0.00444431923769267,-0.00544075194551849,0.0140287110096555,0.00283959453180352
0.789500310733339,0.00479083629859115,-0.00130831451946136,0.00924392589652368,0.00415192913532264,-0.00445308959793253,-0.005460243654784,0.0140347621951148,0.00284361461586128
0.791306947600006,0.00478950973789685,-0.00131600786170966,0.00925119847855879,0.00416376140134992,-0.00446168874066193,-0.00547976926305957,0.0140407082164556,0.00284775353964026
0.793113584466672,0.0047882189608627,-0.00132365693928994,0.00925833464848484,0.00417567152035763,-0.00447011568762213,-0.00549932845964757,0.0140465536093475,0.00285201458106769
0.794920221333339,0.00478644391671948,-0.00133125905192648,0.00926607408916849,0.00418766251484342,-0.00447963017244901,-0.0055189215667699,0.014052518005888,0.00285640346291694
0.796726858200006,0.00478304080369293,-0.00133881314700424,0.00927604146559285,0.00419973456947316,-0.00449300066189993,-0.0055385477164774,0.0140590822692858,0.00286092142246891
0.798533495066672,0.00477798487261136,-0.00134631735088407,0.00928827730857177,0.0042118893062262,-0.00451029243596041,-0.00555820665711027,0.0140662621811831,0.00286557195534213
0.800340131933339,0.00477127259056321,-0.00135376893386024,0.00930279123082807,0.00422412971653995,-0.00453151864026486,-0.00557789865040019,0.0140740638213913,0.0028703607826797
0.802146768800006,0.00476295558260757,-0.00136116692202773,0.00931951697668824,0.00423645593511559,-0.00455656139408067,-0.00559762285714332,0.0140824725592958,0.00287528901308786
0.803953405666672,0.0047530541139188,-0.00136850937323427,0.00933843137071082,0.00424886968864268,-0.00458537725679202,-0.00561737906187695,0.0140914854846296,0.00288036031540841
0.805760042533339,0.00474156885790895,-0.00137579357519173,0.00935953845146826,0.0042613738756945,-0.00461796959355931,-0.00563716745088623,0.0141011073093772,0.00288558030050277
0.807566679400006,0.00472854869372715,-0.00138301859670849,0.00938277550389799,0.0042739686335595,-0.00465422681017084,-0.00565698723026798,0.0141113241976251,0.00289095003685101
0.809373316266673,0.00471401256176295,-0.00139018242465089,0.00940812122709076,0.00428665578845619,-0.00469410866532782,-0.00567683821310708,0.0141221337888537,0.0028964733638053
0.811179953133339,0.00469796507049441,-0.00139728238584987,0.00943557440348274,0.00429943812758952,-0.00473760933298833,-0.0056967205134394,0.0141335394739771,0.00290215574173965
0.812986590000006,0.00468045248878951,-0.00140431758097601,0.00946507569961594,0.0043123158000873,-0.00478462321082643,-0.00571663338106331,0.0141455281884055,0.0029079982191113
0.814793226866673,0.00466149256788209,-0.00141128591506313,0.00949660553010574,0.00432529074094905,-0.00483511296222365,-0.00573657665601218,0.0141580980979878,0.00291400482588592
0.816599863733339,0.00464109358005766,-0.00141818477576354,0.00953015773926622,0.00433836560750709,-0.00488906415920855,-0.00575655038327063,0.0141712513193239,0.00292018083174356
0.818406500600006,0.00461929931953225,-0.00142501328475867,0.00956567621623649,0.00435154056998153,-0.00494637689670425,-0.0057765538547402,0.0141849755357687,0.00292652728522286
0.820213137466673,0.00459612648401349,-0.00143180012973481,0.00960314293214999,0.00436477401708587,-0.00500701644813651,-0.00579657414682069,0.0141992694161635,0.00293297388735106
0.822019774333339,0.00457158673833599,-0.00143858213013988,0.00964254711121293,0.00437801280950148,-0.00507096037287694,-0.00581659493964136,0.0142141338495489,0.0029394306793616
0.823826411200006,0.004545721537693,-0.00144535939109453,0.00968383570615415,0.00439125577136723,-0.00513811416846115,-0.00583661516246176,0.0142295572438471,0.00294589638027269
0.825633048066673,0.00451854666189499,-0.00145213147410269,0.00972699208561788,0.00440450246290443,-0.00520844542372288,-0.00585663393700712,0.0142455387475129,0.00295237098880175
0.827439684933339,0.0044900768970674,-0.00145889792511281,0.0097720011717168,0.00441775243799807,-0.0052819242746494,-0.00587665036311088,0.0142620780687842,0.00295885451288526
0.829246321800006,0.00446035149500966,-0.00146565840157592,0.00981881282176279,0.00443100519250727,-0.00535846132675313,-0.00589666359408319,0.0142791643167725,0.00296534679093136
0.831052958666673,0.00442938545326453,-0.00147241245142344,0.0098674116429037,0.00444426028061936,-0.00543802618963917,-0.00591667273204281,0.0142967970961682,0.00297184782919592
0.832859595533339,0.0043971964079895,-0.00147915962500824,0.00991777857317225,0.00445751724269273,-0.00552058216518274,-0.00593667686770096,0.0143149749811617,0.00297835761768449
0.834666232400006,0.00436382154321984,-0.00148589958894959,0.00996986621545665,0.00447077559414652,-0.00560604467223681,-0.00595667518309611,0.0143336877586765,0.00298487600519693
0.836472869266673,0.00432927520985959,-0.00149263187520684,0.0100236602564014,0.00448403488043458,-0.00569438504654176,-0.00597666675564142,0.0143529354662609,0.00299140300522774
0.838279506133339,0.00429357762284015,-0.00149935604333605,0.0100791379679737,0.00449729463378912,-0.00578556034513353,-0.00599665067712517,0.0143727155908138,0.00299793859045308
0.840086143000006,0.00425676403406142,-0.00150607176672507,0.0101362545396302,0.00451055438648926,-0.00587949050556876,-0.00601662615321433,0.0143930185736916,0.00300448261976419
0.841892779866673,0.00421884828341816,-0.00151277855896256,0.0101949965785055,0.00452381367255448,-0.0059761482950873,-0.00603659223151704,0.0144138448619236,0.00301103511359191
0.843699416733339,0.00417985289335689,-0.00151947599360574,0.0102553380085149,0.0045370720214913,-0.00607548511515797,-0.00605654801509704,0.0144351909018718,0.00301759602788556
0.845506053600006,0.00413981131927209,-0.00152616374841269,0.0103172364466773,0.00455032897973876,-0.00617742512740517,-0.00607649272815145,0.0144570477659493,0.00302416523132607
0.847312690466673,0.00409873702567765,-0.00153284131620059,0.01038067926161,0.00456358406718224,-0.00628194223593231,-0.00609642538338283,0.0144794162872876,0.00303074275098166
0.84911932733334,0.00405665457127759,-0.00153950828932757,0.0104456373471904,0.00457683681600293,-0.00638898277591279,-0.00611634510533049,0.014502291918468,0.00303732852667536
0.850925964200006,0.00401359575058927,-0.00154616434752176,0.0105120705889925,0.00459008678409952,-0.00649847483840321,-0.00613625113162128,0.0145256663395818,0.00304392243657776
0.852732601066673,0.00396957378837586,-0.00155280896043055,0.0105799669581091,0.00460333347452206,-0.00661039316973329,-0.00615614243495261,0.014549540746485,0.00305052451409151
0.85453923793334,0.00392461500833984,-0.00155944174401108,0.0106492946363943,0.00461657642752802,-0.00672467962805451,-0.0061760181715391,0.0145739096447342,0.00305713468351694
0.856345874800006,0.00387874967975098,-0.00156606237756235,0.01072001561897,0.00462981520977463,-0.006841265939219,-0.00619587758733698,0.014598765298721,0.00306375283221228
0.858152511666673,0.00383199092325058,-0.00157267030516241,0.0107921183203974,0.00464304930477729,-0.0069601273971468,-0.0062157196099397,0.014624109243648,0.00307037899961489
0.85995914853334,0.0037843665562816,-0.0015792651711662,0.0108655685285212,0.00465627826627026,-0.00708120197223959,-0.00623554343743646,0.0146499350848028,0.00307701309510406
0.861765785400006,0.00373590545849492,-0.00158584665204428,0.0109403301890038,0.00466950166696851,-0.00720442473050891,-0.00625534831901279,0.0146762356474988,0.00308365501492423
0.863572422266673,0.00368662078203983,-0.00159241416390599,0.0110163920008687,0.00468271896815241,-0.00732977121882891,-0.0062751331320584,0.0147030127829086,0.00309030480424642
0.86537905913334,0.00363654156684032,-0.00159896738430283,0.0110937176759649,0.00469592974243311,-0.00745717610912455,-0.00629489712673595,0.0147302592428052,0.00309696235813028
0.867185696000006,0.00358569543855888,-0.00160550598447715,0.0111722729514885,0.00470913356588443,-0.00758657751292961,-0.00631463955036158,0.0147579683900474,0.00310362758140728
0.868992332866673,0.00353409571648068,-0.00161202935017117,0.0112520466519177,0.00472232987485098,-0.00771795093543703,-0.00633435922502215,0.0147861423683984,0.00311030052467982
0.87079896973334,0.00348177239175382,-0.0016185371969305,0.0113330007311198,0.00473551826622116,-0.00785122833936598,-0.00635405546315166,0.0148147731228736,0.00311698106929067
0.872605606600006,0.00342875197168056,-0.00162502918837101,0.0114151025588183,0.00474869831672692,-0.00798635058713774,-0.00637372750509792,0.0148438545304989,0.00312366912835591
0.874412243466673,0.00337504807831132,-0.00163150467746745,0.011498340925938,0.00476186943507674,-0.00812329284762673,-0.00639337411254419,0.0148733890042494,0.00313036475760929
0.87621888033334,0.00332069138275991,-0.00163796342255935,0.0115826763463802,0.00477503124783792,-0.00826198496362028,-0.00641299467039727,0.0149033677291401,0.00313706782527856
0.878025517200006,0.00326570740959739,-0.00164440507723576,0.011668077663387,0.0047881833296993,-0.00840237025378964,-0.00643258840693506,0.0149337850729844,0.00314377825246353
0.879832154066673,0.00321011021926935,-0.00165082895930512,0.0117545334753244,0.0048013250590334,-0.00854442325605504,-0.00645215401833852,0.0149646436945937,0.00315049609972828
0.88163879093334,0.0031539308915961,-0.00165723487469907,0.0118420031741399,0.00481445609748666,-0.00868807228254384,-0.00647169097218574,0.014995934065736,0.00315722122278759
0.883445427800006,0.0030971941040474,-0.00166362246458117,0.0119304569175892,0.00482757601500546,-0.00883326281354184,-0.00649119847958662,0.0150276510216366,0.00316395355042429
0.885252064666673,0.00303991449109261,-0.00166999100919356,0.0120198829524709,0.0048406841569255,-0.00897996846137831,-0.00651067516611906,0.0150597974435635,0.00317069314773193
0.88705870153334,0.00298212327000044,-0.00167634036685924,0.0121102398667939,0.00485378022537208,-0.00912811659679342,-0.00653012059223132,0.0150923631367943,0.00317743985851284
0.888865338400006,0.00292384440676837,-0.00168267016391666,0.0122014989738188,0.00486686378284914,-0.00927765456705046,-0.0065495339467658,0.0151253433805872,0.00318419361893248
0.890671975266673,0.00286509324551856,-0.0016889796406429,0.0122936480097717,0.00487993413895583,-0.00942855476425318,-0.00656891377959872,0.0151587412552903,0.00319095449831293
0.89247861213334,0.0028059008697104,-0.00169526871255011,0.0123866450767358,0.0048929910416975,-0.00958074420702537,-0.00658825975424761,0.0151925459464462,0.00319772232914738
0.894285249000006,0.00274629060627043,-0.00170153698535271,0.012480462611574,0.00490603404113158,-0.0097341720053036,-0.00660757102648429,0.0152267532178444,0.00320449705577887
0.896091885866673,0.00268627883428534,-0.00170778366716274,0.0125750872996213,0.00491906241532898,-0.009888808465336,-0.00662684608249172,0.0152613661339067,0.00321127874816624
0.89789852273334,0.00262589604246385,-0.00171400872528124,0.0126704774563601,0.00493207595666702,-0.0100445814138963,-0.00664608468194826,0.0152963734988239,0.00321806723138579
0.899705159600007,0.00256516487616129,-0.00172021172717548,0.0127666069075263,0.00494507418911828,-0.010201442031365,-0.00666528591629376,0.0153317717836876,0.0032248624619428
0.901511796466673,0.00250410360913031,-0.00172639190226308,0.0128634594744133,0.00495805639624847,-0.010359355865283,-0.00668444829851155,0.0153675630835436,0.0032316644939854
0.90331843333334,0.00244274113999832,-0.0017325492185625,0.012960995658061,0.00497102238048417,-0.0105182545180626,-0.00670357159904666,0.0154037367980593,0.00323847316192167
0.905125070200007,0.00238109994516535,-0.00173868321911901,0.0130591898036819,0.00498397164755414,-0.0106780898585166,-0.00672265486667315,0.0154402897488473,0.00324528842843514
0.906931707066673,0.00231919992179132,-0.00174479315945365,0.0131580231865428,0.00499690349191817,-0.0108388232647515,-0.00674169665137182,0.0154772231083341,0.00325211033246452
0.90873834393334,0.00225706851405184,-0.00175087900590374,0.0132574583342327,0.0050098177233529,-0.0110003898201809,-0.00676069672925664,0.0155145268482846,0.00325893871744916
0.910544980800007,0.00219472816502006,-0.00175694027469274,0.0133574699524349,0.0050227138266423,-0.0111627417874148,-0.00677965410133504,0.0155521981174549,0.00326577355194957
0.912351617666673,0.00213220012400586,-0.00176297625224426,0.0134580370884034,0.005035591112542,-0.0113258369643976,-0.00679856736478626,0.0155902372124093,0.00327261486029773
0.91415825453334,0.00206951051636184,-0.00176898690081485,0.0135591241372694,0.00504844939547693,-0.0114896136209075,-0.00681743629629178,0.0156286346536312,0.00327946249466208
0.915964891400007,0.00200668188746366,-0.00177497170740669,0.0136607060061798,0.00506128813658713,-0.0116540241187161,-0.00683625984399383,0.0156673878936435,0.00328631642918044
0.917771528266673,0.00194373656751224,-0.00178092999414482,0.0137627598323894,0.00507410666832358,-0.0118190232648772,-0.0068550366624684,0.0157064963999017,0.00329317667417876
0.91957816513334,0.00188069949866627,-0.00178686171680537,0.0138652517195653,0.00508690480706064,-0.0119845522208991,-0.00687376652386601,0.0157459512182316,0.00330004309025527
0.921384802000007,0.00181759346423352,-0.00179276633077072,0.0139681566173106,0.00509968198759238,-0.0121505631530771,-0.0068924483183631,0.0157857500815441,0.00330691565682167
0.923191438866673,0.00175444160404762,-0.00179864319866485,0.0140714500708952,0.00511243756946718,-0.0123170084668476,-0.00691108076813203,0.0158258916749429,0.00331379437080232
0.92499807573334,0.00169126781270275,-0.00180449226738537,0.0141750997335148,0.00512517136830711,-0.0124838319208121,-0.00692966363569248,0.0158663675462176,0.00332067910092174
0.926804712600007,0.00162809524706749,-0.00181031295829431,0.014279080438222,0.00513788278986189,-0.0126509851911545,-0.0069481957481562,0.0159071756852895,0.00332756983156758
0.928611349466673,0.00156494758534991,-0.00181610467931471,0.0143833664563152,0.00515057122617608,-0.0128184188709653,-0.00696667590549079,0.0159483140416651,0.00333446654686138
0.93041798633334,0.0015018478102089,-0.00182186736606459,0.014487926831512,0.00516323648942076,-0.0129860790213031,-0.00698510385548535,0.0159897746417209,0.00334136912335618
0.932224623200007,0.0014388195877034,-0.00182760040348766,0.0145927361213072,0.00517587795359927,-0.0131539165336038,-0.00700347835708693,0.0160315557090106,0.0033482775501116
0.934031260066673,0.00137588686315708,-0.0018333032496037,0.0146977676410433,0.00518849504865461,-0.0133218807778862,-0.00702179829825831,0.0160736545042003,0.00335519179905092
0.93583789693334,0.00131307184292256,-0.00183897582635293,0.0148029916659512,0.00520108758060514,-0.0134899198230286,-0.00704006340695807,0.0161160635088738,0.00336211175425221
0.937644533800007,0.00125039883787873,-0.00184461747986038,0.0149083823189616,0.00521365488900876,-0.0136579834810829,-0.00705827236886914,0.0161587811568403,0.00336903740914838
0.939451170666673,0.00118789178920634,-0.00185022772304193,0.0150139122774736,0.00522619644710594,-0.0138260204882673,-0.00707642417014787,0.01620180406668,0.00337596872406401
0.94125780753334,0.00112557226258144,-0.00185580646176,0.0151195528892266,0.00523871205206408,-0.0139939806266451,-0.00709451851382408,0.016245125151808,0.00338290559030409
0.943064444400007,0.0010634653493312,-0.00186135300092244,0.0152252776835787,0.00525120100629361,-0.0141618123342475,-0.00711255400721606,0.0162887430329099,0.00338984800537117
0.944871081266674,0.00100159471523589,-0.00186686691313917,0.0153310590180009,0.00526366283173475,-0.014329464302765,-0.00713052974487392,0.0163326537332368,0.00339679591859558
0.94667771813334,0.000939981420923282,-0.00187234808579586,0.0154368691537325,0.00527609731400147,-0.0144968877328092,-0.00714844539979733,0.0163768505746557,0.00340374922820561
0.948484355000007,0.000878651473798875,-0.00187779578018359,0.0155426808675531,0.00528850371565793,-0.0146640293937543,-0.00716629949584152,0.016421332341352,0.00341070793547434
0.950290991866674,0.000817627992983125,-0.00188320963340504,0.0156484665150191,0.00530088161274436,-0.0148308385220359,-0.0071840912461494,0.0164660945080022,0.00341767197933932
0.95209762873334,0.000756931669685885,-0.00188858951197032,0.015754199111863,0.00531323077662097,-0.0149972674421771,-0.00720182028859129,0.0165111307815489,0.00342464126465065
0.953904265600007,0.000696589563019083,-0.0018939346311536,0.0158598505232787,0.00532555042730571,-0.0151632609602596,-0.00721948505845932,0.0165564400862978,0.00343161579615211
0.955710902466674,0.00063662397418611,-0.00189924469734978,0.0159653934209222,0.00533784020033856,-0.0153287694467361,-0.00723708489768835,0.0166020173951083,0.00343859550298878
0.95751753933334,0.000577055360606851,-0.00190451955379291,0.0160708014160125,0.00535009985012678,-0.0154937460554057,-0.00725461940391969,0.0166478567766194,0.00344558029633388
0.959324176200007,0.000517911968729902,-0.00190975836734237,0.0161760453031501,0.00536232855144061,-0.0156581333344202,-0.00727208691878299,0.01669395727188,0.00345257018409824
0.961130813066674,0.000459215010582274,-0.00191496091848278,0.0162810983881047,0.00537452600472126,-0.0158218833775225,-0.00728948692320405,0.016740313398687,0.00345956508623848
0.96293744993334,0.000400984845423872,-0.00192012702477365,0.0163859347185749,0.00538669194472264,-0.015984949873151,-0.00730681896949629,0.0167869195639988,0.00346656491994898
0.964744086800007,0.000343251042668673,-0.00192525580225956,0.0164905238595612,0.00539882549826662,-0.0161472728168926,-0.00732408130052618,0.0168337749022299,0.00347356969600705
0.966550723666674,0.000285879889228569,-0.00193034711031401,0.0165946228957066,0.00541092643609649,-0.016308743006478,-0.00734127354641051,0.0168805027849352,0.00348057932578248
0.96835736053334,0.000227390153266929,-0.00193540073842256,0.0166960825286991,0.00542299447061186,-0.0164686923754322,-0.00735839520903442,0.016923472681966,0.00348759373218931
0.970163997400007,0.000167369084893797,-0.00194041574941536,0.0167942433382091,0.00543502867798728,-0.0166268742533153,-0.00737544442740263,0.0169616124231029,0.00349461292857192
0.971970634266674,0.000105878906299422,-0.00194539208635344,0.0168891430809122,0.00544702890466782,-0.0167832641746128,-0.00739242099102126,0.0169950219872116,0.00350163681831438
0.97377727113334,4.29732229115477e-05,-0.00195032950824915,0.0169808029198384,0.00545899483799892,-0.0169378296969268,-0.00740932434624807,0.0170237761427499,0.00350866532974978
0.975583908000007,-2.13204562041647e-05,-0.00195522702231914,0.0170691822526578,0.00547092550080668,-0.017090502708862,-0.00742615252312582,0.0170478617964536,0.00351569847848754
0.977390544866674,-8.69386340943282e-05,-0.00196008466011064,0.0171543249181678,0.00548282082063935,-0.0172412635522621,-0.00744290548074999,0.0170673862840735,0.00352273616052871
0.97919718173334,-0.000153829656060004,-0.00196490214776332,0.0172362488435034,0.00549468045708748,-0.0173900784995634,-0.0074595826048508,0.0170824191874434,0.00352977830932415
0.981003818600007,-0.000221965059933963,-0.00196967843448106,0.0173149106212207,0.00550650337692854,-0.0175368756811547,-0.00747618181140959,0.0170929455612868,0.00353682494244748
0.982810455466674,-0.000291280628271517,-0.00197441364509567,0.0173903600900135,0.00551828959421451,-0.017681640718285,-0.00749270323931018,0.017099079461742,0.00354387594911884
0.98461709233334,-0.000361726379966195,-0.00197910747047492,0.0174626119822346,0.00553003873808116,-0.0178243383622008,-0.00750914620855607,0.0171008856022684,0.00355093126760624
0.986423729200007,-0.000433272622615005,-0.00198375879941051,0.0175316201264385,0.00554174971655682,-0.0179648927490535,-0.00752550851596733,0.0170983475038235,0.0035579909171463
0.988230366066674,-0.000505854972551008,-0.00198836785481809,0.0175974402789898,0.00555342263559754,-0.0181032952515408,-0.00754179049041563,0.0170915853064388,0.00356505478077945
0.990037002933341,-0.000579424845126273,-0.00199293428989387,0.0176600840185722,0.00556505709118356,-0.0182395088636984,-0.00755799138107743,0.0170806591734459,0.00357212280128968
0.991843639800007,-0.000653951040565785,-0.00199745693061789,0.0177195024508513,0.00557665192989511,-0.0183734534914171,-0.007574108860513,0.0170655514102855,0.00357919499927722
0.993650276666674,-0.000729369563251708,-0.002001936102788,0.0177757571676372,0.00558820735499195,-0.0185051267308889,-0.00759014345777995,0.0170463876043855,0.00358627125220395
0.995456913533341,-0.000805633348230579,-0.00200637139729511,0.01782885505384,0.00559972290634865,-0.0186344884020706,-0.00760609430364376,0.0170232217056095,0.00359335150905354
0.997263550400007,-0.000882708210105242,-0.00201076164161266,0.0178787492769998,0.00561119742714755,-0.0187614574871051,-0.00762195906876021,0.0169960410668946,0.00360043578553489
0.999070187266674,-0.000960532296692644,-0.00201510720251494,0.017925502438496,0.0056226311626019,-0.0188860347351886,-0.00763773836511684,0.0169649701418033,0.00360752396008696
1.00087682413334,-0.00103905954990663,-0.00201940760578867,0.0179691169026808,0.00563402359302472,-0.0190081764525874,-0.0076534311988134,0.0169300573527742,0.00361461598723605
1.00268346100001,-0.00111825202755226,-0.0020236617459046,0.0180095522874242,0.00564537361851761,-0.0191278043149765,-0.00766903536442221,0.016891300259872,0.00362171187261301
1.00449009786667,-0.00119805106919233,-0.00202786996750918,0.0180468677741066,0.00565668146863076,-0.019244918843299,-0.00768455143613994,0.0168488167049143,0.00362881150112157
1.00629673473334,-0.00127841090465792,-0.00203203174911954,0.0180810627378623,0.00566794657972128,-0.0193594736425202,-0.00769997832884081,0.0168026518332044,0.00363591483060174
1.00810337160001,-0.00135929038922563,-0.00203614605700371,0.0181121031646651,0.00567916791420938,-0.0194713935538907,-0.00771531397121309,0.0167528127754394,0.00364302185720567
1.00991000846667,-0.00144063377706968,-0.00204021321127983,0.0181400448570097,0.00569034568328293,-0.0195806786340794,-0.00773055889456276,0.01669941107994,0.00365013247200311
1.01171664533334,-0.00152239530880292,-0.00204423264079767,0.0181648842419246,0.00570147927664197,-0.0196872795507275,-0.00774571191743964,0.0166424889331217,0.0036572466358443
1.01352328220001,-0.00160453119144425,-0.00204820338841974,0.0181865935912629,0.00571256772442658,-0.0197911247827071,-0.00776077111284632,0.0165820623998186,0.00366436433600684
1.01532991906667,-0.00168698831664391,-0.00205212891545005,0.0182052253697455,0.00572361569715001,-0.0198922136863894,-0.00777574461260006,0.0165182370531016,0.00367148678169997
1.01713655593334,-0.00176972065866069,-0.00205610909765179,0.0182207730974085,0.00573476466217567,-0.0199904937560692,-0.00779087375982746,0.0164510524387478,0.00367865556452388
1.01894319280001,-0.00185268233052695,-0.00206019879052831,0.0182332152497577,0.00574609253865128,-0.0200858975802846,-0.00780629132917959,0.0163805329192307,0.00368589374812296
1.02074982966667,-0.00193582258423347,-0.00206439389635776,0.0182426009948543,0.0057575933247227,-0.0201784235790878,-0.00782198722108046,0.0163067784106209,0.00369319942836494
1.02255646653334,-0.00201909485054994,-0.00206869237363873,0.0182489209868539,0.00576926437994551,-0.0202680158374038,-0.00783795675358424,0.016229826136304,0.00370057200630677
1.02436310340001,-0.00210245170279273,-0.00207309232900238,0.0182521598226904,0.00578110332506912,-0.0203546115254831,-0.0078541956540715,0.0161497081198977,0.00370801099606674
1.02616974026667,-0.00218584447615752,-0.0020775898719808,0.0182523634148767,0.0057931044697448,-0.0204382078910342,-0.0078706943417256,0.0160665189387191,0.003715514597764
1.02797637713334,-0.00226922578078975,-0.00208218522471108,0.0182495195928016,0.00580526213360768,-0.0205187453735914,-0.00788744735831876,0.0159802938120119,0.0037230769088966
1.02978301400001,-0.0023525472045602,-0.00208724350308633,0.0182436189926011,0.0058170541842793,-0.0205961661971613,-0.00790429768736562,0.015891071788041,0.00372981068119297
1.03158965086667,-0.00243576188873461,-0.00209307776749014,0.0182347043123531,0.00582802725752374,-0.0206704662010877,-0.00792110502501388,0.0157989424236185,0.0037349494900336
1.03339628773334,-0.00251882134569881,-0.00209967732770464,0.0182227605977919,0.00583819122441761,-0.0207415819434907,-0.00793786855212225,0.0157039392520931,0.00373851389671297
1.03520292460001,-0.00260167673214828,-0.0021070282887725,0.0182077844420304,0.00584755931582587,-0.0208094611741787,-0.00795458760459837,0.0156061077098822,0.00374053102705337
1.03700956146667,-0.0026842827182838,-0.00211510630712026,0.0181898153698238,0.0058561558487635,-0.0208740980881076,-0.00797126215588375,0.01550553265154,0.00374104954164324
1.03881619833334,-0.002766589441596,-0.00212390101120363,0.0181688356843654,0.00586399032037506,-0.0209354251259614,-0.00798789133157869,0.0154022462427694,0.00374008930917144
1.04062283520001,-0.00284854818187605,-0.00213339696783296,0.0181448478535187,0.00587107758247838,-0.0209933960353948,-0.00800447455031134,0.0152962996716427,0.00373768061464543
1.04242947206667,-0.00293011486112374,-0.00214357105299334,0.0181178882698293,0.00587744070506865,-0.021048003130953,-0.00802101175806199,0.0151877734087055,0.00373386965207531
1.04423610893334,-0.00301123796480017,-0.00215441311876462,0.0180879365350623,0.0058830889034734,-0.0210991744998625,-0.00803750202223802,0.0150766985702621,0.00372867578470878
1.04604274580001,-0.00309186945006214,-0.00216590638382434,0.0180550009096062,0.00588803846623007,-0.0211468703596683,-0.00805394485005441,0.014963131459544,0.00372213208240573
1.04784938266667,-0.00317196621357375,-0.00217802884866625,0.0180191146949101,0.00589231130843171,-0.0211910809084839,-0.00807034015709797,0.0148471484813364,0.00371428245976546
1.04965601953334,-0.00325147481163021,-0.00219077049394401,0.0179802548324232,0.00589591645570505,-0.0212317296440534,-0.00808668694964906,0.014728780020793,0.00370514596176104
1.05146265640001,-0.00333034843302541,-0.00220411338030305,0.0179384352928335,0.00589887144907434,-0.0212687837258589,-0.00810298482937739,0.0146080868598081,0.00369475806877128
1.05326929326667,-0.00340854467195221,-0.00221803653769545,0.0178936863276066,0.00590119714084591,-0.0213022309995588,-0.00811923367854136,0.0144851416556543,0.00368316060315046
1.05507593013334,-0.00348600787840502,-0.00223252998029894,0.0178459822589883,0.00590290245906358,-0.0213319901373933,-0.00813543243936253,0.0143599743805832,0.00367037247876464
1.05688256700001,-0.00356269302708479,-0.00224757480082583,0.0177953426857411,0.00590400601300379,-0.0213580357128259,-0.00815158081382962,0.0142326496586563,0.00365643121217796
1.05868920386667,-0.00363855813257807,-0.00226315096363736,0.0177417948504592,0.00590452768430369,-0.0213803529830373,-0.00816767864794105,0.0141032367178811,0.00364137672066633
1.06049584073334,-0.00371354506144344,-0.00227924842138547,0.0176853104972982,0.00590447639554169,-0.0213988555587416,-0.00818372481692716,0.0139717654358547,0.00362522797415621
1.06230247760001,-0.00378761112855916,-0.00229584748894911,0.0176259147708692,0.00590387164001168,-0.0214135258994283,-0.00819971912896079,0.01383830364231,0.00360802415106257
1.06410911446667,-0.0038607144917704,-0.00231292897004851,0.017563631946008,0.00590273242079898,-0.0214243464377784,-0.00821566139084749,0.0137029174542376,0.00358980345075047
1.06591575133334,-0.00393279425706414,-0.00233048266076022,0.0174984312298933,0.00590106774713254,-0.0214312254869574,-0.00823155040789276,0.0135656369728291,0.00357058508637232
1.06772238820001,-0.00400381063376733,-0.00234848828822953,0.0174303432307582,0.00589889781209103,-0.0214341538645255,-0.00824738610032055,0.0134265325969909,0.0035504095238615
1.06952902506667,-0.00407372164584781,-0.00236692740048575,0.0173593892967941,0.00589624083232422,-0.0214331109426419,-0.00826316823280997,0.0132856676509463,0.00352931343183847
1.07133566193334,-0.00414246336158613,-0.00238578954198,0.0172855361393138,0.00589310599582891,-0.0214279995008999,-0.00827889553780891,0.0131430727777276,0.00350731645384892
1.07314229880001,-0.00420999943902812,-0.00240505404222361,0.0172088197479489,0.00588951401123447,-0.0214188191869771,-0.00829456805345808,0.0129988203089208,0.00348445996901086
1.07494893566667,-0.00427628749112942,-0.00242470309850551,0.0171292585853571,0.00588548240087236,-0.0214055460764865,-0.00831018549937787,0.0128529710942277,0.00346077930236685
1.07675557253334,-0.00434126027132837,-0.00244472590860127,0.0170468169081002,0.00588102062362398,-0.0213880771794285,-0.00832574653222525,0.0127055566367718,0.0034362947150227
1.07856220940001,-0.00440488544066044,-0.00246510159448812,0.0169615360049814,0.00587614971943544,-0.0213664214456418,-0.00834125131392356,0.0125566505643209,0.00341104812494731
1.08036884626667,-0.0044671199239337,-0.0024858129076644,0.0168734314942382,0.00587088660843678,-0.0213405514181719,-0.00835669951610118,0.0124063115703045,0.00338507370077238
1.08217548313334,-0.00452789288260946,-0.0025068486041805,0.0167824652187935,0.00586524111251043,-0.0213103581014029,-0.00837208971669093,0.012254572336184,0.00335839250832994
1.08398212000001,-0.00458717653498313,-0.00252818778857961,0.016688683684396,0.00585923441868651,-0.0212758602193791,-0.00838742220726612,0.0121015071494129,0.00333104663010689
1.08578875686667,-0.00464492684057992,-0.00254981367151891,0.0165920997059772,0.00585288293700995,-0.0212370265465571,-0.00840269660852886,0.0119471728653973,0.00330306926549104
1.08759539373334,-0.00470106909174857,-0.00257171447227459,0.0164926727539332,0.00584619694448174,-0.0211937418456818,-0.00841791141675633,0.0117916036621847,0.00327448247220714
1.08940203060001,-0.00475558061831515,-0.00259386946805436,0.0163904544687334,0.00583919759098131,-0.0211460350870485,-0.00843306705903567,0.0116348738504182,0.00324532812292695
1.09120866746667,-0.00480841613738674,-0.00261626223362588,0.0162854549031148,0.00583190086858482,-0.0210938710405016,-0.0084481631022107,0.0114770387657281,0.00321563863495894
1.09301530433334,-0.00485949679506417,-0.00263888035643966,0.0161776311960603,0.005824317601531,-0.0210371279911244,-0.00846319795797066,0.0113181344009961,0.00318543724509134
1.09482194120001,-0.00490880558697512,-0.00266170347646918,0.016067040040534,0.00581646871831205,-0.0209758456275091,-0.00847817219478122,0.0111582344535589,0.00315476524184287
1.09662857806667,-0.00495629413504706,-0.00268471558316465,0.0159536864439787,0.0058083696875165,-0.0209099805790258,-0.00849308527068115,0.0109973923089316,0.00312365410435185
1.09843521493334,-0.0050018838888754,-0.00270790310023276,0.015837532227715,0.00580003256565048,-0.0208394161165904,-0.00850793566588325,0.0108356483388396,0.00309212946541772
1.10024185180001,-0.00504555933728205,-0.00273124665738059,0.0157186320823381,0.00579147728267259,-0.0207641914196202,-0.00852272394005318,0.0106730727450561,0.00306023062529199
1.10204848866667,-0.00508726980730767,-0.00275473035140568,0.0155969880206789,0.00578271912945807,-0.0206842578279866,-0.00853744948086375,0.0105097182133712,0.00302798877805239
1.10385512553334,-0.00512693826950111,-0.00277833954721,0.0154725675314377,0.0057737713188337,-0.0205995058009388,-0.0085521108660437,0.0103456292619365,0.0029954317716237
1.10566176240001,-0.00516454976555487,-0.00280205585434534,0.015345422276686,0.00576465276605504,-0.0205099720422409,-0.00856670862040037,0.0101808725111312,0.0029625969117097
1.10746839926667,-0.00520005127155006,-0.0028258633535192,0.0152155516715116,0.00575537871249745,-0.0204156029430617,-0.00858124206601665,0.0100155003999616,0.00292951535897825
1.10927503613334,-0.00523336783326006,-0.00284974654092832,0.0150829287897691,0.00574596334307387,-0.0203162966230292,-0.00859570988400219,0.00984956095650903,0.00289621680214554
1.11108167300001,-0.0052644847681122,-0.00287368791091968,0.0149476023061183,0.0057364246504531,-0.0202120870742305,-0.00861011256137277,0.00968311753800614,0.00286273673953342
1.11288830986667,-0.00529334642409323,-0.00289767143306132,0.0148095690790173,0.00572677791862815,-0.0201029155031105,-0.00862444935168947,0.00951622265492404,0.00282910648556683
1.11469494673334,-0.00531988047647112,-0.00292168092494439,0.0146688076852493,0.00571703812036346,-0.0199886881617204,-0.00863871904530785,0.00934892720877819,0.00279535719541908
1.11650158360001,-0.00534407224127304,-0.00294569967066062,0.0145253638531757,0.00570722241785951,-0.0198694360944487,-0.00865292208852013,0.00918129161190262,0.00276152274719888
1.11830822046667,-0.00536586316125602,-0.00296971143358873,0.0143792319257367,0.00569734622984233,-0.0197450950869927,-0.00866705766343106,0.00901336876448068,0.0027276347962536
1.12011485733334,-0.00538518409545308,-0.00299369954281428,0.0142303959004189,0.00568742513269577,-0.0196155799958719,-0.00868112467551005,0.00884521180496578,0.0026937255898815
1.12192149420001,-0.00540202008135633,-0.0030176479771243,0.0140788986003978,0.00567747555026729,-0.0194809186817542,-0.00869512352739159,0.00867687851904151,0.00265982757314299
1.12372813106667,-0.00541630937935718,-0.00304154019865805,0.0139247318942099,0.00566751312813375,-0.0193410412735671,-0.0087090533267918,0.00850842251485269,0.0026259729294757
1.12553476793334,-0.00542798658652499,-0.00306535923809486,0.0137678851178181,0.00565755386206382,-0.0191958717043431,-0.00872291310015869,0.00833989853129316,0.00259219462396896
1.12734140480001,-0.00543703618468076,-0.00308908967386752,0.0136083982303259,0.00564761352966946,-0.0190454344150067,-0.00873670320353698,0.00817136204564519,0.00255852385580194
1.12914804166667,-0.00544340211719819,-0.00311271457182567,0.0134462735964005,0.00563770809549504,-0.0188896757135987,-0.00875042266732071,0.00800287147920233,0.00252499352366937
1.13095467853334,-0.00544847235357386,-0.00313621685434285,0.0132835551170158,0.00562785379046054,-0.0187320274705897,-0.00876407064480339,0.00783508276344198,0.00249163693611769
1.13276131540001,-0.00545351367233794,-0.00315958160444698,0.0131220945474787,0.00561806583805887,-0.0185756082198166,-0.00877764744250584,0.00766858087514073,0.00245848423361189
1.13456795226667,-0.00545848200710375,-0.00318279139664873,0.0129619141014374,0.00560836061391936,-0.0184203961085411,-0.0087911520105681,0.00750343209433362,0.00242556921727063
1.13637458913334,-0.00546333280638807,-0.00320582923511471,0.0128030301091992,0.00559875439987892,-0.0182663629155873,-0.00880458363499364,0.00733969730281115,0.00239292516476421
1.13818122600001,-0.00546802366340979,-0.00322868061241897,0.0126454416462957,0.00558926195742862,-0.0181134653097055,-0.0088179425698476,0.00717741798288588,0.00236058134500965
1.13998786286667,-0.00547250927154471,-0.00325132751668301,0.0124891724976767,0.00557990016539993,-0.0179616817692214,-0.00883122768208294,0.00701666322613194,0.00232857264871692
1.14179449973334,-0.0054767451473364,-0.00327375322396688,0.0123342365437023,0.00557068517231203,-0.0178109816910387,-0.00884443839627891,0.00685749139636595,0.00229693194834514
1.14360113660001,-0.0054806900562149,-0.00329594354134016,0.0121806337385495,0.00556163136977203,-0.0176613237947644,-0.00885757491111219,0.00669994368233464,0.00226568782843186
1.14540777346667,-0.00548429719678686,-0.00331787977548577,0.0120283895115505,0.00555275623192911,-0.0175126867083373,-0.00887063600741488,0.0065440923147636,0.00223487645644334
1.14721441033334,-0.00548752266268467,-0.00333954566445615,0.0118775151469575,0.00554407558975298,-0.0173650378096422,-0.00888362125420914,0.00638999248427282,0.00220452992529683
1.14902104720001,-0.00549032613701862,-0.00336092723476734,0.0117280115506731,0.00553560355708149,-0.0172183376876918,-0.00889653079184882,0.00623768541365451,0.00217467632231415
1.15082768406668,-0.00549265906909556,-0.0033820050166131,0.0115799058694911,0.00552735829550052,-0.0170725649385867,-0.00890936331211362,0.00608724680039554,0.00214535327888742
1.15263432093334,-0.00549447863869856,-0.00340276340013914,0.011433206645397,0.00551935513419413,-0.0169276852840955,-0.00892211853433327,0.00593872800669841,0.00211659173405498
1.15444095780001,-0.00549574519208668,-0.0034231885362569,0.0112879158090984,0.00551160800135052,-0.016783661001185,-0.00893479653760743,0.00579217061701167,0.00208841946509362
1.15624759466668,-0.00549640817473659,-0.00344326008362184,0.0111440622979313,0.00550413583810699,-0.0166404704726679,-0.00894739592172883,0.00564765412319471,0.00206087575448515
1.15805423153334,-0.00549642636164327,-0.00346296327457215,0.0110016517654534,0.00549695328762919,-0.0164980781270967,-0.00895991656220134,0.00550522540381018,0.00203399001305704
1.15986086840001,-0.00549576050768459,-0.00348228428936542,0.0108606872402579,0.00549007418457195,-0.0163564477479425,-0.00897235847393737,0.00536492673257329,0.00200778989520653
1.16166750526667,-0.00549435779997541,-0.0035012018200685,0.0107211995233037,0.00548351834174116,-0.0162155573232791,-0.00898472016180966,0.0052268417233283,0.00198231652167266
1.16347414213334,-0.00549217911778482,-0.00351970213131194,0.0105831912335591,0.00547729953205103,-0.0160753703513439,-0.00899700166336297,0.00509101211577426,0.00195759740073909
1.16528077900001,-0.00548918537007819,-0.00353777133764952,0.0104466665705841,0.00547143158873875,-0.0159358519406623,-0.00900920292638827,0.00495748120050591,0.00193366025108923
1.16708741586668,-0.00548532123107785,-0.00355538706950968,0.0103116582720402,0.00546593528839658,-0.015796979503118,-0.00902132235790626,0.00482633704096234,0.0019105482188869
1.16889405273334,-0.00548055019338884,-0.003572536813915,0.0101781657761468,0.00546082334945257,-0.0156587159695356,-0.00903336016336758,0.00469761558275795,0.00188828653553757
1.17070068960001,-0.00547483306553277,-0.00358920652466576,0.0100461945265094,0.00545610969584384,-0.0155210275920422,-0.0090453162205096,0.00457136146097665,0.00186690317117807
1.17250732646668,-0.00546811175430933,-0.00360537267550199,0.00991577927057354,0.00545181616006598,-0.0153838910248829,-0.00905718883556797,0.0044476675162642,0.00184644348456398
1.17431396333334,-0.00546035287472064,-0.00362102416593814,0.00978691611964851,0.00544795422182684,-0.0152472689943691,-0.00906897838776499,0.00432656324492787,0.0018269300558887
1.17612060020001,-0.00545151688031418,-0.00363614669397081,0.00965961183446616,0.00544453798788038,-0.0151111287147803,-0.00908068468185118,0.00420809495415197,0.00180839129390957
1.17792723706668,-0.00544154265593559,-0.00365071548160198,0.00953390324533637,0.0054415904387425,-0.014975445901272,-0.00909230592034448,0.00409236058940078,0.00179087495714052
1.17973387393334,-0.00543040044804594,-0.0036647210309376,0.00940978299049675,0.00543912163116655,-0.0148401834385427,-0.00910384266210414,0.00397938254245081,0.00177440060022895
1.18154051080001,-0.00541805010068786,-0.00367814868912108,0.00928725922088731,0.00543714594684104,-0.0147053093215752,-0.00911529463596212,0.00386920912019945,0.00175899725771996
1.18334714766668,-0.00540442722222203,-0.00369097233136624,0.00916637092276082,0.00543568760641865,-0.0145707981449829,-0.0091266599377849,0.00376194370053879,0.00174471527505241
1.18515378453334,-0.00538950619963032,-0.0037031842524703,0.00904710711512433,0.0054347550594652,-0.0144366133147547,-0.0091379393119355,0.00365760091549401,0.00173157080699489
1.18696042140001,-0.0053732460129196,-0.00371476935367312,0.00892947741220473,0.00543436305471958,-0.0143027234251243,-0.0091491324083927,0.00355623139928513,0.00171959370104646
1.18876705826668,-0.00535557873943446,-0.00372570006835126,0.00881352302927941,0.0054345371450881,-0.0141691017687139,-0.00916023721343936,0.00345794428984495,0.00170883707673683
1.19057369513334,-0.00533648341573964,-0.00373597067409252,0.00869922921996341,0.00543528398871551,-0.014035712635703,-0.00917125466280803,0.00336274580422377,0.00169931331462299
1.19238033200001,-0.0053159175796721,-0.00374556538325357,0.00858660749484195,0.00543661892256766,-0.0139025250745141,-0.00918218430582123,0.00327068991516985,0.00169105353931409
1.19418696886668,-0.00529381049383839,-0.00375445553611378,0.00847570029132483,0.00543856853674355,-0.0137695107851632,-0.00919302407285733,0.00318188979748644,0.00168411300062977
1.19599360573334,-0.00527014538263909,-0.00376263713936097,0.00836649003144654,0.0054411379009105,-0.0136366354140856,-0.00920377504027147,0.00309634464880745,0.00167850076154952
1.19780024260001,-0.00524487710678809,-0.00377009318622628,0.00825899115777795,0.00544434341766144,-0.013503868264566,-0.00921443660388773,0.00301411405098985,0.00167425023143516
1.19960687946668,-0.00521793577169945,-0.00377679557821019,0.00815324343532903,0.00544821126337799,-0.0133711792070285,-0.00922500684158818,0.00293530766362957,0.0016714156851678
1.20141351633334,-0.00518930538659446,-0.00378274049183222,0.00804923027600612,0.00545274627804332,-0.0132385356626006,-0.00923548676987554,0.00285992488941166,0.0016700057862111
1.20322015320001,-0.00515893893002789,-0.00378791009422096,0.00794696787798809,0.00545796559976826,-0.013105906808016,-0.00924587569398922,0.00278802894796019,0.0016700555055473
1.20502679006668,-0.0051267678592833,-0.00379227703819736,0.00784649318772496,0.00546389480698436,-0.0129732610470083,-0.00925617184518171,0.00271972532844166,0.001671617768787
1.20683342693334,-0.00509277671387159,-0.00379583757506292,0.00774779068007451,0.00547053860210666,-0.0128405673939461,-0.00926637617716957,0.00265501396620293,0.00167470102704374
1.20864006380001,-0.00505691633565723,-0.00379857295079403,0.00765087838190522,0.00547791495088149,-0.0127077947175624,-0.00927648790167552,0.00259396204624798,0.00167934200008746
1.21044670066668,-0.0050191200428554,-0.00380045675963151,0.00755579027494496,0.00548604864955589,-0.0125749103178004,-0.00928650540918739,0.00253667023208956,0.00168559188992438
1.21225333753334,-0.00497937265073578,-0.00380148523260954,0.00746251197008467,0.00549494435509377,-0.0124418846208204,-0.00929642958770331,0.00248313931934889,0.00169345912248424
1.21405997440001,-0.00493762260994172,-0.00380163859950171,0.0073710633959609,0.00550462095299415,-0.0123086860059026,-0.00930625955249586,0.00243344078601917,0.00170298235349245
1.21586661126668,-0.00489380560868156,-0.00380089158606933,0.00728147542342142,0.00551510227308539,-0.012175281032103,-0.00931599385915473,0.00238766981473986,0.00171421068701606
1.21767324813334,-0.00484790648345269,-0.00379924030802879,0.00719373487246832,0.00552639301899784,-0.012041641355921,-0.00932563332702663,0.00234582838901563,0.00172715271096905
1.21947988500001,-0.00479987103914701,-0.00379666388390104,0.00710786364658841,0.00553851308809916,-0.0119077346857354,-0.0093351769720002,0.00230799260744139,0.00174184920419813
1.22128652186668,-0.00474963784302714,-0.00379313836106758,0.0070238893595866,0.00555148515956585,-0.0117735272026137,-0.00934462352063343,0.00227425151655946,0.00175834679849827
1.22309315873334,-0.00469719149828803,-0.00378865964487703,0.00694180011365844,0.0055653140758114,-0.0116389916119465,-0.00935397372068844,0.0022446086153704,0.00177665443093437
1.22489979560001,-0.00464247490953862,-0.00378320564754844,0.00686161986021954,0.00558002083818921,-0.0115040947697582,-0.00936322648573765,0.00221914495068092,0.00179681519064078
1.22670643246668,-0.00458543003215795,-0.00377675392818268,0.00678337280987323,0.00559562679099041,-0.0113688028420312,-0.00937238071917309,0.00219794277771528,0.00181887286280773
1.22851306933334,-0.0045260409815074,-0.00376930008671105,0.00670704842008716,0.00561213700752777,-0.0112330894015946,-0.00938143709423882,0.00218100743857976,0.00184283692081672
1.23031970620001,-0.00446424750738212,-0.00376082073400053,0.00663267276328738,0.00562957368525799,-0.0110969202706695,-0.00939039441925851,0.00216842525590525,0.00186875295125746
1.23212634306668,-0.00439999546233963,-0.00375129513097119,0.00656026650071365,0.00564795664935187,-0.0109602619630533,-0.00939925178032307,0.00216027103837402,0.00189666151838068
1.23393297993334,-0.00433326821937622,-0.00374071847708735,0.0064898205181871,0.00566729129613973,-0.0108230887375633,-0.00940800977322708,0.00215655229881087,0.00192657281905238
1.23573961680001,-0.00426400211894316,-0.00372906598681377,0.00642136308222412,0.00568760111129779,-0.0106853652011673,-0.00941666709811157,0.00215736096328097,0.00195853512448402
1.23754625366668,-0.00419214741983749,-0.00371631881298986,0.00635491115854018,0.00570890421664367,-0.0105470585783777,-0.00942522302963353,0.0021627637387027,0.00199258540365382
1.23935289053334,-0.00411768649816045,-0.00370247165956239,0.00629045713439048,0.00573120642364058,-0.0104081436325509,-0.00943367808320297,0.00217277063623002,0.00202873476407818
1.24115952740001,-0.00404055203048748,-0.0036874982495448,0.00622803154346203,0.0057545325983021,-0.0102685835739495,-0.0094420308478469,0.00218747951297455,0.0020670343487573
1.24296616426668,-0.00396069919091747,-0.00367138181779512,0.00616764750978557,0.00577889897485817,-0.010128346700703,-0.00945028079265329,0.0022069483188681,0.00210751715706305
1.24477280113334,-0.00387810910412526,-0.00365411647769301,0.00610929899513034,0.00580431187202313,-0.0099874080992556,-0.00945842834971614,0.00223118989100508,0.00215019539433012
1.24657943800001,-0.00379271052828051,-0.00363581198711081,0.00605301887343377,0.00583099225425821,-0.00984572940171428,-0.00946680424136901,0.00226030834515326,0.0021951802671474
1.24838607486668,-0.00370446406184492,-0.00361660856864711,0.00599881628088211,0.00585917308490371,-0.00970328034272702,-0.00947578165355082,0.00229435221903719,0.0022425645162566
1.25019271173334,-0.00361334932353654,-0.00359649797327086,0.00594668682683843,0.00588885891069577,-0.00956003615037497,-0.00948535688396663,0.00233333750330189,0.00229236093742491
1.25199934860001,-0.00351929089858783,-0.00357549751625226,0.00589666579857165,0.0059200189419948,-0.00941595669715948,-0.00949551645824706,0.00237737489998383,0.00234452142574253
1.25380598546668,-0.00342225531888569,-0.00355431139399398,0.00584875819826202,0.00595164776615784,-0.00927101351714772,-0.00950595916015182,0.00242650287937633,0.00239733637216386
1.25561262233334,-0.00332222044265985,-0.00353320015350271,0.00580296135594758,0.00598336683355416,-0.00912518179860743,-0.00951656698705688,0.00248074091328773,0.00245016668005145
1.25741925920001,-0.00321910642767525,-0.0035121537472383,0.00575931304530835,0.00601518394338353,-0.0089784194729836,-0.00952733769062183,0.00254020661763311,0.00250303019614523
1.25922589606668,-0.0031128862483052,-0.00349116088622161,0.00571781398835838,0.006047105271088,-0.00883070023666358,-0.00953826615730962,0.00260492774005318,0.00255594438486639
1.26103253293334,-0.00300353574776087,-0.00347021048494161,0.00567846330889003,0.00607913678249165,-0.00868199905665089,-0.00954934726743326,0.00267492756112916,0.00260892629755004
1.26283916980001,-0.00289097040180814,-0.00344929213186271,0.00564130134007597,0.00611128663320672,-0.00853227174188411,-0.00956057876506943,0.00275033093826783,0.002661994501344
1.26464580666668,-0.00277517013636902,-0.00342839466903625,0.00560632437760305,0.00614356065299713,-0.00838149451397207,-0.00957195532203338,0.00283115424123403,0.00271516598396089
1.26645244353334,-0.00265610852510503,-0.00340750724391559,0.00557353341209874,0.00617596479695274,-0.00822964193720377,-0.00958347204086833,0.0029174248869937,0.00276845755303715
1.26825908040001,-0.00253369610725228,-0.00338661901798733,0.00554297140930719,0.00620850761583463,-0.00807666751655947,-0.00959512663382196,0.0030092753020549,0.00282188859784729
1.27006571726668,-0.00240792026934309,-0.00336571909029917,0.00551463009242851,0.00624119451625588,-0.00792255036177159,-0.00960691360655505,0.00310670982308542,0.0028754754259567
1.27187235413334,-0.00227875206095789,-0.00334479677828654,0.00548851239200569,0.00627403148130738,-0.00776726445296358,-0.00961882825959392,0.0032097603310478,0.00292923470302084
1.27367899100001,-0.0021460968302733,-0.00332384075347326,0.00546466397943436,0.00630702749563777,-0.00761076080970766,-0.00963086824911103,0.00331856714916106,0.00298318674216451
1.27548562786668,-0.00200994993349255,-0.00330284049787167,0.00544307185926748,0.00634018746523389,-0.00745302179276003,-0.00964302796310555,0.00343312192577492,0.00303734696736222
1.27729226473334,-0.00187027964158536,-0.00328178543591518,0.00542374097504301,0.00637351743992655,-0.00729402061662837,-0.00965530287584173,0.00355346133345765,0.00309173200401137
1.27909890160001,-0.00172698585713655,-0.00326066368618186,0.00540671977689022,0.00640702687698624,-0.00713370563402677,-0.0096676905631681,0.00367973391975367,0.00314636319080438
1.28090553846668,-0.0015800724150833,-0.00323946523961537,0.00539199040455229,0.00644072010430186,-0.00697206281963559,-0.00968018534391723,0.003811917989469,0.00320125486468649
1.28271217533334,-0.00142950455325291,-0.00321817956466319,0.00537955988764399,0.00647460327718002,-0.0068090644408969,-0.00969278284184321,0.00395005533439108,0.00325642371251683
1.28451881220001,-0.00127517647410788,-0.00319679416397456,0.00536947952810691,0.00650868636425021,-0.00664465600221479,-0.00970548052822477,0.00409430305399903,0.00331189220027564
1.28632544906668,-0.00111710100038092,-0.00317529966339122,0.0053617264547154,0.00654297303783021,-0.00647882745509632,-0.00971827270122142,0.00424462545433448,0.00336767337443899
1.28813208593334,-0.000955240082225781,-0.003153685512392,0.00535630985624029,0.00657746959743795,-0.00631154993846607,-0.00973115510982996,0.00440106977401451,0.00342378408504595
1.28993872280001,-0.000789481967452746,-0.00313193853471248,0.00535328395951682,0.00661218656180018,-0.00614276592696957,-0.00974412509651267,0.00456380199206408,0.0034802480270877
1.29174535966668,-0.00061984897565076,-0.00311005011706105,0.00535262073618925,0.00664712687018875,-0.00597246971184001,-0.0097571769872498,0.00473277176053849,0.0035370767531277
1.29355199653334,-0.00044629731404044,-0.00308800953642981,0.00535433293353756,0.00668229713649197,-0.005800630247578,-0.00977030667292178,0.00490803561949712,0.00359428760006216
1.29535863340001,-0.000268715623437006,-0.00306580314625753,0.00535847379755255,0.00671770807400631,-0.00562718942098955,-0.00978351122026384,0.00508975817411554,0.00365190492774879
1.29716527026668,-8.71296271589663e-05,-0.00304342294848592,0.00536501397540632,0.00675336220574787,-0.00545214360256529,-0.00979678515423379,0.00527788434824735,0.00370993925726195
1.29897190713334,9.85101148439432e-05,-0.00302085795778415,0.00537396957181994,0.00678926649629222,-0.005275459456976,-0.00981012445407637,0.00547247968666389,0.00376840853850808
1.30077854400001,0.000288309271673955,-0.00299809434647063,0.0053853897686469,0.00682543150523877,-0.00509708049697295,-0.0098235258517094,0.00567369904032086,0.00382733715876814
1.30258518086668,0.000481670598064768,-0.0029751245055272,0.00539843632707219,0.00686185964887817,-0.00491676572900743,-0.00983698415440537,0.00588010692513696,0.00388673514335097
1.30439181773334,0.0006776882437988,-0.00295193717871934,0.00541177072952733,0.00689855819094498,-0.00473408248572853,-0.00985049536966432,0.00608945897332613,0.00394662101222564
1.30619845460001,0.000876384440348807,-0.00292851848321306,0.00542532871585252,0.00693553745986818,-0.00454894427550371,-0.00986405594308123,0.00630171315620133,0.00400701897665512
1.30800509146668,0.0010777312655286,-0.00290486113604639,0.00543907627287775,0.00697279980394985,-0.00436134500734915,-0.00987766093999624,0.00651680753840635,0.00406793866790345
1.30981172833334,0.00128175113357349,-0.00288095354709742,0.00545298372249363,0.00701035282482018,-0.00417123258892014,-0.00989130637191759,0.00673473485606713,0.00412939927772276
1.31161836520001,0.0014884873771284,-0.00285678190434658,0.00546702177648167,0.00704820654226445,-0.00397853439935327,-0.00990498844661102,0.00695550915361007,0.00419142463791787
1.31342500206668,0.00169791404391786,-0.00283233918790489,0.00548115800188893,0.0070863632753331,-0.00378324395797106,-0.00991870246323799,0.00717907204580679,0.00425402408742821
1.31523163893334,0.00191005632809964,-0.00280761341077932,0.00549536244040936,0.00712483100228857,-0.00358530611230972,-0.00993244441306789,0.00740541876850899,0.00431721759150924
1.31703827580001,0.00212495273517942,-0.00278259095773223,0.0055096046813572,0.00716361935679819,-0.00338465194617778,-0.00994621031453042,0.00763455741653662,0.00438102839906597
1.31884491266668,0.00234257936009916,-0.00275726500896393,0.00552385369444318,0.007202730667398,-0.00318127433434402,-0.00995999567636194,0.00786643305454235,0.00444546565843407
1.32065154953334,0.00256296425424378,-0.00273162311762656,0.00553807906361133,0.00724217332771961,-0.00297511480936754,-0.00997379644534617,0.00810104331785511,0.00451055021009305
1.32245818640001,0.00278614094136912,-0.0027056519912317,0.00555224961081645,0.00728195650783934,-0.00276610866944732,-0.00998760849907104,0.00833839055218557,0.00457630451660765
1.32426482326668,0.00301208764093931,-0.00267934494708486,0.00556633553087859,0.00732208258451518,-0.00255424788993928,-0.0100014275316,0.0085784231718179,0.00464273763743032
1.32607146013334,0.00324083533887288,-0.00265268901550043,0.00558030577243798,0.00736256040548418,-0.0023394704335651,-0.0100152494209846,0.00882114111131086,0.00470987138998375
1.32787809700001,0.00347241242256407,-0.00262567135270589,0.00559412874519749,0.00740339859975864,-0.00212171632263341,-0.0100290699524645,0.00906654116776156,0.00477772724705275
1.32968473386668,0.00370679931330486,-0.00259828535012927,0.00560777569153296,0.00744459963105456,-0.00190097637822811,-0.0100428849811838,0.00931457500483782,0.0048463142809253
1.33149137073334,0.00394403000885361,-0.00257051745226226,0.00562121474722692,0.00748617283995244,-0.0016771847383733,-0.0100566902922147,0.00956524475608053,0.00491565538769018
1.33329800760001,0.00418412760563089,-0.00254235539001662,0.005634414264838,0.00752812623692592,-0.00145028665920711,-0.0100704816269425,0.00981854187046889,0.0049857708469093
1.33510464446668,0.00442707480406304,-0.00251379256595823,0.00564734635674423,0.0075704624113868,-0.00122027155268119,-0.010084254977345,0.0100744211608073,0.00505666984542857
1.33691128133334,0.00467290869105292,-0.00248481477577359,0.00565997816831579,0.00761319123549456,-0.000987069477262872,-0.0100980060112682,0.0103328868593687,0.00512837645972096
1.33871791820001,0.00492164691743668,-0.0024554104510251,0.00567227835007589,0.00765632002371173,-0.000750631432639211,-0.0101117304747368,0.0105939252675126,0.00520090957268662
1.34052455506668,0.00517327454008026,-0.00242557294243332,0.00568421970685009,0.00769985152988193,-0.000510945166769835,-0.0101254244723153,0.0108574942469304,0.00527427858744862
1.34233119193334,0.00542783181233731,-0.00239528733389567,0.00569576821604278,0.00774379619648079,-0.000267936403705473,-0.0101390835303765,0.0111236000283801,0.00534850886258512
1.34413782880001,0.00568533078484788,-0.00236454288359256,0.00570689318124895,0.00778816056448622,-2.15623964010692e-05,-0.0101527034480788,0.0113922239660968,0.00542361768089366
1.34594446566668,0.00594575894822327,-0.00233333282741585,0.00571756792218829,0.00783294759091032,0.000228191026034972,-0.0101662804183262,0.0116633268704116,0.00549961476349448
1.34775110253334,0.0062091597995735,-0.00230164147448997,0.00572775707074557,0.00787816832728139,0.000481402728827934,-0.0101798098017714,0.0119369168703191,0.00557652685279142
1.34955773940001,0.0064755396347313,-0.00226945903558056,0.00573743093869515,0.00792382846361976,0.000738108696036147,-0.0101932874992003,0.0122129705734264,0.00565436942803921
1.35136437626668,0.00674488845535898,-0.00223677856876713,0.00574656318309666,0.00796993119884241,0.000998325272262317,-0.0102067097676095,0.0124914516384556,0.00573315263007528
1.35317101313334,0.00701725307962841,-0.00220358354541767,0.00575511691276184,0.00801648823226704,0.00126213616686657,-0.0102200717776847,0.0127723699923903,0.00581290468684937
1.35497765000001,0.0072926338939537,-0.00216986525485045,0.00576306380275182,0.00806350432548255,0.00152957009120188,-0.010233369580333,0.0130556976967055,0.0058936390706321
1.35678428686668,0.00757102348835392,-0.00213561651434859,0.00577037766991311,0.00811098295804832,0.00180064581844081,-0.0102465994723969,0.013341401158267,0.00597536644369973
1.35859092373334,0.00785247207936889,-0.00210081989454017,0.00577701992242958,0.00815893651580769,0.0020754521569393,-0.0102597564103479,0.0136294920017985,0.00605811662126752
1.36039756060001,0.00813697398938197,-0.0020654678892635,0.00578296395375754,0.008207368754445,0.00235401003562442,-0.0102728366437085,0.0139199379431395,0.0061419008651815
1.36220419746668,0.00842452447407504,-0.00202955301202147,0.00578818356297567,0.00825628347289827,0.00263634091109937,-0.0102858364849197,0.0142127080370507,0.0062267304608768
1.36401083433334,0.0087151772256615,-0.00199305686971892,0.00579263828008645,0.00830569378227359,0.00292253894557505,-0.0102987506519925,0.0145078155057479,0.00631263691255467
1.36581747120001,0.00900892034788292,-0.00195597328668109,0.00579630357204973,0.00835560235487735,0.00321261677583319,-0.0103115756415584,0.0148052239199327,0.00639962906819626
1.36762410806668,0.00930575183938915,-0.00191829440964741,0.0057991530426218,0.00840601334776233,0.00350659879676735,-0.0103243077574097,0.0151049048820109,0.00648771893811492
1.36943074493334,0.009605728945373,-0.00188000081881551,0.00580114416607064,0.00845694063603523,0.00380458477930236,-0.0103369414548507,0.0154068731114436,0.00657693981721972
1.37123738180001,0.009908833396323,-0.00184108779496463,0.00580225483796618,0.00850838573114973,0.00410657855835682,-0.0103494735261144,0.0157110882342892,0.0066672979361851
1.37304401866668,0.0102150660111628,-0.00180154705508753,0.00580245828918938,0.00856035318701133,0.00441260772197345,-0.0103619002420989,0.0160175243003522,0.0067588061319238
1.37485065553334,0.0105244876653702,-0.00176135808969076,0.00580170976071953,0.00861285768146275,0.00472277790465065,-0.0103742157711535,0.0163261974260897,0.00685149959177199
1.37665729240001,0.0108370735615692,-0.00172051776197563,0.00579998993184449,0.00866589948763242,0.00503708362972467,-0.0103864172496081,0.0166370634934136,0.00694538172565679
1.37846392926668,0.0111528274162627,-0.00167901729620321,0.00579727148301639,0.00871948359501521,0.00535555593324636,-0.0103985008912184,0.0169500988992791,0.007040466298812
1.38027056613334,0.0114718138125199,-0.00163683503020653,0.0057935072443712,0.00877362552292631,0.00567830656814869,-0.0104104605531328,0.0172653210568911,0.00713679049271978
1.38207720300001,0.011794001270488,-0.00159396953557495,0.00578868103402304,0.00882832422869604,0.00600532023646494,-0.010422293764271,0.017582682304511,0.00723435469312109
1.38388383986668,0.0121193964815559,-0.001550411480856,0.00578276480444078,0.00888358517614432,0.00633663167711509,-0.0104339966570003,0.0179021612859967,0.00733317369528832
1.38569047673334,0.0124480678136888,-0.00150613798822394,0.00577570879736337,0.00893942476479649,0.00667235901632541,-0.0104455627530204,0.0182237766110522,0.00743328677657255
1.38749711360001,0.0127799769499465,-0.00146114946362435,0.00576750032483907,0.0089958405587104,0.00701247662510746,-0.0104569900223347,0.0185474772747856,0.00753469109508604
1.38930375046668,0.0131151336339089,-0.00141543595690704,0.00575811043379966,0.00905283853476888,0.00735702320010925,-0.0104682744916759,0.0188732440677086,0.00763740257786184
1.39111038733334,0.0134536100957435,-0.00136897331160443,0.00574748660003385,0.00911043601144321,0.00770612349570966,-0.0104794093230476,0.0192010966957774,0.00774146269983878
1.39291702420001,0.0137953610268111,-0.00132176389398543,0.00573561998463108,0.00916862908204626,0.00805974104218002,-0.0104903929760317,0.0195309810114422,0.00784686518806083
1.39472366106668,0.0141404022630588,-0.00127379638259862,0.00572247938145607,0.00922742482174433,0.00841792288160275,-0.010501221204343,0.0198628816445149,0.00795362843914571
1.39653029793334,0.014488801085551,-0.00122504734820936,0.00570801283272058,0.00928683986723716,0.00878078825283041,-0.0105118872154465,0.0201968139182716,0.00806179251902779
1.39833693480001,0.0148405139279489,-0.00117551917451902,0.00569221219373633,0.00934687040307354,0.0091483017342126,-0.0105223895775926,0.0205327261216852,0.00817135122855451
1.40014357166668,0.0151955601542401,-0.00112519967738169,0.00567504472950019,0.00940752417774339,0.00952051542473993,-0.0105327238551251,0.0208706048837403,0.0082823245003617
1.40195020853334,0.0155540012099781,-0.00107406644590009,0.00565645967576141,0.00946881693654842,0.00989754153421672,-0.0105428833824485,0.0212104608857395,0.00839475049064833
1.40375684540001,0.0159157960802266,-0.00102212165308686,0.0056364491324929,0.00953074512616268,0.0102793469477337,-0.0105528667792495,0.0215522452127195,0.00850862347307582
1.40556348226668,0.0162809674903873,-0.000969352244163656,0.00561497874893858,0.00959331716308529,0.0106659887414487,-0.0105626694072489,0.0218959462393259,0.00862396491892164
1.40737011913334,0.0166495708958913,-0.000915736952537897,0.00559199930949396,0.00965654782374712,0.0110575715863973,-0.010572284776285,0.0222415702053852,0.00874081087120922
1.40917675600001,0.0170215679105108,-0.000861277677550073,0.00556750298123841,0.00972043385568391,0.0114540649292724,-0.010581711533234,0.0225890708917492,0.00885915617813383
1.41098339286668,0.0173969846983674,-0.000805960430805895,0.00554145362010983,0.00978498438214072,0.0118555310782575,-0.0105909448129466,0.0229384383184772,0.00897902395133482
1.41279002973334,0.0177758705701576,-0.000749765215984254,0.00551380391425624,0.00985021313320368,0.0122620666559013,-0.0105999783491879,0.0232896744844138,0.00910044791721943
1.41459666660001,0.0181581898456683,-0.000692693595770283,0.00548454592031109,0.00991611719600758,0.0126736439253572,-0.0106088107917779,0.0236427357659794,0.00922342360023729
1.41640330346668,0.0185439722050464,-0.000634730585169533,0.00545364152335087,0.0099827064392797,0.0130903306816956,-0.0106174370244492,0.0239976137283973,0.00934797585411016
1.41820994033334,0.0189332606596434,-0.000575857584100577,0.0054210456703859,0.0100499934692885,0.0135122149892575,-0.0106258510533891,0.0243543063300293,0.0094741358851879
1.42001657720001,0.0193260223125659,-0.00051607575560871,0.00538675013004787,0.0101179757515039,0.013939272182518,-0.0106340515071126,0.0247127724426137,0.00960189999589515
1.42182321406668,0.0197222904372918,-0.000455369055116195,0.00535071463899993,0.0101866639388724,0.0143715757982919,-0.0106420329939886,0.0250730050762917,0.00973129488375623
1.42362985093334,0.0201221015912158,-0.000393720404748259,0.00531289675822097,0.0102560694363715,0.0148092048329948,-0.0106497898411198,0.0254349983494368,0.00986234903162324
1.42543648780001,0.0205254257380704,-0.000331130504926573,0.00527328779078788,0.0103261901265432,0.0152521379472825,-0.0106573206314698,0.0257987135288582,0.00999505962161661
1.42724312466668,0.0209322998219703,-0.000267582188507129,0.0052318451473953,0.0103970374852897,0.015700454674575,-0.0106646196737969,0.0261641449693656,0.0101294552967826
1.42904976153334,0.0213427537917415,-0.000203060025788392,0.00518852935809912,0.0104686216388236,0.0161542244336424,-0.010671681664612,0.0265312831498406,0.0102655616130352
1.43085639840001,0.0217567605490483,-0.000137564191585483,0.0051433310828678,0.0105409409254956,0.0166134294661805,-0.0106785051170811,0.0269000916319161,0.0104033767339101
1.43266303526668,0.0221743607859482,-7.10763332038215e-05,0.00509620522887398,0.0106140076829011,0.0170781555570742,-0.0106850840161049,0.0272705660148222,0.0105429313496973
1.43446967213334,0.0225955776880872,-3.58279508264926e-06,0.00504711565035826,0.0106878306810146,0.017548462037729,-0.0106914134760972,0.0276426933384455,0.0106842478859319
1.43627630900001,0.0230203871723666,6.4916836553209e-05,0.0049960521866263,0.0107624087527317,0.0180243349857403,-0.0106974919161785,0.0280164393589929,0.0108273255892849
1.43808294586668,0.0234488337560926,0.000134442162932641,0.00494296706377458,0.0108377551360773,0.018505866692318,-0.0107033129731447,0.0283918008198672,0.01097219729901
1.43988958273334,0.0238809337071195,0.00020500493950785,0.00488782781533601,0.0109138771673148,0.0189931058917835,-0.010708872227807,0.0287687615224555,0.0111188821068227
1.44169621960001,0.0243166660348922,0.000276606231628143,0.00483062328240043,0.0109907742126216,0.0194860427524917,-0.0107141679809935,0.0291472893172926,0.0112673804442498
1.44350285646668,0.0247561489748054,0.000349266952040417,0.00477120409835738,0.0110684604491887,0.019984944876448,-0.0107191934971483,0.0295273530731628,0.0114177274012291
1.44530949333334,0.0252005588039323,0.000422996830121586,0.00470789132848316,0.0111469417020945,0.0204926674754492,-0.0107239448719729,0.0299084501324155,0.0115699385322161
1.44711613020001,0.0256502712371332,0.000497797645778277,0.00464011609476089,0.0112262179095356,0.0210101551423723,-0.0107284202637573,0.0302903873318941,0.0117240155553139
1.44892276706668,0.0261052998112434,0.000573691686258615,0.00456787968889083,0.0113063042266054,0.0215374201223526,-0.0107326125403467,0.0306731795001343,0.011879995912864
1.45072940393334,0.0265655852611783,0.000650686528897172,0.00449124466559255,0.0113872048897242,0.0220743405955857,-0.010736518360827,0.0310568299267708,0.0120378914186214
1.45253604080001,0.0270310461703265,0.000728784731141801,0.00441029186722148,0.0114689204478439,0.022620754303105,-0.0107401357167021,0.0314413380375479,0.0121977051789857
1.45434267766668,0.0275016996791057,0.000808010017725827,0.00432502001320389,0.0115514670726977,0.0231766796659018,-0.0107434570549718,0.0318267196923096,0.0123594770904235
1.45614931453334,0.0279774769742528,0.000888367687973264,0.00423549946684345,0.0116348473345741,0.0237419775074094,-0.0107464796466008,0.0322129764410963,0.0125232150225473
1.45795595140001,0.0284583025837523,0.000969861139857511,0.00414180583418564,0.0117190624319169,0.0243164967495666,-0.0107492012920593,0.0326001084179379,0.0126889235717744
1.45976258826668,0.0289441970046111,0.00105251559858023,0.0040439355434574,0.011804129591836,0.0249002614611537,-0.0107516139932557,0.0329881325480685,0.0128566451904162
1.46156922513334,0.0294350823693745,0.00113636197100911,0.00394196620439647,0.0118900892552863,0.0254931161649781,-0.0107537272842772,0.033377048573771,0.0130264512262954
1.46337586200001,0.0299308889036297,0.0012216742620306,0.00383596846781411,0.0119773247271547,0.0260949204358156,-0.0107556504651241,0.0337668573714438,0.0131989989891853
1.46518249886668,0.0304316402139781,0.00130854332488478,0.003725936751812,0.0120659449296692,0.0267057034621661,-0.0107574016047844,0.0341575769657901,0.013374488254554
1.46698913573334,0.030937249872762,0.00139694317870427,0.00361195535041232,0.0121559116091823,0.0273252945223496,-0.010758968430478,0.0345492052231743,0.0135528547878866
1.46879577260001,0.0314476535561771,0.00148685477620803,0.00349409024026699,0.0122471929923693,0.0279535633159101,-0.0107603382161613,0.0349417437964441,0.0137340477685774
1.47060240946668,0.0319628777334253,0.00157828772434665,0.00337233411042795,0.0123397819345773,0.0285905436229974,-0.0107614942102306,0.0353352118438533,0.0139180696589239
1.47240904633334,0.0324828279106341,0.00167121346188358,0.00324677737705166,0.0124336383904387,0.0292360505335824,-0.0107624249285551,0.0357296052876857,0.0141048518523223
1.47421568320001,0.0330074449676131,0.0017656145666077,0.00311748162370541,0.0125287321946295,0.0298899633439077,-0.0107631176280218,0.0361249265913185,0.0142943467612372
1.47602232006668,0.0335367579891716,0.00186150153010371,0.00298443809146618,0.0126250562359437,0.0305523198977054,-0.01076355470584,0.0365211960806378,0.0144865577660474
1.47782895693334,0.0340706649092093,0.00195884335209645,0.00284774275647534,0.0127225689778383,0.031222922152734,-0.0107637256257419,0.0369184076656846,0.0146814123299348
1.47963559380001,0.0346091115641566,0.00205762416477925,0.00270745309028992,0.012821241712717,0.0319016584738667,-0.0107636175479377,0.0373165646544465,0.0148788658774962
1.48144223066668,0.0351521294074356,0.00215785527370546,0.00256355916708739,0.0129210672125502,0.0325885702403482,-0.0107632119388448,0.0377156885745229,0.0150789224862557
1.48324886753334,0.0356996092947064,0.00225950338089238,0.0024161619608436,0.0130220027501629,0.0332834473338628,-0.0107624993692705,0.03811577125555,0.0152815061310552
1.48505550440001,0.0362515017720261,0.00236255410227243,0.0022653151121805,0.0131240209254146,0.0339861866598456,-0.0107614668231422,0.0385168168842066,0.0154865750276871
1.48686214126668,0.0368078404144358,0.00246701948670141,0.00211100780945224,0.0132271142431794,0.0346968326049836,-0.010760094756478,0.0389188482238881,0.0156941337298808
1.48866877813334,0.037368509493344,0.00257286407982091,0.0019533454623174,0.0133312390861946,0.0354151640310266,-0.0107583750063737,0.0393218549556614,0.0159041031660155
1.49047541500001,0.0379334651509757,0.00268008080897605,0.0017923772915238,0.0134363616432421,0.0361410878594519,-0.010756280834266,0.0397258424424995,0.0161164424522181
1.49228205186668,0.0385027394363911,0.00278871771747643,0.0016280944907212,0.0135424217294856,0.0368746449456699,-0.0107537040120092,0.0401308339271123,0.0163311394469621
1.49408868873334,0.0390762139313408,0.00289873841789968,0.00146060373305734,0.0136493759277168,0.0376156101982835,-0.0107506375098171,0.0405368176643982,0.0165481143456164
1.49589532560001,0.0396538518287985,0.0030101253975164,0.00128994885280017,0.0137572099784798,0.0383639029759983,-0.0107470845809634,0.0409438006815987,0.0167673353759962
1.49770196246668,0.0402356748995202,0.00312288018958265,0.00111612968305511,0.0138659217902993,0.0391195452164651,-0.0107430416007167,0.0413518045825753,0.016988801979882
1.49950859933334,0.0408215710349155,0.00323696058411532,0.000939247245224115,0.013975481206944,0.0398823237896914,-0.0107385206228286,0.0417608182801396,0.0172124417910593
1.50131523620001,0.0414115071496092,0.00335235024798291,0.000759342666940651,0.0140858747057024,0.0406521644826686,-0.0107335244577195,0.0421708498165499,0.0174382249536853
1.50312187306668,0.0420054952300414,0.00346904728385186,0.000576423858614431,0.0141970978653125,0.041429071371427,-0.0107280505814607,0.0425819190886559,0.0176661451491644
1.50492850993334,0.0426034292302869,0.00358701173273131,0.000390586470978143,0.0143091221225854,0.0422128427593088,-0.0107221103898541,0.0429940157012651,0.0178961338553167
1.50673514680001,0.0432052795396268,0.00370622832804648,0.000201869206105265,0.014421934601208,0.0430034103335216,-0.0107157062731616,0.0434071487457321,0.0181281629292545
1.50854178366668,0.0438110488541741,0.00382669196795547,1.02874895600898e-05,0.0145355287308233,0.043800761364614,-0.0107088367628679,0.0438213363437341,0.0183622206987788
1.51034842053334,0.0444206369436734,0.00394836483141845,0.00018406811751981,0.0146498774509389,0.0442365688261536,-0.0107015126195204,0.0446047050611932,0.0185982422823573
1.51215505740001,0.04503401742507,0.00407123260537891,0.000381161057545105,0.0147649684412952,0.0446528563675249,-0.0106937358359163,0.0454151784826151,0.0188362010466741
1.51396169426668,0.0456511841981362,0.00419528720956457,0.00058096895194733,0.0148807931631304,0.0450702152461889,-0.0106855059535658,0.0462321531500836,0.0190760803726949
1.51576833113334,0.0462720426012939,0.00432049284784841,0.000783406048108927,0.0149973259683032,0.045488636553185,-0.0106768331204548,0.0470554486494029,0.0193178188161516
1.51757496800001,0.0468965692321573,0.0044468360476509,0.000988437651849911,0.0151145550022619,0.0459081315803074,-0.010667718954611,0.0478850068840072,0.0195613910499128
1.51938160486668,0.0475247496881468,0.00457430597635055,0.00119603499374729,0.0152324699385316,0.0463287146943995,-0.0106581639621811,0.0487207846818941,0.0198067759148822
1.52118824173334,0.0481564946293669,0.0047028687496921,0.0014061168486288,0.0153510464509765,0.0467503777807381,-0.0106481777012844,0.0495626114779957,0.0200539152006686
1.52299487860001,0.0487917833871075,0.00483251162253385,0.00161865010464822,0.0154702730604064,0.0471731332824593,-0.0106377614378726,0.0504104334917557,0.0203027846829403
1.52480151546668,0.0494305937504243,0.00496322123598453,0.00183360016367934,0.0155901378333255,0.0475969935867449,-0.010626916597341,0.0512641939141036,0.0205533590693101
1.52660815233334,0.0500728414541112,0.0050949655046208,0.00205089004691831,0.015710617675257,0.0480219514071929,-0.0106156521706362,0.0521237315010295,0.0208055831798778
1.52841478920001,0.0507185083161392,0.00522773229769923,0.00227048794378005,0.0158317013920277,0.0484480203723592,-0.0106039690943285,0.0529889962599193,0.021059433689727
1.53022142606668,0.0513675648111878,0.00536150595613772,0.00249235398958237,0.0159533756238101,0.0488752108216054,-0.0105918696676724,0.0538599188007701,0.0213148815799479
1.53202806293334,0.0520199315017454,0.00549625608030606,0.00271641517081748,0.0160756184174431,0.0493035163309279,-0.0105793623371371,0.0547363466725629,0.0215718744977492
1.53383469980001,0.0526755924454712,0.00563197104081784,0.00294264069708381,0.0161984187734229,0.0497329517483874,-0.0105664477326051,0.055618233142555,0.0218303898142408
1.53564133666668,0.0533345112966555,0.00576863310448147,0.00317098599929593,0.0163217620862839,0.0501635252973596,-0.0105531289818024,0.0565054972959515,0.0220903951907654
1.53744797353334,0.0539966131984883,0.00590621344441854,0.00340138174816509,0.016445627453833,0.0505952314503232,-0.0105394140094144,0.0573979949466534,0.0223518408982515
1.53925461040001,0.0546618842013222,0.00604470081956135,0.00363379789239937,0.0165700039808913,0.0510280863089229,-0.0105253031613299,0.0582956820937216,0.0226147048004526
1.54106124726668,0.0553302816330464,0.00618407564868695,0.00386818572065942,0.0166948759970452,0.051462095912387,-0.0105108003483583,0.0591984673537058,0.0228789516457322
1.54286788413334,0.0560017349705586,0.00632431056463003,0.00410447930680069,0.016820223560725,0.0518972556637579,-0.010495912996095,0.0601062142773593,0.023144534125355
1.54467452100001,0.0566762320099108,0.00646539460160063,0.0043426490575663,0.0169460357907308,0.0523335829523445,-0.0104806411891301,0.0610188810674771,0.0234114303923314
1.54648115786668,0.057353724246579,0.00660730655642552,0.00458264268151211,0.0170722961323926,0.0527710815650669,-0.0104649895759671,0.0619363669280911,0.0236796026888182
1.54828779473334,0.0580341452441747,0.00675002040861145,0.00482439737456401,0.0171989855144173,0.0532097478696107,-0.0104489651058059,0.0628585426187388,0.0239490059230288
1.55009443160001,0.0587174842974555,0.00689352535460728,0.00506788372042357,0.0173260929792397,0.0536496005770319,-0.0104325676246324,0.063785368017879,0.024219618333847
1.55190106846668,0.0594036875634724,0.00703779879536826,0.0053130464096933,0.0174536012686236,0.0540906411537791,-0.0104158024732554,0.0647167339731657,0.0244914000639919
1.55370770533334,0.0600926924455554,0.00718281594403413,0.00555982547929349,0.0175814920912087,0.0545328669662619,-0.0103986761471746,0.0656525179248489,0.0247643080352429
1.55551434220001,0.0607844894901752,0.00732856604625221,0.00580819140881046,0.017709754322716,0.0549762980813647,-0.0103811882764638,0.0665926808989857,0.0250383203689682
1.55732097906668,0.0614790200099446,0.00747502533318623,0.00605808643304234,0.0178383701820373,0.0554209335769023,-0.010363344848851,0.067537106442987,0.0253133955152235
1.55912761593334,0.0621762250009196,0.00762217013856922,0.00630945314882935,0.0179673220673968,0.0558667718520903,-0.0103451519288276,0.068485678149749,0.025589492205966
1.56093425280001,0.0628760960142885,0.00776998964420685,0.00656226165056681,0.0180965985974587,0.0563138343637217,-0.0103266089532518,0.0694383576648553,0.0258665882416655
1.56274088966668,0.0635785700122147,0.00791845913755103,0.00681645227939895,0.0182261816489314,0.0567621177328158,-0.0103077225113804,0.0703950222916137,0.0261446407864825
1.56454752653334,0.0642835913364858,0.00806755595988816,0.00707196991101058,0.0183560542192801,0.0572116214254752,-0.010288498259392,0.0713555612474964,0.0264236101791683
1.56635416340001,0.0649911522960142,0.00821726911614226,0.00732878397353143,0.0184862045797655,0.0576623683224828,-0.0102689354636233,0.0723199362695456,0.0267034736959078
1.56816080026668,0.0657011859965012,0.00836757317613369,0.00758683347660207,0.0186166144456046,0.0581143525198992,-0.0102490412694709,0.0732880194731033,0.0269841876217383
1.56996743713334,0.0664136398784725,0.00851844637566202,0.00784606529367635,0.0187472673231574,0.0585675745847961,-0.0102288209474953,0.0742597051721488,0.0272657136988194
1.57177407400001,0.0671285067615708,0.0086698774297298,0.00810644790554405,0.0188781510459349,0.0590220588560267,-0.0102082736162051,0.0752349546671149,0.0275480284756647
1.57358071086668,0.0678457163890229,0.00882184041660563,0.00836791955249097,0.0190092473483551,0.059477796836532,-0.0101874069317494,0.0762136359415139,0.0278310877649607
1.57538734773334,0.0685652190530986,0.00897431435356204,0.00863042882466632,0.0191405401553263,0.0599347902284323,-0.0101662258017643,0.077195647877765,0.0281148545088884
1.57719398460001,0.069287007837177,0.00912728755264064,0.00889394297444367,0.0192720167722651,0.0603930648627333,-0.0101447292196244,0.0781809508116206,0.0283993043249057
1.57900062146668,0.0700110096159986,0.00928073382663785,0.00915840003490535,0.0194036591334809,0.0608526095810932,-0.0101229253068431,0.0791694096509039,0.0286843929601188
1.58080725833334,0.0707371772865827,0.00943463286125962,0.00942375003181988,0.0195354514920852,0.0613134272547628,-0.0101008186308256,0.0801609273184026,0.0289700843533448
1.58261389520001,0.0714655039490515,0.0095889724525461,0.00968995870806981,0.0196673805350547,0.0617755452409817,-0.0100784080825086,0.0811554626571214,0.0292563529876008
1.58442053206668,0.0721959141036466,0.00974372637390158,0.00995696445168417,0.0197994285772806,0.0622389496519624,-0.010055702203379,0.0821528785553308,0.0295431549511821
1.58622716893334,0.0729283630051436,0.00989887486642551,0.0102247184429758,0.0199315801097328,0.0627036445621678,-0.0100327052433073,0.0831530814481194,0.0298304549761583
1.58803380580001,0.0736628435234131,0.0100544050971172,0.010493184634262,0.0200638211106015,0.0631696588891511,-0.0100094160134842,0.0841560281576751,0.0301182262077187
1.58984044266668,0.0743992782781858,0.0102102910260684,0.0107623023306671,0.0201961344560524,0.0636369759475188,-0.009985843429984,0.0851615806088529,0.0304064254821208
1.59164707953334,0.0751376257735131,0.0103665135297776,0.0110320239241446,0.0203285048098028,0.0641056018493685,-0.00996199128002515,0.0861696496976578,0.0306950183395804
1.59345371640001,0.0758778749864802,0.0105230584540257,0.0113023102808592,0.0204609172752041,0.064575564705621,-0.00993785882117838,0.0871801852673394,0.0309839757292298
1.59526035326668,0.0766199505658348,0.0106799007508092,0.0115731031996934,0.0205933555460947,0.0650468473661414,-0.00991345479528547,0.0881930537655282,0.0312732562969039
1.59706699013334,0.0773638133576579,0.0108370216491686,0.0118443556381438,0.020725804284943,0.065519457719514,-0.00988878263577446,0.0892081689958017,0.0315628259341116
1.59887362700001,0.0781094467644719,0.0109944054909422,0.012116025175701,0.0208582478051609,0.0659934215887709,-0.00986384231421866,0.0902254719401728,0.0318526532961031
1.60068026386668,0.0788567793928125,0.0111520285157952,0.0123880565866025,0.0209906706237054,0.06646872280621,-0.00983864210791024,0.0912448359794149,0.0321426991395007
1.60248690073335,0.0796057734585415,0.0113098720560019,0.0126604028585887,0.0211230572795209,0.0669453705999527,-0.00981318522351898,0.0922661763171302,0.0324329293355229
1.60429353760001,0.0803564072836063,0.0114679191755383,0.0129330188466269,0.02125539147677,0.0674233884369795,-0.00978747230123175,0.0932894261302332,0.0327233106523083
1.60610017446668,0.0811086131853374,0.0116261472886978,0.0132058520192333,0.0213876584651835,0.0679027611661041,-0.0097615111764857,0.0943144652045707,0.0330138057538813
1.60790681133334,0.0818623545023825,0.011784537717949,0.0134788551133189,0.0215198425698344,0.0683834993890635,-0.00973530485188545,0.0953412096157014,0.0333043802877834
1.60971344820001,0.0826176049701025,0.0119430724754851,0.0137519808214757,0.0216519270663297,0.0688656241486268,-0.00970885459084461,0.0963695857915782,0.0335949995418148
1.61152008506668,0.0833743003696281,0.0121017300371883,0.0140251790254258,0.0217838978468268,0.0693491213442023,-0.00968216780963849,0.097399479395054,0.0338856278840151
1.61332672193334,0.0841324049153997,0.012260491602681,0.0142984019301734,0.0219157389321825,0.0698340029852263,-0.00965524732950153,0.0984308068455731,0.0341762305348635
1.61513335880001,0.0848918882501791,0.012419338358454,0.0145716006280874,0.0220474333501383,0.0703202876220917,-0.00962809499168432,0.0994634888782665,0.0344667717085923
1.61693999566668,0.0856526893719034,0.0125782497289376,0.0148447271330189,0.0221789675449334,0.0708079622388845,-0.0096007178159958,0.100497416504922,0.034757217273871
1.61874663253335,0.0864147731238118,0.0127372066778693,0.0151177328369917,0.022310325142863,0.0712970402868202,-0.00957311846499377,0.101532505960803,0.0350475318207323
1.62055326940001,0.0871781055500549,0.0128961897921159,0.0153905677943009,0.0224414891044941,0.071787537755754,-0.00954529931237815,0.102568673344356,0.03533767889661
1.62235990626668,0.0879426286183818,0.0130551793316173,0.0156631858698519,0.022572446335802,0.0722794427485298,-0.00951726700418466,0.103605814488234,0.0356276256674193
1.62416654313335,0.0887083075538374,0.0132141559111848,0.0159355373616134,0.0227031799781745,0.072772770192224,-0.00948902406698965,0.104643844915451,0.0359173358893593
1.62597318000001,0.0894751052959481,0.0133730997441423,0.0162075718479557,0.0228336731056954,0.0732675334479923,-0.00946057336155309,0.105682677143904,0.0362067728498378
1.62777981686668,0.0902429665352824,0.0135319918128986,0.0164792447637646,0.022963912995731,0.0737637217715177,-0.0094319211828324,0.106722211299047,0.0364959048086295
1.62958645373335,0.091011856631695,0.013690812270299,0.0167505050318774,0.0230938822144152,0.0742613515998176,-0.00940306994411621,0.107762361663572,0.0367846944847143
1.63139309060001,0.091781735914078,0.0138495411822045,0.0170213023168914,0.0232235641300406,0.0747604335971866,-0.00937402294783614,0.108803038230969,0.0370731053122451
1.63319972746668,0.0925525515488234,0.0140081601404524,0.017291593342596,0.0233529463010179,0.0752609582062274,-0.00934478616056552,0.109844144891419,0.0373611064414703
1.63500636433335,0.0933242687836037,0.0141666487228832,0.0175613253756234,0.0234820106278834,0.0757629434079803,-0.00931536190500013,0.110885594159227,0.0376486593507666
1.63681300120001,0.0940971473193609,0.0143249870739735,0.0178300223595411,0.0236107409538278,0.0762671249598198,-0.00928575387985429,0.111927169678902,0.0379357280278014
1.63861963806668,0.094874358079945,0.0144831572819503,0.0180930860964922,0.023739125027962,0.0767812719834528,-0.00925596774601178,0.112967444176437,0.0382222823099123
1.64042627493335,0.0956568530534102,0.0146411382366084,0.0183490659462449,0.0238671439948771,0.0773077871071653,-0.00922600575826873,0.114005918999655,0.0385082822314855
1.64223291180001,0.0964445313179973,0.0147989103871206,0.0185979947656201,0.0239947823533554,0.0778465365523773,-0.00919587196623477,0.115042526083617,0.038793692740476
1.64403954866668,0.0972372515237329,0.0149564562050633,0.0188399621488196,0.0241220279528611,0.0783972893749133,-0.00916557174779776,0.116077213672552,0.0390784841579244
1.64584618553335,0.0980349683695893,0.0151137537791459,0.0190749247597458,0.0242488610916951,0.0789600436098435,-0.00913510731254917,0.117109893129335,0.0393626148708409
1.64765282240001,0.0988375715782566,0.0152707840893173,0.019302928862459,0.0243752671049217,0.0795346427157977,-0.00910448301560448,0.118140500440716,0.039646051194239
1.64945945926668,0.0996449271434781,0.0154275298774628,0.0195240565646954,0.0245012338520135,0.0801208705787827,-0.00907370397455076,0.119168983708173,0.0399287637294763
1.65126609613335,0.100456991213508,0.015583968318167,0.0197382587747752,0.024626740694635,0.0807187324387327,-0.00904277237646803,0.120195249988283,0.0402107090128021
1.65307273300001,0.10127364528059,0.0157400811482343,0.0199455948336149,0.024751773984825,0.0813280504469749,-0.00901169283659063,0.121219240114205,0.0404918551330593
1.65487936986668,0.102094762119632,0.0158958512668198,0.0201461395276764,0.0248763215017173,0.0819486225919553,-0.00898047023489749,0.122240901647308,0.040772172768537
1.65668600673335,0.102920298765617,0.0160512548213429,0.0203398381748905,0.0250003615799958,0.0825804605907268,-0.0089491067586529,0.123260136940508,0.0410516164013387
1.65849264360001,0.103750129605448,0.0162062745315435,0.0205267628626451,0.0251238817693635,0.0832233667428034,-0.00891760723781994,0.124276892468094,0.041330156300907
1.66029928046668,0.104584133632645,0.0163608933408058,0.0207069812213204,0.0252468696782711,0.0838771524113247,-0.00888597633746533,0.125291114853966,0.0416077630190769
1.66210591733335,0.105422268206369,0.0165150862563449,0.0208804331436487,0.0253693025240756,0.0845418350627201,-0.00885421626773072,0.126302701350018,0.0418843887804205
1.66391255420001,0.106264401733284,0.0166688372069155,0.0210472031331068,0.0254911692348358,0.0852171986001769,-0.00882233202792026,0.127311604866391,0.0421600064417513
1.66571919106668,0.10711041886297,0.0168221290670919,0.0212073518291841,0.0256124571579734,0.0859030670337857,-0.00879032809088154,0.128317770692154,0.0424345862250653
1.66752582793335,0.107960276716214,0.0169749355908441,0.0213608138646071,0.0257331423031724,0.0865994628516065,-0.00875820671232822,0.129321090580821,0.0427080778940165
1.66933246480001,0.108813838844547,0.017127242142022,0.021507685828557,0.0258532151575396,0.0873061530159898,-0.00872597301551755,0.130321524673104,0.0429804572995616
1.67113910166668,0.109670994991057,0.0172790314133492,0.0216480215348249,0.0259726627171219,0.0880229734562319,-0.00869363130377265,0.131319016525882,0.0432516941304711
1.67294573853335,0.110531701475603,0.017430275792512,0.0217817505213229,0.0260914596935851,0.0887499509542801,-0.0086611839010731,0.132313451996926,0.0435217354860971
1.67475237540001,0.111395818119689,0.017580962304534,0.021908981132553,0.0262095983137738,0.0894868369871357,-0.00862863600923976,0.133304799252242,0.0437905606183078
1.67655901226668,0.112263239197357,0.0177310733472494,0.0220297605218,0.0263270651320154,0.0902334786755573,-0.00859599178476603,0.134292999719157,0.0440581384792649
1.67836564913335,0.113133919664988,0.0178805798290195,0.0221440132973532,0.026443833471611,0.090989906367635,-0.00856325364259151,0.135277932962341,0.0443244133006304
1.68017228600001,0.114007716739161,0.0180294706621227,0.0222518592286522,0.0265598974798363,0.091755857510509,-0.00853042681771359,0.136259575967813,0.044589368141959
1.68197892286668,0.114884528662323,0.0181777278364633,0.0223533389736666,0.0266752431789519,0.0925311896886561,-0.00849751534248856,0.137237867635989,0.0448529710154152
1.68378555973335,0.11576430846482,0.0183253206680379,0.0224483723762554,0.0267898424135493,0.0933159360885651,-0.00846452174551147,0.138212680841076,0.0451151630815872
1.68559219660001,0.116646911883415,0.0184725336224143,0.0225370903004115,0.0269041064187895,0.0941098215830038,-0.00843157279637513,0.139184002183827,0.0453766400412038
1.68739883346668,0.117532240566404,0.0186204365005116,0.0226195270739819,0.0270195597283747,0.0949127134924224,-0.00839912322786314,0.140151767640386,0.0456399962288863
1.68920547033335,0.118420245055551,0.0187691449770056,0.0226955979415866,0.0271363820120761,0.0957246471139646,-0.00836723703507054,0.141115842997138,0.0459055269890817
1.69101210720001,0.119310780732902,0.0189186239536192,0.0227654445313884,0.0272545315469126,0.0965453362015138,-0.0083359075932934,0.142076225264291,0.0461731555005319
1.69281874406668,0.120203754314627,0.0190688536705318,0.0228290891402017,0.0273739924274422,0.0973746651744255,-0.00830513875691043,0.143032843454829,0.0464428460979739
1.69462538093335,0.121099106617632,0.0192198251666662,0.022886460176904,0.0274947682284429,0.0982126464407276,-0.0082749430617767,0.143985566794536,0.0467145933951091
1.69643201780001,0.121996700468073,0.0193715051451644,0.0229376921051397,0.0276168193545608,0.0990590083629336,-0.00824531420939647,0.144934392573213,0.0469883244997252
1.69823865466668,0.122896444356489,0.0195238744532559,0.0229828012535387,0.0277401310865767,0.0999136431029504,-0.00821625663332079,0.145879245610028,0.0472640055398326
1.70004529153335,0.123798270331513,0.0196769218080155,0.0230217292657649,0.0278647037287578,0.100776541065748,-0.00818778192074229,0.146819999597278,0.0475416255367732
1.70185192840001,0.12470204826938,0.0198306156442946,0.0230546032052229,0.0279904997987769,0.101647445064157,-0.00815988415448232,0.147756651474603,0.0478211154430715
1.70365856526668,0.125607687816268,0.0199849372790178,0.0230814337311878,0.0281175056340826,0.10252625408508,-0.00813256835506486,0.148689121547456,0.0481024429131004
1.70546520213335,0.126515113377646,0.0201398733482989,0.0231021753917262,0.0282457184700643,0.10341293798592,-0.00810584512176546,0.149617288769373,0.0483855918183632
1.70727183900001,0.127424201317273,0.020295393898255,0.0231169480151952,0.0283751028366047,0.104307253302078,-0.00807970893834971,0.150541149332468,0.0486704967348597
1.70907847586668,0.128334861874417,0.0204514805950621,0.0231257567567063,0.0285056460270036,0.10520910511771,-0.0080541654319414,0.151460618631123,0.0489571266220657
1.71088511273335,0.129247012936483,0.0206081182347611,0.0231285687383454,0.028637342409406,0.106118444198138,-0.00802922417464489,0.152375581674829,0.0492454606441671
1.71269174960001,0.130160536792204,0.0207652783542908,0.0231254967186138,0.0287701584250879,0.10703504007359,-0.00800488007079713,0.153286033510818,0.0495354367793786
1.71449838646668,0.131075343711385,0.0209229428486342,0.0231165405136517,0.0289040822223833,0.107958803197734,-0.00798113937374907,0.154191884225037,0.0498270250710176
1.71630502333335,0.131991346188475,0.0210810949146474,0.0231016794891797,0.0290391055038261,0.108889666699295,-0.0079580105891787,0.155093025677654,0.0501202004184735
1.71811166020001,0.132908431874624,0.021239707459647,0.0230810194990359,0.0291751965212694,0.109827412375588,-0.0079354890616224,0.15598945137366,0.0504149039809165
1.71991829706668,0.133826510507625,0.0213987799371106,0.0230545551855806,0.029312319499052,0.110771955322044,-0.00791353956194136,0.156881065693206,0.0507110994361626
1.72172493393335,0.134745490314072,0.0215586353278824,0.0230222778277861,0.0294499812276842,0.111723212486286,-0.00789134589980181,0.157767768141858,0.0510086165555666
1.72353157080001,0.135665263744985,0.0217193804286035,0.0229842865400186,0.0295879640883528,0.112680977204967,-0.00786858365974934,0.158649550285004,0.0513073445169563
1.72533820766668,0.136585739443588,0.0218809995206391,0.0229405709560504,0.0297262543983217,0.113645168487537,-0.00784525487768264,0.159526310399638,0.0516072539189608
1.72714484453335,0.137506822493727,0.0220434745039698,0.0228911339377221,0.0298648374666836,0.114615688556005,-0.00782136296271376,0.160397956431449,0.0519083119706535
1.72895148140001,0.138428409583738,0.0222067740732384,0.0228360680251191,0.0300036941866276,0.115592341558619,-0.00779692011338916,0.161264477608857,0.052210468259866
1.73075811826668,0.139350407699725,0.022370882828799,0.0227753580086184,0.030142810789466,0.116575049691106,-0.00777192796066704,0.162125765708343,0.0525136936182649
1.73256475513335,0.14027271990789,0.0225357808335798,0.0227090180025446,0.0302821718819762,0.117563701905346,-0.00774639104839644,0.162981737910435,0.052817952715556
1.73437139200001,0.141195246571333,0.0227014383002873,0.0226371341378947,0.0304217591456141,0.118558112433439,-0.0077203208453268,0.163832380709228,0.0531231974459014
1.73617802886668,0.142117892456487,0.0228678400217529,0.0225596865268419,0.030561558633504,0.119558205929645,-0.00769371861175108,0.164677578983328,0.0534293986552569
1.73798466573335,0.143040559737013,0.0230349644768752,0.0224767002058109,0.0307015544345808,0.120563859531202,-0.00766658995770562,0.165517259942824,0.053736518911456
1.73979130260001,0.143963151888223,0.0232027832699129,0.0223882550619026,0.0308417289263308,0.121574896826321,-0.00763894565641796,0.166351406950126,0.0540445121962437
1.74159793946668,0.144885570894325,0.0233712812596638,0.022294326694278,0.0309820678914545,0.122591244200047,-0.00761078663179066,0.167179897588603,0.0543533491511183
1.74340457633335,0.145807719161547,0.0235404355940189,0.0221949507310781,0.0311225550855165,0.123612768430469,-0.00758211949149763,0.168002669892625,0.0546629906795354
1.74521121320001,0.146729502714859,0.023710219142278,0.0220902009807,0.0312631734897972,0.124639301734159,-0.00755295434751924,0.168819703695559,0.0549733926320752
1.74701785006668,0.147650820193691,0.0238806167026944,0.0219800486944841,0.0314039085243363,0.125670771499207,-0.00752329182164183,0.169630868888175,0.0552845252270307
1.74882448693335,0.148571575361944,0.0240516043451735,0.0218645397619038,0.0315447437958015,0.12670703560004,-0.00749313945062798,0.170436115123847,0.055596348140975
1.75063112380001,0.149491676231691,0.0242231560775453,0.0217437420778439,0.0316856627970315,0.127747934153847,-0.00746250671948621,0.171235418309535,0.0559088188745767
1.75243776066668,0.150411017535036,0.0243952565110074,0.0216176227110169,0.0318266504931682,0.12879339482402,-0.00743139398216084,0.172028640246053,0.0562219070041756
1.75424439753335,0.151329505518654,0.0245678808905019,0.0214862374818446,0.0319676905264554,0.129843268036809,-0.00739980963595348,0.172815743000498,0.0565355714169573
1.75605103440001,0.152247049619171,0.0247410042358777,0.0213496485368917,0.0321087668090528,0.130897401082279,-0.00736776257317506,0.173596698156063,0.0568497710449305
1.75785767126668,0.153163540098812,0.0249146108447659,0.0212078189274338,0.0322498637589691,0.131955721171378,-0.00733525291420327,0.174371359026246,0.057164474603735
1.75966430813335,0.154078886812128,0.0250886753901668,0.0210608140744584,0.0323909652384965,0.13301807273767,-0.00730228984832973,0.175139700886587,0.0574796406286632
1.76147094500001,0.154993000057751,0.0252631737774378,0.0209086905414007,0.0325320554868795,0.13408430951635,-0.00726888170944169,0.175901690599151,0.0577952292643173
1.76327758186668,0.155905765065469,0.0254380898641321,0.0207514075272922,0.0326731182827576,0.135154357538177,-0.00723502841862553,0.176657172592761,0.0581112081468897
1.76508421873335,0.156817096422819,0.025613398004331,0.0205890397233019,0.0328141378929439,0.136228056699517,-0.00720073988861282,0.177406136146121,0.0584275358972749
1.76689085560001,0.157726904727881,0.0257890748623886,0.020421638274928,0.0329550987915311,0.137305266452953,-0.00716602392914241,0.178148543002809,0.0587441736539197
1.76869749246668,0.158635069615459,0.0259651037292694,0.0202491586941493,0.033095984025553,0.13838591092131,-0.00713088029628362,0.178884228309609,0.0590610877548223
1.77050412933335,0.159541511531177,0.0261414588931573,0.0200716846119324,0.0332367784508158,0.139469826919245,-0.00709531955765856,0.179613196143109,0.0593782373439731
1.77231076620001,0.160446140810013,0.0263181176508928,0.0198892619210306,0.0333774666840261,0.140556878888982,-0.00705934903313337,0.180335402731043,0.0596955843349189
1.77411740306668,0.161348830929233,0.0264950626003401,0.0197018426115622,0.0335180309483733,0.141646988317671,-0.00702296834803322,0.181050673540796,0.0600130935487133
1.77592403993335,0.162249509317654,0.0266722682168086,0.0195095189239071,0.0336584568731321,0.142739990393747,-0.0069861886563235,0.181759028241561,0.0603307250899406
1.77773067680001,0.163148085484598,0.026849712303113,0.0193123316632662,0.0337987291253832,0.143835753821331,-0.00694901682227021,0.182460417147864,0.0606484414284962
1.77953731366668,0.164046521324662,0.0270273766375072,0.0191131924348416,0.0339388290122382,0.144933328889821,-0.00691145237473099,0.183159713759504,0.0609662056497455
1.78134395053335,0.164949477889788,0.0272052361354473,0.0189188846452046,0.0340787431209107,0.146030593244583,-0.00687350698546346,0.183868362534993,0.061283979256358
1.78315058740001,0.165857035513597,0.0273832689792123,0.0187296877224553,0.0342184560766213,0.147127347791141,-0.00683518709740898,0.184586723236052,0.0616017250558336
1.78495722426668,0.166769153815873,0.0275614560009334,0.0185456887353344,0.0343579481781661,0.148223465080538,-0.00679649217723269,0.185314842551207,0.0619194041790995
1.78676386113335,0.167685638478656,0.0277397728092365,0.0183667994510925,0.0344972071551707,0.149318839027563,-0.00675743434593419,0.186052437929748,0.0622369799644072
1.78857049800001,0.168606371069209,0.0279181978670587,0.018193015965459,0.0346362174139523,0.15041335510375,-0.00671801954689357,0.186799387034668,0.062554415281011
1.79037713486668,0.169531304955941,0.0280967108507816,0.0180244252826275,0.0347749584071757,0.151506879673313,-0.00667824755639416,0.187555730238569,0.0628716692579573
1.79218377173335,0.170460247827184,0.0282752883983391,0.01786093426856,0.0349134189369311,0.152599313558624,-0.00663813053859196,0.188321182095744,0.0631887073352702
1.79399040860001,0.171393087728405,0.0284539090713346,0.0177025473019848,0.035051582949439,0.15369054042642,-0.00659767387810447,0.18909563503039,0.0635054920207736
1.79579704546668,0.172329764388708,0.0286325513472144,0.0175493413580361,0.0351894296602862,0.154780423030672,-0.00655687831307172,0.189879105746744,0.0638219810075006
1.79760368233335,0.173270095579215,0.0288111930629175,0.0174012283789228,0.0353269484272106,0.155868867200292,-0.00651575536429303,0.190671323958138,0.0641381414901281
1.79941031920001,0.174213972213337,0.0289898126534669,0.0172582176831619,0.0354641227856275,0.156955754530175,-0.00647431013216058,0.191472189896499,0.0644539354390943
1.80121695606668,0.175161321758015,0.0291683876503948,0.0171203762428756,0.0356009318985162,0.158040945515139,-0.00643254424812133,0.192281698000891,0.064769319548911
1.80302359293335,0.17611197137859,0.0293468969631349,0.0169876210634957,0.0357373655870279,0.159124350315094,-0.00639046862389308,0.193099592442086,0.0650842625501628
1.80483022980001,0.177065814167848,0.0295253187736179,0.0168599663903057,0.0358734068835354,0.160205847777542,-0.00634808810991749,0.193925780558154,0.0653987256571533
1.80663686666668,0.178022766707704,0.0297036299204855,0.0167374692184612,0.0360090350828845,0.161285297489243,-0.00630540516239894,0.194760235926165,0.06571266500337
1.80844350353335,0.178982664869151,0.0298818102591536,0.0166200516035944,0.036144240377402,0.162362613265556,-0.00626243011824841,0.195602716472745,0.0660260506365556
1.81025014040001,0.179945403235778,0.0300598375919509,0.0165077327047312,0.0362790052041819,0.163437670531047,-0.00621916761223108,0.19645313594051,0.0663388427961328
1.81205677726668,0.180910888881616,0.0302376883176493,0.0164005595661081,0.03641330917441,0.164510329315508,-0.00617562085676074,0.197311448447724,0.0666509974920592
1.81386341413335,0.181878965694738,0.0304153431111367,0.0162984592805337,0.0365471427593517,0.165580506414204,-0.00613179964821504,0.198177424975272,0.0669624858704884
1.81567005100001,0.18284952906097,0.0305927792686282,0.0162014559077538,0.0366804877085865,0.166648073153216,-0.00608770843995837,0.199050984968723,0.0672732669772147
1.81747668786668,0.183822477923593,0.0307699730020485,0.0161095865671316,0.0368133241341112,0.167712891356462,-0.00604335113206264,0.199932064490725,0.0675832971361597
1.81928332473335,0.184797663499194,0.0309469056792468,0.016022783375629,0.0369456426938958,0.168774880123565,-0.00599873701464891,0.200820446874823,0.0678925483731426
1.82108996160001,0.185774981287264,0.031123553963813,0.0159410752806886,0.0370774243577674,0.169833906006575,-0.00595387039395436,0.201716056567952,0.0682009783215804
1.82289659846668,0.186754323477477,0.0312998941338466,0.0158644895028466,0.0372086499230076,0.17088983397463,-0.00590875578916093,0.202618812980323,0.0685085440568542
1.82470323533335,0.187735547926359,0.0314759081236468,0.0157929631701954,0.0373393101420529,0.171942584756164,-0.00586340201840611,0.203528511096554,0.0688152182656997
1.82650987220001,0.188718549558502,0.0316515718376678,0.0157265301048511,0.0374693851127433,0.172992019453651,-0.00581781327507557,0.204445079663353,0.0691209569504111
1.82831650906668,0.189703215187108,0.031826861873206,0.0156652076545687,0.0375988565021172,0.174038007532539,-0.00577199462891124,0.205368422841676,0.0694257183753232
1.83012314593335,0.190689408620076,0.0320017606044995,0.0156089379455484,0.0377277150648423,0.175080470674527,-0.00572595446034277,0.206298346565624,0.0697294756693418
1.83192978280001,0.191677023518526,0.0321762430503556,0.0155577596615563,0.0378559399345333,0.176119263856969,-0.00567969688417776,0.207234783180082,0.0700321829848889
1.83373641966668,0.192665942696328,0.0323502863802896,0.0155116803036131,0.0379835138324596,0.177154262392715,-0.00563322745216999,0.208177622999941,0.0703338002127491
1.83554305653335,0.193656035224185,0.0325238732819677,0.0154706469830032,0.0381104274232822,0.178185388241182,-0.00558655414131448,0.209126682207188,0.0706343007052499
1.83734969340001,0.194647192811176,0.0326969777620389,0.0154347032321195,0.0382366587841564,0.179212489579057,-0.00553968102211756,0.210081896043296,0.0709336365461953
1.83915633026668,0.195639295648978,0.03286957781526,0.0154038467312949,0.0383621918750532,0.180235448917684,-0.00549261405979315,0.211043142380273,0.0712317696903132
1.84096296713335,0.196632217382529,0.0330416563162142,0.0153780295638746,0.0384870171783924,0.181254187818654,-0.00544536086217823,0.212010246946404,0.0715286734946066
1.84276960400001,0.197625847080295,0.0332131861328806,0.0153573000978558,0.0386111116226309,0.182268546982439,-0.00539792548975028,0.212983147178151,0.0718242977555115
1.84457624086668,0.198620063688901,0.0333841463382802,0.0153416462189296,0.0387344605909167,0.183278417469972,-0.00535031425263643,0.213961709907831,0.0721186069291969
1.84638287773335,0.199614744738948,0.0335545198674015,0.0153310249694783,0.0388570542911907,0.18428371976947,-0.0053025344237892,0.214945769708427,0.0724115741585922
1.84818951460001,0.200609775969724,0.0337242783230435,0.0153254895400806,0.038978868410976,0.185284286429644,-0.0052545900879325,0.215935265509805,0.0727031467340194
1.84999615146668,0.201605036459937,0.0338934021095129,0.0153250180478318,0.0390998899410692,0.186280018412106,-0.00520648783155631,0.216930054507769,0.0729932920505822
1.85180278833335,0.202600406937285,0.0340618740956927,0.0153295724811295,0.039220108722696,0.187270834456155,-0.00515823462700332,0.217929979418414,0.0732819828183887
1.85360942520001,0.203595769123305,0.0342296644926903,0.0153392108401092,0.0393394991102105,0.188256558283196,-0.00510983461752017,0.218934979963414,0.0735691636029008
1.85541606206668,0.204591003605929,0.034396755289121,0.0153539014993173,0.0394580498865296,0.189237102106612,-0.00506129459740853,0.219944905105246,0.0738548051756506
1.85722269893335,0.20558599362138,0.0345631291612502,0.0153736113801432,0.0395757504339277,0.190212382241237,-0.00501262127267756,0.220959605001523,0.0741388795951779
1.85902933580001,0.206580616184878,0.0347287548019839,0.0153984032792567,0.039692573681353,0.191182212905622,-0.00496381887936908,0.221979019464135,0.0744213284833369
1.86083597266668,0.207574754770716,0.0348936160372668,0.0154282358547015,0.0398085103883162,0.192146518916015,-0.00491489435104939,0.223002990625418,0.0747021264255831
1.86264260953335,0.208568294435075,0.0350576952242371,0.0154630809478347,0.0399235493859047,0.19310521348724,-0.00486585416166756,0.22403137538291,0.0749812446101419
1.86444924640001,0.209561106798286,0.0352209594110873,0.0155030061388383,0.0400376620854227,0.194058100659448,-0.00481670267433539,0.225064112937124,0.07525862149651
1.86625588326668,0.210553079598142,0.0353833945141137,0.015547960395299,0.0401508414074485,0.195005119202843,-0.00476744689333486,0.226101039993441,0.0755342359215622
1.86806252013335,0.211544099022212,0.0355449824448164,0.0155979204655195,0.0402630755396453,0.195946178556692,-0.00471809309482892,0.227142019487731,0.0758080579844617
1.86986915700001,0.212534030607369,0.0357056884801627,0.0156529587001691,0.040374334283438,0.1968810719072,-0.00466864580327533,0.228186989307539,0.0760800227636007
1.87167579386668,0.213522767732047,0.035865500879824,0.0157130144024254,0.0404846129049449,0.197809753329622,-0.00461911202512089,0.229235782134473,0.0763501137847689
1.87348243073335,0.214510197026631,0.0360244009831503,0.0157780692145127,0.0405938988561683,0.198732127812119,-0.00456949787301802,0.230288266241144,0.0766182998393186
1.87528906760001,0.21549617725597,0.0361823521693732,0.0158482002445648,0.0407021602364177,0.199647977011405,-0.00451980806704454,0.231344377500535,0.0768845124057909
1.87709570446668,0.216480608816273,0.0363393452945607,0.0159233371573959,0.0408093948418244,0.200557271658877,-0.0044700495472637,0.232403945973669,0.0771487401363852
1.87890234133335,0.217463378092175,0.036495360999402,0.0160034664761293,0.0409155892964927,0.201459911616046,-0.0044202282970907,0.233466844568305,0.0774109502958947
1.88070897820001,0.218444336387929,0.0366503606388817,0.0160886700533404,0.0410207099053814,0.202355666334589,-0.00437034926649971,0.23453300644127,0.0776710705442631
1.88251561506668,0.219423392494661,0.0368043379184866,0.0161788679415258,0.0411247571791055,0.203244524553136,-0.00432041926061889,0.235602260436187,0.0779290950975922
1.88432225193335,0.220400431862686,0.036957272653734,0.0162740515316844,0.0412277168216374,0.204126380331001,-0.00427044416790343,0.23667448339437,0.0781849894753714
1.88612888880001,0.221375297647089,0.0371091240488507,0.0163743074078109,0.0413295532513469,0.205000990239278,-0.00422042920249619,0.2377496050549,0.0784386773001977
1.88793552566668,0.222347908411054,0.0372598889117646,0.0164795460361302,0.0414302698778077,0.205868362374923,-0.00417038096604309,0.238827454447184,0.0786901587895723
1.88974216253335,0.22331814633241,0.0374095453579813,0.0165897669599089,0.0415298506300191,0.206728379372501,-0.00412030527203786,0.239907913292319,0.0789393959880004
1.89154879940001,0.22428585067729,0.0375580525594432,0.0167050515892918,0.0416282602353338,0.207580799087999,-0.00407020767589054,0.240990902266582,0.079186312794777
1.89335543626668,0.225250946209291,0.0377054084345572,0.0168253107225243,0.041725502898949,0.208425635486767,-0.00402009446439186,0.242076256931815,0.0794309113335062
1.89516207313335,0.226213311444348,0.0378518988782766,0.0169505502760936,0.0418219984470995,0.209262761168254,-0.00397009956882284,0.243163861720442,0.0796738973253761
1.89696871000001,0.227172785122375,0.0379983909880064,0.017080841879098,0.041918995415433,0.210091943243277,-0.00392060442742651,0.244253627001473,0.0799173864034394
1.89877534686668,0.228129295533215,0.038144933496422,0.0172161012820234,0.0420165695567141,0.210913194251191,-0.00387163606029213,0.245345396815238,0.080161503053136
1.90058198373335,0.229082717504207,0.0382915119540736,0.0173563392171396,0.0421147165395938,0.211726378287067,-0.00382320458552018,0.246439056721346,0.0804062284936674
1.90238862060001,0.230032890626184,0.0384381118504887,0.0175016175585453,0.0422134377523414,0.212531273067638,-0.00377532590185264,0.247534508184729,0.0806515496028301
1.90419525746668,0.230979746026667,0.0385847181402291,0.0176518569959429,0.0423127185238649,0.213327889030724,-0.00372800038363578,0.24863160302261,0.080897436664094
1.90600189433335,0.231923154155828,0.0387313162371938,0.0178070730643622,0.0424125550097837,0.214116081091466,-0.00368123877258986,0.24973022722019,0.0811438712469776
1.90780853120001,0.232862956832559,0.0388778910939781,0.0179673179089486,0.0425129473001148,0.21489563892361,-0.00363505620613668,0.250830274741507,0.0813908383940929
1.90961516806668,0.233799087333489,0.0390244283387275,0.0181325171455981,0.04261388153505,0.215666570187891,-0.00358945319632249,0.251931604479087,0.0816383098737775
1.91142180493335,0.234731411043053,0.0391709131632044,0.0183026910990766,0.0427153543229599,0.216428719943976,-0.00354444115975546,0.25303410214213,0.0818862674861643
1.91322844180001,0.235659773385341,0.0393173301540427,0.0184778822116229,0.042817364524044,0.217181891173718,-0.00350003437000131,0.254137655596964,0.0821346946780867
1.91503507866668,0.236584109097522,0.0394636655274858,0.0186580210123037,0.0429198990555606,0.217926088085218,-0.00345623352807485,0.255242130109825,0.0823835645830464
1.91684171553335,0.237504277809723,0.0396099041676732,0.0188431326025978,0.0430229549444129,0.218661145207126,-0.00341305077673969,0.256347410412321,0.0826328591120861
1.91864835240001,0.238420129928373,0.03975603046625,0.0190332497478838,0.0431265298894198,0.219386880180489,-0.0033704994231698,0.257453379676256,0.0828825603556699
1.92045498926668,0.239331600962607,0.0399020311420712,0.0192283078773751,0.043230611550687,0.220103293085232,-0.00332858040861583,0.258559908839982,0.0831326426927581
1.92226162613335,0.240238544099681,0.0400478906861685,0.0194283368562415,0.0433351973394342,0.220810207243439,-0.0032873066532657,0.259666880955922,0.0833830880256027
1.92406826300001,0.241140816105495,0.0401935934661683,0.0196333597990465,0.0434402838615329,0.221507456306448,-0.00324669039536458,0.260774175904541,0.0836338773277012
1.92587489986668,0.242038352572587,0.0403391266180519,0.0198433170221281,0.0435458594857204,0.222195035550459,-0.00320673286766852,0.261881669594715,0.0838849861037724
1.92768153673335,0.242930999556766,0.0404844741542578,0.0200582431413225,0.0436519219733141,0.222872756415444,-0.00316744781905629,0.262989242698089,0.0841363961275719
1.92948817360001,0.243818621560549,0.0406296205893649,0.0202781516464262,0.0437584669056742,0.223540469914122,-0.00312884631630924,0.264096773206975,0.0843880874950391
1.93129481046668,0.244701153571302,0.0407745533909957,0.0205029877278772,0.0438654833259514,0.224198165843425,-0.0030909299349557,0.265204141299179,0.0846400367169471
1.93310144733335,0.245578433824822,0.0409192560075091,0.0207327907391565,0.0439729693113436,0.224845643085665,-0.00305371330383458,0.266311224563978,0.0848922253188527
1.93490808420001,0.246450335937376,0.0410637132714082,0.0209675645713378,0.0440809194871347,0.225482771366038,-0.0030172062157265,0.267417900508713,0.0851446327585429
1.93671472106668,0.247316793602594,0.0412079128964704,0.021207259275938,0.0441893235366708,0.226109534326656,-0.00298141064020044,0.268524052878532,0.0853972364331412
1.93852135793335,0.248177636547688,0.0413518376814901,0.0214519189310584,0.0442981798188134,0.22672571761663,-0.00294634213732331,0.269629555478747,0.0856500175003034
1.94032799480001,0.249032748879818,0.0414954729478655,0.0217015378550971,0.0444074820712048,0.227331211024721,-0.00291200912333921,0.270734286734915,0.0859029550190703
1.94213463166668,0.249882062310305,0.0416388065700439,0.0219560709476259,0.0445172205831697,0.227925991362679,-0.00287841401312579,0.27183813325793,0.0861560271532136
1.94394126853335,0.250725397369208,0.0417818206117687,0.0222155669983431,0.0446273939610143,0.228509830370864,-0.00284557334924561,0.272940964367551,0.0864092145727831
1.94574790540001,0.251562650031716,0.0419245010543051,0.0224800107790188,0.0447379951231756,0.229082639252697,-0.00281349406887042,0.274042660810735,0.0866624961774807
1.94755454226668,0.252393749338275,0.0420668358472841,0.0227493620242556,0.0448490149307386,0.229644387314019,-0.00278217908345452,0.275143111362531,0.0869158507780227
1.94936117913335,0.253218505933221,0.0422088062339129,0.0230236742223265,0.0449604522032372,0.230194831710894,-0.00275164596932431,0.276242180155547,0.0871692584371502
1.95116781600001,0.254036829036912,0.0423503990262947,0.0233029226244186,0.045072299108338,0.230733906412494,-0.00272190008204336,0.277339751661331,0.0874226981346327
1.95297445286668,0.254848644330347,0.0424916021637586,0.0235870717871428,0.0451845470446688,0.231261572543204,-0.00269294488091026,0.27843571611749,0.0876761492084274
1.95478108973335,0.25565375188357,0.0426323959834904,0.0238761798843236,0.0452971950107729,0.231777571999247,-0.00266479902728258,0.279529931767894,0.0879295909942633
1.95658772660001,0.256452075539248,0.0427727682994019,0.0241702126726114,0.0454102344919824,0.232281862866636,-0.00263746619258048,0.280622288211859,0.0881830027913842
1.95839436346668,0.257243536930361,0.0429127069550352,0.0244691395176026,0.0455236573902503,0.232774397412759,-0.00261095043521503,0.281712676447964,0.0884363643452855
1.96020100033335,0.258027924864096,0.043052191296069,0.0247730232656494,0.0456374628489123,0.233254901598447,-0.00258527155284332,0.282800948129746,0.0886896541449813
1.96200763720001,0.258805179182564,0.0431912103091948,0.0250818202049125,0.0457516417394001,0.233723358977651,-0.00256043143020534,0.283886999387476,0.088942852048595
1.96381427406668,0.25957521678216,0.0433297516566822,0.0253955044969502,0.0458661864327742,0.23417971228521,-0.00253643477609202,0.28497072127911,0.0891959380894563
1.96562091093335,0.260337814518641,0.0434678632627925,0.0257141436476194,0.0459809976750858,0.234623670871022,-0.00251313441229332,0.28605195816626,0.0894488609378783
1.96742754780001,0.261092929610702,0.0436057019786429,0.0260376845026374,0.0460958302965054,0.235055245108064,-0.00249012831786249,0.287130614113339,0.0897015322751483
1.96923418466668,0.261840473529585,0.0437432682152648,0.0263661060065009,0.0462106586962586,0.235474367523084,-0.00246739048099388,0.288206579536086,0.0899539269115234
1.97104082153335,0.262580210491046,0.0438805492701711,0.0266994803115487,0.0463254677919304,0.235880730179497,-0.0024449185217593,0.289279690802594,0.0902060170621015
1.97284745840001,0.263313755296545,0.0440175401559561,0.0270354271928448,0.0464402429530372,0.2362783281037,-0.00242270279708115,0.290349182489389,0.0904577831089933
1.97465409526668,0.264043903226435,0.0441542333842125,0.0273698433967331,0.0465549696528216,0.236674059829702,-0.00240073626860909,0.291413746623168,0.0907092030370341
1.97646073213335,0.264770621967754,0.0442906155636994,0.0277024991077237,0.0466696320601659,0.23706812286003,-0.00237901649646649,0.292473121075478,0.0909602476238654
1.97826736900001,0.26549389482841,0.0444266826209319,0.028033340460174,0.0467842162274438,0.237460554368236,-0.00235753360651184,0.293527235288584,0.0912108988483757
1.98007400586668,0.26621366447099,0.0445624268423358,0.028362293548159,0.046898707693743,0.237851370922831,-0.00233628085140722,0.294575958019149,0.0914611345360787
1.98188064273335,0.266929804723713,0.0446978340990045,0.028689246089811,0.0470130897933031,0.238240558633902,-0.00231525569429861,0.295619050813524,0.0917109238923076
1.98368727960001,0.267642308658558,0.0448329013291971,0.0290141514636086,0.0471273494332357,0.23862815719495,-0.00229444810403861,0.296656460122167,0.0919602507624328
1.98549391646668,0.268351115717205,0.0449676205338338,0.0293369342277543,0.0472414721276687,0.239014181489451,-0.00227385159383488,0.29768804994496,0.0922090926615025
1.98730055333335,0.269056093049931,0.0451019768317126,0.0296574760781558,0.0473554403048527,0.239398616971775,-0.00225346347314005,0.298713569128087,0.0924574171365653
1.98910719020001,0.269757243882937,0.0452359682363786,0.0299757383359295,0.0474692418839238,0.239781505547008,-0.00223327364754521,0.299732982218867,0.0927052101203024
1.99091382706668,0.270454500449968,0.0453695860652863,0.03029164133391,0.0475828620858627,0.240162859116058,-0.00221327602057645,0.300746141783878,0.092952448151149
1.99272046393335,0.271147734042354,0.0455028157174512,0.0306050672055383,0.0476962829083255,0.240542666836815,-0.0021934671908743,0.301752801247892,0.0931990986257766
1.99452710080001,0.271836947597494,0.0456356552981032,0.0309159792099172,0.0478094928930192,0.240920968387577,-0.00217383759491596,0.302752926807411,0.0934451481911224
1.99633373766668,0.272522069120911,0.0457680957038827,0.0312242948492552,0.0479224769830071,0.241297774271656,-0.00215438127912433,0.303746363970166,0.0936905726868898
1.99814037453335,0.27320297479693,0.0459001227118467,0.0315298976047391,0.0480352169172318,0.241673077192191,-0.00213509420538509,0.304732872401669,0.0939353396290784
1.99994701140001,0.273879666898176,0.0460317344699977,0.031832752218352,0.0481477017740318,0.242046914679824,-0.00211596730403407,0.305712419116528,0.0941794362440295
2.00175364826668,0.274552068825982,0.0461629214052506,0.0321327729065699,0.048259916132612,0.242419295919413,-0.00209699472736142,0.306684841732552,0.0944228375378625
2.00356028513335,0.275220062409607,0.0462936697705261,0.0324298454085385,0.0483718416450828,0.242790217001068,-0.0020781718745567,0.307649907818145,0.0946655114156088
2.00536692200001,0.275883648880931,0.0464239777076888,0.0327239354940142,0.048483467840473,0.243159713386917,-0.00205949013278418,0.308607584374945,0.0949074455481618
2.00717355886668,0.276542746661129,0.0465538351250159,0.0330149536386349,0.0485947788481885,0.243527793022495,-0.00204094372317259,0.309557700299764,0.0951486139732043
2.00898019573335,0.277197243976331,0.0466832288491163,0.033302788749717,0.0487057564053893,0.243894455226614,-0.00202252755627302,0.310500032726048,0.0953889852545056
2.01078683260001,0.277847140641706,0.0468121569668037,0.0335874071696844,0.0488163904058532,0.244259733472021,-0.00200423343904958,0.31143454781139,0.0956285473726569
2.01259346946668,0.2784923497223,0.0469406088188059,0.0338687151782307,0.048926664443247,0.244623634544069,-0.00198605562444108,0.312361064900531,0.095867273262053
2.01440010633335,0.279132766593051,0.0470685719032437,0.0341466057610551,0.0490365605116615,0.244986160831996,-0.00196798860841772,0.313279372354106,0.0961051324149052
2.01620674320001,0.279768389276448,0.0471960442029689,0.0344210453781428,0.0491460687836835,0.245347343898306,-0.00195002458071451,0.314189434654591,0.0963421129866524
2.01801338006668,0.280399125105441,0.0473230144422475,0.0346919356581376,0.0492551722312987,0.245707189447303,-0.00193215778905118,0.315091060763578,0.0965781866735461
2.01982001693335,0.281024877355714,0.0474494708885359,0.0349591745753329,0.0493638532774106,0.246065702780381,-0.00191438238887472,0.315984051931047,0.0968133241659465
2.02162665380001,0.281645641881106,0.0475754113718114,0.0352227282521701,0.0494721022874741,0.246422913628936,-0.00189669091566274,0.316868370133276,0.0970475136592855
2.02343329066668,0.282261319906499,0.0477008239509675,0.0354824932111359,0.0495799015258538,0.246778826695363,-0.00187907757488626,0.317743813117635,0.0972807254768213
2.02523992753335,0.282871823360267,0.047825697760619,0.0357383733253313,0.0496872340161471,0.247133450034935,-0.00186153625552815,0.318610196685598,0.0975129317767661
2.02704656440001,0.283477145551627,0.0479500304289581,0.0359903339245465,0.049794090230736,0.24748681162708,-0.00184405980177788,0.319467479476173,0.0977441206596941
2.02885320126668,0.284077181221423,0.0480738093005925,0.0362382659700058,0.0499004516404229,0.247838915251418,-0.00182664233983044,0.320315447191429,0.0979742609410154
2.03065983813335,0.284671851702658,0.0481970244751202,0.0364820801438303,0.0500063020413817,0.248189771558827,-0.00180927756626148,0.321153931846488,0.0982033265165019
2.03246647500001,0.285261147383958,0.0483196733300355,0.0367217405280525,0.0501116319269798,0.248539406855905,-0.00179195859694432,0.32198288791201,0.0984313052570152
2.03427311186668,0.285844956146161,0.0484417424467494,0.0369571320675287,0.0502164218885174,0.248887824078632,-0.00177467944176803,0.322802088213689,0.0986581643352669
2.03607974873335,0.286423209478834,0.0485632229876663,0.0371881731636104,0.0503206566666251,0.249235036315223,-0.00175743367895886,0.323611382642444,0.0988838796542914
2.03788638560001,0.286995894474046,0.0486841120306707,0.0374148261954685,0.0504243266897164,0.249581068278578,-0.00174021465904568,0.324410720669515,0.0991084387203871
2.03969302246668,0.287562891776658,0.0488043953450653,0.0376369696364838,0.0505274115836477,0.249925922140174,-0.00172301623858243,0.325199861413142,0.099331806928713
2.04149965933335,0.288124143784743,0.0489240652538841,0.0378545305174521,0.0506298972053882,0.25026961326729,-0.00170583195150415,0.325978674302195,0.0995539624592723
2.04330629620001,0.288679633917839,0.0490431184864904,0.0380674690595748,0.0507317738324564,0.250612164858264,-0.00168865534596603,0.326747102977414,0.0997748923189468
2.04511293306668,0.289229235208864,0.0491615399511666,0.038275656809652,0.0508330200393244,0.250953578399212,-0.0016714800881578,0.327504892018516,0.099994559990491
2.04691956993335,0.289772901716332,0.0492793232294005,0.0384790303381358,0.0509336229711815,0.251293871378196,-0.00165429974178107,0.328251932054468,0.100212946200582
2.04872620680001,0.290310612811285,0.0493964646531219,0.0386775472531522,0.0510335726687106,0.251633065558133,-0.00163710801558876,0.328988160064437,0.100430037321833
2.05053284366668,0.290842233538724,0.0495129482206807,0.0388710717198139,0.0511328465690583,0.25197116181891,-0.00161989834837767,0.329713305258538,0.100645794789739
2.05233948053335,0.291367730369549,0.0496287688698421,0.039059550758442,0.0512314332775162,0.252308179611107,-0.0016026644076741,0.330427281127991,0.100860202147358
2.05414611740001,0.291887078250331,0.0497439224861912,0.0392429389089805,0.0513293225119896,0.252644139341351,-0.00158540002579838,0.331130017159312,0.101073244998181
2.05595275426668,0.292400133862188,0.0498583921092339,0.0394210924997499,0.0514264904863603,0.252979041362438,-0.00156809837712643,0.331821226361938,0.101284882595594
2.05775939113335,0.29290687684034,0.0499721741308361,0.0395939699111509,0.0515229274379023,0.253312906929189,-0.00155075330706624,0.332500846751491,0.101495101568738
2.05956602800001,0.293407277330924,0.0500852639413259,0.0397615221598407,0.0516186226758041,0.253645755171084,-0.00153335873447824,0.333168799490765,0.10170388661713
2.06137266486668,0.293901183275202,0.0501976435724533,0.0399235972822403,0.0517135511047408,0.253977585992961,-0.00151590753228743,0.333824780557442,0.101911194677194
2.06317930173335,0.294388588224655,0.0503093109680088,0.0400801659290431,0.051807704765851,0.254308422295612,-0.00149839379784222,0.334468754153698,0.10211701573386
2.06498593860002,0.294869457149013,0.0504202609741524,0.040231175138513,0.0519010724736652,0.2546382820105,-0.00148081149951274,0.335100632287526,0.102321333447818
2.06679257546668,0.295343628873713,0.0505304745659656,0.0403764642000652,0.0519936277377108,0.254967164673648,-0.00146315317174516,0.335720093073779,0.102524102303676
2.06859921233335,0.295811111618439,0.0506399513369876,0.0405160169448989,0.0520853645748728,0.255295094673541,-0.00144541323788517,0.336327128563338,0.10272531591186
2.07040584920002,0.296271864800543,0.0507486855402974,0.0406497759777776,0.0521762712190829,0.255622088822766,-0.00142758567878554,0.336921640778321,0.10292495675938
2.07221248606668,0.29672571775367,0.0508566570453978,0.0407775713860058,0.0522663196987808,0.255948146367664,-0.00140966265338294,0.337503289139676,0.103122976744179
2.07401912293335,0.297172694117641,0.0509638671933991,0.0408994010914989,0.0523555061784787,0.256273293026143,-0.00139163898507969,0.33807209520914,0.103319373371878
2.07582575980001,0.297612747381464,0.0510703095953883,0.0410152028104152,0.0524438182255687,0.256597544571048,-0.00137350863018038,0.338627950191879,0.103514127820957
2.07763239666668,0.29804569701102,0.0511759629663767,0.0411247969728417,0.0525312263014616,0.256920900038178,-0.00135526333508482,0.339170493983862,0.103707189267838
2.07943903353335,0.298471582818209,0.0512808304928701,0.0412281965016231,0.0526177288901792,0.257243386316586,-0.00133689839730909,0.339699779319832,0.103898559383049
2.08124567040002,0.298890351987722,0.0513849050950515,0.0413253337692062,0.052703312806633,0.257565018218516,-0.00131840771158154,0.340215685756928,0.104088217901684
2.08305230726668,0.29930181374171,0.0514881642845289,0.0414160190933537,0.0527879468592641,0.257885794648356,-0.00129978257473515,0.340717832835063,0.104276111143793
2.08485894413335,0.299706024816088,0.0515906131910274,0.0415002813080524,0.0528716320234852,0.258205743508036,-0.00128101883245785,0.341206306124141,0.104462245214513
2.08666558100002,0.300102922956827,0.0516922436857688,0.0415780445277168,0.0529543539100921,0.25852487842911,-0.00126211022432336,0.341680967484544,0.104646597595861
2.08847221786668,0.300492315041687,0.0517930329554817,0.0416491158803223,0.0530360806856989,0.258843199161364,-0.00124304773021718,0.342141430922009,0.104829113641181
2.09027885473335,0.300874267207228,0.051892987243498,0.041713533643567,0.053116814891907,0.259160733563661,-0.00122382764840904,0.342587800850794,0.105009802135405
2.09208549160002,0.301248705469378,0.0519920971038179,0.0417712114281256,0.0531965405705428,0.259477494041252,-0.00120444346672484,0.343019916897503,0.105188637674361
2.09389212846668,0.301615448006899,0.0520903409348613,0.0418219654665277,0.0532752270942763,0.259793482540372,-0.00118488615941504,0.343437413473427,0.105365568029138
2.09569876533335,0.301974557087575,0.0521877246059085,0.0418658316409473,0.0533528768089558,0.260108725446627,-0.00116515220304727,0.343840388728522,0.105540601414864
2.09750540220002,0.302325950919139,0.052284237784408,0.0419027163979226,0.0534294726601633,0.260423234521216,-0.00114523487575523,0.344228667317062,0.105713710444571
2.09931203906668,0.302669459733294,0.0523798601782951,0.0419324459847505,0.0535049853985077,0.260737013748544,-0.00112512522021261,0.344601905718045,0.105884845576803
2.10111867593335,0.303005141553076,0.0524745972338862,0.0419550534329737,0.0535794170881423,0.261050088120103,-0.00110481985425614,0.34496019498605,0.106054014322028
2.10292531280002,0.303332906402058,0.0525684376831659,0.0419704375698888,0.0536527494924644,0.261362468832169,-0.00108431180929851,0.345303343971947,0.10622118717563
2.10473194966668,0.303652597316819,0.0526613626414096,0.0419784355677707,0.0537249549119037,0.261674161749048,-0.00106359227049412,0.34563103288459,0.106386317553313
2.10653858653335,0.303964267699681,0.052753377083057,0.0419790771524269,0.0537960350429767,0.261985190547254,-0.00104265795991965,0.345943344852107,0.106549412126034
2.10834522340002,0.304267819014082,0.0528444687557187,0.0419722530768041,0.0538659703809569,0.262295565937278,-0.00102150162523824,0.346240072090886,0.106710439136676
2.11015186026668,0.304563107853422,0.0529346202798319,0.0419578123483693,0.0539347349479748,0.262605295505052,-0.00100011466814291,0.346520920201791,0.106869355227807
2.11195849713335,0.304850182623334,0.0530238361090488,0.041935780932087,0.0540023299869704,0.262914401691247,-0.000978493877921607,0.346785963555421,0.107026166096019
2.11376513400002,0.305129014054261,0.0531121029576929,0.0419061516473365,0.0540687346391513,0.263222862406924,-0.000956631681458306,0.347035165701597,0.107180837596844
2.11557177086668,0.305401063609612,0.0531994050491885,0.0418710356402897,0.0541339248202314,0.263530027969322,-0.000934519771042926,0.347272099249901,0.10733332986942
2.11737840773335,0.30566707273501,0.0532857462674878,0.041831442364593,0.0541979012336336,0.263835630370417,-0.000912154966145835,0.347498515099603,0.107483647501121
2.11918504460002,0.30592703038636,0.0533713832222751,0.0417873945990216,0.0542610248006979,0.264139635787339,-0.000889641578422737,0.347714424985382,0.107632408022973
2.12099168146668,0.30618092905653,0.0534566335887347,0.0417389184082578,0.0543237426692967,0.264442010648272,-0.000867109080561937,0.347919847464788,0.107780376258031
2.12279831833335,0.306428866590187,0.0535415035054923,0.0416861165154744,0.0543860589808318,0.264742750074713,-0.000844555475339549,0.348114983105662,0.107927562486324
2.12460495520002,0.306670826688516,0.0536259883263102,0.0416290085294429,0.0544479652586607,0.265041818159073,-0.000821976932350532,0.348299835217959,0.108073953584971
2.12641159206668,0.306906813813787,0.0537100846701607,0.0415676296455253,0.0545094543022997,0.265339184168262,-0.000799369632138953,0.348474443459312,0.10821953897246
2.12821822893335,0.307136919095984,0.053793794839094,0.0415020766262183,0.0545705250600356,0.265634842469766,-0.000776730220941588,0.348638995722203,0.10836431989913
2.13002486580002,0.30736112113561,0.0538771137666172,0.0414323662047262,0.05463116851781,0.265928754930884,-0.000754054751192793,0.348793487340336,0.108508282284427
2.13183150266668,0.307579436056265,0.0539600388067989,0.0413585421182176,0.0546913782419558,0.266220893938047,-0.000731339435156853,0.348937978174482,0.108651417048755
2.13363813953335,0.307791948427285,0.054042571946848,0.0412806954629505,0.0547511529513582,0.266511252964335,-0.000708581004510163,0.349072643890236,0.108793724898206
2.13544477640002,0.307998631902526,0.0541247076888946,0.041198840390997,0.0548104830620463,0.266799791511529,-0.000685775373151724,0.349197472293523,0.108935190750941
2.13725141326668,0.308199513958847,0.0542064441443478,0.0411130285924606,0.0548693629721643,0.267086485366387,-0.000662918827816474,0.349312542551308,0.109075807116512
2.13905805013335,0.308394672758973,0.0542877829744529,0.0410233457917964,0.0549277911386989,0.267371326967176,-0.000640008164246086,0.349418018550769,0.109215574113152
2.14086468700002,0.308584077164149,0.0543687182388411,0.0409298038543804,0.054985757375269,0.267654273309769,-0.000617039136427966,0.349513881018529,0.10935447561411
2.14267132386668,0.308767765696418,0.0544492488285059,0.0408324618343796,0.0550432569768252,0.267935303862038,-0.000594008148319287,0.349600227530798,0.109492505805331
2.14447796073335,0.308945810265931,0.0545293760676072,0.0407314003788813,0.055100288105958,0.268214409887049,-0.000570912038350822,0.349677210644812,0.109629664173565
2.14628459760002,0.309118175095361,0.0546090935621551,0.0406266293610022,0.0551568399413779,0.268491545734359,-0.000547746379222766,0.349744804456363,0.109765933503533
2.14809123446668,0.309284909443861,0.0546884010049716,0.0405182146101,0.0552129087398379,0.268766694833761,-0.000524507734866252,0.349803124053961,0.109901309744809
2.14989787133335,0.309446079123043,0.0547672993720093,0.0404062319903308,0.0552684923370349,0.269039847132712,-0.000501192965025543,0.349852311113373,0.110035791709044
2.15170450820002,0.309601643871047,0.0548457818045354,0.0402906896769878,0.0553235792442727,0.269310954194059,-0.00047779743973729,0.349892333548034,0.110169361048808
2.15351114506668,0.309751663376059,0.0549238488194437,0.0401716596857473,0.0553781667451023,0.269580003690311,-0.000454317925658594,0.349923323061806,0.110302015564546
2.15531778193335,0.309896197505192,0.0550015010333579,0.0400492133922704,0.0554322523158291,0.269846984112922,-0.000430751282471199,0.349945410897463,0.110433753349187
2.15712441880002,0.310035201666089,0.0550787311116804,0.0399233575684626,0.0554858237678531,0.270111844097626,-0.000407092656172767,0.349958559234551,0.110564554879534
2.15893105566668,0.310168745667895,0.0551555404176208,0.039794169827447,0.0555388794765186,0.270374575840448,-0.000383339058897751,0.349962915495342,0.110694419894139
2.16073769253335,0.310296883587263,0.0552319291973517,0.0396617173508254,0.0555914165262406,0.270635166236438,-0.000359487328888908,0.349958600938088,0.110823345723592
2.16254432940002,0.310419566655371,0.0553078896292888,0.0395260058015522,0.0556434219960191,0.270893560853819,-0.000335532366730333,0.349945572456923,0.110951311625308
2.16435096626668,0.310536874494254,0.0553834239452014,0.0393871178013246,0.0556948954179857,0.27114975669293,-0.00031147147278434,0.349923992295579,0.111078319363187
2.16615760313335,0.310648855544138,0.0554585320096892,0.0392451166321216,0.0557458334521696,0.271403738912016,-0.000287301442480417,0.34989397217626,0.111204365461859
2.16796424000002,0.310755457013776,0.0555332055030591,0.0391000071423819,0.05579622241267,0.271655449871394,-0.000263016909610961,0.349855464156158,0.111329427915729
2.16977087686668,0.310856768030019,0.0556074475478842,0.0389518763735055,0.0558460630534039,0.271904891656514,-0.000238615505519756,0.349808644403525,0.111453510601288
2.17157751373335,0.310952831550701,0.0556812576160687,0.0388007840022842,0.055895351577515,0.272152047548417,-0.00021409396144631,0.349753615552985,0.111576609193584
2.17338415060002,0.311043590916189,0.0557546268786899,0.0386467343570776,0.0559440735017059,0.272396856559112,-0.000189446623016065,0.349690325273267,0.111698700380396
2.17519078746668,0.311129144450073,0.0558275593713674,0.0384898183101152,0.0559922308666728,0.272639326139958,-0.000164671495305371,0.349618962760189,0.11181979023804
2.17699742433335,0.311209529781836,0.0559000541621894,0.0383300922274386,0.0560398193861772,0.272879437554397,-0.000139765223987801,0.349539622009275,0.111939873548367
2.17880406120002,0.311284686537493,0.0559721019018797,0.038167560211764,0.0560868237470262,0.273117126325729,-0.000114721845146486,0.349452246749257,0.112058925648906
2.18061069806668,0.311354721929301,0.0560437075613501,0.0380023163772792,0.0561332473416923,0.273352405552021,-8.95397803422071e-05,0.34935703830658,0.112176954903042
2.18241733493335,0.311419668412426,0.0561148697937492,0.0378344140737106,0.0561790853620555,0.273585254338715,-6.42155683063528e-05,0.349254082486137,0.112293955155805
2.18422397180002,0.31147946205257,0.0561855787183271,0.0376638574725674,0.0562243216325309,0.273815604580003,-3.87429142037973e-05,0.349143319525138,0.112409900350858
2.18603060866668,0.311534218642584,0.0562558402635303,0.0374907433411229,0.0562689609623616,0.274043475301461,-1.31206988312274e-05,0.349024961983707,0.112524801225892
2.18783724553335,0.311583962049472,0.0563256523334856,0.0373151205485741,0.0563129975537991,0.274268841500898,1.26547796864829e-05,0.348899082598046,0.112638649887285
2.18964388240002,0.311628635636306,0.0563950054737309,0.0371369989056128,0.0563564156421199,0.274491636730693,3.85898316110356e-05,0.348765634541919,0.112751421115851
2.19145051926668,0.311668352764808,0.0564639056236071,0.0369564719677721,0.0563992202125809,0.274711880797036,6.46854110261802e-05,0.34862482473258,0.112863125836188
2.19325715613335,0.311703131291418,0.0565323501247154,0.0367735858024508,0.0564414046964353,0.274929545488967,9.09454282800454e-05,0.348476717093869,0.112973754821151
2.19506379300002,0.311732925463582,0.056600316019665,0.0365883572770256,0.056482974474637,0.275144568186557,0.000117341545028016,0.348321282740608,0.113083290494302
2.19687042986668,0.311757842470855,0.056667741261314,0.0364008750233516,0.0565240298835685,0.275356967447503,0.000143711377745527,0.348158717494206,0.113191771144883
2.19867706673335,0.311777895611506,0.0567346127313601,0.0362111832702575,0.0565645778454215,0.275566712341249,0.000170034885938544,0.347989078881764,0.113299190576782
2.20048370360002,0.311793049709284,0.0568009211672371,0.0360193053529316,0.0566046065198482,0.275773744356352,0.000196314647388902,0.347812355062216,0.113405527687085
2.20229034046668,0.311803405935609,0.056866673000103,0.0358253252739876,0.0566441185557848,0.275978080661621,0.000222554444318283,0.347628731209596,0.113510791555888
2.20409697733335,0.31180897318462,0.0569318640746273,0.0356292857181194,0.0566831068500419,0.276179687466501,0.000248757224585422,0.347438258902739,0.113614970924669
2.20590361420002,0.311809726548294,0.0569964861349193,0.0354312158994562,0.0567215603811744,0.276378510648838,0.000274925753744909,0.34724094244775,0.113718046516094
2.20771025106668,0.311805761333953,0.0570605451679418,0.0352311954858051,0.0567594815335735,0.276574565848148,0.000301063634368277,0.347036956819758,0.113820026701515
2.20951688793335,0.311797082185644,0.0571240364434036,0.0350292659121623,0.0567968626191142,0.276767816273482,0.00032717382428938,0.346826348097806,0.113920899062518
2.21132352480002,0.311783674155495,0.0571869527370502,0.0348254616827247,0.0568336934964103,0.27695821247277,0.000353259240639926,0.34660913583822,0.114020646233461
2.21313016166668,0.311765626840771,0.0572492995791685,0.0346198584249299,0.0568699762547291,0.277145768415841,0.000379323324439372,0.346385485265701,0.114119275833898
2.21493679853335,0.31174294078946,0.0573110716520277,0.0344124966185112,0.0569057025904341,0.277330444170949,0.000405369061593601,0.346155437407972,0.114216774242462
2.21674343540002,0.311715610705772,0.0573722627879683,0.0342034154688626,0.0569408633033508,0.277512195236909,0.000431399484617484,0.345919026174634,0.114313126091319
2.21855007226668,0.311683720630947,0.0574328780481218,0.0339926868574873,0.056975460157047,0.27769103377346,0.000457417891074841,0.345676407488435,0.114408338205169
2.22035670913335,0.311647267170954,0.0574929115148379,0.0337803506032924,0.0570094842017962,0.277866916567661,0.000483427313041664,0.345427617774246,0.114502395716634
2.22216334600002,0.311606254374007,0.057552358102012,0.0335664500239955,0.0570429272397913,0.278039804350012,0.000509430862220689,0.345172704398003,0.114595285341803
2.22396998286668,0.311560760879364,0.0576112223891403,0.0333510535496026,0.0570757906783221,0.278209707329762,0.00053543171081824,0.344911814428967,0.114687013067462
2.22577661973335,0.311510779505007,0.0576694978461729,0.0331342006326305,0.0571080648909957,0.278376578872377,0.000561432955177195,0.344644980137638,0.114777562737169
2.22758325660002,0.311456323335085,0.0577271804935199,0.0329159381142489,0.0571397427435262,0.278540385220836,0.000587437749993674,0.344372261449334,0.114866923237046
2.22938989346668,0.311397465760906,0.0577842744165627,0.0326963312674017,0.0571708252563493,0.278701134493504,0.000613449160213358,0.344093797028307,0.114955099672912
2.23119653033335,0.311334195966504,0.0578407724603711,0.0324754194726515,0.057201302095827,0.278858776493853,0.000639470364544072,0.343809615439156,0.115042074556198
2.23300316720002,0.311266535763889,0.0578966717768306,0.0322532525057481,0.0572311672523509,0.279013283258141,0.000665504524479693,0.343519788269637,0.115127839029182
2.23480980406668,0.311194553450455,0.0579519759447271,0.0320298927770095,0.0572604213289234,0.279164660673446,0.000691554615803697,0.343224446227465,0.11521239727365
2.23661644093335,0.311118234730329,0.0580066771717711,0.0318053798894807,0.0572890532540859,0.279312854840848,0.000717623917685241,0.342923614619809,0.115295730425857
2.23842307780002,0.311037609835302,0.0580607737662826,0.0315797659646186,0.0573170582040602,0.279457843870683,0.000743715562222372,0.342617375799921,0.115377831970343
2.24022971466668,0.310952742122896,0.0581142687879721,0.0313531108445519,0.0573444363338396,0.279599631278344,0.000769832454132549,0.342305852967448,0.115458705121812
2.24203635153335,0.310863613971363,0.0581671537947115,0.0311254546492439,0.0573711758035667,0.279738159322119,0.000795977991144788,0.341989068620607,0.115538329598278
2.24384298840002,0.310770263724208,0.0582194282762143,0.0308968512569862,0.0573972730364491,0.279873412467222,0.00082215523976524,0.341667114981194,0.115616701312663
2.24564962526668,0.310672749953112,0.0582710947606366,0.0306673582361546,0.0574227277088932,0.280005391716958,0.000848367051743425,0.341340108189267,0.11569382246953
2.24745626213335,0.310571051864493,0.0583221441435308,0.0304370165180661,0.057447527182065,0.280134035346426,0.00087461696146577,0.341008068382559,0.115769671325596
2.24926289900002,0.310465215605491,0.0583725771209644,0.0302058811489761,0.0574716691873126,0.280259334456515,0.000900907933651808,0.340671096754467,0.115844246308277
2.25106953586668,0.310355295115987,0.0584223956770589,0.0299740077179423,0.0574951528918786,0.280381287398045,0.000927242785180325,0.34032930283393,0.115917548568937
2.25287617273335,0.310241266584599,0.0584715900325675,0.029741438262073,0.0575179648273753,0.280499828322526,0.000953625205192196,0.339982704846672,0.115989554859943
2.25468280960002,0.310123183654033,0.0585201621148713,0.0295082284067135,0.0575401040944457,0.280614955247319,0.000980058020425646,0.339631412060746,0.116060266209317
2.25648944646668,0.310001095786404,0.0585681133515776,0.0292744320560412,0.0575615693205907,0.280726663730363,0.00100654403098693,0.339275527842446,0.116129682672168
2.25829608333335,0.309874976306567,0.0586154332761601,0.0290400926473898,0.0575823461772927,0.280834883659178,0.00103308709886742,0.338915068953957,0.116197779453453
2.26010272020002,0.309744886044719,0.0586621250722737,0.0288052657963243,0.0576024351956433,0.280939620248394,0.00105968987663042,0.338550151841043,0.116264560267917
2.26190935706668,0.309610870139247,0.0587081895985308,0.0285700040165766,0.0576218344328249,0.281040866122671,0.0010863551657059,0.338180874155824,0.116330024031356
2.26371599393335,0.30947289920528,0.0587536156886472,0.0283343524401425,0.0576405286696124,0.281138546765138,0.00111308701903479,0.337807251645423,0.11639414435826
2.26552263080002,0.309331040952432,0.05879840780751,0.0280983660839341,0.0576585199287003,0.281232674868498,0.00113988787880964,0.337429407036366,0.11645692773621
2.26732926766668,0.309185336349399,0.0588425662322578,0.0278620963656736,0.0576758056663765,0.281323239983725,0.00116676056588137,0.337047432715073,0.116518371898634
2.26913590453335,0.309035753455621,0.0588860790843673,0.0276255904064562,0.0576923697421292,0.281410163049165,0.00119370934223811,0.336661343862077,0.116578448826497
2.27094254140002,0.308882366552055,0.0589289521349188,0.027388902035668,0.0577082157314121,0.281493464516387,0.00122073640350665,0.336271268587723,0.116637167866331
2.27274917826668,0.308725212591743,0.0589711850670964,0.027152081869458,0.0577233404590392,0.281573130722285,0.00124784460805718,0.335877294461202,0.116694525526136
2.27455581513335,0.308564257232474,0.0590127652776588,0.0269151793124563,0.0577377268326379,0.281649077920018,0.00127503844502091,0.33547943654493,0.116750492110297
2.27636245200002,0.308399581018472,0.0590536998688384,0.0266782464176513,0.0577513800415732,0.281721334600821,0.00130231982726518,0.335077827436123,0.116805079910412
2.27816908886668,0.308231217041164,0.0590939879173858,0.0264413332940553,0.0577642962486095,0.281789883747109,0.00132969166877629,0.33467255033522,0.116858284165995
2.27997572573335,0.308059128710722,0.0591336160828603,0.0262044919242686,0.0577764573789335,0.281854636786454,0.00135715870392674,0.334263620634991,0.116910073461794
2.28178236260002,0.307883402526567,0.0591725928236076,0.02596777199601,0.0577878702969788,0.281915630530557,0.00138472252662885,0.333851174522577,0.116960463120586
2.28358899946668,0.307704067566321,0.0592109165414565,0.0257312234245809,0.0577985304080769,0.28197284414174,0.00141238613337957,0.333435290990902,0.117009446949533
2.28539563633335,0.307521086065249,0.0592485733143106,0.0254949010080183,0.0578084188188115,0.282026185057231,0.00144015449549902,0.333015987073267,0.117056992133122
2.28720227320002,0.307333595148931,0.0592855728135648,0.0252602008412697,0.0578175439354238,0.282073394307661,0.00146802887814101,0.332593795990201,0.117103116748989
2.28900891006668,0.307140044841138,0.0593219122217885,0.025029396997894,0.0578258997510636,0.282110647843244,0.00149601247072486,0.332169441839032,0.117147811972852
2.29081554693335,0.306940364950166,0.0593575787863479,0.0248026038528758,0.0578334685900661,0.28213776109729,0.00152411019628178,0.331742968803041,0.117191047376414
2.29262218380002,0.306734730594036,0.0593925816530487,0.0245797402713414,0.0578402583947032,0.282154990322694,0.00155232325834544,0.331314470865377,0.117232840047752
2.29442882066668,0.306523201035646,0.0594269173481068,0.0243608005998737,0.0578462623737649,0.282162400435772,0.00158065497434187,0.330884001635519,0.117273179721872
2.29623545753335,0.306305766879996,0.0594605743133107,0.024145825927665,0.057851464130493,0.282159940952331,0.00160911018281767,0.330451592807661,0.117312038443804
2.29804209440002,0.306082593851707,0.0594935611563976,0.0239347396295636,0.0578558711126122,0.282147854222144,0.00163769004378544,0.330017333481271,0.11734943226901
2.29984873126668,0.30585373620862,0.0595258737347495,0.0237275397234705,0.0578594757139757,0.282126196485149,0.00166639802077385,0.32958127593209,0.117385349448725
2.30165536813335,0.305619198535378,0.0595575017095378,0.0235242591975541,0.0578622628778867,0.282094939337823,0.00169523883165113,0.329143457732932,0.117419764587425
2.30346200500002,0.305379137582017,0.0595884531379501,0.0233248258563676,0.0578642395269454,0.282054311725649,0.00172421361100478,0.328703963438384,0.117452692664895
2.30526864186668,0.305133603020131,0.0596187231960558,0.0231292413091163,0.0578653972094909,0.282004361711015,0.00175332598656485,0.328262844329247,0.117484120405547
2.30707527873335,0.304882612576382,0.0596483027893674,0.0229375306029741,0.0578657222700422,0.281945081973408,0.00178258051932525,0.327820143179356,0.11751402505941
2.30888191560002,0.304626314445034,0.059677199412045,0.0227496258921845,0.0578652210754979,0.28187668855285,0.00181197833654707,0.327375940337219,0.117542420487543
2.31068855246668,0.30436475413025,0.0597054075463637,0.0225655322972422,0.0578638842981058,0.281799221833007,0.00184152324825788,0.326930286427492,0.117569291844469
2.31249518933335,0.30409796166308,0.0597329193671385,0.0223852670843566,0.0578616997447548,0.281712694578723,0.00187121962238373,0.326483228747437,0.117594619111893
2.31430182620002,0.30382607710083,0.0597597417930202,0.022208766677446,0.0578586731960648,0.281617310423384,0.0019010685969554,0.326034843778276,0.117618414989085
2.31610846306668,0.303549142199046,0.0597858686000117,0.0220360396282797,0.0578547944176146,0.281513102570767,0.00193107418239708,0.325585181827326,0.117640663017626
2.31791509993335,0.303267198455542,0.0598112932571892,0.0218670955821326,0.0578500527398193,0.281400102873409,0.00196124051736982,0.325134294037674,0.117661345997009
2.31972173680002,0.302980378209476,0.0598360220952149,0.0217018751525839,0.057844453326441,0.281278503056892,0.00199156876877393,0.32468225336206,0.117680475421656
2.32152837366668,0.302688719886592,0.0598600481713386,0.0215403902426603,0.0578379850058134,0.281148329643932,0.00202206316552514,0.324229110129252,0.117698033177152
2.32333501053335,0.302392275613838,0.0598833662738581,0.0213826430367345,0.0578306386930305,0.281009632577103,0.00205272758082764,0.323774918650572,0.117714004966889
2.32514164740002,0.302091170431041,0.0599059821329674,0.0212285782580293,0.0578224189044214,0.280862592173012,0.00208356322854591,0.323319748689071,0.117728401037389
2.32694828426668,0.301785439852957,0.0599278880746829,0.0210782110808155,0.0578133135004965,0.280707228772141,0.00211457457418646,0.322863650933773,0.117741201575179
2.32875492113335,0.301475145798038,0.0599490802314839,0.0209315363885929,0.0578033150421836,0.280543609409445,0.00214576518930031,0.322406682186631,0.117752395273667
2.33056155800002,0.301160406425597,0.0599695637206161,0.0207885029342137,0.0577924273678012,0.280371903491383,0.0021771363528149,0.321948909359811,0.117761991088417
2.33236819486668,0.300841254758212,0.0599893301243832,0.020649129083177,0.057780637339459,0.280192125675035,0.00220869278492426,0.321490383841389,0.117769967463842
2.33417483173335,0.300517761668214,0.0600083769444051,0.0205134025781394,0.0577679392250736,0.280004359090074,0.00224043771933152,0.321031164246353,0.117776316169479
2.33598146860002,0.300190038853213,0.0600267086724996,0.0203812761215686,0.0577543361543753,0.279808762731645,0.00227237251812428,0.320571314974782,0.117781044826875
2.33778810546668,0.299858117262427,0.0600443161347777,0.0202527711901756,0.0577398139604956,0.279605346072251,0.00230450217428209,0.320110888452602,0.117784130095273
2.33959474233335,0.299522075884436,0.0600611982269601,0.0201278685458059,0.0577243686794952,0.27939420733863,0.00233682954746486,0.319649944430242,0.117785566906455
2.34140137920002,0.299182020373961,0.0600773265040559,0.0200065247605253,0.0577079570243952,0.279175495613436,0.00236936947966069,0.319188545134486,0.117785283528451
2.34320801606668,0.298837980025672,0.0600924444692181,0.0198887643422435,0.0576902150883579,0.278949215683429,0.00240222938086015,0.318726744367916,0.117782659557576
2.34501465293335,0.298490041106773,0.0601065081407087,0.0197745612320236,0.0576710780920032,0.27871547987475,0.00243543004870552,0.318264602338797,0.117777586232712
2.34682128980002,0.298138303647911,0.0601195356935257,0.0196638757915158,0.0576505688290182,0.278474427856395,0.0024689668645075,0.317802179439427,0.117770104522544
2.34862792666668,0.297782795708019,0.0601315255942015,0.0195567354798116,0.057628683979817,0.278226060228208,0.00250284161438454,0.317339531187831,0.117760209574019
2.35043456353335,0.297423609995298,0.0601424939967455,0.0194531075772238,0.0576054436581101,0.277970502418075,0.00253705033863545,0.316876717572522,0.117747937654856
2.35224120040002,0.297060841335133,0.060152457847281,0.019352956154971,0.0575808690568083,0.277707885180162,0.00257158879047267,0.316413797490104,0.117733326904089
2.35404783726668,0.296694516969538,0.0601614150259958,0.0192563115433116,0.0575549560287663,0.277438205426227,0.0026064589972295,0.31595082851285,0.117716371054762
2.35585447413335,0.296324735210081,0.0601693834407977,0.0191631345218381,0.0575277270422362,0.277161600688243,0.00264165639856145,0.315487869731919,0.117697110483034
2.35766111100002,0.295951586095698,0.0601763788702548,0.0190733927913224,0.057499201763146,0.276878193304375,0.00267717710710882,0.31502497888702,0.117675580633401
2.35946774786668,0.295575096470299,0.0601823986695345,0.0189871194731749,0.0574693752905865,0.276587976997124,0.00271302337894804,0.314562215943474,0.117651773960121
2.36127438473335,0.295195369411191,0.0601874623777977,0.018904269006298,0.0574382722997625,0.276291100404893,0.00274919007803526,0.314099638417489,0.11762573467756
2.36308102160002,0.294812490589676,0.0601915846673804,0.0188248126410016,0.0574059110034128,0.275987677948675,0.00278567366396762,0.313637303230678,0.117597495670793
2.36488765846668,0.294426486870374,0.060194762429751,0.0187487862098332,0.0573722858206591,0.27567770066054,0.00282247660909188,0.313175273080207,0.11756704825041
2.36669429533335,0.2940374652587,0.0601970167126794,0.0186761379710351,0.0573374234860696,0.275361327287664,0.0028595932266099,0.312713603229735,0.117534440198749
2.36850093220002,0.293645507477139,0.0601983611435918,0.0186068426444402,0.0573013408329894,0.275038664832699,0.00289702031060236,0.312252350121579,0.117499701976581
2.37030756906668,0.293250640829831,0.0601987922115788,0.0185409386937177,0.0572640316743647,0.274709702136113,0.00293476053721406,0.311791579523549,0.117462823885943
2.37211420593335,0.292852975412677,0.0601983323503762,0.0184783683564805,0.0572255246565387,0.274374607056196,0.00297280769383754,0.311331343769158,0.117423857006915
2.37392084280002,0.292452589418156,0.0601969942038221,0.0184191097420691,0.057185835307257,0.274033479676086,0.00301115889656515,0.310871699160225,0.117382829511079
2.37572747966668,0.292049511008743,0.0601947739199513,0.0183632038652597,0.0571449569070844,0.273686307143483,0.00304981701286696,0.310412714874002,0.117339730827036
2.37753411653335,0.291643852533194,0.0601916951958215,0.0183105871030658,0.0571029198665506,0.273333265430128,0.00308877532927094,0.30995443963626,0.117294615062372
2.37934075340002,0.291235689072798,0.0601877697530045,0.0182612408743208,0.0570597384815963,0.272974448198477,0.00312803127140817,0.309496929947119,0.117247508234601
2.38114739026668,0.290825050067179,0.060182993459802,0.018215208664891,0.0570154055741992,0.272609841402288,0.00316758788560282,0.30904025873207,0.117198399034001
2.38295402713335,0.290412049280321,0.060177391153949,0.0181724211512226,0.0569699531714867,0.272239628129099,0.00320743798246238,0.308584470431544,0.117147344325436
2.38476066400002,0.289996758153353,0.0601709733521437,0.0181328643561488,0.0569233939438994,0.271863893797204,0.00324757940824431,0.308129622509502,0.117094367296043
2.38656730086668,0.28957921066521,0.0601637367360643,0.0180965800330429,0.0568757217310899,0.271482630632167,0.00328801500497437,0.307675790698253,0.117039458467154
2.38837393773335,0.289159518314129,0.0601557061296919,0.0180634974413823,0.0568269686267278,0.271096020872747,0.00332873750296411,0.307223015755511,0.11698267475642
2.39018057460002,0.288737749360707,0.060146890855731,0.0180336074483857,0.0567771456741032,0.270704141912321,0.00336974518162776,0.306771356809093,0.116924036529834
2.39198721146668,0.288313945462906,0.0601372896536717,0.0180069449101468,0.0567262494331379,0.27030700055276,0.00341104022053382,0.306320890373053,0.11686353908681
2.39379384833335,0.287888212294688,0.0601269260279836,0.0179834429139763,0.0566743102876548,0.269904769380711,0.00345261574032878,0.305871655208664,0.116801236315638
2.39560048520002,0.287460616680711,0.0601158086243931,0.017963095316524,0.0566213383443162,0.269497521364187,0.00349447028007685,0.305423711997235,0.116737146968709
2.39740712206668,0.287031207120339,0.0601039381175575,0.0179459302366346,0.0565673327357239,0.269085276883704,0.0035366053818336,0.304977137356974,0.116671270853281
2.39921375893335,0.286600083882068,0.0600913367537576,0.0179318845094361,0.0565123222096488,0.268668199372632,0.00357901454410887,0.304531968391504,0.116603658963406
2.40102039580002,0.286167312773437,0.0600780125630632,0.017920954900995,0.0564563160099195,0.268246357872442,0.00362169655314365,0.304088267674432,0.116534328572983
2.40282703266668,0.285732948297578,0.0600639680326554,0.0179131629529371,0.0563993156942291,0.267819785344641,0.00366465233842635,0.303646111250515,0.116463283726885
2.40463366953335,0.28529708573634,0.0600492242119476,0.0179084491681931,0.0563413484480908,0.267388636568147,0.00370787576385683,0.303205534904533,0.116390572660038
2.40644030640002,0.284859790298954,0.0600337885766749,0.0179068131422301,0.0562824227262937,0.266952977156724,0.0037513658503812,0.302766603441184,0.116316211302969
2.40824694326668,0.284421121654695,0.0600176653038987,0.0179082699994861,0.0562225423640342,0.266512851655208,0.00379512293986446,0.302329391654181,0.116240207667933
2.41005358013335,0.283981170517575,0.0600008743074866,0.0179127638306787,0.0561617330583619,0.266068406686897,0.00383914124912477,0.301893934348254,0.116162607365848
2.41186021700002,0.283540001917333,0.0599834225701616,0.0179202969806611,0.0561000025488204,0.265619704936671,0.00388342002134125,0.301460298897994,0.116083425118982
2.41366685386668,0.283097679851759,0.0599653158362209,0.0179308783167132,0.0560373568005205,0.265166801535045,0.00392795903570042,0.301028558168472,0.116002672636741
2.41547349073335,0.282654290885844,0.0599465729453084,0.0179444554373246,0.0559738200958426,0.264709835448519,0.00397275284946579,0.300598746323168,0.115920393041151
2.41728012760002,0.282209900288644,0.0599272004484568,0.017961033356719,0.05590939953288,0.264248866931925,0.0040178009155768,0.300170933645363,0.115836599981337
2.41908676446668,0.281764575548841,0.0599072055345552,0.0179806148450496,0.0558441030590687,0.263783960703791,0.00406310247548643,0.29974519039389,0.115751308593624
2.42089340133335,0.281318399501216,0.0598866060303464,0.0180031509285621,0.0557779536159147,0.263315248572653,0.0041086524144316,0.299321550429778,0.115664559646261
2.42270003820002,0.280871438072959,0.0598654081164939,0.0180286492108359,0.0557109577338538,0.262842788862123,0.0041544503826401,0.298900087283795,0.115576365850348
2.42450667506668,0.280423761406011,0.0598436203038354,0.0180571065249267,0.0556431251950602,0.262366654881085,0.00420049510877517,0.298480867930938,0.115486745498896
2.42631331193335,0.279975449023762,0.0598212594675339,0.0180884772448227,0.0555744776739587,0.261886971778939,0.00424678179357517,0.298063926268584,0.115395737141493
2.42811994880002,0.279526567930347,0.0597983314792065,0.0181227714834426,0.055505021207123,0.261403796446905,0.00429331027208357,0.29764933941379,0.11530335268633
2.42992658566668,0.279077190083341,0.0597748460489949,0.0181599802967764,0.0554347672638758,0.260917209786565,0.00434007878511905,0.297237170380118,0.115209613312871
2.43173322253335,0.278627392113553,0.0597508191618045,0.0182000613265376,0.0553637363253554,0.260427330787015,0.00438708283644917,0.29682745344009,0.11511455548716
2.43353985940002,0.27817724252088,0.0597262564415281,0.0182430271149709,0.0552919340080684,0.259934215405909,0.00443432243345977,0.296420269635851,0.115018190449596
2.43534649626668,0.277726814240901,0.0597011686749671,0.0182888631010299,0.0552193733208964,0.259437951139871,0.00448179535407071,0.296015677341931,0.114920541995863
2.43715313313335,0.277276181430659,0.0596755710180916,0.018337530114139,0.0551460736254865,0.25893865131652,0.00452949739260503,0.295613711544798,0.114821644643578
2.43895977000002,0.276825414504627,0.0596494687234914,0.0183890430458523,0.0550720404535592,0.258436371458775,0.00457742826993218,0.29521445755048,0.114721509177051
2.44076640686668,0.276374586538761,0.0596228537263997,0.0184433818781183,0.0549973162152948,0.257931204660643,0.00462553751110486,0.29481796841688,0.114620169941695
2.44257304373335,0.275923769635151,0.059595723026305,0.0185005105480574,0.0549219438182153,0.257423259087093,0.00467377920808969,0.294424280183208,0.11451766684452
2.44437968060002,0.27547303654166,0.0595680805223642,0.0185604462165182,0.0548459302587141,0.256912590325142,0.0047221502636501,0.294033482758178,0.114414010781078
2.44618631746668,0.275022459636992,0.0595399379458917,0.0186231635684737,0.0547692923712053,0.256399296068518,0.00477064557468646,0.293645623205466,0.114309230317097
2.44799295433335,0.274572109387099,0.0595113082721588,0.0186886295687249,0.0546920484992923,0.255883479818374,0.00481925977286656,0.293260738955824,0.114203356771451
2.44979959120002,0.274120110337447,0.0594821952625627,0.0187541045009425,0.0546142055453362,0.255366005836504,0.00486798971722653,0.292874214838389,0.114096400807899
2.45160622806668,0.273661807040975,0.0594526114506312,0.0188128739284867,0.0545357813083378,0.254848933112488,0.00491683014229341,0.292474680969461,0.113988392758969
2.45341286493335,0.273197095827088,0.0594225691471817,0.0188646632191134,0.0544567932613453,0.254332432607975,0.00496577588583637,0.292061759046201,0.113879362408527
2.45521950180002,0.272725999227095,0.0593920720314221,0.0189094144385821,0.0543772482946176,0.253816584788513,0.00501482373680455,0.291635413665677,0.11376932032604
2.45702613866668,0.272248673528324,0.0593611333279531,0.0189472163486001,0.0542971650078836,0.253301457179724,0.00506396832006955,0.291195889876924,0.113658298335837
2.45883277553335,0.271765254260674,0.059329764738709,0.0189781365944226,0.0542165600855668,0.252787117666252,0.00511320465314227,0.290743390855097,0.113546324824276
2.46063941240002,0.27127576233108,0.0592979699162771,0.0190021118970559,0.0541354404877503,0.252273650434024,0.00516252942852684,0.290277874228136,0.113433410404027
2.46244604926668,0.27078036306346,0.0592657626651927,0.0190192435208104,0.0540538254510358,0.25176111954265,0.0052119372141569,0.289799606584271,0.113319588116229
2.46425268613335,0.270279184575499,0.0592331541340756,0.019029591953091,0.0539717309531486,0.251249592622408,0.00526142318092696,0.28930877652859,0.113204885087224
2.46605932300002,0.269772246760413,0.0592001480044636,0.0190330887614461,0.053889164105927,0.250739157998967,0.0053109838985366,0.288805335521859,0.113089312110391
2.46786595986668,0.269259722757395,0.0591667585496851,0.0190298473301993,0.0538061446189863,0.250229875427195,0.00536061393069874,0.288289570087594,0.112972903168671
2.46967259673335,0.268741733882572,0.0591329964206164,0.0190199211802002,0.0537226878452833,0.249721812702372,0.00541030857533313,0.287761655062772,0.1128556842659
2.47147923360002,0.268218299626104,0.0590988653833163,0.0190032369168345,0.05363880113034,0.249215062709269,0.00546006425297629,0.287221536542938,0.112737666513656
2.47328587046668,0.267689599721138,0.0590643800687655,0.0189799196618488,0.0535545044929273,0.248709680059289,0.00550987557583815,0.286669519382987,0.112618884561693
2.47509250733335,0.267155749292904,0.0590295506856672,0.0189500161608329,0.0534698127431631,0.248205733132071,0.0055597379425041,0.286105765453737,0.11249936342883
2.47689914420002,0.266616768039164,0.0589943811401702,0.0189134482483032,0.053384733542181,0.24770331979086,0.00560964759798922,0.285530216287467,0.112379114682351
2.47870578106668,0.266072841065701,0.058958886309769,0.018870352400841,0.0532992870540514,0.24720248866486,0.00565959925571762,0.284943193466542,0.11225817336382
2.48051241793335,0.265524077917506,0.0589230760165628,0.0188207687800701,0.0532134876279804,0.246703309137436,0.00570958838858246,0.284344846697576,0.112136563644543
2.48231905480002,0.264970499110603,0.0588869543623608,0.0187646146409343,0.0531273433226426,0.246205884469669,0.00575961103971816,0.283735113751538,0.112014297685003
2.48412569166668,0.264412293902094,0.0588505363600308,0.0187020374322577,0.0530408742835501,0.245710256469836,0.00580966207648075,0.283114331334352,0.111891410643581
2.48593232853335,0.263849563469013,0.0588138312872791,0.0186330660322123,0.0529540942526628,0.245216497436801,0.00585973703461625,0.282482629501225,0.111767925539942
2.48773896540002,0.263282339951433,0.0587768441372231,0.0185576279798094,0.0528670124529172,0.244724711971624,0.00590983168430589,0.281839967931243,0.11164385659014
2.48954560226669,0.262710805341328,0.0587395893068859,0.0184758666411812,0.0527796481626161,0.244234938700147,0.00595994114426975,0.281186671982509,0.111519237469502
2.49135223913335,0.262135056106926,0.0587020757919762,0.0183878035738248,0.0526920148398069,0.243747252533101,0.00601006095216936,0.280522859680751,0.111394090631783
2.49315887600002,0.261555137672665,0.0586643095520922,0.0182933801500108,0.0526041229141968,0.243261757522654,0.00606018663789539,0.279848517822675,0.111268432466289
2.49496551286668,0.260971222494414,0.0586263042376695,0.0181927319126932,0.0525159906724418,0.24277849058172,0.00611031356522767,0.279163954407107,0.111142294910111
2.49677214973335,0.260383403902801,0.0585880686800935,0.0180858746005832,0.0524276314393937,0.242297529302218,0.0061604372406998,0.278469278503384,0.111015700119487
2.49857878660002,0.259791739385308,0.0585496096943033,0.0179727630366205,0.0523390566876734,0.241818976348687,0.00621055300662986,0.277764502421928,0.110888666381977
2.50038542346668,0.259196392472362,0.0585109402397169,0.0178535251318755,0.052250283794219,0.241342867340486,0.00626065644549784,0.277049917604237,0.110761224033936
2.50219206033335,0.258597453967648,0.0584720690389663,0.0177281709975695,0.0521613260326153,0.240869282970078,0.00631074300635099,0.276325624965217,0.110633395071582
2.50399869720002,0.257994992200373,0.0584330036511915,0.01759666852472,0.0520721957545395,0.240398323675653,0.00636080789665197,0.275591660725093,0.110505199405731
2.50580533406669,0.257389162386183,0.058393756400363,0.0174591381838105,0.0519829095091404,0.239930024202373,0.00641084689122266,0.274848300569994,0.110376665909503
2.50761197093335,0.256780053412477,0.0583543359559296,0.0173155846498654,0.0518934806006642,0.239464468762612,0.00646085535526537,0.274095638062343,0.110247816556594
2.50941860780002,0.256167743228872,0.0583147505100918,0.0171659884993918,0.0518039220959876,0.239001754729481,0.00651082841410426,0.273333731728264,0.110118672606079
2.51122524466668,0.255552379346888,0.0582750118069432,0.0170104629535801,0.0517142497983978,0.238541916393308,0.0065607620085454,0.272562842300468,0.109989261605341
2.51303188153335,0.2549340493483,0.0582351285183187,0.016849007442553,0.0516244771247327,0.238085041905747,0.00661065139358605,0.271783056790853,0.109859605643051
2.51483851840002,0.254312839581816,0.0581951093583399,0.0166816148457178,0.0515346176932094,0.237631224736098,0.0066604916651305,0.270994454427534,0.109729727051549
2.51664515526668,0.253688890465488,0.0581549655467922,0.0165083913262658,0.0514446866431835,0.237180499139222,0.00671027890360871,0.270197281791754,0.109599652189976
2.51845179213335,0.253062288886128,0.0581147058134687,0.0163293312607144,0.0513546975860127,0.236732957625413,0.00676000822745599,0.269391620146842,0.109469403399481
2.52025842900002,0.252433128370214,0.0580743392832702,0.0161444394487798,0.0512646645273971,0.236288688921434,0.00680967475587305,0.268577567818993,0.109339003810667
2.52206506586668,0.251801542852993,0.0580338767072459,0.0159538151869502,0.0511746020246902,0.235847727666043,0.00685927468255573,0.267755358039943,0.109208478731936
2.52387170273335,0.25116761913697,0.0579933269287144,0.0157574479894314,0.0510845239656963,0.235410171147539,0.00690880296301806,0.266925067126402,0.109077850894411
2.52567833960002,0.250531456705077,0.0579526993722182,0.0155553541936597,0.0509944445797437,0.234976102511418,0.00695825479247456,0.266086810898737,0.108947143951962
2.52748497646669,0.249893183620415,0.0579120043756388,0.015347626420715,0.0509043779241097,0.2345455571997,0.00700762645152911,0.26524081004113,0.108816382299748
2.52929161333335,0.249252887211839,0.0578712509513914,0.0151342495137862,0.0508143382449767,0.234118637698052,0.00705691270641468,0.264387136725625,0.108685589196368
2.53109825020002,0.248610671697417,0.0578304487125193,0.0149152509654399,0.0507243398314408,0.233695420731977,0.00710610888107851,0.263525922662857,0.10855478854396
2.53290488706668,0.247966659878763,0.057789607639306,0.014690716912642,0.050634396322634,0.233275942966121,0.00715521131667207,0.262657376791405,0.10842400396194
2.53471152393335,0.247320940221743,0.0577487369688348,0.0144606277188603,0.0505445224050449,0.232860312502883,0.00720421456378986,0.261781567940604,0.10829325937388
2.53651816080002,0.246673620458244,0.0577078463915081,0.0142250216492018,0.0504547322636806,0.232448598809042,0.00725311412782751,0.260898642107446,0.108162578655189
2.53832479766668,0.246024818739048,0.0576669455855833,0.0139839785478134,0.0503650392014559,0.232040840191235,0.00730190638412737,0.260008797286862,0.108031984787039
2.54013143453335,0.245374625277695,0.0576260440683795,0.0137374744897362,0.0502754584270939,0.231637150787959,0.00735058564128561,0.259112099767431,0.107901502495473
2.54193807140002,0.244723150098569,0.0575851514965203,0.0134855581300276,0.0501860038576556,0.231237591968541,0.00739914763886464,0.258208708228596,0.107771155354176
2.54374470826669,0.244070507312282,0.0575442773018052,0.0132283032113111,0.0500966885417675,0.230842204100971,0.00744758876003766,0.257298810523593,0.107640965843573
2.54555134513335,0.243416789490705,0.0575034313373609,0.0129656817114958,0.050007528292316,0.230451107779209,0.0074959030450449,0.256382471202201,0.107510959629677
2.54735798200002,0.242762107729402,0.0574626231148906,0.0126977522929997,0.0499185365945579,0.230064355436402,0.00754408652033271,0.255459860022402,0.107381159709448
2.54916461886669,0.242106572709475,0.0574218618753071,0.0124245827882172,0.0498297263247608,0.229681989921258,0.00759213555054628,0.254531155497692,0.107251588200068
2.55097125573335,0.241450279971783,0.057381157863114,0.012146141269221,0.0497411139819029,0.229304138702562,0.00764004388121103,0.253596421241004,0.107122271845017
2.55277789260002,0.240793340461754,0.0573405203339542,0.0118624960231995,0.0496527124555797,0.228930844438555,0.00768780787837456,0.252655836484954,0.106993232789534
2.55458452946669,0.240135862041638,0.0572999583934242,0.0115737091636136,0.0495645345316283,0.228562152878024,0.00773542386179599,0.251709571205251,0.106864492925053
2.55639116633335,0.239477943831942,0.0572594827329737,0.0112797450479934,0.0494765974770473,0.228198198783948,0.0077828852559264,0.250757688879935,0.106736080210021
2.55819780320002,0.238819695406637,0.0572191022410466,0.0109806812057093,0.0493889134219133,0.227839014200927,0.00783018881913326,0.249800376612346,0.10660801566296
2.56000444006669,0.238161222419781,0.0571788259434917,0.0106765742225824,0.0493014951435619,0.227484648197199,0.00787733079992976,0.248837796642363,0.106480321087054
2.56181107693335,0.23750262818219,0.0571386650342757,0.0103673849328955,0.0492143607589412,0.227135243249294,0.00792430427533448,0.247870013115085,0.106353025793217
2.56361771380002,0.236844019675059,0.0570986279235026,0.0100531997256108,0.0491275214747511,0.226790819949448,0.00797110644875147,0.24689721940067,0.106226149398254
2.56542435066669,0.236185500954915,0.0570585068592652,0.00973406985020516,0.0490406836059029,0.22645143110471,0.0080178232533623,0.24591957080512,0.106099190465168
2.56723098753335,0.235527180133539,0.0570176417641449,0.00940995280900896,0.0489529160908714,0.22611722732453,0.00806472567327349,0.244937132942548,0.105970557855016
2.56903762440002,0.234869160378034,0.056975998280281,0.00908094346798618,0.0488641693997381,0.225788216910047,0.00811182888054295,0.24395010384602,0.105840167680019
2.57084426126669,0.234211544758052,0.0569335880865198,0.00874708793156399,0.0487744602803204,0.225464456826488,0.00815912780619932,0.242958632689615,0.10570804836684
2.57265089813335,0.233554446796999,0.0568904084621718,0.00840834056141594,0.0486837874598609,0.225146106235583,0.00820662100231089,0.241962787358415,0.105574195922033
2.57445753500002,0.23289796462657,0.0568464800731213,0.00806480431791746,0.0485921789635015,0.224833160308653,0.00825430110961983,0.240962768944488,0.105438659036623
2.57626417186668,0.232242200940201,0.0568018137821161,0.00771652035174134,0.0484996504992224,0.224525680588459,0.00830216328289366,0.239958721291942,0.105301464281339
2.57807080873335,0.231587275283582,0.0567564066387493,0.00736344007519837,0.048406200618702,0.224223835208384,0.00835020602004728,0.238950715358781,0.105162607257451
2.57987744560002,0.230933279531679,0.0567102802987579,0.0070056741604864,0.0483118584799992,0.223927605371193,0.00839842181875873,0.237938953692166,0.105022138778757
2.58168408246669,0.230280316770489,0.056663444767585,0.00664325835450698,0.0482166387138108,0.223637058415982,0.00844680605377422,0.236923575124996,0.104880083481396
2.58349071933335,0.229628512704298,0.0566158972125777,0.0062761432354382,0.0481205401385286,0.22335236946886,0.00849535707404908,0.235904655939736,0.104736437351106
2.58529735620002,0.228977952204372,0.056567659875891,0.00590444488077514,0.0480235925203654,0.223073507323597,0.0085440673555256,0.234882397085147,0.104591252396256
2.58710399306669,0.228328740499458,0.0565187415077567,0.00552819072769658,0.0479258089426983,0.222800549771761,0.00859293256505844,0.233856931227155,0.104444550450455
2.58891062993335,0.227681006170158,0.0564691411023568,0.00514734192721742,0.0478271905904734,0.22253366424294,0.00864195051188336,0.232828348097375,0.10429633169283
2.59071726680002,0.227034829755659,0.0564188797232209,0.00476200836386579,0.0477277656557331,0.222272821391794,0.00869111406748783,0.231796838119525,0.104146645378954
2.59252390366669,0.226390318551131,0.0563679655283334,0.00437221328624522,0.0476275465119542,0.222018105264886,0.00874041901637927,0.230762531837376,0.103995512040288
2.59433054053335,0.225747602792172,0.056316399226787,0.00397792803561785,0.0475265365456701,0.221769674756554,0.00878986268111691,0.22972553082779,0.103842935772457
2.59613717740002,0.225106759296552,0.0562642007594475,0.0035792564948397,0.0474247624572356,0.221527502801712,0.00883943830221185,0.228686015791391,0.103688963216683
2.59794381426669,0.224467898036518,0.0562113777480156,0.00317621791523464,0.0473222359927127,0.221291680121284,0.00888914175530293,0.227644115951753,0.103533613740728
2.59975045113335,0.223831149681352,0.0561579325045684,0.00276879344572165,0.0472189625752524,0.22106235623563,0.00893896992931599,0.226599943127073,0.103376895079821
2.60155708800002,0.22319658793806,0.0561038839032712,0.00235708115877977,0.0471149674960071,0.22083950677928,0.00898891640726413,0.225553669096839,0.103218851399278
2.60336372486669,0.222564326066631,0.0560492390855034,0.00194109649974707,0.0470102619561068,0.220623229566884,0.00903897712939658,0.224505422566379,0.10305950104161
2.60517036173335,0.221934493948707,0.0559940018544013,0.0015208300426108,0.0469048532503535,0.220413663906096,0.00908914860404782,0.223455323991318,0.102898855104755
2.60697699860002,0.221307162791194,0.0559381900733919,0.00109637424076741,0.04679876534318,0.220210788550427,0.00913942473021188,0.222403537031962,0.102736955416572
2.60878363546669,0.220682449752481,0.0558818104594969,0.000667740924864535,0.0466920089732705,0.220014708827616,0.0091898014862264,0.221350190677345,0.102573819432767
2.61059027233335,0.220060482705249,0.0558248681949855,0.000234929711367257,0.046584593142107,0.219825552993882,0.00924027505287853,0.220295412416616,0.102409461337092
2.61239690920002,0.219441330966966,0.0557673801885098,0.000201972374115625,0.0464765405698887,0.21923935859285,0.00929083961862112,0.219643303341082,0.102243920758399
2.61420354606669,0.218825116205077,0.0557093527886963,0.00064295692433145,0.0463678616153368,0.218182159280745,0.00934149117335949,0.219468073129408,0.102077214404033
2.61601018293335,0.218211963061989,0.0556507924450214,0.00108801566292701,0.0462585668216463,0.217123947399062,0.00939222562337511,0.219299978724916,0.101909359266668
2.61781681980002,0.217601939576386,0.055591715167325,0.00153706680078678,0.0461486777472658,0.216064872775599,0.00944303742005923,0.219139006377173,0.101740392914591
2.61962345666669,0.216995172535431,0.0555321269918013,0.00199010516275813,0.046038204453439,0.215005067372672,0.0094939225383623,0.218985277698189,0.10157033144524
2.62143009353335,0.216391548503136,0.0554720355232089,0.00244678379700032,0.0459271588601046,0.213944764706136,0.00954487666310429,0.218838332300136,0.101399194383314
2.62323673040002,0.215788538170626,0.055411455928538,0.00290335370031871,0.0458155614464456,0.212885184470307,0.00959589448209235,0.218691891870945,0.101227017374984
2.62504336726669,0.215185405487566,0.0553503939875127,0.00335858439789926,0.0457034220587108,0.211826821089666,0.00964697192880185,0.218543989885465,0.101053816046223
2.62685000413335,0.214582223893493,0.0552888583482483,0.00381239334780344,0.0455907538286157,0.21076983054569,0.00969810451963266,0.218394617241297,0.100879612176864
2.62865664100002,0.213979066406263,0.0552268633908485,0.00426471672776318,0.0454775762385607,0.2097143496785,0.00974928715228775,0.218243783134026,0.100704439629409
2.63046327786669,0.213376006319201,0.0551644146945304,0.00471546252967911,0.0453638990022861,0.208660543789522,0.00980051569224434,0.21809146884888,0.100528313696816
2.63226991473335,0.212773117312969,0.0551015218388398,0.00516455079040788,0.045249736298313,0.207608566522562,0.0098517855405268,0.217937668103377,0.100351258137153
2.63407655160002,0.212170470279171,0.0550381984729567,0.00561191856097973,0.0451351066947451,0.206558551718191,0.00990309177821159,0.21778238884015,0.100173305167702
2.63588318846669,0.211568140819489,0.0549744500315544,0.00605746992484153,0.0450200198552975,0.205510670894648,0.00995443017625689,0.217625610744331,0.0999944698868519
2.63768982533335,0.21096620200925,0.0549102869136834,0.00650112841036494,0.0449044908403295,0.204465073598885,0.0100057960733539,0.217467330419615,0.099814777754013
2.63949646220002,0.210364723037034,0.0548457220935628,0.00694283148551918,0.0447885373861322,0.203421891551515,0.0100571847074306,0.217307554522553,0.099634259479695
2.64130309906669,0.209763782236115,0.054780760917285,0.00738247886893729,0.0446721691888789,0.202381303367177,0.0101085917284061,0.217146261105052,0.0994529301061639
2.64310973593335,0.209163451230019,0.0547154144914793,0.00781999849322569,0.0445554020257993,0.201343452736794,0.01016001246568,0.216983449723245,0.0992708165172786
2.64491637280002,0.208563797927539,0.054649695171367,0.00825532778693263,0.0444382528838553,0.200308470140606,0.0102114422875117,0.216819125714471,0.0990879480552223
2.64672300966669,0.207964903816762,0.0545836082704222,0.0086883616475168,0.0443207315741637,0.199276542169245,0.0102628766962585,0.216653265464279,0.0989043398445859
2.64852964653335,0.207366838222963,0.0545171654909277,0.00911903332454098,0.0442028544258556,0.198247804898422,0.0103143110650721,0.216485871547504,0.0987200199167832
2.65033628340002,0.206769668198369,0.0544503786250696,0.00954727975077124,0.044084637759048,0.197222388447598,0.0103657408660216,0.216316947949141,0.0985350163841176
2.65214292026669,0.206173478809117,0.0543832530096661,0.00997299054613194,0.0439660915822852,0.196200488262985,0.0104171614273808,0.216146469355249,0.0983493445919513
2.65394955713335,0.205578336235766,0.0543158008307286,0.0103961051898621,0.0438472326116315,0.195182231045904,0.0104685682190971,0.215974441425628,0.0981630334423601
2.65575619400002,0.20498430709721,0.0542480333733703,0.010816559662586,0.0437280765828435,0.194167747434624,0.0105199567905269,0.215800866759796,0.0979761099562138
2.65756283086669,0.204391480460864,0.054179956053717,0.0112342378503332,0.0436086337843771,0.193157242610531,0.0105713222693399,0.215625718311197,0.0977885898380941
2.65936946773335,0.203799918516112,0.0541115814295822,0.0116490863747399,0.0434889211542608,0.192150832141372,0.0106226602753213,0.215449004890852,0.097600502583843
2.66117610460002,0.203209687871747,0.0540429203349694,0.0120610398079277,0.0433689539263754,0.191148648063819,0.010673966408594,0.215270727679675,0.0974118742613448
2.66298274146669,0.202620882019688,0.0539739783212751,0.012469975845672,0.0432487427515728,0.190150906174016,0.0107252355697023,0.21509085786536,0.0972227210728479
2.66478937833335,0.202033558311688,0.0539047682061889,0.0128758491647256,0.0431283046248772,0.189157709146962,0.0107764635813116,0.214909407476413,0.0970330728310661
2.66659601520002,0.201447783769665,0.0538353004285674,0.0132785924723479,0.0430076543607773,0.188169191297317,0.0108276460677901,0.214726376242013,0.0968429547893447
2.66840265206669,0.200863656733274,0.0537655807310403,0.0136780768176991,0.0428868030550057,0.187185579915575,0.0108787776760346,0.214541733550973,0.0966523837860459
2.67020928893335,0.200281228870177,0.0536956220792483,0.01407426584537,0.0427657675946134,0.186206963024807,0.0109298544846348,0.214355494715547,0.0964613896738617
2.67201592580002,0.199700568038648,0.0536254345728642,0.0144670899413975,0.0426445624571825,0.18523347809725,0.0109808721156816,0.214167657980045,0.0962699970300467
2.67382256266669,0.199121777849307,0.0535550242017129,0.0148564130519659,0.0425231992658089,0.184265364797342,0.011031824935904,0.213978190901273,0.0960782234675218
2.67562919953335,0.198544903439265,0.0534844039674609,0.0152422087022245,0.0424016946346035,0.183302694737041,0.0110827093328573,0.21378711214149,0.0958860986020644
2.67743583640002,0.197970013926382,0.0534135836865597,0.0156244045006273,0.0422800627867241,0.182345609425754,0.0111335208998356,0.213594418427009,0.0956936464732837
2.67924247326669,0.197397218615473,0.0533425696519931,0.0160028568340229,0.0421583159551165,0.18139436178145,0.0111842536968766,0.213400075449496,0.0955008856071096
2.68104911013335,0.196826555266637,0.0532713747895267,0.0163775500208398,0.0420364703159807,0.180449005245797,0.011234904473546,0.213204105287477,0.0953078451055074
2.68285574700002,0.196258095774899,0.0532000086106422,0.0167484065536751,0.0419145398866094,0.179509689221224,0.0112854687240328,0.213006502328574,0.0951145484972516
2.68466238386669,0.195691952279455,0.053128467063285,0.0171152804494218,0.0417925531617336,0.178576671830033,0.0113359139015514,0.212807232728877,0.0949210202250186
2.68646902073335,0.195128157599978,0.0530567105687721,0.0174781620867672,0.0416705992700675,0.177649995513211,0.0113861112987045,0.212606319686745,0.0947273098388396
2.68827565760002,0.194566787172463,0.0529847425034322,0.017836968003255,0.0415487005473702,0.176729819169208,0.011436041956062,0.212403755175718,0.0945334430508024
2.69008229446669,0.194007952088939,0.0529125713325455,0.0181915561837133,0.0414268696582497,0.175816395905226,0.0114857016742958,0.212199508272652,0.0943394409907952
2.69188893133335,0.193451683686972,0.0528402118678995,0.0185419171855577,0.041305117109693,0.174909766501414,0.0115350947582065,0.21199360087253,0.0941453289775925
2.69369556820002,0.192898060355063,0.0527676750099795,0.0188879629433083,0.0411834545882473,0.174010097411755,0.0115842204217322,0.211786023298371,0.0939511295982268
2.69550220506669,0.19234719129161,0.0526949700779314,0.0192295563224482,0.041061895099777,0.173117634969162,0.0116330749781543,0.211576747614058,0.0937568651777085
2.69730884193335,0.191799106775305,0.0526221111409442,0.0195666876027624,0.0409404486611049,0.172232419172543,0.0116816624798393,0.211365794378067,0.0935625598020492
2.69911547880002,0.191253888570383,0.0525491090548462,0.0198992636593857,0.0408191271751134,0.171354624910997,0.0117299818797328,0.211153152229768,0.0933682362299595
2.70092211566669,0.190711643135153,0.052475973859429,0.0202271531511782,0.040697943854069,0.170484489983974,0.01177803000536,0.210938796286331,0.093173917713498
2.70272875253335,0.190172400112662,0.0524027189478929,0.0205503456239322,0.0405769082920573,0.169622054488729,0.0118258106558356,0.210722745736594,0.0929796272399502
2.70453538940002,0.189636245066107,0.0523293551980187,0.0208687424370388,0.0404560326757219,0.168767502629069,0.0118733225222967,0.210504987503146,0.0927853878737406
2.70634202626669,0.189103280867252,0.0522558932370245,0.0211822189554539,0.0403353302888792,0.167921061911798,0.0119205629481453,0.210285499822706,0.0925912235259037
2.70814866313335,0.188573536946727,0.0521823458487313,0.0214907635346183,0.0402148103703034,0.167082773412109,0.0119675354784279,0.210064300481345,0.0923971562190347
2.70995530000002,0.188047103089922,0.0521087239994832,0.0217942715618183,0.0400944854578265,0.166252831528104,0.0120142385416567,0.20984137465174,0.0922032094573097
2.71176193686669,0.187524077735593,0.0520350387707039,0.0220926260208264,0.0399743687719611,0.165431451714767,0.0120606699987428,0.20961670375642,0.0920094075426651
2.71356857373335,0.187004490525185,0.0519613024034458,0.0223858136203718,0.0398544692635968,0.164618676904813,0.012106833139849,0.209390304145557,0.0918157716670425
2.71537521060002,0.186488435889511,0.0518875260192257,0.0226737233192749,0.0397347998891808,0.163814712570236,0.0121527261300449,0.209162159208786,0.0916223259084064
2.71718184746669,0.185976006987861,0.0518137210204536,0.022956246632847,0.0396153736710679,0.163019760355014,0.0121983473493857,0.208932253620708,0.0914290946915216
2.71898848433335,0.185467234095722,0.0517398991720226,0.0232333681667435,0.0394961993396907,0.162233865928979,0.012243699832332,0.208700602262466,0.0912360985117133
2.72079512120002,0.184962216712561,0.0516660718172328,0.0235049699949603,0.0393772903375381,0.1614572467176,0.0122887814796947,0.208467186707521,0.091043362154771
2.72260175806669,0.184461041871741,0.0515922505462595,0.0237709530770663,0.0392586593539533,0.160690088794674,0.0123335911923063,0.208231994948807,0.0908509099002128
2.72440839493335,0.183963740906023,0.0515184467144475,0.0240312994592844,0.0391403149663387,0.159932441446738,0.0123781317481089,0.207995040365307,0.0906587616807862
2.72621503180002,0.183470418806755,0.0514446719534904,0.0242858838744253,0.0390222711706517,0.15918453493233,0.0124224007828387,0.20775630268118,0.0904669431241421
2.72802166866669,0.182981155634917,0.0513709379081082,0.0245346176390358,0.0389045401883708,0.158446537995881,0.0124663977197374,0.207515773273953,0.090275478096479
2.72982830553335,0.182495984203772,0.0512972555907073,0.024777479783546,0.0387871305112943,0.157718504420226,0.0125101250794131,0.207273463987318,0.0900843861020016
2.73163494240002,0.182015015419779,0.0512236369879848,0.025014337243221,0.0386700567562752,0.157000678176558,0.0125535802317096,0.207029352663,0.08989369374426
2.73344157926669,0.181538321525075,0.0511500936659856,0.0252451126043064,0.0385533305420736,0.156293208920768,0.012596763123912,0.206783434129381,0.0897034242080591
2.73524821613335,0.181065937236654,0.0510766363607879,0.0254697814250792,0.0384369603423108,0.155596155811575,0.0126396760184771,0.206535718661733,0.0895135967030987
2.73705485300002,0.180597979799317,0.0510032774807018,0.0256882023868983,0.038320961462162,0.154909777412419,0.0126823160185398,0.206286182186216,0.0893242389428638
2.73886148986669,0.180134512789899,0.0509300283798779,0.0259003102584289,0.0382053447828155,0.15423420253147,0.0127246835970623,0.206034823048328,0.0891353731626934
2.74066812673335,0.179675573252354,0.0508568995846753,0.0261060766694346,0.0380901188271421,0.15356949658292,0.0127667807575332,0.205781649921789,0.0889470184118173
2.74247476360002,0.179221285193056,0.0507839039916281,0.0263053515910084,0.0379752996560658,0.152915933602047,0.0128086043355624,0.205526636784064,0.0887592036476939
2.74428140046669,0.178771702677074,0.0507110526097713,0.0264980828869549,0.0378608972783498,0.152273619790119,0.0128501553314215,0.205269785564029,0.0885719498881211
2.74608803733335,0.178326865498558,0.0506383558223559,0.0266842378021638,0.0377469203335412,0.151642627696394,0.0128914354888147,0.205011103300721,0.0883852761558971
2.74789467420002,0.177886904848679,0.0505658270807497,0.026863657141102,0.0376333857057397,0.151023247707576,0.01293244137501,0.204750561989781,0.0881992127864895
2.74970131106669,0.177451864434286,0.0504934769156521,0.0270363027754348,0.0375203023964299,0.150415561658852,0.0129731745192222,0.204488167209721,0.088013779312082
2.75150794793335,0.17702178722295,0.050421315633816,0.0272021371088178,0.0374076792292616,0.149819650114132,0.0130136364045545,0.204223924331767,0.0878289948630776
2.75331458480002,0.176596812013871,0.0503493573080527,0.0273609913227308,0.0372955339789375,0.14923582069114,0.0130538233291152,0.203957803336602,0.0876448912869902
2.75512122166669,0.17617697130922,0.0502776118575063,0.0275128422094201,0.0371838745048092,0.1486641290998,0.0130937373526971,0.20368981351864,0.0874614863623155
2.75692785853335,0.175762311673214,0.0502060895790415,0.0276576468749473,0.0370727098820568,0.148104664798267,0.0131333796969847,0.203419958548162,0.0872787994610983
2.75873449540002,0.175352979936318,0.0501348052335233,0.0277952264214454,0.0369620588434126,0.147557753514873,0.0131727463901107,0.203148206357763,0.087096864076936
2.76054113226669,0.17494899654956,0.0500637679953203,0.0279255734744618,0.0368519279712415,0.147023423075098,0.0132118400240788,0.202874570024021,0.0869156959665618
2.76234776913335,0.174550412097038,0.0499929882180188,0.0280486393861039,0.0367423266596807,0.146501772710934,0.0132506615583381,0.202599051483141,0.0867353148776995
2.76415440600002,0.174156188703494,0.049922481417148,0.0281659221061485,0.0366332746669184,0.145990266597346,0.0132892067502296,0.202322110809643,0.0865557560840664
2.76596104286669,0.173763536732863,0.04985225588908,0.028281386829488,0.0365247771634798,0.145482149903375,0.0133274787256001,0.202044923562351,0.0863770330525598
2.76776767973335,0.17337232795046,0.0497823221107339,0.0283952378693671,0.0364168439298861,0.144977090081093,0.0133654781808478,0.201767565819827,0.08619916604062
2.76957431660002,0.17298258844487,0.0497126964189125,0.0285074700663935,0.0363094958172083,0.144475118378476,0.0134032006017042,0.201490058511263,0.0860221922361208
2.77138095346669,0.172594300952333,0.0496433860987719,0.0286181261106473,0.0362027364492782,0.143976174841686,0.0134406496494937,0.20121242706298,0.08584612254805
2.77318759033335,0.172207465293649,0.0495744018171734,0.0287272294329432,0.0360965760604272,0.143480235860705,0.0134778257567462,0.200934694726592,0.0856709778776006
2.77499422720002,0.171822109113195,0.0495055305083704,0.0288347743787631,0.0359907109821826,0.142987334734432,0.0135148195261878,0.200656883491958,0.085496241490553
2.77680086406669,0.171438212194809,0.0494362598991772,0.0289408057508726,0.0358844100088524,0.142497406443936,0.0135518498903248,0.200379017945681,0.0853206699080296
2.77860750093335,0.171055775755899,0.049366576193088,0.0290453453625263,0.0357776489367603,0.142010430393373,0.0135889272563278,0.200101121118425,0.0851442251298483
2.78041413780002,0.170674829013433,0.0492964797087741,0.0291483871825056,0.035670425746449,0.141526441830927,0.0136260539623251,0.199823216195939,0.0849669054552231
2.78222077466669,0.170295348765254,0.0492259852917659,0.0292499778894115,0.0355627546811428,0.141045370875842,0.013663230610623,0.199545326654665,0.0847887399729087
2.78402741153335,0.169917338853437,0.0491551001735983,0.0293501366367796,0.0354546414939421,0.140567202216657,0.0137004586796562,0.199267475490216,0.0846097416675405
2.78583404840002,0.169540826450547,0.0490838256604089,0.0294488606168693,0.0353460851520033,0.140091965833678,0.0137377405084056,0.198989687067417,0.0844299108124122
2.78764068526669,0.16916578896863,0.0490121759859149,0.0295461946655129,0.0352370993383207,0.139619594303117,0.0137750766475942,0.198711983634143,0.0842492753242355
2.78944732213335,0.168792231915695,0.0489401579894521,0.0296421564538363,0.0351276893473142,0.139150075461859,0.0138124686421379,0.198434388369531,0.0840678473367663
2.79125395900002,0.1684201797295,0.0488677740583809,0.0297367468211022,0.0350178552652631,0.138683432908398,0.0138499187931178,0.198156926550603,0.083885629323644
2.79306059586669,0.168049611109902,0.04879503767673,0.0298300082184244,0.0349076100468037,0.138219602891478,0.0138874276299264,0.197879619328327,0.0837026477235337
2.79486723273335,0.1676805330287,0.0487219553964196,0.0299219571730693,0.0347969586312093,0.13775857585563,0.0139249967652103,0.197602490201769,0.0835189140276289
2.79667386960002,0.167312967155256,0.0486485305977958,0.0300125979344527,0.0346859021526457,0.137300369220803,0.01396262844515,0.197325565089709,0.0833344327504415
2.79848050646669,0.166946893494032,0.0485747760593175,0.0301019706873949,0.0345744528730094,0.136844922806637,0.0140003231863081,0.197048864181427,0.0831492289323269
2.80028714333335,0.166582320497414,0.0485006980896068,0.030190090933727,0.0344626154120454,0.136392229563687,0.0140380826775614,0.196772411431141,0.0829633135016521
2.80209378020002,0.166219267032777,0.0484263009737595,0.0302769660961692,0.0343503918805691,0.135942300936608,0.0140759090931904,0.196496233128946,0.0827766928543285
2.80390041706669,0.165857714425984,0.048351596828783,0.0303626342116722,0.0342377938833553,0.135495080214311,0.0141138029454277,0.196220348637656,0.0825893907121383
2.80570705393335,0.1654976726268,0.0482765917641194,0.0304471098750577,0.0341248257562396,0.135050562751742,0.0141517660078798,0.195944782501858,0.0824014175203591
2.80751369080002,0.165139157667026,0.0482012908813781,0.0305304034454995,0.0340114905154503,0.134608754221526,0.0141898003659278,0.195669561112525,0.0822127813968285
2.80932032766669,0.164782152210719,0.0481257056802324,0.0306125509305047,0.0338977991442589,0.134169601280215,0.0142279065359735,0.195394703141224,0.0820235048244914
2.81112696453335,0.164426667721822,0.0480498421150638,0.0306935661363096,0.0337837557302103,0.133733101585512,0.0142660863848535,0.195120233858131,0.0818335978452741
2.81293360140002,0.164072717362967,0.0479737060157573,0.030773462121692,0.0336693641237075,0.133299255241275,0.0143043418920498,0.194846179484659,0.0816430701394647
2.81474023826669,0.163720285153203,0.0478973083087716,0.0308522729831406,0.0335546347221378,0.132868012170062,0.0143426735866339,0.194572558136343,0.0814519430309094
2.81654687513335,0.163369384087443,0.0478206548375451,0.0309300118567307,0.0334395714003739,0.132439372230712,0.0143810834371712,0.194299395944173,0.081260226237919
2.81835351200002,0.163020024425562,0.047743752072003,0.031006694263995,0.0333241787717575,0.132013330161567,0.0144195733002455,0.194026718689557,0.0810679308437606
2.82016014886669,0.162672191558396,0.0476666104095068,0.0310823525088279,0.0332084666834096,0.131589839049569,0.0144581437260973,0.193754544067224,0.0808750770929164
2.82196678573335,0.162325900028625,0.04758923562667,0.0311569991755695,0.0330924388331492,0.131168900853055,0.0144967967935208,0.193482899204194,0.0806816744598192
2.82377342260002,0.161981157159775,0.0475116347452214,0.0312306520116569,0.0329761005260185,0.130750505148118,0.0145355342192029,0.193211809171432,0.0804877352712398
2.82558005946669,0.161637949731264,0.0474338176775437,0.0313033416468149,0.0328594610944918,0.130334608084449,0.0145743565830519,0.192941291378079,0.0802932787720355
2.82738669633335,0.161296293850332,0.0473557901775439,0.0313750802320741,0.032742524094953,0.129921213618258,0.0146132660825909,0.192671374082406,0.0800983142724969
2.82919333320002,0.160956193870569,0.047277559730518,0.0314458875039256,0.0326252954529076,0.129510306366643,0.0146522642776104,0.192402081374494,0.0799028551834256
2.83099997006669,0.160617637976768,0.0471991358079881,0.0315157925363502,0.0325077840218019,0.129101845440418,0.0146913517861862,0.192133430513118,0.0797069198297901
2.83280660693335,0.160280643857527,0.0471205241852729,0.0315848071654929,0.0323899932522027,0.128695836692034,0.0147305309330702,0.19186545102302,0.0795105174374756
2.83461324380002,0.159945212862906,0.0470417327229989,0.0316529528800496,0.0322719296188428,0.128292259982857,0.0147698031041561,0.191598165742956,0.0793136623418417
2.83641988066669,0.159611334599872,0.0469627704959458,0.0317202573166819,0.0321536015317573,0.127891077283191,0.0148091689641885,0.191331591916554,0.0791163720277031
2.83822651753335,0.159279028355173,0.0468836433449629,0.0317867321150738,0.0320350123713162,0.127492296240099,0.0148486309736467,0.191065760470246,0.0789186557162791
2.84003315440002,0.158948292441751,0.0468043594177699,0.0318524002792768,0.0319161690902411,0.127095892162474,0.0148881903275288,0.190800692721028,0.0787205285080111
2.84183979126669,0.158619117905539,0.0467249274365231,0.0319172881270578,0.0317970796907762,0.126701829778482,0.0149278477457469,0.190536406032597,0.0785220071272994
2.84364642813335,0.158291525648233,0.0466453533517197,0.0319814072200653,0.031677747518711,0.126310118428167,0.0149676058330087,0.190272932868298,0.0783231008704307
2.84545306500002,0.157965510912066,0.046565645509937,0.0320447818408556,0.0315581799335207,0.12592072907121,0.0150074655764163,0.190010292752921,0.0781238254434577
2.84725970186669,0.157641066198733,0.0464858123248258,0.0321074371067265,0.0314383845652757,0.125533629092006,0.01504742775955,0.189748503305459,0.0779241968901015
2.84906633873335,0.15731821404167,0.0464058599006496,0.0321693846197155,0.0313183647608051,0.125148829421954,0.0150874951398445,0.189487598661385,0.0777242246614546
2.85087297560002,0.156996946578813,0.0463257966946063,0.0322306497040345,0.0311981282150985,0.124766296874779,0.0151276684795078,0.189227596282848,0.0775239249097048
2.85267961246669,0.156677257784415,0.0462456308559597,0.0322912563949362,0.0310776822216732,0.124386001389479,0.0151679486342865,0.188968514179351,0.0773233130776329
2.85448624933335,0.156359171840447,0.0461653686868578,0.0323512164532729,0.030957030164015,0.124007955387174,0.0152083385228428,0.18871038829372,0.0771223988508729
2.85629288620002,0.156042677746958,0.0460850186668834,0.0324105560080614,0.0308361800013924,0.123632121738896,0.015248838665491,0.188453233755019,0.0769211986682759
2.85809952306669,0.155727770967549,0.0460045887250305,0.032469298130935,0.0307151387263865,0.123258472836614,0.015289449998644,0.188197069098484,0.076719727451417
2.85990615993335,0.155414477349528,0.0459240854054509,0.0325274548599852,0.0305939097947592,0.122887022489543,0.0153301756106916,0.187941932209513,0.0765179952002101
2.86171279680002,0.155102782721461,0.0458435171218742,0.0325850528921847,0.0304725013588201,0.122517729829276,0.0153710157630541,0.187687835613646,0.0763160184806942
2.86351943366669,0.154792684053099,0.0457628916271445,0.0326421144539713,0.0303509201458332,0.122150569599128,0.0154119714813113,0.18743479850707,0.0761138117729777
2.86532607053335,0.154484208873875,0.0456822157515343,0.0326986519791011,0.0302291697194549,0.121785556894774,0.0154530460320795,0.187182860852976,0.0759113854709892
2.86713270740002,0.154177339807287,0.0456014977546849,0.0327546924956524,0.030107258353799,0.121422647311634,0.0154942394008859,0.186932032302939,0.0757087561084839
2.86893934426669,0.153872075346027,0.0455207452574073,0.0328102575032935,0.0299851925464306,0.121061817842734,0.0155355527109767,0.186682332849321,0.0755059378038379
2.87074598113335,0.153568444718452,0.045439965420214,0.0328653599498687,0.0298629760045193,0.120703084768583,0.0155769894156947,0.18643380466832,0.0753029414247333
2.87255261800002,0.153266427309398,0.0453591662604211,0.0329200269577128,0.0297406170527466,0.120346400351685,0.0156185492076744,0.186186454267111,0.0750997833131677
2.87435925486669,0.152966023151297,0.0452783553109251,0.0329742794181491,0.0296181219945965,0.119991743733148,0.0156602333163286,0.185940302569446,0.0748964773055217
2.87616589173335,0.152667263188221,0.0451975401065962,0.0330281309115362,0.0294954947163708,0.119639132276685,0.0157020453902253,0.185695394099757,0.074693034822967
2.87797252860002,0.152370123532758,0.0451167283341887,0.0330816084176144,0.0293727435220802,0.119288515115144,0.0157439848121085,0.185451731950373,0.0744894718562688
2.87977916546669,0.152074606086411,0.0450359274863675,0.0331347322737002,0.0292498745352755,0.118939873812711,0.015786052951092,0.185209338360112,0.074285802021643
2.88158580233335,0.151780742588146,0.0449551455057865,0.0331875170033518,0.0291268919214263,0.118593225584794,0.0158282535843602,0.184968259591498,0.0740820374272128
2.88339243920002,0.15148850678233,0.0448743896710939,0.0332399890146051,0.029003803828218,0.118248517767725,0.0158705858428759,0.184728495796935,0.0738781934993119
2.88519907606669,0.151197903421376,0.0447936675161529,0.0332921680842984,0.0288806161906064,0.117905735337078,0.0159130513255465,0.184490071505675,0.0736742837067593
2.88700571293335,0.15090896122319,0.0447129873128911,0.0333440703645638,0.0287573336861035,0.117564890858626,0.0159556536267875,0.184253031587754,0.0734703209989946
2.88881234980002,0.150621655363076,0.0446323559662424,0.0333957208879334,0.0286339640375771,0.117225934475143,0.0159983919286653,0.18401737625101,0.0732663200038194
2.89061898666669,0.150335992200368,0.0445517810986292,0.0334471392965999,0.0285105131283766,0.116888852903768,0.0160412679702526,0.183783131496967,0.0730622942270058
2.89242562353335,0.150051997398316,0.0444712712230155,0.0334983431344203,0.0283869860768199,0.116553654263895,0.0160842851461956,0.183550340532736,0.0728582572998354
2.89423226040002,0.14976964757996,0.0443908329147402,0.0335493561768474,0.0282633902165752,0.116220291403113,0.016127442698165,0.183319003756808,0.0726542231313154
2.89603889726669,0.149488950728348,0.0443104739289025,0.0336001980498531,0.0281397314150043,0.115888752678494,0.0161707425138982,0.183089148778201,0.0724502053439068
2.89784553413335,0.149209929418487,0.0442302029312659,0.0336508874521697,0.0280160151599935,0.115559041966317,0.0162141877712725,0.182860816870656,0.0722462180912594
2.89965217100002,0.148932561737946,0.044150026211693,0.0337014470205951,0.0278922484316299,0.115231114717351,0.0162577777800631,0.182634008758541,0.0720422746433228
2.90145880786669,0.14865685731028,0.044069951702078,0.0337518964833064,0.0277684371169064,0.114904960826973,0.0163015145851715,0.182408753793586,0.0718383888189844
2.90326544473335,0.148382835588666,0.0439899881327481,0.0338022554570601,0.0276445870020411,0.114580580131606,0.016345401130707,0.182185091045726,0.0716345751347891
2.90507208160002,0.148110476141995,0.0439101415522066,0.0338525455584252,0.0275207047491583,0.11425793058357,0.0163894368030483,0.18196302170042,0.071430846301365
2.90687871846669,0.147839790251127,0.0438304201132623,0.033902786736208,0.0273967963005012,0.113937003514919,0.0164336238127612,0.181742576987335,0.0712272164137635
2.90868535533335,0.147570794213816,0.0437508325225679,0.0339529992883399,0.0272728676693808,0.113617794925476,0.0164779648531872,0.181523793502156,0.0710237001919487
2.91049199220002,0.147303469097072,0.0436713846313875,0.0340032039295854,0.0271489252355786,0.113300265167486,0.0165224593958089,0.181306673026657,0.0708203098669661
2.91229862906669,0.147037827855853,0.0435920848575609,0.0340534209478056,0.0270249750322055,0.112984406908047,0.0165671098253554,0.181091248803658,0.0706170598897664
2.91410526593335,0.1467738835989,0.0435129417958315,0.0341036710852572,0.0269010232284301,0.112670212513643,0.0166119185674014,0.180877554684157,0.0704139650242616
2.91591190280002,0.146511618908139,0.0434339611443411,0.0341539742733246,0.0267770759573081,0.112357644634814,0.016656885187033,0.180665593181463,0.0702110371016492
2.91771853966669,0.14625104842942,0.0433551516300799,0.0342043512573481,0.0266531393784373,0.112046697172072,0.0167020122516426,0.180455399686768,0.0700082910085172
2.91952517653335,0.145992182048882,0.0432765216476446,0.03425482298706,0.0265292197456063,0.111737359061822,0.0167473019020383,0.180247005035942,0.0698057413932509
2.92133181340002,0.145735003880159,0.0431980767861736,0.0343054087288903,0.0264053229807643,0.111429595151268,0.0167927538054092,0.180040412609049,0.0696033997669379
2.92313845026669,0.145479530276791,0.0431198261259248,0.0343561298040834,0.0262814554056141,0.111123400472708,0.0168383707203108,0.179835660080875,0.0694012815315389
2.92494508713335,0.145225767868724,0.0430417777731132,0.0344070071329969,0.0261576232873272,0.110818760735727,0.016884154485786,0.179632775001721,0.0691994010604405
2.92675172400002,0.144973702318096,0.0429639372519907,0.0344580594355312,0.0260338323723648,0.110515642882564,0.0169301048796259,0.179431761753627,0.0689977696243555
2.92855836086669,0.14472335170293,0.0428863136294237,0.0345093087272597,0.0259100897610819,0.110214042975671,0.0169762238683417,0.17923266043019,0.0687964033905056
2.93036499773335,0.14447471936339,0.0428088651739465,0.0345607756623161,0.0257864716112994,0.109913943701074,0.0170223935626471,0.179035495025706,0.0685953367852459
2.93217163460002,0.144227792526912,0.0427315539066139,0.0346124785324955,0.0256630450230504,0.109615313994416,0.0170685088835635,0.178840271059407,0.0683945989296643
2.93397827146669,0.1439825910128,0.0426543872431741,0.0346644401661255,0.0255398202894502,0.109318150846675,0.0171145669537239,0.178647031178926,0.0681942075326243
2.93578490833335,0.143739095730032,0.0425773710245062,0.0347166536917415,0.025416805504365,0.109022442038291,0.0171605655201412,0.178455749421774,0.0679941765288712
2.93759154520002,0.143497092851129,0.042500510010723,0.0347688505194497,0.0252940072544471,0.10872824233168,0.0172065027562758,0.178265943370579,0.0677945172651701
2.93939818206669,0.143256528473772,0.0424238119583776,0.0348209476643434,0.0251714363065744,0.108435580809429,0.0172523756518032,0.178077476138115,0.067595248264952
2.94120481893335,0.143017386724526,0.0423472823584659,0.0348729468128563,0.0250491002669052,0.10814443991167,0.0172981820915607,0.177890333537382,0.0673963826253711
2.94301145580002,0.14277964685357,0.0422709259801788,0.0349248499757096,0.0249270057360361,0.107854796877861,0.0173439202441427,0.17770449682928,0.0671979317162149
2.94481809266669,0.142543314803629,0.0421947509558745,0.0349766573412284,0.0248051640031239,0.1075666574624,0.0173895869527506,0.177519972144857,0.0669999149589984
2.94662472953335,0.142308372120594,0.0421187623566661,0.0350283707644167,0.0246835820895888,0.107280001356177,0.0174351802670773,0.17733674288501,0.0668023444462549
2.94843136640002,0.142074799636622,0.0420429649958217,0.0350799921354983,0.0245622666584867,0.106994807501124,0.017480698337335,0.17715479177212,0.0666052316543085
2.95023800326669,0.141842604231594,0.0419673674165051,0.0351315216023664,0.0244412295697668,0.106711082629227,0.0175261378467383,0.17697412583396,0.0664085969862719
2.95204464013335,0.141611764993807,0.0418919741999465,0.0351829611733133,0.0243204771630837,0.106428803820494,0.0175714970368628,0.17679472616712,0.0662124513630303
2.95385127700002,0.141382264275858,0.0418167902384921,0.0352343126257059,0.0242000162124671,0.106147951650152,0.017616774026025,0.176616576901564,0.0660168064509592
2.95565791386669,0.141154109833239,0.0417418245211096,0.035285576074648,0.0240798591971723,0.105868533758591,0.0176619653239372,0.176439685907887,0.0658216837182819
2.95746455073335,0.140927278419739,0.041667081069148,0.0353367536664362,0.0239600116780596,0.105590524753302,0.0177070693910884,0.176264032086175,0.0656270927472076
2.95927118760002,0.140701753846849,0.0415925648890302,0.0353878470732231,0.023840480588646,0.105313906773626,0.0177520843003842,0.176089600920073,0.0654330454776762
2.96107782446669,0.140477544684138,0.0415182854505279,0.0354388563849631,0.0237212790760086,0.105038688299174,0.0177970063745193,0.175916401069101,0.0652395645265365
2.96288446133335,0.140254625473961,0.0414442461451103,0.035489783870676,0.0236024118251842,0.104764841603285,0.0178418343199261,0.175744409344637,0.0650466579702946
2.96469109820002,0.140032981425169,0.041370452128276,0.03554063110494,0.0234838859776922,0.104492350320229,0.0178865661505838,0.175573612530109,0.0648543381059682
2.96649773506669,0.139812621859861,0.0412969133856011,0.0355913981602028,0.0233657153969446,0.104221223699658,0.0179311979886565,0.175404020020064,0.0646626287825457
2.96830437193336,0.139593519232046,0.0412236326086738,0.0356420874129232,0.0232479037951267,0.103951431819123,0.017975728813547,0.175235606644969,0.0644715364038005
2.97011100880002,0.13937566008639,0.0411506151370701,0.0356927003477472,0.0231304585702741,0.103682959738642,0.0180201565667959,0.175068360434137,0.0642810737073442
2.97191764566669,0.139159054435982,0.0410778715071687,0.0357432370272568,0.0230133943506489,0.103415817408726,0.0180644771565199,0.174902291463239,0.0640912658578176
2.97372428253335,0.138943672769566,0.0410054036406787,0.0357936999200678,0.0228967137785553,0.103149972849499,0.0181086898621234,0.174737372689634,0.063902117419234
2.97553091940002,0.138729502906082,0.0409332170962523,0.0358440904285347,0.0227804245570606,0.102885412477548,0.0181527925391917,0.174573593334617,0.0637136416533129
2.97733755626669,0.138516555488073,0.0408613229960711,0.0358944086130158,0.0226645421277897,0.102622146875057,0.0181967808682814,0.174410964101089,0.0635258651238608
2.97914419313335,0.138304799162094,0.0407897224219656,0.0359446570190003,0.0225490679661393,0.102360142143094,0.0182406544558264,0.174249456181094,0.0633387903881049
2.98095083000002,0.138094223584728,0.0407184213498279,0.0359948369383216,0.0224340103556369,0.102099386646406,0.018284410994191,0.174089060523049,0.0631524317054649
2.98275746686669,0.137884838091706,0.0406474310331486,0.0360449485443703,0.0223193849190363,0.101839889547336,0.0183280461141124,0.173929786636077,0.0629668159521849
2.98456410373336,0.137676611485201,0.0405767521333743,0.0360949943366112,0.0222051925485468,0.10158161714859,0.0183715595848274,0.173771605821813,0.0627819446819211
2.98637074060002,0.137469535037737,0.0405063910763828,0.0361449755163746,0.0220914421534116,0.101324559521362,0.0184149489229711,0.173614510554111,0.0625978332297944
2.98817737746669,0.137263615322454,0.0404363587992414,0.0361948924482101,0.021978148915057,0.101068722874244,0.0184582098841844,0.173458507770664,0.0624145077142985
2.98998401433335,0.137058822814461,0.0403666559557452,0.0362447474997907,0.0218653137164466,0.10081407531467,0.0185013422392986,0.173303570314251,0.0622319696721918
2.99179065120002,0.136855149814395,0.0402972893308459,0.036294541820721,0.021752945965911,0.100560607993674,0.0185443433649349,0.173149691635116,0.0620502352967569
2.99359728806669,0.136652600255888,0.04022826947519,0.0363442759514265,0.0216410603065205,0.100308324304461,0.0185872091686695,0.172996876207314,0.0618693297817104
2.99540392493336,0.136451146225444,0.0401595970699187,0.0363939521354295,0.0215296576605072,0.100057194090015,0.0186299394094116,0.172845098360874,0.0616892547304259
2.99721056180002,0.136250780990274,0.0400912785933301,0.0364435714782507,0.0214187469928243,0.0998072095120233,0.0186725316005058,0.172694352468525,0.0615100255861545
2.99901719866669,0.136051505967581,0.0400231127529609,0.0364931346809092,0.0213080433652353,0.0995583712866714,0.0187150693877256,0.17254464064849,0.0613311561181962
3.00082383553335,0.135853294793725,0.0399549030849751,0.0365426438704178,0.0211972688944827,0.0993106509233068,0.0187576341904925,0.172395938664142,0.0611521719794578
3.00263047240002,0.135656141640947,0.0398866519108719,0.0365921001158541,0.0210864266562319,0.099064041525093,0.0188002252546399,0.172248241756801,0.0609730785671038
3.00443710926669,0.135460045533105,0.0398183614157403,0.0366415042635486,0.0209755194850192,0.0988185412695563,0.0188428419307212,0.172101549796653,0.0607938809007595
3.00624374613336,0.135264981594874,0.0397500346573143,0.0366908583316455,0.0208645516623249,0.0985741232632281,0.0188854829949895,0.171955839926519,0.0606145863196392
3.00805038300002,0.135070944841986,0.0396816739600959,0.0367401633604221,0.0207535262563929,0.0983307814815638,0.018928147703703,0.171811108202408,0.0604352002164888
3.00985701986669,0.134877932028032,0.039613281642444,0.0367894203262354,0.0206424463042541,0.0980885117017971,0.01897083533819,0.171667352354268,0.0602557279466981
3.01166365673336,0.134685919704464,0.0395448606258202,0.0368386311460036,0.0205313158923162,0.0978472885584602,0.019013544733504,0.171524550850467,0.0600761765181364
3.01347029360002,0.134494903668963,0.0394764132524235,0.0368877968388445,0.0204201381011993,0.0976071068301183,0.0190562751512242,0.171382700507807,0.0598965513536229
3.01527693046669,0.134304878527936,0.0394079419444938,0.0369369184958595,0.0203089161308324,0.0973679600320764,0.0190990258136614,0.171241797023795,0.0597168580753262
3.01708356733336,0.134115822198068,0.0393394495019142,0.0369859979403824,0.0201976538923491,0.0971298242576851,0.0191417956095651,0.17110182013845,0.0595371033942633
3.01889020420002,0.13392773119745,0.0392709382992762,0.0370350361780118,0.0200863544985439,0.0968926950194385,0.0191845838007322,0.170962767375462,0.0593572927978201
3.02069684106669,0.133740598108388,0.0392024108333111,0.0370840343993121,0.0199750212726474,0.0966565637090755,0.0192273895606636,0.1708246325077,0.0591774321059585
3.02250347793336,0.133554402151257,0.0391338697970182,0.0371329943416723,0.0198636579703168,0.0964214078095846,0.0192702118267013,0.170687396492929,0.058997527767335
3.02431011480002,0.13336914050302,0.0390653176120756,0.0371819170048145,0.0197522677563198,0.0961872234982059,0.0193130498557558,0.170551057507835,0.0588175853683954
3.02611675166669,0.133184803844959,0.0389967568203172,0.0372308036634826,0.019640854037592,0.0959540001814769,0.0193559027827252,0.170415607508442,0.0586376108579092
3.02792338853336,0.133001372639604,0.0389281900225535,0.0372796559767634,0.0195294204341119,0.095721716662841,0.0193987695884416,0.170281028616368,0.0584576104566654
3.02973002540002,0.132818844661246,0.0388596197022433,0.0373284749461432,0.0194179701824199,0.0954903697151024,0.0194416495198233,0.170147319607389,0.0582775898846632
3.03153666226669,0.132637208813224,0.0387910484169341,0.0373772619152621,0.0193065067335582,0.0952599468979621,0.0194845416833759,0.170014470728486,0.0580975551504922
3.03334329913336,0.132456446738682,0.0387224786899418,0.0374260184725462,0.019195033591627,0.0950304282661361,0.0195274450983148,0.169882465211228,0.0579175122815688
3.03514993600002,0.132276556747698,0.0386539130812009,0.0374747456288878,0.0190835540847366,0.0948018111188104,0.0195703589964643,0.169751302376586,0.0577374671659375
3.03695657286669,0.132097526088754,0.0385853541345832,0.0375234447815404,0.0189720716684396,0.0945740813072134,0.0196132824661436,0.169620970870294,0.0575574258030228
3.03876320973336,0.131919337524062,0.0385168043106046,0.0375721174559112,0.0188605897507556,0.0943472200681513,0.0196562145598491,0.169491454979974,0.0573773940613602
3.04056984660002,0.13174198983795,0.0384482662603697,0.0376207646799388,0.0187491117711632,0.0941212251580114,0.0196991544892065,0.169362754517889,0.0571973780315329
3.04237648346669,0.131565468747121,0.038379742484686,0.0376693878892085,0.0186376411501289,0.0938960808579121,0.0197421013345571,0.169234856636329,0.0570173836348148
3.04418312033336,0.131389758071318,0.0383112353959637,0.0377179885537486,0.0185261812193896,0.0936717695175693,0.0197850541765741,0.169107746625066,0.0568374166153534
3.04598975720002,0.131214857007574,0.0382427477511718,0.0377665677261868,0.0184147355495919,0.0934482892813875,0.0198280122015799,0.168981424733761,0.0566574833007637
3.04779639406669,0.131040749863897,0.038174281978664,0.0378151268651563,0.0183033074865183,0.0932256229987405,0.0198709744921458,0.168855876729053,0.0564775894651823
3.04960303093336,0.13086742145602,0.0381058404574402,0.0378636673929491,0.0181919003054226,0.0930037540630711,0.0199139401520177,0.168731088848969,0.0562977407628628
3.05140966780002,0.130694871332142,0.0380374260650284,0.0379121903945221,0.0180805177279161,0.0927826809376203,0.0199569083371123,0.168607061726664,0.0561179437929445
3.05321630466669,0.130523082514655,0.0379690411279392,0.0379606973362745,0.0179691629855013,0.0925623851783806,0.0199998781424379,0.168483779850929,0.0559382041134405
3.05502294153336,0.130352040753742,0.0379006880064558,0.0380091896004025,0.0178578393167464,0.0923428511533396,0.0200428486897094,0.168361230354145,0.0557585273232022
3.05682957840002,0.130181745887227,0.0378323697133611,0.0380576683118349,0.0177465506140283,0.0921240775753923,0.0200858190993328,0.168239414199062,0.0555789203273894
3.05863621526669,0.130012179774967,0.0377640884439326,0.0381061349294531,0.0176352999549704,0.0919060448455143,0.0201287884889622,0.16811831470442,0.055399388398903
3.06044285213336,0.129843329040056,0.0376958465544324,0.0381545908029996,0.0175240905612548,0.0916887382370562,0.0201717559931776,0.167997919843055,0.0552199371156872
3.06224948900002,0.129675193748401,0.0376276472075916,0.0382030371050155,0.0174129265158214,0.091472156643385,0.0202147206917702,0.167878230853416,0.055040573723413
3.06405612586669,0.129507754720406,0.0375594924380663,0.0382514752715828,0.0173018107028188,0.0912562794488232,0.0202576817352475,0.167759229991989,0.0548613031408851
3.06586276273336,0.129340999390533,0.0374913846127913,0.0382999066276308,0.0171907463468405,0.0910410927629027,0.0203006382659509,0.167640906018164,0.0546821309596318
3.06766939960002,0.129174927991235,0.0374233270591413,0.0383483324009549,0.0170797377411884,0.0908265955902801,0.0203435893179529,0.16752326039219,0.0545030648003297
3.06947603646669,0.129009520426543,0.0373553216217614,0.0383967539895537,0.0169687875369386,0.0906127664369897,0.0203865340848228,0.167406274416097,0.0543241091586999
3.07128267333336,0.128844764880748,0.0372873706929542,0.0384451727011865,0.0168578989813957,0.0903995921795611,0.0204294717115585,0.167289937581934,0.0541452696743499
3.07308931020002,0.128680661691303,0.0372194777794318,0.0384935898265428,0.0167470765980217,0.0901870718647601,0.0204724011814101,0.167174251517846,0.0539665543774535
3.07489594706669,0.128517189968952,0.0371516445064397,0.0385420067102566,0.016636322765223,0.0899751832586951,0.0205153217412167,0.167059196679208,0.0537879672716627
3.07670258393336,0.12835433858627,0.0370838733063425,0.0385904246505566,0.0165256407728138,0.0897639139357135,0.0205582325335288,0.166944763236827,0.0536095140791563
3.07850922080002,0.128192107924176,0.0370161678798849,0.0386388450086701,0.0164150353942144,0.0895532629155062,0.0206011324856705,0.166830952932846,0.0534312032740992
3.08031585766669,0.128030476423203,0.036948529603523,0.0386872690605816,0.0163045086955651,0.0893432073626218,0.0206440209079578,0.166717745483785,0.0532530382990881
3.08212249453336,0.127869434089238,0.0368809610276155,0.0387356981081565,0.0161940641038557,0.0891337359810812,0.0206868969237599,0.166605132197394,0.0530750251314712
3.08392913140002,0.127708979765428,0.0368134658719217,0.0387841335742266,0.0160837064376592,0.088924846191201,0.0207297594342625,0.166493113339654,0.052897172309581
3.08573576826669,0.127549092864871,0.0367460454244324,0.0388325766674193,0.0159734376358571,0.0887165161974514,0.0207726077885753,0.16638166953229,0.0527194830602895
3.08754240513336,0.127389763955759,0.0366787023258655,0.0388810287032218,0.015863261234582,0.0885087352525376,0.0208154410912835,0.166270792658981,0.0525419635604475
3.08934904200002,0.127230990290629,0.0366114402669643,0.0389294911501033,0.0157531820362489,0.088301499140526,0.0208582582307153,0.166160481440733,0.0523646223032132
3.09115567886669,0.127072752369526,0.0365442604805897,0.0389779651576597,0.0156432018939922,0.0880947872118661,0.0209010585865975,0.166050717527185,0.0521874623745819
3.09296231573336,0.126915041202766,0.0364771657063002,0.0390264520624143,0.0155333244656483,0.0878885891403521,0.0209438412406519,0.165941493265181,0.0520104901719485
3.09476895260002,0.126757852575353,0.0364101595764341,0.0390749533631901,0.0154235544978766,0.0876828992121633,0.0209866050785575,0.165832805938543,0.0518337140743106
3.09657558946669,0.126601168012741,0.0363432432834166,0.0391234701581932,0.0153138937778636,0.0874776978545478,0.021029349505553,0.165724638170934,0.0516571370612802
3.09838222633336,0.126445025906271,0.0362764196803414,0.0391719373439633,0.0152043461049471,0.0872730885623079,0.0210720735753943,0.165616963250234,0.0514807657852885
3.10018886320002,0.126290420748755,0.0362096923117524,0.0392189421469252,0.0150949161304346,0.0870714786018301,0.0211147761813178,0.16550936289568,0.051304608442187
3.10199550006669,0.126137726910399,0.0361430623443343,0.0392639314182758,0.0149856055953632,0.0868737954921228,0.0211574567489711,0.165401658328674,0.0511286679396975
3.10380213693336,0.125986933114926,0.0360765327594105,0.039306910782686,0.0148764184603712,0.08668002233224,0.0212001142990392,0.165293843897612,0.0509529512197817
3.10560877380002,0.125838034832695,0.0360101069843411,0.0393478785701945,0.014767359241816,0.0864901562625004,0.0212427477425251,0.165185913402889,0.050777466226157
3.10741541066669,0.12569098660607,0.0359437861747647,0.0393868765982006,0.0146584296543843,0.0863041100078693,0.0212853565203804,0.165077863204271,0.050602215829149
3.10922204753336,0.125545778627071,0.0358775734549293,0.0394239088230155,0.0145496338398134,0.0861218698040559,0.0213279396151159,0.164969687450087,0.0504272072947426
3.11102868440002,0.12540240230147,0.0358114721056215,0.0394589777541615,0.0144409761399136,0.0859434245473089,0.0213704959657079,0.164861380055632,0.0502524482455351
3.11283532126669,0.125260814767923,0.0357454832861293,0.0394921226979142,0.0143324582628197,0.0857686920700083,0.0214130250233096,0.164752937465837,0.050077941548949
3.11464195813336,0.125121007567731,0.0356796102783189,0.0395233460311422,0.0142240845511665,0.085597661536589,0.0214555257271525,0.164644353598873,0.0499036948294854
3.11644859500002,0.124982968280106,0.0356138561870155,0.0395526542650167,0.0141158591326204,0.0854303140150888,0.0214979970543951,0.164535622545122,0.0497297153196359
3.11825523186669,0.12484665652098,0.0355482221898495,0.0395800842836065,0.0140077837285622,0.0852665722373732,0.0215404384612873,0.164426740804586,0.0495560059184117
3.12006186873336,0.124712065061929,0.0354827117410012,0.0396056369732561,0.0138998629023234,0.0851064280886733,0.0215828488386778,0.164317702035186,0.0493825746433246
3.12186850560002,0.124579177893624,0.0354173277399444,0.0396293226689499,0.0137921005278288,0.0849498552246743,0.0216252272121156,0.164208500562574,0.0492094282677731
3.12367514246669,0.124447956990266,0.0353520713973471,0.0396511759214677,0.0136844983595046,0.0847967810687979,0.0216675730378424,0.164099132911733,0.0490365697568517
3.12548177933336,0.12431839623469,0.0352869463543978,0.0396711962155478,0.0135770612011767,0.0846472000191419,0.021709885153221,0.163989592450237,0.0488640075555745
3.12728841620002,0.12419047626705,0.0352219552758297,0.0396893975321514,0.0134697926334317,0.0845010787348985,0.021752162642398,0.163879873799201,0.0486917479092615
3.12909505306669,0.124064161300804,0.0351570994200435,0.039705812177688,0.0133626944635397,0.0843583491231155,0.0217944049565038,0.163769973478492,0.0485197938835832
3.13090168993336,0.123939446211036,0.0350923826299303,0.0397204383242069,0.0132557717556193,0.0842190078868287,0.0218366108743109,0.163659884535243,0.0483481543855496
3.13270832680002,0.123816308525406,0.0350278073060932,0.0397332934208114,0.0131490277573222,0.084083015104595,0.021878779548771,0.163549601946218,0.0481768350634153
3.13451496366669,0.123694714577618,0.0349633747693605,0.0397444076184576,0.0130424643485604,0.0839503069591601,0.0219209104208001,0.163439122196075,0.0480058391179209
3.13632160053336,0.123574660115991,0.0348990890790199,0.0397537778654239,0.0129360868735441,0.0838208822505671,0.0219630022054758,0.163328437981415,0.047835175952564
3.13812823740002,0.123456119793718,0.0348349523421563,0.03976142490112,0.0128298982073929,0.0836946948925978,0.0220050541347635,0.163217544694838,0.0476648505495492
3.13993487426669,0.123339061945732,0.0347709659567194,0.0397673768099666,0.0127239003224593,0.083571685135765,0.0220470656342601,0.163106438755698,0.0474948662791787
3.14174151113336,0.12322348307458,0.0347071342130886,0.0397716294053889,0.012618098862844,0.0834518536691907,0.0220890353502446,0.162995112479969,0.0473252330759325
3.14354814800002,0.123109355197007,0.0346434588954409,0.0397742065392673,0.0125124962915365,0.0833351486577402,0.0221309626039044,0.162883561736275,0.0471559551869774
3.14535478486669,0.122996648530169,0.0345799414935418,0.0397751343184055,0.0124070946931293,0.0832215142117635,0.0221728468004125,0.162771782848574,0.0469870361866711
3.14716142173336,0.122885360211825,0.0345165865435577,0.0397744075102921,0.0123019000314115,0.0831109527015332,0.0222146865121462,0.162659767722117,0.0468184865749691
3.14896805860002,0.122775459860299,0.0344533954773682,0.0397720529014437,0.0121969143176462,0.0830034069588553,0.022256481159722,0.162547512761743,0.0466503097950144
3.15077469546669,0.122666919455954,0.0343903698912494,0.0397680947099639,0.0120921397684633,0.0828988247459899,0.022298230122786,0.162435014165918,0.0464825096597127
3.15258133233336,0.122559736652752,0.0343275145818489,0.0397625267463236,0.0119875826871397,0.0827972099064281,0.0223399318947093,0.162322263399075,0.0463150972689886
3.15438796920002,0.122453878908617,0.0342648305993598,0.0397553785538392,0.0118832445936145,0.0826985003547775,0.0223815860057453,0.162209257462456,0.0461480751929743
3.15619460606669,0.122349319848109,0.0342023196612638,0.0397466725508325,0.0117791278563543,0.0826026472972769,0.0224231918049095,0.162095992398942,0.045981447517618
3.15800124293336,0.122246057522383,0.0341399868393837,0.0397364016796736,0.0116752391379211,0.082509655842709,0.0224647477014626,0.161982459202056,0.0458152259773048
3.15980787980002,0.122144057466984,0.0340778527571169,0.0397245980626442,0.0115715511652951,0.0824194594043397,0.0225063015918218,0.161868655529628,0.0456494039224121
3.16161451666669,0.12204329483166,0.0340159538731612,0.039711282407201,0.0114680175392697,0.0823320124244589,0.0225479363338915,0.161754577238861,0.0454839714124308
3.16342115353336,0.121943767945742,0.0339542962819527,0.0396964468765322,0.011364644265236,0.0822473210692095,0.0225896520167168,0.161640214822274,0.0453189405471887
3.16522779040002,0.121845440660425,0.0338928782642101,0.0396801259940484,0.0112614344740647,0.0821653146663763,0.0226314437901454,0.161525566654473,0.0451543127382748
3.16703442726669,0.121748289531629,0.0338317004804091,0.03966233884526,0.0111583927972862,0.0820859506863689,0.0226733076831229,0.161410628376889,0.0449900932776952
3.16884106413336,0.121652313047853,0.033770768215976,0.0396430769030898,0.0110555272140077,0.082009236144763,0.0227152410019683,0.161295389950943,0.0448262954299837
3.17064770100002,0.121557473613962,0.033710079230426,0.0396223769142425,0.0109528403176032,0.0819350966997199,0.0227572389128228,0.161179850528205,0.0446629195480292
3.17245433786669,0.12146374907304,0.033649634408658,0.0396002564311992,0.0108503368672076,0.081863492641841,0.0227992975414503,0.16106400550424,0.0444999712758656
3.17426097473336,0.12137113795374,0.0335894393405127,0.0395767063255364,0.010748025281603,0.0817944316282032,0.0228414140589096,0.160947844279276,0.0443374646221157
3.17606761160002,0.121279601452621,0.0335294912490335,0.0395517653894163,0.0106459075571013,0.0817278360632047,0.0228835836919321,0.160831366842037,0.0441753988061348
3.17787424846669,0.121189118834846,0.0334697913124791,0.0395254493970846,0.0105439886603435,0.0816636694377614,0.0229258026521357,0.160714568231931,0.0440137799728226
3.17968088533336,0.121099687788426,0.0334103452488316,0.0394977497100621,0.0104422773292129,0.0816019380783637,0.0229680679196188,0.160597437498488,0.0438526225780445
3.18148752220002,0.121011269301424,0.0333511499133017,0.0394687059857604,0.0103407750537496,0.0815425633156639,0.0230103748595521,0.160479975287185,0.0436919249670512
3.18329415906669,0.12092384436434,0.0332922069098624,0.0394383317110798,0.0102394871546002,0.0814855126532603,0.0230527197552623,0.16036217607542,0.0435316940644626
3.18510079593336,0.120837407676935,0.033233521534202,0.0394066216228572,0.0101384222180281,0.0814307860540781,0.0230950993161739,0.160244029299793,0.0433719437522301
3.18690743280002,0.120751922285396,0.0331750908164994,0.0393736132694643,0.0100375816687389,0.0813783090159316,0.0231375091477605,0.16012553555486,0.0432126724852384
3.18871406966669,0.120667369991336,0.0331169166156878,0.0393393189604437,0.00993697107411706,0.0813280510308924,0.0231799455415707,0.16000668895178,0.0430538876898049
3.19052070653336,0.120583742744292,0.0330590037898926,0.0393037366301119,0.00983659880923901,0.0812800061141798,0.0232224049806536,0.159887479374404,0.0428956025991316
3.19232734340002,0.12050100552956,0.0330013495518958,0.0392669018067187,0.00973646626325962,0.081234103722841,0.0232648832886361,0.159767907336278,0.0427378158151554
3.19413398026669,0.120419140840858,0.0329439560232242,0.0392288257113662,0.00963657928008469,0.0811903151294915,0.0233073767431395,0.159647966552224,0.0425805353033088
3.19594061713336,0.120338138115519,0.0328868276091725,0.0391895092980162,0.00953694596403651,0.0811486288175028,0.023349881645136,0.159527647413535,0.042423773573209
3.19774725400002,0.120257964158939,0.0328299617127594,0.0391489861637138,0.0094375676985027,0.0811089779952254,0.0233923940142567,0.159406950322653,0.0422675294112621
3.19955389086669,0.120178602037929,0.0327733607257407,0.0391072665300381,0.00933845063369377,0.0810713355078905,0.023434910092047,0.159285868567967,0.0421118113594345
3.20136052773336,0.120100038915641,0.0327170285853108,0.0390643541927605,0.00923960254361106,0.0810356847228801,0.0234774260416997,0.159164393108401,0.0419566311289218
3.20316716460002,0.120022243298558,0.0326609628923598,0.0390202809066394,0.00914102483565858,0.0810019623919188,0.0235199380567012,0.159042524205198,0.0418019877280184
3.20497380146669,0.119945198707573,0.032605166316506,0.038975055982649,0.00904272399613483,0.0809701427249236,0.0235624423203712,0.158920254690222,0.0416478903126409
3.20678043833336,0.119868890269681,0.0325496412668878,0.0389286858805347,0.00894470593174121,0.0809402043891459,0.0236049353351466,0.158797576150215,0.0414943471986291
3.20858707520002,0.119793288073441,0.0324943329757608,0.0388812006016857,0.00884689775261924,0.0809120874717552,0.0236474352231416,0.158674488675127,0.0413412307283801
3.21039371206669,0.119718375974813,0.0324392044912478,0.0388326086353894,0.00874924987393002,0.0808857673394239,0.0236899546173178,0.158550984610203,0.0411884543651779
3.21220034893336,0.119644137302662,0.0323842551550079,0.0387829189275294,0.00865176412002774,0.0808612183751328,0.0237324910349802,0.158427056230192,0.0410360192750357
3.21400698580002,0.11957054360861,0.0323294811356423,0.0387321598150434,0.00855443941808222,0.0808383837935671,0.02377504171756,0.158302703423654,0.0408839205537245
3.21581362266669,0.119497578964675,0.0322748819679423,0.0386803390544495,0.00845727776430212,0.0808172399102253,0.0238176042036402,0.158177918019124,0.0407321597322444
3.21762025953336,0.11942522513961,0.0322204566271836,0.0386274678999343,0.00836028068264628,0.0807977572396754,0.0238601759445374,0.158052693039544,0.0405807373098299
3.21942689640002,0.119353455029091,0.0321662015120302,0.038573573112902,0.00826344722678726,0.0807798819161889,0.023902754285243,0.157927028141993,0.0404296487388175
3.22123353326669,0.11928225280218,0.0321121162837034,0.0385186618060193,0.00816677957182626,0.0807635909961611,0.0239453367118771,0.1578009146082,0.0402788958555296
3.22304017013336,0.119211598905547,0.032058199570877,0.0384627473639397,0.00807027893132712,0.080748851541607,0.0239879206395499,0.157674346269486,0.0401284785022042
3.22484680700002,0.119141467459906,0.0320044479923862,0.038405855061452,0.00797394449046477,0.0807356123984541,0.0240305035019214,0.157547322521358,0.0399783924828509
3.22665344386669,0.119071842612354,0.0319508613259929,0.0383479914562886,0.00787777860823277,0.0807238511560655,0.0240730827177602,0.157419834068643,0.0398286399342257
3.22846008073336,0.119002703725497,0.0318974378735495,0.038289171885736,0.00778178217779996,0.0807135318397609,0.0241156556957496,0.157291875611233,0.0396792200513495
3.23026671760002,0.118934026026079,0.0318441744641721,0.038229420226884,0.00768595452084393,0.0807046057991954,0.0241582199433282,0.157163446252963,0.0395301289850161
3.23207335446669,0.11886579352022,0.031791070982273,0.0381687425714486,0.007590298185251,0.0806970509487712,0.024200772797022,0.157034536091668,0.039381369167524
3.23387999133336,0.118797984724484,0.031738125422663,0.038107156031513,0.00749481373379463,0.0806908286929708,0.0242433116888684,0.156905140755997,0.0392329391564576
3.23568662820002,0.118730575852635,0.0316853348148496,0.0380446831753874,0.00739950062965515,0.0806858926772475,0.0242858341851945,0.156775259028022,0.0390848354445048
3.23749326506669,0.118663550650801,0.0316326991400047,0.0379813297176885,0.00730436161461104,0.0806822209331123,0.0243283375253936,0.156644880368489,0.0389370607546157
3.23929990193336,0.118596887027532,0.0315802161056787,0.0379171143674612,0.00720939691104126,0.0806797726600705,0.0243708191946375,0.156514001394993,0.03878961301672
3.24110653880002,0.118530562064596,0.0315278829318801,0.0378520584731526,0.00711460612862797,0.0806785035914438,0.0244132768032522,0.156382620537749,0.0386424890605081
3.24291317566669,0.118464559129121,0.0314756996866501,0.0377861674611992,0.00701999220804292,0.0806783916679219,0.0244557074786071,0.15625072659032,0.038495691894693
3.24471981253336,0.118398855759664,0.031423663810059,0.0377194614597707,0.00692555502126934,0.0806793942998933,0.0244981087887897,0.156118317219435,0.0383492188313283
3.24652644940002,0.118333429786987,0.0313717727027261,0.03765196068637,0.00683129432949247,0.0806814691006172,0.0245404783732336,0.155985390473357,0.0382030670322186
3.24833308626669,0.118268264080205,0.0313200265096708,0.03758367036817,0.00673721327727628,0.0806845937120346,0.0245828132323945,0.155851934448375,0.0380572397869471
3.25013972313336,0.118203336045904,0.0312684224232652,0.0375146118746315,0.00664331137620921,0.0806887241712728,0.024625111047056,0.155717947920536,0.0379117337994744
3.25194636000002,0.118138624144831,0.0312169580148486,0.0374448043812295,0.00654958854397864,0.080693819763602,0.02466736947087,0.155583428526061,0.0377665465588273
3.25375299686669,0.118074110629075,0.0311656334965285,0.0373742530047919,0.0064560481340414,0.0806998576242827,0.0247095853624871,0.155448363633867,0.0376216816305699
3.25555963373336,0.118009773011277,0.0311144458327591,0.0373029801782341,0.00636268928759051,0.0807067928330428,0.0247517565451686,0.155312753189511,0.0374771351203496
3.25736627060002,0.117945590263153,0.0310633927557095,0.0372310041239217,0.00626951208381637,0.0807145861392311,0.0247938806718932,0.155176594387074,0.0373329048395259
3.25917290746669,0.117881543900755,0.0310124745346848,0.0371583299372547,0.00617652009006773,0.0807232139635008,0.0248359544446171,0.15503987383801,0.0371889946247525
3.26097954433336,0.117817611780805,0.0309616879260026,0.0370849809367683,0.00608371206714313,0.0807326308440365,0.0248779758588595,0.154902592717573,0.0370453999931457
3.26278618120002,0.117753773266975,0.0309110308127707,0.0370109744806363,0.00599108826073522,0.0807427987863387,0.0249199425520354,0.154764747747611,0.0369021190735059
3.26459281806669,0.11769000902027,0.0308605035116017,0.0369363157317486,0.00589865245708542,0.0807536932885219,0.0249618510545163,0.154626324752019,0.0367591559686871
3.26639945493336,0.117626297479512,0.0308101025904571,0.0368610287164245,0.00580640302659725,0.0807652687630877,0.0250036995638599,0.154487326195937,0.0366165056170544
3.26820609180002,0.117562618281322,0.0307598260734933,0.0367851300175635,0.00571434038646537,0.0807774882637582,0.025045485687028,0.154347748298885,0.0364741664599587
3.27001272866669,0.117498951112644,0.0307096743147408,0.0367086249544638,0.00562246854682446,0.0807903261581797,0.0250872057679163,0.154207576067107,0.0363321428615652
3.27181936553336,0.117435457671773,0.0306596437135845,0.0366317960915961,0.0055307854776824,0.0808036615801769,0.0251288582359021,0.154067253763369,0.0361904291912669
3.27362600240002,0.117372430622195,0.0306097324253399,0.0365551017946415,0.00543929177273683,0.0808173288275532,0.0251704406526031,0.153927532416836,0.0360490241980767
3.27543263926669,0.117309869388497,0.0305599408315637,0.0364785770873023,0.00534799167101448,0.0808312923011948,0.0252119491605492,0.153788446475799,0.0359079325025781
3.27723927613336,0.117247748108823,0.0305102651828465,0.0364022381396067,0.00525688273212881,0.0808455099692168,0.0252533824507176,0.15364998624843,0.0357671479149753
3.27904591300002,0.117186049234493,0.0304607038219055,0.0363261037594324,0.00516596584459861,0.0808599454750607,0.0252947379773069,0.153512152993925,0.0356266696665041
3.28085254986669,0.11712476170454,0.0304112569495321,0.0362501968042245,0.00507524514138572,0.0808745649003154,0.0253360118081464,0.153374958508764,0.0354865020909178
3.28265918673336,0.117063860526293,0.0303619208857047,0.0361745324002726,0.00498471810166605,0.0808893281260205,0.0253772027840386,0.153238392926566,0.0353466389873707
3.28446582360002,0.117003328637052,0.0303126941198713,0.0360991297254761,0.00489438587864443,0.0809041989115761,0.0254183082412269,0.153102458362528,0.0352070799985157
3.28627246046669,0.116943153372335,0.0302635765561079,0.0360240120723115,0.00480425226966782,0.0809191413000231,0.0254593242864401,0.152967165444646,0.0350678288257757
3.28807909733336,0.116883311033075,0.0302145647096208,0.0359491938261338,0.00471431489802415,0.080934117206941,0.0255002498115967,0.152832504859209,0.034928879607645
3.28988573420002,0.116823784762696,0.0301656571614556,0.0358746945811946,0.0046245751134213,0.0809490901815013,0.0255410820480343,0.152698479343891,0.0347902322748769
3.29169237106669,0.116764560500774,0.0301168535387525,0.0358005378441035,0.00453503636759058,0.0809640226566705,0.0255818171711619,0.152565098344877,0.0346518899063431
3.29349900793336,0.116705615738061,0.0300681505420567,0.0357267373697303,0.00444569643293316,0.0809788783683307,0.0256224541091235,0.152432353107791,0.0345138469749898
3.29530564480002,0.116646933720317,0.0300195468341197,0.0356533132791277,0.00435655686065855,0.0809936204411896,0.0256629899734611,0.152300246999445,0.0343761036947782
3.29711228166669,0.116588499198751,0.0299710417849279,0.0355802890721407,0.00426762074688392,0.0810082101266098,0.025703421038044,0.152168788270891,0.0342386625318118
3.29891891853336,0.116530290750144,0.029922632270474,0.0355076779836026,0.00417888601812279,0.0810226127665413,0.0257437462523512,0.152037968733746,0.0341015182885968
3.30072555540002,0.116472291618808,0.0298743170253257,0.0354355007718159,0.00409035443208682,0.0810367908469926,0.0257839625932389,0.151907792390624,0.0339646714574125
3.30253219226669,0.116414485575157,0.0298260951820958,0.0353637807089632,0.00400202871927848,0.0810507048661936,0.0258240664628173,0.15177826628412,0.0338281239013743
3.30433882913336,0.116356852178216,0.0297779637823344,0.0352925306202903,0.00391390696532316,0.081064321557926,0.0258640568170113,0.151649382798507,0.0336918707476576
3.30614546600002,0.116299374567062,0.0297299216225351,0.0352217720117989,0.0038259911394355,0.0810776025552632,0.0259039304830996,0.151521146578861,0.0335559127619706
3.30795210286669,0.116242035738885,0.0296819676177176,0.035151527707111,0.00373828359650303,0.0810905080317742,0.0259436840212145,0.151393563445996,0.0334202512142206
3.30975873973336,0.116184816131171,0.0296340989650996,0.0350818102323337,0.00365078258626386,0.081103005898837,0.0259833163788357,0.151266626363504,0.0332848815513634
3.31156537660002,0.116127698673971,0.0295863145132095,0.0350126419516169,0.00356349029443452,0.0811150567223536,0.0260228242187749,0.151140340625587,0.033149804807644
3.31337201346669,0.116070665798828,0.0295386129792554,0.0349440450191244,0.00347640869028831,0.081126620779704,0.0260622042889671,0.151014710817953,0.0330150216695437
3.31517865033336,0.1160136987179,0.0294909917062313,0.0348760317722732,0.00338953619267493,0.0811376669456264,0.0261014555135564,0.150889730490173,0.0328805278989062
3.31698528720002,0.115956780048427,0.0294434495848108,0.0348086255438104,0.00330287520881408,0.0811481545046162,0.0261405743759967,0.150765405592237,0.0327463247936249
3.31879192406669,0.115899891863879,0.0293959851541707,0.0347418475975433,0.00321642731236363,0.0811580442663355,0.0261795578418071,0.150641739461422,0.0326124124665343
3.32059856093336,0.115843016047295,0.0293485958931914,0.0346757101926485,0.00313019109628643,0.081167305854647,0.0262184047969049,0.150518726239944,0.0324787869894778
3.32240519780002,0.115786134799323,0.0293012807248006,0.034610237740919,0.00304416919430389,0.0811758970584035,0.0262571115304968,0.150396372540242,0.0323454499191045
3.32421183466669,0.115729230042929,0.0292540380299252,0.034545450394908,0.0029583627744594,0.081183779648021,0.0262956752554658,0.150274680437837,0.0322124008043846
3.32601847153336,0.115672284228251,0.0292068654134412,0.0344813604459999,0.0028727706088279,0.0811909237822511,0.0263340948046133,0.150153644674251,0.0320796360222691
3.32782510840002,0.115615279035551,0.0291597618206407,0.0344179934954831,0.00278739556263353,0.081197285540068,0.0263723662580071,0.150033272531034,0.0319471573832742
3.32963174526669,0.115558196444872,0.0291127254939806,0.0343553683637585,0.00270223838830498,0.0812028280811131,0.0264104871056756,0.14991356480863,0.0318149638822856
3.33143838213336,0.115501019369658,0.0290657541544428,0.0342934974848676,0.00261729804202957,0.0812075218847908,0.0264484561124132,0.149794516854526,0.0316830521964724
3.33324501900002,0.115443728866005,0.0290188467597928,0.0342324077600429,0.0025325776255335,0.0812113211059619,0.0264862691342593,0.149676136626048,0.0315514243853263
3.33505165586669,0.115386307178599,0.0289720014337989,0.0341721164566348,0.0024480774656308,0.0812141907219642,0.0265239239681681,0.149558423635234,0.0314200788994297
3.33685829273336,0.115328737580411,0.0289252160036577,0.0341126362617915,0.00236379670762113,0.0812161013186193,0.0265614192960365,0.149441373842202,0.0312890127112788
3.33866492960002,0.115271000399576,0.0288784894297184,0.0340539954871381,0.00227973869473326,0.0812170049124379,0.0265987507349852,0.149324995886714,0.0311582281244517
3.34047156646669,0.115213078353004,0.0288318197368414,0.0339962096260772,0.00219590331816667,0.0812168687269265,0.0266359164186747,0.149209287979081,0.0310277230550081
3.34227820333336,0.1151549549694,0.0287852048485477,0.0339392917293118,0.00211228991733283,0.0812156632400883,0.0266729149312149,0.149094246698712,0.0308974947658806
3.34408484020002,0.115096609745158,0.0287386437178796,0.0338832716293094,0.00202890208196317,0.0812133381158482,0.0267097416359164,0.148979881374467,0.0307675457998428
3.34589147706669,0.115038026076978,0.02869213429057,0.0338281628246258,0.00194573925764203,0.0812098632523525,0.026746395032928,0.148866188901604,0.030637873548212
3.34769811393336,0.114979187645519,0.0286456745765744,0.0337739788399689,0.00186280098289412,0.0812052088055502,0.0267828735936803,0.148753166485488,0.0305084755594686
3.34950475080002,0.114920073011642,0.0285992635117378,0.0337207511390963,0.00178009109895234,0.0811993218725454,0.0268191724127854,0.148640824150738,0.0303793546106901
3.35131138766669,0.114860666459416,0.0285528989824464,0.0336684910048205,0.00169760859578722,0.081192175454595,0.0268552903866591,0.148529157464236,0.0302505075782336
3.35311802453336,0.114800951717661,0.0285065790752,0.0336172125463025,0.00161535321603504,0.081183739171358,0.0268912258591649,0.148418164263963,0.030121932291235
3.35492466140002,0.114740906307921,0.0284603026987548,0.0335669489690395,0.0015333290574313,0.0811739573388813,0.0269269736413235,0.14830785527696,0.0299936317561861
3.35673129826669,0.114680515609208,0.0284140676999324,0.033517709119202,0.00145153464433185,0.0811628064900057,0.0269625330556005,0.14819822472841,0.0298656023442642
3.35853793513336,0.114619763294717,0.0283678722318852,0.0334695078008528,0.00136996992848564,0.0811502554938639,0.0269979023033996,0.14808927109557,0.0297378421603709
3.36034457200002,0.114558625742888,0.0283217151663922,0.0334223800716785,0.00128863926912985,0.0811362456712094,0.0270330758972624,0.147981005814566,0.0296103544355221
3.36215120886669,0.114497089635247,0.0282755943304894,0.0333763321203098,0.00120754071500612,0.0811207575149375,0.0270680536154833,0.147873421755557,0.0294831350454955
3.36395784573336,0.11443513848558,0.0282295079340926,0.0333313795561601,0.00112667443197551,0.0811037589294197,0.0271028335021171,0.14776651804174,0.0293561823660681
3.36576448260002,0.114372747425435,0.0281834548021122,0.0332875593995541,0.00104604504577785,0.081085188025881,0.0271374097563343,0.147660306824989,0.02922949984789
3.36757111946669,0.114309904646427,0.0281374327615794,0.0332448749606841,0.000965650119539782,0.0810650296857428,0.0271717826420397,0.147554779607111,0.0291030828811192
3.36937775633336,0.114246593399143,0.0280914400692837,0.0332033427647644,0.000885490038234908,0.0810432506343786,0.0272059500310488,0.147449936163907,0.0289769301075186
3.37118439320002,0.114182787464455,0.0280454754933758,0.0331630019052058,0.00080556969910538,0.0810197855592494,0.0272399057942704,0.147345789369661,0.0288510451924812
3.37299103006669,0.114118476751639,0.0279995368806642,0.0331238525928653,0.000725886169662855,0.0809946241587737,0.0272736507110013,0.147242329344504,0.028725423050327
3.37479766693336,0.114053644144298,0.02795362252492,0.0330859123792057,0.000646440058993516,0.0809677317650927,0.0273071824659265,0.147139556523504,0.0286000625839135
3.37660430380002,0.113988261968841,0.0279077311276451,0.0330492225411741,0.000567236540841747,0.0809390394276665,0.0273404945868033,0.147037484510015,0.0284749676684868
3.37841094066669,0.113922322059776,0.0278618605752051,0.0330137799693933,0.000488272177104996,0.0809085420903831,0.0273735883981001,0.14693610202917,0.0283501327523101
3.38021757753336,0.113855806278456,0.0278160092047012,0.0329796045466725,0.000409548029908042,0.0808762017317832,0.0274064611747932,0.146835410825128,0.0282255572346092
3.38202421440002,0.113788687047484,0.0277701755923817,0.0329467362599988,0.000331068882717177,0.0808419507874851,0.0274391067096645,0.146735423307483,0.0281012444750989
3.38383085126669,0.113720956679731,0.0277243577326641,0.0329151720428081,0.000252831453596163,0.0808057846369231,0.027471526279068,0.146636128722539,0.0279771891862603
3.38563748813336,0.113652596335129,0.0276785539709245,0.0328849331880042,0.000174837053967098,0.0807676631471247,0.0275037169169574,0.146537529523133,0.0278533910248916
3.38744412500002,0.113583578809277,0.0276327627750474,0.0328560580142202,9.70900364619241e-05,0.0807275207950573,0.0275356727385855,0.146439636823498,0.0277298528115093
3.38925076186669,0.113513896720397,0.0275869822405031,0.0328285437656501,1.95873108664262e-05,0.0806853529547464,0.0275673949296367,0.146342440486047,0.0276065695513695
3.39105739873336,0.113443530446285,0.0275412107100877,0.0328024132032427,5.76695672851215e-05,0.0806411172430427,0.0274835411428026,0.146245943649528,0.0275988802773729
3.39286403560002,0.113372453363114,0.027495446563104,0.0327777027563786,0.000134676686194407,0.0805947506067354,0.0273607698769096,0.146150156119493,0.0276301232492984
3.39467067246669,0.113300658290664,0.0274496879861832,0.0327544100904594,0.00021143693935442,0.0805462482002049,0.0272382510468288,0.146055068381124,0.0276611249255377
3.39647730933336,0.113228124720817,0.0274039333096529,0.0327325595449274,0.000287948522118385,0.0804955651758898,0.0271159847875345,0.145960684265745,0.0276918818317713
3.39828394620002,0.113154826817886,0.0273581808440129,0.0327121854390139,0.00036420797352227,0.0804426413788721,0.0269939728704906,0.1458670122569,0.0277223888175351
3.40009058306669,0.113080757499427,0.0273124288571669,0.0326932859697757,0.000440217985336456,0.0803874715296516,0.0268722108718304,0.145774043469203,0.0277526468425033
3.40189721993336,0.113005895267618,0.0272666756570815,0.0326758871655988,0.000515976498802413,0.0803300081020187,0.0267506991582791,0.145681782433216,0.0277826521558839
3.40370385680002,0.112930215282486,0.0272209205234612,0.0326600210146659,0.000591481953778819,0.0802701942678201,0.0266294385696824,0.145590236297152,0.02781240247724
3.40551049366669,0.112853710455578,0.0271751742019143,0.0326456863561397,0.000666754380504479,0.0802080240994384,0.0265084198214098,0.145499396811718,0.0278419285824188
3.40731713053336,0.112776358195579,0.0271294407580525,0.032632911017797,0.000741799649256929,0.0801434471777815,0.0263876411087955,0.145409269213376,0.0278712404073094
3.40912376740002,0.112698134865806,0.0270837206421823,0.0326217244358754,0.000816618367563562,0.080076410429931,0.0262671022746187,0.145319859301682,0.0279003390097458
3.41093040426669,0.112619033268009,0.0270380140521978,0.0326121262020914,0.000891215350259023,0.0800069070659178,0.0261467987019388,0.145231159470101,0.0279292294024568
3.41273704113336,0.112539073904347,0.0269923214405727,0.0326040834174774,0.000965591153355208,0.0799349904868691,0.0260267302872175,0.145143157321824,0.0279579125939279
3.41454367800002,0.112459072462062,0.0269466432373195,0.0325964377574131,0.00103974684989283,0.0798626347046494,0.0259068963874267,0.145055510219476,0.0279863900872123
3.41635031486669,0.112379357589359,0.0269009796405313,0.0325887144159498,0.00111368696529122,0.0797906431734097,0.0257872926752401,0.144968072005309,0.0280146666058226
3.41815695173336,0.112299928188753,0.0268553311248755,0.0325809112209376,0.00118741189142074,0.0797190169678153,0.0256679192334547,0.144880839409691,0.0280427430162962
3.41996358860002,0.112220781662302,0.0268096980958731,0.0325730263728338,0.00126092314292239,0.0796477552894685,0.0255487749529507,0.144793808035136,0.0280706212387955
3.42177022546669,0.112141911801633,0.026764080753915,0.0325650591490253,0.00133422496775738,0.0795768526526075,0.0254298557861576,0.144706970950658,0.0280983057216724
3.42357686233336,0.112063317695475,0.0267184795979615,0.0325570072579911,0.00140731760560873,0.0795063104374835,0.0253111619923527,0.144620324953466,0.0281257972035702
3.42538349920002,0.111984996191106,0.0266728950048435,0.0325488690524974,0.00148020298880813,0.0794361271386086,0.0251926920160353,0.144533865243603,0.0281530979936516
3.42719013606669,0.111906941448718,0.0266273271793491,0.032540643776993,0.00155288509981241,0.0793662976717251,0.0250744420795367,0.144447585225711,0.0281802122791615
3.42899677293336,0.111829152724017,0.0265817766468309,0.0325323290114668,0.00162536403807503,0.0792968237125502,0.0249564126087558,0.144361481735484,0.0282071406849059
3.43080340980003,0.111751626347979,0.0265362507441344,0.032523923279233,0.0016976322402465,0.0792277030687457,0.0248386185038879,0.144275549627212,0.0282338829843809
3.43261004666669,0.11167435683012,0.0264908224283619,0.0325154257826818,0.00176959055711408,0.0791589310474387,0.0247212318712478,0.144189782612802,0.028260412985476
3.43441668353336,0.111597343573886,0.0264455143365975,0.0325068339641941,0.00184120772943868,0.0790905096096919,0.0246043066071588,0.14410417753808,0.0282867220660362
3.43622332040002,0.111520582432426,0.0264003252635776,0.032498146535869,0.00191248859165555,0.0790224358965572,0.024487836671922,0.144018728968295,0.0283128138552331
3.43802995726669,0.111444068245346,0.0263552535111621,0.0324893626489208,0.00198343934357186,0.0789547055964255,0.0243718141675902,0.143933430894267,0.0283386928547339
3.43983659413336,0.111367800544587,0.0263102996163877,0.0324804795990016,0.002054059907078,0.0788873209455853,0.0242562397093097,0.143848280143588,0.0283643595234657
3.44164323100002,0.111291774743954,0.0262654621559547,0.0324714963052349,0.00212435571252778,0.078820278438719,0.0241411064434269,0.143763271049189,0.0283898178684825
3.44344986786669,0.1112159859939,0.0262207395633219,0.0324624118585391,0.00219433255910799,0.0787535741353612,0.0240264070042139,0.143678397852439,0.0284150721224299
3.44525650473336,0.111140433935625,0.0261761324571984,0.0324532233987185,0.00226399019507373,0.0786872105369068,0.0239121422621247,0.143593657334344,0.0284401226522721
3.44706314160003,0.111065113582067,0.0261316392057782,0.0324439300701596,0.00233333460337139,0.0786211835119079,0.0237983046024068,0.143509043652227,0.0284649738091495
3.44886977846669,0.110990020375289,0.0260872583693537,0.0324345308943657,0.00240237120423073,0.078555489480923,0.023684887165123,0.143424551269654,0.0284896295735845
3.45067641533336,0.110915154046507,0.0260429906435419,0.0324250228461738,0.0024710995939341,0.078490131200333,0.0235718910496078,0.143340176892681,0.028514090237476
3.45248305220002,0.110840509246272,0.0259988341975601,0.032415405313472,0.0025395262646947,0.0784251039328003,0.0234593079328654,0.143255914559744,0.0285383604622548
3.45428968906669,0.110766081689016,0.0259547877137698,0.0324056772392292,0.00260765627944791,0.0783604044497873,0.0233471314343219,0.143171758928246,0.0285624439932177
3.45609632593336,0.110691871176737,0.0259108519599305,0.0323958354241965,0.00267548910416722,0.0782960357525405,0.0232353628557633,0.143087706600934,0.0285863410640977
3.45790296280003,0.110617872036074,0.0258670249158128,0.0323858795180014,0.00274303169700592,0.0782319925180728,0.0231239932188068,0.143003751554076,0.0286100566128187
3.45970959966669,0.11054408023459,0.0258233053810825,0.0323758083759591,0.00281028878526823,0.0781682718586306,0.0230130165958143,0.142919888610549,0.0286335941663508
3.46151623653336,0.110470495625821,0.0257796941908766,0.0323656186156156,0.00287725972628108,0.0781048770102059,0.0229024344645955,0.142836114241437,0.0286569539171576
3.46332287340002,0.110397112250979,0.0257361891450488,0.0323553101665765,0.00294395190081309,0.0780418020844022,0.0227922372442357,0.142752422417555,0.0286801410458619
3.46512951026669,0.110323926311514,0.0256927891558041,0.0323448817873843,0.00301036972219951,0.0779790445241293,0.0226824194336046,0.142668808098898,0.0287031588780036
3.46693614713336,0.110250937693266,0.0256494951208925,0.03233432990326,0.00307651246078433,0.0779166077900056,0.0225729826601082,0.142585267596526,0.0287260075816769
3.46874278400003,0.110178140190491,0.0256063046697802,0.0323236547420266,0.00314238787662466,0.0778544854484645,0.0224639167931555,0.142501794932518,0.0287486925464048
3.47054942086669,0.110105530219294,0.0255632168224468,0.0323128549563335,0.00320800009075043,0.0777926752629604,0.0223552167316963,0.142418385175627,0.0287712169131972
3.47235605773336,0.110033107678575,0.0255202325344904,0.0323019267699589,0.0032733483081851,0.0777311809086163,0.0222468842263053,0.142335034448534,0.0287935808426755
3.47416269460003,0.109960866154117,0.0254773492745196,0.0322908707271802,0.0033384406249488,0.0776699954269369,0.0221389086495708,0.142251736881297,0.0288157898994684
3.47596933146669,0.109888802309594,0.0254345661952449,0.0322796853264708,0.00340328081712711,0.0776091169831232,0.0220312853781178,0.142168487636065,0.028837847012372
3.47777596833336,0.109816915881256,0.025391884216183,0.0322683666985411,0.0034678682689915,0.0775485491827145,0.0219240159471915,0.142085282579797,0.0288597524851745
3.47958260520002,0.109745200441362,0.0253493007437791,0.0322569156048669,0.00353221114629345,0.0774882848364956,0.0218170895974857,0.142002116046229,0.0288815118900726
3.48138924206669,0.109673652934537,0.0253068150927469,0.0322453303257056,0.00359631282312486,0.0774283226088319,0.021710502269622,0.141918983260243,0.0289031279158718
3.48319587893336,0.109602272600813,0.025264427950482,0.0322336071718359,0.00366017334371168,0.0773686654289766,0.0216042546067703,0.141835879772648,0.0289246012941937
3.48500251580003,0.109531053351733,0.025222136862071,0.0322217468579152,0.00372380044116726,0.0773093064938174,0.0214983364209037,0.141752800209648,0.0289459373032383
3.48680915266669,0.109459992269615,0.0251799412309425,0.0322097475218325,0.00378719728392953,0.077250244747782,0.021392743947013,0.141669739791447,0.028967138514872
3.48861578953336,0.109389088136751,0.0251378415219004,0.0321976056726718,0.00385036453285408,0.0771914824640797,0.0212874769890463,0.141586693809423,0.0289882060547544
3.49042242640003,0.109318335184733,0.0250958354139078,0.0321853219691544,0.00391330951007832,0.0771330132155785,0.0211825259038295,0.141503657153887,0.0290091449239861
3.49222906326669,0.109247730614331,0.0250539223943435,0.0321728943976803,0.00397603520004931,0.0770748362166507,0.0210778871942942,0.141420625012011,0.0290299575943928
3.49403570013336,0.109177272788578,0.02501210271495,0.0321603196838783,0.0040385428369267,0.0770169531046997,0.0209735598780233,0.141337592472456,0.0290506455518767
3.49584233700003,0.109106956239869,0.0249703741838016,0.0321475984214134,0.00410083935353465,0.0769593578184557,0.020869534830267,0.141254554661282,0.0290712135373363
3.49764897386669,0.109036778268192,0.0249287363674627,0.0321347284360782,0.00416292757199275,0.0769020498321142,0.02076580879547,0.141171506704271,0.0290916639394555
3.49945561073336,0.108966736855798,0.0248871893141434,0.0321217066882843,0.00422480925643785,0.0768450301675134,0.0206623800577055,0.141088443544082,0.0291119985705812
3.50126224760003,0.108896826816647,0.0248457309562651,0.0321085336975213,0.00428649097204447,0.0767882931191256,0.0205592399842206,0.141005360514168,0.0291322219283096
3.50306888446669,0.108827045530704,0.0248043609348121,0.0320952071198553,0.0043479754002679,0.0767318384108489,0.0204563855345442,0.14092225265056,0.02915233633508
3.50487552133336,0.108757390637916,0.0247630791039928,0.0320817241687187,0.00440926479189583,0.0766756664691975,0.0203538143120969,0.140839114806635,0.0291723438958886
3.50668215820003,0.108687857214572,0.0247218835158101,0.032068085280307,0.00447036536611629,0.0766197719342646,0.0202515181496938,0.140755942494878,0.0291922488819264
3.50848879506669,0.108618442701372,0.0246807738809041,0.0320542879318401,0.00453127968538283,0.0765641547695317,0.0201494941955213,0.140672730633212,0.029212053566287
3.51029543193336,0.108549144434439,0.0246397498690105,0.0320403296080103,0.00459201044380877,0.0765088148264286,0.0200477394252017,0.140589474042449,0.0292317603128192
3.51210206880003,0.108479957733149,0.0245988096469494,0.0320262106525995,0.00465256353625802,0.0764537470805493,0.0199462461106914,0.140506168385748,0.0292513731832074
3.51390870566669,0.108410880079701,0.0245579529902512,0.032011928354862,0.00471294142784581,0.0763989517248392,0.0198450115624054,0.140422808434563,0.029270894418097
3.51571534253336,0.108341908544871,0.0245171793937089,0.0319974804889886,0.00477314721268467,0.0763444280558827,0.0197440321810242,0.14033938903386,0.0292903266063936
3.51752197940003,0.108273038671884,0.0244764871341949,0.031982867297228,0.00483318648297795,0.0762901713746561,0.0196433006512169,0.140255905969112,0.0293096736171728
3.51932861626669,0.108204267965197,0.0244358760473654,0.03196808587175,0.00489306162816503,0.0762361820934475,0.0195428144192004,0.140172353836947,0.0293289376755305
3.52113525313336,0.108135593268719,0.0243953454626003,0.0319531342944821,0.00495277609903215,0.0761824589742372,0.0194425693635682,0.140088727563201,0.0293481215616325
3.52294189000003,0.108067010330283,0.0243548937620591,0.0319380126970212,0.00501233520678444,0.076128997633262,0.0193425585552747,0.140005023027304,0.0293672289688436
3.52474852686669,0.107998516657367,0.0243145208367593,0.0319227179653329,0.00507174128684901,0.0760757986920338,0.0192427795499103,0.1399212346227,0.0293862621236083
3.52655516373336,0.107930108905488,0.0242742258601971,0.0319072485073204,0.00513099810335911,0.0760228603981679,0.019143227756838,0.139837357412809,0.0294052239635562
3.52836180060003,0.107861783007852,0.0242340073150547,0.0318916043348083,0.00519011070818543,0.0759701786730433,0.0190438966068692,0.13975338734266,0.0294241180232401
3.53016843746669,0.107793536455714,0.0241938651429452,0.03187578211844,0.00524908140440519,0.0759177543372739,0.01894478373854,0.139669318574154,0.0294429465473504
3.53197507433336,0.107725365754684,0.0241537983710115,0.0318597806103318,0.0053079142261737,0.0758655851443519,0.0188458841448378,0.139585146365016,0.0294617125971852
3.53378171120003,0.107657267004095,0.0241138055776934,0.0318435996934184,0.00536661398768975,0.0758136673106763,0.0187471915900036,0.139500866697513,0.0294804195653831
3.53558834806669,0.107589237659745,0.0240738867504352,0.0318272358139,0.00542518298134277,0.0757620018458452,0.0186487037690924,0.139416473473645,0.029499069731778
3.53739498493336,0.107521274115811,0.0240340407795559,0.0318106880863458,0.00548362546798464,0.0757105860294655,0.0185504153115713,0.139331962202157,0.0295176662475406
3.53920162180003,0.107453372618518,0.0239942663344879,0.0317939562556802,0.00554194604580472,0.075659416362838,0.0184523202886831,0.139247328874198,0.0295362123802926
3.54100825866669,0.107385530568966,0.0239545634437419,0.0317770365345421,0.00560014701816939,0.0756084940344235,0.0183544164255725,0.139162567103508,0.0295547104619113
3.54281489553336,0.107317744288376,0.0239149308703426,0.0317599284181912,0.00565823282929962,0.0755578158701853,0.018256698041043,0.139077672706568,0.0295731636996422
3.54462153240003,0.107250010150628,0.0238753673699503,0.0317426315044229,0.0057162078830392,0.0755073786462049,0.0181591594869111,0.138992641655051,0.0295915752529895
3.54642816926669,0.107182325482881,0.0238358730073773,0.031725141763195,0.00577407451539345,0.0754571837196862,0.0180617984919839,0.138907467246076,0.0296099475227708
3.54823480613336,0.107114686571885,0.023796446427884,0.0317074590886972,0.00583183731062707,0.0754072274831877,0.0179646091172569,0.138822145660582,0.029628283738511
3.55004144300003,0.107047089899929,0.0237570864685932,0.0316895829224755,0.00588950049990111,0.0753575069774532,0.0178675859686921,0.138736672822404,0.0296465869684943
3.55184807986669,0.106979532700997,0.0237177932258542,0.0316715089826884,0.00594706647352299,0.0753080237183087,0.0177707267523312,0.138651041683685,0.0296648596993772
3.55365471673336,0.106912011265842,0.0236785652366922,0.0316532375806924,0.00600453991247519,0.0752587736851495,0.017674025324217,0.138565248846534,0.0296831051491674
3.55546135360003,0.106844522165927,0.0236394014149286,0.0316347679926669,0.00606192489689907,0.0752097541732599,0.0175774765180296,0.138479290158594,0.0297013263118277
3.55726799046669,0.106777062522819,0.0236003018836843,0.0316160956758506,0.00611922389306642,0.0751609668469684,0.0174810779906179,0.13839315819867,0.0297195257767508
3.55907462733336,0.106709628669754,0.0235612650812796,0.0315972213770062,0.00617644163535246,0.0751124072927473,0.0173848234459272,0.13830685004676,0.0297377067166321
3.56088126420003,0.106642217248127,0.0235222899934691,0.0315781441978263,0.0062335820745407,0.0750640730503011,0.0172887079189285,0.138220361445954,0.0297558720680098
3.56268790106669,0.106574825247853,0.0234833767653804,0.0315588593255107,0.00629064777453202,0.0750159659223419,0.0171927289908484,0.138133684573363,0.0297740245399124
3.56449453793336,0.106507449083125,0.0234445237461587,0.0315393679604676,0.00634764347976664,0.0749680811226574,0.0170968802663921,0.138046817043593,0.0297921672259254
3.56630117480003,0.106440085446036,0.0234057299887268,0.0315196690207827,0.0064045730333347,0.0749204164252537,0.0170011569553921,0.137959754466819,0.0298103030220615
3.56810781166669,0.106372731175603,0.0233669956554547,0.031499757414498,0.00646143911842753,0.0748729737611053,0.0169055565370272,0.137872488590101,0.0298284347738823
3.56991444853336,0.106305382805462,0.0233283190158417,0.0314796348139054,0.00651824644622593,0.0748257479915563,0.0168100725696158,0.137785017619367,0.0298465654620676
3.57172108540003,0.106238037059159,0.0232896991852144,0.0314592999443645,0.00657499877378896,0.0747787371147945,0.0167147004114254,0.137697337003523,0.0298646979590033
3.57352772226669,0.106170690605577,0.0232511363384196,0.0314387474256415,0.00663169892526182,0.0747319431799354,0.0166194374131577,0.137609438031218,0.0298828352636814
3.57533435913336,0.10610334013627,0.0232126286748408,0.0314179794201486,0.00668835153523907,0.0746853607161212,0.0165242771396018,0.137521319556418,0.0299009802100799
3.57714099600003,0.106035982380209,0.0231741754017704,0.0313969943112805,0.0067449602706875,0.0746389880689289,0.0164292151310829,0.13743297669149,0.0299191356724579
3.57894763286669,0.105968613837279,0.0231357765987871,0.03137578684177,0.00680152819554243,0.0745928269955086,0.0163342484032447,0.137344400679049,0.0299373047943295
3.58075426973336,0.105901231375054,0.0230974305076686,0.0313543592620262,0.00685805974731397,0.074546872113028,0.0162393707603546,0.13725559063708,0.0299554902549826
3.58256090660003,0.105833831696014,0.0230591364023629,0.0313327096645184,0.00691455855494512,0.0745011220314953,0.0161445778474178,0.137166541360532,0.029973694957308
3.58436754346669,0.105766413604484,0.0230208942210697,0.0313108365882893,0.00697102792977823,0.0744555770161942,0.0160498662912915,0.137077250192773,0.0299919221508479
3.58617418033336,0.105699114412968,0.0229827022988374,0.0312889405484773,0.00702747208295861,0.0744101738644911,0.0159552302158788,0.136988054961446,0.030010174381796
3.58798081720003,0.105632036288913,0.0229445599529574,0.0312671686226852,0.00708389464405061,0.0743648676662277,0.0158606653089068,0.136899204911598,0.030028454597008
3.58978745406669,0.105565179806446,0.02290646698978,0.0312455223539914,0.007140299128477,0.0743196574524549,0.015766167861303,0.136810702160438,0.030046766118257
3.59159409093336,0.10549853932702,0.0228684218328592,0.031223999757913,0.00719668954268167,0.074274539569107,0.0156717322901775,0.136722539084933,0.0300651113755408
3.59340072780003,0.105432113390972,0.0228304238380656,0.0312026012144286,0.00725306953851256,0.074229512176543,0.0155773542995531,0.1366347146054,0.0300834933765782
3.59520736466669,0.105365902072025,0.02279247268943,0.0311813280239145,0.007309442792147,0.0741845740481106,0.015483029897283,0.13654723009594,0.030101915481577
3.59701400153336,0.10529990004363,0.0227545668942464,0.0311601783249056,0.00736581312699095,0.0741397217187243,0.0153887537672555,0.136460078368536,0.0301203800212374
3.59882063840003,0.105234106021491,0.0227167058422004,0.0311391526167134,0.00742218423883893,0.0740949534047781,0.0152945216033615,0.136373258638205,0.0301388900810394
3.60062727526669,0.105168519605007,0.0226788891045322,0.0311182519577147,0.00747855992129658,0.0740502676472923,0.0152003291832356,0.136286771562722,0.0301574490258288
3.60243391213336,0.105103135766585,0.0226411152675116,0.0310974746091114,0.00753494383639493,0.0740056611574741,0.0151061714311166,0.136200610375697,0.0301760591039065
3.60424054900003,0.105037953384259,0.0226033837498738,0.0310768211891952,0.007591339745538,0.0739611321950642,0.0150120440043358,0.136114774573455,0.0301947234954118
3.60604718586669,0.10497297160918,0.0225656940195986,0.0310562925150481,0.0076477515164341,0.0739166790941316,0.0149179425031645,0.136029264124228,0.0302134455360327
3.60785382273336,0.104908185699674,0.0225280447371669,0.0310358869701866,0.00770418267140174,0.0738722987294875,0.0148238620657652,0.135944072669861,0.0302322274085687
3.60966045960003,0.104843594683063,0.0224904353455983,0.031015605291531,0.00776063705911778,0.0738279893915321,0.0147297982864805,0.135859199974594,0.0302510724047161
3.61146709646669,0.10477919728833,0.0224528652191419,0.0309954480555712,0.0078171185780676,0.0737837492327591,0.0146357466410743,0.135774645343902,0.0302699837972095
3.61327373333336,0.104714989046683,0.0224153330877248,0.0309754137677875,0.00787363063251946,0.0737395752788957,0.0145417024552053,0.135690402814471,0.0302889637202443
3.61508037020003,0.10465096912169,0.0223778384138861,0.0309555032833767,0.00793017718008666,0.073695465838313,0.0144476612337994,0.135606472405066,0.0303080155939728
3.61688700706669,0.104587135846246,0.0223403804876743,0.0309357169389407,0.00798676210670506,0.0736514189073058,0.0143536183809692,0.135522852785187,0.0303271425943793
3.61869364393336,0.1045234850114,0.0223029581036973,0.0309160533615708,0.00804338872025678,0.0736074316498292,0.0142595693834405,0.135439538372971,0.0303463468239541
3.62050028080003,0.104460015903927,0.0222655707392497,0.0308965135243887,0.00810006110895307,0.0735635023795379,0.0141655096302966,0.135356529428315,0.0303656318482028
3.62230691766669,0.104396726486715,0.022228217609708,0.0308770975248122,0.00815678310285496,0.073519628961903,0.014071434506853,0.135273824011527,0.0303850007125629
3.62411355453336,0.104333612797612,0.0221908975695972,0.0308578041111923,0.00821355793512107,0.0734758086864198,0.0139773396344761,0.135191416908804,0.0304044555047182
3.62592019140003,0.104270674233561,0.0221536101062012,0.0308386343742234,0.00827038984622471,0.0734320398593378,0.0138832202599765,0.135109308607785,0.0304239999524259
3.62772682826669,0.104207908413524,0.0221163543697554,0.0308195881728428,0.00832728256702559,0.0733883202406812,0.0137890718027298,0.135027496586367,0.030443636936781
3.62953346513336,0.104145311609106,0.0220791292699363,0.0308006643763088,0.00838423927762149,0.0733446472327977,0.0136948899923148,0.134945975985415,0.0304633685475577
3.63134010200003,0.104082883314381,0.022041934299253,0.0307818641925373,0.00844126439241032,0.0733010191218437,0.0136006699068427,0.134864747506918,0.0304831986916633
3.63314673886669,0.10402062083046,0.0220047677738609,0.0307631872426882,0.00849836039880479,0.0732574335877722,0.0135064073750561,0.134783808073149,0.0305031281726657
3.63495337573336,0.103958520649671,0.0219675960274796,0.0307446325165761,0.00855548430488824,0.0732138881330945,0.0134121117225913,0.134703153166247,0.0305230803323678
3.63676001260003,0.103896582350173,0.0219303959040435,0.0307262013389862,0.00861260869007246,0.073170381011187,0.013317787213971,0.134622783689159,0.0305430045941159
3.63856664946669,0.103834802941312,0.0218931659311973,0.0307078930940052,0.00866973622017851,0.0731269098473065,0.0132234297110188,0.134542696035317,0.0305629021513758
3.64037328633336,0.103773179123092,0.021855909515032,0.0306897068916512,0.00872686274102964,0.073083472231441,0.0131290467740023,0.134462886014743,0.0305827722560616
3.64217992320003,0.103711710544725,0.0218186619400579,0.0306716441732272,0.00878393828597165,0.0730400663714978,0.0130347236540862,0.134383354717952,0.0306026002260295
3.64398656006669,0.103650393949865,0.0217814320224754,0.0306537040864499,0.00884095103869306,0.0729966898634151,0.0129404809837823,0.134304098036315,0.0306223830611684
3.64579319693336,0.103589226233158,0.0217442205968684,0.03063588586119,0.00889790043656568,0.0729533403719683,0.0128463201603027,0.134225112094348,0.0306421210334341
3.64759983380003,0.103528207101824,0.0217070288646737,0.030618191054916,0.00895478469304536,0.0729100160469082,0.0127522441716284,0.13414639815674,0.0306618135577191
3.64940647066669,0.103467333059908,0.0216698576132681,0.0306006185796787,0.00901160340970236,0.0728667144802291,0.0126582542035657,0.134067951639587,0.0306814610229704
3.65121310753336,0.103406601183656,0.0216327076797172,0.0305831677848488,0.00906835597762286,0.0728234333988074,0.0125643517020943,0.133989768968505,0.03070106365734
3.65301974440003,0.103346011225258,0.0215955803254596,0.0305658403437093,0.00912504050710888,0.0727801708815485,0.0124705398183507,0.133911851568967,0.0307206208325685
3.65482638126669,0.103285559475228,0.0215584762698988,0.0305486349333478,0.00918165675459743,0.0727369245418799,0.0123768195153013,0.133834194408575,0.0307401330244962
3.65663301813336,0.103225243178373,0.0215213963580719,0.0305315510222843,0.00923820405946232,0.0726936921560891,0.0122831922986096,0.133756794200658,0.0307596004175342
3.65843965500003,0.103165062118813,0.0214843419169089,0.030514590399263,0.0092946804234233,0.0726504717195502,0.0121896614934856,0.133679652518076,0.0307790223403322
3.66024629186669,0.103105012399612,0.0214473135868611,0.0304977515071139,0.00935108576863973,0.072607260892498,0.0120962278182213,0.133602763906726,0.0307983993555008
3.66205292873336,0.103045091421097,0.021410312226426,0.0304810339331526,0.00940741937734517,0.0725640574879449,0.0120028928490808,0.13352612535425,0.0308177316037712
3.66385956560003,0.102985298986278,0.0213733392335154,0.030464439581234,0.00946367913725054,0.0725208594050441,0.0119096600962648,0.133449738567512,0.0308370183707659
3.66566620246669,0.102925631036847,0.0213363951586482,0.0304479666606328,0.00951986514709113,0.0724776643762147,0.011816530011557,0.13337359769748,0.0308562603057393
3.66747283933336,0.102866085115615,0.0212994808792729,0.0304316148771101,0.00957597662653339,0.0724344702385053,0.0117235042527396,0.133297699992725,0.0308754575058063
3.66927947620003,0.102806661031439,0.0212625978697722,0.0304153862492782,0.00963201134385173,0.0723912747821612,0.0116305865259205,0.133222047280718,0.0308946092136239
3.67108611306669,0.102747354590722,0.0212257465797537,0.0303992787535612,0.00968796958521298,0.072348075837161,0.0115377769945407,0.133146633344283,0.0309137161649666
3.67289274993336,0.102688163466923,0.0211889279114651,0.0303832922151048,0.00974385050145204,0.0723048712518183,0.011445077410013,0.133071455682028,0.0309327784129171
3.67469938680003,0.102629087458085,0.0211521434201729,0.0303674287630522,0.00979965173848838,0.0722616586950324,0.0113524916816845,0.132996516221137,0.0309517951586613
3.67650602366669,0.102570122265023,0.021115393444671,0.0303516861455557,0.00985537377826629,0.0722184361194675,0.0112600196664047,0.132921808410579,0.0309707672229373
3.67831266053336,0.102511265779753,0.0210786789521976,0.0303360644215988,0.00991101562018489,0.072175201358154,0.0111676633320127,0.132847330201352,0.0309896945723825
3.68011929740003,0.102452517470001,0.0210420014792109,0.0303205654822121,0.00996657501642199,0.0721319519877892,0.0110754264627889,0.132773082952214,0.0310085764956329
3.68192593426669,0.102393873263538,0.0210053613478936,0.0303051871962718,0.010022052421513,0.0720886860672662,0.0109833089263806,0.13269906045981,0.0310274137694067
3.68373257113336,0.102335331142699,0.020968759566393,0.0302899297397991,0.0100774467505802,0.0720454014028998,0.0108913128158128,0.132625260882498,0.0310462063169732
3.68553920800003,0.102276890270977,0.0209321976413799,0.0302747947664147,0.0101327558729138,0.072002095504562,0.0107994417684661,0.132551685037391,0.0310649535142938
3.68734584486669,0.102218546790054,0.0208956758839152,0.0302597802653665,0.0101879802102144,0.0719587665246873,0.0107076956737008,0.13247832705542,0.0310836560941297
3.68915248173336,0.102160298759549,0.0208591953485448,0.0302448865293621,0.0102431185878988,0.0719154122301866,0.010616076760646,0.132405185288911,0.0311023139364437
3.69095911860003,0.102102145064798,0.0208227575011731,0.0302301149753159,0.0102981690032256,0.0718720300894823,0.0105245884979475,0.132332260040114,0.0311209265043987
3.69276575546669,0.102044082048358,0.020786362647229,0.0302154637124961,0.0103531318396319,0.0718286183358618,0.010433230807597,0.132259545760854,0.0311394944868609
3.69457239233336,0.10198610783409,0.0207500118931466,0.030200933149944,0.0104080058274024,0.0717851746841456,0.0103420060657442,0.132187040984033,0.0311580177205489
3.69637902920003,0.101928221055253,0.0207137066530842,0.0301865244685721,0.0104627891026185,0.0717416965866806,0.0102509175504657,0.132114745523825,0.0311764957557027
3.69818566606669,0.101870418242238,0.0206774472323285,0.0301722358973167,0.010517482005027,0.0716981823449214,0.0101599652273016,0.132042654139555,0.0311949292373555
3.69999230293336,0.101812697570109,0.0206412347946915,0.0301580679612013,0.0105720831643521,0.0716546296089074,0.0100691516303394,0.13197076553131,0.0312133179590436
3.70179893980003,0.101755057446128,0.0206050706916065,0.0301440216058396,0.0106265908663543,0.0716110358402887,0.00997847982525223,0.131899079051968,0.0312316615579608
3.70360557666669,0.101697494575481,0.0205689552337073,0.0301300951794848,0.0106810054016608,0.0715673993959964,0.00988794983204649,0.131827589754966,0.0312499606353681
3.70541221353336,0.101640007171393,0.0205328896476733,0.0301162893227903,0.0107353252940102,0.0715237178486031,0.00979756435366307,0.131756296494184,0.0312682149416834
3.70721885040003,0.101582593441212,0.0204968752112335,0.030102604746775,0.0107895489896941,0.0714799886944369,0.00970732622153937,0.131685198187987,0.0312864242009276
3.70902548726669,0.101525250251875,0.0204609122458587,0.0300890399186565,0.0108436767247955,0.0714362103332183,0.00961723552106316,0.131614290170531,0.0313045889706542
3.71083212413336,0.101467975841732,0.0204250020465854,0.0300755955943674,0.0108977069116372,0.0713923802473642,0.00952729513494822,0.131543571436099,0.0313227089582225
3.71263876100003,0.101410768244291,0.0203891458064588,0.0300622722510342,0.0109516381678996,0.0713484959932568,0.00943750763855922,0.131473040495325,0.0313407839743584
3.71444539786669,0.101353624475207,0.0203533438632763,0.0300490684744884,0.0110054706696918,0.0713045560007182,0.00934787319358459,0.131402692949695,0.0313588145329681
3.71625203473336,0.10129654278491,0.0203175975859211,0.0300359851355886,0.0110592027124951,0.0712605576493213,0.009258394873426,0.131332527920499,0.0313768002984162
3.71805867160003,0.101239521059153,0.0202819080717757,0.030023022478274,0.011112833096232,0.0712164985808791,0.0091690749755437,0.131262543537427,0.0313947411680077
3.71986530846669,0.101182556449263,0.0202462756804535,0.0300101792066367,0.0111663619316117,0.0711723772426266,0.00907991374884185,0.1311927356559,0.0314126376120651
3.72167194533336,0.101125647204716,0.0202107018601739,0.0299974563061104,0.0112197873918451,0.071128190898606,0.00899091446832876,0.131123103510827,0.031430489252019
3.72347858220003,0.101068791089585,0.0201751876016777,0.0299848537881503,0.0112731084699531,0.0710839373014351,0.0089020791317246,0.131053644877736,0.0314482960716309
3.72528521906669,0.101011985377833,0.0201397332918838,0.029972370474758,0.0113263252058161,0.0710396149030747,0.00881340808606777,0.130984355852591,0.0314660584976999
3.72709185593336,0.100955228304938,0.0201043404638374,0.0299600074655895,0.0113794356449489,0.0709952208393483,0.00872490481888854,0.130915235770527,0.0314837761087863
3.72889849280003,0.100898517539375,0.0200690099906583,0.0299477645403199,0.0114324389843239,0.0709507529990551,0.00863657100633446,0.130846282079695,0.0315014489749822
3.73070512966669,0.100841850464702,0.0200337422920607,0.0299356406385082,0.0114853351875671,0.0709062098261939,0.0085484071044936,0.13077749110321,0.0315190774796278
3.73251176653336,0.100785225289362,0.0199985389914051,0.0299236369736819,0.0115381221670676,0.07086158831568,0.0084604168243375,0.130708862263044,0.0315366611584727
3.73431840340003,0.10072863961231,0.019963400833211,0.0299117530944386,0.0115907993346063,0.0708168865178712,0.00837260149860472,0.130640392706748,0.0315542001678173
3.73612504026669,0.100672090913659,0.0199283282754776,0.0298999880575439,0.0116433665721254,0.0707721028561148,0.00828496170335212,0.130572078971203,0.031571694847603
3.73793167713336,0.100615577361776,0.0198933230373704,0.0298883431900438,0.0116958216534628,0.0707272341717318,0.00819750138390757,0.130503920551819,0.0315891446908332
3.73973831400003,0.100559096512177,0.0198583857238292,0.0298768178101634,0.0117481642160613,0.0706822787020132,0.00811022150776789,0.13043591432234,0.0316065499398906
3.74154495086669,0.10050264592849,0.0198235168366279,0.0298654110915213,0.0118003940547528,0.0706372348369688,0.00802312278187511,0.130368057020011,0.0316239108913807
3.74335158773336,0.100446223725967,0.0197887181962265,0.0298541244743318,0.0118525087993963,0.0705920992516351,0.00793620939683024,0.130300348200299,0.0316412269956227
3.74515822460003,0.100389827442763,0.0197539902570065,0.02984295704715,0.0119045083239507,0.0705468703956134,0.00784948193305581,0.130232784489913,0.0316584985809573
3.74696486146669,0.100333454712984,0.0197193335700053,0.0298319081000969,0.011956392330711,0.0705015466128867,0.00776294123929427,0.13016536281308,0.0316757259007162
3.74877149833336,0.100277102345061,0.0196847500624675,0.0298209809407625,0.0120081583001289,0.0704561214042986,0.00767659176233853,0.130098083285824,0.0316929083625964
3.75057813520003,0.100220766143781,0.0196502400272363,0.0298101768924253,0.0120598063535358,0.0704105892513559,0.00759043367370051,0.130030943036206,0.0317100463807721
3.75238477206669,0.100164445982707,0.0196158040701032,0.0297994922755091,0.0121113360952611,0.0703649537071978,0.00750446797484213,0.129963938258216,0.0317271401653643
3.75419140893336,0.10010814221652,0.0195814442305863,0.0297889253829172,0.0121627448509224,0.0703192168336024,0.00741869937966386,0.129897067599437,0.0317441890815087
3.75599804580003,0.100051854786012,0.0195471606290121,0.0297784715096819,0.0122140330000782,0.0702733832763298,0.00733312762893397,0.129830326295694,0.0317611936290903
3.75780468266669,0.0999955837511915,0.0195129539314148,0.0297681268911378,0.0122652000436649,0.0702274568600537,0.00724775388774995,0.129763710642329,0.0317781539750797
3.75961131953336,0.0999393294880909,0.0194788262950766,0.0297578897716658,0.0123162431470383,0.0701814397164251,0.00716258314803835,0.129697219259757,0.0317950694421149
3.76141795640003,0.0998830919013463,0.0194447776568272,0.0297477553559672,0.0123671629588391,0.070135336545379,0.00707761469798811,0.129630847257313,0.0318119406156663
3.76322459326669,0.0998268710657715,0.0194108087484339,0.02973772001823,0.0124179588711832,0.0700891510475415,0.00699284987725068,0.129564591084001,0.0318287676196171
3.76503123013336,0.0997706673794394,0.0193769218504319,0.029727781934543,0.0124686278837379,0.0700428854448964,0.00690829396669399,0.129498449313982,0.0318455497341698
3.76683786700003,0.0997144807094492,0.0193431167051751,0.0297179362588159,0.0125191709250798,0.0699965444506333,0.00682394578009529,0.129432416968265,0.0318622876302549
3.76864450386669,0.099658311146111,0.0193093941156539,0.0297081794843206,0.0125695872730784,0.0699501316617904,0.00673980684257547,0.129366490630432,0.0318789813887323
3.77045114073336,0.0996021591102291,0.0192757564911454,0.0296985096990836,0.0126198737562827,0.0699036494111455,0.00665588273486276,0.129300668809313,0.0318956302474281
3.77225777760003,0.0995460244299849,0.0192422033685495,0.029688922045763,0.0126700315940625,0.0698571023842219,0.00657217177448705,0.129234946475748,0.031912234962612
3.77406441446669,0.0994899072180745,0.019208735658012,0.0296794131435052,0.0127200598986167,0.0698104940745693,0.0064886757593953,0.12916932036158,0.0319287955566288
3.77587105133336,0.0994338079001247,0.019175355811711,0.029669980892823,0.0127699554599342,0.0697638270073017,0.00640540035177684,0.129103788792948,0.0319453112716452
3.77767768820003,0.0993777262826175,0.0191420632414438,0.0296606205443435,0.0128197196610478,0.069717105738274,0.00632234358039597,0.129038346826961,0.0319617829024915
3.77948432506669,0.0993216625064939,0.0191088589968053,0.0296513288299722,0.0128693514045187,0.0696703336765218,0.00623950759228662,0.128972991336466,0.0319782104013239
3.78129096193336,0.0992656169687903,0.0190757454066219,0.0296421033432958,0.0129188476899537,0.0696235136254945,0.00615689771666819,0.128907720312086,0.0319945930965757
3.78309759880003,0.0992095894870114,0.0190427219183513,0.0296329395820924,0.0129682098212976,0.069576649904919,0.00607451209705372,0.128842529069104,0.0320109317396489
3.78490423566669,0.0991535802203564,0.0190097896747695,0.0296238343182728,0.013017436565154,0.0695297459020835,0.00599235310961556,0.128777414538629,0.0320272262399235
3.78671087253336,0.0990975895358904,0.0189769508703716,0.0296147848780369,0.0130665251416028,0.0694828046578535,0.00591042572876888,0.128712374413927,0.0320434760119744
3.78851750940003,0.0990416172628308,0.0189442049937657,0.0296057869865445,0.0131154767700732,0.0694358302762863,0.00582872822369253,0.128647404249375,0.0320596817638389
3.79032414626669,0.0989856635793263,0.018911553286398,0.0295968374359422,0.0131642900757838,0.0693888261433841,0.00574726321061418,0.128582501015268,0.0320758433621818
3.79213078313336,0.098929728821089,0.0188789977974537,0.0295879333245817,0.0132129625101428,0.0693417954965073,0.00566603528731085,0.128517662145671,0.0320919603075965
3.79393742000003,0.0988738128297403,0.0188465380621801,0.0295790705852348,0.0132614952026361,0.0692947422445055,0.00558504285954401,0.128452883414975,0.0321080332648163
3.79574405686669,0.098817915803068,0.0188141754261843,0.0295702460105148,0.0133098866316697,0.0692476697925532,0.00550428879451462,0.128388161813583,0.0321240620578541
3.79755069373336,0.0987620380440506,0.0187819117823613,0.0295614565104646,0.0133581344908353,0.069200581533586,0.00542377729152603,0.128323494554515,0.0321400462731966
3.79935733060003,0.0987061794074041,0.0187497467180884,0.0295526982056984,0.0134062398142478,0.0691534812017057,0.00534350690384058,0.128258877613102,0.0321559865323362
3.80116396746669,0.0986503401112456,0.018717681688622,0.0295439678695261,0.0134542009280734,0.0691063722417195,0.00526348076054866,0.128194307980772,0.0321718826166954
3.80297060433336,0.0985945204244395,0.0186857184195884,0.0295352622632211,0.0135020157789416,0.0690592581612184,0.00518370264064674,0.128129782687661,0.03218773419853
3.80477724120003,0.0985387202154862,0.0186538565559838,0.0295265776754698,0.0135496853001695,0.0690121425400164,0.00510417125581426,0.128065297890956,0.0322035418561533
3.80658387806669,0.0984829397235234,0.0186220976682043,0.0295179108405108,0.0135972076602559,0.0689650288830126,0.00502489000794842,0.128000850564034,0.0322193053284603
3.80839051493336,0.09842717918192,0.018590443303628,0.0295092584103857,0.0136445810697233,0.0689179207715343,0.00494586223390468,0.127936437592306,0.0322350243733514
3.81019715180003,0.0983714384736513,0.01855889317036,0.0295006168220847,0.013691806355663,0.0688708216515665,0.00486708681469691,0.127872055295736,0.032250699526023
3.81200378866669,0.0983157178595661,0.0185274489594249,0.0294919827510037,0.013738881523479,0.0688237351085624,0.0047885674359459,0.12780770061057,0.0322663304829039
3.81381042553336,0.0982600175361563,0.0184961120289739,0.0294833527794933,0.0137858050584419,0.068776664756663,0.00471030697053194,0.12774337031565,0.0322819170874158
3.81561706240003,0.0982043374015636,0.0184648821557101,0.0294747234730774,0.0138325776759894,0.0687296139284861,0.00463230447972075,0.127679060874641,0.0322974598316995
3.81742369926669,0.0981486777390378,0.0184337611567771,0.0294660914285402,0.0138791972130041,0.0686825863104976,0.00455456394377303,0.127614769167578,0.0323129583697812
3.81923033613336,0.098093038706813,0.0184027501901192,0.0294574531980792,0.0139256624403586,0.0686355855087337,0.00447708774976063,0.127550491904892,0.0323284126304777
3.82103697300003,0.0980374202188871,0.0183718491065279,0.0294488054559831,0.0139719739564106,0.068588614762904,0.00439987515011731,0.12748622567487,0.0323438230629385
3.82284360986669,0.0979818225816024,0.0183410598547545,0.0294401447006549,0.0140181294240923,0.0685416778809475,0.00432293043066221,0.127421967282257,0.0323591892788468
3.82465024673336,0.0979262459135541,0.0183103833815578,0.0294314674936786,0.0140641279107351,0.0684947784198755,0.00424625547082273,0.127357713407233,0.0323745112922929
3.82645688360003,0.0978706901452864,0.0182798196173068,0.0294227705983367,0.0141099698921877,0.0684479195469497,0.00416984972511908,0.127293460743623,0.0323897895094945
3.82826352046669,0.0978151556069249,0.0182493706478504,0.029414050394883,0.0141556528520054,0.0684011052120419,0.00409371779584503,0.127229206001808,0.0324050234998558
3.83007015733336,0.0977596423760439,0.0182190371977828,0.0294053034938256,0.0142011761648324,0.0683543388822183,0.00401786103295041,0.12716494586987,0.0324202133626153
3.83187679420003,0.097704150400426,0.0181888192825401,0.0293965267276732,0.014246540178582,0.0683076236727528,0.00394227910395806,0.127100677128099,0.0324353594611221
3.83368343106669,0.0976486800346691,0.0181587191305587,0.029387716338759,0.014291742192005,0.0682609636959101,0.0038669769385537,0.127036396373428,0.0324504613225636
3.83549006793336,0.0975932313139469,0.018128737233288,0.0293788690260557,0.0143367818979126,0.0682143622878912,0.00379195533537544,0.126972100340003,0.0324655191312006
3.83729670480003,0.0975378042039697,0.0180988736967215,0.0293699816715276,0.0143816595108552,0.0681678225324421,0.00371721418586638,0.126907785875497,0.0324805332075767
3.83910334166669,0.0974823990844995,0.0180691308973723,0.0293610503598184,0.0144263721393518,0.0681213487246811,0.00364275875802043,0.126843449444318,0.0324955030367241
3.84090997853336,0.0974270159469274,0.0180395090825667,0.029352071917904,0.0144709198052364,0.0680749440290234,0.00356858927733026,0.126779087864831,0.0325104288878031
3.84271661540003,0.0973716547755821,0.0180100084543443,0.0293430432574346,0.0145153025842687,0.0680286115181475,0.00349470587007565,0.126714698033017,0.032525311038613
3.84452325226669,0.0973163159760805,0.0179806315427847,0.0293339602855957,0.0145595173893082,0.0679823556904848,0.00342111415347652,0.126650276261676,0.0325401489320929
3.84632988913336,0.0972609994946495,0.0179513783401123,0.0293248199969048,0.014603564582066,0.0679361794977447,0.00334781375804623,0.126585819491554,0.0325549429221783
3.84813652600003,0.0972057053349276,0.0179222491499021,0.0293156193129297,0.0146474440940842,0.0678900860219979,0.00327480505581788,0.126521324647857,0.0325696932439864
3.84994316286669,0.0971504339290763,0.0178932466612901,0.0293063539436261,0.014691152637135,0.0678440799854502,0.00320209402415507,0.126456787872702,0.0325843992984251
3.85174979973336,0.0970951851767778,0.0178643706004185,0.0292970210905939,0.0147346909236624,0.0677981640861839,0.00312967967675614,0.126392206267372,0.0325990615240809
3.85355643660003,0.0970399591016703,0.0178356213778883,0.0292876176655472,0.0147780587355626,0.0677523414361231,0.00305756264232572,0.126327576767218,0.0326136801134509
3.85536307346669,0.096984756163151,0.0178070018473812,0.0292781391614447,0.0148212525780939,0.0677066170017063,0.00298574926928729,0.126262895324596,0.0326282544254751
3.85716971033336,0.0969295762129765,0.0177785114579784,0.0292685830265056,0.014864273525287,0.0676609931864709,0.0029142379326914,0.126198159239482,0.0326427849832655
3.85897634720003,0.0968744192954747,0.0177501507327963,0.0292589461428222,0.0149071212039658,0.0676154731526525,0.00284302952883052,0.126133365438297,0.032657271936762
3.86078298406669,0.0968192858979693,0.0177219226955517,0.0292492237665859,0.0149497919074464,0.0675700621313834,0.00277213078810531,0.126068509664555,0.0326717146029981
3.86258962093336,0.0967641758229096,0.017693826507286,0.0292394136321749,0.0149922870822016,0.0675247621907347,0.00270153942508436,0.126003589455084,0.0326861135894875
3.86439625780003,0.0967090891360049,0.0176658773717205,0.0292295125722901,0.0150345855999274,0.0674795765637148,0.00263129177179315,0.125938601708295,0.0327004629716479
3.86620289466669,0.0966540263531953,0.0176381214548879,0.0292195155865853,0.0150766227723535,0.0674345107666101,0.00256149868253432,0.125873541939781,0.0327147442272414
3.86800953153336,0.0965989872262419,0.0176105571572203,0.0292094207351371,0.0151184010820354,0.0673895664911048,0.00249215607518492,0.125808407961379,0.0327289582392557
3.86981616840003,0.0965439718429253,0.0175831822142677,0.0291992247814853,0.0151599241131146,0.06734474706144,0.00242325810115314,0.125743196624411,0.0327431063273823
3.8716228052667,0.0964889807484934,0.0175559979143154,0.0291889224489773,0.0152011906772355,0.067300058299516,0.00235480723707996,0.125677903197471,0.0327571885915509
3.87342944213336,0.0964340136426374,0.0175289989075049,0.0291785121629269,0.0152422085164138,0.0672555014797105,0.00228679039109108,0.125612525805564,0.0327712074239187
3.87523607900003,0.0963790706527227,0.017502183245031,0.0291679905182825,0.0152829807892609,0.0672110801344402,0.00221920245577012,0.125547061171005,0.0327851640342919
3.87704271586669,0.0963241523035278,0.0174755519025533,0.0291573521812971,0.0153235067556616,0.0671668001222306,0.00215204514689179,0.125481504484825,0.0327990586582149
3.87884935273336,0.0962692582917603,0.0174490973011463,0.0291465957430794,0.0153637906046311,0.0671226625486809,0.00208530669651511,0.12541585403484,0.0328128879057774
3.88065598960003,0.0962143887755598,0.0174228090861432,0.0291357176410684,0.0154038230098075,0.0670786711344914,0.00201898607633568,0.125350106416628,0.0328266320959507
3.88246262646669,0.0961595442379627,0.0173966865899684,0.0291247126110799,0.0154436021562605,0.0670348316268829,0.00195308443370789,0.125284256849043,0.0328402887462289
3.88426926333336,0.0961047243932754,0.017370724983269,0.0291135793031294,0.0154831353261032,0.066991145090146,0.00188758965716579,0.125218303696405,0.0328538603093721
3.88607590020003,0.0960499294244704,0.0173449225677014,0.0291023140064165,0.0155224250172305,0.0669476154180539,0.00182249755047088,0.125152243430887,0.0328673475849319
3.88788253706669,0.0959951597714626,0.0173192792044081,0.0290909115658602,0.015561471339398,0.0669042482056024,0.00175780786501016,0.125086071337323,0.0328807505438061
3.88968917393336,0.0959404151668466,0.0172937903236723,0.029079370670612,0.0156002811825665,0.0668610444962346,0.00169350914110581,0.125019785837459,0.0328940715062388
3.89149581080003,0.0958856958191192,0.0172684543563742,0.0290676874418628,0.0156388568458008,0.0668180083772565,0.00162959751057344,0.124953383260982,0.032907311202175
3.89330244766669,0.0958310021236918,0.0172432707872426,0.0290558568731732,0.0156771990113885,0.0667751452505187,0.00156607177585409,0.124886858996865,0.0329204697986311
3.89510908453336,0.0957763338321382,0.0172182352937502,0.0290438776730619,0.0157153141955886,0.0667324561590763,0.00150292109816167,0.1248202115052,0.0329335494893388
3.89691572140003,0.0957216911791701,0.0171933464235554,0.0290317457749418,0.0157532045170857,0.0666899454042283,0.00144014190646975,0.124753436954112,0.0329465509406411
3.89872235826669,0.0956670745143145,0.0171686033098657,0.0290194563605537,0.0157908711937994,0.0666476181537608,0.0013777321160663,0.124686530874868,0.0329594745036652
3.90052899513336,0.0956124836088147,0.0171440018648972,0.0290070081380143,0.0158283203867368,0.0666054754708004,0.00131568147816044,0.124619491746829,0.0329723222516341
3.90233563200003,0.0955579187242879,0.0171195407406397,0.0289943968331886,0.015865554052653,0.0665635218910994,0.00125398668798671,0.124552315557476,0.0329850947932926
3.90414226886669,0.0955033801629952,0.0170952187436722,0.0289816178555368,0.0159025739081986,0.0665217623074584,0.0011926448354736,0.124484998018532,0.0329977926518708
3.90594890573336,0.0954488677165403,0.0170710320085074,0.0289686698930041,0.0159393857775789,0.0664801978235363,0.00113164623092847,0.124417537609544,0.0330104177860863
3.90775554260003,0.0953943816741365,0.0170469792790213,0.0289555484441377,0.0159759914740701,0.0664388332299987,0.00107098780495124,0.124349930118274,0.0330229707530914
3.9095621794667,0.095339922289398,0.0170230590600558,0.0289422491856575,0.0160123931761532,0.0663976731037405,0.00101066588390255,0.124282171475056,0.033035452236209
3.91136881633336,0.0952854893749793,0.0169992676959751,0.028928770765566,0.0160485963896827,0.0663567186094133,0.000950671306292433,0.124214260140545,0.0330478640856578
3.91317545320003,0.0952310832483805,0.0169756040100941,0.0289151084353247,0.0160846028029046,0.0663159748130558,0.000891001207189469,0.124146191683705,0.0330602068129987
3.91498209006669,0.0951767041131873,0.016952066230411,0.0289012581784506,0.016120415019231,0.0662754459347367,0.000831651211179955,0.124077962291638,0.033072481249642
3.91678872693336,0.0951223518037962,0.0169286508986944,0.0288872185832353,0.016156038244615,0.0662351332205609,0.000772612654079411,0.124009570387032,0.0330846891433095
3.91859536380003,0.0950680266666838,0.0169053569052525,0.0288729846342844,0.0161914740607241,0.0661950420323995,0.000713882844528398,0.123941011300968,0.0330968309659767
3.9204020006667,0.095013739248969,0.016882182226132,0.0288585673621185,0.0162267254589996,0.0661551718868505,0.00065545676713236,0.123872306611088,0.0331089076851316
3.92220863753336,0.0949595338879892,0.0168591235880597,0.0288440281804887,0.0162617973639441,0.0661155057075005,0.000597326224115638,0.123803562068478,0.0331209209520038
3.92401527440003,0.094905418550106,0.0168361799358909,0.0288293725215629,0.0162966912690962,0.0660760460285431,0.000539488666794714,0.123734791071669,0.0331328712049872
3.92582191126669,0.094851394718194,0.0168133490186129,0.0288145990576165,0.0163314105170265,0.0660367956605775,0.000481938501586371,0.12366599377581,0.0331447595356394
3.92762854813336,0.0947974631296671,0.0167906277354652,0.0287997074108482,0.0163659597692371,0.0659977557188189,0.000424667966228087,0.123597170540515,0.0331565875047023
3.92943518500003,0.0947436262895712,0.0167680150734035,0.0287846949406296,0.0164003404495881,0.0659589313489416,0.000367674623815394,0.123528321230201,0.0331683555229916
3.9312418218667,0.0946898854934466,0.0167455085792483,0.0287695605563315,0.0164345562148793,0.0659203249371151,0.000310952364369035,0.123459446049778,0.0331800647941276
3.93304845873336,0.094636241530124,0.0167231053123051,0.028754303800169,0.0164686114820621,0.065881937729955,0.000254493830243018,0.123390545330293,0.0331917167943671
3.93485509560003,0.0945826970494825,0.0167008042891844,0.0287389218662657,0.0165025076237678,0.0658437751832168,0.000198296665416653,0.123321618915748,0.0332033119129522
3.9366617324667,0.094529253141897,0.0166786028794321,0.0287234139173607,0.0165362485741255,0.0658058392245363,0.000142354305306642,0.123252667059258,0.0332148514535576
3.93846836933336,0.0944759106565301,0.0166564982899738,0.0287077794075495,0.0165698385239857,0.0657681312489805,8.66597659880952e-05,0.12318369006408,0.0332263368139595
3.94027500620003,0.0944226723970099,0.0166344895546282,0.0286920153575686,0.0166032788132028,0.0657306570394412,3.12107414253207e-05,0.123114687754578,0.033237768367831
3.94208164306669,0.0943695392307149,0.0166125738905588,0.0286761211998018,0.0166365736163323,0.0656934180309131,-2.39997257735144e-05,0.123045660430517,0.0332491475068912
3.94388827993336,0.0943165120760551,0.0165907486398651,0.0286600962920867,0.0166697269165765,0.0656564157839684,-7.89782767113556e-05,0.122976608368142,0.0332604755564416
3.94569491680003,0.0942635938993233,0.0165690128411285,0.0286439374736356,0.0167027400394603,0.0656196564256877,-0.000133727198331792,0.122907531372959,0.0332717528805888
3.9475015536667,0.0942107853270702,0.0165473635840223,0.0286276444627519,0.0167356173630679,0.0655831408643183,-0.00018825377904555,0.122838429789822,0.0332829809470902
3.94930819053336,0.0941580873558691,0.0165257983333737,0.0286112165128781,0.0167683626814012,0.065546870842991,-0.000242564348027476,0.122769303868747,0.0332941610147749
3.95111482740003,0.0941055031235925,0.0165043161200801,0.028594650273564,0.0168009773241083,0.0655108528500285,-0.000296661204028211,0.122700153397156,0.0333052934441884
3.9529214642667,0.0940530329981329,0.0164829139312172,0.0285779457653086,0.0168334658358996,0.0654750872328244,-0.000350551904682334,0.122630978763441,0.0333163797671168
3.95472810113336,0.094000678063142,0.0164615893418938,0.0285611021290211,0.016865831840028,0.0654395759341209,-0.00040424249813422,0.122561780192163,0.0333274211819218
3.95653473800003,0.0939484416369875,0.0164403413628768,0.0285441158164514,0.0168980766887139,0.0654043258205361,-0.000457735325837118,0.122492557453439,0.0333384180515906
3.9583413748667,0.0938963238110728,0.0164191669035378,0.0285269871665693,0.0169302050563947,0.0653693366445036,-0.000511038152856882,0.122423310977642,0.0333493719599325
3.96014801173336,0.0938443257650437,0.0163980636368196,0.0285097151996134,0.0169622204140242,0.0653346105654303,-0.000564156777204554,0.122354040964657,0.0333602840508438
3.96195464860003,0.0937924510066782,0.0163770305409132,0.0284922961613955,0.016994124154845,0.0653001548452827,-0.000617093613931821,0.122284747168074,0.0333711546957582
3.9637612854667,0.0937406993330598,0.0163560644723777,0.0284747307256315,0.0170259210461211,0.0652659686074283,-0.000669856573743337,0.122215430058691,0.0333819855184988
3.96556792233336,0.093689072028744,0.016335163189545,0.028457017783752,0.0170576144249571,0.0652320542449921,-0.000722451235412088,0.122146089812496,0.0333927776145021
3.96737455920003,0.0936375727998346,0.0163143256255835,0.0284391533674934,0.0170892057440691,0.0651984194323412,-0.000774880118485526,0.122076726167328,0.0334035313696526
3.9691811960667,0.0935862011312641,0.0162935486091319,0.0284211385015929,0.0171206998266463,0.0651650626296712,-0.000827151217514404,0.122007339632857,0.0334142484357781
3.97098783293336,0.0935349584297799,0.0162728299750702,0.0284029719307186,0.0171520998885706,0.0651319864990614,-0.000879269913500381,0.121937930360498,0.0334249298636408
3.97279446980003,0.0934838485836264,0.0162521685882819,0.0283846494938427,0.0171834074779534,0.0650991990897838,-0.000931238889671549,0.121868498077469,0.0334355760662353
3.9746011066667,0.0934328707728553,0.016231561285194,0.0283661725535503,0.0172146274195375,0.0650666982193049,-0.000983066134343451,0.121799043326406,0.0334461887047315
3.97640774353336,0.0933820266502433,0.0162110060056287,0.0283475395660212,0.0172457627595819,0.0650344870842221,-0.00103475675395319,0.121729566216264,0.0334567687652105
3.97821438040003,0.0933313199252236,0.0161905014004025,0.0283287465995407,0.017276815378066,0.0650025733256829,-0.00108631397766357,0.121660066524764,0.0334673167784685
3.9800210172667,0.0932807498250031,0.0161700444719589,0.0283097949406021,0.0173077898463626,0.064970954884401,-0.00113774537440375,0.121590544765605,0.0334778343183215
3.98182765413336,0.0932303181429302,0.0161496331957236,0.0282906828840249,0.0173386891506832,0.0649396352589053,-0.00118905595495953,0.121521001026955,0.0334883223464068
3.98363429100003,0.0931800283917961,0.0161292660333397,0.0282714067436849,0.0173695154659742,0.0649086216481112,-0.00124024943263453,0.121451435135481,0.0334987814993139
3.9854409278667,0.093129879854878,0.0161089401408202,0.0282519677218448,0.0174002731286894,0.0648779121330332,-0.00129133298786923,0.121381847576723,0.0335092132695096
3.98724756473336,0.093079874475011,0.0160886535167488,0.0282323639438275,0.0174309650834415,0.0648475105311835,-0.00134231156669263,0.121312238418839,0.0335196186001903
3.98905420160003,0.0930300155505138,0.0160684044584877,0.0282125919853731,0.0174615937632459,0.0648174235651408,-0.00139318930475819,0.121242607535887,0.0335299982217335
3.9908608384667,0.0929803024296495,0.0160481902631727,0.0281926529563765,0.017492163288085,0.064787649473273,-0.00144397302491236,0.121172955386026,0.0335403535512577
3.99266747533336,0.0929307372136556,0.0160280089400992,0.0281725448045262,0.0175226765794251,0.0647581924091294,-0.00149466763932597,0.121103282018182,0.0335506855195243
3.99447411220003,0.0928813229685467,0.0160078586472407,0.0281522643837022,0.0175531362914478,0.0647290585848445,-0.00154527764420713,0.121033587352249,0.0335609949386885
3.9962807490667,0.0928320591164875,0.0159877368104101,0.0281318127032943,0.0175835463461168,0.0647002464131933,-0.00159580953570661,0.120963871819782,0.0335712831565269
3.99808738593336,0.0927829479260336,0.0159676414371687,0.0281111875252185,0.0176139096602009,0.0646717604008151,-0.00164626822303221,0.120894135451252,0.0335815510973696
3.99989402280003,0.0927339922130647,0.0159475705709931,0.0280903859977698,0.017644229072148,0.0646436062152948,-0.00169665850115493,0.120824378210834,0.0335917996431412
4.0017006596667,0.0926851914825621,0.0159275217539272,0.0280694090216957,0.0176745083243528,0.0646157824608664,-0.00174698657042564,0.120754600504258,0.03360203007828
4.00350729653336,0.0926365481793149,0.0159074929793516,0.0280482541650018,0.0177047503473372,0.0645882940143132,-0.00179725736798559,0.120684802344317,0.0336122433266888
4.00531393340003,0.0925880648512375,0.0158874822011389,0.0280269188866738,0.0177349581269143,0.0645611459645636,-0.00184747592577533,0.120614983737911,0.0336224403280532
4.0071205702667,0.0925397410950431,0.0158674870651178,0.0280054039706783,0.0177651352443606,0.0645343371243648,-0.00189764817924282,0.120545145065721,0.0336326223094783
4.00892720713336,0.0924915795406696,0.0158475055380419,0.0279837067829735,0.0177952846624009,0.0645078727576961,-0.001947779124359,0.120475286323643,0.0336427902004428
4.01073384400003,0.0924435824502351,0.0158275355090726,0.0279618251095113,0.0178254094773139,0.0644817573407238,-0.00199787396824131,0.120405407559746,0.0336529449863864
4.0125404808667,0.0923957495211005,0.0158075747153764,0.0279397596093395,0.0178555131277073,0.064455989911761,-0.00204793841233082,0.12033550913044,0.0336630878430837
4.01434711773336,0.0923480835772678,0.0157876210846342,0.0279175074382311,0.0178855986269595,0.0644305761390366,-0.00209797754232528,0.120265591015499,0.0336732197115938
4.01615375460003,0.0923005865772275,0.0157676724661881,0.0278950667253795,0.0179156691449142,0.064405519851848,-0.0021479966787261,0.120195653302607,0.0336833416111024
4.0179603914667,0.0922532583279042,0.0157477266760969,0.0278724379967767,0.0179457279959609,0.0643808203311275,-0.00219800131986399,0.120125696324681,0.0336934546720578
4.01976702833336,0.0922061018562791,0.0157277815905228,0.0278496181898721,0.0179757782625811,0.064356483666407,-0.00224799667205828,0.120055720046151,0.0337035598531039
4.02157366520003,0.0921591187993847,0.0157078350438799,0.0278266057933764,0.0180058231512833,0.0643325130060084,-0.00229798810740344,0.119985724592761,0.0337136581951632
4.0233803020667,0.0921123090826238,0.015687884918674,0.0278034011920874,0.0180358658706886,0.0643089078905364,-0.00234798095201458,0.119915710274711,0.0337237507893625
4.02518693893336,0.0920656759448735,0.0156679290271013,0.027780001096994,0.0180659095908329,0.0642856748478795,-0.00239798056373158,0.119845677041868,0.0337338386179343
4.02699357580003,0.0920192206838763,0.0156479652135422,0.027756404372599,0.0180959575179882,0.0642628163112773,-0.00244799230444607,0.119775625056475,0.0337439227315304
4.0288002126667,0.0919729433524294,0.0156279914145017,0.0277326112543689,0.0181260127734582,0.0642403320980606,-0.00249802135895655,0.119705554606798,0.0337540041879599
4.03060684953336,0.091926847410221,0.0156080053657646,0.0277086182186942,0.0181560786332825,0.0642182291915268,-0.00254807326751792,0.119635465628915,0.0337640839990472
4.03241348640003,0.0918809337978725,0.0155880049465692,0.027684424522145,0.0181861582665969,0.0641965092757276,-0.00259815332002768,0.119565358320017,0.0337741632131661
4.0342201232667,0.0918352027044911,0.0155679881349743,0.0276600302427188,0.0182162547258372,0.0641751724617723,-0.00264826659086288,0.11949523294721,0.0337842428608114
4.03602676013336,0.0917896578194912,0.0155479525779067,0.0276354316140699,0.0182463714114975,0.0641542262054213,-0.00269841883359082,0.119425089433561,0.0337943239894042
4.03783339700003,0.091744299708543,0.0155278962143551,0.0276106283011116,0.0182765114186766,0.0641336714074314,-0.00274861520432148,0.119354928009655,0.0338044076330317
4.0396400338667,0.0916991287059786,0.0155078170514858,0.0275856202162348,0.0183066777493931,0.0641135084897438,-0.00279886069790729,0.119284748922213,0.0338144948008789
4.04144667073336,0.0916541487398543,0.0154877126349219,0.027560403342219,0.0183368739470453,0.0640937453976353,-0.00284916131212341,0.119214552082073,0.0338245865819673
4.04325330760003,0.0916093599830578,0.0154675809882944,0.0275349777685966,0.018367102995795,0.0640743822144612,-0.00289952200750062,0.119144337751654,0.0338346839840894
4.0450599444667,0.0915647629240619,0.015447420135431,0.0275093432340137,0.0183973678656933,0.0640554196900482,-0.00294994773026233,0.119074106158076,0.0338447880011243
4.04686658133336,0.09152036173848,0.0154272275082046,0.0274834954622386,0.0184276722614937,0.0640368662762414,-0.00300044475328911,0.119003857200719,0.0338548997696983
4.04867321820003,0.0914761561885869,0.015407001239781,0.0274574349836973,0.0184580190195198,0.0640187212048897,-0.00305101777973874,0.118933591172284,0.0338650202593008
4.0504798550667,0.0914321469259108,0.0153867393582036,0.0274311613551536,0.0184884110963058,0.0640009855707573,-0.00310167173810223,0.118863308281064,0.0338751504545094
4.05228649193336,0.0913883383825385,0.0153664391691485,0.0274046700332262,0.0185188523764102,0.0639836683493123,-0.00315241320726176,0.118793008415765,0.0338852915455587
4.05409312880003,0.0913447298922999,0.0153460989402092,0.0273779620055111,0.0185493455114182,0.0639667678867888,-0.003203246571209,0.118722691897811,0.0338954444516273
4.0558997656667,0.0913013222786953,0.0153257166911979,0.0273510366387516,0.0185798934627979,0.0639502856399437,-0.00325417677159992,0.118652358917447,0.0339056101539958
4.05770640253336,0.0912581202391995,0.0153052895891483,0.0273238891142794,0.0186105003133623,0.0639342311249201,-0.00330521072421394,0.118582009353479,0.0339157899025106
4.05951303940003,0.0912151226613669,0.0152848160609736,0.0272965208931353,0.0186411684930582,0.0639186017682316,-0.00335635243208467,0.118511643554502,0.0339259845540318
4.0613196762667,0.0911723305495853,0.0152642941058084,0.027268931143905,0.0186719009867368,0.0639033994056804,-0.00340760688092834,0.11844126169349,0.0339361950925452
4.06312631313336,0.0911297172379578,0.0152437207395981,0.0272411595069244,0.0187027020939173,0.0638885577310334,-0.00345898135431919,0.118370876744882,0.0339464228335155
4.06493295000003,0.0910872092627911,0.015223094573468,0.0272133095967256,0.0187335739860069,0.0638738996660655,-0.00351047941253888,0.118300518859517,0.0339566685594749
4.0667395868667,0.0910448040282379,0.0152024135734293,0.027185385735521,0.0187645196896906,0.0638594182927169,-0.00356210611626127,0.118230189763759,0.0339669332631199
4.06854622373336,0.0910025039879755,0.0151816745918923,0.0271573864913198,0.0187955437396431,0.0638451174966557,-0.00361386914775086,0.118159890479295,0.0339772183315354
4.07035286060003,0.0909603080224209,0.0151608764490868,0.0271293129930654,0.0188266480118322,0.0638309950293555,-0.0036657715627454,0.118089621015486,0.0339875244609191
4.0721594974667,0.0909182167429409,0.0151400170397148,0.0271011651241017,0.0188578356283484,0.0638170516188392,-0.00371781858863368,0.118019381867043,0.0339978526680632
4.07396613433336,0.0908762326112924,0.0151190931174249,0.0270729414637909,0.0188891112721075,0.0638032911475014,-0.0037700181546826,0.117949174075083,0.0340082043895323
4.07577277120003,0.0908343543985073,0.0150981036592243,0.027044643201924,0.0189204765921014,0.0637897111965833,-0.00382237293287709,0.117878997600431,0.0340185802513258
4.0775794080667,0.0907925828795065,0.0150770464570768,0.0270162701069286,0.0189519348512187,0.0637763127725779,-0.00387488839414192,0.117808852986435,0.0340289813082955
4.07938604493336,0.0907509203410766,0.0150559182875902,0.0269878208969105,0.0189834907128773,0.0637630994441662,-0.00392757242528705,0.117738741237987,0.0340394090004675
4.08119268180003,0.0907093656242183,0.0150347181752747,0.0269592966958741,0.0190151457483824,0.0637500689283442,-0.00398042757310776,0.117668662320092,0.0340498639236571
4.0829993186667,0.0906679196125506,0.015013443829186,0.0269306971985335,0.0190469033362565,0.0637372224140171,-0.00403345950707058,0.117598616811084,0.0340603471654425
4.08480595553336,0.0906265844104967,0.0149920920737825,0.0269020212632513,0.0190787680835204,0.0637245631472454,-0.0040866760097379,0.117528605673748,0.034070860157303
4.08661259240003,0.0905853589327224,0.0149706653616113,0.0268732699474885,0.0191107367038455,0.0637120889852339,-0.00414007134223423,0.117458628880211,0.0340814020654567
4.0884192292667,0.0905442441752412,0.0149492718826303,0.0268444428714892,0.0191426563313962,0.0636998013037519,-0.00419338444876582,0.11738868704673,0.0340919282140265
4.09022586613336,0.0905032420527208,0.0149279738394992,0.0268155390353854,0.0191744391240318,0.0636877030173354,-0.00424646528453263,0.117318781088106,0.034102412963531
4.09203250300003,0.0904623515571879,0.0149067685727951,0.0267865594293393,0.0192060890160299,0.0636757921278485,-0.00429932044323474,0.117248910986527,0.034112857588825
4.0938391398667,0.0904215738007466,0.0148856552213715,0.0267575035983682,0.0192376073631892,0.0636640702023785,-0.00435195214181766,0.117179077399115,0.0341232625845607
4.09564577673336,0.090380910500917,0.0148646333716521,0.026728370685886,0.0192689948839776,0.063652539815031,-0.00440436151232545,0.117109281186803,0.0341336282556297
4.09745241360003,0.0903403607307829,0.0148437005091955,0.0266991616139996,0.0193002552996767,0.0636411991167833,-0.00445655479048118,0.117039522344783,0.0341439558088721
4.0992590504667,0.0902999257222354,0.0148228558407075,0.0266698758517427,0.0193313898710579,0.0636300498704927,-0.00450853403035038,0.116969801573978,0.0341542457117654
4.10106568733336,0.0902596069882537,0.0148020987471394,0.0266405126873256,0.0193623996133537,0.0636190943009281,-0.00456030086621426,0.116900119675579,0.0341644983604931
4.10287232420003,0.0902194036866761,0.0147814268516696,0.0266110729740418,0.0193932880461089,0.0636083307126343,-0.00461186119443928,0.116830476660718,0.0341747148977785
4.1046789610667,0.0901793171728758,0.0147608394214961,0.0265815561041858,0.0194240563463254,0.06359776106869,-0.0046632169248293,0.116760873277062,0.0341848957678215
4.10648559793336,0.0901393487478994,0.0147403356468189,0.0265519615122764,0.0194547058034834,0.0635873872356231,-0.00471437015666451,0.116691310260176,0.0341950414503024
4.10829223480003,0.0900994976580351,0.014719911394958,0.0265222899820384,0.0194852370792767,0.0635772076759967,-0.00476532568431876,0.116621787640073,0.0342051484742347
4.1100988716667,0.0900597653858357,0.014699550707297,0.0264925408282697,0.0195156296705051,0.063567224557566,-0.00481607896320808,0.116552306214105,0.0342151803778021
4.11190550853336,0.0900201530130222,0.0146792490358294,0.026462713633311,0.0195458800806975,0.0635574393797112,-0.00486663104486809,0.116482866646333,0.034225129116527
4.11371214540003,0.0899806598780287,0.0146590047504099,0.026432809110562,0.0195759921576449,0.0635478507674667,-0.00491698740723502,0.116413468988591,0.0342349969080549
4.1155187822667,0.0899412875942837,0.0146388173226232,0.0264028264965671,0.0196059670937633,0.0635384610977166,-0.00496714977114016,0.116344114090851,0.0342447844163865
4.11732541913336,0.0899020370167903,0.0146186858439136,0.0263727655230026,0.0196358069968816,0.0635292714937877,-0.00501712115296793,0.116274802539793,0.0342544928407952
4.11913205600003,0.089862907579825,0.0145986087714414,0.0263426268321854,0.0196655155069023,0.0635202807476396,-0.00506690673546088,0.11620553441201,0.0342641242783438
4.1209386928667,0.0898239010313881,0.0145785856034428,0.0263124095816507,0.0196950937496196,0.0635114914497374,-0.0051165081461768,0.116136310613039,0.0342736793530624
4.12274532973336,0.0897850179923721,0.0145586153231938,0.0262821136539233,0.0197245440938899,0.0635029043384488,-0.00516592877069607,0.116067131646295,0.0342831594170838
4.12455196660003,0.0897462579965922,0.0145386964693715,0.0262517396194809,0.0197538699852102,0.0634945183771113,-0.0052151735158387,0.115997997616073,0.0342925664545816
4.1263586034667,0.089707622930317,0.0145188285610744,0.026221286556093,0.0197830724962351,0.063486336374224,-0.00526424393516076,0.11592890948641,0.0343019010573095
4.12816524033336,0.0896691131729357,0.014499010484989,0.0261907544986455,0.019812154229883,0.0634783586742902,-0.00531314374489398,0.115859867671581,0.034311164714872
4.12997187720003,0.0896307283614989,0.0144792408555189,0.0261601439450213,0.0198411184507291,0.0634705844164776,-0.00536187759521019,0.11579087230652,0.034320359306248
4.1317785140667,0.0895924705242388,0.0144595192068375,0.0261294538924665,0.0198699661917696,0.0634630166317723,-0.00541044698493215,0.115721924416705,0.0343294853986071
4.13358515093336,0.0895543397916495,0.0144398443406176,0.0260986845297423,0.0198987002630221,0.0634556552619072,-0.0054588559224045,0.115653024321392,0.0343385446036397
4.13539178780003,0.0895163359077129,0.0144202149412022,0.0260678362813792,0.0199273237616202,0.0634484996263337,-0.00550710882041796,0.115584172189092,0.0343475387028224
4.1371984246667,0.0894784610463215,0.0144006305520503,0.0260369080633439,0.0199558376943845,0.0634415529829776,-0.00555520714233418,0.115515369109665,0.0343564682464348
4.13900506153336,0.0894407150816818,0.0143810899013986,0.0260059002197857,0.0199842450514677,0.0634348148618962,-0.00560315515006904,0.115446615301468,0.0343653349528663
4.14081169840003,0.0894030978684028,0.0143615917377406,0.0259748131011268,0.020012548776044,0.063428284767276,-0.00565095703830336,0.11537791096953,0.0343741405137846
4.1426183352667,0.0893656117297338,0.014342135608032,0.0259436455412979,0.0200407498622405,0.0634219661884359,-0.00569861425420854,0.115309257271032,0.0343828854702726
4.14442497213336,0.0893282562762008,0.014322720178651,0.025912398041349,0.0200688514533806,0.0634158582348519,-0.00574613127472954,0.11524065431755,0.0343915716320316
4.14623160900003,0.0892910314767368,0.0143033442564526,0.0258810708768372,0.0200968563521617,0.0634099605998996,-0.00579351209570905,0.115172102353574,0.0344002006086143
4.1480382458667,0.0892539398076436,0.0142840073861013,0.0258496627989008,0.0201247655534986,0.0634042770087427,-0.00584075816739724,0.115103602606544,0.0344087729395999
4.14984488273336,0.089216980608375,0.0142647081836934,0.025818174467004,0.0201525823269217,0.063398806141371,-0.00588787414322834,0.115035155075379,0.0344172905106151
4.15165151960003,0.0891801539658831,0.0142454455086572,0.0257866060810826,0.0201803093481335,0.0633935478848005,-0.00593486383947624,0.114966760046966,0.0344257548567907
4.1534581564667,0.0891434625132194,0.0142262188975769,0.0257549563087253,0.0202079476263193,0.0633885062044941,-0.0059817287287424,0.114898418821945,0.0344341665238961
4.15526479333336,0.0891069053113722,0.0142070269278446,0.0257232259693238,0.0202355005302519,0.0633836793420484,-0.00602847360240731,0.114830131280696,0.0344425274580966
4.15707143020003,0.0890704825690101,0.0141878685056731,0.0256914151864357,0.0202629706221208,0.0633790673825744,-0.00607510211644776,0.114761897755446,0.0344508391277939
4.1588780670667,0.0890341970796294,0.0141687431537776,0.0256595225433443,0.0202903589388637,0.0633746745362851,-0.00612161578508604,0.114693719622974,0.0344591020926413
4.16068470393336,0.0889980476183611,0.0141496494224234,0.0256275490208813,0.020317668921532,0.0633704985974797,-0.00616801949910857,0.114625596639242,0.0344673183439554
4.16249134080003,0.088962034519286,0.0141305862588192,0.0255954946654693,0.0203449030322841,0.0633665398538167,-0.00621431677346491,0.114557529184755,0.0344754892911033
4.1642979776667,0.088926160740042,0.0141115531660225,0.0255633579753299,0.0203720623492923,0.0633628027647122,-0.00626050918326986,0.114489518715372,0.0344836155153148
4.16610461453336,0.0888904247625099,0.0140925486787489,0.0255311400942483,0.0203991503589225,0.0633592846682616,-0.00630660168017361,0.114421564856758,0.0344916990376714
4.16791125140003,0.088854827049879,0.0140735717794142,0.0254988409907558,0.0204261694367841,0.0633559860591232,-0.00635259765736982,0.114353668040635,0.0344997412161983
4.1697178882667,0.0888193707276252,0.01405462194563,0.0254664590772549,0.0204531207157662,0.0633529116503704,-0.00639849877013614,0.11428582980488,0.0345077426613962
4.17152452513336,0.0887840539769866,0.0140356977081396,0.0254339956619978,0.0204800077005843,0.0633500583149888,-0.00644430999244469,0.114218049638984,0.034515705408724
4.17333116200003,0.0887488774992864,0.0140167980964403,0.0254014505737202,0.020506832649144,0.0633474269255663,-0.00649003455270366,0.114150328073007,0.0345236307455844
4.1751377988667,0.0887138442755475,0.0139979225039194,0.0253688223216918,0.0205335968964461,0.0633450219538557,-0.00653567439252664,0.114082666597239,0.0345315194003655
4.17694443573336,0.0886789524949599,0.0139790695219144,0.0253361121967023,0.0205603038046787,0.0633428402982576,-0.00658123428276433,0.114015064691662,0.0345393733265931
4.17875107260003,0.0886442030302157,0.0139602382037311,0.0253033199290693,0.020586955570698,0.0633408831011465,-0.00662671736696683,0.113947522959285,0.0345471937744291
4.1805577094667,0.0886095986169772,0.0139414278522091,0.0252704441812135,0.0206135537494925,0.0633391544357637,-0.00667212589728335,0.113880042798191,0.0345549816017016
4.18236434633336,0.0885751375495976,0.0139226371313922,0.0252374861709345,0.0206401015293661,0.0633376513786631,-0.00671746439797386,0.113812623720532,0.0345627386607583
4.18417098320003,0.0885408208446636,0.0139038651066387,0.0252044455476321,0.0206666010745529,0.0633363752970315,-0.00676273596791414,0.113745266392296,0.0345704661811916
4.1859776200667,0.0885066509850823,0.0138851110018181,0.0251713211283922,0.0206930541330668,0.0633353298566902,-0.00680794313124871,0.113677972113475,0.0345781651348849
4.18778425693336,0.0884726263740686,0.0138663735478916,0.0251381140572669,0.0207194637328072,0.0633345123168017,-0.00685309018491555,0.113610740431335,0.0345858372806988
4.18959089380003,0.0884387481757978,0.0138476518164818,0.0251048239019818,0.02074583201887,0.063333924273816,-0.00689818020238824,0.11354357207778,0.0345934838353518
4.1913975306667,0.0884050186130314,0.0138289449640653,0.0250714496358006,0.0207721609053296,0.0633335689772308,-0.00694321594126436,0.113476468248832,0.0346011058693949
4.19320416753336,0.0883714362015405,0.0138102517827318,0.0250379923282719,0.020798453273163,0.0633334438732686,-0.00698820149043123,0.113409428529812,0.0346087050558948
4.19501080440003,0.0883380022567868,0.0137915713445796,0.0250044514646908,0.0208247112618102,0.063333550792096,-0.0070331399172306,0.113342453721478,0.0346162826063898
4.1968174412667,0.0883047187339926,0.0137729027502693,0.0249708261760114,0.0208509369244415,0.0633338925579811,-0.00707803417417218,0.113275544910004,0.0346238396747108
4.19862407813336,0.0882715842651819,0.0137542448472312,0.0249371174565224,0.0208771330085942,0.0633344668086595,-0.007122888161363,0.113208701721704,0.0346313778558255
4.20043071500003,0.0882386003207987,0.0137355967022504,0.0249033247083317,0.0209033016615344,0.063335275612467,-0.00716770495928397,0.11314192502913,0.0346388983637848
4.2022373518667,0.0882057685811342,0.0137169573717489,0.024869447221597,0.0209294450485635,0.0633363213595372,-0.00721248767681464,0.113075215802731,0.0346464024203124
4.20404398873336,0.0881730877981611,0.0136983257527089,0.024835485914591,0.0209555657972619,0.0633376018835701,-0.00725724004455298,0.113008573712752,0.0346538915499709
4.20585062560003,0.0881405596010023,0.0136797009008133,0.024801440105477,0.0209816660762028,0.0633391194955253,-0.00730196517538947,0.112941999706479,0.034661366977016
4.2076572624667,0.0881081853876245,0.0136610818398232,0.0247673092451303,0.0210077481358562,0.0633408761424941,-0.00734666629603305,0.112875494632755,0.0346688299756794
4.20946389933336,0.0880759640336465,0.0136424675104835,0.0247330941750499,0.0210338144973264,0.0633428698585966,-0.00739134698684284,0.112809058208696,0.0346762820078099
4.21127053620003,0.0880438973305652,0.013623856951587,0.0246987941286991,0.0210598673639768,0.0633451032018661,-0.00743601041238977,0.112742691459264,0.0346837243155637
4.2130771730667,0.0880119863866316,0.0136052491658106,0.0246644087191833,0.0210859090444808,0.0633475776674483,-0.0074806598786701,0.112676395105815,0.0346911582102914
4.21488380993336,0.0879802302048058,0.013586643131874,0.0246299387104721,0.0211119419669492,0.0633502914943337,-0.00752529883507519,0.112610168915278,0.0346985850988232
4.21669044680003,0.0879486307426561,0.0135680378658903,0.0245953832505712,0.0211379683830172,0.0633532474920849,-0.00756993051712684,0.112544013993227,0.0347060062489075
4.2184970836667,0.087917188811324,0.0135494323610303,0.0245607421163295,0.0211639906325978,0.0633564466949945,-0.00761455827156745,0.112477930927654,0.0347134229936281
4.22030372053336,0.0878859035448081,0.0135308256281992,0.0245260159934302,0.0211900110642906,0.0633598875513779,-0.00765918543609139,0.112411919538238,0.0347208366924898
4.22211035740003,0.0878547770704432,0.0135122166550421,0.0244912039436653,0.0212160319914844,0.0633635731267779,-0.0077038153364423,0.112345981014108,0.0347282486465265
4.2239169942667,0.08782380989487,0.0134936044368011,0.0244563059091406,0.0212420557583679,0.0633675039857294,-0.00774845132156682,0.112280115804011,0.0347356601951691
4.22572363113336,0.0877930012868209,0.0134749880107776,0.0244213224964964,0.0212680846475116,0.0633716787903245,-0.00779309663673393,0.112214323783317,0.0347430726582892
4.22753026800003,0.0877623535470946,0.0134563663303613,0.0243862526805542,0.0212941210475397,0.0633761008665404,-0.00783775471717838,0.112148606227649,0.0347504873779011
4.2293369048667,0.0877318668704376,0.0134377384044415,0.0243510965701895,0.0213201672799524,0.0633807703002481,-0.0078824288755109,0.112082963440627,0.0347579056843939
4.23114354173336,0.0877015406640129,0.0134191032909285,0.0243158546922433,0.0213462255747728,0.0633856859717696,-0.00792712228384436,0.112017395356256,0.0347653288657013
4.23295017860003,0.0876713774057788,0.0134004599031666,0.0242805259338105,0.0213722984093433,0.0633908514719683,-0.00797183850617671,0.111951903339589,0.0347727583125098
4.2347568154667,0.0876413769711953,0.0133818072752705,0.024245110572049,0.0213983880555116,0.0633962663991463,-0.00801658078024116,0.111886487543244,0.0347801953307821
4.23656345233336,0.0876115389095524,0.0133631444799704,0.0242096090532439,0.0214244967042351,0.0634019298563084,-0.00806135222426476,0.111821147962796,0.0347876411842055
4.23837008920003,0.0875818658796638,0.0133444703847769,0.0241740201760066,0.0214506269350565,0.0634078457036572,-0.00810615655027956,0.11175588605567,0.0347950973198334
4.2401767260667,0.0875523574303115,0.0133257840606069,0.0241383443872914,0.0214767809432067,0.0634140130430201,-0.00815099688259976,0.111690701817603,0.0348025650038136
4.24198336293336,0.0875230132566076,0.013307084589222,0.0241025820520706,0.0215029608940597,0.063420431204537,-0.0081958763048377,0.111625595308678,0.0348100454832817
4.24378999980003,0.0874938362019183,0.0132883707865106,0.0240667318797154,0.0215291694828402,0.0634271043222029,-0.00824079869632951,0.111560568081634,0.0348175402693508
4.2455966366667,0.0874648254809541,0.0132696417717695,0.0240307944884894,0.021555408801198,0.0634340309924646,-0.0082857670294285,0.111495619969443,0.0348250505729676
4.24740327353336,0.0874359809383465,0.0132508966300026,0.0239947701612958,0.0215816810024067,0.0634412107770508,-0.0083307843724041,0.111430751099642,0.0348325776324094
4.24920991040003,0.0874073056057101,0.0132321341196872,0.0239586575175094,0.0216079889108549,0.0634486480882007,-0.00837585479116764,0.11136596312322,0.0348401230305421
4.2510165472667,0.0873787983562916,0.0132133534200772,0.0239224573482157,0.021634334487647,0.0634563410080758,-0.00842098106756982,0.111301255704507,0.0348476879077242
4.25282318413336,0.0873504591879378,0.0131945536136306,0.0238861698534923,0.0216607198874377,0.0634642893344455,-0.00846616627380714,0.11123662904143,0.0348552735010683
4.25462982100003,0.0873222913242078,0.0131757333956251,0.023849793561961,0.0216871480772613,0.0634724977622469,-0.00851141468163621,0.111172084886169,0.0348628814728864
4.2564364578667,0.0872942746503374,0.0131568920168487,0.0238133030792972,0.0217136208607142,0.0634809715710402,-0.00855672884386553,0.111107577729635,0.0348705128775628
4.25824309473336,0.0872663769706148,0.0131380285514249,0.0237766527715223,0.0217401404073128,0.0634897241990926,-0.00860211185588792,0.111043029742137,0.0348781689587377
4.26004973160003,0.0872386001242668,0.0131191416256431,0.023739838841329,0.0217667098402206,0.0634987612829378,-0.00864756821457757,0.110978438965596,0.0348858514658637
4.2618563684667,0.0872109432874793,0.0131002305734029,0.0237028638555764,0.0217933307785601,0.0635080794319029,-0.00869310020515712,0.110913807143056,0.034893561351963
4.26366300533336,0.0871834071244753,0.0130812944547042,0.0236657283397788,0.0218200054201933,0.0635176787846965,-0.00873871096548906,0.110849135464254,0.0349012998748975
4.26546964220003,0.0871559946317505,0.0130623318210599,0.0236284297590822,0.0218467370578934,0.0635275648726683,-0.00878440523683348,0.110784424390833,0.0349090688789534
4.2672762790667,0.0871287047095603,0.0130433421010586,0.02359097098175,0.0218735270993459,0.0635377337278104,-0.00883018499828729,0.11071967569131,0.0349168692004045
4.26908291593336,0.0871015381500784,0.0130243243313734,0.0235533523573732,0.0219003777916416,0.0635481857927052,-0.00887605346026827,0.110654890507452,0.034924702123015
4.27088955280003,0.0870744980737648,0.0130052769931948,0.0235155712645015,0.0219272925884406,0.0635589268092633,-0.00892201559524582,0.110590069338266,0.0349325695816353
4.2726961896667,0.0870475831383705,0.0129861996111345,0.023477630813794,0.0219542726812322,0.0635699523245765,-0.00896807307009772,0.110525213952165,0.0349404722923667
4.27450282653336,0.0870207943637392,0.0129670911680904,0.0234395310633672,0.021981320433806,0.063581263300372,-0.00901422926571554,0.110460325427106,0.0349484116018964
4.27630946340003,0.0869941346721003,0.0129479501533663,0.0234012697135635,0.0220084392900228,0.0635928649585369,-0.00906048913665657,0.110395404385664,0.0349563894433891
4.2781161002667,0.0869676027957,0.0129287761149495,0.0233628497076848,0.02203563038238,0.0636047530880152,-0.00910685426743047,0.110330452503385,0.0349644064973295
4.27992273713336,0.0869411998833126,0.0129095679984601,0.0233242709507756,0.0220628961569403,0.063616928932537,-0.00915332815848017,0.110265470834088,0.0349724641554004
4.28172937400003,0.0869149286485468,0.0128903243128931,0.023285531462244,0.022090240020801,0.0636293971863028,-0.0091999157079079,0.110200460110791,0.0349805643336941
4.2835360108667,0.0868887879033389,0.0128710446238224,0.0232466340193989,0.02211766306095,0.06364215388394,-0.00924661843712756,0.110135421922738,0.0349887076847724
4.28534264773336,0.0868627789305889,0.0128517278338017,0.023207578375575,0.0221451678192049,0.0636552005550139,-0.00929343998540323,0.110070357306164,0.0349968956530067
4.28714928460003,0.0868369042248943,0.0128323724830941,0.0231683628665199,0.0221727576389362,0.0636685413583744,-0.00934038515584211,0.110005267091414,0.0350051301220302
4.2889559214667,0.086811162683077,0.0128129781490722,0.0231289901049124,0.0222004335751031,0.0636821725781646,-0.00938745542603092,0.109940152787989,0.0350134117241752
4.29076255833336,0.0867855557273582,0.0127935436854339,0.0230894596937412,0.022228198278761,0.063696096033617,-0.00943465459332709,0.109875015421099,0.0350217419641948
4.29256919520003,0.0867600856229332,0.0127740676752884,0.0230497702823672,0.0222560550025886,0.0637103153405659,-0.00948198732730026,0.1098098559053,0.035030122677877
4.2943758320667,0.0867347513567047,0.0127545497020173,0.0230099243202017,0.022284004783,0.0637248270365029,-0.00952945508098267,0.109744675676906,0.0350385544850173
4.29618246893336,0.0867095544954106,0.0127349885646755,0.0229699212612511,0.0223120503937692,0.0637396332341595,-0.00957706182909375,0.109679475756662,0.0350470389584447
4.29798910580003,0.0866844970644532,0.0127153829007943,0.0229297600657624,0.0223401949699196,0.0637547369986908,-0.00962481206912528,0.109614257130216,0.0350555778707139
4.2997957426667,0.0866595781460119,0.012695732293977,0.0228894430212435,0.0223684395428013,0.0637701351247685,-0.00967270724882433,0.109549021167255,0.0350641718367783
4.30160237953336,0.0866347994565359,0.0126760354828452,0.022848969434081,0.0223967870223903,0.0637858300224549,-0.0097207515395451,0.109483768890617,0.0350728225052355
4.30340901640003,0.0866101627712447,0.012656291170931,0.0228083385726819,0.0224252403990897,0.0638018241985629,-0.0097689492281587,0.109418501343927,0.0350815315700206
4.3052156532667,0.086585667272789,0.0126364989362696,0.0227675525640135,0.0224538007126683,0.0638181147087755,-0.00981730177639872,0.109353219836803,0.0350902996489379
4.30702229013336,0.0865613148325243,0.0126166574512619,0.0227266105682066,0.0224824710227854,0.0638347042643176,-0.00986581357152342,0.109287925400731,0.0350991284740473
4.30882892700003,0.0865371069650975,0.0125967654970172,0.0226855121591015,0.02251125414826,0.0638515948059961,-0.00991448865124283,0.109222619124199,0.0351080196452772
4.3106355638667,0.0865130429588255,0.0125768241679843,0.0226442593044884,0.0225401489901685,0.0638687836543371,-0.00996332482218418,0.109157302263314,0.0351169731581529
4.31244220073336,0.0864891248451659,0.0125568451601042,0.022602851019605,0.0225691402514317,0.0638862738255609,-0.0100122950913276,0.109091975864771,0.0351259854115359
4.31424883760003,0.0864653538678019,0.012536832552756,0.0225612871809982,0.0225982231855193,0.0639040666868037,-0.0100613906327633,0.1090266410488,0.0351350557382754
4.3160554744667,0.0864417294259121,0.0125167880039314,0.0225195695986447,0.0226273959076736,0.0639221598272675,-0.0101106079037423,0.108961299024557,0.035144183911605
4.31786211133336,0.0864182537162509,0.012496712557829,0.0224776971442517,0.0226566582512782,0.0639405565719992,-0.0101599456934492,0.108895950860503,0.0351533708091071
4.31966874820003,0.0863949277011478,0.0124766075402467,0.022435669994348,0.0226860092808987,0.0639592577067999,-0.010209401740652,0.108830597695496,0.0351626168211454
4.3214753850667,0.0863717508958386,0.0124564745389776,0.0223934898024583,0.0227154472274845,0.0639782610933803,-0.0102589726885068,0.108765240698297,0.0351719217664621
4.32328202193336,0.0863487256675693,0.0124363146085824,0.022351155298124,0.0227449719816854,0.0639975703694453,-0.010308657373103,0.108699880965693,0.0351812865902678
4.32508865880003,0.0863258526869255,0.012416129127007,0.0223086669551269,0.0227745824406712,0.0640171857317986,-0.0103584533136642,0.108634519642052,0.0351907115676783
4.3268952956667,0.086303131590395,0.0123959196195349,0.0222660262719056,0.0228042769455214,0.0640371053184894,-0.0104083573259865,0.108569157862301,0.0352001965650563
4.32870193253336,0.0862805649209111,0.0123756871587763,0.0222232318371974,0.0228340554385736,0.0640573330837138,-0.0104583682797972,0.108503796758109,0.0352097425973499
4.33050856940003,0.086258153046925,0.012355433159449,0.022180284419312,0.0228639166607578,0.064077868627613,-0.0105084835013088,0.108438437466237,0.0352193498202067
4.3323152062667,0.0862358957313715,0.0123351590920146,0.0221371853629632,0.0228938590577042,0.0640987103684082,-0.0105586999656896,0.108373081094335,0.0352290181497188
4.33412184313336,0.0862137956980665,0.0123148660548223,0.0220939331174486,0.0229238826178632,0.0641198625806179,-0.010609016563041,0.108307728815515,0.0352387486726855
4.33592848000003,0.0861918530029363,0.0122945554839839,0.022050528742879,0.0229539859370783,0.0641413242600573,-0.0106594304530944,0.108242381745815,0.0352485414210621
4.3377351168667,0.0861700675405581,0.0122742288028283,0.0220069734316073,0.0229841675599543,0.0641630941089508,-0.0107099387571259,0.108177040972165,0.0352583963627826
4.33954175373337,0.0861484422208255,0.0122538871431317,0.021963265494854,0.0230144275154749,0.0641851767259715,-0.0107605403723432,0.108111707715679,0.0352683146586065
4.34134839060003,0.0861269767767495,0.0122335319470235,0.0219194062818045,0.0230447642655532,0.064207570494945,-0.0108112323185297,0.108046383058554,0.0352782962125767
4.3431550274667,0.086105671239745,0.0122131645983879,0.0218753968338139,0.0230751764481911,0.0642302744059311,-0.0108620118498033,0.107981068073559,0.035288341046579
4.34496166433336,0.0860845287109782,0.0121927862701164,0.0218312353253897,0.0231056641273288,0.0642532933855885,-0.0109128778572124,0.107915764036368,0.0352984503974453
4.34676830120003,0.0860635485901547,0.0121723983949793,0.0217869233920648,0.023136225642103,0.06427662519809,-0.0109638272471238,0.10785047198222,0.0353086240370823
4.3485749380667,0.086042731050722,0.0121520023251046,0.0217424619255599,0.0231668597183357,0.0643002691251622,-0.0110148573932311,0.107785192976282,0.0353188620434403
4.35038157493336,0.0860220793903147,0.012131599282188,0.0216978489650322,0.0231975664493455,0.0643242304252825,-0.0110659671671575,0.107719928355347,0.0353291657315336
4.35218821180003,0.086001592664942,0.012111190674263,0.0216530864296362,0.0232283440626482,0.0643485062353059,-0.0111171533883852,0.107654679094578,0.0353395347369111
4.3539948486667,0.0859812711952797,0.0120907748290424,0.0216081750628211,0.0232591871231758,0.0643730961324585,-0.0111684122941334,0.107589446258101,0.0353499619522182
4.35580148553337,0.0859611184806252,0.0120703485676962,0.0215631127697577,0.0232900894448717,0.0643980057108675,-0.0112197408771755,0.107524231250383,0.035360438012568
4.35760812240003,0.0859411332229015,0.0120499128677926,0.0215179017504949,0.0233210486027458,0.0644232314724066,-0.0112711357349532,0.107459034973396,0.0353709614705384
4.3594147592667,0.0859213158952077,0.0120294686508088,0.0214725426015743,0.0233520629296939,0.0644487732936334,-0.011322594278885,0.107393858496782,0.0353815315805027
4.36122139613336,0.0859016702036994,0.0120090167002254,0.0214270330955427,0.023383131770673,0.0644746371081567,-0.0113741150704477,0.107328703299242,0.0353921484708984
4.36302803300003,0.0858821944858232,0.0119885580438163,0.0213813757106174,0.0234142527608572,0.0645008187752058,-0.0114256947170409,0.107263570196441,0.0354028108046736
4.3648346698667,0.0858628893722963,0.0119680935889928,0.0213355708977954,0.0234454242966281,0.0645273184745009,-0.0114773307076353,0.107198460270092,0.0354135178856208
4.36664130673337,0.0858437587813279,0.0119476241605073,0.0212896162983632,0.0234766456923172,0.0645541424829646,-0.0115290215318099,0.107133375079691,0.0354242698528244
4.36844794360003,0.0858248006754974,0.0119271507536465,0.0212435146659801,0.0235079145592202,0.0645812860095173,-0.0115807638055737,0.107068315341477,0.0354350653128667
4.3702545804667,0.0858060159283716,0.0119066742660395,0.0211972662401457,0.0235392293686132,0.0646087496882258,-0.0116325551025737,0.107003282168517,0.0354459036346527
4.37206121733337,0.0857874084353003,0.0118861955719843,0.0211508687341961,0.0235705893340488,0.0646365397011042,-0.0116843937620645,0.106938277169496,0.0354567849060331
4.37386785420003,0.0857689760137138,0.0118657156207253,0.021104324972559,0.0236019921220795,0.0646646510411548,-0.0117362765013543,0.106873300986273,0.0354677077428048
4.3756744910667,0.0857507197983553,0.0118452353091639,0.0210576349777773,0.0236334362656533,0.064693084820578,-0.0117882009564895,0.106808354776133,0.0354786715748172
4.37748112793336,0.0857326433874069,0.0118247555580983,0.0210107967590171,0.0236649208201131,0.0647218466283898,-0.0118401652620148,0.106743440146424,0.0354896763782115
4.37928776480003,0.0857147447222628,0.0118042772684948,0.0209638129863309,0.0236964435736803,0.064750931735932,-0.0118921663051855,0.106678557708594,0.0355007208421751
4.3810944016667,0.0856970251160651,0.0117838013443141,0.0209166835421691,0.023728003086862,0.064780341573896,-0.0119442017425479,0.106613708658234,0.0355118044311761
4.38290103853336,0.0856794878594379,0.011763328742292,0.0208694067288029,0.0237595982747547,0.064810081130635,-0.0119962695324627,0.106548894588241,0.0355229270170467
4.38470767540003,0.0856621310229342,0.0117428603203976,0.0208219850632716,0.0237912270382675,0.0648401459596626,-0.0120483667178699,0.106484116086206,0.0355340873586651
4.3865143122667,0.0856449561032909,0.0117223969949324,0.0207744182892977,0.023822887956484,0.0648705378139932,-0.0121004909615516,0.106419374392589,0.0355452849514164
4.38832094913337,0.0856279660731832,0.0117019397480073,0.0207267049995297,0.0238545798222187,0.0649012610736535,-0.0121526400742114,0.106354671072713,0.0355565195702261
4.39012758600003,0.0856111591375184,0.0116814893998755,0.0206788475593578,0.0238863006400858,0.0649323115781606,-0.0122048112402103,0.106290006696876,0.0355677900399614
4.3919342228667,0.0855945369818229,0.0116610468844611,0.0206308455751392,0.0239180489987649,0.0649636914066837,-0.0122570021143038,0.106225382556962,0.035579095883226
4.39374085973337,0.0855781022504329,0.0116406131986867,0.020582697927174,0.02394982358675,0.0649954043232589,-0.0123092103880634,0.106160800177607,0.0355904367854367
4.39554749660003,0.0855618532878054,0.0116201891303712,0.0205344068305658,0.0239816225033802,0.0650274464572396,-0.012361433373009,0.106096260118371,0.0356018116337514
4.3973541334667,0.0855457982156348,0.0115997756363425,0.0204859629278891,0.0240134443379488,0.0650598352877457,-0.0124136687016063,0.106031761143524,0.0356132199742913
4.39916077033337,0.085530063144738,0.0115793737177723,0.0204371902973625,0.0240452876925938,0.0650928728473755,-0.0124659139748215,0.105967253442101,0.0356246614103661
4.40096740720003,0.0855146927038736,0.0115589841353269,0.0203880257539792,0.0240771507523959,0.0651266669498944,-0.012518166617069,0.105902718457853,0.0356361348877227
4.4027740440667,0.0854996868671793,0.0115386078740185,0.0203384716097432,0.0241090320982812,0.0651612152574361,-0.0125704242242628,0.105838158476922,0.0356476399722997
4.40458068093336,0.0854850452872376,0.0115182459287063,0.0202885305702911,0.0241409302639946,0.0651965147169465,-0.0126226843352883,0.105773575857529,0.0356591761927009
4.40638731780003,0.0854707613831836,0.0114978990381847,0.0202382119364483,0.0241728435113779,0.0652325494467353,-0.0126749444731932,0.105708973319632,0.0356707425495625
4.4081939546667,0.0854568354288297,0.0114775682209318,0.0201875177521689,0.0242047704040069,0.0652693176766608,-0.0127272021830751,0.105644353180999,0.0356823386249387
4.41000059153336,0.0854432663493682,0.0114572544549312,0.0201364515228224,0.0242367094251976,0.0653068148265458,-0.0127794549702664,0.105579717872191,0.0356939638801289
4.41180722840003,0.0854300479916497,0.0114369584623869,0.0200850220175511,0.0242686589045707,0.0653450259740986,-0.0128317004421838,0.105515070009201,0.0357056173669575
4.4136138652667,0.0854171809156521,0.0114166813005245,0.020033231040074,0.0243006173793705,0.0653839498755781,-0.0128839360788459,0.105450411955726,0.035717298679895
4.41542050213337,0.0854046633461961,0.0113964239198892,0.0199810828398644,0.0243325833004477,0.0654235805063316,-0.0129361593805585,0.105385746186061,0.0357290072203369
4.41722713900003,0.0853924895443383,0.0113761870313758,0.0199285856821954,0.0243645550562192,0.065463903862143,-0.0129883680248434,0.105321075226534,0.035740742087595
4.4190337758667,0.0853806603427128,0.0113559717362388,0.0198757411583672,0.0243965311486176,0.0655049191843456,-0.0130405594123788,0.10525640150108,0.0357525028848564
4.42084041273337,0.0853691732927873,0.0113357789470224,0.0198225542063252,0.0244285100139896,0.0655466190864621,-0.0130927310669672,0.105191727499112,0.035764288961012
4.42264704960003,0.0853580230563153,0.0113156093685936,0.0197690326152892,0.0244604900905687,0.0655889904410262,-0.0131448807219751,0.105127055671605,0.0357760994591623
4.4244536864667,0.0853472107250781,0.0112954641515171,0.0197151777919563,0.0244924698359926,0.0656320329331218,-0.0131970056844755,0.105062388517034,0.0357879339875097
4.42626032333337,0.0853367332042081,0.0112753441597732,0.0196609953071128,0.0245244476900688,0.0656757378970953,-0.0132491035302956,0.104997728511321,0.035799791849842
4.42806696020003,0.085326585542647,0.0112552500974824,0.0196064925017407,0.0245564221318644,0.0657200930409063,-0.0133011720343819,0.104933078044388,0.0358116722293468
4.4298735970667,0.0853167690778137,0.0112351831698015,0.0195516706257492,0.0245883915657408,0.0657650984520645,-0.0133532083959393,0.104868439703563,0.0358235747355423
4.43168023393337,0.0853072800955244,0.0112151441815838,0.0194965358271349,0.0246203544529295,0.0658107442683894,-0.0134052102713458,0.104803815922659,0.0358354986345133
4.43348687080003,0.0852981140183996,0.0111951338414849,0.0194410950264578,0.0246523093043504,0.0658570189919418,-0.0134571754628654,0.104739209044857,0.0358474431458353
4.4352935076667,0.0852892724159862,0.0111751534145344,0.019385349344654,0.0246842544621067,0.0659039230713321,-0.0135091010475724,0.10467462176064,0.0358594078766411
4.43710014453336,0.0852807509818026,0.0111552036358965,0.0193293054513001,0.0247161884268172,0.0659514455305026,-0.0135609847909207,0.104610056433103,0.0358713920627137
4.43890678140003,0.0852725454986393,0.0111352852240433,0.019272969874349,0.0247481097322723,0.0659995756242903,-0.013612824508229,0.104545515372988,0.0358833949563155
4.4407134182667,0.0852646577546614,0.011115399509158,0.019216343633579,0.0247800166493356,0.0660483141210824,-0.0136646171401776,0.10448100138824,0.0358954161584935
4.44252005513337,0.085257082878109,0.0110955471461536,0.0191594338645161,0.0248119077359767,0.0660976490135928,-0.0137163605898231,0.104416516742625,0.0359074548821303
4.44432669200003,0.0852498169984318,0.0110757288685993,0.0191022467303216,0.0248437815398747,0.0661475702681102,-0.0137680526712754,0.104352063728753,0.035919510408474
4.4461333288667,0.0852428621089057,0.0110559460771144,0.0190447831774317,0.0248756362516722,0.066198078931474,-0.0138196901745578,0.104287645286337,0.0359315823287866
4.44793996573337,0.0852362127995093,0.0110361993357972,0.0189870507516909,0.0249074705046528,0.0662491620478184,-0.0138712711688557,0.1042232635512,0.03594366984045
4.44974660260003,0.0852298655328437,0.0110164893985957,0.0189290552792843,0.0249392828514026,0.0663008102535594,-0.0139227934528069,0.104158920812128,0.0359557722499983
4.4515532394667,0.0852238224937851,0.0109968177418462,0.0188707976611205,0.0249710713933616,0.0663530248326646,-0.0139742536515154,0.104094620154906,0.0359678891352077
4.45335987633337,0.0852180777610702,0.0109771848282695,0.0188122857977327,0.0250028348570904,0.0664057919633375,-0.0140256500288208,0.104030363558803,0.0359800196853599
4.45516651320003,0.0852126281169411,0.0109575914374748,0.0187535252061447,0.0250345717911011,0.0664591029107964,-0.0140769803536263,0.103966153323086,0.0359921632285759
4.4569731500667,0.0852074759243659,0.0109380391267953,0.0186945167695533,0.0250662801986487,0.0665129591548126,-0.0141282410718534,0.103901992693919,0.0360043193254441
4.45877978693337,0.0852026147778573,0.0109185282470133,0.0186352686875496,0.0250979589175348,0.0665673460903077,-0.0141794306705215,0.103837883465407,0.0360164871645481
4.46058642380003,0.08519804176579,0.0108990596086785,0.0185757861958109,0.025129606483215,0.0666222555699791,-0.0142305468745365,0.103773827961601,0.0360286660918935
4.4623930606667,0.0851937594157141,0.0108796348554044,0.0185160701876382,0.0251612207917787,0.0666776892280759,-0.0142815859363743,0.103709829603352,0.036040855647183
4.46419969753337,0.0851897608649372,0.0108602542154701,0.0184561291060494,0.0251928008102308,0.0667336317588877,-0.0143325465947606,0.103645889970987,0.0360530550257009
4.46600633440003,0.0851860434944567,0.0108409185356492,0.0183959679331913,0.0252243450519893,0.0667900755612654,-0.0143834265163402,0.103582011427648,0.0360652635876385
4.4678129712667,0.085182609982896,0.0108216295511153,0.0183355876002834,0.0252558512969959,0.0668470223826126,-0.0144342217458806,0.103518197583179,0.0360774808481111
4.46961960813337,0.0851794530373757,0.010802387357083,0.0182749967381403,0.0252873186594229,0.0669044562992354,-0.0144849313023399,0.103454449775516,0.0360897060165059
4.47142624500003,0.0851765705359333,0.0107831928807714,0.0182141999421046,0.0253187455880501,0.0669623705938287,-0.0145355527072788,0.103390770478038,0.0361019384688215
4.4732328818667,0.0851739646409777,0.0107640478373705,0.0181531986923967,0.0253501298385458,0.067020765948581,-0.0145860820011754,0.103327163333374,0.0361141776759163
4.47503951873337,0.0851716283102391,0.0107449522952934,0.0180920012687302,0.0253814705893563,0.0670796270415089,-0.0146365182940629,0.103263629578969,0.0361264228846497
4.47684615560003,0.0851695597215294,0.0107259072416699,0.0180306120595518,0.0254127662338971,0.0671389476619776,-0.0146868589922272,0.103200171781081,0.036138673475567
4.4786527924667,0.0851677604050252,0.0107069143376121,0.0179690331488861,0.025444014540673,0.0671987272561391,-0.0147371002030609,0.103136793553911,0.0361509288782852
4.48045942933337,0.0851662236985937,0.010687973653544,0.0179072723827271,0.0254752147242764,0.0672589513158666,-0.0147872410707324,0.103073496081321,0.0361631883778205
4.48226606620003,0.0851649480186323,0.0106690862339435,0.0178453340072528,0.0255063651201577,0.0673196140113795,-0.0148372788862142,0.103010282025885,0.0361754513541012
4.4840727030667,0.085163934290105,0.0106502536752827,0.01778322065466,0.0255374635276225,0.067380713635445,-0.0148872098523399,0.102947154944765,0.0361877172029052
4.48587933993337,0.0851631762175055,0.0106314760552772,0.0177209397650392,0.0255685091884274,0.0674422364524663,-0.0149370331331502,0.102884115982545,0.0361999852437047
4.48768597680003,0.0851626724423083,0.0106127544810344,0.0176584954701149,0.0255995003710767,0.0675041769721934,-0.0149867458900423,0.102821167912423,0.0362122548521112
4.4894926136667,0.0851624233112828,0.0105940904738241,0.0175958908946259,0.0256304349236394,0.0675665324166569,-0.0150363444498153,0.102758314205909,0.0362245253974636
4.49129925053337,0.0851624228820405,0.010575484123935,0.0175331331005746,0.0256613121060548,0.0676292897814659,-0.0150858279821198,0.102695555982615,0.0362367962299898
4.49310588740003,0.0851626700076236,0.010556936606385,0.0174702261330466,0.0256921301108992,0.0676924438745771,-0.0151351935045142,0.10263289614067,0.0362490667172842
4.4949125242667,0.0851631644836252,0.0105384493566789,0.0174071735536921,0.0257228868529685,0.0677559909299331,-0.0151844374962896,0.102570338037317,0.0362613362096475
4.49671916113337,0.0851639007072652,0.0105200224829598,0.0173439820742412,0.0257535816014032,0.067819918633024,-0.0152335591184434,0.102507882781506,0.0362736040843629
4.49852579800003,0.0851648777296444,0.0105016572334376,0.0172806556809557,0.0257842124638697,0.0678842220486887,-0.0152825552304322,0.1024455334106,0.0362858696973073
4.5003324348667,0.0851660948221981,0.0104833549472894,0.0172171983167669,0.025814777439855,0.0679488965054312,-0.0153314224925656,0.102383293138965,0.0362981323871444
4.50213907173337,0.0851675467082456,0.0104651157557937,0.0171536163709471,0.0258452757987176,0.0680139303372985,-0.0153801600429239,0.102321163079193,0.0363103915545114
4.50394570860003,0.0851692326234368,0.0104469409856342,0.0170899137987502,0.0258757055542338,0.0680793188246866,-0.0154287645685995,0.102259146422187,0.036322646539868
4.5057523454667,0.0851711513420677,0.0104288318690977,0.0170260948687578,0.0259060648085434,0.0681450564733098,-0.0154772329394457,0.102197246210825,0.0363348966776411
4.50755898233337,0.0851732979000477,0.0104107885658792,0.0169621656756001,0.025936352822243,0.0682111322244476,-0.0155255642563638,0.102135463575648,0.0363471413881222
4.50936561920003,0.0851756717040669,0.0103928124864175,0.0168981301713384,0.0259665675062359,0.0682775415327286,-0.0155737550198184,0.102073801875405,0.0363593799926534
4.5111722560667,0.0851782710583001,0.010374904745546,0.0168339928945734,0.025996707083279,0.0683442781637267,-0.015621802337733,0.102012263952873,0.0363716118288249
4.51297889293337,0.0851810912977379,0.0103570655366583,0.0167697596731086,0.0260267707962243,0.0684113316246293,-0.015669705259566,0.101950850970846,0.0363838363328826
4.51478552980003,0.0851841319866007,0.0103392963592294,0.0167054344836277,0.026056756444121,0.068478697502973,-0.0157174600848916,0.101889566470228,0.0363960528033504
4.5165921666667,0.0851873909859615,0.0103215982000767,0.0166410220791213,0.0260866623883063,0.0685463689068402,-0.0157650641882297,0.101828413065083,0.036408260588383
4.51839880353337,0.0851908639163822,0.0103039712915735,0.0165765280483803,0.0261164878449066,0.0686143358680018,-0.015812516553333,0.101767391964763,0.0364204591364801
4.52020544040003,0.0851945504861048,0.0102864155476173,0.0165119564205269,0.0261462328678645,0.0686825940655779,-0.0158598173202471,0.101706506906632,0.0364326484154818
4.5220120772667,0.0851984481401181,0.0102689215656578,0.0164473121073096,0.0261759104718667,0.0687511360328086,-0.0159069889062088,0.101645760247428,0.0364448320375245
4.52381871413337,0.085202552771047,0.0102514865096853,0.0163826004863236,0.0262055242392749,0.0688199522847234,-0.0159540377295896,0.101585153257371,0.0364570107489602
4.52562535100003,0.0852068642176449,0.0102341102397171,0.0163178256669438,0.0262350743112667,0.0688890385507011,-0.0160009640715495,0.101524689884589,0.0364691845509838
4.5274319878667,0.0852113795358361,0.0102167918234903,0.0162529926640466,0.0262645616873223,0.0689583868717896,-0.0160477698638319,0.101464372199883,0.0364813535108126
4.52923862473337,0.0852160948767979,0.0101995300738266,0.0161881066718464,0.0262939876433784,0.0690279882049515,-0.0160944575695517,0.101404201548644,0.036493517717205
4.53104526160003,0.0852210101962873,0.0101823248806653,0.0161231719077865,0.0263233522878194,0.0690978382885008,-0.0161410274071541,0.101344182104074,0.0365056771684847
4.5328518984667,0.0852261221881815,0.0101651752102985,0.01605819343424,0.0263526567302068,0.0691679287539415,-0.0161874815199083,0.101284315622422,0.0365178319405052
4.53465853533337,0.0852314272487017,0.0101480799470707,0.0159931762898565,0.0263819021691886,0.0692382509588452,-0.0162338222221179,0.101224603538558,0.0365299821162592
4.53646517220003,0.0852369254370984,0.0101310390064544,0.0159281248279624,0.0264110886850515,0.069308800609136,-0.0162800496785971,0.101165050265061,0.0365421276915058
4.5382718090667,0.0852426131122206,0.0101140512620747,0.015863044102798,0.0264402174880477,0.0693795690094226,-0.0163261662259731,0.101105657215019,0.0365542687501224
4.54007844593337,0.085248486901824,0.01009711566541,0.0157979390252621,0.0264692897042331,0.069450547876562,-0.0163721740388231,0.101046425927086,0.0365664053696431
4.54188508280003,0.085254546955144,0.0100802321530767,0.0157328141123803,0.0264983053904902,0.0695217328427636,-0.0164180732374135,0.100987361067524,0.0365785375435669
4.5436917196667,0.0852607893230193,0.0100633995148112,0.0156676743546287,0.0265272658483739,0.0695931149683906,-0.0164638663335628,0.100928463677648,0.0365906653631851
4.54549835653337,0.0852672108512314,0.0100466167648369,0.0156025245629712,0.0265561721360407,0.0696646862882602,-0.0165095553712038,0.100869735414203,0.0366027889008776
4.54730499340003,0.0852738117654904,0.0100298838565244,0.015537369445948,0.0265850242916643,0.0697364423195424,-0.0165551404351399,0.100811181211438,0.0366149081481887
4.5491116302667,0.0852805878356441,0.0100131995045005,0.0154722138746401,0.0266138236987129,0.0698083739610039,-0.0166006241942125,0.100752801710284,0.0366270232032134
4.55091826713337,0.08528753611199,0.00999656278134363,0.0154070625878919,0.0266425713521393,0.0698804735240981,-0.0166460085707957,0.100694598699882,0.0366391341334829
4.55272490400003,0.0852946568832037,0.00997997365279023,0.0153419205135735,0.0266712672761016,0.0699527363696302,-0.0166912936233113,0.100636577396777,0.0366512409288918
4.5545315408667,0.085301945665161,0.00996343076713482,0.0152767923477402,0.0266999129265929,0.0700251533174208,-0.0167364821594581,0.100578738012901,0.0366633436937277
4.55633817773337,0.0853093996991656,0.00994693325092253,0.0152116827849322,0.0267285092400566,0.0700977169142333,-0.016781575989134,0.100521082484098,0.0366754424909791
4.55814481460003,0.0853170193233502,0.00993048107786616,0.0151465970001647,0.0267570562313301,0.0701704223231855,-0.0168265751534639,0.100463616323515,0.0366875373091962
4.5599514514667,0.0853247998266359,0.00991407283870649,0.0150815394588372,0.0267855554195422,0.0702432603677987,-0.0168714825808357,0.100406339285473,0.0366996282582487
4.56175808833337,0.0853327386278245,0.0098977077095662,0.0150165148390002,0.0268140076873209,0.0703162237888244,-0.0169162999777547,0.100349253466825,0.0367117153968871
4.56356472520003,0.085340836100996,0.00988138566774448,0.0149515285906297,0.0268424130448782,0.0703893075103662,-0.0169610273771337,0.100292364691626,0.0367237987126227
4.5653713620667,0.0853490873351355,0.00986510525520802,0.0148865848928386,0.0268707730650888,0.0704625024422969,-0.0170056678098808,0.100235672227974,0.0367358783202968
4.56717799893337,0.0853574899385121,0.00984886570012196,0.0148216884439012,0.0268990885739895,0.0705358014946109,-0.0170502228738676,0.100179178382413,0.0367479542741115
4.56898463580003,0.0853660442312072,0.00983266695841785,0.0147568449698767,0.0269273596042737,0.0706091992613305,-0.0170946926458558,0.100122889201084,0.0367600265626915
4.5707912726667,0.0853747452057255,0.00981650755263134,0.0146920583346531,0.026955587750761,0.0706826868710725,-0.0171390801981297,0.100066803540379,0.0367720953033923
4.57259790953337,0.0853835907323062,0.00980038678128115,0.0146273333337055,0.0269837737628008,0.0707562573986008,-0.0171833869815196,0.100010924066012,0.0367841605440819
4.57440454640003,0.08539258072905,0.00978430448587838,0.0145626758228136,0.0270119177970452,0.0708299049062363,-0.0172276133111668,0.0999552565518636,0.0367962222829236
4.5762111832667,0.0854017104534722,0.00976825926696932,0.0144980894691884,0.0270400213640866,0.0709036209842839,-0.0172717620971173,0.0998997999226606,0.036808280631056
4.57801782013337,0.085410977899273,0.00975225045509287,0.0144335791630767,0.0270680851782381,0.0709773987361963,-0.0173158347231453,0.0998445570623497,0.036820335633331
4.57982445700003,0.0854203826095904,0.00973627778611854,0.0143691508343485,0.0270961095107204,0.0710512317752419,-0.0173598317246018,0.099789533443939,0.0368323872968389
4.5816310938667,0.0854299200934418,0.00972033993421389,0.0143048079813523,0.0271240957925939,0.0711251121120895,-0.01740375585838,0.0997347280747942,0.0368444357268078
4.58343773073337,0.0854395884544783,0.00970443625754917,0.0142405556169234,0.0271520447078295,0.0711990328375549,-0.0174476084502803,0.0996801440714017,0.0368564809653787
4.58524436760003,0.0854493868878948,0.00968856639513058,0.0141763996893894,0.0271799566328271,0.0712729871985054,-0.0174913902376965,0.0996257865772842,0.0368685230279577
4.5870510044667,0.0854593111407004,0.00967272909035765,0.0141123435560536,0.0272078329238107,0.0713469675846468,-0.0175351038334531,0.099571654696754,0.0368805620141684
4.58885764133337,0.0854693594129887,0.00965692372464257,0.0140483923801528,0.0272356742391029,0.071420967032836,-0.0175787505144604,0.0995177517931415,0.0368925979637455
4.59066427820003,0.0854795375476914,0.00964114984890686,0.0139845619280213,0.027263481050894,0.0714949756196701,-0.0176223312019871,0.0994640994757127,0.0369046308998008
4.5924709150667,0.0854899231528662,0.00962540627139279,0.0139209708952672,0.0272912546452655,0.0715689522575989,-0.0176658483738727,0.0994108940481334,0.0369166609166583
4.59427755193337,0.0855005392837323,0.00960969239236534,0.0138576596565181,0.0273189956595866,0.0716428796272142,-0.0177093032672212,0.0993581989402504,0.0369286880519519
4.59608418880003,0.0855113825924136,0.00959400768343964,0.0137946313031868,0.0273467046524492,0.0717167512892268,-0.0177526969690096,0.0993060138956004,0.0369407123358888
4.5978908256667,0.0855224450287978,0.00957835461660159,0.0137318830081586,0.0273743879403079,0.0717905620206393,-0.0177960333237063,0.0992543280369564,0.0369527425569095
4.59969746253337,0.0855337227994538,0.00956276223108968,0.0136694172841882,0.0274020880396568,0.0718643055152656,-0.0178393258085671,0.0992031400836419,0.0369648502707465
4.60150409940003,0.0855452120218822,0.00954723690137508,0.013607236695622,0.0274298154479551,0.0719379753262601,-0.0178825785465801,0.0991524487175042,0.0369770523493302
4.6033107362667,0.0855569050542987,0.00953177634343636,0.0135453386559499,0.0274575696156063,0.0720115663983488,-0.0179257932721699,0.0991022437102486,0.0369893459590427
4.60511737313337,0.085568798199811,0.00951637952554255,0.0134837259692272,0.0274853505065198,0.0720850722305838,-0.0179689709809773,0.0990525241690382,0.0370017300320624
4.60692401000003,0.0855808871008094,0.00950104520850257,0.0134224006630566,0.0275131580057617,0.0721584864377528,-0.0180121127972591,0.099003287763866,0.0370142032142643
4.6087306468667,0.0855931644940811,0.00948577122356285,0.0133613603963713,0.0275409915976089,0.0722318040977098,-0.0180552203740461,0.0989545248904524,0.0370267628211718
4.61053728373337,0.0856056267495159,0.00947055656389101,0.013300608269365,0.0275688512662738,0.0723050184801509,-0.0180982947023828,0.0989062350188809,0.0370394078301648
4.61234392060003,0.0856182690939073,0.00945539985875418,0.0132401457632205,0.027596736843941,0.0723781233306868,-0.0181413369851869,0.0988584148571278,0.0370521367026952
4.6141505574667,0.085631084612857,0.00944029904604208,0.0131799707871526,0.0276246478474663,0.0724511138257044,-0.0181843488014242,0.0988110554000096,0.0370649468935084
4.61595719433337,0.0856440697132807,0.0094252531351963,0.0131200867423314,0.0276525842800692,0.0725239829709493,-0.0182273311448729,0.0987641564556122,0.0370778374152655
4.61776383120003,0.0856572192658877,0.00941026064119157,0.0130604945538438,0.0276805459236434,0.0725967247120439,-0.0182702852824518,0.0987177138197316,0.0370908065648349
4.6195704680667,0.0856705266753381,0.00939531959993546,0.0130011923860237,0.0277085323263286,0.0726693342893145,-0.0183132127263932,0.0986717190613618,0.0371038519262641
4.62137710493337,0.0856839883558173,0.00938042902851965,0.0129421839458566,0.0277365435090561,0.0727418044099607,-0.0183561144805364,0.0986261723016739,0.0371169725375757
4.62318374180003,0.0856975988814628,0.00936558734487546,0.0128834695926562,0.0277645792060193,0.0728141292888067,-0.0183989918611438,0.098581068474119,0.0371301665508948
4.6249903786667,0.0857113519462369,0.0093507926743042,0.0128250477507143,0.0277926389953463,0.0728863041955226,-0.0184418463210421,0.0985363996969512,0.0371434316696505
4.62679701553337,0.0857252439418377,0.00933604403292258,0.0127669224376702,0.0278207229143847,0.0729583215041676,-0.0184846788814621,0.0984921663795079,0.0371567669473072
4.62860365240003,0.0857392692053448,0.00932133975886747,0.0127090934373876,0.0278488306522189,0.0730301757679572,-0.0185274908933514,0.0984483626427324,0.0371701704110863
4.6304102892667,0.0857534216902652,0.00930667805820948,0.0126515594389547,0.0278769618156696,0.0731018622513105,-0.0185702837574601,0.0984049811292199,0.0371836398738791
4.63221692613337,0.085767697736054,0.00929205793746615,0.0125943247755024,0.0279051164572056,0.0731733729605517,-0.0186130585197395,0.0983620225115564,0.0371971743946718
4.63402356300003,0.0857820915022453,0.00927747767222883,0.012537388645768,0.0279332942233926,0.0732447028564773,-0.0186558165511638,0.0983194801480132,0.0372107718956215
4.6358301998667,0.0857965971721351,0.00926293554071298,0.0124807500084747,0.0279614947484487,0.0733158471636604,-0.0186985592077357,0.0982773471806098,0.0372244302891617
4.63763683673337,0.0858112110031784,0.0092484305312115,0.0124244135170826,0.0279897180986693,0.0733867974860958,-0.0187412875674578,0.098235624520261,0.0372381486298808
4.63944347360003,0.0858259270368766,0.00923396087402056,0.0123683777755273,0.028017963880691,0.0734575492613493,-0.0187840030066704,0.0981943048124039,0.0372519247547115
4.6412501104667,0.0858407396565588,0.00921952491087523,0.0123126420170036,0.0280462317548342,0.0735280976395551,-0.018826706843959,0.0981533816735624,0.0372657566657094
4.64305674733337,0.0858556450079227,0.00920512160322003,0.0122572112201412,0.0280745217999259,0.0735984337877815,-0.0188694001967058,0.0981128562280639,0.0372796434031459
4.64486338420003,0.0858706370739508,0.00919074915330421,0.0122020833843951,0.0281028335852638,0.0736685536895557,-0.0189120844319596,0.0980727204583459,0.037293582738568
4.6466700210667,0.0858857104082479,0.00917640595775801,0.0121472580222721,0.0281311667959763,0.0737384523859758,-0.0189547608382183,0.09803296843052,0.0373075727537343
4.64847665793337,0.085900861014999,0.009162090942553,0.0120927404424077,0.0281595215221258,0.0738081205725913,-0.0189974305795728,0.0979936014574067,0.0373216124646788
4.65028329480003,0.08591608287818,0.00914780229914065,0.0120385280301017,0.0281878972982619,0.0738775548480783,-0.0190400949991212,0.0979546109082817,0.0373356995974025
4.6520899316667,0.0859313706919147,0.00913353847042215,0.0119846205820099,0.0282162938330256,0.0739467501099049,-0.0190827553626035,0.0979159912739246,0.0373498323034478
4.65389656853337,0.0859467202891196,0.00911929833827158,0.0119310237416122,0.028244711226419,0.0740156965475075,-0.0191254128881475,0.0978777440307318,0.0373640095646906
4.65570320540003,0.085962125714276,0.00910508010059138,0.0118777342703767,0.0282731489808356,0.0740843914438993,-0.0191680688802442,0.0978398599846527,0.037378229081427
4.6575098422667,0.0859775817722716,0.00909088223792959,0.0118247522539464,0.028301606827132,0.0741528295183252,-0.0192107245892024,0.097802334026218,0.0373924890650616
4.65931647913337,0.0859930840949962,0.00907670357943701,0.0117720836754846,0.0283300848739565,0.0742210004195116,-0.0192533812945195,0.0977651677704808,0.0374067884533935
4.66112311600003,0.086008626846951,0.00906254234671759,0.0117197246629501,0.0283585825941351,0.0742889021840009,-0.0192960402474175,0.0977283515099011,0.0374211249408526
4.6629297528667,0.0860242049140299,0.00904839704934093,0.0116676755958123,0.0283870997394461,0.0743565293182176,-0.0193387026901052,0.0976918805098423,0.0374354967887871
4.66473638973337,0.0860398136973409,0.00903426645511049,0.0116159428017548,0.0284156364258883,0.0744238708955861,-0.0193813699707778,0.0976557564990957,0.0374499028809988
4.66654302660003,0.0860554475409169,0.00902014882658055,0.0115645217655518,0.0284441920993109,0.0744909257753651,-0.0194240432727303,0.0976199693064688,0.0374643409258914
4.6683496634667,0.0860711013895314,0.00900604269885244,0.0115134133260286,0.0284727665406262,0.0745576880635028,-0.0194667238417738,0.09758451471556,0.0374788092394786
4.67015630033337,0.0860867703608659,0.00899194675435349,0.0114626236781526,0.0285013598433645,0.0746241466827133,-0.019509413089011,0.0975493940390184,0.037493306597718
4.67196293720003,0.086102449060886,0.00897785932924164,0.0114121481359119,0.0285299714575127,0.0746903009249741,-0.0195521121282711,0.0975145971967979,0.0375078307867544
4.6737695740667,0.0861181324399669,0.00896377896840352,0.0113619879892825,0.0285586011898427,0.0747561444506843,-0.0195948222214392,0.0974801204292494,0.0375223801582463
4.67557621093337,0.086133815350283,0.00894970426622698,0.011312148862408,0.0285872490875359,0.0748216664878751,-0.019637544821309,0.097445964212691,0.0375369533537629
4.67738284780003,0.08614949267157,0.00893563364376184,0.01126262633176,0.0286159146298917,0.0748868663398101,-0.0196802809861298,0.09741211900333,0.0375515482736535
4.6791894846667,0.0861651593161836,0.00892156564041799,0.0112134220004933,0.0286445976394226,0.0749517373156903,-0.0197230319990046,0.0973785813166768,0.0375661632798406
4.68099612153337,0.0861808099303046,0.00890749877979245,0.0111645409122508,0.0286732981195525,0.0750162690180538,-0.0197657993397601,0.0973453508425554,0.037580796899345
4.68280275840003,0.0861964396376814,0.00889343155920251,0.0111159789108259,0.0287020155775978,0.0750804607268554,-0.0198085840183953,0.0973124185485073,0.0375954471368003
4.6846093952667,0.0862120432828938,0.00887936250395671,0.0110677379173907,0.0287307498505162,0.0751443053655031,-0.0198513873465595,0.0972797812002845,0.0376101123544729
4.68641603213337,0.0862276153656424,0.00886529008411086,0.011019822385411,0.0287595009005648,0.0752077929802314,-0.019894210816454,0.0972474377510534,0.0376247909846757
4.68822266900003,0.0862431512239318,0.00885121286462493,0.0109722284308398,0.0287882682617815,0.0752709227930919,-0.0199370553971566,0.0972153796547716,0.0376394811264064
4.6900293058667,0.0862586456048098,0.00883712934808129,0.0109249582977048,0.0288170517842741,0.075333687307105,-0.0199799224361928,0.0971836039025145,0.0376541811323554
4.69183594273337,0.0862740929210086,0.00882303796824374,0.0108780158396185,0.0288458513917231,0.0753960770813901,-0.0200228134234793,0.097152108760627,0.0376688893599668
4.69364257960003,0.0862894886950333,0.00880893734909035,0.0108313974495317,0.0288746666435929,0.0754580912455016,-0.0200657292945025,0.0971208861445651,0.0376836039926832
4.6954492164667,0.0863048275466432,0.00879482596185292,0.0107851056991658,0.0289034974018463,0.0755197218474775,-0.0201086714399934,0.097089933245809,0.0376983233636992
4.69725585333337,0.0863201038611152,0.0087807022212523,0.0107391438326029,0.0289323435541775,0.0755809600285123,-0.0201516413329252,0.097059247693718,0.0377130457754298
4.69906249020003,0.0863353133156983,0.00876656480166007,0.0106935085246311,0.0289612046841825,0.0756418047910672,-0.0201946398825224,0.0970288218403294,0.0377277694858425
4.7008691270667,0.0863504503731064,0.00875241213433281,0.010648202679503,0.0289900806643834,0.0757022476936033,-0.0202376685300506,0.0969986530526094,0.0377424927987162
4.70267576393337,0.0863655094506742,0.00873824263219759,0.0106032289220944,0.029018971349079,0.0757622805285798,-0.0202807287168814,0.0969687383727686,0.0377572139812766
4.70448240080003,0.0863804863506383,0.00872405501139507,0.010558584213868,0.0290478763447006,0.0758219021367702,-0.0203238213333055,0.0969390705645063,0.0377719313560957
4.7062890376667,0.086395375348911,0.00870984765458203,0.0105142717964467,0.0290767955330359,0.0758811035524643,-0.0203669478784538,0.0969096471453578,0.0377866431876179
4.70809567453337,0.0864101709543977,0.00869561899014103,0.0104702936658231,0.0291057287375773,0.0759398772885747,-0.0204101097474363,0.0968804646202208,0.0378013477277183
4.70990231140003,0.0864248690645658,0.00868136776735685,0.0104266470749725,0.0291346755862979,0.0759982219895933,-0.020453307818941,0.0968515161395384,0.0378160433536547
4.7117089482667,0.0864394637387694,0.00866709231166209,0.0103833356077267,0.0291636359689534,0.0760561281310427,-0.0204965436572913,0.0968227993464961,0.0378307282806155
4.71351558513337,0.0864539496369979,0.00865279108414397,0.0103403606215183,0.0291926096808229,0.0761135890154796,-0.0205398185966789,0.0967943102585162,0.0378454007649669
4.71532222200003,0.0864683227221927,0.00863846285860676,0.0102977196656742,0.029221596370124,0.0761706030565184,-0.0205831335115172,0.0967660423878669,0.0378600592287307
4.7171288588667,0.0864825768073935,0.00862410589463426,0.0102554166710729,0.029250595933287,0.0762271601363207,-0.0206264900386527,0.0967379934784664,0.0378747018279212
4.71893549573337,0.0864967067631865,0.00860971870326727,0.0102134523469105,0.0292796081399663,0.076283254416276,-0.020669889436699,0.096710159110097,0.0378893268432336
4.72074213260003,0.0865107085882309,0.00859530007420567,0.0101718245437033,0.0293086326573299,0.0763388840445276,-0.0207133325831243,0.0966825331319343,0.0379039327315356
4.7225487694667,0.0865245758194955,0.00858084819255947,0.0101305375442148,0.0293376693871866,0.0763940382752807,-0.0207568211946271,0.0966551133637103,0.0379185175797461
4.72435540633337,0.0865383035976757,0.00856636163657257,0.0100895913997289,0.0293667180761575,0.0764487121979468,-0.020800356439585,0.0966278949974046,0.0379330797127301
4.72616204320003,0.0865518879273927,0.00855183920321498,0.0100489842667895,0.0293957784090655,0.0765029036606031,-0.0208439392058505,0.0966008721941822,0.0379476176122805
4.7279686800667,0.0865653220397873,0.00853727899449916,0.0100087207848831,0.029424850291803,0.0765566012549041,-0.0208875712973039,0.0965740428246704,0.0379621292863022
4.72977531693337,0.0865786014051776,0.00852267967312082,0.00996880033770397,0.0294539334505474,0.0766098010674737,-0.0209312537774266,0.0965474017428816,0.0379766131236682
4.73158195380003,0.08659172200439,0.0085080400346963,0.00992922139266273,0.0294830275864815,0.0766625006117273,-0.0209749875517852,0.0965209433970528,0.0379910676211778
4.7333885906667,0.0866048083902489,0.00849335808951471,0.00988980275931324,0.0295121326082859,0.0767150056309357,-0.0210187745187712,0.0964946111495621,0.0380054906978006
4.73519522753337,0.0866181757261938,0.00847863260197349,0.00985009158005671,0.0295412482242858,0.0767680841461371,-0.0210626156223123,0.0964682673062505,0.0380198808262593
4.73700186440003,0.0866318331510199,0.00846386235771012,0.00981006795409687,0.029570374150728,0.076821765196923,-0.0211065117930179,0.0964419011051168,0.0380342365084381
4.7388085012667,0.086645778681659,0.00844904526666717,0.00976972948949353,0.0295995102977863,0.0768760491921654,-0.0211504650311191,0.0964155081711525,0.0380485555644534
4.74061513813337,0.0866600042197343,0.00843418021219173,0.009729080437435,0.0296286563585232,0.0769309237822993,-0.0211944761463315,0.0963890846571693,0.0380628365707149
4.74242177500004,0.0866745026969052,0.00841926596131853,0.00968812402020323,0.0296578120629555,0.076986378676702,-0.021238546101637,0.0963626267171084,0.0380770780242741
4.7442284118667,0.0866892721593939,0.00840430901548368,0.0096468576169225,0.0296869650171373,0.0770424145424713,-0.0212826560016536,0.0963361297763164,0.038091274032621
4.74603504873337,0.0867043041344776,0.00838932918253707,0.00960528603021539,0.0297160855023601,0.0770990181042622,-0.021326756319823,0.096309590164693,0.0381054146848972
4.74784168560003,0.0867195918988711,0.00837432671381623,0.0095634121598655,0.029745171123487,0.0771561797390056,-0.0213708444096707,0.0962830040587366,0.0381194978373032
4.7496483224667,0.0867351334947716,0.008359300436214,0.0095212331659321,0.0297742201726121,0.0772139003288395,-0.0214149197363981,0.0962563666607037,0.0381335206088261
4.75145495933337,0.086750920141742,0.00834424980950844,0.00947875438273004,0.0298032319144732,0.0772721657590119,-0.0214589821049647,0.096229674524472,0.0381474817239816
4.75326159620003,0.0867669454282361,0.00832917409751484,0.00943597839741564,0.0298322053109771,0.0773309670308205,-0.0215030312134623,0.0962029238256518,0.0381613794084919
4.7550682330667,0.0867832073591111,0.00831407206425105,0.00939290216085506,0.0298611385622406,0.0773903051982561,-0.0215470664979895,0.0961761095199662,0.0381752106264916
4.75687486993337,0.0867996969128457,0.00829894325014395,0.00934953151931137,0.0298900310528592,0.0774501653935343,-0.0215910878027153,0.096149228432157,0.0381889743030032
4.75868150680003,0.0868164079563184,0.0082837869012347,0.00930586875718624,0.0299188817168593,0.0775105391991321,-0.0216350948156246,0.0961222767135046,0.038202668618094
4.7604881436667,0.0868333384237306,0.00826860171390795,0.00926191062602296,0.0299476886556175,0.0775714277977076,-0.0216790869417096,0.0960952490497535,0.0382162903695255
4.76229478053337,0.0868504791191074,0.0082533873187565,0.00921766346429162,0.0299764513871126,0.0776328156548158,-0.0217230640683561,0.0960681425833991,0.0382298387058691
4.76410141740003,0.0868678241544369,0.00823814293928893,0.00917312926350914,0.0300051688107284,0.0776946948909277,-0.0217670258714395,0.096040953417946,0.0382433117500174
4.7659080542667,0.0868853713599484,0.00822286719949816,0.00912830458576853,0.0300338389223374,0.0777570667741798,-0.0218109717228392,0.0960136759457169,0.0382567061218355
4.76771469113337,0.0869031114318455,0.00820755982965941,0.00908319624200286,0.0300624613868282,0.0778199151898427,-0.0218549015571688,0.0959863076738484,0.0382700212164876
4.76952132800003,0.0869210388490429,0.00819221999756258,0.00903780570111693,0.0300910350194734,0.0778832331479259,-0.0218988150219108,0.0959588445501598,0.038283255017036
4.7713279648667,0.086939150839083,0.00817684633533483,0.00899213006442368,0.0301195578319949,0.0779470207746593,-0.0219427114966601,0.0959312809035067,0.0382964041673297
4.77313460173337,0.0869574385223784,0.00816143859716623,0.00894617587677734,0.0301480295216002,0.078011262645601,-0.021986590924434,0.0959036143991557,0.0383094681187665
4.77494123860003,0.0869758965463509,0.00814599591041781,0.0088999443102716,0.0301764488431678,0.0780759522360793,-0.0220304529327499,0.0958758408566225,0.0383224447535856
4.7767478754667,0.0869945215324528,0.00813051693573114,0.00885343308632067,0.0302048138541841,0.0781410884461321,-0.0220742969184529,0.0958479546187735,0.0383353307899152
4.77855451233337,0.0870133050620244,0.00811500143558984,0.00880664839294722,0.0302331242610233,0.0782066566690772,-0.0221181228254335,0.0958199534549716,0.0383481256966132
4.78036114920003,0.0870322418943344,0.00809944849578863,0.0087595911488467,0.0302613787568692,0.0782726507454877,-0.0221619302610806,0.0957918330431811,0.0383608272526579
4.7821677860667,0.0870513281113762,0.00808385681500038,0.00871225967579162,0.0302895754584995,0.0783390684355846,-0.0222057186434991,0.0957635877871678,0.0383734322734999
4.78397442293337,0.0870705557221021,0.00806822615924365,0.00866465981484472,0.0303177140746919,0.0784058959072573,-0.0222494879154482,0.0957352155369468,0.0383859402339355
4.78578105980003,0.0870899195643121,0.00805255556798816,0.0086167922411745,0.0303457932301726,0.0784731273231376,-0.0222932376621845,0.0957067118054866,0.0383983487981608
4.7875876966667,0.0871094152471717,0.00803684378745591,0.00856865585716903,0.0303738111145361,0.0785407593900027,-0.0223369673270802,0.0956780711043408,0.038410654901992
4.78939433353337,0.0871290351739297,0.00802109058244111,0.00852025616680197,0.0304017674322001,0.0786087790071277,-0.022380676849759,0.0956492913407317,0.0384228580146412
4.79120097040003,0.0871487742276023,0.00800529494133023,0.00847159361158712,0.0304296607326723,0.0786771806160151,-0.022424365791342,0.0956203678391894,0.0384349556740025
4.7930076072667,0.0871686276111578,0.00798945566741087,0.00842266765478462,0.0304574892918879,0.0787459599563732,-0.022468033624477,0.0955912952659424,0.0384469449592987
4.79481424413337,0.0871885880888259,0.00797357251949505,0.00837348347315129,0.030485252803143,0.0788151046156746,-0.022511680283648,0.0955620715619772,0.0384588253226381
4.79662088100003,0.0872086505555235,0.00795764443012762,0.0083240412844168,0.0305129497339627,0.0788846092711067,-0.022555305303835,0.0955326918399403,0.0384705941640903
4.7984275178667,0.0872288098746528,0.0079416702691786,0.00827434109297108,0.0305405784601494,0.0789544687816817,-0.0225989081909708,0.0955031509676238,0.038482248729328
4.80023415473337,0.0872490591381089,0.00792564978471921,0.00822438775822487,0.0305681386571146,0.079024671379884,-0.0226424888723954,0.0954734468963337,0.0384937884418338
4.80204079160004,0.087269393219394,0.00790958184869393,0.00817418128399572,0.0305956287036384,0.0790952119353983,-0.0226860468549445,0.0954435745033897,0.0385052105523323
4.8038474284667,0.087289806708975,0.00789346540707237,0.00812372219606014,0.0306230470889155,0.0791660845129148,-0.0227295816818431,0.0954135289050351,0.0385165124959878
4.80565406533337,0.0873102929930971,0.00787730019242626,0.00807301504635465,0.0306503934637099,0.0792372779467425,-0.0227730932712836,0.0953833080394518,0.0385276936561361
4.80746070220003,0.0873308468905322,0.00786108501134219,0.008022059634656,0.0306776661112937,0.0793087872558762,-0.0228165810999515,0.0953529065251882,0.0385387511226359
4.8092673390667,0.087351462785443,0.00784481889540511,0.00797085698838439,0.0307048636477801,0.0793806057970586,-0.022860044752375,0.0953223197738274,0.0385496825431852
4.81107397593337,0.0873721343251091,0.00782850155692996,0.0079194113618731,0.0307319856925228,0.079452722963236,-0.0229034841355929,0.0952915456869822,0.0385604872494528
4.81288061280003,0.0873928562402567,0.0078121317323854,0.00786772236073008,0.0307590304265232,0.0795251338795267,-0.0229468986941378,0.0952605786009868,0.0385711621589086
4.8146872496667,0.0874136227753752,0.00779570854849066,0.00781579149427585,0.030785996606338,0.0795978312810994,-0.0229902880578473,0.0952294142696511,0.0385817051548287
4.81649388653337,0.0874344278054634,0.00777923169254337,0.00776362272911256,0.0308128838131482,0.0796708050763508,-0.0230336521206048,0.095198050534576,0.0385921155056916
4.81830052340004,0.0874552659398857,0.00776269982613748,0.00771121548655013,0.0308396901189214,0.0797440504533356,-0.023076990292784,0.0951664814264358,0.0386023899450589
4.8201071602667,0.08747613135009,0.00774611218064165,0.00765857173806674,0.0308664144341839,0.0798175596120232,-0.0231203022535422,0.0951347030881567,0.0386125266148255
4.82191379713337,0.087497018105478,0.00772946841357986,0.00760569517240495,0.0308930562951803,0.0798913229330731,-0.0231635878816004,0.0951027132778829,0.0386225247087601
4.82372043400003,0.0875179206607379,0.00771276710691095,0.0075525850364481,0.0309196136580829,0.0799653356242899,-0.0232068465511719,0.095070505697186,0.0386323807649938
4.8255270708667,0.0875388331809057,0.00769600760617184,0.00749924374408917,0.0309460856009119,0.0800395894368165,-0.0232500779947401,0.0950380769249949,0.0386420932070837
4.82733370773337,0.0875597498964718,0.0076791895343524,0.00744567471608229,0.0309724716082139,0.0801140751803895,-0.0232932820738615,0.0950054246125541,0.0386516611425664
4.82914034460003,0.0875806650741316,0.00766231138901973,0.00739187703475639,0.0309987695136019,0.0801887880393753,-0.0233364581245822,0.094972542108888,0.0386610809026217
4.8309469814667,0.0876015729391409,0.00764537263939413,0.00733785353667548,0.0310249785761169,0.0802637194024654,-0.0233796059367227,0.0949394264758164,0.038670351215511
4.83275361833337,0.0876224678497629,0.00762837286917444,0.0072836073844774,0.0310510982218434,0.0803388604652855,-0.023422725352669,0.0949060752342403,0.0386794710910179
4.83456025520004,0.0876433438513851,0.00761131048677671,0.00722913750580673,0.0310771261550732,0.0804142063455784,-0.0234658156682965,0.0948724813571919,0.0386884366418499
4.8363668920667,0.0876641952961141,0.00759418509462205,0.00717444714015779,0.0311030618293926,0.0804897481559563,-0.0235088767347706,0.0948386424362719,0.0386972469240147
4.83817352893337,0.0876850166366699,0.00757699623235934,0.00711953920192184,0.031128904605663,0.080565477434748,-0.0235519083733037,0.0948045558385917,0.0387059008380224
4.83998016580003,0.0877058016638169,0.00755974221449511,0.00706441247393208,0.0311546520520911,0.0806413891898848,-0.023594909837596,0.094770214137749,0.0387143942665862
4.8417868026667,0.0877265449231434,0.00754242278616868,0.00700907057886831,0.0311803038303346,0.0807174743442751,-0.0236378810441659,0.0947356155020117,0.0387227266165033
4.84359343953337,0.087747240928511,0.00752505140492,0.00695351619274814,0.0312058789811638,0.0807937247357629,-0.0236808275762438,0.0947007571212592,0.0387309303860838
4.84540007640004,0.0877678831827454,0.00750767034376929,0.00689774796346419,0.0312314372362028,0.0808701352192812,-0.0237237668924335,0.0946656311462096,0.0387391075799721
4.8472067132667,0.0877884664915474,0.00749028316041445,0.00684176987713932,0.0312569836551846,0.0809466966144081,-0.0237667004947702,0.0946302363686867,0.0387472668155991
4.84901335013337,0.087808985396605,0.00747288979891193,0.00678558438128869,0.0312825181649343,0.0810234010153163,-0.0238096283660224,0.0945945697778937,0.0387554079638463
4.85081998700004,0.0878294330794891,0.00745549008348229,0.00672918999873542,0.0313080404620637,0.0811002430807536,-0.0238525503785814,0.0945586230782245,0.038763530545546
4.8526266238667,0.0878498046726447,0.0074380840143808,0.00667259105930289,0.0313335505816943,0.0811772136133418,-0.0238954665673135,0.0945223957319476,0.0387716345960751
4.85443326073337,0.0878700947122698,0.00742067153044496,0.00661578979187503,0.0313590484402413,0.0812543049203948,-0.0239383769097964,0.0944858845041449,0.0387797199706863
4.85623989760003,0.0878902960253664,0.0074032524458576,0.00655878460407791,0.0313845337167468,0.0813315114212885,-0.0239812812708892,0.0944490806294443,0.0387877861626044
4.8580465344667,0.0879104041377534,0.007385826776591,0.00650158014969145,0.0314100064749944,0.081408823988062,-0.0240241796984034,0.0944119842874449,0.0387958332515854
4.85985317133337,0.0879304135468243,0.00736839445580296,0.00644417844884011,0.0314354666203073,0.0814862350979842,-0.0240670721645043,0.0943745919956644,0.0388038610761103
4.86165980820004,0.0879503166916957,0.00735095528717984,0.00638657780382372,0.0314609138134732,0.081563738887872,-0.0241099585262933,0.0943368944955194,0.038811869100653
4.8634664450667,0.087970109558192,0.00733350930332954,0.00632878317263661,0.0314863481483062,0.0816413263855554,-0.0241528388449767,0.0942988927308286,0.0388198574516357
4.86527308193337,0.0879897865442984,0.00731605642970715,0.00627079633377238,0.031511769515418,0.081718990210526,-0.0241957130857108,0.0942605828780708,0.0388278259451252
4.86707971880004,0.0880093397497953,0.00729859646373329,0.00621261562230507,0.0315371775654652,0.0817967241274902,-0.0242385811017319,0.0942219553721004,0.0388357740291985
4.8688863556667,0.0880287656052793,0.00728112945088044,0.00615424615247135,0.0315625724148523,0.0818745194528079,-0.0242814429639718,0.0941830117577506,0.0388437018657327
4.87069299253337,0.0880480582918358,0.00726365530451026,0.00609568937734542,0.0315879539315239,0.0819523689144904,-0.0243242986270136,0.0941437476691812,0.0388516092360342
4.87249962940004,0.0880672098709839,0.00724617383180233,0.00603694408385448,0.0316133217859444,0.0820302657871294,-0.0243671479541421,0.0941041539548384,0.0388594956177467
4.8743062662667,0.0880862169503331,0.00722868507552837,0.00597801511352745,0.031638676087854,0.0821082018368056,-0.0244099910123256,0.0940642320638605,0.0388673611633823
4.87611290313337,0.0881050735389026,0.00721118894153184,0.00591890375016501,0.0316640166913701,0.0821861697887376,-0.0244528277498383,0.0940239772890676,0.0388752056329019
4.87791954000004,0.0881237717265797,0.00719368524767119,0.00585960921280379,0.0316893432881329,0.0822641625137759,-0.0244956580404617,0.0939833809393835,0.0388830285358041
4.8797261768667,0.0881423082646721,0.00717617403355771,0.00580013608013715,0.0317146559805331,0.0823421721845349,-0.0245384819469754,0.0939424443448092,0.0388908300140908
4.88153281373337,0.088160676956817,0.00715865519705619,0.00574048547656335,0.0317399546081791,0.0824201914802537,-0.024581299411123,0.0939011624333804,0.0388986098052353
4.88333945060003,0.0881788699879011,0.00714112856762408,0.00568065703348547,0.0317652388852522,0.0824982129544156,-0.0246241103176281,0.0938595270213866,0.0389063674528762
4.8851460874667,0.0881968842196148,0.00712359418125235,0.00562065507663255,0.0317905089061118,0.0825762291429822,-0.0246669147248594,0.0938175392962473,0.0389141030873641
4.88695272433337,0.0882147132168977,0.00710605192736784,0.00556048058087232,0.0318157644951721,0.0826542326360254,-0.0247097125678043,0.0937751937977701,0.03892181642254
4.88875936120004,0.0882323493262667,0.00708850164794586,0.00550013357023133,0.0318410053905242,0.0827322157560354,-0.0247525037425783,0.093732482896498,0.03892950703847
4.8905659980667,0.0882497894864796,0.00707094337489704,0.00543961812734593,0.0318662316778115,0.0828101713591337,-0.0247952883029145,0.0936894076138255,0.0389371750527086
4.89237263493337,0.0882670269904627,0.007053376988751,0.00537893508742464,0.0318914431655714,0.0828880919030381,-0.0248380661768204,0.0936459620778873,0.0389448201543224
4.89417927180004,0.0882840544129948,0.00703580234492032,0.00531808484737411,0.0319166396171705,0.0829659695656207,-0.0248808372722502,0.0936021392603689,0.0389524419620909
4.8959859086667,0.088300868736585,0.00701821947077606,0.0052570712566096,0.0319418211088543,0.0830437974799754,-0.0249236016380782,0.0935579399931946,0.0389600405796303
4.89779254553337,0.0883174629488309,0.00700062823749005,0.00519589502055199,0.0319669874325986,0.0831215679282789,-0.0249663591951086,0.0935133579693829,0.0389676156700887
4.89959918240004,0.0883338299194039,0.00698302851483206,0.00513455688924552,0.0319921383784135,0.0831992730301583,-0.0250091098635814,0.0934683868086494,0.0389751668932455
4.9014058192667,0.0883499666412493,0.00696542032517386,0.00507306048875557,0.0320172740124617,0.0832769061524937,-0.0250518536872878,0.0934230271300048,0.0389826943376356
4.90321245613337,0.0883658657633205,0.00694780352986922,0.00501140640458677,0.0320423941094754,0.0833544593587337,-0.0250945905796062,0.0933772721679073,0.0389901976393446
4.90501909300004,0.0883815594476256,0.00693017801396541,0.00494965077666257,0.0320674984874744,0.0834319086709631,-0.0251373204735089,0.0933312102242882,0.0389976765014398
4.9068257298667,0.0883972134912488,0.00691254379437429,0.00488803577502735,0.0320925872018556,0.0835091777162215,-0.0251800434074813,0.0932852492662762,0.0390051309962299
4.90863236673337,0.0884128454165779,0.00689490072217287,0.00482659757752113,0.032117660009424,0.0835862478390568,-0.0252227592872512,0.0932394429940991,0.0390125607315969
4.91043900360004,0.0884284507559236,0.00687724869860467,0.00476534023000109,0.0321427167575755,0.0836631105259225,-0.0252654680589708,0.0931937909859247,0.0390199654561802
4.9122456404667,0.0884440254265398,0.00685958773466207,0.00470426553201745,0.0321677574902583,0.0837397598945223,-0.0253081697555962,0.0931482909585572,0.0390273452249204
4.91405227733337,0.08845956476935,0.00684191767068554,0.004643378765054,0.0321927819456656,0.083816186004296,-0.02535086427498,0.093102943534404,0.0390346996163511
4.91585891420003,0.0884750643612692,0.00682423842503417,0.00458268363222471,0.0322177900019382,0.0838923807290445,-0.0253935515769041,0.0930577479934939,0.0390420284269724
4.9176655510667,0.0884905202175441,0.00680655000232169,0.00452218200451397,0.0322427816908909,0.0839683382130301,-0.0254362316885692,0.0930127022220581,0.0390493316932126
4.91947218793337,0.0885059275111175,0.00678885223169136,0.00446187945580342,0.0322677567314226,0.0840440480553141,-0.0254789044997312,0.0929678069669209,0.039056608963114
4.92127882480004,0.0885212819142761,0.00677114504953817,0.00440177930428651,0.0322927150337846,0.0841195026099895,-0.0255215699842464,0.0929230612185626,0.0390638600833227
4.9230854616667,0.0885365795148758,0.00675342845363712,0.00434188351347032,0.0323176566169757,0.0841946960014055,-0.0255642281633386,0.0928784630283461,0.0390710850706128
4.92489209853337,0.0885518152924944,0.00673570226147475,0.00428219797072275,0.0323425811799164,0.0842696173217716,-0.0256068789184416,0.0928340132632171,0.0390782834413911
4.92669873540004,0.0885669850655582,0.00671796642840127,0.00422272556713986,0.0323674886663364,0.0843442594984183,-0.0256495222379352,0.092789710632698,0.0390854550947377
4.9285053722667,0.0885820849691487,0.00670022094489293,0.00416346837984007,0.0323923790817344,0.0844186165893086,-0.0256921581368415,0.0927455533489887,0.0390926000266273
4.93031200913337,0.0885971097640942,0.00668246561631999,0.00410443263076555,0.032417252104369,0.0844926771333287,-0.0257347864880491,0.0927015423948598,0.039099717720689
4.93211864600004,0.0886120554657293,0.00666470041790759,0.00404562074173828,0.0324421077128155,0.084566434723991,-0.0257774072949079,0.0926576762074675,0.0391068081307231
4.9339252828667,0.0886269182309766,0.00664692533237331,0.00398703492457671,0.0324669458983885,0.0846398833063999,-0.0258200205660152,0.0926139531555533,0.0391138712307618
4.93573191973337,0.0886416925765311,0.00662914015251163,0.00392868175688465,0.0324917663180023,0.0847130108196464,-0.0258626261654907,0.0925703743334158,0.0391209064705139
4.93753855660004,0.0886563747654035,0.00661134487434151,0.00387056314903509,0.0325165689864433,0.0847858116163684,-0.0259052241121018,0.0925269379144386,0.0391279138607848
4.9393451934667,0.0886709609509737,0.00659353947236277,0.00381268146863318,0.0325413538801607,0.0848582794823405,-0.0259478144077979,0.0924836424196068,0.0391348933525235
4.94115183033337,0.0886854453804189,0.00657572372633363,0.00375504367003381,0.0325661206340381,0.084930401710385,-0.0259903969077044,0.0924404890504527,0.0391418443603717
4.94295846720004,0.0886998246151946,0.00655789765398742,0.00369765110998356,0.0325908693004422,0.085002173505211,-0.0260329716464548,0.0923974757251781,0.0391487669544296
4.9447651040667,0.0887140947797531,0.00654006122114558,0.00364050633296305,0.0326155998402714,0.0850735884467901,-0.0260755386191258,0.0923546011127162,0.039155661061417
4.94657174093337,0.0887282498263716,0.00652221419407076,0.00358361669116637,0.0326403118656977,0.0851446331352052,-0.026118097671627,0.0923118665175379,0.0391625260597685
4.94837837780004,0.0887422866657165,0.00650435661312952,0.00352698294553696,0.0326650054680341,0.0852153037201795,-0.0261606488549046,0.0922692696112534,0.0391693620811636
4.9501850146667,0.0887562013679296,0.00648648843500598,0.00347060783851952,0.0326896805919437,0.0852855935294101,-0.0262031921569378,0.0922268092064491,0.0391761690269497
4.95199165153337,0.0887699875650028,0.00646860941200707,0.00341449914123578,0.0327143368262037,0.085355488423767,-0.0262457274141966,0.0921844867062385,0.0391829462382108
4.95379828840004,0.0887836425675829,0.00645070723691907,0.00335865697664878,0.0327389917978647,0.0854249855909341,-0.0262882845609456,0.0921422995442316,0.0391896990347837
4.9556049252667,0.0887971623661167,0.00643276086947797,0.00330308430625635,0.0327636751152678,0.0854940780598604,-0.0263309142457899,0.0921002466723731,0.0391964359847458
4.95741156213337,0.0888105402469265,0.00641476963376892,0.00324778934119508,0.0327883869283227,0.0855627509057314,-0.0263736172945538,0.0920583295881216,0.0392031565620916
4.95921819900004,0.0888237739714078,0.00639673492744337,0.00319277152427233,0.0328131255587626,0.0856310024471355,-0.0264163906313192,0.0920165454956801,0.0392098604862059
4.9610248358667,0.0888368594249282,0.00637865751759223,0.00313803405712657,0.0328378897428482,0.0856988253678017,-0.0264592322252559,0.0919748934820548,0.0392165472604404
4.96283147273337,0.0888497895227567,0.00636053737781837,0.00308358561199763,0.0328626786661317,0.0857662039107591,-0.0265021412883133,0.0919333751347543,0.0392232160439501
4.96463810960004,0.0888625625278051,0.00634237595387947,0.00302942490936113,0.0328874906612721,0.085833137618444,-0.0265451147073926,0.0918919874371662,0.0392298666151515
4.9664447464667,0.0888751741011232,0.00632417394652083,0.0029755555790743,0.0329123245049484,0.0858996185220489,-0.0265881505584275,0.0918507296801975,0.0392364984514692
4.96825138333337,0.0888876170431071,0.00630593139688145,0.00292198627459719,0.0329371793008211,0.08596563076851,-0.0266312479039397,0.0918096033177043,0.0392431106977026
4.97005802020004,0.0888998898873885,0.006287649722799,0.00286871545286844,0.0329620534419067,0.0860311744345201,-0.0266744037191077,0.091768605340257,0.0392497031647057
4.9718646570667,0.0889119880517941,0.00626932957251571,0.00281574716247677,0.0329869457290684,0.0860962408893173,-0.0267176161565527,0.0917277352142709,0.0392562753015841
4.97367129393337,0.0889239044585917,0.00625097109752946,0.00276308964994689,0.0330118551689046,0.0861608148086448,-0.0267608840713752,0.0916869941085386,0.0392628262664341
4.97547793080004,0.0889356377007721,0.00623257564077324,0.00271074147574741,0.03303678023718,0.0862248962250247,-0.0268042045964068,0.0916463791765195,0.0392693558779533
4.9772845676667,0.0889471829895472,0.00621414381919726,0.00265870701296108,0.0330617197418513,0.0862884759765861,-0.026847575922654,0.0916058900025083,0.0392758635610485
4.97909120453337,0.0889585334198243,0.00619567588633416,0.00260699405899993,0.0330866726068958,0.0863515393608244,-0.0268909967205617,0.0915655274788242,0.03928234849323
4.98089784140004,0.0889696876185698,0.0061771731143737,0.00255560129895168,0.0331116373836056,0.0864140863196181,-0.0269344642692319,0.0915252889175215,0.0392888104979793
4.9827044782667,0.0889806405649963,0.00615863609313721,0.00250453345148045,0.0331366128798106,0.0864761071135158,-0.0269779767866734,0.0914851740164767,0.0392952489729478
4.98451111513337,0.0889913855774189,0.00614006516986675,0.00245379782270991,0.033161597951308,0.086537587754709,-0.0270215327814412,0.0914451834001288,0.0393016631211747
4.98631775200004,0.0890019212913953,0.00612146155017181,0.00240339324343428,0.0331865912176967,0.086598528047961,-0.0270651296675249,0.0914053145348296,0.0393080527678685
4.9881243888667,0.0890122424287549,0.00610282580090682,0.00235332479898843,0.03321159147946,0.0866589176297665,-0.0271087656785532,0.0913655672277434,0.0393144172803668
4.98993102573337,0.0890223425819892,0.00608415835469889,0.00230359926203001,0.0332365975386546,0.0867187433199592,-0.0271524391839557,0.0913259418440192,0.0393207558933535
4.99173766260004,0.0890322203698626,0.00606546035473905,0.00225421563014893,0.0332616080759668,0.0867780047397137,-0.0271961477212277,0.0912864360000115,0.0393270684307058
4.9935442994667,0.0890418702314376,0.00604673234907775,0.00220517937643812,0.0332866218773125,0.0868366908549994,-0.0272398895282348,0.0912470496078757,0.0393333542263903
4.99535093633337,0.0890512860841492,0.0060279748474016,0.00215649669791374,0.0333116377054495,0.0868947893862355,-0.0272836628580479,0.0912077827820629,0.0393396125528511
4.99715757320004,0.0890604665045855,0.00600918893464692,0.00210816678004898,0.0333366542949297,0.0869522997245366,-0.0273274653602827,0.0911686332846345,0.0393458432295766
4.9989642100667,0.0890694056236575,0.0059903751442212,0.0020601955047832,0.0333616704098825,0.0870092101188743,-0.0273712952656613,0.0911296011284407,0.0393520455541037
5.00077084693337,0.0890780977345127,0.005971534054547,0.00201258845131439,0.0333866847882056,0.0870655092831983,-0.0274151507336586,0.0910906861858271,0.0393582188427526
5.00257748380004,0.089086541346178,0.00595266669646663,0.00196534501408753,0.0334116962110987,0.0871211963320905,-0.0274590295146321,0.0910518863602655,0.0393643629075654
5.0043841206667,0.0890947302560291,0.00593377359290875,0.00191847150497664,0.0334367034136827,0.0871762587510525,-0.0275029298207739,0.0910132017610057,0.0393704770065914
5.00619075753337,0.0891026591836935,0.00591485538270607,0.00187197284318536,0.0334617051234371,0.0872306863405081,-0.027546849740731,0.0909746320268789,0.0393765605061431
5.00799739440004,0.0891103265452536,0.00589591304676994,0.00182584865321802,0.0334867001609876,0.0872844778920356,-0.0275907871142176,0.0909361751984716,0.0393826132077575
5.0098040312667,0.0891177257791659,0.00587694710171193,0.00178010569797206,0.0335116872252269,0.0873376200811939,-0.027634740123515,0.090897831477138,0.0393886343269389
5.01161066813337,0.0891248520823058,0.0058579582384503,0.00173474819447965,0.0335366650476571,0.0873901038878261,-0.0276787068092068,0.0908596002767854,0.0393946232861074
5.01341730500004,0.0891317037524267,0.0058389473921281,0.00168977601839383,0.0335616324811092,0.0874419277340328,-0.0277226850889811,0.0908214797708205,0.0394005798732373
5.0152239418667,0.0891382738436819,0.00581991507720201,0.00164519640472287,0.0335865881810286,0.0874930774389591,-0.0277666731038266,0.0907834702484048,0.0394065032582306
5.01703057873337,0.0891445580809631,0.00580086202835129,0.00160101282615132,0.0336115308973793,0.0875435452548118,-0.027810668869028,0.0907455709071144,0.0394123929257306
5.01883721560004,0.0891505546183108,0.00578178913911277,0.00155722543056826,0.0336364595079779,0.0875933291877425,-0.0278546703688652,0.090707780048879,0.0394182486470907
5.0206438524667,0.0891562561001909,0.00576269692595062,0.00151384194618222,0.0336613726176015,0.0876424141540087,-0.0278986756916509,0.0906700980463731,0.0394240695435521
5.02245048933337,0.0891616588302796,0.00574358615898024,0.00147086505915312,0.0336862690091169,0.0876907937711264,-0.0279426828501367,0.0906325238894327,0.0394298551680971
5.02425712620004,0.08916676079352,0.00572445769429509,0.00142829521069485,0.0337111475781066,0.0877384655828252,-0.0279866898838115,0.0905950560042149,0.0394356052724017
5.0260637630667,0.0891715541993071,0.00570531205452897,0.00138614064330372,0.033736006871459,0.0877854135560034,-0.02803069481693,0.0905576948426108,0.0394413189259879
5.02787039993337,0.0891760359808689,0.00568615003690889,0.00134440321443864,0.0337608457193837,0.0878316327664302,-0.0280746956824749,0.0905204391953075,0.0394469957562926
5.02967703680004,0.089180203928668,0.00566697246424669,0.00130308367972684,0.0337856630280091,0.0878771202489411,-0.0281186905637624,0.0904832876083948,0.0394526354922557
5.0314836736667,0.089184049791644,0.00564777986950885,0.00126219081704025,0.0338104572791142,0.0879218589746037,-0.0281626774096053,0.0904462406086842,0.039458237148623
5.03329031053337,0.089187571183345,0.00562857306870859,0.00122172561296133,0.0338352273646931,0.0879658455703837,-0.0282066542959845,0.0904092967963063,0.0394638004334017
5.03509694740004,0.0891907656743689,0.00560935285553915,0.00118168915861765,0.0338599721941988,0.0880090765157513,-0.0282506193386597,0.0903724548329866,0.039469325049738
5.0369035842667,0.0891936245278155,0.00559011977746152,0.00114209078834576,0.0338846901770809,0.0880515337394697,-0.0282945703996194,0.0903357153161612,0.0394748099545424
5.03871022113337,0.0891961460883219,0.00557087466095069,0.00110293057567428,0.0339093802815586,0.0880932155126476,-0.0283385056206079,0.0902990766639961,0.0394802549425093
5.04051685800004,0.0891983276812362,0.00555161827474371,0.00106420996832044,0.0339340414131893,0.0881341177129157,-0.0283824231384456,0.0902625376495566,0.039485659687933
5.0423234948667,0.0892001600584356,0.00553235118495832,0.00102593887817337,0.0339586719018728,0.0881742211802622,-0.0284263207169144,0.090226098936609,0.0394910230868311
5.04413013173337,0.0892016423464132,0.00551307422020694,0.0009881164235311,0.0339832708064937,0.0882135259228821,-0.0284701965862867,0.0901897587699443,0.0394963450267006
5.04593676860004,0.0892027715998842,0.00549378812843176,0.000950744429788842,0.034007837021494,0.0882520271700954,-0.0285140488930622,0.0901535160296731,0.0395016251499258
5.0477434054667,0.0892035380341183,0.00547449349857085,0.000913833407476392,0.0340323687900032,0.0882897046266419,-0.0285578752914323,0.0901173714415947,0.0395068622885741
5.04955004233337,0.0892039416082329,0.00545519115304845,0.000877381477484985,0.0340568652760121,0.0883265601307479,-0.0286016741229637,0.0900813230857179,0.0395120564290606
5.05135667920004,0.0892039790809265,0.00543588182317504,0.000841390863975971,0.0340813253556264,0.0883625882169506,-0.0286454435324513,0.0900453699449025,0.0395172071788014
5.0531633160667,0.0892036401054772,0.00541656612487074,0.000805872697208093,0.0341057471779858,0.0883977674082691,-0.028689181053115,0.0900095128026853,0.0395223133028565
5.05496995293337,0.089202925524395,0.00539724486604679,0.000770824058489574,0.0341301300266272,0.0884321014659054,-0.0287328851605805,0.0899737495828846,0.039527374892674
5.05677658980004,0.0892018317749771,0.00537791876554485,0.000736247591835486,0.0341544727520999,0.0884655841831416,-0.028776553986555,0.0899380793668125,0.0395323915176447
5.0585832266667,0.0892003479231264,0.00535858847042905,0.000702155068322148,0.0341787734023338,0.0884981928548042,-0.0288201849319048,0.0899025029914485,0.0395373618727629
5.06038986353337,0.0891984757455131,0.00533925476577336,0.000668542487497894,0.0342030313948523,0.0885299332580152,-0.028863776629079,0.089867018233011,0.0395422861606257
5.06219650040004,0.0891962113326498,0.00531991836211264,0.000635412934320335,0.0342272455474284,0.0885607983983295,-0.0289073271853158,0.0898316242669702,0.0395471639095411
5.0640031372667,0.0891935431376796,0.0053005799418174,0.000602778841771385,0.0342514137995609,0.0885907642959082,-0.0289508338577435,0.089796321979451,0.0395519937413783
5.06580977413337,0.0891904739222015,0.00528124025879988,0.000570635085463215,0.0342755357172011,0.0886198388367383,-0.0289942954584012,0.0897611090076647,0.039556775976001
5.06761641100004,0.0891870045501254,0.00526190001959454,0.000538977861107231,0.0342996100337989,0.0886480266890182,-0.0290377100142044,0.0897259824112326,0.0395615100533935
5.0694230478667,0.0891832603149764,0.00524255994560724,0.000507626083723815,0.0343236347061808,0.0886756342312526,-0.0290810747605735,0.0896908863987002,0.039566194651788
5.07122968473337,0.0891793033561427,0.00522322075169735,0.000476490731593914,0.0343476093301872,0.0887028126245488,-0.0291243885784898,0.0896557940877366,0.0395708300818845
5.07303632160004,0.0891751330923657,0.00520387234428273,0.000445569945530314,0.0343715173025362,0.0887295631468354,-0.0291676449582534,0.089620703037896,0.0395753896468189
5.0748429584667,0.0891707462770324,0.00518448446116042,0.00041486447122098,0.0343953127590866,0.0887558818058114,-0.0292108282979261,0.0895856107482533,0.039579797220247
5.07664959533337,0.0891661461904696,0.00516505704229016,0.000384368572685286,0.0344189942636822,0.0887817776177843,-0.0292539372213921,0.0895505147631549,0.0395840513059724
5.07845623220004,0.0891613320426375,0.00514559148272243,0.000354080577270048,0.0344425613869657,0.0888072514653675,-0.0292969699042432,0.0895154126199076,0.0395881528696881
5.0802628690667,0.0891563009944039,0.00512608885708944,0.000324000731480655,0.0344660126044579,0.0888323002629232,-0.0293399237473685,0.0894803017258845,0.0395921014615474
5.08206950593337,0.0891510561273957,0.00510655124423491,0.000294123611984704,0.0344893495556129,0.088856932515411,-0.029382798311378,0.0894451797393804,0.0395959007998478
5.08387614280004,0.089145596441729,0.00508698002106802,0.000264447719357596,0.0345125716988537,0.0888811487223714,-0.0294255916777857,0.0894100441610866,0.0395995517199217
5.0856827796667,0.0891399195078788,0.00506737638225217,0.000234972827533965,0.0345356777283508,0.0889049466803448,-0.0294683013460987,0.0893748923354127,0.039603054110603
5.08748941653337,0.0891340282077093,0.00504774230474121,0.00020569381252351,0.0345586691771277,0.0889283343951858,-0.0295109268723865,0.0893397220202328,0.0396064114818689
5.08929605340004,0.0891279213304282,0.00502807915613892,0.000176609334824202,0.0345815453907782,0.088951311995604,-0.0295534662346393,0.0893045306652524,0.0396096245469172
5.0911026902667,0.0891215968582454,0.00500838823346782,0.000147718722411977,0.034604305283343,0.0889738781358334,-0.0295959170498752,0.0892693155806574,0.0396126935168108
5.09290932713337,0.0891150574721985,0.00498867142062825,0.000119017137332749,0.0346269502808046,0.0889960403348657,-0.0296382788601764,0.0892340746095313,0.0396156217014329
5.09471596400004,0.089108301749523,0.00496893008475461,9.05033867011471e-05,0.0346494796153168,0.0890177983628219,-0.0296805495305622,0.0891988051362242,0.0396184097000714
5.0965226008667,0.0891013280862915,0.00494916560755626,6.21763791459132e-05,0.0346718924220122,0.0890391517071456,-0.0297227268144559,0.0891635044654374,0.0396210580295684
5.09832923773337,0.089094138961651,0.00492937978871572,3.40315494436641e-05,0.0346941900192213,0.0890601074122073,-0.0297648102305056,0.0891281705110946,0.039623569807937
5.10013587460004,0.0890867327398014,0.00490957400373453,6.06783801953541e-06,0.034716371525048,0.0890806649017819,-0.0298067975213135,0.089092800577821,0.0396259455287826
5.1019425114667,0.0890791082328051,0.00488974970133667,2.17162392328574e-05,0.0347384362969365,0.0890573919935723,-0.0298486865955998,0.089100824472038,0.0396281859982731
5.10374914833337,0.0890712677168551,0.00486990860582322,4.93249881123851e-05,0.0347603855449561,0.0890219427287427,-0.0298904769391329,0.0891205927049675,0.0396302941507793
5.10555578520004,0.0890632093420518,0.00485005210989828,7.6759348189361e-05,0.0347822182725488,0.0889864499938624,-0.0299321661626505,0.0891399686902411,0.0396322703824471
5.1073624220667,0.0890549323385745,0.00483018171162883,0.000104021169693151,0.0348039340606935,0.0889509111688814,-0.0299737523490647,0.0891589535082677,0.0396341157723223
5.10916905893337,0.0890464387785987,0.00481029906877021,0.000131114512304215,0.0348255340105864,0.0889153242662945,-0.0300152349418161,0.0891775532909029,0.0396358330793566
5.11097569580004,0.0890377265970617,0.00479040560006562,0.000158040208894133,0.0348470170103972,0.0888796863881675,-0.0300566114103315,0.0891957668059558,0.0396374226104628
5.1127823326667,0.0890287954443876,0.00477050283525206,0.000184800449203764,0.0348683828658611,0.0888439949951838,-0.030097880030609,0.0892135958935913,0.0396388857011132
5.11458896953337,0.0890196471876698,0.00475059237437616,0.000211399060100623,0.0348896325686902,0.0888082481275692,-0.0301390401943141,0.0892310462477704,0.0396402249430664
5.11639560640004,0.0890102795456196,0.00473067567105544,0.000237836781063646,0.0349107648911715,0.088772442764556,-0.0301800892201161,0.0892481163266833,0.039641440562227
5.1182022432667,0.0890006925910324,0.00471075426902599,0.00026411611473322,0.0349317798650174,0.0887365764762992,-0.0302210255959914,0.0892648087057656,0.0396425341340434
5.12000888013337,0.0889908879848567,0.00469082971946053,0.000290240668470543,0.0349526783718455,0.0887006473163862,-0.0302618486523849,0.0892811286533273,0.039643508091306
5.12181551700004,0.0889808632285132,0.00467090351968777,0.000316211101666865,0.0349734590674492,0.0886646521268464,-0.0303025555477614,0.0892970743301801,0.039644362587137
5.1236221538667,0.0889706188192969,0.0046509772097701,0.000342030203250914,0.0349941222107397,0.088628588616046,-0.0303431450009696,0.0893126490225478,0.0396450994205098
5.12542879073337,0.0889601562109472,0.00463105230084317,0.000367701374382616,0.0350146685726297,0.0885924548365646,-0.0303836162717865,0.0893278575853298,0.0396457208734729
5.12723542760004,0.0889494726865309,0.00461113034278187,0.000393225207672428,0.0350350966918083,0.0885562474788584,-0.0304239663490265,0.0893426978942033,0.0396462270345902
5.1290420644667,0.0889385691699692,0.00459121285430394,0.000418604751725063,0.0350554070556063,0.0885199644182441,-0.0304641942013024,0.0893571739216942,0.0396466199099102
5.13084870133337,0.0889274469067293,0.00457130131534293,0.000443843214805549,0.0350756003236212,0.0884836036919237,-0.0305042990082782,0.0893712901215348,0.0396469016389641
5.13265533820004,0.0889161029604605,0.00455139733715762,0.000468941136049154,0.0350956749168264,0.0884471618244114,-0.0305442775796688,0.0893850440965097,0.039647072253984
5.1344619750667,0.0889045386838374,0.00453150239944695,0.000493901797124691,0.035115631552195,0.0884106368867127,-0.0305841291527481,0.089398440480962,0.039647133951642
5.13626861193337,0.0888927551129912,0.00451161795977995,0.000518728226707974,0.0351354707773973,0.0883740268862832,-0.0306238528176173,0.0894114833396991,0.0396470887371772
5.13807524880004,0.0888807490910899,0.00449174569963408,0.000543420923765828,0.0351551908950815,0.0883373281673241,-0.0306634451954475,0.0894241700148558,0.0396469365947156
5.1398818856667,0.0888685224016892,0.00447188704201863,0.000567983376418281,0.0351747928530836,0.088300539025271,-0.030702905811065,0.0894365057781075,0.0396466798951023
5.14168852253337,0.0888560758705207,0.00445204343097351,0.000592418447059089,0.0351942770865361,0.0882636574234616,-0.0307422336555626,0.0894484943175798,0.0396463205175096
5.14349515940004,0.0888434061192073,0.00443221662703096,0.000616726607790945,0.0352136417791516,0.0882266795114164,-0.0307814251521206,0.0894601327269982,0.0396458584061825
5.1453017962667,0.0888305153643131,0.00441240797883865,0.000640911526574982,0.0352328881108499,0.0881896038377381,-0.0308204801320113,0.0894714268908881,0.0396452960896886
5.14710843313337,0.0888174042201062,0.00439261892574284,0.000664975912827495,0.0352520164036161,0.0881524283072787,-0.0308593974778732,0.0894823801329337,0.0396446353293589
5.14891507000004,0.0888040690856007,0.00437285131616777,0.000688920225093859,0.0352710247216144,0.0881151488605068,-0.0308981734054466,0.0894929893106945,0.0396438760377822
5.1507217068667,0.0887905126124969,0.00435310640672647,0.000712748284563436,0.0352899144780715,0.0880777643279334,-0.030936808071345,0.0895032608970603,0.039643020884798
5.15252834373337,0.0887767352025354,0.0043333856409083,0.000736462660981784,0.0353086858812138,0.0880402725415536,-0.0309753002403055,0.0895131978635172,0.0396420715221221
5.15433498060004,0.0887627330310581,0.00431369096386409,0.000760063812642692,0.0353273368750475,0.0880026692184154,-0.0310136459111834,0.0895227968437007,0.0396410278389115
5.1561416174667,0.0887485091870286,0.0042940235225013,0.000783555687352506,0.0353458691073269,0.0879649534996761,-0.0310518455848256,0.0895320648743811,0.0396398926298282
5.15794825433337,0.0887340638585965,0.00427438477328832,0.000806940728490634,0.0353642826719082,0.0879271231301059,-0.0310898978986198,0.0895410045870872,0.0396386674451965
5.15975489120004,0.0887193929963677,0.00425477676693921,0.000830219407406583,0.0353825753920292,0.0878891735889611,-0.03112779862509,0.0895496124037743,0.0396373521589684
5.1615615280667,0.0887045001286963,0.00423520052298305,0.000853395771910776,0.0354007491511932,0.0878511043567855,-0.0311655486282101,0.089557895900607,0.0396359496741763
5.16336816493337,0.0886893851673352,0.00421565752936209,0.000876472125180222,0.0354188038951882,0.087812913042155,-0.0312031463658262,0.0895658572925154,0.0396344614245503
5.16517480180004,0.0886740440223174,0.00419614992221282,0.000899449046354476,0.035436737425137,0.0877745949759629,-0.0312405875029242,0.0895734930686719,0.0396328873473499
5.1669814386667,0.0886584804782879,0.00417667860499102,0.000922330575206943,0.0354545517622488,0.087736149903081,-0.0312778731572578,0.0895808110534949,0.0396312303672398
5.16878807553337,0.0886426940762421,0.00415724512611826,0.000945118855857788,0.0354722466536068,0.0876975752203843,-0.0313150015274885,0.0895878129320998,0.039629491779725
5.17059471240004,0.0886266811496952,0.00413785162650443,0.000967814766454826,0.0354898201269491,0.0876588663832404,-0.0313519685004446,0.0895944959161501,0.0396276717534535
5.1724013492667,0.0886104452765917,0.00411849896534481,0.000990422134210079,0.0355072740930711,0.0876200231423817,-0.0313887751277263,0.0896008674108018,0.0396257730584159
5.17420798613337,0.0885939857800813,0.00409918873938376,0.00101294303010219,0.0355246081822441,0.0875810427499792,-0.0314254194428604,0.0896069288101835,0.0396237969216279
5.17601462300004,0.0885772994192893,0.00407992282734532,0.00103537860467634,0.0355418210025898,0.0875419208146129,-0.0314618981752445,0.0896126780239656,0.0396217438299351
5.1778212598667,0.0885603895643955,0.00406068786659677,0.00105773248588892,0.0355589344164817,0.0875026570785066,-0.0314982465498849,0.0896181220502845,0.0396196222830784
5.17962789673337,0.088543255319641,0.0040414740921302,0.00108000668488286,0.0355759640855477,0.0874632486347582,-0.0315344899934175,0.0896232620045239,0.0396174381776779
5.18143453360004,0.0885258938718875,0.00402228200040275,0.00110220259798795,0.0355929107585549,0.0874236912738996,-0.0315706287581522,0.0896280964698754,0.0396151927589577
5.1832411704667,0.0885083083824875,0.00400311151646087,0.00112432366721194,0.0356097773570239,0.0873839847152756,-0.0316066658405631,0.0896326320496994,0.0396128888734848
5.18504780733337,0.0884904977357091,0.00398396297317421,0.00114637185716783,0.0356265652373249,0.0873441258785412,-0.0316426022641507,0.0896368695928769,0.0396105282104991
5.18685444420004,0.0884724595482779,0.00396483683282437,0.00116834878335844,0.0356432753586111,0.0873041107649195,-0.0316784385257867,0.0896408083316363,0.0396081121914355
5.1886610810667,0.0884541967716557,0.00394573303081976,0.00119025771514823,0.0356599104903962,0.0872639390565075,-0.0317141774595765,0.0896444544868039,0.039605643521216
5.19046771793337,0.0884357080690732,0.00392665192526262,0.00121210058392603,0.0356764719405495,0.0872236074851472,-0.0317498200152869,0.0896478086529992,0.0396031238658122
5.19227435480004,0.0884169914892487,0.00390759394142067,0.00123387919775676,0.0356929608588533,0.0871831122914919,-0.0317853669174326,0.0896508706870054,0.0396005548002739
5.1940809916667,0.0883980497726879,0.00388855902648407,0.00125559666666663,0.0357093798726938,0.0871424531060213,-0.0318208208462097,0.0896536464393546,0.0395979388991778
5.19588762853337,0.0883788813605222,0.003869547565206,0.00127725490212675,0.0357257302513168,0.0871016264583954,-0.0318561826861108,0.0896561362626489,0.0395952778165228
5.19769426540004,0.0883594847355877,0.00385055994300272,0.00129885587815126,0.0357420133153773,0.0870606288574365,-0.0318914533723745,0.089658340613739,0.03959257325838
5.1995009022667,0.0883398624263723,0.00383159612026425,0.00132040255873547,0.0357582315600117,0.0870194598676369,-0.0319266354397475,0.0896602649851078,0.039589827680276
5.20130753913337,0.0883200126508434,0.00381265650981523,0.00134189684873822,0.035774386225722,0.0869781158021052,-0.0319617297159067,0.0896619094995817,0.0395870427355372
5.20311417600004,0.0882999343280831,0.00379374145438094,0.00136334086151114,0.0357904787842781,0.086936593466572,-0.0319967373298971,0.0896632751895943,0.039584220238659
5.2049208128667,0.0882796297734972,0.0037748509289714,0.00138473742832371,0.0358065116084457,0.0868948923451735,-0.0320316606794743,0.0896643672018209,0.0395813625374171
5.20672744973337,0.088259096980825,0.00375598537590073,0.00140608846072919,0.0358224859198603,0.0868530085200958,-0.0320665005439596,0.0896651854415542,0.0395784712957611
5.20853408660004,0.0882383353075229,0.00373714509236609,0.00142739618480503,0.0358384033216509,0.0868109391227179,-0.0321012582292848,0.0896657314923279,0.039575548414017
5.2103407234667,0.0882173468548502,0.00371833006941581,0.00144866331240052,0.0358542660740908,0.0867686835424497,-0.032135936004675,0.0896660101672508,0.0395725961435066
5.21214736033337,0.0881961293912552,0.00369954078027357,0.00146989177506876,0.0358700753898269,0.0867262376161865,-0.0321705346095534,0.089666021166324,0.0395696161701005
5.21395399720004,0.0881746827146952,0.00368077747376893,0.00149108388500164,0.0358858329835913,0.0866835988296935,-0.0322050555098223,0.0896657665996968,0.0395666104573602
5.21576063406671,0.0881530087112196,0.00366204015840842,0.00151224224793408,0.0359015410130422,0.0866407664632855,-0.0322395008546338,0.0896652509591536,0.0395635811714507
5.21756727093337,0.0881311049229219,0.00364332933974405,0.00153336882872584,0.0359172006917175,0.0865977360941961,-0.0322738713519735,0.0896644737516478,0.0395605300314616
5.21937390780004,0.0881089715903877,0.00362464521540016,0.00155446599906956,0.0359328138261944,0.0865545055913182,-0.0323081686107942,0.0896634375894573,0.0395574590415945
5.22118054466671,0.0880866103833932,0.00360598781276003,0.00157553627189378,0.0359483824813955,0.0865110741114994,-0.0323423946686355,0.089662146655287,0.0395543702941555
5.22298718153337,0.0880640186166133,0.00358735767112333,0.00159658165866857,0.0359639078816268,0.0864674369579447,-0.0323765502105035,0.0896606002752819,0.0395512655527501
5.22479381840004,0.0880411969753889,0.00356875493407036,0.00161760456397804,0.0359793919055556,0.0864235924114109,-0.0324106369714852,0.089658801539367,0.0395481468396259
5.2266004552667,0.0880181469121593,0.00355017964928125,0.00163860742124786,0.0359948365352456,0.0863795394909115,-0.0324446568859644,0.0896567543334072,0.0395450161845269
5.22840709213337,0.0879948655131172,0.00353163239122188,0.00165959230186626,0.0360102430156503,0.0863352732112509,-0.0324786106244284,0.0896544578149834,0.0395418754068722
5.23021372900004,0.0879713539104866,0.00351311324659051,0.00168056161669563,0.0360256132777698,0.086290792293791,-0.0325125000311793,0.0896519155271822,0.0395387265243603
5.2320203658667,0.0879476133383058,0.00349462228478261,0.00170151773296527,0.0360409492306881,0.0862460956053405,-0.0325463269459055,0.0896491310712711,0.0395355715154707
5.23382700273337,0.0879236406532217,0.00347616011685037,0.00172246279528736,0.0360562521498835,0.0862011778579344,-0.0325800920330331,0.0896461034485091,0.0395324122667339
5.23563363960004,0.0878994374364687,0.00345772676977106,0.00174339919419084,0.0360715239989326,0.0861560382422779,-0.0326137972291616,0.0896428366306596,0.0395292507687037
5.2374402764667,0.0878750047026208,0.00343932233607506,0.00176432924401477,0.036086766623818,0.0861106754586061,-0.032647444287743,0.0896393339466356,0.0395260889598931
5.23924691333337,0.0878503389473121,0.00342094746481955,0.00178525536031854,0.0361019813404215,0.0860650835869935,-0.032681033875602,0.0896355943076306,0.0395229288052411
5.24105355020004,0.0878254321984023,0.00340260212042285,0.00180619403520291,0.0361171701251395,0.0860192381631994,-0.0327145680047166,0.0896316262336052,0.0395197722455623
5.2428601870667,0.0878002786302491,0.00338428641996928,0.00182715690507511,0.036132334770731,0.085973121725174,-0.0327480483507617,0.0896274355353242,0.0395166211907003
5.24466682393337,0.0877748764844437,0.00336600105194015,0.00184814368853935,0.0361474766433599,0.0859267327959043,-0.0327814755914197,0.089623020172983,0.0395134776953
5.24647346080004,0.087749230494129,0.00334774591535656,0.00186915347716823,0.0361625977124852,0.0858800770169608,-0.0328148517971287,0.0896183839712972,0.0395103436278418
5.24828009766671,0.0877233433165862,0.00332952115327583,0.00189018557104777,0.0361776997275219,0.0858331577455384,-0.0328481785742461,0.0896135288876339,0.0395072208807978
5.25008673453337,0.0876972130460121,0.00331132749502297,0.00191123968122944,0.0361927841147934,0.0857859733647827,-0.0328814566197704,0.0896084527272416,0.0395041116098163
5.25189337140004,0.0876708448140356,0.00329316477138298,0.00193231487959651,0.0362078528170652,0.085738529934439,-0.0329146880456822,0.0896031596936321,0.0395010175884482
5.2537000082667,0.0876442410268458,0.00327503315280555,0.00195341049347678,0.0362229075502863,0.085690830533369,-0.0329478743974807,0.0895976515203226,0.0394979407030918
5.25550664513337,0.0876173996421869,0.00325693341087853,0.00197452622269929,0.0362379498108177,0.0856428734194876,-0.0329810163999392,0.0895919258648862,0.0394948832216963
5.25731328200004,0.0875903261682914,0.00323886530531271,0.00199566112679831,0.0362529814949752,0.0855946650414931,-0.0330141161896625,0.0895859872950897,0.0394918468002879
5.2591199188667,0.0875630227711977,0.00322082903536893,0.00201681455667337,0.0362680042951193,0.0855462082145243,-0.0330471752597504,0.089579837327871,0.0394888333304882
5.26092655573337,0.087535487283138,0.00320282541631773,0.00203798619725909,0.0362830197875278,0.0854975010858789,-0.03308019437121,0.089573473480397,0.0394858452038455
5.26273319260004,0.0875077255670663,0.00318485413395641,0.00205917510308404,0.0362980298023102,0.0854485504639823,-0.0331131756683538,0.0895669006701503,0.0394828839362667
5.2645398294667,0.0874797394219596,0.00316691543811382,0.00208038065486696,0.0363130360168156,0.0853993587670926,-0.0331461205787017,0.0895601200768265,0.0394799514549294
5.26634646633337,0.0874515269790347,0.00314901012815111,0.00210160248921904,0.0363280401010191,0.0853499244898156,-0.033179029972868,0.0895531294682537,0.0394770502291702
5.26815310320004,0.0874230940205297,0.00313113787412481,0.00212283969276371,0.0363430437951651,0.085300254327766,-0.0332119059210403,0.0895459337132934,0.03947418166929
5.2699597400667,0.0873944420576767,0.00311329897024617,0.002144091665087,0.0363580487801184,0.0852503503925897,-0.0332447498098722,0.0895385337227637,0.0394713477503646
5.27176637693337,0.0873655697400464,0.00309549416318938,0.00216535798288974,0.0363730568073871,0.0852002117571566,-0.0332775626441977,0.0895309277229361,0.0394685509705764
5.27357301380004,0.0873364825388512,0.00307772314262893,0.00218663778014742,0.0363880695296356,0.0851498447587038,-0.0333103463870067,0.0895231203189986,0.0394657926722645
5.27537965066671,0.0873071817689358,0.00305998623726403,0.00220793046533366,0.0364030886436538,0.0850992513036021,-0.0333431024063898,0.0895151122342694,0.0394630748809178
5.27718628753337,0.0872776665763432,0.00304228413824346,0.00222923556258101,0.0364181159627268,0.0850484310137622,-0.0333758318244834,0.0895069021389242,0.0394604001009703
5.27899292440004,0.0872479421322006,0.00302461655627906,0.00225055224954601,0.0364331530618172,0.0849973898826546,-0.0334085365055381,0.0894984943817466,0.0394577696180962
5.28079956126671,0.0872180095659066,0.00300698385597749,0.00227187993991799,0.0364482016635173,0.0849461296259886,-0.0334412178075398,0.0894898895058246,0.0394551855194948
5.28260619813337,0.0871878684980943,0.00298938667012394,0.00229321811260359,0.0364632636231335,0.0848946503854908,-0.0334738769530095,0.0894810866106979,0.0394526502932574
5.28441283500004,0.0871575238107473,0.00297182473188607,0.00231456598526928,0.0364783404478046,0.084842957825478,-0.0335065157159185,0.0894720897960165,0.0394501651796906
5.2862194718667,0.0871269764587585,0.00295429844319765,0.00233592297314967,0.0364934338958044,0.0847910534856088,-0.0335391354526068,0.0894628994319081,0.0394477323390021
5.28802610873337,0.0870962265154697,0.00293680837564152,0.00235728851726726,0.0365085458447026,0.0847389379982024,-0.033571737469061,0.0894535150327369,0.0394453542203441
5.28983274560004,0.0870652785846611,0.00291935428626061,0.00237866187162782,0.0365236777436933,0.0846866167130333,-0.0336043234574327,0.0894439404562889,0.0394430320299539
5.2916393824667,0.087034133457661,0.00290193661573519,0.00240004244933946,0.0365388313966098,0.0846340910083215,-0.0336368947808746,0.0894341759070005,0.039440768012345
5.29344601933337,0.0870027916386386,0.00288455587160672,0.00242142966088281,0.0365540086835295,0.0845813619777558,-0.0336694528119228,0.0894242212995214,0.0394385645551362
5.29525265620004,0.0869712574641114,0.00286721183621349,0.00244282279293153,0.0365692110055787,0.0845284346711799,-0.0337019991693653,0.0894140802570429,0.0394364228417922
5.29705929306671,0.0869395315727841,0.00284990499040059,0.00246422125279705,0.0365844402220294,0.084475310319987,-0.0337345352316288,0.0894037528255811,0.03943434521243
5.29886592993337,0.0869076148777709,0.00283263577483054,0.00248562442775999,0.0365996981957093,0.0844219904500109,-0.0337670624208787,0.0893932393055308,0.0394323339705398
5.30067256680004,0.0868755114592679,0.0028154039985556,0.00250703163349105,0.0366149862895561,0.0843684798257769,-0.0337995822910005,0.089382543092759,0.0394303902881117
5.3024792036667,0.0868432218142971,0.00279821018400471,0.00252844226783337,0.0366303064281583,0.0843147795464637,-0.0338320962441536,0.0893716640821305,0.039428516612163
5.30428584053337,0.086810747243036,0.00278105470212363,0.00254985570220957,0.036645660437337,0.0842608915408264,-0.0338646057352133,0.0893606029452456,0.0394267151394606
5.30609247740004,0.0867780915803003,0.00276393739009719,0.00257127127761653,0.0366610496517207,0.0842068203026838,-0.0338971122616235,0.0893493628579168,0.0394249870418179
5.30789911426671,0.0867452551923697,0.00274685881335827,0.00259268837875827,0.0366764760710915,0.0841525668136114,-0.0339296172577332,0.089337943571128,0.0394233348844497
5.30970575113337,0.0867122397446036,0.00272981927029652,0.00261410636854164,0.0366919414645083,0.084098133376062,-0.0339621221942118,0.0893263461131452,0.0394217607348048
5.31151238800004,0.0866790488373781,0.00271281862764917,0.00263552460961835,0.0367074471481677,0.0840435242277597,-0.0339946285205185,0.0893145734469964,0.0394202657758168
5.31331902486671,0.0866456827171714,0.00269585749527205,0.00265694246988237,0.0367229952069244,0.0839887402472891,-0.0340271377116523,0.0893026251870538,0.0394188527021964
5.31512566173337,0.0866121433926433,0.00267893609616014,0.00267835931106658,0.0367385873333187,0.0839337840815767,-0.0340596512371585,0.0892905027037099,0.0394175234294788
5.31693229860004,0.0865784342406708,0.00266205432802242,0.00269977451380655,0.0367542248349925,0.0838786597268642,-0.0340921705069701,0.0892782087544773,0.0394162791630149
5.31873893546671,0.0865445553988719,0.00264519352102174,0.00272118742551539,0.0367698825613189,0.0838233679733565,-0.0341246890402971,0.0892657428243873,0.0394150760823406
5.32054557233337,0.0865105091973247,0.00262833184213191,0.00274259741409409,0.0367855310272755,0.0837679117832306,-0.0341571991851436,0.0892531066114188,0.0394138628694074
5.32235220920004,0.0864762988003482,0.00261146880823104,0.00276400387449161,0.036801170957446,0.0837122949258566,-0.034189702149215,0.0892403026748398,0.0394126397656771
5.32415884606671,0.0864419242476408,0.00259460406593658,0.00278540612996818,0.0368168031425727,0.0836565181176726,-0.0342221990766362,0.089227330377609,0.0394114072085093
5.32596548293337,0.0864073881688175,0.00257773728454287,0.00280680356193512,0.0368324285051274,0.0836005846068824,-0.0342546912205846,0.0892141917307526,0.0394101657896703
5.32777211980004,0.0863726935265799,0.00256086814497902,0.00282819557598372,0.0368480479650843,0.0835444979505962,-0.0342871798201053,0.0892008891025636,0.0394089161100633
5.3295787566667,0.0863378402736479,0.00254399627959579,0.0028495814675506,0.0368636623388735,0.0834882588060973,-0.0343196660592777,0.0891874217411985,0.0394076586184693
5.33138539353337,0.0863028313172912,0.00252712136774983,0.00287096063890007,0.0368792725460738,0.0834318706783911,-0.034352151178324,0.0891737919561912,0.0394063939138237
5.33319203040004,0.0862676694295353,0.0025102430945744,0.00289233250259328,0.0368948794838648,0.0833753369269421,-0.0343846363892904,0.0891600019321286,0.0394051225784392
5.33499866726671,0.0862323544870623,0.00249336107620516,0.00291369632257325,0.0369104839994795,0.083318658164489,-0.0344171229232743,0.0891460508096355,0.0394038450756846
5.33680530413337,0.0861968896529153,0.00247647500595842,0.00293505152929849,0.0369260869993734,0.0832618381236168,-0.034449611993415,0.0891319411822138,0.0394025620053319
5.33861194100004,0.0861612775193841,0.00245958457122302,0.00295639753863037,0.0369416893630461,0.0832048799807538,-0.0344821047918231,0.0891176750580145,0.0394012739342691
5.34041857786671,0.0861255178980541,0.00244268936997032,0.00297773357934622,0.0369572919736492,0.0831477843187079,-0.0345146026036789,0.0891032514774004,0.0393999813436196
5.34222521473337,0.0860896141858595,0.00242578911337444,0.00299905911744126,0.0369728957142843,0.0830905550684182,-0.0345471066009099,0.0890886733033008,0.0393986848276588
5.34403185160004,0.0860535688062961,0.0024088834891305,0.00302037356840551,0.0369885014518866,0.0830331952378906,-0.0345796179627561,0.0890739423747016,0.0393973849410171
5.34583848846671,0.0860173815167925,0.00239197207509747,0.00304167612217986,0.0370041101106411,0.0829757053946127,-0.0346121380355436,0.0890590576389724,0.0393960821857385
5.34764512533337,0.0859810559262936,0.0023750546042039,0.00306296628763847,0.0370197225400651,0.0829180896386551,-0.0346446679358612,0.0890440222139321,0.039394777144269
5.34945176220004,0.0859445943004408,0.00235813076250252,0.00308424347622882,0.0370353395996445,0.082860350824212,-0.034677208837142,0.0890288377766696,0.039393470362147
5.35125839906671,0.0859079963534475,0.00234120010579187,0.00310550683538449,0.0370509622597136,0.082802489518063,-0.0347097621539218,0.089013503188832,0.0393921623655055
5.35306503593337,0.0858712658843869,0.00232426239265203,0.00312675592420011,0.0370665913259742,0.0827445099601868,-0.0347423289333221,0.088998021808587,0.0393908537186262
5.35487167280004,0.0858344050119875,0.00230731730554535,0.00314799014641056,0.0370822276555784,0.082686414865577,-0.034774910350033,0.0889823951583981,0.0393895449611237
5.35667830966671,0.0857974134181885,0.00229036437625946,0.00316920860327027,0.0370978722701251,0.0826282048149183,-0.0348075078938656,0.0889666220214588,0.0393882366463845
5.35848494653337,0.0857602950703091,0.00227340339292509,0.00319041091143705,0.0371135259212698,0.0825698841588721,-0.0348401225283447,0.0889507059817462,0.0393869293141949
5.36029158340004,0.0857230519511062,0.00225643403246434,0.00321159646326105,0.0371291894689469,0.0825114554878451,-0.0348727554364825,0.0889346484143672,0.0393856235014112
5.3620982202667,0.0856856837211852,0.00223945580070636,0.00323276431014752,0.0371448639911339,0.0824529194110377,-0.0349054081904276,0.0889184480313327,0.0393843197918403
5.36390485713337,0.0856481944942301,0.00222246851922872,0.00325391413365897,0.0371605501752107,0.0823942803605711,-0.034938081655982,0.0889021086278891,0.0393830186944394
5.36571149400004,0.0856105860151891,0.0022054718481213,0.00327504529254997,0.0371762489019048,0.0823355407226392,-0.0349707770537835,0.0888856313077391,0.0393817207500261
5.36751813086671,0.0855728582726071,0.00218846529333777,0.00329615684032639,0.0371919612719984,0.0822767014322807,-0.0350034959786606,0.0888690151129335,0.0393804265653362
5.36932476773337,0.0855350151663191,0.00217144868576861,0.0033172484751768,0.0372076879370552,0.0822177666911423,-0.0350362392512866,0.0888522636414959,0.0393791366228238
5.37113140460004,0.0854970583368109,0.00215442167402417,0.00333831953327138,0.0372234297960447,0.0821587388035395,-0.0350690081220205,0.0888353778700823,0.0393778514700688
5.37293804146671,0.0854589880826238,0.00213738376836001,0.00335936907811769,0.0372391879619775,0.0820996190045061,-0.0351018041936175,0.0888183571607414,0.0393765717303375
5.37474467833337,0.0854208080967458,0.00212033480675061,0.00338039682030014,0.0372549630560614,0.0820404112764457,-0.0351346282493108,0.088801204917046,0.039375297862812
5.37655131520004,0.0853825199274542,0.00210327442447189,0.00340140206992135,0.0372707560005095,0.0819811178575328,-0.0351674815760376,0.0887839219973755,0.0393740304249814
5.37835795206671,0.0853441241614049,0.00208620213997849,0.00342238390783114,0.0372865679103289,0.0819217402535737,-0.0352003657703504,0.088766508069236,0.0393727700503074
5.38016458893337,0.0853056242956798,0.00206911779638039,0.00344334205333972,0.0373023993814883,0.0818622822423401,-0.0352332815851079,0.0887489663490196,0.0393715171778687
5.38197122580004,0.0852670125581947,0.00205202101367043,0.00346426272075818,0.0373182513645576,0.0818027498374365,-0.0352662303508871,0.0887312752789529,0.039370272378228
5.38377786266671,0.0852280941396882,0.00203491132239917,0.00348486830755485,0.0373341249663116,0.0817432258321334,-0.0352992136439125,0.088712962447243,0.0393690362887108
5.38558449953337,0.0851887962801763,0.00201778790804983,0.0035050509558982,0.0373500216971264,0.0816837453242781,-0.0353322337890765,0.0886938472360745,0.0393678096051762
5.38739113640004,0.0851491216061853,0.00200062988260333,0.00352481165200298,0.0373659715193826,0.0816243099541823,-0.0353653416367792,0.0886739332581883,0.0393666014019859
5.38919777326671,0.0851090715123394,0.00198342656562229,0.00354414995399327,0.0373819899845293,0.0815649215583461,-0.035398563418907,0.0886532214663326,0.0393654165501516
5.39100441013337,0.0850686554007387,0.00196617999554313,0.00356307444626421,0.0373980745549982,0.0815055809544745,-0.035431894559455,0.0886317298470029,0.0393642545505413
5.39281104700004,0.0850278756156005,0.00194889136364108,0.00358158576268752,0.0374142239797951,0.081446289852913,-0.035465332616154,0.088609461378288,0.0393631153434362
5.39461768386671,0.0849867343633189,0.00193156186628792,0.00359968433415376,0.0374304370134615,0.0813870500291652,-0.0354988751471736,0.0885864186974727,0.0393619988797494
5.39642432073337,0.0849452405165338,0.00191419344390966,0.00361737822463442,0.0374467112461367,0.0813278622918994,-0.0355325178022271,0.0885626187411682,0.0393609046900464
5.39823095760004,0.0849033961632282,0.00189678727786871,0.00363466773339184,0.0374630454546682,0.0812687284298364,-0.0355662581767995,0.0885380638966201,0.039359832732537
5.40003759446671,0.0848612042694155,0.00187934466405216,0.00365155412861595,0.037479438247579,0.0812096501407995,-0.0356000935835268,0.0885127583980314,0.0393587829116311
5.40184423133337,0.0848186732043497,0.00186186745328397,0.00366804497158853,0.0374958873331857,0.0811506282327612,-0.0356340198799017,0.0884867181759382,0.0393577547864696
5.40365086820004,0.0847758048258577,0.00184435682542017,0.00368414024469607,0.0375123915066456,0.0810916645811617,-0.0356680346812254,0.0884599450705538,0.0393567483320658
5.40545750506671,0.0847326028074173,0.00182681415904929,0.00369984201795972,0.0375289492495259,0.0810327607894576,-0.0357021350904766,0.0884324448253771,0.0393557634085752
5.40726414193337,0.0846890750409753,0.00180924122379968,0.00371515736770636,0.0375455583787884,0.0809739176732689,-0.0357363171549887,0.0884042324086816,0.039354799602588
5.40907077880004,0.0846452231802768,0.00179163920642998,0.00373008597717938,0.0375622176983709,0.0809151372030974,-0.0357705784919409,0.0883753091574562,0.0393538569048009
5.41087741566671,0.0846010515541133,0.00177400955141337,0.00374463068276516,0.0375789255819452,0.0808564208713481,-0.0358049160305318,0.0883456822368784,0.0393529351333586
5.41268405253337,0.0845565676031989,0.00175635395559124,0.00375879809356788,0.0375956799455892,0.080797769509631,-0.0358393259899979,0.0883153656967668,0.0393520339011804
5.41449068940004,0.0845117728032742,0.00173867362103249,0.003772587611422,0.0376124795924874,0.0807391851918522,-0.0358738059714549,0.0882843604146962,0.0393511532135199
5.41629732626671,0.0844666720862915,0.00172097004127855,0.00378600280361183,0.0376293228074808,0.0806806692826797,-0.0359083527662023,0.0882526748899034,0.0393502928487594
5.41810396313337,0.0844212724678089,0.00170324484879288,0.00379904982975239,0.0376462075962307,0.0806222226380565,-0.0359429627474378,0.0882203222975613,0.0393494524450236
5.41991060000004,0.0843755752716386,0.00168549926936105,0.00381172782800371,0.0376631327516391,0.0805638474436348,-0.035977633482278,0.0881873030996423,0.0393486320210001
5.42171723686671,0.0843295859807407,0.00166773482877931,0.00382404106107923,0.0376800964887764,0.0805055449196615,-0.0360123616599971,0.0881536270418199,0.0393478313175557
5.42352387373337,0.0842833112115941,0.00164995310353862,0.00383599525683989,0.0376970968933573,0.0804473159547542,-0.0360471437898187,0.088119306468434,0.0393470499968959
5.42533051060004,0.0842367521621582,0.00163215535155079,0.00384758930750391,0.0377141327384693,0.0803891628546543,-0.0360819773869185,0.0880843414696621,0.03934628809002
5.42713714746671,0.0841899148142494,0.00161434311404964,0.00385882813574748,0.0377312021884756,0.0803310866785019,-0.036116859074426,0.0880487429499969,0.0393455453025253
5.42894378433337,0.0841428054113428,0.00159651791996257,0.00386971705541037,0.0377483033996121,0.0802730883559324,-0.0361517854796495,0.0880125224667531,0.0393448213195747
5.43075042120004,0.0840954250516216,0.0015786810677353,0.00388025473050249,0.0377654351156216,0.0802151703211191,-0.0361867540478863,0.0879756797821241,0.0393441161833569
5.43255705806671,0.084047780163606,0.00156083409722353,0.0038904467081963,0.0377825954692219,0.0801573334554097,-0.0362217613719984,0.0879382268718023,0.0393434295664454
5.43436369493337,0.0839998766438433,0.00154297849819921,0.00390029790604324,0.0377997826776392,0.0800995787378,-0.03625680417944,0.0879001745498865,0.0393427611758385
5.43617033180004,0.0839517155168175,0.00152511561804884,0.00390980677757946,0.0378169954457402,0.0800419087392381,-0.0362918798276913,0.087861522294397,0.039342111063789
5.43797696866671,0.0839033036055991,0.00150724697843545,0.00391897945900535,0.037834231893659,0.0799843241465937,-0.0363269849152235,0.0878222830646044,0.0393414788720945
5.43978360553337,0.0838546464858845,0.00148937403838232,0.00392782048931823,0.0378514902900819,0.0799268259965663,-0.0363621162516996,0.0877824669752028,0.0393408643284643
5.44159024240004,0.0838057451345341,0.00147149820262571,0.00393632812931447,0.0378687692914679,0.0798694170052197,-0.0363972710888422,0.0877420732638486,0.0393402674940936
5.44339687926671,0.0837566067170171,0.00145362095781925,0.00394450906875441,0.0378860670244304,0.0798120976482626,-0.0364324460666111,0.0877011157857715,0.0393396879822496
5.44520351613337,0.0837072365142547,0.00143574374064643,0.00395236748581574,0.0379033817995839,0.079754869028439,-0.0364676380589374,0.0876596040000704,0.0393391255402303
5.44701015300004,0.0836576354815603,0.00141786802160006,0.00395990146628728,0.0379207122154488,0.079697734015273,-0.0365028441938487,0.0876175369478475,0.0393385802370488
5.44881678986671,0.0836078110746483,0.00139999523550935,0.00396711821802344,0.0379380564241798,0.0796406928566248,-0.0365380611886704,0.0875749292926717,0.0393380516596891
5.45062342673337,0.0835577683057424,0.0013821268051257,0.00397402157611489,0.0379554127687887,0.0795837467296275,-0.036573285963663,0.0875317898818572,0.0393375395739144
5.45243006360004,0.0835075081346841,0.001364264275106,0.00398060946907742,0.0379727797803262,0.0795268986656067,-0.0366085155052202,0.0874881176037616,0.0393370440554322
5.45423670046671,0.0834570382552817,0.00134640901164002,0.00398688958739196,0.0379901556555506,0.0794701486678898,-0.0366437466439106,0.0874439278426737,0.0393365646671906
5.45604333733337,0.0834063634371358,0.00132856243195396,0.00399286544079569,0.0380075387603399,0.0794134979963401,-0.0366789763283859,0.0873992288779315,0.0393361011922939
5.45784997420004,0.0833554846706944,0.00131072616327765,0.0039985348182651,0.0380249275487442,0.0793569498524293,-0.0367142013854665,0.0873540194889595,0.0393356537120218
5.45965661106671,0.0833044098357054,0.00129290148634511,0.00400390585743958,0.0380423202811866,0.0793005039782658,-0.0367494187948415,0.087308315693145,0.0393352217675317
5.46146324793337,0.0832531434232673,0.00127508982605616,0.00400898166367696,0.0380597153371069,0.0792441617595903,-0.0367846255110508,0.0872621250869443,0.0393348051631631
5.46326988480004,0.0832016866663795,0.00125729288624933,0.00401376019442962,0.0380771110833459,0.0791879264719499,-0.0368198181970965,0.0872154468608091,0.0393344039695952
5.46507652166671,0.0831500473927081,0.00123951185975877,0.00401824970874673,0.0380945058637317,0.0791317976839614,-0.0368549940039729,0.0871682971014549,0.0393340177234904
5.46688315853337,0.083098229800445,0.00122174819768429,0.00402245284670832,0.0381118980555551,0.0790757769537367,-0.0368901498578708,0.0871206826471534,0.0393336462532394
5.46868979540004,0.083046235698528,0.00120400364415504,0.00402636827815135,0.0381292859467752,0.0790198674203766,-0.0369252823026201,0.0870726039766793,0.0393332895909302
5.47049643226671,0.0829940725030782,0.00118627933201573,0.00403000382189263,0.038146667965829,0.0789640686811856,-0.0369603886338132,0.0870240763249709,0.0393329472978447
5.47230306913337,0.0829417442739704,0.00116857674047176,0.00403336186359419,0.0381640424747493,0.0789083824103762,-0.0369954657342775,0.0869751061375646,0.039332619215221
5.47410970600004,0.0828892533439281,0.00115089763712932,0.00403644175000929,0.0381814077016753,0.0788528115939189,-0.037030510064546,0.0869256950939374,0.0393323053388046
5.47591634286671,0.0828366067436043,0.00113324310324965,0.00403925087745728,0.0381987621501223,0.078797355866147,-0.0370655190468727,0.0868758576210615,0.039332005253372
5.47772297973337,0.0827838084206322,0.00111561465455287,0.00404179139491444,0.0382161041573333,0.0787420170257177,-0.0371004895027805,0.0868255998155466,0.0393317188118862
5.47952961660004,0.082730861179369,0.00109801406530583,0.0040440632905839,0.0382334319106906,0.078686797888785,-0.0371354178453847,0.0867749244699529,0.0393314459759964
5.48133625346671,0.0826777716910748,0.00108044237359486,0.00404607355602037,0.0382507439792554,0.0786316981350544,-0.0371703016056606,0.0867238452470951,0.0393311863528503
5.48314289033337,0.0826245438172187,0.00106290114006211,0.0040478241212488,0.038268038665951,0.0785767196959699,-0.0372051375258889,0.0866723679384675,0.0393309398060131
5.48494952720004,0.0825711807816383,0.00104539212881918,0.00404931558045477,0.038285314136464,0.0785218652011836,-0.0372399220076448,0.0866204963620931,0.0393307062652831
5.48675616406671,0.082517688922278,0.00102791634318549,0.00405055453816136,0.0383025690158718,0.0784671343841167,-0.0372746526726863,0.0865682434604394,0.0393304853590573
5.48856280093337,0.0824640720405185,0.00101047539713313,0.00405154272317695,0.0383198015632456,0.0784125293173415,-0.0373093261661125,0.0865156147636954,0.0393302769603787
5.49036943780004,0.0824103337275251,0.000993071027803208,0.00405228130020156,0.0383370099416393,0.0783580524273236,-0.0373439389138361,0.0864626150277267,0.0393300809694425
5.49217607466671,0.0823564800140029,0.000975704212155785,0.00405277650446062,0.0383541928226148,0.0783037035095423,-0.037378488610459,0.0864092565184635,0.0393298970347705
5.49398271153337,0.08230251466732,0.000958376625900445,0.00405302988127871,0.0383713484118609,0.0782494847860413,-0.0374129717859604,0.0863555445485987,0.0393297250377613
5.49578934840004,0.0822484415938178,0.000941089962392361,0.0040530431304038,0.0383884748888604,0.078195398463414,-0.0374473849264681,0.0863014847242216,0.0393295648512528
5.49759598526671,0.0821942665430377,0.00092384518063989,0.00405282213549764,0.0384055709621285,0.07814144440754,-0.0374817257814886,0.0862470886785353,0.0393294161427684
5.49940262213337,0.0821399932744117,0.000906644026498213,0.00405236827613416,0.0384226347744405,0.0780876249982775,-0.0375159907479423,0.0861923615505459,0.0393292788009387
5.50120925900004,0.0820856259573047,0.000889488132720717,0.00405168375164183,0.0384396645407707,0.0780339422056629,-0.0375501764080499,0.0861373097089466,0.0393291526734914
5.50301589586671,0.082031170086171,0.000872378448771917,0.00405077411185209,0.0384566589970561,0.0779803959743189,-0.0375842805482842,0.0860819441980231,0.0393290374458281
5.50482253273337,0.0819766294385823,0.000855316799060476,0.00404964058832278,0.038473616213628,0.0779269888502595,-0.0376182994145675,0.086026270026905,0.0393289330126885
5.50662916960004,0.0819220083947747,0.00083830473892238,0.00404828584449491,0.0384905344600135,0.0778737225502798,-0.0376522297210911,0.0859702942392696,0.0393288391989359
5.50843580646671,0.0818673122201911,0.000821343216686074,0.00404671511410405,0.0385074124900415,0.0778205971060871,-0.0376860692733555,0.0859140273342952,0.0393287557067276
5.51024244333337,0.0818125447366202,0.000804434143721521,0.00404492949842441,0.0385242482920669,0.0777676152381958,-0.0377198141483454,0.0858574742350446,0.0393286824357884
5.51204908020004,0.081757710483016,0.000787578981131517,0.00404293208954308,0.0385410402092327,0.0777147783934729,-0.0377534612281012,0.0858006425725591,0.0393286191903642
5.51385571706671,0.0817028145218867,0.000770778684516766,0.00404072782283286,0.0385577870037282,0.0776620866990538,-0.0377870083192114,0.0857435423447196,0.039328565688245
5.51566235393337,0.0816478607453137,0.000754035260615633,0.00403831768701863,0.038574486572401,0.077609543058295,-0.0378204513117854,0.0856861784323323,0.0393285218330167
5.51746899080004,0.0815928537988169,0.000737350059482354,0.0040357051673661,0.0385911373510723,0.0775571486314508,-0.03785378729159,0.085628558966183,0.0393284874105547
5.51927562766671,0.081537798568046,0.000720724052397745,0.00403289491861881,0.0386077381007597,0.0775049036494272,-0.037887014048362,0.0855706934866648,0.0393284621531575
5.52108226453337,0.0814826990414515,0.000704159349876497,0.00402988783468553,0.0386242866172737,0.077452811206766,-0.0379201272673972,0.085512586876137,0.0393284459671502
5.52288890140004,0.0814275599189663,0.000687657174109247,0.00402668775854367,0.0386407814481753,0.0774008721604227,-0.0379531242740661,0.08545424767751,0.0393284386222846
5.52469553826671,0.081372385935458,0.00067121852046351,0.00402329908204088,0.0386572213437798,0.0773490868534171,-0.0379860028233163,0.0853956850174988,0.0393284398642433
5.52650217513337,0.0813171812018221,0.000654845611638824,0.00401972262200469,0.0386736039893289,0.0772974585798175,-0.03801875837769,0.0853369038238268,0.0393284496009677
5.52830881200004,0.0812619504202527,0.000638539525146019,0.0040159625436556,0.0386899280631855,0.0772459878765971,-0.0380513885380394,0.0852779129639083,0.0393284675883315
5.53011544886671,0.0812066982009108,0.000622301288847929,0.00401202299367986,0.0387061922954322,0.0771946752072309,-0.0380838910065843,0.0852187211945907,0.0393284935842801
5.53192208573337,0.081151428803214,0.000606133246036518,0.00400790472955577,0.03872239425121,0.0771435240736583,-0.0381162610051735,0.0851593335327698,0.0393285274972465
5.53372872260004,0.0810961468794642,0.000590036312727107,0.00400361220328161,0.0387385327587466,0.0770925346761826,-0.0381484964460195,0.0850997590827458,0.0393285690714737
5.53553535946671,0.0810408569411932,0.000574011557685612,0.00399914933411457,0.0387546065183602,0.0770417076070786,-0.0381805949606746,0.0850400062753078,0.0393286180760458
5.53734199633337,0.0809855634224156,0.000558061453203872,0.00399451683791881,0.0387706129655607,0.0769910465844968,-0.0382125515123568,0.0849800802603344,0.0393286744187645
5.53914863320004,0.0809302708733897,0.000542186736986481,0.00398971941800158,0.0387865510975022,0.0769405514553881,-0.0382443643605157,0.0849199902913913,0.0393287378344886
5.54095527006671,0.0808749837330933,0.000526388527110329,0.00398476078392551,0.0388024195752076,0.0768902229491678,-0.0382760310480972,0.0848597445170188,0.0393288081023179
5.54276190693337,0.0808197066362154,0.000510669433274928,0.00397964162767351,0.0388182156950247,0.0768400650085419,-0.0383075462617498,0.0847993482638889,0.0393288851282997
5.54456854380004,0.0807644439788174,0.000495029998058481,0.003974366868395,0.0388339386420958,0.0767900771104224,-0.0383389086440373,0.0847388108472124,0.0393289686401543
5.54637518066671,0.0807092001534,0.000479471397256404,0.00396894002369205,0.0388495870286179,0.0767402601297079,-0.0383701156313615,0.084678140177092,0.0393290584258743
5.54818181753337,0.080653980021402,0.000463993476942114,0.00396336177939971,0.0388651538876731,0.0766906182420023,-0.038401160410731,0.0846173418008017,0.0393291473646152
5.54998845440004,0.0805987877725361,0.000448593483416904,0.00395763723504215,0.0388806342495468,0.0766411505374939,-0.0384320407661299,0.0845564250075782,0.0393292277329638
5.55179509126671,0.0805436277789014,0.000433272430539746,0.00395176973399388,0.0388960263455483,0.0765918580449076,-0.0384627539150086,0.0844953975128953,0.039329298776088
5.55360172813337,0.080488504359013,0.000418032880863816,0.00394576109903889,0.0389113266741133,0.0765427432599741,-0.0384932937932495,0.0844342654580518,0.0393293595549771
5.55540836500004,0.0804333684625654,0.000402874798232266,0.00393969150178587,0.0389265346583364,0.0764936769607795,-0.0385236598601041,0.0843730599643513,0.0393294094565686
5.55721500186671,0.080378182909536,0.000387799272781285,0.00393362290071714,0.0389416484641046,0.0764445600088189,-0.0385538491913233,0.0843118058102531,0.0393294477368859
5.55902163873337,0.0803229504030807,0.000372809010524095,0.00392755982682596,0.0389566643949844,0.0763953905762547,-0.0385838553844603,0.0842505102299067,0.0393294734055085
5.56082827560004,0.0802676752798711,0.00035790375497299,0.00392150662124485,0.0389715821549449,0.0763461686586262,-0.0386136783999719,0.0841891819011159,0.0393294859099179
5.56263491246671,0.080212360997903,0.000343084731966339,0.00391546765640749,0.0389863997551503,0.0762968933414956,-0.0386433150231839,0.0841278286543105,0.0393294844871166
5.56444154933337,0.080157010488218,0.000328354621509734,0.00390944768344847,0.039001113498964,0.0762475628047696,-0.0386727588774543,0.0840664581716665,0.0393294681204738
5.56624818620004,0.0801016278973827,0.00031371310922629,0.00390345080917445,0.0390157231880496,0.0761981770882083,-0.0387020100788234,0.0840050787065572,0.0393294362972759
5.56805482306671,0.0800462166522507,0.00029916153694217,0.00389748144753552,0.0390302266958202,0.0761487352047151,-0.038731065158878,0.0839436980997862,0.0393293882327624
5.56986145993337,0.079990779912274,0.000284702469407519,0.00389154451351753,0.0390446204347297,0.0760992353987565,-0.0387599179653222,0.0838823244257916,0.0393293229041373
5.57166809680004,0.0799353216129498,0.000270335616578838,0.00388564391018654,0.0390589042063282,0.0760496777027632,-0.0387885685897494,0.0838209655231363,0.0393292398229071
5.57347473366671,0.0798798451842299,0.00025606241823021,0.00387978411708624,0.0390730757635656,0.0760000610671437,-0.0388170133453354,0.0837596293013162,0.0393291381817958
5.57528137053337,0.0798243539730985,0.0002418853098044,0.00387397016164502,0.0390871316509587,0.0759503838114535,-0.0388452463411543,0.0836983241347435,0.0393290169607632
5.57708800740004,0.0797688517244218,0.000227804032617646,0.0038682057688925,0.0391010716584577,0.0759006459555293,-0.0388732676258401,0.0836370574933143,0.0393288756910753
5.57889464426671,0.0797133418916906,0.000213820131417046,0.00386249550967155,0.0391148934070641,0.0758508463820191,-0.038901073275647,0.0835758374013622,0.0393287135384811
5.58070128113337,0.0796578279685409,0.000199935898287268,0.00385684447244256,0.0391285935963284,0.0758009834960983,-0.0389286576980412,0.0835146724409835,0.0393285294946157
5.58250791800004,0.0796023135296484,0.000186151112929455,0.00385125622990419,0.0391421719931158,0.0757510572997443,-0.0389560208801863,0.0834535697595526,0.0393283231060452
5.58431455486671,0.0795468020724824,0.000172467432089722,0.0038457354699026,0.0391556260749928,0.0757010666025797,-0.038983158642903,0.083392537542385,0.0393280935070825
5.58612119173337,0.079491297196451,0.000158886990443011,0.00384028729052144,0.0391689527195162,0.0756510099059296,-0.0390100657290732,0.0833315844869725,0.0393278397099592
5.58792782860004,0.0794358023264791,0.000145409613101215,0.00383491513783316,0.0391821516589797,0.075600887188646,-0.0390367420458785,0.0832707174643123,0.0393275612720809
5.58973446546671,0.0793803210244547,0.00013203707583479,0.00382962384239133,0.0391952202160294,0.0755506971820634,-0.0390631831401946,0.0832099448668461,0.0393272572918642
5.59154110233337,0.0793248569546781,0.000118771341858403,0.00382441846049388,0.0392081554691994,0.0755004384941842,-0.039089384127341,0.083149275415172,0.0393269268110578
5.59334773920004,0.0792694134127634,0.00010561228871986,0.00381930233729099,0.0392209571047269,0.0754501110754724,-0.039115344816007,0.0830887157500544,0.0393265693934467
5.59515437606671,0.079213994045457,9.25618182392399e-05,0.00381428047174915,0.0392336222788508,0.0753997135737078,-0.0391410604606116,0.0830282745172061,0.03932618409709
5.59696101293337,0.0791586025410718,7.96217081203594e-05,0.00380935782697102,0.0392461482940556,0.0753492447141008,-0.0391665265859352,0.0829679603680428,0.0393257700021759
5.59876764980004,0.0791032420863509,6.67918953721845e-05,0.00380453767288928,0.0392585347790345,0.0752987044134617,-0.0391917428836623,0.0829077797592402,0.0393253266744067
5.60057428666671,0.0790479164333389,5.40744148902657e-05,0.00379982520258804,0.0392707787121349,0.0752480912307509,-0.0392167042972446,0.0828477416359269,0.0393248531270252
5.60238092353337,0.0789926292534817,4.14708448156845e-05,0.00379522523456484,0.039282877642762,0.0751974040189169,-0.0392414067979463,0.0827878544880466,0.0393243484875777
5.60418756040004,0.0789373836450913,2.8981188644861e-05,0.00379074098923968,0.0392948311305804,0.0751466426558516,-0.0392658499419355,0.082728124634331,0.0393238123192253
5.60599419726671,0.07888218348595,1.66076213743913e-05,0.00378637787951956,0.0393066359645591,0.0750958056064304,-0.0392900283431848,0.0826685613654696,0.0393232435859335
5.60780083413337,0.0788270323897574,4.35150753130657e-06,0.00378214052788667,0.0393182899639962,0.0750448918618707,-0.0393139384564649,0.082609172917644,0.0393226414715275
5.60960747100004,0.0787719333868339,-7.79723328648251e-06,0.00377803213095401,0.0393298069727907,0.0749939012558799,-0.0393376042060772,0.0825499655177879,0.0393220097395042
5.61141410786671,0.0787168905011398,-1.99167690483094e-05,0.003774058347155,0.0393412974092281,0.0749428321539848,-0.0393612141782764,0.0824909488482948,0.0393213806401798
5.61322074473337,0.0786619072477483,-3.20252321885182e-05,0.00377022355154846,0.0393527866363713,0.0748916836961998,-0.0393848118685598,0.0824321307992967,0.0393207614041828
5.61502738160004,0.0786069866094283,-4.41220480970322e-05,0.00376653094264371,0.0393642734515549,0.0748404556667846,-0.0394083954996519,0.082373517552072,0.0393201514034578
5.61683401846671,0.0785521327767578,-5.62064174316288e-05,0.00376298645010641,0.0393757566020742,0.0747891463266514,-0.0394319630195058,0.0823151192268643,0.0393195501846426
5.61864065533337,0.078497349125304,-6.8277692437951e-05,0.00375959415016154,0.0393872348657947,0.0747377549751425,-0.0394555125582326,0.0822569432754656,0.0393189571733567
5.62044729220004,0.0784426386107244,-8.03353040425628e-05,0.00375635726892067,0.0393987070682272,0.0746862813418037,-0.0394790423722697,0.082198995879645,0.0393183717641846
5.62225392906671,0.0783880056106537,-9.23784174003597e-05,0.00375328203298518,0.0394101719105627,0.0746347235776685,-0.039502550327963,0.0821412876436389,0.0393177934931623
5.62406056593337,0.0783334533202742,-0.000104406418640119,0.0037503721683376,0.0394216281956834,0.0745830811519366,-0.0395260346143235,0.0820838254886118,0.0393172217770433
5.62586720280004,0.078278984688571,-0.000116418740307732,0.00374763095439599,0.0394330747701882,0.074531353734175,-0.0395494935104959,0.082026615642967,0.0393166560298805
5.62767383966671,0.078224604300677,-0.000128414508139838,0.00374506494040296,0.0394445102820739,0.074479539360274,-0.0395729247902138,0.08196966924108,0.0393160957739341
5.62948047653337,0.0781703151305082,-0.000140393149980341,0.0037426774506886,0.0394559335734186,0.0744276376798196,-0.0395963267233989,0.0819129925811968,0.0393155404234383
5.63128711340004,0.0781161201408185,-0.000152354096078344,0.00374047184368186,0.0394673435048188,0.0743756482971366,-0.0396196976008971,0.0818565919845003,0.0393149894087404
5.63309375026671,0.0780620241446772,-0.000164296428835198,0.00373845501697173,0.039478738663989,0.0743235691277054,-0.0396430350928242,0.0818004791616489,0.0393144422351538
5.63490038713337,0.0780080298538559,-0.000176219625643723,0.00373662984182585,0.0394901179463807,0.07427140001203,-0.0396663375720244,0.0817446596956817,0.0393138983207369
5.63670702400004,0.0779541402653158,-0.000188123110539749,0.00373499978138965,0.0395014802194996,0.0742191404839262,-0.0396896033300393,0.0816891400467055,0.0393133571089598
5.63851366086671,0.0779003604405039,-0.000200005918671874,0.00373357210730252,0.0395128240036883,0.0741667883332013,-0.0397128299223602,0.0816339325478064,0.0393128180850164
5.64032029773337,0.0778466927881665,-0.000211867584815674,0.00373234918636107,0.0395241482619505,0.0741143436018055,-0.0397360158467661,0.0815790419745276,0.0393122806771348
5.64212693460004,0.0777931403599128,-0.00022370752287677,0.0037313346121312,0.0395354518616115,0.0740618057477817,-0.0397591593844883,0.081524474972044,0.0393117443387348
5.64393357146671,0.0777397084860066,-0.000235524716835038,0.00373053605600743,0.0395467332485529,0.0740091724299991,-0.039782257965388,0.081470244542014,0.0393112085317179
5.64574020833337,0.0776863992312897,-0.000247318766681518,0.00372995532890582,0.0395579914675088,0.0739564439023839,-0.0398053102341903,0.0814163545601956,0.0393106727008273
5.64754684520004,0.077633215722459,-0.000259089072275025,0.00372959618051783,0.0395692253785354,0.0739036195419412,-0.0398283144508105,0.0813628119029768,0.0393101363062604
5.64935348206671,0.0775801635790348,-0.000270834562509785,0.00372946670769786,0.0395804333459633,0.0738506968713369,-0.0398512679084731,0.0813096302867327,0.0393095987834536
5.65116011893337,0.0775272444810751,-0.000282554910426409,0.00372956811407204,0.0395916145104363,0.0737976763670031,-0.0398741694208627,0.0812568125951472,0.0393090596000099
5.65296675580004,0.0774744616508039,-0.000294249497919731,0.00372990433116165,0.0396027677176517,0.0737445573196422,-0.0398970172155714,0.0812043659819656,0.039308518219732
5.65477339266671,0.0774218210174383,-0.000305917194881841,0.00373048390698574,0.0396138912433005,0.0736913371104525,-0.0399198084381823,0.081152304924424,0.0393079740484187
5.65658002953337,0.0773693238353722,-0.000317557755235547,0.00373130738647111,0.0396249843381137,0.0736380164489011,-0.0399425420933492,0.0811006312218433,0.0393074265828781
5.65838666640004,0.0773169734492224,-0.000329170537779977,0.00373237891946611,0.0396360458249381,0.0735845945297563,-0.039965216362718,0.0810493523686885,0.0393068752871581
5.66019330326671,0.0772647760990664,-0.000340754353136205,0.00373370749848225,0.0396470738879451,0.0735310686005841,-0.0399878282410813,0.0809984835975486,0.0393063195348088
5.66199994013337,0.0772127325920305,-0.000352309040294572,0.00373529299071441,0.0396580678979221,0.0734774396013161,-0.0400103769382167,0.0809480255827449,0.0393057588576275
5.66380657700004,0.0771608465595604,-0.000363833903759811,0.00373714002740258,0.0396690266149557,0.0734237065321578,-0.0400328605187155,0.080897986586963,0.0393051927111959
5.66561321386671,0.0771091241217687,-0.000375327776458283,0.0037392573267994,0.039679948227278,0.0733698667949693,-0.0400552760037363,0.0808483814485681,0.0393046204508197
5.66741985073338,0.0770575660488997,-0.000386790504788391,0.00374164477141424,0.0396908321372418,0.0733159212774854,-0.0400776226420302,0.0807992108203139,0.0393040416324534
5.66922648760004,0.0770061761496858,-0.000398221359625403,0.00374430727713563,0.0397016770622187,0.0732618688725502,-0.0400998984218441,0.0807504834268215,0.0393034557025933
5.67103312446671,0.0769549603833948,-0.000409619204033169,0.00374725323654865,0.0397124812086796,0.0732077071468461,-0.0401221004127128,0.0807022136199434,0.0393028620046465
5.67283976133337,0.0769039195038293,-0.000420983887902694,0.0037504825731817,0.039723244003454,0.0731534369306476,-0.0401442278913567,0.080654402077011,0.0393022601155513
5.67464639820004,0.0768530575174476,-0.000432314644561648,0.00375400051327687,0.039733964114108,0.0730990570041707,-0.0401662787586697,0.0806070580307245,0.0393016494695464
5.67645303506671,0.0768023801817943,-0.000443610375046248,0.00375781507234178,0.0397446397795308,0.0730445651094525,-0.040188250154577,0.0805601952541361,0.0393010294044845
5.67825967193337,0.0767518882546687,-0.000454870928822222,0.0037619262406285,0.039755270443939,0.0729899620140402,-0.0402101413727612,0.0805138144952972,0.0393003995151167
5.68006630880004,0.076701585960696,-0.000466095497754187,0.00376633958043776,0.0397658547180046,0.0729352463802583,-0.0402319502157588,0.0804679255411338,0.0392997592202504
5.68187294566671,0.0766514788148167,-0.00047728302868276,0.00377106267879034,0.0397763908872126,0.0728804161360264,-0.0402536739158953,0.080422541493607,0.0392991078585298
5.68367958253337,0.0766015675992675,-0.000488433366732573,0.00377609561836645,0.0397868784060778,0.072825471980901,-0.0402753117728104,0.0803776632176339,0.0392984450393452
5.68548621940004,0.0765518567772801,-0.000499545658388324,0.00378144432323014,0.039797315821289,0.07277041245405,-0.0402968614796774,0.0803333011005103,0.0392977701629007
5.68729285626671,0.0765023515803116,-0.000510618904128185,0.00378711590050577,0.0398077014791057,0.0727152356798058,-0.0403183203832339,0.0802894674808173,0.0392970825749775
5.68909949313337,0.0764530528354755,-0.000521652940819172,0.0037931105510071,0.0398180348372512,0.0726599422844684,-0.0403396877780704,0.0802461633864826,0.039296381896432
5.69090613000004,0.0764039652650497,-0.000532646865648849,0.00379943458626556,0.0398283143713418,0.0726045306787842,-0.0403609612369907,0.0802033998513153,0.039295667505693
5.69271276686671,0.0763550937761284,-0.000543599740567592,0.0038060945821,0.0398385385025906,0.0725489991940284,-0.0403821382431582,0.0801611883582284,0.039294938762023
5.69451940373338,0.0763064392611419,-0.000554511390266894,0.00381309088316206,0.0398487066848398,0.0724933483779798,-0.0404032180751066,0.0801195301443039,0.0392941952945729
5.69632604060004,0.0762580067218542,-0.000565380858721718,0.00382043021415568,0.0398588173155444,0.0724375765076985,-0.0404241981742661,0.0800784369360099,0.0392934364568227
5.69813267746671,0.0762098007001167,-0.000576207277186143,0.00382811856818487,0.0398688689050481,0.0723816821319318,-0.0404450761822342,0.0800379192683016,0.0392926616278619
5.69993931433337,0.0761618221741166,-0.000586990454261393,0.0038361564594431,0.0398788608962242,0.0723256657146735,-0.0404658513504856,0.0799979786335597,0.0392918704419628
5.70174595120004,0.0761140764455433,-0.000597729376791593,0.00384455105151222,0.0398887916012767,0.0722695253940311,-0.0404865209780683,0.0799586274970555,0.0392910622244851
5.70355258806671,0.0760665676501263,-0.000608423253169461,0.00385330770337132,0.039898659633859,0.0722132599467549,-0.0405070828870285,0.0799198753534976,0.0392902363806896
5.70535922493337,0.0760192968722488,-0.00061907187198774,0.00386242712446153,0.0399084644187857,0.0721568697477872,-0.0405275362907734,0.0798817239967103,0.039289392546798
5.70716586180004,0.0759722697339667,-0.000629674159044181,0.00387191694294684,0.0399182041759198,0.0721003527910199,-0.040547878334964,0.0798441866769135,0.0392885300168757
5.70897249866671,0.0759254899240064,-0.000640229407702616,0.00388178183227175,0.0399278776364042,0.0720437080917346,-0.0405681070441068,0.0798072717562781,0.0392876482287016
5.71077913553337,0.0758789586533883,-0.000650737382631226,0.00389202272282936,0.0399374841999045,0.0719869359305589,-0.0405882215825358,0.0797709813762176,0.0392867468172733
5.71258577240004,0.0758326818849734,-0.000661196944664657,0.00390264773307121,0.0399470219868548,0.0719300341519022,-0.0406082189315194,0.0797353296180446,0.0392858250421901
5.71439240926671,0.0757866628196067,-0.000671607479970842,0.00391366079949717,0.0399564898600642,0.0718730020201096,-0.0406280973400351,0.0797003236191039,0.0392848823800934
5.71619904613337,0.0757409028153848,-0.000681968725377116,0.00392506309915807,0.0399658871869617,0.0718158397162267,-0.0406478559123388,0.0796659659145428,0.0392839184615845
5.71800568300004,0.0756953251024131,-0.000692279472838135,0.00393674575383424,0.039975211981462,0.0717585793485789,-0.0406674914543001,0.0796320708562474,0.0392829325086238
5.71981231986671,0.0756497243213122,-0.000702539209159539,0.00394841771075544,0.0399844632522201,0.0717013066105568,-0.0406870024613797,0.0795981420320677,0.0392819240430606
5.72161895673338,0.0756040902760506,-0.000712747639410904,0.00396006384242647,0.0399936403273377,0.0716440264336241,-0.0407063879667486,0.079564154118477,0.0392808926879268
5.72342559360004,0.0755584234046508,-0.000722903482750064,0.00397168446102209,0.0400027411071223,0.0715867389436287,-0.0407256445898723,0.0795301078656729,0.0392798376243722
5.72523223046671,0.0755127247060731,-0.000733006334454032,0.00398328031436746,0.0400117647602523,0.0715294443917056,-0.0407447710947064,0.0794960050204405,0.0392787584257983
5.72703886733338,0.0754669951974823,-0.000743055863917749,0.00399485216507766,0.0400207105684138,0.0714721430324046,-0.0407637664323315,0.0794618473625599,0.039277654704496
5.72884550420004,0.0754212353171985,-0.000753050713585742,0.00400640032445813,0.0400295763112164,0.0714148349927404,-0.0407826270248022,0.0794276356416566,0.0392765255976307
5.73065214106671,0.0753754461087734,-0.000762990595039533,0.00401792557563148,0.0400383613315418,0.0713575205331419,-0.0408013519265813,0.0793933716844049,0.0392753707365022
5.73245877793337,0.0753296285444831,-0.000772875138082725,0.00402942864678502,0.0400470648575702,0.0713001998976981,-0.0408199399956529,0.0793590571912682,0.0392741897194875
5.73426541480004,0.0752837830677121,-0.00078270290453031,0.00404090985189496,0.0400556845411251,0.0712428732158172,-0.0408383874456554,0.0793246929196071,0.0392729816365948
5.73607205166671,0.0752379107570692,-0.000792473730101278,0.00405237000230045,0.0400642199134689,0.0711855407547687,-0.0408566936435702,0.0792902807593696,0.0392717461833676
5.73787868853337,0.0751920125447087,-0.000802187201091374,0.0040638097953009,0.0400726701421879,0.0711282027494078,-0.0408748573432793,0.0792558223400096,0.0392704829410966
5.73968532540004,0.0751460888838476,-0.000811841794769223,0.0040752295510856,0.0400810327442293,0.071070859332762,-0.0408928745389985,0.0792213184349332,0.0392691909494601
5.74149196226671,0.0751001408786163,-0.000821437478824572,0.00408663010212716,0.0400893074534152,0.0710135107764891,-0.0409107449322398,0.0791867709807435,0.0392678699745906
5.74329859913337,0.0750541694258154,-0.000830973792128927,0.00409801211837903,0.0400974933696477,0.0709561573074363,-0.0409284671617767,0.0791521815441944,0.0392665195775188
5.74510523600004,0.0750081749932609,-0.000840449123487507,0.00410937592978266,0.0401055878679095,0.0708987990634782,-0.040946036991397,0.0791175509230435,0.039265138744422
5.74691187286671,0.0749621587010708,-0.000849863580394589,0.00412072238286443,0.0401135908987606,0.0708414363182063,-0.0409634544791552,0.0790828810839352,0.039263727318366
5.74871850973337,0.0749161214154587,-0.00085921665038056,0.00413205212377157,0.0401215014873304,0.0707840692916871,-0.040980718137711,0.0790481735392302,0.0392622848369499
5.75052514660004,0.0748700636236078,-0.000868506629870626,0.00414336549573914,0.0401293168595467,0.0707266981278687,-0.0409978234894173,0.0790134291193469,0.039260810229676
5.75233178346671,0.0748239864520883,-0.000877733773996898,0.00415466335226499,0.0401370371968863,0.0706693230998234,-0.0410147709708832,0.0789786498043533,0.0392593034228894
5.75413842033338,0.0747778907412947,-0.000886897515031558,0.00416594631923195,0.0401446614426163,0.0706119444220627,-0.0410315589576479,0.0789438370605266,0.0392577639275848
5.75594505720004,0.0747317770025445,-0.000895996053103925,0.00417721475670762,0.0401521866665214,0.0705545622458369,-0.0410481827196253,0.0789089917592521,0.0392561906134174
5.75775169406671,0.0746856463593251,-0.000905029798816456,0.00418846951808166,0.040159613295173,0.0704971768412435,-0.0410646430939895,0.0788741158774068,0.0392545834963565
5.75955833093338,0.0746394996251073,-0.00091399809983999,0.00419971120771983,0.0401669401440451,0.0704397884173875,-0.0410809382438851,0.0788392108328271,0.0392529420442051
5.76136496780004,0.0745933373577269,-0.000922899132372472,0.00421094022044121,0.0401741642362144,0.0703823971372857,-0.0410970633685869,0.0788042775781681,0.039251265103842
5.76317160466671,0.074547160650437,-0.00093173339403862,0.00422215738806775,0.0401812861410013,0.0703250032623693,-0.04111301953504,0.0787693180385048,0.0392495527469627
5.76497824153337,0.0745009702947797,-0.00094050012783806,0.00423336329693026,0.0401883045135506,0.0702676069978494,-0.0411288046413886,0.07873433359171,0.0392478043857125
5.76678487840004,0.0744547669168108,-0.000949197606861666,0.00424455839469266,0.0401952165160067,0.0702102085221181,-0.0411444141228683,0.0786993253115034,0.039246018909145
5.76859151526671,0.07440855155308,-0.000957826298848847,0.00425574346997547,0.0402020226817521,0.0701528080831045,-0.0411598489806009,0.0786642950230555,0.0392441963829032
5.77039815213338,0.0743623249883803,-0.000966385375874781,0.00426691910300704,0.0402087215557124,0.0700954058853732,-0.0411751069315872,0.0786292440913873,0.0392423361798376
5.77220478900004,0.0743160879074522,-0.000974873215756882,0.0042780857872148,0.0402153104532787,0.0700380021202374,-0.0411901836690355,0.078594173694667,0.0392404372375218
5.77401142586671,0.07426984129491,-0.000983290252432439,0.00428924427155804,0.0402217898648061,0.069980597023352,-0.0412050801172386,0.078559085566468,0.0392384996123737
5.77581806273338,0.0742235859335648,-0.000991635583135314,0.00430039513370325,0.0402281582179117,0.0699231907998615,-0.041219793801047,0.0785239810672681,0.0392365226347763
5.77762469960004,0.074177322557307,-0.000999907698243298,0.00431153890576025,0.0402344129954116,0.0698657836515468,-0.0412343206936549,0.0784888614630673,0.0392345052971683
5.77943133646671,0.0741310521035829,-0.00100810699397426,0.00432267630056801,0.0402405546375441,0.0698083758030149,-0.0412486616315184,0.0784537284041509,0.0392324476435699
5.78123797333338,0.0740847753579892,-0.00101623248880504,0.00433380789677147,0.040246581447529,0.0697509674612177,-0.0412628139363341,0.0784185832547607,0.039230348958724
5.78304461020004,0.0740384930940312,-0.00102428279350607,0.00434493425808206,0.0402524910897856,0.0696935588359491,-0.0412767738832917,0.0783834273521133,0.0392282082962795
5.78485124706671,0.0739922062067547,-0.00103225826266005,0.0043560560647586,0.0402582839473469,0.0696361501419961,-0.041290542210007,0.0783482622715133,0.0392260256846869
5.78665788393338,0.0739459154893095,-0.0010401578320691,0.00436717389996512,0.040263958191945,0.0695787415893444,-0.0413041160240141,0.0783130893892746,0.0392238003598759
5.78846452080004,0.0738996217452807,-0.00104798024073077,0.00437828835193288,0.0402695116837819,0.0695213333933478,-0.0413174919245127,0.0782779100972136,0.0392215314430512
5.79027115766671,0.0738533258320813,-0.0010557257976749,0.00438940007188208,0.0402749447415948,0.0694639257601992,-0.0413306705392697,0.0782427259039634,0.0392192189439199
5.79207779453338,0.0738070285551815,-0.00106338842127509,0.00440050965103658,0.0402802623717987,0.0694065189041449,-0.0413436507930738,0.0782075382062181,0.0392168739505237
5.79388443140004,0.0737607307387116,-0.00107093687743755,0.00441161769506583,0.040285505225324,0.0693491130436457,-0.0413564421027615,0.0781723484337774,0.0392145683478864
5.79569106826671,0.0737144332072188,-0.00107836695302113,0.0044227248296916,0.0402906798748819,0.0692917083775272,-0.0413690468279031,0.0781371580369104,0.0392123129218608
5.79749770513338,0.0736681367832611,-0.00108567770640777,0.00443383165773879,0.0402957837841538,0.0692343051255223,-0.0413814614905616,0.0781019684409999,0.0392101060777461
5.79930434200004,0.0736218423019795,-0.001092868601842,0.00444493879523345,0.0403008146176987,0.0691769035067461,-0.0413936832195407,0.078066781097213,0.0392079460158567
5.80111097886671,0.0735755505598228,-0.00109994084683929,0.00445604684594014,0.0403057711282893,0.0691195037138827,-0.0414057119751286,0.0780315974057629,0.03920583028145
5.80291761573338,0.0735292624012048,-0.00110689338228723,0.00446715642782457,0.0403106506594786,0.0690621059733802,-0.0414175440417659,0.0779964188290294,0.0392037572771914
5.80472425260004,0.0734829786627407,-0.00111372590245103,0.00447826816018878,0.0403154510034189,0.069004710502552,-0.04142917690587,0.0779612468229295,0.0392017251009679
5.80653088946671,0.0734367001175495,-0.00112043950232006,0.00448938262838035,0.0403201709054182,0.0689473174891691,-0.0414406104077383,0.0779260827459298,0.0391997314030982
5.80833752633337,0.0733904276366678,-0.00112703300476302,0.00450050046904649,0.0403248075770139,0.0688899271676213,-0.0414518405817769,0.0778909281057143,0.0391977745722508
5.81014416320004,0.0733441620486511,-0.00113350633511405,0.00451162229768436,0.040329358961725,0.0688325397509667,-0.041462865296839,0.0778557843463355,0.0391958526266109
5.81195080006671,0.0732979041080548,-0.0011398604753126,0.00452274868476465,0.0403338237855083,0.0687751554232901,-0.0414736842608209,0.0778206527928194,0.0391939633101957
5.81375743693338,0.0732516547173063,-0.0011460941296842,0.00453388028915762,0.0403381991159992,0.0687177744281487,-0.0414842932456834,0.0777855350064639,0.039192104986315
5.81556407380004,0.0732054146873664,-0.00115220745568033,0.00454501771547327,0.0403424830718568,0.0686603969718931,-0.0414946905275371,0.0777504324028397,0.0391902756161764
5.81737071066671,0.0731591847589945,-0.00115820132166618,0.00455616152284649,0.0403466743477999,0.0686030232361481,-0.0415048756694661,0.077715346281841,0.0391884730261338
5.81917734753338,0.0731129658707763,-0.00116407431290005,0.00456731239591092,0.0403507698556746,0.0685456534748654,-0.0415148441685746,0.0776802782666872,0.0391866955427745
5.82098398440004,0.0730667588065426,-0.00116982681999897,0.00457847092130827,0.0403547679130544,0.0684882878852344,-0.0415245947330534,0.0776452297278509,0.0391849410930555
5.82279062126671,0.0730205642980249,-0.00117545959722995,0.00458963765037859,0.040358667171533,0.0684309266476463,-0.0415341267687629,0.0776102019484034,0.039183207574303
5.82459725813338,0.0729743833247339,-0.0011809711102597,0.00460081329705911,0.0403624643752803,0.0683735700276748,-0.04154343548554,0.077575196621793,0.0391814932650206
5.82640389500004,0.0729282166338359,-0.00118636198391952,0.00461199842294215,0.040366158064558,0.0683162182108938,-0.0415525200484775,0.0775402150567781,0.0391797960806385
5.82821053186671,0.0728820649528016,-0.00119163285785336,0.00462319357511368,0.0403697468359475,0.0682588713776879,-0.0415613796938009,0.0775052585279153,0.0391781139780942
5.83001716873338,0.0728359293068347,-0.00119678207761272,0.00463439950035479,0.0403732272540566,0.0682015298064799,-0.0415700093316693,0.0774703288071895,0.0391764451764438
5.83182380560004,0.072789810396902,-0.00120181050329104,0.004645616728128,0.0403765981056076,0.068144193668774,-0.0415784086088986,0.07743542712503,0.0391747876023166
5.83363044246671,0.0727437089509807,-0.00120666757605417,0.00465684580480445,0.0403797856775436,0.0680868631461762,-0.0415864532535977,0.0774005547557851,0.0391731181014894
5.83543707933338,0.0726976260447349,-0.0012112809956983,0.00466808751355123,0.040382686605448,0.0680295385311836,-0.0415939676011463,0.0773657135582861,0.0391714056097498
5.83724371620004,0.0726515623233968,-0.00121565568275372,0.00467934234461818,0.040385305354409,0.0679722199787786,-0.0416009610371627,0.077330904668015,0.0391696496716553
5.83905035306671,0.072605518520218,-0.00121979648820081,0.00469061084720392,0.0403876466574787,0.0679149076730141,-0.0416074431456795,0.0772961293674219,0.0391678501692779
5.84085698993338,0.0725594957660904,-0.00122370387534427,0.00470189384440067,0.0403897100213968,0.0678576019216897,-0.041613413896741,0.0772613896104911,0.0391660061460525
5.84266362680004,0.0725134946409764,-0.00122738448753127,0.0047131917801657,0.0403915023060145,0.0678003028608107,-0.0416188867935457,0.0772266864211421,0.0391641178184832
5.84447026366671,0.0724675158881695,-0.00123084290388121,0.00472450521006477,0.0403930279335668,0.0677430106781048,-0.041623870837448,0.0771920210982343,0.0391621850296856
5.84627690053338,0.0724215606985569,-0.00123407955370016,0.0047358350006565,0.0403942863195823,0.0676857256979004,-0.0416283658732824,0.0771573956992134,0.0391602067658821
5.84808353740004,0.0723756295772968,-0.00123710136349347,0.0047471815425236,0.0403952847049812,0.0676284480347732,-0.0416323860684746,0.0771228111198204,0.0391581833414877
5.84989017426671,0.0723297232824913,-0.00123991266322135,0.00475854540113981,0.040396027222141,0.0675711778813515,-0.0416359398853623,0.0770882686836311,0.0391561145589196
5.85169681113338,0.0722838430697907,-0.00124251387089122,0.00476992749007111,0.0403965132163364,0.0675139155797195,-0.0416390270872276,0.0770537705598618,0.0391539993454452
5.85350344800004,0.0722379893600136,-0.00124491215076576,0.00478132813944434,0.0403967502676408,0.0674566612205693,-0.0416416624184066,0.077019317499458,0.0391518381168751
5.85531008486671,0.0721921629308393,-0.00124711160634619,0.00479274792818208,0.0403967422395327,0.0673994150026572,-0.0416438538458789,0.0769849108590213,0.0391496306331865
5.85711672173338,0.0721463651074475,-0.00124911266704312,0.00480418782039762,0.040396488427991,0.0673421772870498,-0.0416456010950342,0.0769505529278451,0.0391473757609479
5.85892335860004,0.0721005962167832,-0.00125092268947371,0.00481564807868112,0.0403959967103258,0.067284948138102,-0.0416469193997995,0.0769162442954643,0.0391450740208521
5.86072999546671,0.0720548570830729,-0.00125254544022998,0.00482712931461966,0.0403952705344397,0.0672277277684532,-0.0416478159746696,0.0768819863976925,0.0391427250942097
5.86253663233338,0.0720091490391835,-0.00125398178228111,0.00483863249938881,0.0403943096708786,0.0671705165397946,-0.0416482914531597,0.0768477815385723,0.0391403278885975
5.86434326920004,0.0719634723752611,-0.00125523881974247,0.00485015786798652,0.0403931217493678,0.0671133145072746,-0.0416483605691103,0.0768136302432476,0.0391378829296253
5.86614990606671,0.07191782795632,-0.00125632011294546,0.00486170606092523,0.0403917099524391,0.0670561218953947,-0.0416480300653846,0.0767795340172452,0.0391353898394937
5.86795654293338,0.0718722170926542,-0.00125722705673041,0.00487327803479733,0.0403900746613305,0.0669989390578568,-0.0416473017180609,0.0767454951274515,0.0391328476046001
5.86976317980004,0.0718266400631036,-0.00125796638169765,0.00488487401511345,0.0403882231010988,0.0669417660479901,-0.0416461894827965,0.076711514078217,0.0391302567194012
5.87156981666671,0.0717810977713281,-0.00125854151252302,0.00489649466999708,0.0403861582692105,0.066884603101331,-0.0416446997817336,0.0766775924413252,0.0391276167566875
5.87337645353338,0.0717355914955159,-0.001258954330517,0.00490814093437638,0.0403838811156792,0.0668274505611395,-0.0416428354461962,0.0766437324298923,0.0391249267851622
5.87518309040004,0.0716901215079664,-0.00125921121546464,0.00491981302781458,0.0403813984818509,0.0667703084801518,-0.0416406096973155,0.076609934535781,0.0391221872663863
5.87698972726671,0.071644688755754,-0.00125931547908817,0.00493151164958801,0.0403787132010862,0.066713177106166,-0.0416380286801743,0.076576200405342,0.039119397721998
5.87879636413338,0.0715992944754244,-0.00125926944376577,0.00494323770587815,0.0403758267502567,0.0666560567695463,-0.0416350961940224,0.0765425321813026,0.0391165573064909
5.88060300100004,0.0715539389375057,-0.0012590791611686,0.00495499141384324,0.0403727456079561,0.0665989475236625,-0.0416318247691247,0.0765089303513489,0.0391136664467875
5.88240963786671,0.0715086231372529,-0.00125874785276609,0.00496677350745046,0.0403694724643978,0.0665418496298025,-0.0416282203171639,0.0764753966447034,0.0391107246116317
5.88421627473338,0.0714633482600358,-0.00125827823660257,0.00497858485705624,0.0403660092813945,0.0664847634029796,-0.041624287517997,0.0764419331170921,0.0391077310447919
5.88602291160004,0.0714181145793771,-0.00125767605893535,0.00499042568095156,0.0403623621957468,0.0664276888984255,-0.0416200382546822,0.0764085402603286,0.0391046861368115
5.88782954846671,0.0713729231434811,-0.00125694447368252,0.00500229675133783,0.0403585337754775,0.0663706263921432,-0.04161547824916,0.0763752198948189,0.039101589301795
5.88963618533338,0.0713277638965086,-0.00125608654915252,0.00501421470727386,0.0403545264254252,0.0663135491892348,-0.0416106129745777,0.0763419786037825,0.0390984398762726
5.89144282220004,0.0712825878578795,-0.00125510774889019,0.00502624943852352,0.0403503459615543,0.066256338419356,-0.0416054537104445,0.076308837296403,0.0390952382126641
5.89324945906671,0.0712373895862085,-0.00125401118196291,0.00503841101835187,0.0403459948506576,0.0661989785678566,-0.0416000060326205,0.0762758006045604,0.0390919836686947
5.89505609593338,0.0711921703478434,-0.00125280022154097,0.00505069992449309,0.0403414758986803,0.0661414704233504,-0.0415942761202213,0.0762428702723365,0.0390886756771393
5.89686273280004,0.071146931737177,-0.00125148007115824,0.00506311454883552,0.040336794621711,0.0660838171883415,-0.0415882746928692,0.0762100462860125,0.0390853145505528
5.89866936966671,0.0711016749679178,-0.00125005381773251,0.00507565568659905,0.0403319534062699,0.0660260192813188,-0.0415820072240024,0.0761773306545169,0.0390818995885374
5.90047600653338,0.0710564013604695,-0.00124852509389353,0.00508832356917388,0.0403269554174923,0.0659680777912956,-0.0415754805113858,0.0761447249296434,0.0390784303235988
5.90228264340004,0.0710111124447828,-0.00124689886586549,0.00510111671580112,0.040321805892549,0.0659099957289816,-0.0415687047584145,0.0761122291605839,0.0390749070266835
5.90408928026671,0.0709658094528474,-0.00124517822111646,0.00511403603981023,0.0403165071586463,0.0658517734130372,-0.0415616853797628,0.0760798454926576,0.0390713289375298
5.90589591713338,0.0709204937433328,-0.00124336700633565,0.00512708152801091,0.0403110626981927,0.0657934122153219,-0.0415544297045284,0.0760475752713437,0.0390676956918571
5.90770255400004,0.0708751667896427,-0.00124146997313682,0.00514025182611528,0.0403054774903999,0.0657349149635274,-0.0415469474635367,0.076015418615758,0.0390640075172631
5.90950919086671,0.0708298298499432,-0.00123949023224095,0.00515354796468029,0.0402997538241188,0.0656762818852629,-0.0415392440563598,0.0759833778146234,0.0390602635918779
5.91131582773338,0.0707844843053793,-0.00123743179899246,0.00516696968769916,0.0402938954571141,0.0656175146176801,-0.0415313272561065,0.0759514539930784,0.0390564636581216
5.91312246460004,0.0707391315807027,-0.00123529923309779,0.00518051576647315,0.0402879071315959,0.0655586158142295,-0.0415232063646937,0.0759196473471758,0.0390526078984981
5.91492910146671,0.0706937729681509,-0.00123309569123059,0.00519418734790388,0.0402817911190197,0.065499585620247,-0.0415148868102503,0.0758879603160548,0.0390486954277891
5.91673573833338,0.0706484098555548,-0.00123082531198978,0.00520798393493328,0.0402755514105879,0.0654404259206215,-0.0415063767225777,0.0758563937904881,0.0390447260985981
5.91854237520004,0.0706030436269088,-0.00122849248587393,0.00522190442356934,0.0402691925324691,0.0653811392033394,-0.0414976850183431,0.0758249480504781,0.0390407000465952
5.92034901206671,0.0705576756164166,-0.00122610043821139,0.00523595007617596,0.0402627167596807,0.0653217255402406,-0.0414888171978921,0.0757936256925925,0.0390366163214693
5.92215564893338,0.070512307202805,-0.00122365338545278,0.00525012015640838,0.0402561282749465,0.0652621870463967,-0.0414797816603992,0.0757624273592134,0.0390324748894937
5.92396228580004,0.0704669397372067,-0.00122115557159058,0.00526441368409872,0.0402494314093517,0.065202526053108,-0.0414705869809423,0.0757313534213055,0.0390282758377611
5.92576892266671,0.0704215746036859,-0.00121861031330835,0.00527883203619136,0.0402426284624337,0.0651427425674946,-0.0414612387757421,0.0757004066398773,0.0390240181491254
5.92757555953338,0.070376213156076,-0.00121602185950685,0.00529337423881894,0.0402357237665216,0.0650828389172571,-0.0414517456260285,0.0756695873948949,0.0390197019070148
5.92938219640004,0.0703308567205423,-0.00121339433037315,0.00530803943475595,0.0402287214785752,0.0650228172857864,-0.0414421158089484,0.0756388961552983,0.0390153271482021
5.93118883326671,0.070285506738905,-0.00121073115664709,0.00532282911464485,0.040221623943611,0.0649626776242602,-0.0414323551002581,0.0756083358535499,0.0390108927869639
5.93299547013338,0.0702401645243137,-0.00120803657427753,0.00533774206886009,0.0402144356016457,0.0649024224554536,-0.0414224721759233,0.0755779065931738,0.0390063990273682
5.93480210700004,0.0701948313858617,-0.00120531460234728,0.00535277756223617,0.040207160456472,0.0648420538236255,-0.0414124750588193,0.0755476089480978,0.0390018458541248
5.93660874386671,0.0701495088310193,-0.00120256880835305,0.00536793719823137,0.0401998009195445,0.064781571632788,-0.0414023697278975,0.0755174460292507,0.0389972321111914
5.93841538073338,0.0701041981164638,-0.0011998033698902,0.00538321953322663,0.0401923614966502,0.0647209785832372,-0.0413921648665404,0.0754874176496904,0.03899255812676
5.94022201760004,0.0700589005421103,-0.0011970222276381,0.0053986239532339,0.0401848460593738,0.0646602765888764,-0.0413818682870119,0.0754575244953442,0.0389878238317357
5.94202865446671,0.0700136176889753,-0.00119422910855153,0.00541415217364554,0.0401772571065662,0.0645994655153297,-0.0413714862151177,0.0754277698626208,0.0389830279980146
5.94383529133338,0.0699683507414722,-0.00119142808647023,0.00542980251861304,0.0401695991678675,0.0645385482228592,-0.0413610272543377,0.0753981532600853,0.0389781710813972
5.94564192820004,0.0699231009982343,-0.00118862304637102,0.00544557449444435,0.0401618760036127,0.0644775265037899,-0.0413504990499837,0.0753686754926786,0.0389732529572417
5.94744856506671,0.0698778701217185,-0.00118581789736819,0.00546146992758258,0.0401540902210083,0.0644164001941359,-0.0413399081183764,0.0753393400493011,0.0389682723236401
5.94925520193338,0.0698326592082851,-0.001183016564143,0.00547748691171477,0.0401462463316294,0.0643551722965703,-0.0413292628957724,0.0753101461199999,0.0389632297674864
5.95106183880004,0.0697874695631795,-0.0011802228986715,0.00549362507256199,0.0401383480055209,0.0642938444906176,-0.0413185709041924,0.0752810946357415,0.0389581251068494
5.95286847566671,0.0697423029381947,-0.00117744101492796,0.00550988634673685,0.0401303979792024,0.0642324165914578,-0.0413078389941304,0.0752521892849315,0.0389529569642745
5.95467511253338,0.0696971603258481,-0.00117467464303412,0.00552626859922639,0.0401224007042681,0.0641708917266217,-0.0412970753473022,0.0752234289250745,0.0389477260612339
5.95648174940004,0.0696520430484594,-0.00117192762690328,0.00554277158587862,0.0401143597775798,0.0641092714625808,-0.0412862874044831,0.0751948146343381,0.0389424321506766
5.95828838626671,0.06960695294735,-0.00116920430135678,0.00555939731780393,0.0401062780974808,0.0640475556295461,-0.0412754823988376,0.075166350265154,0.038937073796124
5.96009502313338,0.0695618909031068,-0.00116650816326877,0.00557614346784263,0.0400981600021155,0.0639857474352642,-0.0412646681653843,0.0751380343709495,0.0389316518388467
5.96190166000004,0.0695168582881818,-0.00116384310181694,0.00559301001466208,0.0400900090164075,0.0639238482735197,-0.0412538521182245,0.0751098683028439,0.0389261659145906
5.96370829686671,0.0694718569581302,-0.00116121359677977,0.00560999872747795,0.0400818282921754,0.0638618582306522,-0.0412430418889552,0.0750818556856081,0.0389206146953956
5.96551493373338,0.0694268877490077,-0.00115862296497249,0.00562710740425829,0.0400736219415035,0.0637997803447494,-0.041232244906476,0.0750539951532659,0.038914998976531
5.96732157060004,0.0693819520714583,-0.00115607515337542,0.00564433613955536,0.0400653934828587,0.0637376159319029,-0.0412214686362341,0.0750262882110136,0.0389093183294832
5.96912820746671,0.0693370517794812,-0.0011535747413224,0.0056616864624539,0.0400571462796182,0.0636753653170272,-0.0412107210209406,0.0749987382419351,0.0389035715382958
5.97093484433338,0.0692921876724961,-0.00115112488827073,0.00567915629516852,0.0400488842387641,0.0636130313773276,-0.0412000091270348,0.0749713439676646,0.0388977593504934
5.97274148120004,0.0692473612072341,-0.00114872962170443,0.00569674584725297,0.0400406108932653,0.0635506153599811,-0.0411893405149698,0.0749441070544871,0.0388918812715609
5.97454811806671,0.0692025742203487,-0.00114639357511013,0.00571445640942681,0.0400323297761413,0.0634881178109219,-0.0411787233512514,0.0749170306297755,0.0388859362010312
5.97635475493338,0.0691578274825182,-0.00114411977328884,0.00573228602726814,0.0400240446102295,0.0634255414552501,-0.0411681643835183,0.0748901135097863,0.0388799248369407
5.97816139180004,0.0691131225044558,-0.00114191234692895,0.00575023502445024,0.0400157589639603,0.0633628874800056,-0.0411576713108892,0.074863357528906,0.0388738466170313
5.97996802866671,0.0690684610896789,-0.00113977593826836,0.00576830445509143,0.0400074764980764,0.0633001566345874,-0.0411472524363448,0.0748367655447703,0.0388677005598081
5.98177466553338,0.0690238439880199,-0.00113771346015236,0.0057864924872514,0.0399992007722317,0.0632373515007685,-0.041136914232384,0.0748103364752714,0.0388614873120793
5.98358130240004,0.0689792727720686,-0.00113572916917442,0.00580479955784166,0.0399909354112743,0.0631744732142269,-0.0411266645804488,0.0747840723299102,0.0388552062420999
5.98538793926671,0.0689347491964174,-0.00113382767092259,0.00582322648614269,0.0399826841617558,0.0631115227102747,-0.0411165118326784,0.0747579756825601,0.0388488564908333
5.98719457613338,0.0688902739979469,-0.00113201178898649,0.00584177156181406,0.0399744504411025,0.0630485024361328,-0.041106462230089,0.0747320455597609,0.038842438652116
5.98900121300004,0.0688458488190189,-0.00113028592856665,0.0058604353341221,0.0399662379515406,0.0629854134848968,-0.0410965238801072,0.074706284153141,0.0388359520229739
5.99080784986671,0.0688014753495101,-0.0011286546131981,0.00587921838927527,0.0399580504835117,0.0629222569602348,-0.0410867050967098,0.0746806937387854,0.0388293958703136
5.99261448673338,0.0687571543212452,-0.00112712059991677,0.00589811913765017,0.039949891333174,0.0628590351835951,-0.0410770119330907,0.0746552734588954,0.0388227707332572
5.99442112360004,0.0687128874542522,-0.0011256884652307,0.00591713823998634,0.0399417643010903,0.0627957492142659,-0.041067452766321,0.0746300256942385,0.0388160758358596
5.99622776046671,0.0686686763579031,-0.00112436260522051,0.00593627605118415,0.0399336731796755,0.0627324003067189,-0.0410580357848961,0.0746049524090872,0.038809310574455
5.99803439733338,0.0686245217668607,-0.00112314573306868,0.00595553110145495,0.0399256211647783,0.0626689906654057,-0.0410487668978469,0.0745800528683156,0.0388024754317096
5.99984103420004,0.0685804254867146,-0.00112204261929212,0.00597490416212934,0.039917612176256,0.0626055213245853,-0.0410396547955481,0.074555329648844,0.0387955695569639
6.00164767106671,0.0685363890305421,-0.0011210574871149,0.00599439535856396,0.0399096499665798,0.0625419936719781,-0.0410307074536947,0.074530784389106,0.0387885924794649
6.00345430793338,0.068492413143739,-0.00112019302856746,0.00601400333992313,0.0399017376522473,0.0624784098038159,-0.0410219306808148,0.0745064164836621,0.0387815446236798
6.00526094480004,0.0684484997253521,-0.00111945423087652,0.00603372898724607,0.0398938792933695,0.062414770738106,-0.041013333524246,0.0744822287125982,0.0387744250624929
6.00706758166671,0.0684046501763729,-0.00111884509900688,0.00605357219810985,0.0398860785605561,0.062351077978263,-0.041004923659563,0.0744582223744827,0.0387672334615492
6.00887421853338,0.0683608652608265,-0.00111836832653881,0.00607353173974966,0.0398783385119128,0.0622873335210768,-0.0409967068384517,0.0744343970005761,0.038759970185374
6.01068085540004,0.0683171469791101,-0.00111802914010894,0.00609360860203105,0.0398706633687626,0.0622235383770791,-0.0409886925088716,0.0744107555811412,0.0387526342286537
6.01248749226671,0.0682734966043417,-0.00111783128102196,0.00611380245651655,0.0398630566779369,0.0621596941478252,-0.0409808879589589,0.0743872990608583,0.0387452253969149
6.01429412913338,0.0682299149270685,-0.00111777746710782,0.00613411218762951,0.0398555214601072,0.062095802739439,-0.040973298927215,0.074364027114698,0.0387377439929994
6.01610076600004,0.0681864040569351,-0.00111787318711507,0.00615453889317939,0.0398480621187675,0.0620318651637557,-0.0409659353058826,0.0743409429501145,0.0387301889316524
6.01790740286671,0.068142965123394,-0.00111812187328536,0.00617508202047867,0.0398406820350537,0.0619678831029153,-0.0409588039083391,0.0743180471438727,0.0387225601617684
6.01971403973338,0.0680995989514112,-0.00111852629040018,0.0061957405702571,0.0398333842131623,0.0619038583811541,-0.0409519105035624,0.0742953395216683,0.0387148579227621
6.02152067660004,0.0680563077677723,-0.00111909177432944,0.00621651574738566,0.0398261738787042,0.0618397920203867,-0.0409452656530336,0.074272823515158,0.0387070821043747
6.02332731346671,0.0680130925424758,-0.00111981420438437,0.00623740677669148,0.0398190643853717,0.0617756857657843,-0.0409388785897561,0.0742504993191673,0.0386992501809874
6.02513395033338,0.0679699541428004,-0.00112069286249288,0.0062584127743276,0.0398120637658461,0.0617115413684728,-0.040932756628339,0.074228366917128,0.0386913709033532
6.02694058720004,0.0679268949205682,-0.00112173253298135,0.00627953505134495,0.0398051786847155,0.0616473598692232,-0.0409269112176968,0.0742064299719131,0.0386834461517341
6.02874722406671,0.0678839156705331,-0.00112293483379689,0.00630077261184954,0.03979841356499,0.0615831430586836,-0.0409213483987869,0.0741846882823826,0.0386754787311931
6.03055386093338,0.0678410173101821,-0.00112430163243228,0.00632212468653554,0.0397917729388575,0.0615188926236466,-0.0409160745712898,0.0741631419967177,0.0386674713064252
6.03236049780004,0.0677982145894974,-0.00112583798361241,0.00634361003740556,0.0397852638005472,0.0614546045520918,-0.0409111017841596,0.074141824626903,0.0386594258169348
6.03416713466671,0.0677555362734733,-0.00112754511675318,0.00636526727566374,0.039778890201382,0.0613902689978096,-0.0409064353181351,0.0741208035491371,0.0386513450846288
6.03597377153338,0.0677129828996,-0.00112942501748117,0.00638709512609834,0.0397726567155959,0.0613258877735016,-0.0409020817330771,0.0741000780256983,0.0386432316981148
6.03778040840004,0.067670555947253,-0.00113148302698259,0.00640909348849579,0.0397665706974019,0.0612614624587573,-0.0408980537243845,0.0740796494357488,0.0386350876704193
6.03958704526671,0.0676282536649518,-0.00113371995401365,0.00643125789254948,0.0397606357657499,0.0611969957724023,-0.0408943557197635,0.0740595115575013,0.0386269158117362
6.04139368213338,0.0675860752774206,-0.00113613791839873,0.0064535852259577,0.039754856567263,0.0611324900514629,-0.0408909944856617,0.0740396605033783,0.0386187186488643
6.04320031900004,0.0675440223685005,-0.00113874256385142,0.00647607542945381,0.0397492408464821,0.0610679469390467,-0.0408879834103335,0.0740200977979543,0.0386104982826306
6.04500695586671,0.0675020929584947,-0.00114153424633785,0.00649872380938033,0.0397437917292961,0.0610033691491144,-0.0408853259756339,0.0740008167678751,0.0386022574829583
6.04681359273338,0.067460286395878,-0.00114451523594514,0.00652152743583901,0.0397385139650617,0.060938758960039,-0.0408830292010069,0.073981813831717,0.0385939987291166
6.04862022960004,0.067418604366923,-0.00114769149497918,0.0065444862755869,0.0397334157189897,0.0608741180913361,-0.0408811072139689,0.0739630906425099,0.0385857242240106
6.05042686646671,0.0673770446677854,-0.00115106289448583,0.00656759544146291,0.0397284995632229,0.0608094492263225,-0.0408795624577088,0.0739446401092484,0.0385774366687371
6.05223350333338,0.0673356067686561,-0.0011546318708802,0.00659085217104976,0.0397237703801942,0.0607447545976064,-0.0408784022510744,0.0739264589397059,0.038569138509314
6.05404014020004,0.067294292456204,-0.00115840472112549,0.00661425644220099,0.0397192367861275,0.060680036014003,-0.040877641507253,0.073908548898405,0.038560832065002
6.05584677706671,0.0672530993065073,-0.00116237745831651,0.00663780320410415,0.0397148960139857,0.0606152961024032,-0.0408772734723022,0.0738909025106115,0.0385525185556692
6.05765341393338,0.0672120269621917,-0.00116643694431386,0.00666148990705794,0.0397105893663673,0.0605505370551337,-0.0408770263106811,0.0738735168692496,0.0385441524220534
6.05946005080004,0.0671710771500269,-0.00117051560758101,0.00668531634460334,0.0397062210936488,0.0604857608054236,-0.0408767367012298,0.0738563934946303,0.0385357054860677
6.06126668766671,0.0671302473883438,-0.00117461327627689,0.00670927751261039,0.0397017938110208,0.0604209698757334,-0.0408764070872977,0.0738395249009542,0.038527180534744
6.06307332453338,0.0670895375002726,-0.00117873013666838,0.00673337106155192,0.0396973089580288,0.0603561664387206,-0.0408760390946972,0.0738229085618245,0.0385185788213604
6.06487996140004,0.0670489489620748,-0.00118286664660191,0.00675759639810018,0.0396927672239357,0.0602913525639747,-0.0408756338705376,0.073806545360175,0.0385099005773337
6.06668659826671,0.0670084794269778,-0.00118702264435971,0.00678194878228845,0.0396881710867129,0.0602265306446894,-0.0408751937310727,0.0737904282092663,0.0385011484423532
6.06849323513338,0.0669681288316892,-0.00119119833615003,0.00680642597236974,0.0396835219424559,0.0601617028593194,-0.0408747202786059,0.0737745548040589,0.0384923236063058
6.07029987200004,0.0669278984060312,-0.00119539414881777,0.00683102701799835,0.0396788206521481,0.0600968713880328,-0.0408742148009658,0.0737589254240295,0.0384834265033303
6.07210650886671,0.066887785936093,-0.00119960993170494,0.00685574742844502,0.0396740695654904,0.060032038507648,-0.0408736794971953,0.073743533364538,0.0384744596337854
6.07391314573338,0.0668477914701248,-0.00120384591189816,0.00688058505481862,0.0396692700440775,0.0599672064153062,-0.0408731159559757,0.0737283765249434,0.0384654241321794
6.07571978260004,0.0668079159955794,-0.00120810248336803,0.00690553861960443,0.0396644231027148,0.059902377375975,-0.0408725255860829,0.0737134546151838,0.0384563206193468
6.07752641946671,0.0667681574293726,-0.0012123795074521,0.00693060386638653,0.0396595309717817,0.059837553562986,-0.0408719104792338,0.0736987612957591,0.0384471514643296
6.07933305633338,0.0667285159292629,-0.00121667723305327,0.00695577872420482,0.0396545949873221,0.0597727372050581,-0.0408712722203754,0.0736842946534677,0.0384379177542688
6.08113969320004,0.0666889922444024,-0.00122099601939204,0.0069810616182251,0.0396496163000642,0.0597079306261773,-0.0408706123194563,0.0736700538626275,0.0384286202806722
6.08294633006671,0.0666495844204998,-0.00122533574074069,0.00700644851141992,0.0396445970300154,0.0596431359090799,-0.0408699327707561,0.0736560329319197,0.0384192612892748
6.08475296693338,0.0666102927227867,-0.00122969666875451,0.00703193739583516,0.0396395384966178,0.0595783553269515,-0.0408692351653723,0.0736422301186219,0.0384098418278632
6.08655960380004,0.0665711176661838,-0.00123407912603006,0.00705752642916686,0.0396344419686247,0.059513591237017,-0.0408685210946547,0.0736286440953507,0.0384003628425946
6.08836624066671,0.066532057423158,-0.00123848300071057,0.00708321177885161,0.0396293094646202,0.0594488456443064,-0.0408677924653308,0.0736152692020096,0.0383908264639096
6.09017287753338,0.0664931123643792,-0.00124290858814141,0.00710899148501617,0.0396241422963936,0.0593841208793631,-0.040867050884535,0.0736021038493954,0.0383812337082522
6.09197951440004,0.0664542827746069,-0.00124735617242133,0.00713486346773687,0.0396189418328247,0.0593194193068701,-0.040866298005246,0.0735891462423438,0.0383715856604034
6.09378615126671,0.0664155669510305,-0.00125182565650143,0.00716082408398809,0.0396137100000243,0.0592547428670424,-0.0408655356565257,0.0735763910350185,0.0383618843435229
6.09559278813338,0.0663769653677242,-0.001256317360354,0.00718687140705451,0.0396084481110775,0.0591900939606697,-0.0408647654714316,0.0735638367747787,0.0383521307507235
6.09739942500004,0.0663384780833549,-0.00126083152770572,0.00721300314924101,0.0396031576170927,0.0591254749341139,-0.0408639891447984,0.0735514812325959,0.0383423260893869
6.09920606186671,0.0663001035178006,-0.00126536807725269,0.00723921584213656,0.0395978403606562,0.0590608876756641,-0.0408632084379089,0.0735393193599372,0.0383324722834035
6.10101269873338,0.0662618422465049,-0.00126992735453166,0.00726550757725688,0.0395924976650985,0.058996334669248,-0.0408624250196302,0.0735273498237618,0.0383225703105669
6.10281933560004,0.0662236941061112,-0.00127450956102288,0.00729187588898623,0.0395871310458575,0.0589318182171249,-0.0408616406068804,0.0735155699950974,0.0383126214848346
6.10462597246671,0.0661856576371517,-0.0012791146321045,0.0073183174686031,0.0395817422709442,0.0588673401685486,-0.0408608569030487,0.0735039751057548,0.0383026276388397
6.10643260933338,0.0661477335144044,-0.0012837429398145,0.00734483041092999,0.0395763326828847,0.0588029031034744,-0.0408600756226992,0.0734925639253344,0.0382925897430702
6.10823924620004,0.0661099213565591,-0.00128839464151242,0.00737141210227962,0.0395709038435474,0.0587385092542795,-0.0408592984850598,0.0734813334588387,0.038282509202035
6.11004588306671,0.066072219822767,-0.00129306969019615,0.00739805937869464,0.0395654574553174,0.0586741604440723,-0.0408585271455136,0.0734702792014616,0.0382723877651213
6.11185251993338,0.0660346296851062,-0.00129776848534182,0.00742477032338043,0.0395599948888646,0.0586098593617258,-0.0408577633742065,0.0734594000084866,0.0382622264035228
6.11365915680004,0.0659971503483818,-0.00130249113831422,0.00745154220442711,0.0395545177345908,0.0585456081439546,-0.0408570088729051,0.0734486925528089,0.0382520265962766
6.11546579366671,0.0659597805883296,-0.0013072376206675,0.00747837198771778,0.0395490276382041,0.0584814086006119,-0.0408562652588716,0.0734381525760474,0.0382417900175366
6.11727243053338,0.0659225212722934,-0.00131200836025337,0.0075052577299147,0.0395435260074673,0.0584172635423787,-0.0408555343677207,0.0734277790022081,0.038231517647214
6.11907906740004,0.0658853715952626,-0.00131680342056775,0.00753219661073587,0.0395380144434164,0.0583531749845267,-0.0408548178639841,0.0734175682059984,0.0382212110228486
6.12088570426671,0.0658483304475233,-0.00132162279265802,0.00755918571097921,0.0395324945440323,0.0582891447365441,-0.0408541173366903,0.0734075161585025,0.0382108717513743
6.12269234113338,0.0658113987896496,-0.00132646693368886,0.00758622304583958,0.0395269677631204,0.05822517574381,-0.0408534346968093,0.0733976218354891,0.0382005008294316
6.12449897800004,0.065774575610885,-0.00133133585741254,0.00761330573651226,0.0395214356944526,0.0581612698743727,-0.0408527715518652,0.0733878813473972,0.0381900998370401
6.12630561486671,0.065737859914031,-0.00133622957530752,0.0076404309637855,0.039515899897231,0.0580974289502455,-0.0408521294725385,0.0733782908778165,0.0381796703219235
6.12811225173338,0.0657012527508576,-0.00134114857478791,0.00766759668646164,0.0395103618802529,0.058033656064396,-0.0408515104550408,0.0733688494373193,0.038169213305465
6.12991888860004,0.0656647529089321,-0.00134609281798862,0.00769479999706319,0.0395048232121277,0.0579699529118689,-0.0408509160301163,0.0733595529059953,0.038158730394139
6.13172552546671,0.0656283595015363,-0.00135106233775588,0.00772203816144303,0.0394992854222287,0.0579063213400933,-0.0408503477599846,0.0733503976629793,0.0381482230844729
6.13353216233338,0.0655920736696015,-0.00135605765269027,0.00774930906708742,0.0394937500832936,0.057842764602514,-0.0408498077359839,0.0733413827366889,0.0381376924306033
6.13533879920004,0.0655558940030875,-0.00136107867143552,0.00777660980769498,0.0394882187208708,0.0577792841953925,-0.0408492973923063,0.0733325038107825,0.0381271400494352
6.13714543606671,0.0655198197237223,-0.00136612544914243,0.00780393771925899,0.0394826928434535,0.0577158820044633,-0.0408488182925959,0.0733237574429813,0.038116567394311
6.13895207293338,0.0654838520595638,-0.00137119853653571,0.00783129060302399,0.0394771740966703,0.0576525614565398,-0.0408483726332061,0.0733151426625878,0.0381059755601346
6.14075870980004,0.0654479894070342,-0.00137629778689279,0.00785866558371446,0.0394716639451099,0.0575893238233197,-0.0408479617320026,0.0733066549907486,0.0380953661582171
6.14256534666671,0.0654122310942722,-0.00138142327860695,0.00788606005253985,0.0394661638853345,0.0575261710417324,-0.0408475871639415,0.0732982911468121,0.0380847406067276
6.14437198353338,0.0653765784344282,-0.0013865755954636,0.00791347170957754,0.0394606756448119,0.0574631067248507,-0.0408472512402756,0.0732900501440057,0.0380741000493483
6.14617862040005,0.0653410296344556,-0.0013917545335003,0.00794089774042828,0.0394552006092733,0.0574001318940274,-0.0408469551427736,0.0732819273748839,0.038063446075773
6.14798525726671,0.0653055841268697,-0.00139696019528915,0.00796833557659182,0.0394497402722995,0.0573372485502779,-0.0408467004675886,0.0732739197034616,0.0380527800770103
6.14979189413338,0.0652702433078781,-0.00140219319861388,0.00799578280205507,0.0394442964521468,0.057274460505823,-0.0408464896507607,0.0732660261099331,0.0380421032535329
6.15159853100004,0.065235005199035,-0.00140745328039763,0.00802323669314297,0.0394388704377898,0.057211768505892,-0.0408463237181875,0.0732582418921779,0.0380314171573922
6.15340516786671,0.0651998693351977,-0.00141274056832865,0.00805069470672212,0.0394334637287777,0.0571491746284756,-0.0408462042971063,0.0732505640419198,0.038020723160449
6.15521180473338,0.0651648371935967,-0.00141805571512624,0.00807815429576306,0.0394280782431035,0.0570866828978336,-0.0408461339582297,0.0732429914893598,0.0380100225279772
6.15701844160004,0.0651299066144559,-0.00142339839672452,0.00810561285716517,0.0394227151550881,0.0570242937572907,-0.0408461135518126,0.0732355194716211,0.0379993167583635
6.15882507846671,0.0650950773116125,-0.00142876878859126,0.00813306785345641,0.0394173759990523,0.0569620094581561,-0.0408461447876435,0.0732281451650689,0.037988607210461
6.16063171533338,0.0650603506052673,-0.00143416751414012,0.0081605166060079,0.0394120627421106,0.0568998339992594,-0.0408462302562507,0.0732208672112752,0.0379778952279704
6.16243835220004,0.0650257243944012,-0.00143959425162055,0.00818795664780186,0.0394067764855964,0.0568377677465993,-0.040846370737217,0.0732136810422031,0.0379671822339759
6.16424498906671,0.06499119850869,-0.00144504920969204,0.00821538542225457,0.0394015188006569,0.0567758130864354,-0.0408465680103489,0.0732065839309445,0.0379564695909648
6.16605162593338,0.064956774056573,-0.00145053296479532,0.0082428001480966,0.0393962916735965,0.0567139739084764,-0.0408468246383918,0.0731995742046696,0.0379457587088012
6.16785826280004,0.0649224490525546,-0.00145604521422531,0.0082701984803592,0.0393910961537432,0.0566522505721954,-0.0408471413679685,0.0731926475329138,0.0379350509395179
6.16966489966671,0.0648882234205131,-0.00146158619550632,0.00829757782812597,0.0393859338540087,0.0565906455923871,-0.040847520049515,0.0731858012486391,0.0379243476585024
6.17147153653338,0.0648540980611975,-0.00146715643623152,0.00832493533733555,0.0393808067619897,0.056529162723862,-0.0408479631982212,0.0731790333985331,0.0379136503257582
6.17327817340005,0.0648200711025992,-0.00147275565367868,0.00835226877014424,0.0393757158839572,0.056467802332455,-0.0408484715376358,0.0731723398727435,0.0379029602302785
6.17508481026671,0.0647861425607658,-0.00147838411517378,0.00837957548637733,0.0393706628835369,0.0564065670743885,-0.0408490469987107,0.0731657180471432,0.0378922787683631
6.17689144713338,0.0647523131328239,-0.00148404229758851,0.00840685258903179,0.0393656497317188,0.0563454605437921,-0.0408496920293073,0.0731591657218557,0.0378816074341303
6.17869808400004,0.0647185810582186,-0.00148972993912027,0.00843409793246335,0.0393606774006668,0.0562844831257552,-0.0408504073397871,0.0731526789906819,0.0378709474615465
6.18050472086671,0.0646849464431309,-0.00149544733783414,0.00846130881231513,0.0393557476136697,0.0562236376308158,-0.0408511949515038,0.0731462552554461,0.0378603002758355
6.18231135773338,0.0646514097851355,-0.00150119491800574,0.00848848231849155,0.039350862307212,0.0561629274666439,-0.0408520572252178,0.073139892103627,0.0378496673892063
6.18411799460004,0.0646179694330957,-0.00150697243968968,0.00851561638262318,0.0393460224283004,0.0561023530504725,-0.0408529948679901,0.0731335858157189,0.0378390499886108
6.18592463146671,0.064584625581292,-0.00151278023262692,0.00854270822124602,0.0393412297688356,0.056041917360046,-0.0408540100014625,0.073127333802538,0.0378284495362087
6.18773126833338,0.0645513785318156,-0.00151861866662297,0.00856975494102162,0.0393364862128983,0.055981623590794,-0.0408551048795212,0.0731211334728372,0.0378178675462753
6.18953790520004,0.064518226740914,-0.00152448752452682,0.0085967545359307,0.0393317926912866,0.0559214722049833,-0.0408562802158134,0.0731149812768447,0.0378073051667598
6.19134454206671,0.0644851704889321,-0.00153038716869192,0.00862370412847675,0.0393271510734627,0.0558614663604554,-0.0408575382421546,0.0731088746174089,0.0377967639047708
6.19315117893338,0.0644522098865476,-0.00153631791258007,0.00865060087192877,0.0393225631732057,0.0558016090146188,-0.0408588810857858,0.0731028107584764,0.0377862452606257
6.19495781580004,0.0644193434953567,-0.00154227956277101,0.00867744280769219,0.0393180299140539,0.0557419006876645,-0.0408603094768249,0.0730967863030489,0.0377757503512829
6.19676445266671,0.0643865716797348,-0.00154827251516877,0.00870422694931422,0.0393135532519799,0.0556823447304206,-0.0408618257671487,0.073090798629049,0.0377652807368112
6.19857108953338,0.0643538943630147,-0.00155429702501642,0.00873095052651939,0.0393091349125628,0.0556229438364953,-0.0408634319375792,0.0730848448895341,0.0377548378875464
6.20037772640005,0.0643213102101074,-0.00156035292356203,0.00875761161321438,0.0393047758210306,0.055563698596893,-0.0408651287445927,0.0730789218233218,0.0377444228974686
6.20218436326671,0.0642888196673834,-0.00156644064119713,0.0087842070990645,0.0393004780288159,0.0555046125683189,-0.040866918670013,0.0730730267664478,0.0377340373876188
6.20399100013338,0.0642564205921746,-0.00157256037307192,0.00881073698267612,0.0392962431553984,0.0554456836094985,-0.0408688035284703,0.0730671575748508,0.0377236827823264
6.20579763700005,0.0642241032859866,-0.0015787119760398,0.00883721132640562,0.0392920721366456,0.055386891959581,-0.0408707841126854,0.0730613146123922,0.0377133601606058
6.20760427386671,0.0641918658854532,-0.00158489591591666,0.00886363026065285,0.0392879671283987,0.0553282356248004,-0.0408728630443154,0.0730554961461061,0.0377030712124821
6.20941091073338,0.0641597066499194,-0.00159111232588599,0.00888999309821316,0.0392839296261409,0.0552697135517062,-0.0408750419520269,0.0730496997481326,0.0376928173002549
6.21121754760004,0.0641276232724557,-0.00159736108934382,0.00891629959119546,0.039279960585327,0.0552113236812603,-0.0408773216746708,0.0730439228636512,0.0376825994959832
6.21302418446671,0.0640956148895677,-0.00160364270846715,0.00894254841244039,0.0392760622751573,0.0551530664771273,-0.0408797049836244,0.0730381633020081,0.0376724195666901
6.21483082133338,0.0640636796224252,-0.00160995725259865,0.00896873898847759,0.0392722360492183,0.0550949406339476,-0.040882193301817,0.0730324186109027,0.0376622787966197
6.21663745820004,0.0640318152786158,-0.00161630463261359,0.00899487103466618,0.0392684828915035,0.0550369442439496,-0.0408847875241171,0.073026686313282,0.0376521782588899
6.21844409506671,0.0640000210087171,-0.00162268538798814,0.0090209431426174,0.0392648051935198,0.0549790778660997,-0.040887490581508,0.0730209641513345,0.0376421198055317
6.22025073193338,0.0639682948148959,-0.00162909952234917,0.00904695486108483,0.0392612041490598,0.054921339953811,-0.040890303671409,0.0730152496759807,0.0376321046267107
6.22205736880005,0.0639366346096711,-0.00163554697498895,0.00907290586443339,0.0392576807796036,0.0548637287452377,-0.0408932277545925,0.0730095404741044,0.0376221338046146
6.22386400566671,0.0639050395481052,-0.00164202832361938,0.0090987946587995,0.0392542376079146,0.0548062448893057,-0.040896265931534,0.0730038342069047,0.0376122092842952
6.22567064253338,0.0638735075325358,-0.00164854350427767,0.0091246209236506,0.0392508756500935,0.0547488866088852,-0.0408994191543712,0.0729981284561864,0.0376023321458159
6.22747727940005,0.0638420365708255,-0.0016550924856098,0.00915038428811287,0.0392475959740557,0.0546916522827126,-0.0409026884596655,0.0729924208589383,0.0375925034884459
6.22928391626671,0.0638106258129366,-0.00166167588450053,0.00917608316860183,0.0392444012427707,0.0546345426443348,-0.0409060771272712,0.0729867089815384,0.0375827253582701
6.23109055313338,0.0637792730805486,-0.00166829356752334,0.00920171738379034,0.0392412922767481,0.0545775556967582,-0.0409095858442714,0.0729809904643389,0.0375729987092247
6.23289719000005,0.0637479764672831,-0.00167494553361534,0.00922728651331984,0.0392382701992883,0.0545206899539632,-0.0409132157329036,0.0729752629806029,0.037563324665673
6.23470382686671,0.0637167351084149,-0.00168163243977125,0.00925278887964018,0.0392353378225162,0.0544639462287747,-0.0409169702622875,0.0729695239880551,0.037553705382745
6.23651046373338,0.0636855467641386,-0.00168835408122632,0.00927822444911976,0.0392324957534518,0.0544073223150189,-0.0409208498346781,0.0729637712132584,0.0375441416722254
6.23831710060005,0.063654409604248,-0.00169511048814564,0.00930359274766979,0.0392297451797298,0.0543508168565782,-0.0409248556678755,0.0729580023519178,0.0375346346915842
6.24012373746671,0.0636233227397441,-0.00170190235857104,0.00932889199953016,0.0392270890715796,0.0542944307402139,-0.0409289914301507,0.0729522147392743,0.0375251867130086
6.24193037433338,0.0635922838885098,-0.00170872941452596,0.00935412232725426,0.0392245278046334,0.0542381615612555,-0.0409332572191594,0.072946406215764,0.0375157983901075
6.24373701120004,0.0635612912869241,-0.0017155917183403,0.00937928319877851,0.039222062639809,0.0541820080881456,-0.0409376543581493,0.0729405744857026,0.0375064709214687
6.24554364806671,0.0635303440121285,-0.00172249001004002,0.00940437273588735,0.0392196967143898,0.0541259712762411,-0.0409421867244299,0.0729347167480158,0.0374972067043498
6.24735028493338,0.0634994397588661,-0.001729423936562,0.0094293912258094,0.0392174301547212,0.0540700485330567,-0.0409468540912832,0.0729288309846755,0.0374880062181592
6.24915692180005,0.0634685768205155,-0.00173639359333887,0.00945433807426158,0.0392152643039545,0.054014238746254,-0.0409516578972934,0.0729229148947771,0.0374788707106157
6.25096355866671,0.063437754230772,-0.00174339976331749,0.00947921129632703,0.0392132024753749,0.053958542934445,-0.0409566022386924,0.072916965527099,0.0374698027120574
6.25277019553338,0.0634069696804115,-0.00175044201647435,0.00950401135240086,0.0392112445281439,0.0539029583280106,-0.0409616865446183,0.0729109810328124,0.0374608025116696
6.25457683240005,0.0633762215154217,-0.00175752048772312,0.00952873757057924,0.0392093919125815,0.0538474839448425,-0.0409669124003046,0.072904959086001,0.0374518714248584
6.25638346926671,0.0633455087008784,-0.00176463598754317,0.00955338788846495,0.0392076480789635,0.0537921208124135,-0.0409722840665067,0.0728988965893434,0.0374430120914203
6.25819010613338,0.0633148289583503,-0.00177178802340232,0.00957796291464407,0.0392060126493296,0.0537368660437063,-0.0409778006727319,0.0728927918729944,0.0374342246259273
6.25999674300005,0.0632841806946962,-0.00177897679566223,0.00960246184270196,0.0392044872672245,0.0536817188519942,-0.0409834640628868,0.0728866425373982,0.0374255104715623
6.26180337986671,0.0632535627276523,-0.00178620305185696,0.00962688271991668,0.0392030752495841,0.0536266800077356,-0.0409892783014411,0.0728804454475689,0.0374168721977272
6.26361001673338,0.0632229728978865,-0.00179346632648585,0.00965122612015445,0.0392017762427073,0.053571746777732,-0.0409952425691931,0.0728741990180409,0.0374083099162214
6.26541665360005,0.0631924096309119,-0.00180076811187599,0.00967549115780046,0.0392005937831688,0.0535169184731114,-0.0410013618950447,0.0728679007887124,0.0373998256712928
6.26722329046671,0.0631618716162972,-0.00180814987913375,0.00969967599829773,0.0391995538074797,0.0534621956179995,-0.0410077036866135,0.0728615476145949,0.037391403928346
6.26902992733338,0.0631313568042238,-0.00181564747512762,0.00972378117654778,0.0391986327188303,0.053407575627676,-0.041014280193958,0.0728551379807716,0.0373829852437027
6.27083656420004,0.0631008636292727,-0.00182326049322215,0.00974780572348998,0.039197827815353,0.0533530579057827,-0.0410210883085752,0.0728486693527627,0.0373745673221309
6.27264320106671,0.0630703906720174,-0.00183098848724686,0.00977174793122351,0.0391971388214436,0.0532986427407939,-0.0410281273086905,0.0728421386032409,0.0373661503341967
6.27444983793338,0.0630399359825665,-0.0018388279544102,0.0097956082914395,0.039196562379143,0.0532443276911271,-0.0410353903335533,0.072835544274006,0.0373577344247328
6.27625647480005,0.0630094979949826,-0.00184677755988648,0.0098193857473864,0.0391960973157089,0.0531901122475963,-0.0410428748755954,0.072828883742369,0.0373493197558225
6.27806311166671,0.0629790752000169,-0.00185483658158993,0.00984307872630966,0.0391957430827459,0.0531359964737072,-0.0410505796643358,0.0728221539263265,0.037340906501156
6.27986974853338,0.0629486657381186,-0.00186300170414454,0.00986668767244509,0.039195496503779,0.0530819780656735,-0.0410584982079235,0.0728153534105637,0.0373324947996344
6.28167638540005,0.0629182680332457,-0.00187127167078832,0.00989021143710524,0.0391953564878583,0.0530280565961405,-0.0410666281586466,0.0728084794703509,0.03732408481707
6.28348302226671,0.0628878805054996,-0.00187964550439241,0.00991364859117173,0.0391953222328264,0.0529742319143278,-0.0410749677372188,0.0728015290966713,0.037315676728434
6.28528965913338,0.0628575013760841,-0.00188812006656,0.00993699952718033,0.0391953907341773,0.0529205018489038,-0.0410835108007373,0.0727945009032644,0.0373072706676173
6.28709629600005,0.0628271290492661,-0.0018966941681567,0.0099602630002618,0.0391955609732403,0.0528668660490043,-0.0410922551413971,0.0727873920495279,0.0372988668050836
6.28890293286671,0.0627967618936696,-0.00190536659788329,0.00998343773342538,0.039195831913124,0.0528133241602442,-0.0411011985110073,0.072780199627095,0.0372904653152407
6.29070956973338,0.0627663982016671,-0.00191413438388593,0.0100065240632605,0.0391962007117772,0.0527598741384066,-0.0411103350956632,0.0727729222649276,0.0372820663278913
6.29251620660005,0.0627360363482477,-0.00192299639422107,0.010029520644472,0.0391966664132942,0.0527065157037757,-0.0411196628075152,0.0727655569927196,0.0372736700190731
6.29432284346671,0.062705674669731,-0.00193195120429219,0.0100524263606862,0.0391972277650781,0.0526532483090448,-0.0411291789693702,0.0727581010304172,0.0372652765607859
6.29612948033338,0.0626753115200715,-0.00194099599835157,0.0100752414883014,0.039197882078018,0.05260007003177,-0.0411388780763695,0.0727505530083729,0.0372568860796664
6.29793611720005,0.0626449452353944,-0.00195012969121062,0.0100979645773512,0.0391986284494589,0.0525469806580431,-0.0411487581406695,0.0727429098127456,0.0372484987582483
6.29974275406671,0.0626145741388878,-0.00195935066584784,0.0101205946805693,0.0391994654301277,0.0524939794583185,-0.0411588160959756,0.072735168819457,0.0372401147642799
6.30154939093338,0.0625841966365014,-0.00196865625218602,0.0101431320099182,0.039200390474339,0.0524410646265832,-0.0411690467265251,0.0727273286464195,0.037231734222153
6.30335602780005,0.0625538110159105,-0.00197804540135453,0.010165575006515,0.0392014027231744,0.0523882360093955,-0.0411794481245289,0.0727193860224255,0.0372233573218198
6.30516266466671,0.0625234156063441,-0.00198751632477994,0.0101879229006907,0.039202500549712,0.0523354927056535,-0.041190016874492,0.0727113385070348,0.0372149842249321
6.30696930153338,0.0624930088561609,-0.00199706648761855,0.0102101758357269,0.0392036815421791,0.052282833020434,-0.0412007480297977,0.0727031846918878,0.0372066150545606
6.30877593840005,0.0624625889950001,-0.00200669486688222,0.0102323321395788,0.0392049448758797,0.0522302568554213,-0.0412116397427619,0.0726949211345789,0.0371982500089975
6.31058257526671,0.0624321543773038,-0.00201639952331743,0.0102543912286656,0.0392062887652706,0.0521777631486382,-0.0412226882885881,0.0726865456059694,0.0371898892419532
6.31238921213338,0.062401703484254,-0.00202617804687826,0.0102763531733425,0.0392077109229781,0.0521253503109114,-0.0412338889698564,0.0726780566575965,0.0371815328760999
6.31419584900005,0.062371234477867,-0.0020360294300226,0.0102982161841583,0.0392092105490135,0.0520730182937087,-0.0412452399790361,0.0726694506620253,0.0371731811189909
6.31600248586671,0.062340745756971,-0.00204595160368959,0.0103199798721097,0.0392107857182424,0.0520207658848613,-0.041256737321932,0.0726607256290807,0.0371648341145528
6.31780912273338,0.0623102358259847,-0.00205594227219471,0.010341644230381,0.0392124342581744,0.0519685915956036,-0.0412683765303691,0.0726518800563657,0.0371564919859797
6.31961575960005,0.0622797027697151,-0.0020660004330051,0.010363207347869,0.0392141553840151,0.0519164954218461,-0.0412801558170202,0.0726429101175841,0.03714815495101
6.32142239646671,0.0622491450505498,-0.00207612390812561,0.0103846690386387,0.0392159470500666,0.0518644760119112,-0.0412920709581922,0.0726338140891885,0.037139823141941
6.32322903333338,0.0622185611865569,-0.00208631050579686,0.0104060292144581,0.0392178071892081,0.0518125319720988,-0.0413041176950049,0.072624590401015,0.0371314966834112
6.32503567020005,0.062187949175749,-0.00209655921805895,0.0104272858383264,0.0392197350223243,0.0517606633374225,-0.0413162942403832,0.0726152350140754,0.0371231758042653
6.32684230706671,0.0621573075632441,-0.0021068677788548,0.0104484389358679,0.0392217284021827,0.0517088686273762,-0.0413285961810375,0.0726057464991119,0.0371148606233279
6.32864894393338,0.0621266348711748,-0.00211723408991402,0.0104694883331888,0.0392237853575175,0.051657146537986,-0.0413410194474315,0.0725961232043636,0.0371065512676035
6.33045558080005,0.0620959290011721,-0.0021276571274133,0.0104904318631461,0.0392259051053798,0.051605497138026,-0.0413535622327931,0.0725863608643182,0.0370982479779665
6.33226221766671,0.062065188600258,-0.00213813455810651,0.010511269771413,0.0392280854160297,0.0515539188288449,-0.0413662199741363,0.072576458371671,0.0370899508579232
6.33406885453338,0.0620344121850427,-0.00214866436677523,0.0105320017941892,0.0392303244045428,0.0515024103908535,-0.041378988771318,0.0725664139792319,0.0370816600377676
6.33587549140005,0.0620035975511888,-0.0021592455032973,0.0105526256299435,0.0392326212746211,0.0514509719212453,-0.0413918667779184,0.0725562231811324,0.0370733757713238
6.33768212826671,0.0619727434667955,-0.00216987558810963,0.0105731417528893,0.0392349737330469,0.0513996017139062,-0.0414048493211565,0.0725458852196849,0.0370650981449372
6.33948876513338,0.0619418484333639,-0.00218055267861004,0.0105935498050742,0.0392373799717223,0.0513482986282897,-0.0414179326503324,0.0725353982384381,0.0370568272931123
6.34129540200005,0.0619109101310032,-0.00219127568794038,0.0106138473463344,0.0392398391714872,0.0512970627846688,-0.0414311148594276,0.0725247574773376,0.0370485634835468
6.34310203886671,0.0618799274680606,-0.00220204221109384,0.0106340350879128,0.0392423489946733,0.0512458923801478,-0.0414443912057671,0.0725139625559734,0.0370403067835795
6.34490867573338,0.0618488989213432,-0.00221285036764758,0.0106541125734597,0.039244907700496,0.0511947863478834,-0.0414577580681436,0.0725030114948029,0.0370320573328485
6.34671531260005,0.061817822045819,-0.00222369902357171,0.0106740772199343,0.0392475144374174,0.0511437448258847,-0.0414712134609891,0.0724918992657533,0.0370238154138457
6.34852194946671,0.0617866959092574,-0.00223458576928794,0.0106939299840988,0.0392501668423484,0.0510927659251587,-0.0414847526116364,0.0724806258933562,0.0370155810730605
6.35032858633338,0.061755518954184,-0.00224550877611684,0.0107136703069615,0.0392528632323027,0.0510418486472225,-0.0414983720084195,0.0724691892611456,0.0370073544561858
6.35213522320005,0.0617242886008405,-0.00225646685242059,0.0107332954583586,0.0392556027138511,0.0509909931424818,-0.0415120695662717,0.0724575840591991,0.0369991358614305
6.35394186006671,0.06169300409559,-0.00226745760492133,0.0107528066490628,0.0392583829175112,0.0509401974465273,-0.0415258405224326,0.0724458107446528,0.0369909253125899
6.35574849693338,0.0616616638088721,-0.002278479260548,0.0107722031564875,0.0392612022269905,0.0508894606523845,-0.0415396814875385,0.0724338669653596,0.0369827229664425
6.35755513380005,0.0616302651012715,-0.00228953051671596,0.0107914822692229,0.0392640596422271,0.0508387828320486,-0.0415535901589431,0.0724217473704944,0.0369745291255112
6.35936177066671,0.0615988073322623,-0.00230060906022333,0.0108106452904202,0.0392669528616013,0.0507881620418422,-0.0415675619218246,0.0724094526226825,0.0369663438013779
6.36116840753338,0.0615672887840088,-0.00231171315500372,0.0108296913276901,0.0392698803184372,0.0507375974563186,-0.0415815934734409,0.0723969801116989,0.0369581671634334
6.36297504440005,0.0615357068523162,-0.00232284135868733,0.0108486178601428,0.0392728408639852,0.0506870889921735,-0.0415956822226725,0.072384324712459,0.0369499995052979
6.36478168126671,0.0615040609244785,-0.00233399147742296,0.0108674261157866,0.0392758323160574,0.0506366348086919,-0.0416098237934804,0.0723714870402651,0.0369418408386345
6.36658831813338,0.0614723552983208,-0.00234516178514245,0.0108861236927497,0.0392788531277202,0.050586231605571,-0.0416240149128626,0.0723584789910705,0.0369336913425777
6.36839495500005,0.0614407255526377,-0.00235635072056386,0.010904903612484,0.0392819020205641,0.0505358219401536,-0.041638252741128,0.0723456291651217,0.0369255513000003
6.37020159186671,0.0614092265422661,-0.00236755619874957,0.0109238454407789,0.0392849769223191,0.0504853811014872,-0.0416525331210687,0.0723330719830449,0.0369174207235696
6.37200822873338,0.0613778563883373,-0.00237877649319358,0.0109429480329957,0.0392880762962789,0.0504349083553416,-0.0416668527894724,0.0723208044213329,0.0369092998030853
6.37381486560005,0.0613466141628711,-0.00239000994457478,0.0109622114643159,0.0392911987534034,0.0503844026985552,-0.0416812086979782,0.072308825627187,0.0369011888088287
6.37562150246671,0.0613154956683306,-0.0024012545664326,0.0109816316920007,0.0392943423218252,0.0503338639763299,-0.0416955968882578,0.0722971273603313,0.0368930877553926
6.37742813933338,0.0612844991178308,-0.00241250862138673,0.0110012077032067,0.0392975054655524,0.0502832914146241,-0.0417100140869391,0.0722857068210375,0.0368849968441657
6.37923477620005,0.0612536232704583,-0.00242377037294918,0.0110209392153986,0.0393006867039419,0.0502326840550597,-0.0417244570768911,0.0722745624858569,0.0368769163309927
6.38104141306671,0.0612228641496254,-0.00243503792270088,0.0110408224117592,0.0393038841560156,0.0501820417378662,-0.0417389220787165,0.0722636865613847,0.0368688462333147
6.38284804993338,0.0611922200468246,-0.00244630951195072,0.0110608564013092,0.0393070962769804,0.0501313636455154,-0.0417534057889311,0.0722530764481338,0.0368607867650297
6.38465468680005,0.0611616894354222,-0.00245758334791644,0.0110810405636587,0.0393103215136193,0.0500806488717635,-0.0417679048615358,0.0722427299990809,0.0368527381657029
6.38646132366671,0.0611312685461739,-0.00246885760978389,0.0111013712979809,0.0393135580663291,0.050029897248193,-0.0417824156761129,0.0722326398441548,0.0368447004565452
6.38826796053338,0.0611009557353418,-0.00248013050711499,0.0111218478252298,0.0393168043720019,0.049979107910112,-0.0417969348791169,0.0722228035605716,0.0368366738648869
6.39007459740005,0.0610707492177864,-0.00249140021170586,0.0111424692070227,0.0393200588238745,0.0499282800107637,-0.0418114590355804,0.0722132184248091,0.0368286586121686
6.39188123426671,0.0610406454179991,-0.00250266496991073,0.0111632320485926,0.0393233196942049,0.0498774133694066,-0.0418259846641156,0.0722038774665917,0.0368206547242942
6.39368787113338,0.0610106427434055,-0.00251392294910864,0.0111841356728954,0.0393265853920558,0.0498265070705101,-0.0418405083411644,0.0721947784163009,0.0368126624429472
6.39549450800005,0.0609807391775736,-0.00252517230654647,0.0112051788434175,0.0393298542761468,0.0497755603341562,-0.0418550265826933,0.0721859180209911,0.0368046819696003
6.39730114486671,0.0609509313251243,-0.00253641134531076,0.0112263583615207,0.0393331246810823,0.0497245729636036,-0.041869536026393,0.072177289686645,0.0367967133357715
6.39910778173338,0.0609212176310391,-0.00254763818016091,0.0112476736422321,0.0393363949785817,0.049673543988807,-0.0418840331587426,0.0721688912732711,0.0367887567984208
6.40091441860005,0.0608915958748077,-0.00255885097466755,0.0112691231707693,0.0393396635118754,0.0496224727040384,-0.0418985144865429,0.072160719045577,0.0367808125372078
6.40272105546671,0.0608620628275726,-0.00257004807821304,0.0112907039346919,0.0393429286684003,0.0495713588928807,-0.0419129767466133,0.0721527667622646,0.0367728805901873
6.40452769233338,0.0608326169582657,-0.00258122754250112,0.0113124154311667,0.0393461887730187,0.049520201527099,-0.0419274163155198,0.0721450323894325,0.0367649612305176
6.40633432920005,0.060803255869511,-0.00259238755829836,0.0113342558870051,0.0393494421724995,0.0494689999825059,-0.0419418297307979,0.0721375117565161,0.0367570546142012
6.40814096606671,0.0607739764853673,-0.00260352651084705,0.0113562224660329,0.0393526872975984,0.0494177540193344,-0.0419562138084455,0.0721301989514002,0.0367491607867514
6.40994760293338,0.0607447772851084,-0.00261464237835867,0.0113783147376258,0.0393559224168058,0.0493664625474826,-0.0419705647951645,0.0721230920227342,0.0367412800384471
6.41175423980005,0.0607156557217075,-0.0026257333996683,0.011400530690051,0.0393591458994586,0.0493151250316565,-0.0419848792991269,0.0721161864117586,0.0367334124997903
6.41356087666671,0.0606866088585316,-0.00263679798544189,0.01142286765347,0.0393623562101161,0.0492637412050616,-0.0419991541955579,0.0721094765120016,0.0367255582246742
6.41536751353338,0.0606576351715908,-0.00264783402996233,0.011445325259536,0.0393655515513826,0.0492123099120548,-0.0420133855813449,0.0721029604311268,0.0367177175214203
6.41717415040005,0.06062873199142,-0.00265883984100631,0.011467901277834,0.0393687303341914,0.0491608307135861,-0.0420275701751977,0.072096633269254,0.0367098904931851
6.41898078726671,0.0605998965070887,-0.00266981384422659,0.0114905931949299,0.0393718910473917,0.0491093033121588,-0.0420417048916183,0.0720904897020187,0.0367020772031651
6.42078742413338,0.0605711271777355,-0.00268075383954152,0.0115134006948238,0.039375031818188,0.0490577264829117,-0.0420557856577295,0.0720845278725593,0.0366942779786464
6.42259406100005,0.0605424212386719,-0.00269165822454174,0.0115363213482807,0.0393781511181375,0.0490060998903912,-0.0420698093426793,0.0720787425869526,0.0366864928935958
6.42440069786671,0.0605137759910617,-0.00270252542943071,0.0115593527883395,0.0393812474508654,0.0489544232027222,-0.0420837728802961,0.0720731287794012,0.0366787220214347
6.42620733473338,0.0604851898635661,-0.00271335314932565,0.011582494741416,0.0393843188586614,0.0489026951221501,-0.042097672007987,0.0720676846049821,0.0366709657093357
6.42801397160005,0.0604566600234862,-0.0027241398925039,0.0116057445993171,0.0393873638927363,0.0488509154241691,-0.0421115037852402,0.0720624046228034,0.0366632240002324
6.42982060846671,0.060428183870474,-0.00273488408328324,0.0116291001316249,0.0393903810619757,0.0487990837388492,-0.0421252651452589,0.0720572840020989,0.0366554969786925
6.43162724533338,0.0603997597891059,-0.00274558330154379,0.0116525610972391,0.0393933683142419,0.0487471986918668,-0.0421389516157857,0.0720523208863449,0.0366477850126981
6.43343388220005,0.0603713849058862,-0.00275623618712185,0.0116761247288707,0.0393963242994264,0.0486952601770155,-0.0421525604865483,0.0720475096347569,0.0366400881123046
6.43524051906671,0.0603430567053485,-0.00276684114801358,0.0116997889227129,0.0393992475221624,0.0486432677826356,-0.042166088670176,0.0720428456280613,0.0366324063741488
6.43704715593338,0.0603147735143777,-0.00277739563842518,0.0117235534602194,0.039402135826369,0.0485912200541583,-0.0421795314647942,0.0720383269745971,0.0366247401879438
6.43885379280005,0.060286532445895,-0.00278789845062495,0.0117474154348676,0.0394049879796475,0.0485391170110275,-0.0421928864302725,0.0720339478807626,0.0366170895290226
6.44066042966671,0.0602583310557088,-0.00279834796585093,0.0117713728595299,0.0394078024728642,0.0484869581961788,-0.0422061504387152,0.0720297039152387,0.0366094545070133
6.44246706653338,0.0602301675994049,-0.00280874150219911,0.0117954255282837,0.0394105770364816,0.0484347420711212,-0.0422193185386807,0.0720255931276887,0.0366018355342825
6.44427370340005,0.0602020392035361,-0.00281907802524243,0.011819570415234,0.0394133105748386,0.0483824687883021,-0.042232388600081,0.0720216096187701,0.0365942325495962
6.44608034026671,0.0601739434815778,-0.00282935587902417,0.011843805640003,0.0394160015555208,0.0483301378415748,-0.042245357434545,0.0720177491215807,0.0365866456764966
6.44788697713338,0.0601458786042109,-0.00283957223509472,0.0118681309993589,0.039418647586019,0.048277747604852,-0.0422582198211137,0.0720140096035697,0.0365790753509243
6.44969361400005,0.0601178417388325,-0.00284972625320344,0.0118925433678971,0.0394212477264391,0.0482252983709354,-0.0422709739796425,0.0720103851067296,0.0365715214732357
6.45150025086671,0.0600898305429787,-0.00285981622976314,0.0119170409620584,0.0394238004115711,0.0481727895809203,-0.0422836166413343,0.072006871505037,0.036563984181808
6.45330688773338,0.0600618430888187,-0.00286983917934134,0.0119416235713711,0.0394263031164206,0.0481202195174476,-0.0422961422957619,0.0720034666601898,0.0365564639370793
6.45511352460005,0.0600338766118073,-0.00287979447673729,0.0119662879907833,0.0394287550758882,0.048067588621024,-0.0423085495526255,0.0720001646025905,0.0365489605991509
6.45692016146671,0.0600059288135422,-0.00288968030094046,0.0119910325889769,0.0394311546374514,0.0480148962245653,-0.0423208349383918,0.0719969614025191,0.0365414743365109
6.45872679833338,0.0599779976132514,-0.00289949367716804,0.0120158569422471,0.0394334992691254,0.0479621406710043,-0.0423329929462934,0.0719938545554985,0.0365340055919573
6.46053343520005,0.0599500803824839,-0.00290923403807308,0.012040757981819,0.0394357882646248,0.0479093224006649,-0.0423450223026979,0.0719908383643029,0.0365265542265517
6.46234007206671,0.0599221748293169,-0.00291889947455828,0.0120657341550017,0.039438019903269,0.0478564406743152,-0.0423569193778273,0.0719879089843187,0.0365191204287107
6.46414670893338,0.0598942787375324,-0.00292848707080423,0.0120907848099133,0.0394401916855725,0.0478034939276191,-0.0423686787563767,0.0719850635474458,0.0365117046147683
6.46595334580005,0.0598663896108854,-0.0029379962794401,0.012115907038931,0.0394423029340886,0.0477504825719543,-0.0423802992135287,0.0719822966498164,0.0365043066546485
6.46775998266671,0.0598385051470866,-0.00294742510199279,0.0121410993464577,0.0394443518572838,0.0476974058006288,-0.0423917769592766,0.0719796044935443,0.036496926755291
6.46956661953338,0.0598106230216849,-0.00295677070247909,0.0121663608722965,0.0394463360072016,0.0476442621493884,-0.0424031067096807,0.0719769838939815,0.0364895653047225
6.47137325640005,0.059782740857035,-0.00296603254306778,0.0121916888600459,0.0394482547257185,0.0475910519969891,-0.0424142872687863,0.0719744297170809,0.0364822221826508
6.47317989326671,0.0597548563268739,-0.00297520852547327,0.0122170818612713,0.039450106140935,0.0475377744656026,-0.0424253146664083,0.0719719381881452,0.0364748976154617
6.47498653013338,0.0597269670257319,-0.00298429591442177,0.0122425388273234,0.0394518878754515,0.0474844281984085,-0.0424361837898733,0.0719695058530553,0.0364675919610297
6.47679316700005,0.059699070680956,-0.00299329417118501,0.0122680571430902,0.0394535992809538,0.0474310135378658,-0.0424468934521388,0.0719671278240462,0.0364603051097688
6.47859980386671,0.0596711649287026,-0.00300220108722905,0.012293635397369,0.039455238395662,0.0473775295313336,-0.0424574394828911,0.0719648003260716,0.036453037308433
6.48040644073338,0.059643247309697,-0.00301101404886156,0.0123192723729206,0.0394568029317615,0.0473239749367764,-0.0424678169806231,0.0719625196826176,0.0364457888828999
6.48221307760005,0.0596153156426713,-0.00301973250602129,0.0123449655859905,0.0394582922412339,0.0472703500566808,-0.0424780247472552,0.0719602812286619,0.0364385597352126
6.48401971446671,0.0595873675125956,-0.00302835412948935,0.0123707136526776,0.0394597042629038,0.047216653859918,-0.0424880583923931,0.0719580811652732,0.0364313501334144
6.48582635133338,0.059559400433603,-0.00303687644802762,0.0123965152070142,0.0394610368175709,0.0471628852265888,-0.0424979132655986,0.0719559156406172,0.0364241603695433
6.48763298820005,0.0595314123022046,-0.00304529888980553,0.0124223678866735,0.0394622892479974,0.0471090444155312,-0.0425075881378029,0.0719537801888781,0.0364169903581918
6.48943962506671,0.0595034006385762,-0.00305362804518287,0.0124482703251238,0.0394634721837219,0.0470551303134524,-0.0425171002289048,0.0719516709636999,0.036409844138539
6.49124626193338,0.0594753629574731,-0.00306191726515416,0.0124742210275312,0.0394646622867653,0.0470011419299419,-0.0425265795519194,0.0719495839850043,0.0364027450216111
6.49305289880005,0.0594472972195787,-0.0030701764036248,0.0125002177430653,0.0394658736709193,0.0469470794765133,-0.0425360500745441,0.071947514962644,0.0363956972672945
6.49485953566671,0.0594192008666675,-0.003078404882236,0.0125262591126339,0.0394671069093937,0.0468929417540336,-0.0425455117916297,0.0719454599793014,0.0363887020271577
6.49666617253338,0.0593910714413308,-0.00308660226166381,0.0125523435323979,0.0394683624793838,0.0468387279089329,-0.0425549647410476,0.0719434149737288,0.03638176021772
6.49847280940005,0.0593629069548168,-0.0030947685180977,0.0125784688530931,0.0394696405575392,0.0467844381017237,-0.0425644090756369,0.07194137580791,0.0363748720394415
6.50027944626671,0.0593347047568927,-0.00310290303430185,0.0126046337131344,0.0394709417491039,0.0467300710437583,-0.0425738447834057,0.0719393384700271,0.036368038714802
6.50208608313338,0.0593064624451991,-0.00311100542953036,0.0126308364195413,0.0394722664897976,0.0466756260256578,-0.0425832719193279,0.0719372988647405,0.0363612610602672
6.50389272000005,0.0592781780679425,-0.00311907566027154,0.0126570749146833,0.0394736149657118,0.0466211031532592,-0.0425926906259834,0.0719352529826258,0.0363545393054403
6.50569935686671,0.0592498488692754,-0.00312711306838934,0.0126833478245524,0.039474987816507,0.046566501044723,-0.0426021008848963,0.0719331966938278,0.0363478747481176
6.50750599373338,0.0592214725291013,-0.00313511733576267,0.0127096533868876,0.0394763854316618,0.0465118191422137,-0.0426115027674245,0.0719311259159889,0.0363412680958991
6.50931263060005,0.0591930471189787,-0.00314308839715545,0.0127359896257626,0.0394778080090914,0.0464570574932161,-0.0426208964062468,0.0719290367447413,0.0363347196119359
6.51111926746671,0.0591645697638382,-0.00315102561220812,0.012762355144814,0.0394792561394155,0.0464022146190242,-0.0426302817516236,0.0719269249086522,0.0363282305272074
6.51292590433338,0.0591360382530607,-0.00315893500668783,0.0127887481323637,0.0394807212837768,0.046347290120697,-0.0426396562904646,0.0719247863854244,0.036321786277089
6.51473254120005,0.0591074506679485,-0.00316682202245939,0.0128151666842571,0.0394821958324989,0.0462922839836914,-0.0426490178549583,0.0719226173522056,0.0363153738100395
6.51653917806671,0.0590788040006047,-0.00317468643773345,0.012841609371846,0.0394836797598732,0.0462371946287587,-0.0426583661976066,0.0719204133724507,0.0363089933221397
6.51834581493338,0.0590500961771001,-0.00318252839884064,0.012868074353896,0.0394851728860545,0.0461820218232041,-0.0426677012848951,0.0719181705309961,0.0363026444872138
6.52015245180005,0.0590213252748754,-0.0031903480887789,0.0128945597880938,0.0394866750186739,0.0461267654867815,-0.0426770231074528,0.0719158850629692,0.036296326929895
6.52195908866671,0.058992488139598,-0.00319814526540748,0.0129210642035751,0.0394881861359476,0.0460714239360229,-0.0426863314013551,0.0719135523431731,0.0362900408705401
6.52376572553338,0.0589635828612431,-0.00320592011774011,0.0129475857494111,0.0394897060428547,0.046015997111832,-0.0426956261605948,0.0719111686106543,0.0362837859251146
6.52557236240005,0.0589346074997823,-0.0032136728064431,0.0129741226351992,0.0394912345582776,0.0459604848645831,-0.0427049073647207,0.0719087301349815,0.0362775617518345
6.52737899926671,0.0589055587408411,-0.00322140306923276,0.0130006733379273,0.039492771663583,0.0459048854029138,-0.0427141747328158,0.0719062320787685,0.0362713685943503
6.52918563613338,0.0588764348655128,-0.00322911113738872,0.0130272360168357,0.0394943171501217,0.0458491988486771,-0.0427234282875105,0.0719036708823485,0.036265206012733
6.53099227300005,0.0588472339026927,-0.00323679714945416,0.0130538089235,0.0394958708472534,0.0457934249791927,-0.0427326679967076,0.0719010428261927,0.0362590736977992
6.53279890986671,0.0588179523643575,-0.00324446082321184,0.0130803904728299,0.0394974327387239,0.0457375618915276,-0.0427418935619358,0.0718983428371874,0.0362529719155121
6.53460554673338,0.0587885887499323,-0.00325210243178892,0.013106978854096,0.0394990026037998,0.0456816098958363,-0.0427511050355887,0.0718955676040283,0.0362469001720109
6.53641218360005,0.0587591410436296,-0.00325972209181485,0.0131335723509227,0.0395005802815462,0.0456255686927069,-0.042760302373361,0.0718927133945523,0.0362408581897313
6.53821882046671,0.0587296062319846,-0.00326731950134743,0.0131601683702624,0.039502165757314,0.0455694378617222,-0.0427694852586614,0.071889774602247,0.0362348462559665
6.54002545733338,0.058700030720651,-0.00327489497494344,0.0131866977488945,0.0395037587998329,0.0455133329717565,-0.0427786537747763,0.0718867284695454,0.0362288638248894
6.54183209420005,0.058670449912301,-0.0032824486075276,0.013213105792432,0.0395053592570994,0.045457344119869,-0.042787807864627,0.0718835557047331,0.0362229106495718
6.54363873106671,0.0586408613003063,-0.00328998007764169,0.0132393888250507,0.0395069671152977,0.0454014724752555,-0.0427969471929394,0.071880250125357,0.036216987037656
6.54544536793338,0.0586112626093556,-0.0032974897408546,0.0132655469843041,0.0395085821341651,0.0453457156250516,-0.0428060718750197,0.0718768095936597,0.0362110923933105
6.54725200480005,0.0585816515082328,-0.00330497767059502,0.013291578850091,0.0395102041698581,0.0452900726581418,-0.0428151818404531,0.0718732303583237,0.0362052264992631
6.54905864166671,0.0585520253573224,-0.00331244352609731,0.0133174805394823,0.0395118332086188,0.04523454481784,-0.0428242767347161,0.0718695058968047,0.0361993896825215
6.55086527853338,0.0585223820163182,-0.0033198877035251,0.0133432525129473,0.0395134690027409,0.045179129503371,-0.042833356706266,0.0718656345292655,0.0361935812992158
6.55267191540005,0.0584927191475383,-0.00332731025063603,0.0133688932075875,0.0395151114170825,0.0451238259399507,-0.0428424216677185,0.0718616123551258,0.0361878011664464
6.55447855226671,0.0584630339779054,-0.00333471082071699,0.0133943986046969,0.0395167604332217,0.0450686353732084,-0.0428514712539387,0.0718574325826023,0.0361820496125047
6.55628518913338,0.0584333245164114,-0.00334208983695747,0.0134197694259646,0.0395184158015039,0.0450135550904468,-0.0428605056384613,0.0718530939423759,0.0361763259645464
6.55809182600005,0.0584035883843311,-0.0033494473095508,0.0134450038749604,0.0395200773979233,0.0449585845093707,-0.0428695247074741,0.0718485922592915,0.0361706300883725
6.55989846286671,0.058373822736928,-0.00335678293550313,0.0134700981118345,0.0395217451850509,0.0449037246250935,-0.042878528120554,0.0718439208487625,0.0361649622495478
6.56170509973338,0.0583440256845078,-0.00336409711515401,0.0134950528144954,0.0395234189263988,0.0448489728700124,-0.0428875160415528,0.0718390784990032,0.0361593218112447
6.56351173660005,0.0583141948048726,-0.00337138983803672,0.0135198660418054,0.0395250985030281,0.0447943287630673,-0.0428964883410648,0.071834060846678,0.0361537086649914
6.56531837346671,0.0582843272092628,-0.00337866084445809,0.0135445341520354,0.0395267838600501,0.0447397930572275,-0.0429054447045082,0.0718288613612982,0.036148123015592
6.56712501033338,0.0582544210954799,-0.00338591051211742,0.0135690577696801,0.0395284747733696,0.0446853633257998,-0.042914385285487,0.07182347886516,0.0361425642612522
6.56893164720005,0.0582244739840354,-0.00339313881009631,0.0135934347992629,0.0395301711283418,0.0446310391847726,-0.0429233099384381,0.0718179087832983,0.0361370323182454
6.57073828406671,0.0581944829697825,-0.00340034552158469,0.0136176618164387,0.0395318728541636,0.0445768211533438,-0.0429322183757483,0.0718121447862212,0.0361315273325789
6.57254492093338,0.0581644463242002,-0.0034075310018501,0.0136417393826584,0.0395335797383603,0.0445227069415419,-0.0429411107402104,0.0718061857068586,0.0361260487365102
6.57435155780005,0.058134361496692,-0.00341469519973183,0.013665665238472,0.039535291669808,0.04446869625822,-0.0429499868695398,0.0718000267351639,0.0361205964700761
6.57615819466671,0.0581042255933594,-0.00342183794088524,0.0136894361961852,0.0395370085633355,0.0444147893971742,-0.0429588465042207,0.0717936617895446,0.0361151706224502
6.57796483153338,0.0580740369455416,-0.00342895955835483,0.0137130527445705,0.0395387302173153,0.0443609842009712,-0.0429676897756701,0.0717870896901121,0.0361097706589604
6.57977146840005,0.058043792917715,-0.00343605998094629,0.0137365124505734,0.0395404565233715,0.0443072804671416,-0.0429765165043178,0.0717803053682883,0.0361043965424252
6.58157810526671,0.0580134906548662,-0.00344313907636235,0.0137598123824144,0.0395421873835099,0.0442536782724519,-0.0429853264598723,0.0717733030372806,0.0360990483071476
6.58338474213338,0.0579831285343765,-0.00345019715563383,0.0137829529465558,0.0395439226061786,0.0442001755878207,-0.0429941197618124,0.0717660814809323,0.0360937254505448
6.58519137900005,0.0579527038219768,-0.00345723412774185,0.0138059315267069,0.0395456620849755,0.0441467722952699,-0.0430028962127173,0.0717586353486836,0.0360884279572336
6.58699801586671,0.0579222137291756,-0.00346424990201833,0.0138287454662667,0.0395474057106312,0.0440934682629089,-0.0430116556126495,0.0717509591954422,0.0360831558086128
6.58880465273338,0.0578916566655774,-0.00347124476768974,0.0138513950797546,0.0395491533008942,0.0440402615858229,-0.0430203980685839,0.071743051745332,0.0360779085332044
6.59061128960005,0.0578610297843501,-0.00347821861412105,0.0138738775580123,0.039550904750565,0.0439871522263379,-0.043029123364686,0.0717349073423624,0.0360726861364439
6.59241792646671,0.0578303303911601,-0.00348517139185614,0.0138961905388812,0.0395526599406433,0.0439341398522789,-0.0430378313324994,0.0717265209300413,0.0360674885487872
6.59422456333338,0.0577995569140172,-0.00349210336852509,0.0139183342353072,0.0395544186974065,0.04388122267871,-0.0430465220659316,0.0717178911493244,0.0360623153288815
6.59603120020005,0.0577687063797079,-0.00349901441408655,0.0139403056356297,0.0395561809160837,0.0438284007440782,-0.0430551953301703,0.0717090120153376,0.0360571665019972
6.59783783706671,0.0577377762156924,-0.00350590451987786,0.0139621026913986,0.0395579464694905,0.0437756735242938,-0.0430638509893684,0.071699878907091,0.0360520419496127
6.59964447393338,0.0577067648545683,-0.00351277393214255,0.0139837255043528,0.0395597151916595,0.0437230393502156,-0.043072489123802,0.0716904903589211,0.0360469412595169
6.60145111080005,0.0576756691829222,-0.00351962250164063,0.0140051708506991,0.0395614869774757,0.0436704983322231,-0.0430811094791164,0.0716808400336213,0.0360418644758351
6.60325774766671,0.0576444867776449,-0.00352645026008638,0.0140264370149585,0.0395632616931169,0.0436180497626864,-0.0430897119532032,0.0716709237926035,0.0360368114330305
6.60506438453338,0.0576132160621031,-0.00353325743254452,0.0140475239780317,0.0395650391795976,0.0435656920840714,-0.0430982966121422,0.0716607400401348,0.0360317817470531
6.60687102140005,0.0575818537688657,-0.00354004385078625,0.0140684282943602,0.0395668193306856,0.0435134254745055,-0.0431068631814719,0.0716502820632259,0.0360267754798994
6.60867765826671,0.0575503976518903,-0.00354680958648387,0.0140891486007011,0.0395686020074666,0.0434612490511892,-0.0431154115939504,0.0716395462525914,0.0360217924209827
6.61048429513338,0.0575188461114944,-0.00355355484373334,0.0141096847474841,0.0395703870571644,0.0434091613640104,-0.0431239419008977,0.0716285308589785,0.0360168322134311
6.61229093200005,0.0574871957124112,-0.00356027943552554,0.014130033057753,0.0395721743716572,0.0433571626546582,-0.0431324538071828,0.0716172287701642,0.0360118949361317
6.61409756886671,0.0574554444133011,-0.00356698347307312,0.0141501925397661,0.0395739638084839,0.0433052518735351,-0.043140947281557,0.0716056369530672,0.0360069803354108
6.61590420573338,0.057423590577615,-0.00357366713971192,0.0141701629038495,0.0395757552203048,0.0432534276737655,-0.0431494223600167,0.0715937534814645,0.0360020880805929
6.61771084260005,0.0573916305884312,-0.00358033022986116,0.0141899402320177,0.0395775484963348,0.0432016903564135,-0.0431578787261959,0.0715815708204489,0.0359972182664736
6.61951747946671,0.0573595626367502,-0.0035869728938566,0.0142095239232936,0.0395793434921126,0.0431500387134566,-0.0431663163859692,0.0715690865600438,0.035992370598256
6.62132411633338,0.057327385035337,-0.00359359529448236,0.0142289135382683,0.0395811400649624,0.0430984714970687,-0.0431747353594448,0.0715562985736053,0.0359875447704801
6.62313075320005,0.0572950939717982,-0.00360019720779576,0.0142481049082939,0.0395829381006624,0.0430469890635043,-0.0431831353084582,0.0715431988800921,0.0359827408928667
6.62493739006672,0.0572626878971099,-0.00360677882283669,0.0142670978424234,0.0395847374542973,0.0429955900546865,-0.043191516277134,0.0715297857395333,0.0359779586314606
6.62674402693338,0.0572301650595333,-0.00361334028204755,0.0142858917418798,0.0395865379870817,0.0429442733176535,-0.0431998782691293,0.0715160568014131,0.0359731977050342
6.62855066380005,0.057197521437385,-0.00361988134333152,0.0143044821777215,0.0395883395805845,0.0428930392596635,-0.043208220923916,0.0715020036151065,0.0359684582372529
6.63035730066671,0.0571647557692528,-0.00362640223401628,0.0143228693882954,0.039590142090982,0.0428418863809574,-0.0432165443249983,0.0714876251575483,0.0359637398569657
6.63216393753338,0.0571318662250765,-0.00363290307640984,0.0143410526058247,0.0395919453826066,0.0427908136192518,-0.0432248484590165,0.0714729188309012,0.0359590423061968
6.63397057440005,0.0570988485600641,-0.00363938361047131,0.014359027131441,0.0395937493320446,0.0427398214286231,-0.0432331329425159,0.0714578756915051,0.0359543657215733
6.63577721126671,0.0570657018280516,-0.0036458441013974,0.0143767936520498,0.0395955537981109,0.0426889081760018,-0.0432413978995083,0.0714424954801013,0.0359497096967135
6.63758384813338,0.057032424106839,-0.00365228465157166,0.0143943512212426,0.0395973586474814,0.0426380728855964,-0.0432496432990531,0.0714267753280816,0.0359450739959098
6.63939048500005,0.0569990109147079,-0.00365870498321743,0.0144116948605918,0.0395991637509875,0.0425873160541161,-0.0432578687342049,0.0714107057752997,0.03594045876777
6.64119712186671,0.0569654616483788,-0.00366510539898285,0.0144288257248264,0.0396009689716279,0.0425366359235524,-0.0432660743706108,0.0713942873732052,0.0359358635726451
6.64300375873338,0.0569317742796936,-0.00367148598153584,0.0144457426792733,0.0396027741776501,0.0424860316004202,-0.0432742601591859,0.0713775169589669,0.0359312881961142
6.64481039560005,0.0568979440761894,-0.00367784643557267,0.014462440456314,0.0396045792333571,0.0424355036198753,-0.0432824256689298,0.0713603845325034,0.0359267327977844
6.64661703246672,0.056863970805107,-0.00368418710077514,0.0144789206977651,0.0396063840074774,0.0423850501073419,-0.0432905711082526,0.0713428915028721,0.0359221969067023
6.64842366933338,0.0568298523185129,-0.00369050804030461,0.0144951820710569,0.0396081883690572,0.0423346702474559,-0.0432986964093618,0.0713250343895698,0.0359176803287526
6.65023030620005,0.0567955836193806,-0.00369680894153926,0.0145112190097475,0.0396099921750975,0.0422843646096331,-0.0433068011166367,0.0713068026291282,0.0359131832335582
6.65203694306672,0.0567611648731088,-0.00370309018077677,0.0145270336620059,0.0396117953016035,0.042234131211103,-0.0433148854823803,0.0712881985351147,0.0359087051208267
6.65384357993338,0.0567265937138515,-0.00370935179120804,0.0145426243648411,0.039613597617132,0.0421839693490103,-0.0433229494083401,0.0712692180786926,0.035904245825924
6.65565021680005,0.0566918651191547,-0.00371559347511985,0.0145579856120323,0.0396153989721529,0.0421338795071224,-0.0433309924472727,0.071249850731187,0.035899805497033
6.65745685366671,0.0566569794272569,-0.00372181561299039,0.0145731197086888,0.0396171992499504,0.0420838597185681,-0.0433390148629408,0.0712300991359457,0.03589538363696
6.65926349053338,0.0566219340479873,-0.00372801821071362,0.0145880246707571,0.0396189983173271,0.0420339093772302,-0.0433470165280408,0.0712099587187443,0.0358909801066135
6.66107012740005,0.056586724150384,-0.00373420101031701,0.0146026953543087,0.0396207960204677,0.0419840287960753,-0.0433549970307847,0.0711894195046927,0.0358865950101507
6.66287676426671,0.0565513500424237,-0.00374036437141829,0.0146171339289536,0.0396225922484622,0.0419342161134701,-0.0433629566198805,0.0711684839713773,0.0358822278770439
6.66468340113338,0.056515808958887,-0.00374650828124051,0.0146313381742135,0.0396243868658197,0.0418844707846735,-0.0433708951470602,0.0711471471331005,0.0358778785845792
6.66649003800005,0.0564800962879409,-0.00375263252113321,0.014645303327716,0.0396261797159855,0.0418347929602249,-0.0433788122371187,0.0711253996156569,0.0358735471948523
6.66829667486671,0.0564442122934819,-0.00375873743006292,0.0146590314139403,0.039627970693083,0.0417851808795416,-0.0433867081231459,0.0711032437074222,0.03586923326302
6.67010331173338,0.0564081540214238,-0.0037648229767908,0.0146725199663502,0.0396297596585537,0.0417356340550736,-0.0433945826353445,0.0710806739877739,0.0358649366817629
6.67190994860005,0.0563719171066983,-0.00377088898157089,0.0146857646233946,0.039631546454651,0.0416861524833037,-0.0434024354362219,0.0710576817300929,0.0358606574730801
6.67371658546672,0.0563355017553041,-0.00377693576292722,0.0146987672547889,0.0396333309797568,0.0416367345005152,-0.043410266742684,0.071034269010093,0.0358563952168296
6.67552322233338,0.05629890481047,-0.00378296327136761,0.0147115251383073,0.0396351130914742,0.0415873796721627,-0.0434180763628418,0.0710104299487773,0.0358521498201066
6.67732985920005,0.0562621221815288,-0.0037889713656328,0.0147240343324841,0.0396368926324081,0.0415380878490447,-0.0434258639980409,0.0709861565140129,0.0358479212667753
6.67913649606672,0.056225154002763,-0.00379496034401353,0.0147362965426393,0.0396386695044284,0.0414888574601237,-0.0434336298484419,0.0709614505454023,0.0358437091604148
6.68094313293338,0.0561880071508691,-0.00380093013897307,0.0147483232768729,0.0396404435605244,0.0414396838739961,-0.0434413736994975,0.070936330427742,0.0358395134215514
6.68274976980005,0.0561507428703083,-0.00380688064732118,0.0147602030037476,0.0396422146452008,0.0413905398665608,-0.043449095292522,0.0709109458740559,0.0358353339978796
6.68455640666672,0.0561133741475355,-0.00381281214732435,0.0147719555512359,0.0396439826630412,0.0413414185962996,-0.0434567948103655,0.0708853296987715,0.0358311705157168
6.68636304353338,0.0560759002804909,-0.00381872455360987,0.0147835817602278,0.0396457474616489,0.041292318520263,-0.0434644720152588,0.0708594820407187,0.0358270229080391
6.68816968040005,0.0560383206712943,-0.00382461780063867,0.0147950826333928,0.0396475088889736,0.0412432380379015,-0.0434721266896123,0.0708334033046871,0.035822891088335
6.68997631726671,0.0560006365128337,-0.00383049214686185,0.0148064612769275,0.0396492668515395,0.0411941752359061,-0.0434797589984013,0.0708070977897612,0.0358187747046776
6.69178295413338,0.0559628470006278,-0.00383634748928021,0.0148177184475535,0.0396510211907918,0.0411451285530742,-0.043487368680072,0.0707805654481813,0.0358146737015116
6.69358959100005,0.0559249517396685,-0.00384218379958789,0.0148288554074112,0.0396527717596706,0.0410960963322573,-0.0434949555592584,0.0707538071470797,0.0358105879600827
6.69539622786671,0.0558869518223931,-0.00384800131662924,0.0148398750873942,0.039654518465868,0.0410470767349988,-0.0435025197824972,0.0707268269097873,0.0358065171492387
6.69720286473338,0.0558488463416906,-0.00385379991998715,0.014850778169672,0.0396562611438972,0.0409980681720186,-0.0435100610638844,0.0706996245113626,0.0358024612239101
6.69900950160005,0.0558106351058413,-0.00385957132681098,0.014861566156625,0.0396579879274813,0.0409490689492163,-0.0435175592542923,0.0706722012624663,0.0357984166006704
6.70081613846672,0.0557723191066238,-0.00386528108982562,0.0148722418134586,0.0396596496985594,0.0409000772931652,-0.043524930788385,0.0706445609200823,0.0357943686087337
6.70262277533338,0.0557338973340898,-0.00387092517586361,0.0148828057574061,0.0396612407748116,0.0408510915766836,-0.0435321659506752,0.0706167030914959,0.035790315598948
6.70442941220005,0.0556953698002234,-0.00387650476453532,0.0148932597118563,0.0396627626285108,0.0408021100883671,-0.0435392673930461,0.0705886295120797,0.0357862578639755
6.70623604906672,0.0556567373959367,-0.0038820215520497,0.0149036062859428,0.0396642172829604,0.0407531311099939,-0.0435462388350101,0.0705603436818795,0.0357821957309107
6.70804268593338,0.0556179990082359,-0.00388747603777039,0.0149138460415779,0.0396656054813716,0.0407041529666581,-0.043553081519142,0.0705318450498138,0.0357781294436012
6.70984932280005,0.0555791548532252,-0.00389286951859135,0.0149239809039279,0.0396669288206265,0.0406551739492974,-0.0435597983392178,0.0705031357571531,0.0357740593020351
6.71165595966672,0.0555402057207422,-0.00389820360075609,0.0149340133356695,0.0396681892224892,0.0406061923850727,-0.0435663928232452,0.0704742190564116,0.0357699856217331
6.71346259653338,0.0555011503945397,-0.00390347876291946,0.0149439438530097,0.0396693874153792,0.04055720654153,-0.0435728661782986,0.0704450942475494,0.0357659086524597
6.71526923340005,0.0554619892952575,-0.00390869640604007,0.0149537745636619,0.0396705251042309,0.0405082147315957,-0.0435792215102709,0.0704157638589194,0.0357618286981908
6.71707587026672,0.0554227231114512,-0.00391385805300549,0.0149635077934608,0.0396716041175473,0.0404592153179904,-0.0435854621705528,0.0703862309049119,0.0357577460645418
6.71888250713338,0.0553833505234118,-0.00391896416837179,0.0149731440225244,0.0396726251772363,0.0404102065008874,-0.0435915893456081,0.0703564945459362,0.0357536610088645
6.72068914400005,0.0553438721567311,-0.00392401624394251,0.0149826855218808,0.039673590079726,0.0403611866348502,-0.0435976063236685,0.0703265576786119,0.0357495738357834
6.72249578086671,0.055304288598474,-0.00392901572585902,0.0149921344901397,0.039674500568537,0.0403121541083344,-0.043603516294396,0.0702964230886137,0.035745484842678
6.72430241773338,0.0552645984252625,-0.00393396307118847,0.0150014913809439,0.0396753573673454,0.0402631070443186,-0.0436093204385339,0.0702660898062065,0.0357413942961569
6.72610905460005,0.0552248024680561,-0.00393885984935963,0.0150107586094071,0.0396761623475142,0.040214043858649,-0.0436150221968739,0.0702355610774632,0.0357373024981546
6.72791569146672,0.0551849012122213,-0.00394370743637766,0.0150199382565282,0.0396769171758612,0.0401649629556931,-0.0436206246122389,0.0702048394687496,0.0357332097394836
6.72972232833338,0.0551448931305028,-0.00394850628843046,0.015029030759091,0.0396776225861089,0.0401158623714118,-0.0436261288745393,0.0701739238895937,0.0357291162976784
6.73152896520005,0.0551047792596434,-0.00395325803935255,0.0150380386570631,0.0396782805079973,0.0400667406025804,-0.0436315385473499,0.0701428179167065,0.0357250224686448
6.73333560206672,0.0550645599831037,-0.00395796400162248,0.0150469639234485,0.0396788925399214,0.0400175960596552,-0.0436368565415439,0.0701115239065522,0.0357209285382989
6.73514223893338,0.055024233669543,-0.00396262463715876,0.0150558069877878,0.0396794594339285,0.0399684266817552,-0.0436420840710873,0.0700800406573308,0.0357168347967698
6.73694887580005,0.0549838015619037,-0.00396724163098219,0.0150645704956713,0.0396799831615781,0.0399192310662324,-0.0436472247925603,0.070048372057575,0.0357127415305959
6.73875551266672,0.054943263941532,-0.00397181623865449,0.0150732563217234,0.0396804652611201,0.0398700076198086,-0.0436522814997746,0.0700165202632554,0.0357086490224656
6.74056214953338,0.0549026190727938,-0.00397634893443435,0.0150818648978572,0.0396809065112069,0.0398207541749366,-0.0436572554456413,0.069984483970651,0.0357045575767726
6.74236878640005,0.0548618684052473,-0.00398084144130966,0.0150903989560538,0.0396813089086582,0.0397714694491935,-0.0436621503499679,0.0699522673613011,0.0357004674673486
6.74417542326672,0.0548210121179163,-0.00398529496453474,0.0150988602821752,0.0396816739398593,0.0397221518357411,-0.0436669689043941,0.0699198724000914,0.0356963789753246
6.74598206013338,0.0547800483706658,-0.00398970999731832,0.0151072493201208,0.039682002418346,0.039672799050545,-0.0436717124156644,0.0698872976907867,0.0356922924210277
6.74778869700005,0.0547389788200852,-0.00399408828739575,0.0151155688690335,0.0396822963496405,0.0396234099510516,-0.0436763846370362,0.0698545476891187,0.0356882080622448
6.74959533386672,0.0546978035426679,-0.00399843099632422,0.0151238206356263,0.0396825571765414,0.0395739829070416,-0.0436809881728656,0.0698216241782942,0.0356841261802171
6.75140197073338,0.0546565205935698,-0.00400273864287165,0.0151320050854018,0.0396827857557484,0.039524515508168,-0.04368552439862,0.0697885256789715,0.0356800471128767
6.75320860760005,0.0546151318368275,-0.00400701298630176,0.0151401250654324,0.0396829840849266,0.0394750067713951,-0.0436899970712283,0.06975525690226,0.0356759710986248
6.75501524446672,0.0545736371522927,-0.00401125512355018,0.0151481821586345,0.0396831535472487,0.0394254549936582,-0.0436944086707989,0.0697218193109272,0.0356718984236986
6.75682188133338,0.0545320347719161,-0.00401545223851308,0.015156177024522,0.0396833141444823,0.0393758577473941,-0.0436987663829954,0.0696882117964381,0.0356678619059692
6.75862851820005,0.0544903264858853,-0.00401954218378068,0.0151641123760734,0.0396835580353956,0.0393262141098119,-0.0437031002191763,0.0696544388619586,0.0356640158516149
6.76043515506672,0.0544485120618556,-0.00402351823626745,0.0151719897402493,0.0396838976029656,0.0392765223216063,-0.043707415839233,0.0696205018021049,0.0356603793666981
6.76224179193338,0.0544065899361154,-0.00402738158308182,0.0151798099683044,0.0396843333175009,0.039226779967811,-0.0437117149005827,0.0695863999044198,0.0356569517344191
6.76404842880005,0.0543645617976687,-0.00403113680628699,0.0151875756317783,0.0396848627484739,0.0391769861658904,-0.0437159995547609,0.0695521374294471,0.0356537259421869
6.76585506566672,0.0543224273108095,-0.00403478635043494,0.0151952882169465,0.0396854852789882,0.0391271390938631,-0.0437202716294231,0.069517715527756,0.0356506989285532
6.76766170253338,0.0542801851165783,-0.0040383317242182,0.0152029487475708,0.0396862011613832,0.0390772363690075,-0.0437245328856014,0.0694831338641491,0.035647869437165
6.76946833940005,0.0542378368025888,-0.0040417772725146,0.0152105596633699,0.0396870080986188,0.0390272771392189,-0.0437287853711334,0.0694483964659587,0.0356452308261042
6.77127497626672,0.0541953819295646,-0.00404512537159736,0.0152181224195479,0.0396879055531095,0.0389772595100168,-0.0437330309247069,0.0694135043491125,0.0356427801815122
6.77308161313338,0.0541528193437155,-0.0040483778195029,0.015225638193144,0.0396888935695668,0.0389271811505715,-0.0437372713890697,0.0693784575368595,0.0356405157500639
6.77488825000005,0.054110150531056,-0.004051538740044,0.0152331093016705,0.0396899699792674,0.0388770412293856,-0.0437415087193114,0.0693432598327265,0.0356384312392234
6.77669488686672,0.0540673749485317,-0.0040546104573353,0.0152405371788757,0.0396911343187671,0.038826837769656,-0.0437457447761024,0.0693079121274074,0.0356365238614318
6.77850152373338,0.0540244916479375,-0.00405759502651685,0.0152479231358462,0.0396923864354896,0.0387765685120913,-0.0437499814620064,0.0692724147837837,0.0356347914089727
6.78030816060005,0.0539815020134808,-0.00406049636645649,0.0152552693775025,0.0396937242838584,0.0387262326359784,-0.0437542206503149,0.0692367713909833,0.0356332279174019
6.78211479746672,0.0539384053981215,-0.00406331676522961,0.0152625773257531,0.0396951474693987,0.0386758280723684,-0.0437584642346283,0.0692009827238745,0.0356318307041691
6.78392143433338,0.0538952010596549,-0.00406605850284095,0.0152698484065,0.0396966556525892,0.0386253526531548,-0.0437627141554301,0.0691650494661549,0.0356305971497482
6.78572807120005,0.0538518902802738,-0.00406872530933245,0.0152770847216881,0.0396982469058286,0.0385748055585856,-0.043766972215161,0.0691289750019619,0.0356295215964961
6.78753470806672,0.0538084723087444,-0.00407131945286154,0.015284287691002,0.0396999208984423,0.0385241846177424,-0.0437712403513039,0.0690927599997463,0.0356286014455808
6.78934134493338,0.0537649466092784,-0.00407384340605589,0.0152914588359278,0.0397016771143032,0.0384734877733506,-0.0437755205203591,0.0690564054452061,0.0356278337082473
6.79114798180005,0.0537213143618459,-0.00407630072625311,0.0152986001650502,0.0397035137386161,0.0384227141967957,-0.0437798144648692,0.0690199145268962,0.035627213012363
6.79295461866672,0.0536775747108109,-0.0040786936778114,0.0153057131054449,0.0397054304993354,0.038371861605366,-0.0437841241771468,0.0689832878162557,0.035626736821524
6.79476125553338,0.0536337273272184,-0.00408102489374257,0.0153127992549517,0.0397074267140695,0.0383209280722667,-0.043788451607812,0.0689465265821701,0.0356264018203269
6.79656789240005,0.0535897732886074,-0.00408329777479895,0.015319860538411,0.0397095006756585,0.0382699127501964,-0.0437927984504574,0.0689096338270183,0.0356262029008595
6.79837452926672,0.0535457116347321,-0.00408551459766046,0.0153268983999043,0.0397116521655156,0.0382188132348278,-0.043797166763176,0.0688726100346363,0.0356261375678551
6.80018116613338,0.0535015422438857,-0.0040876781234821,0.0153339144943945,0.0397138803453256,0.0381676277494912,-0.0438015584688077,0.0688354567382802,0.0356262022218435
6.80198780300005,0.0534572660909689,-0.00408979161255111,0.0153409106725926,0.0397161836103933,0.0381163554183763,-0.0438059752229444,0.0687981767635615,0.0356263919978422
6.80379443986672,0.0534128821109182,-0.00409185736998936,0.0153478884052024,0.0397185617904204,0.0380649937057158,-0.0438104191604097,0.0687607705161205,0.035626704420431
6.80560107673338,0.0533683903896909,-0.00409387825285493,0.0153548493850784,0.0397210139015094,0.0380135410046125,-0.0438148921543643,0.0687232397747692,0.0356271356486544
6.80740771360005,0.0533237917993412,-0.00409585739709023,0.015361795398418,0.0397235384362585,0.0379619964009232,-0.0438193958333488,0.0686855871977591,0.0356276810391683
6.80921435046672,0.0532790851697797,-0.00409779715237903,0.0153687279521618,0.0397261352674879,0.037910357217618,-0.043823932419867,0.0686478131219415,0.0356283381151089
6.81102098733338,0.0532342707950445,-0.00409970043944221,0.0153756487578259,0.0397288032760583,0.0378586220372186,-0.0438285037155005,0.0686099195528704,0.0356291028366161
6.81282762420005,0.0531893494441348,-0.00410157028599738,0.0153825595467089,0.0397315410466919,0.0378067898974259,-0.0438331113326893,0.0685719089908437,0.0356299707606945
6.81463426106672,0.0531443198417276,-0.00410340910241014,0.0153894618716048,0.0397343484901557,0.0377548579701228,-0.0438377575925659,0.0685337817133324,0.0356309393877456
6.81644089793338,0.0530991824903571,-0.0041052198408245,0.0153963574434592,0.0397372243624102,0.0377028250468979,-0.0438424442032347,0.0684955399338164,0.0356320045215857
6.81824753480005,0.0530539380557602,-0.00410700543685337,0.0154032479482879,0.0397401673351308,0.0376506901074723,-0.0438471727719842,0.0684571860040481,0.0356331618982775
6.82005417166672,0.053008585157172,-0.00410876837766389,0.0154101349943538,0.0397431773518615,0.0375984501628182,-0.0438519457295254,0.0684187201515259,0.0356344089741976
6.82186080853338,0.0529631245060394,-0.0041105116145829,0.0154170202728008,0.0397462530540027,0.0375461042332385,-0.0438567646685856,0.0683801447788402,0.0356357414394198
6.82366744540005,0.0529175566646281,-0.00411223800723875,0.015423905433978,0.039749393195013,0.0374936512306501,-0.0438616312022517,0.0683414620986061,0.0356371551877742
6.82547408226672,0.0528718801465241,-0.00411395013572087,0.0154307921512313,0.0397525977460429,0.0374410879952928,-0.0438665478817638,0.0683026722977554,0.035638647610322
6.82728071913338,0.0528260958725019,-0.00411565091829817,0.0154376820766733,0.0397558652442735,0.0373884137958286,-0.0438715161625717,0.0682637779491752,0.0356402143259754
6.82908735600005,0.052780204301149,-0.0041173431547347,0.0154445768346009,0.0397591945197763,0.0373356274665481,-0.043876537674511,0.0682247811357498,0.0356418513650416
6.83089399286672,0.0527342038401939,-0.00411902953416185,0.0154514781730598,0.0397625855661374,0.0372827256671341,-0.0438816151002992,0.0681856820132538,0.0356435560319755
6.83270062973338,0.0526880956201553,-0.00412071290955121,0.0154583876858993,0.0397660368266606,0.037229707934256,-0.0438867497362118,0.0681464833060546,0.0356453239171094
6.83450726660005,0.0526418799957338,-0.00412239603692194,0.0154653069809793,0.0397695472028586,0.0371765730147545,-0.0438919432397805,0.0681071869767131,0.0356471511659367
6.83631390346672,0.0525955552685925,-0.00412408173056784,0.0154722378906615,0.0397731167055833,0.0371233173779311,-0.0438971984361512,0.068067793159254,0.0356490349750155
6.83812054033338,0.05254912277941,-0.00412577274592267,0.0154791819313004,0.0397767436946012,0.0370699408481096,-0.0439025164405239,0.0680283047107103,0.0356509709486786
6.83992717720005,0.0525025827787928,-0.00412747181138135,0.0154861407039357,0.0397804271376971,0.0370164420748571,-0.0439078989490784,0.0679887234827285,0.0356529553263157
6.84173381406672,0.0524559334621304,-0.00412918188251984,0.0154931161348589,0.0397841670578176,0.0369628173272715,-0.0439133489403375,0.0679490495969893,0.0356549851752978
6.84354045093338,0.0524091763806769,-0.00413090558499376,0.0155001096436996,0.0397879617415335,0.0369090667369774,-0.0439188673265273,0.0679092860243765,0.0356570561565397
6.84534708780005,0.0523623116807368,-0.004132645635694,0.0155071228342923,0.0397918102177298,0.0368551888464445,-0.0439244558534238,0.067869434515029,0.0356591645820358
6.84715372466672,0.052315337451218,-0.00413440514759845,0.0155141577364743,0.0397957125162785,0.0368011797147437,-0.0439301176638769,0.0678294951876923,0.03566130736868
6.84896036153338,0.0522682554543664,-0.00413618658434493,0.0155212156539192,0.0397996668608949,0.0367470398004472,-0.0439358534452399,0.0677894711082856,0.03566348027655
6.85076699840005,0.052221065704338,-0.00413799267447404,0.0155282982096143,0.0398036723492797,0.0366927674947237,-0.0439416650237538,0.0677493639139523,0.0356656796748057
6.85257363526672,0.0521737662662658,-0.00413982668338445,0.0155354075263303,0.0398077289744034,0.0366383587399354,-0.0439475556577878,0.0677091737925961,0.0356679022910189
6.85438027213338,0.0521263590308892,-0.00414169090155724,0.0155425447927817,0.0398118349461231,0.0365838142381074,-0.0439535258476803,0.0676689038236709,0.0356701440445658
6.85618690900005,0.0520788438303572,-0.00414358810809103,0.0155497116788799,0.0398159894456033,0.0365291321514773,-0.0439595775536943,0.0676285555092372,0.0356724013375123
6.85799354586672,0.0520312189376847,-0.00414552164745899,0.0155569103352491,0.03982019232563,0.0364743086024356,-0.043965713973089,0.0675881292729339,0.035674670678171
6.85980018273338,0.0519834861406557,-0.00414749369421171,0.0155641418911094,0.0398244418906555,0.0364193442495463,-0.0439719355848672,0.0675476280317651,0.0356769481964438
6.86160681960005,0.0519356451662852,-0.00414950708042358,0.0155714080576284,0.0398287373622636,0.0363642371086568,-0.0439782444426872,0.0675070532239136,0.03567923028184
6.86341345646672,0.0518876944958852,-0.00415156519740267,0.0155787109940532,0.0398330784633962,0.036308983501832,-0.0439846436607989,0.0674664054899385,0.0356815132659936
6.86522009333338,0.0518396358140768,-0.00415367011988882,0.0155860517797247,0.0398374635879302,0.0362535840343521,-0.043991133707819,0.0674256875938015,0.0356837934680414
6.86702673020005,0.0517914687425325,-0.00415582474905281,0.0155934321766824,0.0398418919926985,0.0361980365658501,-0.0439977167417513,0.0673849009192149,0.0356860672436457
6.86883336706672,0.0517431919712781,-0.0041580324907963,0.0156008543335651,0.0398463632811396,0.0361423376377129,-0.0440043957719359,0.0673440463048432,0.0356883307903433
6.87064000393338,0.051694807081563,-0.00416029533616964,0.01560831928945,0.0398508759313852,0.036086487792113,-0.0440111712675548,0.0673031263710129,0.0356905805952155
6.87244664080005,0.0516463135895098,-0.00416261627155913,0.0156158288668642,0.0398554292303456,0.0360304847226457,-0.0440180455019047,0.067262142456374,0.0356928129587865
6.87425327766672,0.0515977023776091,-0.00416499868522108,0.0156233965218828,0.0398600226722979,0.0359743058557263,-0.044025021357519,0.0672210988994918,0.0356950239870768
6.87605991453338,0.051548939332328,-0.00416744450063483,0.0156310735964971,0.0398646548144573,0.035917865735831,-0.0440320993150922,0.0671800129288251,0.0356972103138225
6.87786655140005,0.0515000204636951,-0.00416995680552376,0.0156388667921383,0.0398693249686424,0.0358611536715568,-0.0440392817741661,0.0671388872558334,0.0356993681631186
6.87967318826672,0.0514509464254933,-0.00417253893825761,0.0156467759934584,0.0398740325303087,0.0358041704320349,-0.0440465714685663,0.0670977224189517,0.0357014935920511
6.88147982513338,0.0514017210584315,-0.0041751927708655,0.0156547986992359,0.0398787761305849,0.0357469223591957,-0.0440539689014504,0.0670565197576674,0.0357035833597194
6.88328646200005,0.0513523452871288,-0.00417792150852746,0.0156629345904812,0.0398835551010268,0.0356894106966476,-0.0440614766095542,0.0670152798776101,0.0357056335924993
6.88509309886672,0.051302820097928,-0.00418072840748653,0.0156711833101639,0.0398883687486097,0.0356316367877641,-0.0440690971560963,0.0669740034080919,0.0357076403411232
6.88689973573338,0.0512531491143077,-0.00418361530444248,0.0156795425057843,0.0398932157732055,0.0355736066085234,-0.044076831077648,0.066932691620092,0.035709600468763
6.88870637260005,0.051203333156309,-0.00418658553815086,0.0156880119454293,0.0398980955209365,0.0355153212108797,-0.0440846810590873,0.0668913451017384,0.0357115099827856
6.89051300946672,0.0511533735213317,-0.00418964225048912,0.0156965910421543,0.0399030072206388,0.0354567824791774,-0.0440926494711279,0.066849964563486,0.0357133649701496
6.89231964633338,0.0511032736263753,-0.00419278725894629,0.0157052775862973,0.0399079496357568,0.0353979960400781,-0.0441007368947031,0.0668085512126726,0.0357151623768105
6.89412628320005,0.0510530341976543,-0.00419602405197509,0.0157140714271385,0.0399129221218091,0.0353389627705158,-0.0441089461737841,0.0667671056247927,0.035716898069834
6.89593292006672,0.0510026568221229,-0.00419935562484594,0.0157229717595848,0.0399179238398335,0.0352796850625381,-0.0441172794646795,0.0667256285817077,0.0357185682149876
6.89773955693338,0.0509521447210526,-0.00420278379195808,0.0157319765109294,0.0399229536116765,0.0352201682101232,-0.0441257374036345,0.066684121231982,0.0357201698197184
6.89954619380005,0.0509014985375829,-0.00420631220758093,0.0157410856057632,0.0399280107970824,0.0351604129318197,-0.0441343230046633,0.0666425841433461,0.0357216985895015
6.90135283066672,0.0508507201267198,-0.00420994368813792,0.0157502980326104,0.0399330944996316,0.0351004220941094,-0.0441430381877695,0.0666010181593303,0.0357231508114937
6.90315946753338,0.0507998125247583,-0.00421368006105856,0.0157596118498363,0.0399382035944022,0.035040200674922,-0.0441518836554607,0.0665594243745946,0.0357245235333436
6.90496610440005,0.0507487763025137,-0.00421752516254911,0.0157690270514589,0.0399433374401937,0.0349797492510548,-0.0441608626027428,0.0665178033539726,0.0357258122776446
6.90677274126672,0.0506976135615411,-0.00422148159794597,0.0157785424313864,0.0399484950934706,0.0349190711301547,-0.0441699766914166,0.0664761559929274,0.0357270134955247
6.90857937813338,0.0506463271639106,-0.00422555122382889,0.0157881561731731,0.0399536754773716,0.0348581709907375,-0.0441792267012005,0.0664344833370837,0.0357281242535427
6.91038601500005,0.0505949176188647,-0.00422973807446076,0.0157978683343804,0.0399588779445813,0.0347970492844843,-0.0441886160190421,0.0663927859532451,0.0357291398701206
6.91219265186672,0.0505433872530052,-0.00423404451185089,0.0158076775260677,0.0399641015147886,0.0347357097269375,-0.0441981460266395,0.0663510647790729,0.0357300570029377
6.91399928873338,0.0504917387649281,-0.00423847243784947,0.0158175820510946,0.0399693451540227,0.0346741567138335,-0.0442078175918722,0.0663093208160228,0.0357308727161732
6.91580592560005,0.0504399726130547,-0.00424302610089632,0.0158275820246828,0.0399746082036826,0.0346123905883719,-0.0442176343045789,0.0662675546377376,0.0357315821027863
6.91761256246672,0.0503880913275307,-0.0042477075874334,0.0158376758868095,0.0399798896570227,0.0345504154407212,-0.0442275972444561,0.0662257672143401,0.0357321820695893
6.91941919933338,0.0503360974542294,-0.00425251886070138,0.0158478620537558,0.0399851885177928,0.0344882354004736,-0.0442377073784941,0.0661839595079852,0.0357326696570914
6.92122583620005,0.0502839914115022,-0.00425746439943691,0.0158581406925213,0.0399905041109354,0.0344258507189809,-0.0442479685103723,0.0661421321040235,0.0357330397114985
6.92303247306672,0.0502317759115358,-0.00426253991098523,0.0158685100837668,0.0399958268275114,0.034363265827769,-0.0442583667384966,0.0661002859953027,0.0357332869165261
6.92483910993338,0.0501794533582329,-0.00426773543230119,0.0158789687513123,0.040001138727889,0.0343004846069205,-0.0442688741601902,0.0660584221095452,0.0357334032955878
6.92664574680005,0.0501270241406254,-0.00427305316577598,0.0158895169080511,0.0400064355476593,0.0342375072325743,-0.0442794887134353,0.0660165410486766,0.0357333823818833
6.92845238366672,0.0500744911314393,-0.00427849282872938,0.0159001526870946,0.0400117138239909,0.0341743384443447,-0.0442902066527203,0.0659746438185339,0.0357332209952615
6.93025902053338,0.0500218566033568,-0.00428405476473678,0.0159108747139187,0.0400169700879801,0.0341109818894381,-0.0443010248527169,0.0659327313172755,0.0357329153232433
6.93206565740005,0.0499691209268431,-0.0042897416713551,0.015921683241427,0.040022200377407,0.034047437685416,-0.0443119420487621,0.0658908041682701,0.0357324587060519
6.93387229426672,0.0499162871136595,-0.004295553000629,0.0159325762669482,0.0400274013853674,0.0339837108467112,-0.0443229543859964,0.0658488633806077,0.0357318483847384
6.93567893113338,0.04986335731602,-0.0043014892048183,0.0159435525117301,0.0400325696636592,0.0339198048042899,-0.0443340588684775,0.0658069098277501,0.0357310804588409
6.93748556800005,0.0498103318965734,-0.00430755314312506,0.0159546122628044,0.0400377010526146,0.033855719633769,-0.0443452541957396,0.0657649441593778,0.0357301479094895
6.93929220486672,0.0497572139846146,-0.00431374399220956,0.0159657533934826,0.0400427924428952,0.033791460591132,-0.0443565364351047,0.0657229673780973,0.0357290484506856
6.94109884173338,0.0497040056226408,-0.0043200623180714,0.0159769747149022,0.0400478403861803,0.0337270309077386,-0.0443679027042517,0.065680980337543,0.0357277780681089
6.94290547860005,0.0496507071762349,-0.00432651114661117,0.0159882765423382,0.0400528405045352,0.0336624306338967,-0.0443793516511463,0.0656389837185731,0.035726329357924
6.94471211546672,0.0495973218707238,-0.00433308936899699,0.0159996566368529,0.0400577899278269,0.0335976652338709,-0.0443908792968238,0.0655969785075767,0.0357247005588299
6.94651875233338,0.0495438516496376,-0.00433979767002143,0.0160111138935893,0.0400626851867969,0.0335327377560483,-0.0444024828568183,0.0655549655432269,0.0357228875167755
6.94832538920005,0.0494902968922465,-0.00434663924733927,0.0160226486501836,0.0400675216644223,0.0334676482420629,-0.0444141609117616,0.0655129455424301,0.035720882417083
6.95013202606672,0.0494366608984049,-0.00435361269651674,0.0160342585672141,0.0400722967714164,0.0334024023311908,-0.0444259094679331,0.0654709194656191,0.0357186840748997
6.95193866293338,0.0493829454770314,-0.00436071890611689,0.0160459426617055,0.0400770069557888,0.033337002815326,-0.0444377258619057,0.0654288881387369,0.035716288049672
6.95374529980005,0.0493291511710261,-0.00436796101083466,0.0160577011564954,0.0400816474635296,0.0332714500145307,-0.0444496084743643,0.0653868523275215,0.035713686452695
6.95555193666672,0.0492752811940767,-0.00437533754029424,0.0160695317547215,0.0400862159049169,0.0332057494393552,-0.0444615534452111,0.0653448129487982,0.0357108783646227
6.95735857353338,0.0492213372573236,-0.00438284956599452,0.0160814335682448,0.0400907086229586,0.0331399036890788,-0.0444735581889531,0.0653027708255684,0.035707859056964
6.95916521040005,0.0491673201389924,-0.00439050000262333,0.0160934066314291,0.0400951208331104,0.0330739135075633,-0.0444856208357338,0.0652607267704215,0.0357046208304871
6.96097184726672,0.0491132328841576,-0.00439828746585506,0.0161054487695301,0.0400994502595819,0.0330077841146275,-0.0444977377254369,0.0652186816536877,0.0357011627937268
6.96277848413338,0.0490590771479989,-0.00440621316620042,0.0161175591548812,0.0401036931411644,0.0329415179931177,-0.0445099063073648,0.0651766363028801,0.035697479974964
6.96458512100005,0.049004853922564,-0.00441427978823021,0.0161297376451396,0.0401078447044178,0.0328751162774244,-0.044522124492648,0.0651345915677036,0.0356935649161876
6.96639175786672,0.048950566095066,-0.00442248603872496,0.0161419821817947,0.0401119027666647,0.0328085839132713,-0.0445343888053897,0.0650925482768608,0.0356894167279397
6.96819839473338,0.0488962152754751,-0.00443083327226011,0.0161542919917703,0.0401158634416595,0.0327419232837047,-0.0445466967139196,0.0650505072672454,0.0356850301693994
6.97000503160005,0.0488418026481591,-0.00443932393318167,0.0161666667677818,0.0401197220087059,0.0326751358803772,-0.0445590459418875,0.0650084694159409,0.0356803980755242
6.97181166846672,0.0487873309532204,-0.00444795682442939,0.0161791045616709,0.0401234763574188,0.0326082263915495,-0.0445714331818482,0.0649664355148914,0.0356755195329895
6.97361830533338,0.0487328017661711,-0.00445673344969899,0.0161916046490669,0.0401271224556972,0.0325411971171043,-0.0445838559053962,0.064924406415238,0.0356703890059982
6.97542494220005,0.0486782164421964,-0.00446565600300278,0.0162041665695112,0.0401306556772274,0.0324740498726852,-0.0445963116802302,0.0648823830117076,0.0356649996742246
6.97723157906672,0.0486235775850393,-0.004474723388494,0.0162167884793134,0.0401340739630979,0.0324067891057259,-0.0446087973515919,0.0648403660643528,0.0356593505746039
6.97903821593338,0.0485688867465053,-0.00448393726404299,0.0162294696969259,0.0401373731145308,0.0323394170495794,-0.0446213103785738,0.0647983564434312,0.0356534358504878
6.98084485280005,0.0485141454310944,-0.00449329956321913,0.0162422096204827,0.040140548641236,0.0322719358106117,-0.0446338482044552,0.0647563550515771,0.0356472490780169
6.98265148966672,0.0484593561169415,-0.00450280929644436,0.0162550065048775,0.0401435985149549,0.032204349612064,-0.0446464078113993,0.0647143626218191,0.0356407892185105
6.98445812653338,0.0484045203428962,-0.00451246828081755,0.0162678597055027,0.0401465183494143,0.0321366606373936,-0.0446589866302318,0.0646723800483989,0.0356340500685967
6.98626476340005,0.0483496397412714,-0.00452227935353954,0.0162807684908514,0.0401493021714399,0.03206887125042,-0.0446715815249795,0.0646304082321227,0.0356270228179004
6.98807140026672,0.048294716675345,-0.00453224537332296,0.0162937312085183,0.0401519426777363,0.0320009854668267,-0.0446841880510592,0.0645884478838633,0.0356196973044133
6.98987803713338,0.0482397526817625,-0.00454236566955589,0.0163067472449524,0.0401544390242011,0.0319330054368101,-0.0446968046937569,0.064546499926715,0.0356120733546452
6.99168467400005,0.0481847494991459,-0.00455263809675986,0.016319815750772,0.0401567921066203,0.031864933748374,-0.0447094302033802,0.0645045652499179,0.0356041540098605
6.99349131086672,0.0481297093866685,-0.00456305842874205,0.0163329351603907,0.040159004794864,0.0317967742262778,-0.044722063223606,0.0644626445470592,0.0355959463661219
6.99529794773338,0.0480746338895222,-0.00457362527721749,0.0163461048854301,0.0401610772701173,0.0317285290040921,-0.0447347025473348,0.0644207387749522,0.0355874519928998
6.99710458460005,0.0480195248311365,-0.00458433619065133,0.0163593239704003,0.0401630107107257,0.0316602008607362,-0.044747346901377,0.0643788488015368,0.0355786745200744
6.99891122146672,0.0479643843773301,-0.00459518716806222,0.0163725909306499,0.0401648078079874,0.0315917934466802,-0.0447599949760496,0.06433697530798,0.0355696206399252
7.00071785833338,0.0479092140925941,-0.00460617688677842,0.0163859051970903,0.0401664686469695,0.0315233088955038,-0.0447726455337479,0.0642951192896843,0.0355602917601911
7.00252449520005,0.0478540158636616,-0.00461730261967213,0.0163992657198909,0.0401679946728383,0.0314547501437707,-0.0447852972925104,0.0642532815835525,0.0355506920531662
7.00433113206672,0.0477987917737489,-0.00462856057574144,0.016412671089451,0.040169388406189,0.0313861206842979,-0.0447979489819304,0.0642114628631999,0.0355408278304475
7.00613776893338,0.0477435434173965,-0.00463994948269665,0.0164261207500891,0.0401706498438398,0.0313174226673074,-0.0448105993265365,0.0641696641674856,0.0355307003611431
7.00794440580005,0.0476882727231397,-0.00465146636827993,0.016439613569399,0.0401717806820397,0.0312486591537407,-0.0448232470503196,0.0641278862925386,0.0355203143137597
7.00975104266672,0.047632981702343,-0.00466310763623776,0.016453148206949,0.0401727832785506,0.0311798334953939,-0.0448358909147884,0.064086129909292,0.0355096756423128
7.01155767953338,0.0475776719903481,-0.00467487204942997,0.0164667241145808,0.0401736575498103,0.0311109478757673,-0.0448485295992402,0.0640443961049288,0.0354987855003803
7.01336431640005,0.0475223455359892,-0.00468675642093281,0.0164803400890797,0.0401744054274125,0.0310420054469095,-0.0448611618483453,0.0640026856250689,0.0354876490064797
7.01517095326672,0.0474670042895309,-0.0046987573340089,0.0164939948532992,0.0401750291141539,0.0309730094362317,-0.0448737864481628,0.0639609991428301,0.035476271780145
7.01697759013338,0.0474115570872592,-0.00471087357143641,0.0165075565501321,0.0401755284539628,0.0309040005371271,-0.0448864020253992,0.0639191136373913,0.0354646548825264
7.01878422700005,0.0473559067603777,-0.00472310176208881,0.0165208837455259,0.0401759055980381,0.0308350230148518,-0.0448990073601269,0.0638767905059035,0.0354528038359493
7.02059086386672,0.0473000572426278,-0.00473543865351306,0.0165339780959992,0.0401761626020816,0.0307660791466285,-0.0449116012555947,0.063834035338627,0.0354407239485686
7.02239750073338,0.0472440092750439,-0.00474788303317395,0.0165468376250344,0.0401762992453795,0.0306971716500095,-0.0449241822785534,0.0637908469000783,0.0354284162122055
7.02420413760005,0.0471877678550148,-0.00476043137620567,0.0165594653682192,0.0401763178829988,0.0306283024867956,-0.0449367492592045,0.063747233223234,0.0354158865067932
7.02601077446672,0.0471313372334399,-0.00477308057920806,0.0165718635381182,0.040176220431415,0.0305594736953217,-0.044949301010623,0.0637032007715581,0.0354031398522069
7.02781741133338,0.0470747181057553,-0.00478582941910045,0.0165840299802866,0.0401760066131424,0.0304906881254687,-0.0449618360322428,0.0636587480860418,0.0353901771940419
7.02962404820005,0.0470179157444714,-0.00479867424774146,0.0165959681464042,0.0401756789713764,0.0304219475980671,-0.0449743532191179,0.0636138838908756,0.0353770047236349
7.03143068506672,0.0469609341709643,-0.00481161209555176,0.0166076800108717,0.0401752392912361,0.0303532541600926,-0.0449868513867879,0.063568614181836,0.0353636271956844
7.03323732193338,0.0469037740544768,-0.00482464171367411,0.0166191632476715,0.0401746872463331,0.0302846108068053,-0.0449993289600072,0.0635229373021483,0.035350045532659
7.03504395880005,0.0468464409038309,-0.00483775936115413,0.0166304217118655,0.0401740255522531,0.0302160191919654,-0.0450117849134072,0.0634768626156964,0.035336266191099
7.03685059566672,0.0467889385302839,-0.00485096218700228,0.0166414571460444,0.0401732558706275,0.0301474813842395,-0.0450242180576298,0.0634303956763283,0.0353222936836253
7.03865723253338,0.0467312675962917,-0.00486424890135267,0.0166522670589742,0.0401723778340341,0.0300790005373175,-0.0450366267353867,0.063383534655266,0.0353081289326814
7.04046386940005,0.0466734338081763,-0.0048776157009017,0.0166628556963875,0.0401713943147107,0.0300105781117888,-0.0450490100156125,0.0633362895045638,0.035293778613809
7.04227050626672,0.0466154407864825,-0.00489105983801742,0.0166732245754203,0.0401703068586711,0.0299422162110622,-0.0450613666966885,0.0632886653619028,0.0352792470206536
7.04407714313338,0.0465572892062835,-0.00490457996659412,0.0166833710459786,0.0401691150653273,0.0298739181603049,-0.0450736950319214,0.0632406602522621,0.0352645350987331
7.04588378000005,0.0464989849325911,-0.00491817225144204,0.0166932997317538,0.0401678219478316,0.0298056852008373,-0.0450859941992737,0.0631922846643449,0.0352496496963896
7.04769041686672,0.0464405314146428,-0.00493183403305521,0.016703011930784,0.0401664289444482,0.0297375194838588,-0.0450982629775034,0.0631435433454268,0.035234594911393
7.04949705373338,0.0463819293595353,-0.00494556389385651,0.0167125048404685,0.0401649356292945,0.0296694245190668,-0.045110499523151,0.0630944342000038,0.0352193717354379
7.05130369060005,0.0463231847521587,-0.00495935799723312,0.0167217834497488,0.0401633451406975,0.0296014013024099,-0.0451227031379307,0.0630449682019075,0.0352039871434644
7.05311032746672,0.0462643007620297,-0.00497321381209281,0.0167308486444362,0.0401616587281896,0.0295334521175935,-0.0451348725402824,0.0629951494064659,0.0351884449160968
7.05491696433338,0.0462052785311307,-0.00498712966759764,0.0167396980742286,0.0401598762150178,0.029465580456902,-0.0451470058826155,0.0629449766053593,0.0351727465474202
7.05672360120005,0.0461461237419624,-0.00500110192273291,0.0167483364821566,0.0401580005823904,0.0293977872598058,-0.0451591025051233,0.062894460224119,0.0351568986596575
7.05853023806672,0.0460868394462731,-0.00501512809098095,0.0167567645470948,0.0401560329925394,0.0293300748991783,-0.0451711610835204,0.0628436039933678,0.0351409049015585
7.06033687493338,0.0460274271961527,-0.00502920627227567,0.0167649803790429,0.0401539735115793,0.0292624468171098,-0.045183179783855,0.0627924075751956,0.0351247672393036
7.06214351180005,0.0459678923770854,-0.00504333301239929,0.0167729884607614,0.0401518249619923,0.0291949039163241,-0.0451951579743916,0.0627408808378468,0.035108491949593
7.06395014866672,0.0459082379471342,-0.00505750585203389,0.0167807892774487,0.0401495884297382,0.0291274486696855,-0.0452070942817721,0.0626890272245829,0.0350920825777043
7.06575678553338,0.0458484658296849,-0.00507172269234835,0.0167883813866952,0.0401472642080608,0.0290600844429898,-0.0452189869004092,0.0626368472163801,0.0350755415157125
7.06756342240005,0.0457885811326113,-0.00508598025069028,0.0167957690173474,0.0401448549685854,0.0289928121152638,-0.0452308352192757,0.0625843501499587,0.0350588747178951
7.06937005926672,0.045728586739696,-0.00510027607970978,0.0168029524672824,0.0401423617288683,0.0289256342724137,-0.0452426378085781,0.0625315392069784,0.0350420856491585
7.07117669613338,0.0456684849068105,-0.00511460791227367,0.0168099307289701,0.0401397849935444,0.0288585541778404,-0.045254392905818,0.0624784156357806,0.0350251770812707
7.07298333300005,0.0456082804836231,-0.00512897262206396,0.0168167077836986,0.0401371272912512,0.0287915726999245,-0.0452660999133151,0.0624249882673217,0.0350081546691872
7.07478996986672,0.0455479762990419,-0.00514336775846616,0.0168232837483792,0.0401343895790116,0.0287246925506628,-0.0452777573374777,0.0623712600474211,0.0349910218205454
7.07659660673338,0.0454875749026129,-0.0051577909165097,0.0168296580376514,0.0401315725571123,0.0286579168649614,-0.045289363473622,0.0623172329402643,0.0349737816406026
7.07840324360005,0.0454270809052043,-0.00517223911097803,0.0168358343915993,0.0401286786190722,0.028591246513605,-0.0453009177300503,0.0622629152968036,0.0349564395080942
7.08020988046672,0.0453664971002553,-0.00518670987276146,0.0168418127525241,0.0401257086692499,0.0285246843477312,-0.0453124185420114,0.0622083098527793,0.0349389987964885
7.08201651733338,0.0453058262921752,-0.00520120068951414,0.0168475929445235,0.0401226635878459,0.0284582333476518,-0.04532386427736,0.0621534192366987,0.0349214628983317
7.08382315420005,0.0452450728724382,-0.00521570870189059,0.0168531784728334,0.0401195456411304,0.0283918943996048,-0.045335254343021,0.0620982513452717,0.0349038369392398
7.08562979106672,0.0451842396184196,-0.00523023140705344,0.0168585691115011,0.0401163556886657,0.0283256705069184,-0.0453465870957192,0.0620428087299207,0.0348861242816123
7.08743642793338,0.0451233295505812,-0.0052447662157452,0.0168637650813705,0.0401130947748279,0.0282595644692107,-0.0453578609905731,0.0619870946319516,0.0348683285590827
7.08924306480005,0.0450623468604083,-0.00525931037925954,0.0168687696591855,0.0401097650465074,0.0281935772012228,-0.0453690754257669,0.0619311165195937,0.0348504546672479
7.09104970166672,0.0450012943286178,-0.00527386134580007,0.0168735824570939,0.0401063673263404,0.0281277118715239,-0.0453802286721405,0.0618748767857118,0.0348325059805403
7.09285633853338,0.0449401751529137,-0.00528841647966079,0.0168782040799763,0.0401029028071399,0.0280619710729374,-0.0453913192868007,0.06181837923289,0.0348144863274791
7.09466297540005,0.0448789933441977,-0.00530297312754287,0.0168826375824392,0.0400993735242854,0.0279963557617585,-0.0454023466518283,0.0617616309266369,0.0347964003967426
7.09646961226672,0.0448177517059335,-0.00531752867345923,0.0168868824210873,0.0400957802713562,0.0279308692848462,-0.0454133089448154,0.0617046341270208,0.034778251597897
7.09827624913339,0.0447564535742563,-0.00533208046571897,0.0168909395721254,0.040092124373864,0.0278655140021308,-0.045424204839583,0.0616473931463817,0.0347600439081451
7.10008288600005,0.0446951027988897,-0.0053466259311985,0.0168948118743791,0.0400884077635468,0.0278002909245106,-0.0454350336947453,0.0615899146732688,0.0347417818323483
7.10188952286672,0.0446337022254501,-0.00536116237448868,0.0168984986352651,0.0400846312127954,0.027735203590185,-0.0454457935872841,0.0615322008607152,0.0347234688383067
7.10369615973338,0.0445722552896923,-0.00537568715837737,0.016902001189602,0.0400807961640823,0.0276702541000903,-0.0454564833224597,0.0614742564792943,0.034705109005705
7.10550279660005,0.0445107656995678,-0.00539019777468457,0.0169053221667891,0.0400769044533727,0.0276054435327787,-0.0454671022280573,0.0614160878663568,0.0346867066786881
7.10730943346672,0.0444492363622505,-0.0054046914333469,0.0169084607314115,0.0400729568397397,0.027540775630839,-0.0454776482730866,0.061357697093662,0.0346682654063928
7.10911607033338,0.044387670774305,-0.00541916554209419,0.0169114185641897,0.0400689548668765,0.0274762522101153,-0.0454881204089707,0.0612990893384947,0.0346497893247824
7.11092270720005,0.0443260725213152,-0.00543361764245895,0.0169141980914533,0.0400649002828461,0.0274118744298619,-0.0454985179253051,0.0612402706127685,0.0346312826403872
7.11272934406672,0.0442644445914185,-0.00544804483449132,0.0169167983413105,0.0400607938412709,0.0273476462501081,-0.0455088386757623,0.061181242932729,0.0346127490067796
7.11453598093338,0.0442027905031779,-0.00546244460132734,0.016919221327673,0.0400566371713291,0.0272835691755049,-0.0455190817726564,0.0611220118308509,0.0345941925700017
7.11634261780005,0.0441411137392153,-0.00547681451897926,0.0169214692801562,0.0400524319410482,0.0272196444590591,-0.0455292464600275,0.0610625830193715,0.034575617422069
7.11814925466672,0.0440794173880372,-0.00549115156238019,0.0169235410967465,0.0400481789064716,0.0271558762912907,-0.0455393304688518,0.0610029584847838,0.0345570273440915
7.11995589153338,0.0440177049513941,-0.00550545332053471,0.0169254391118363,0.0400438797665214,0.0270922658395578,-0.0455493330870561,0.0609431440632304,0.0345384264459867
7.12176252840005,0.0439559798283514,-0.00551971738870377,0.0169271653646816,0.0400395361170616,0.0270288144636698,-0.0455592535057653,0.060883145193033,0.0345198187283578
7.12356916526672,0.0438942452271901,-0.0055339406014716,0.0169287186295035,0.0400351487244235,0.0269655265976866,-0.0455690893258951,0.0608229638566936,0.0345012081229519
7.12537580213339,0.043832504594037,-0.0055481206841743,0.0169301015484631,0.0400307193415361,0.0269024030455739,-0.0455788400257104,0.0607626061425001,0.0344825986573618
7.12718243900005,0.0437707612638069,-0.00556225523609043,0.0169313159768135,0.0400262494999678,0.0268394452869934,-0.0455885047360582,0.0607020772406204,0.0344639942638773
7.12898907586672,0.0437090185839603,-0.00557634093622319,0.0169323605713656,0.0400217399842085,0.0267766580125947,-0.0455980809204317,0.0606413791553259,0.0344453990479853
7.13079571273339,0.0436472799061899,-0.00559037567670411,0.0169332382693385,0.0400171925854549,0.0267140416368514,-0.045607568262159,0.0605805181755284,0.0344268169087508
7.13260234960005,0.0435855485206652,-0.00560438178209165,0.0169339507483368,0.0400126437615351,0.0266515977723284,-0.0456170255436267,0.060519499269002,0.0344082619794434
7.13440898646672,0.0435238279334312,-0.00561839071904881,0.0169344965541171,0.0400081437617121,0.0265893313793141,-0.0456265344807609,0.0604583244875484,0.0343897530426633
7.13621562333338,0.0434621213629362,-0.00563240084358939,0.016934878906246,0.0400036947767753,0.0265272424566902,-0.0456360956203647,0.0603970002691822,0.0343712939331859
7.13802226020005,0.0434004320740092,-0.00564640997679185,0.016935099311035,0.0399992986002417,0.0264653327629741,-0.0456457085770335,0.0603355313850442,0.0343528886234498
7.13982889706672,0.0433387637506864,-0.00566041586213362,0.0169351562095421,0.0399949580865918,0.0264036075411442,-0.0456553739487255,0.0602739199602285,0.0343345422244582
7.14163553393338,0.0432771194393592,-0.00567441633720161,0.0169350530909694,0.0399906743781914,0.0263420663483898,-0.045665090715393,0.0602121725303286,0.0343162580409898
7.14344217080005,0.0432155023989225,-0.00568840923709787,0.0169347912966924,0.0399864493066441,0.0262807111022301,-0.0456748585437419,0.060150293695615,0.0342980400695462
7.14524880766672,0.0431539165108087,-0.00570239218531136,0.0169343691694247,0.0399822858831531,0.026219547341384,-0.0456846780684645,0.0600882856802334,0.0342798936978418
7.14705544453338,0.0430923646105424,-0.00571636313818351,0.0169337904552938,0.0399781850439525,0.0261585741552486,-0.045694548182136,0.0600261550658362,0.0342618219057689
7.14886208140005,0.0430308499830724,-0.00573031992697931,0.0169330562892714,0.0399741486906377,0.026097793693801,-0.045704468617617,0.0599639062723439,0.0342438287636584
7.15066871826672,0.0429693766888819,-0.00574426005762253,0.016932165065549,0.0399701799407089,0.0260372116233329,-0.0457144399983314,0.0599015417544309,0.0342259198830864
7.15247535513339,0.0429079473515685,-0.00575818161557564,0.0169311206310024,0.0399662795633717,0.0259768267205661,-0.0457244611789474,0.0598390679825709,0.0342080979477961
7.15428199200005,0.0428465653286563,-0.00577208240127304,0.0169299238703295,0.0399624495724237,0.0259166414583268,-0.0457345319736968,0.0597764891989857,0.0341903671711507
7.15608862886672,0.042785234759989,-0.00578595984810754,0.0169285735296993,0.0399586930485723,0.0258566612302898,-0.0457446528966798,0.0597138082896883,0.0341727332004647
7.15789526573339,0.0427239581375216,-0.00579981213841829,0.0169270732498802,0.0399550107257619,0.0257968848876414,-0.0457548228641802,0.0596510313874017,0.0341551985873436
7.15970190260005,0.0426627388904648,-0.00581363703550438,0.0169254237760546,0.0399514047011668,0.0257373151144102,-0.0457650417366712,0.0595881626665194,0.0341377676656624
7.16150853946672,0.0426015811992136,-0.00582743192580685,0.0169236241936595,0.039947877996056,0.0256779570055541,-0.0457753099218628,0.0595252053928732,0.0341204460702491
7.16331517633339,0.0425404874434846,-0.00584119507575214,0.0169216779437109,0.0399444313204362,0.0256188094997737,-0.0457856263961884,0.0594621653871955,0.0341032362446841
7.16512181320005,0.0424794611435814,-0.00585492419871376,0.0169195856382311,0.0399410668661799,0.0255598755053503,-0.0457959910648937,0.0593990467818125,0.0340861426674661
7.16692845006672,0.0424185064816389,-0.00586861665976099,0.0169173466892142,0.0399377875724732,0.0255011597924247,-0.0458064042322342,0.0593358531708531,0.0340691709127122
7.16873508693338,0.042357625744541,-0.00588227079661767,0.0169149643442784,0.0399345941367075,0.0254426614002626,-0.0458168649333252,0.0592725900888194,0.0340523233400899
7.17054172380005,0.0422968225630894,-0.00589588425994155,0.016912439088643,0.0399314888567757,0.0253843834744465,-0.0458273731167172,0.0592092616517324,0.0340356045968341
7.17234836066672,0.0422361010823483,-0.00590945441901039,0.0169097706481472,0.039928474567137,0.0253263304342011,-0.0458379289861474,0.0591458717304955,0.0340190201481266
7.17415499753338,0.0421754635157741,-0.00592297967005515,0.0169069620833675,0.0399255519638887,0.0252685014324066,-0.0458485316339438,0.0590824255991416,0.0340025722938335
7.17596163440005,0.0421149136240723,-0.00593645758822841,0.0169040137590747,0.0399227234622678,0.0252108998649976,-0.0458591810504962,0.059018927383147,0.0339862658740394
7.17776827126672,0.042054455476425,-0.00594988557259554,0.0169009257022427,0.0399199917693602,0.0251535297741823,-0.0458698773419558,0.0589553811786676,0.0339701061967647
7.17957490813339,0.0419940912322672,-0.00596326206510499,0.0168977007927617,0.039917357591293,0.0250963904395054,-0.045880619656398,0.0588917920250289,0.033954095526188
7.18138154500005,0.0419338248016131,-0.00597658455261449,0.0168943392813104,0.0399148234719686,0.0250394855203028,-0.0458914080245831,0.0588281640829235,0.0339382389193541
7.18318818186672,0.0418736601389521,-0.0059898504895569,0.016890841483285,0.039912391968456,0.0249828186556671,-0.045902242458013,0.0587645016222372,0.0339225414788991
7.18499481873339,0.0418135993691035,-0.006003058350808,0.0168872101042456,0.0399100638082331,0.0249263892648579,-0.0459131221590411,0.0587008094733491,0.0339070054574251
7.18680145560005,0.0417536465707952,-0.00601620552214066,0.0168834452871337,0.0399078416751915,0.0248702012836615,-0.0459240471973322,0.0586370918579289,0.0338916361530509
7.18860809246672,0.0416938055450136,-0.00602928953893484,0.016879547623058,0.0399057279537372,0.0248142579219556,-0.045935017492672,0.0585733531680716,0.0338764384148023
7.19041472933339,0.0416340784013665,-0.00604230889620437,0.0168755196496031,0.0399037234040222,0.0247585587517633,-0.0459460323002266,0.0585095980509696,0.0338614145078179
7.19222136620005,0.0415744694067023,-0.006055260865847,0.0168713614083293,0.0399018308612491,0.024703107998373,-0.045957091727096,0.0584458308150316,0.0338465699954021
7.19402800306672,0.0415149821696923,-0.00606814308976993,0.0168670737533458,0.0399000525145168,0.0246479084163465,-0.0459681956042868,0.0583820559230382,0.0338319094247469
7.19583463993339,0.0414556188041394,-0.00608095407033461,0.0168626590606187,0.0398983891679734,0.0245929597435207,-0.045979343238308,0.058318277864758,0.0338174350976388
7.19764127680005,0.0413963837844172,-0.00609369095277415,0.016858117276681,0.0398968438194548,0.0245382665077362,-0.045990534772229,0.0582545010610982,0.0338031528666807
7.19944791366672,0.0413372804880717,-0.00610635151110256,0.016853449505933,0.0398954184401078,0.0244838309821387,-0.0460017699512103,0.0581907299940047,0.0337890669290052
7.20125455053339,0.0412783110525057,-0.00611893424223928,0.016848657969076,0.0398941138893995,0.0244296530834297,-0.0460130481316388,0.0581269690215818,0.0337751796471602
7.20306118740005,0.0412194801790236,-0.0061314361519626,0.0168437425239732,0.0398929333391214,0.0243757376550503,-0.046024369491084,0.0580632227029968,0.0337614971871588
7.20486782426672,0.0411607909752351,-0.0061438551719731,0.0168387045126033,0.0398918785198232,0.0243220864626318,-0.0460357336917963,0.0579994954878384,0.0337480233478501
7.20667446113339,0.0411022456215487,-0.00615618978095869,0.0168335460067596,0.0398909503576133,0.0242686996147891,-0.046047140138572,0.0579357916283082,0.0337347605766546
7.20848109800005,0.0410438484849896,-0.0061684368324527,0.0168282676031035,0.0398901522095618,0.0242155808818861,-0.0460585890420145,0.0578721160880931,0.0337217153771091
7.21028773486672,0.04098554500192,-0.00618059444142241,0.0168229519913086,0.0398894855429759,0.0241625930106114,-0.0460700799843983,0.0578084969932286,0.0337088911015535
7.21209437173339,0.040927288789748,-0.00619266105553343,0.0168176698673308,0.0398889513619282,0.0241096189224171,-0.0460816124174616,0.0577449586570788,0.0336962903063947
7.21390100860005,0.0408690826676404,-0.00620463336328514,0.0168124243166903,0.0398885532200892,0.0240566583509501,-0.0460931865833743,0.0576815069843307,0.033683919856804
7.21570764546672,0.0408109285976832,-0.00621650968849058,0.0168072178102506,0.039888292298879,0.0240037107874326,-0.0461048019873696,0.0576181464079338,0.0336717826103884
7.21751428233339,0.0407528284756993,-0.00622828843500388,0.0168020527474869,0.0398881696916567,0.0239507757282124,-0.0461164581266606,0.0575548812231862,0.0336598812566528
7.21932091920005,0.0406947852574252,-0.00623996611350019,0.0167969323544367,0.0398881891600164,0.0238978529029885,-0.0461281552735166,0.0574917176118619,0.0336482230465162
7.22112755606672,0.0406368007547475,-0.00625154128221819,0.0167918589674139,0.0398883515768456,0.0238449417873336,-0.0461398928590638,0.0574286597221614,0.0336368102946275
7.22293419293339,0.0405788768771192,-0.00626301228841054,0.0167868349799264,0.0398886581361125,0.0237920418971928,-0.046151670424523,0.0573657118570456,0.0336256458477019
7.22474082980005,0.0405210167298165,-0.00627437545213839,0.0167818637739833,0.0398891128186563,0.0237391529558332,-0.0461634882707947,0.0573028805037997,0.0336147373665179
7.22654746666672,0.0404632219485857,-0.00628562959164562,0.0167769475204393,0.0398897161661883,0.0236862744281464,-0.0461753457578339,0.057240169469025,0.0336040865745427
7.22835410353339,0.04040549446948,-0.00629677298479382,0.0167720886222894,0.039890469484608,0.0236334058471906,-0.0461872424694018,0.0571775830917694,0.0335936964998142
7.23016074040005,0.040347837560287,-0.00630780174824002,0.0167672906329707,0.0398913769853221,0.0235805469273163,-0.0461991787335621,0.0571151281932577,0.0335835752370821
7.23196737726672,0.0402902526546701,-0.00631876862556776,0.0167625555269672,0.0398923629981528,0.0235276971277029,-0.0462111316237206,0.0570528081816373,0.0335735943725851
7.23377401413339,0.0402327417282542,-0.0063297663359631,0.0167578857322172,0.0398932952758285,0.023474855996037,-0.0462230616117916,0.0569906274604714,0.0335635289398654
7.23558065100005,0.040175308224309,-0.006340796848315,0.0167532849890397,0.0398941696895966,0.0234220232352693,-0.0462349665379116,0.0569285932133487,0.0335533728412816
7.23738728786672,0.0401179533484731,-0.0063518582769311,0.0167487550446387,0.03989498789033,0.0233691983038344,-0.0462468461672611,0.0568667083931119,0.0335431296133989
7.23919392473339,0.0400606791289143,-0.00636294912906462,0.01674429836735,0.039895750866816,0.0233163807615643,-0.0462586999958806,0.0568049774962643,0.0335328017377514
7.24100056160005,0.040003489197355,-0.0063740684339166,0.0167399188998308,0.0398964585770306,0.0232635702975242,-0.0462705270109472,0.0567434080971859,0.033522390143114
7.24280719846672,0.0399463845054675,-0.00638521431119596,0.016735618131094,0.0398971127413249,0.0232107663743735,-0.0462823270525209,0.0566820026365616,0.033511898430129
7.24461383533339,0.0398893671469328,-0.00639638530510486,0.0167313985853289,0.0398977142897341,0.0231579685616039,-0.0462940995948389,0.0566207657322617,0.0335013289846292
7.24642047220005,0.0398324409548978,-0.0064075803941272,0.0167272644229848,0.0398982631745747,0.023105176531913,-0.0463058435687019,0.0565597053778826,0.0334906827804475
7.24822710906672,0.0397756066011256,-0.00641879772010698,0.0167232168439741,0.0398987611755424,0.0230523897571515,-0.0463175588956494,0.0564988234450997,0.0334799634554354
7.25003374593339,0.0397188663205208,-0.0064300358684552,0.0167192585036618,0.0398992091369572,0.0229996078168591,-0.0463292450054123,0.0564381248241826,0.033469173268502
7.25184038280005,0.0396622239724095,-0.0064412937206918,0.0167153936161422,0.0398996071066336,0.0229468303562672,-0.0463409008273254,0.0563776175885517,0.0334583133859418
7.25364701966672,0.0396056801109199,-0.00645256949540925,0.0167116232409193,0.0398999568173871,0.0228940568700006,-0.0463525263127963,0.0563173033518392,0.0334473873219778
7.25545365653339,0.0395492371041002,-0.00646386179745582,0.0167079501624727,0.0399002590533995,0.0228412869416275,-0.0463641208508553,0.0562571872665729,0.0334363972559437
7.25726029340005,0.0394928987253627,-0.00647516940535517,0.0167043785369438,0.0399005139976121,0.022788520188419,-0.0463756834029672,0.0561972772623065,0.0334253445922569
7.25906693026672,0.0394366655103229,-0.00648649062884738,0.0167009093795709,0.0399007232912641,0.022735756130752,-0.0463872139201115,0.0561375748898938,0.0334142326624167
7.26087356713339,0.0393805399444265,-0.00649782407626305,0.0166975455925067,0.0399008876800535,0.0226829943519198,-0.0463987117563165,0.0560780855369332,0.0334030636037904
7.26268020400005,0.0393245256892301,-0.00650916843986203,0.0166942912430302,0.039901007471915,0.0226302344461999,-0.0464101759117771,0.0560188169322602,0.033391839032053
7.26448684086672,0.0392686232748071,-0.00652052211216613,0.0166911473175688,0.0399010842215781,0.0225774759572383,-0.0464216063337442,0.0559597705923758,0.033380562109412
7.26629347773339,0.0392128353169721,-0.00653188369662131,0.016688116851404,0.0399011186413242,0.0225247184655681,-0.0464330023379456,0.0559009521683761,0.0333692349447029
7.26810011460005,0.0391571653394838,-0.00654325181595731,0.0166852037920422,0.0399011111539471,0.0224719615474416,-0.0464443629699044,0.055842369131526,0.0333578593379898
7.26990675146672,0.0391016138798448,-0.00655462493711025,0.016682409112554,0.0399010632327339,0.0224192047672908,-0.0464556881698441,0.0557840229923987,0.0333464382956236
7.27171338833339,0.0390461836972098,-0.00656600165027536,0.0166797359968061,0.0399009755616165,0.0223664477004037,-0.0464669772118919,0.0557259196940158,0.0333349739113411
7.27352002520005,0.0389908781515967,-0.00657738052538564,0.01667718824162,0.0399008486681133,0.0223136899099767,-0.0464782291934989,0.0556680663932167,0.0333234681427276
7.27532666206672,0.038935697800909,-0.00658876009542478,0.0166747668221672,0.0399006839491366,0.0222609309787418,-0.0464894440445614,0.0556104646230761,0.0333119238537118
7.27713329893339,0.0388806455606115,-0.00660013892897063,0.016672475086353,0.039900482065335,0.0222081704742585,-0.0465006209943056,0.0555531206469645,0.0333003431363643
7.27893993580005,0.038825724601041,-0.0066115155598919,0.016670316649405,0.0399002436388183,0.0221554079516361,-0.0465117591987102,0.055496041250446,0.0332887280789264
7.28074657266672,0.0387709355134717,-0.00662288857885446,0.0166682925040489,0.0398999699951906,0.0221026430094228,-0.046522858574045,0.0554392280175206,0.0332770814163361
7.28255320953339,0.0387162813826502,-0.00663425652445125,0.0166664061776853,0.0398996617768846,0.022049875204965,-0.0465339183013359,0.0553826875603355,0.0332654052524334
7.28435984640005,0.0386617651632894,-0.00664561791122104,0.0166646610730372,0.0398993196904671,0.0219971040902522,-0.0465449376016882,0.0553264262363267,0.0332537017792461
7.28616648326672,0.0386073874930055,-0.00665697137914397,0.0166630582158403,0.0398989449953009,0.0219443292771652,-0.0465559163744449,0.0552704457088458,0.033241973616157
7.28797312013339,0.0385531516387985,-0.00666831542846233,0.0166616013284441,0.0398985383206703,0.0218915503103543,-0.0465668537491326,0.0552147529672426,0.0332302228922079
7.28977975700005,0.0384990603138144,-0.00667964857111751,0.0166602935701576,0.0398981004474646,0.0218387667436568,-0.0465777490185821,0.0551593538839719,0.0332184518763471
7.29158639386672,0.0384451142149832,-0.00669096948803809,0.016659136015181,0.0398976325738725,0.0217859781998021,-0.0465886020619106,0.0551042502301642,0.0332066630858344
7.29339303073339,0.0383913168045283,-0.00670227663274856,0.0166581325962699,0.0398971353210966,0.0217331842082583,-0.0465994119538452,0.0550494494007982,0.0331948586883481
7.29519966760005,0.0383376705280882,-0.00671356853132623,0.0166572861984067,0.0398966095342154,0.0216803843296814,-0.0466101780655417,0.0549949567264949,0.0331830410028892
7.29700630446672,0.0382841761548769,-0.00672484389728166,0.0166565979597126,0.0398960563553101,0.0216275781951643,-0.0466209002525918,0.0549407741145895,0.0331712124580285
7.29881294133339,0.0382308373553125,-0.00673610112905475,0.0166560720388032,0.0398954764025688,0.0215747653165093,-0.0466315775316235,0.0548869093941156,0.033159375273514
7.30061957820005,0.0381776562815836,-0.00674733878359232,0.016655711015425,0.0398948705751245,0.0215219452661586,-0.0466422093587168,0.0548333672970086,0.0331475317915322
7.30242621506672,0.0381246337881593,-0.00675855559861962,0.0166555161070755,0.0398942399640183,0.0214691176810838,-0.0466527955626379,0.0547801498952348,0.0331356843653987
7.30423285193339,0.0380717737666235,-0.00676974990912569,0.0166554917136845,0.0398935851894911,0.021416282052939,-0.0466633350986168,0.054727265480308,0.0331238352803654
7.30603948880005,0.0380190780497729,-0.0067809203196603,0.0166556400788538,0.0398929071945963,0.0213634379709191,-0.0466738275142566,0.0546747181286266,0.033111986874936
7.30784612566672,0.037966547590303,-0.00679206558379663,0.0166559625149101,0.0398922070244022,0.0213105850753929,-0.0466842726081989,0.0546225101052131,0.0331001414406056
7.30965276253339,0.037914186513934,-0.00680318396470626,0.0166564636785552,0.0398914853062689,0.0212577228353788,-0.0466946692709751,0.0545706501924891,0.0330883013415626
7.31145939940005,0.0378619963081287,-0.00681427413127494,0.0166571454463331,0.0398907430170362,0.0212048508617956,-0.0467050171483112,0.0545191417544618,0.0330764688857613
7.31326603626672,0.0378099780367802,-0.00682533484455738,0.0166580092408575,0.0398899811608662,0.0211519687959227,-0.0467153160054236,0.0544679872776376,0.0330646463163088
7.31507267313339,0.0377581360727161,-0.00683636428754138,0.0166590599910552,0.0398892003773066,0.0210990760816609,-0.0467255646648479,0.0544171960637713,0.0330528360897652
7.31687931000005,0.0377064715321236,-0.00684736121018101,0.0166602991755038,0.0398884016668487,0.0210461723566199,-0.0467357628770297,0.0543667707076274,0.0330410404566676
7.31868594686672,0.0376549856030634,-0.00685832437264689,0.0166617283425579,0.0398875859978159,0.0209932572605055,-0.0467459103704628,0.0543167139456213,0.033029261625169
7.32049258373339,0.0376036829184427,-0.00686925186937537,0.0166633527088254,0.0398867540270092,0.0209403302096173,-0.0467560058963846,0.0542670356272681,0.0330175021576339
7.32229922060005,0.0375525641972299,-0.00688014254812357,0.0166651733240066,0.0398859067684387,0.0208873908732234,-0.0467660493165622,0.0542177375212365,0.0330057642203151
7.32410585746672,0.0375016307646255,-0.00689099515980993,0.0166671918776524,0.0398850451596554,0.0208344388869731,-0.0467760403194654,0.0541688226422779,0.0329940499998455
7.32591249433339,0.037450887526586,-0.00690180770195354,0.0166694138895065,0.0398841698797814,0.0207814736370795,-0.046785977581735,0.0541203014160925,0.0329823621778279
7.32771913120005,0.0374003347789201,-0.00691257913684721,0.016671839949482,0.039883281946211,0.0207284948294382,-0.0467958610830583,0.0540721747284021,0.0329707028093638
7.32952576806672,0.0373499739969385,-0.00692330819779122,0.0166744719037811,0.03988238227079,0.0206755020931573,-0.0468056904685812,0.0540244459007196,0.0329590740729988
7.33133240493339,0.0372998103726186,-0.00693399277702037,0.0166773155907392,0.0398814715600286,0.0206224947818794,-0.0468154643370489,0.0539771259633577,0.0329474787830082
7.33313904180005,0.0372498437526669,-0.00694463196809679,0.0166803711095708,0.0398805508245703,0.0205694726430961,-0.0468251827926671,0.0539302148622377,0.0329359188564735
7.33494567866672,0.0372000757754751,-0.00695522447833524,0.0166836404785852,0.0398796209556241,0.02051643529689,-0.0468348454339594,0.0538837162540603,0.0329243964772889
7.33675231553339,0.037150511932013,-0.0069657680863207,0.0166871298701642,0.0398786826921547,0.0204633820618488,-0.0468444507784755,0.0538376418021772,0.032912914605834
7.33855895240005,0.0371011515939425,-0.00697626203361712,0.0166908388619138,0.0398777370279217,0.0204103127320287,-0.0468539990615389,0.0537919904558563,0.0329014749943046
7.34036558926672,0.037051996575708,-0.00698670499318782,0.0166947696597051,0.039876784838563,0.0203572269160029,-0.0468634898317509,0.0537467662354131,0.0328900798453752
7.34217222613339,0.0370030526802418,-0.00699709462159961,0.0166989287854219,0.0398758269005652,0.02030412389482,-0.0468729215221648,0.0537019814656637,0.0328787322789656
7.34397886300005,0.0369543187782197,-0.00700743032515277,0.0167033152641513,0.0398748641806701,0.0202510035140684,-0.0468822945058228,0.053657634042371,0.0328674338555173
7.34578549986672,0.0369057968776882,-0.00701771073287984,0.0167079315097493,0.0398738975439462,0.0201978653679389,-0.046891608276826,0.0536137283874375,0.0328561868110663
7.34759213673339,0.0368574930927772,-0.00702793337460165,0.0167127843941531,0.0398729278096647,0.0201447086986241,-0.0469008611842664,0.0535702774869303,0.0328449944350631
7.34939877360005,0.0368094057809707,-0.00703809783444894,0.0167178723739243,0.0398719559072197,0.0200915334070464,-0.0469100537416687,0.053527278154895,0.0328338580727708
7.35120541046672,0.0367615310656667,-0.00704820263213063,0.0167231894050058,0.039870982695939,0.0200383416606609,-0.0469191853280696,0.0534847204706725,0.0328227800638084
7.35301204733339,0.0367138299014862,-0.00705824533707153,0.0167286786069269,0.039870009043858,0.0199851512945593,-0.0469282543809295,0.053442508508413,0.0328117637067864
7.35481868420005,0.0366662900069329,-0.00706822564435122,0.0167343233477565,0.0398690359608124,0.0199319666591764,-0.0469372616051636,0.0534006133546894,0.0328008103164612
7.35662532106672,0.0366189106627706,-0.0070781452170884,0.0167401219756592,0.0398680688521891,0.0198787886871114,-0.0469462140692775,0.0533590326384299,0.0327899236351007
7.35843195793339,0.0365716930783354,-0.00708800421260443,0.0167460746574872,0.0398671122048208,0.0198256184208482,-0.0469551164174252,0.0533177677358226,0.0327791079922164
7.36023859480005,0.0365246336318258,-0.00709780294174849,0.016752176962376,0.0398661678398076,0.0197724566694498,-0.0469639707815561,0.0532768105942018,0.0327683648980591
7.36204523166672,0.0364777317496255,-0.00710754058038918,0.0167584273685723,0.0398652377625398,0.0197193043810532,-0.046972778342929,0.0532361591181978,0.0327576971821506
7.36385186853339,0.0364309882921688,-0.00711721571813302,0.016764825673841,0.0398643241679253,0.0196661626183278,-0.0469815398860584,0.0531958139660098,0.0327471084497923
7.36565850540005,0.0363843998409357,-0.00712682863806429,0.016771367686323,0.0398634287951339,0.0196130321546127,-0.0469902574331982,0.0531557675272586,0.0327366001570696
7.36746514226672,0.0363379659618467,-0.00713637844856591,0.0167780520028546,0.0398625536885224,0.0195599139589921,-0.0469989321370883,0.0531160179647013,0.0327261752399565
7.36927177913339,0.0362916871786013,-0.00714586383828554,0.0167848780750974,0.0398617010744242,0.0195068091035039,-0.0470075649127097,0.0530765652536987,0.0327158372361387
7.37107841600005,0.0362455602698775,-0.00715528505875208,0.0167918419387064,0.0398608726216171,0.0194537183311712,-0.0470161576803692,0.0530374022085839,0.032705587562865
7.37288505286672,0.0361995849350491,-0.00716464114707212,0.0167989422976147,0.0398600704249621,0.0194006426374344,-0.0470247115720342,0.0529985272326638,0.03269542927789
7.37469168973339,0.0361537613732478,-0.00717393089851575,0.016806178280366,0.0398592967191427,0.0193475830928818,-0.0470332276176585,0.0529599396536137,0.0326853658206269
7.37649832660005,0.0361080865542662,-0.007183154529266,0.0168135461386358,0.0398585531140823,0.0192945404156305,-0.0470417076433483,0.052921632692902,0.0326753985848163
7.37830496346672,0.0360625603048475,-0.0071923110013616,0.0168210446719623,0.0398578417666844,0.0192415156328852,-0.047050152768046,0.0528836049768098,0.0326655307653228
7.38011160033339,0.0360171825117232,-0.00720139922427747,0.0168286727087556,0.0398571648969061,0.0191885098029677,-0.0470585641211836,0.0528458552204788,0.0326557656726287
7.38191823720005,0.0359719503297169,-0.00721041937505931,0.0168364267052198,0.0398565240673546,0.0191355236244971,-0.0470669434424139,0.0528083770349368,0.0326461046922953
7.38372487406672,0.0359268637068568,-0.0072193703368881,0.0168443055450065,0.0398559215085145,0.0190825581618504,-0.0470752918454026,0.0527711692518633,0.0326365511716264
7.38553151093339,0.0358819222296425,-0.00722825114102435,0.0168523077793757,0.0398553594025398,0.0190296144502668,-0.0470836105435641,0.0527342300090182,0.0326271082615154
7.38733814780005,0.0358371232318442,-0.00723706192158618,0.0168604300575681,0.03985483927626,0.0189766931742761,-0.0470919011978461,0.0526975532894122,0.0326177773546738
7.38914478466672,0.0357924667766922,-0.00724580147910515,0.0168686713358564,0.0398543634452779,0.0189237954408358,-0.0471001649243831,0.0526611381125486,0.0326085619661728
7.39095142153339,0.0357479521626207,-0.00725446897421018,0.0168770299113353,0.0398539340308691,0.0188709222512855,-0.0471084030050793,0.052624982073956,0.0325994650566589
7.39275805840005,0.0357035768962633,-0.0072630644943,0.0168855026147902,0.039853552535623,0.0188180742814731,-0.047116617029923,0.0525890795110535,0.032590488041323
7.39456469526672,0.0356593411499685,-0.00727158675346658,0.0168940884636215,0.0398532213717997,0.018765252686347,-0.0471248081252663,0.05255342961359,0.0325816346183331
7.39637133213339,0.0356152439462727,-0.00728003504928859,0.016902785523744,0.0398529425767192,0.0187124584225288,-0.0471329776260078,0.0525180294700167,0.0325729075274306
7.39817796900005,0.0355712829585889,-0.00728840941865491,0.0169115907959948,0.0398527176402693,0.0186596921625942,-0.0471411270589243,0.0524828737545837,0.0325643082216144
7.39998460586672,0.0355274584623007,-0.00729670848542633,0.0169205033474107,0.0398525490829055,0.0186069551148899,-0.0471492575683318,0.0524479618097114,0.0325558405974791
7.40179124273339,0.0354837692162133,-0.00730493169171316,0.0169295210357105,0.0398524388349156,0.0185542481805028,-0.0471573705266288,0.0524132902519237,0.0325475071432024
7.40359787960005,0.0354402130544363,-0.00731307902010414,0.0169386410202913,0.0398523883850243,0.018501572034145,-0.0471654674051284,0.0523788540747275,0.0325393093649201
7.40540451646672,0.0353967903493035,-0.00732114900043757,0.0169478624063332,0.0398524003734199,0.0184489279429703,-0.0471735493738574,0.0523446527556368,0.0325312513729823
7.40721115333339,0.0353534996080576,-0.00732914122693793,0.0169571828663443,0.0398524766002832,0.0183963167417133,-0.0471816178272212,0.0523106824744019,0.0325233353733453
7.40901779020005,0.03531033881942,-0.00733705562410166,0.0169665997067888,0.0398526185647129,0.0183437391126311,-0.0471896741888146,0.0522769385262088,0.0325155629406113
7.41082442706672,0.035267308446592,-0.00734489062395473,0.0169761120594988,0.0398528290381692,0.0182911963870933,-0.0471977196621239,0.0522434205060908,0.0325079384142144
7.41263106393339,0.0352244067574205,-0.00735264598041645,0.0169857174347549,0.0398531096676478,0.0182386893226656,-0.0472057556480642,0.0522101241921754,0.0325004636872313
7.41443770080005,0.0351816318891552,-0.00736032155610111,0.0169954132745967,0.0398534619741611,0.0181862186145585,-0.0472137835302623,0.0521770451637519,0.03249314041806
7.41624433766672,0.0351389843897813,-0.00736791568143114,0.0170051987260161,0.039853888871978,0.0181337856637652,-0.0472218045534091,0.0521441831157974,0.0324859731905469
7.41805097453339,0.0350964622999167,-0.0073754282776026,0.017015071160051,0.0398543918318348,0.0180813911398657,-0.0472298201094375,0.0521115334599676,0.0324789635542322
7.41985761140005,0.0350540638992568,-0.00738285914155649,0.0170250281428241,0.0398549724081939,0.0180290357564328,-0.0472378315497504,0.0520790920420809,0.0324721132666374
7.42166424826672,0.035011789814486,-0.00739020649832035,0.0170350688249946,0.0398556336696721,0.0179767209894913,-0.0472458401679924,0.0520468586394806,0.0324654271713517
7.42347088513339,0.0349696378711615,-0.0073974704439498,0.017045190461342,0.039856376887669,0.0179244474098195,-0.0472538473316188,0.0520148283325036,0.0324589064437192
7.42527752200005,0.03492760648534,-0.00740465070592112,0.0170553907305805,0.0398572036616363,0.0178722157547595,-0.0472618543675574,0.0519829972159205,0.0324525529557152
7.42708415886672,0.0348856963563213,-0.00741174540007646,0.0170656687755434,0.0398581172260762,0.0178200275807779,-0.0472698626261526,0.0519513651318646,0.0324463718259997
7.42889079573339,0.0348439051067699,-0.00741875480491188,0.0170760217577373,0.0398591186299758,0.0177678833490326,-0.0472778734348876,0.0519199268645072,0.0324403638250639
7.43069743260005,0.0348022312830192,-0.00742567857464886,0.0170864474569745,0.039860209529314,0.0177157838260447,-0.0472858881039629,0.0518886787399938,0.0324345309546652
7.43250406946672,0.034760675650902,-0.00743251471215285,0.0170969449967719,0.0398613933360162,0.0176637306541301,-0.047293908048169,0.0518576206476738,0.0324288786238633
7.43431070633339,0.0347192356423563,-0.00743926368594274,0.017107511468346,0.0398626708535809,0.0176117241740103,-0.0473019345395236,0.0518267471107024,0.0324234071676382
7.43611734320005,0.0346779099279097,-0.00744592507319338,0.0171181447411159,0.0398640438060521,0.0175597651867938,-0.0473099688792455,0.0517960546690256,0.0324181187328587
7.43792398006672,0.034636699333843,-0.00745249676000355,0.0171288439077891,0.0398655157943172,0.0175078554260539,-0.0473180125543208,0.0517655432416321,0.0324130190343137
7.43973061693339,0.0345956011135361,-0.00745897941249582,0.0171396060122773,0.0398670873533094,0.0174559951012588,-0.0473260667658052,0.0517352071258134,0.0324081079408136
7.44153725380005,0.0345546140556263,-0.0074653725270087,0.0171504290021139,0.0398687602866762,0.0174041850535124,-0.0473341328136849,0.0517050430577403,0.0324033877596675
7.44334389066672,0.0345137390407594,-0.00747167386908198,0.0171613119277042,0.0398705383958044,0.0173524271130552,-0.0473422122648864,0.0516750509684637,0.0323988645267225
7.44515052753339,0.0344729731559241,-0.00747788431002509,0.0171722518086405,0.0398724219239865,0.0173007213472837,-0.0473503062340116,0.0516452249645646,0.0323945376139614
7.44695716440005,0.0344323153406551,-0.00748400322806884,0.0171832466783306,0.039874412805725,0.0172490686623245,-0.0473584160337939,0.0516155620189857,0.0323904095776562
7.44876380126672,0.0343917664072661,-0.00749002836484221,0.0171942954756268,0.0398765149353034,0.0171974709316393,-0.0473665433001456,0.051586061882893,0.0323864865704612
7.45057043813339,0.0343513234051354,-0.00749596070398419,0.0172053952765448,0.0398787283604378,0.0171459281285906,-0.047374689064422,0.0515567186816801,0.0323827676564536
7.45237707500005,0.0343109854407277,-0.00750179947657662,0.0172165441940064,0.0398810551928139,0.0170944412467213,-0.0473828546693906,0.0515275296347341,0.0323792557162373
7.45418371186672,0.034270753068978,-0.00750754257273764,0.0172277409706657,0.0398834992076393,0.0170430120983123,-0.0473910417803769,0.0514984940396437,0.0323759566349016
7.45599034873339,0.0342306234967845,-0.0075131909198268,0.0172389828350992,0.0398860604574883,0.0169916406616853,-0.0473992513773151,0.0514696063318837,0.0323728695376616
7.45779698560005,0.0341905959243874,-0.00751874365292539,0.0172502679323742,0.039888741179803,0.0169403279920132,-0.0474074848327284,0.0514408638567617,0.0323699975268776
7.45960362246672,0.03415067066151,-0.0075241988182221,0.0172615948319304,0.0398915450076374,0.0168890758295795,-0.0474157438258595,0.0514122654934404,0.0323673461894153
7.46141025933339,0.0341108450664866,-0.00752952189733204,0.0172729609034132,0.0398945220528647,0.0168378841630734,-0.0474240439501968,0.0513838059698999,0.0323650001555327
7.46321689620005,0.0340711184272496,-0.00753465641810705,0.017284364312543,0.0398977531895914,0.0167867541147066,-0.0474324096076985,0.0513554827397926,0.0323630967714844
7.46502353306672,0.034031490820477,-0.00753960172704254,0.0172958034785299,0.0399012402781711,0.0167356873419471,-0.0474408420052137,0.0513272942990069,0.0323616385511286
7.46683016993339,0.0339919597498567,-0.0075443636577587,0.0173072759005958,0.0399049763017464,0.0166846838492609,-0.0474493399595051,0.0512992356504526,0.0323606126439877
7.46863680680005,0.0339525245849287,-0.00754894447765872,0.0173187797536225,0.0399089590664968,0.0166337448313063,-0.0474579035441556,0.0512713043385512,0.0323600145888381
7.47044344366672,0.033913185181494,-0.00755334556400731,0.0173303133295735,0.039913187614693,0.0165828718519205,-0.0474665331787003,0.0512434985110676,0.0323598420506857
7.47225008053339,0.0338739391825098,-0.00755757243922697,0.0173418742457566,0.0399176553133753,0.0165320649367532,-0.0474752277526023,0.0512158134282664,0.0323600828741483
7.47405671740005,0.03383478603304,-0.00756162724611822,0.0173534606747208,0.0399223601534598,0.0164813253583192,-0.047483987399578,0.0511882467077608,0.0323607329073416
7.47586335426672,0.0337957253801761,-0.00756551177993743,0.0173650708041706,0.0399273006275902,0.0164306545760055,-0.0474928124075276,0.0511607961843467,0.0323617888476528
7.47766999113339,0.0337567550000606,-0.00756923126971823,0.0173767023580046,0.039932470467697,0.0163800526420561,-0.0475017017374152,0.0511334573580652,0.0323632391979788
7.47947662800005,0.0337178744071983,-0.00757278775146644,0.0173883534949484,0.0399378678304258,0.0163295209122499,-0.0475106555818922,0.0511062279021468,0.0323650800789593
7.48128326486672,0.0336790830521379,-0.00757618340281387,0.0174000223214303,0.0399434906968075,0.0162790607307076,-0.0475196740996214,0.0510791053735682,0.0323673072939936
7.48308990173339,0.0336403788381243,-0.00757942317721346,0.0174117066564487,0.0399493331446568,0.0162286721816756,-0.0475287563218702,0.0510520854945729,0.0323699099674433
7.48489653860005,0.0336017613430185,-0.0075825090216844,0.0174234046334138,0.0399553934773395,0.0161783567096047,-0.0475379024990239,0.0510251659764323,0.0323728844556551
7.48670317546672,0.0335632298329947,-0.00758544346061783,0.0174351143004617,0.0399616692022906,0.016128115532533,-0.0475471126629084,0.0509983441334564,0.0323762257416728
7.48850981233339,0.0335247823323156,-0.00758823118969385,0.0174468335601986,0.0399681547241997,0.016077948772117,-0.0475563859138936,0.0509716158925141,0.0323799235345059
7.49031644920005,0.0334864184761155,-0.00759087408475333,0.0174585605092266,0.0399748484741467,0.0160278579668888,-0.0475657225589,0.0509449789853421,0.0323839743893934
7.49212308606672,0.0334481373583611,-0.00759337498133038,0.0174702931603742,0.0399817475239848,0.0159778441979869,-0.0475751225053152,0.0509184305187352,0.0323883725426545
7.49392972293339,0.0334099371182494,-0.00759573833514058,0.0174820294883634,0.0399888465862713,0.015927907629886,-0.0475845849214119,0.0508919666066128,0.0323931082511307
7.49573635980005,0.0333718174421044,-0.0075979659686545,0.0174937675414957,0.0399961442007924,0.0158780499006088,-0.0475941101694469,0.0508655849836001,0.0323981782321379
7.49754299666672,0.0333337772638522,-0.00760006099293273,0.0175055053202769,0.0400036370418352,0.0158282719435752,-0.0476036980347679,0.0508392825841291,0.0324035760489025
7.49934963353339,0.033295814831541,-0.00760202764153477,0.0175172408600519,0.0400113201108166,0.015778573971489,-0.0476133477523513,0.0508130556915929,0.0324092924692818
7.50115627040005,0.0332579298766,-0.0076038677013687,0.0175289721493302,0.0400191920372222,0.0157289577272697,-0.0476230597385909,0.0507869020259302,0.0324153243358535
7.50296290726672,0.0332201211850829,-0.00760558452340603,0.017540697199279,0.040027249135787,0.015679423985804,-0.0476328336591931,0.0507608183843619,0.032421664612381
7.50476954413339,0.0331823871078049,-0.00760718213685749,0.0175524140943742,0.0400354866777811,0.0156299730134307,-0.0476426688146386,0.0507348012021791,0.0324283045409236
7.50657618100005,0.0331447274152172,-0.00760866231087753,0.0175641207518397,0.0400439033633811,0.0155806066633774,-0.0476525656742586,0.0507088481670569,0.0324352410525035
7.50838281786672,0.0331071407576682,-0.00761002860073124,0.0175758152164896,0.0400524951857856,0.0155313255411786,-0.0476625237865168,0.0506829559741578,0.0324424665850543
7.51018945473339,0.0330696255826563,-0.0076112848490899,0.0175874956104388,0.0400612576671104,0.0154821299722175,-0.0476725425162003,0.0506571211930951,0.0324499728180205
7.51199609160005,0.0330321816935712,-0.00761243282516187,0.0175991597681338,0.0400701895592145,0.0154330219254374,-0.0476826223843763,0.0506313414617049,0.0324577567340526
7.51380272846672,0.032994807617223,-0.00761347625288987,0.0176108057910186,0.0400792865717763,0.0153840018262044,-0.0476927628246662,0.0506056134082416,0.0324658103188864
7.51560936533339,0.0329575018917101,-0.00761441880621328,0.0176224318273549,0.040088544458749,0.0153350700643552,-0.0477029632649622,0.0505799337190651,0.0324741256525357
7.51741600220005,0.0329202643472765,-0.00761526227220273,0.0176340356173204,0.0400979620046675,0.0152862287299561,-0.0477132242768702,0.0505542999645969,0.0324826997324648
7.51922263906672,0.0328830933993621,-0.00761601050786264,0.0176456153419743,0.0401075346737044,0.0152374780573878,-0.0477235451815671,0.0505287087413365,0.0324915241658418
7.52102927593339,0.0328459876705812,-0.00761666703620857,0.017657169164232,0.0401172584326426,0.0151888185063492,-0.0477339254688512,0.0505031568348133,0.0325005913964341
7.52283591280005,0.0328089477985575,-0.00761723367998143,0.0176686936060767,0.0401271320796858,0.0151402541924809,-0.0477443657596673,0.0504776414046342,0.0325098983997044
7.52464254966672,0.0327720338067686,-0.00761771439363095,0.0176800996839502,0.0401371508715154,0.0150919341228184,-0.0477548652651463,0.0504521334907188,0.0325194364778844
7.52644918653339,0.0327352925965313,-0.00761811256705688,0.0176913173984539,0.0401473109687365,0.0150439751980773,-0.0477654235357934,0.0504266099949852,0.0325291984016796
7.52825582340005,0.0326987237614431,-0.00761843007647907,0.0177023446515651,0.0401576111642141,0.014996379109878,-0.0477760412406931,0.0504010684130081,0.032539181087735
7.53006246026672,0.0326623223416065,-0.00761867093817584,0.0177131843625912,0.0401680465451539,0.0149491379790153,-0.0477867174833298,0.0503755067041976,0.0325493756069781
7.53186909713339,0.0326260848918997,-0.00761883842673934,0.0177238378267372,0.0401786134469759,0.0149022470651624,-0.0477974518737152,0.0503499227186369,0.0325597750202366
7.53367573400005,0.0325900110282706,-0.00761893448967671,0.0177343027977926,0.0401893106381981,0.014855708230478,-0.0478082451278748,0.0503243138260632,0.0325703761485214
7.53548237086672,0.0325540955838837,-0.00761896316947847,0.017744582530409,0.0402001330745657,0.0148095130534747,-0.0478190962440442,0.0502986781142927,0.0325811699050872
7.53728900773339,0.0325183352982047,-0.00761892764323744,0.0177546781326347,0.040211077247306,0.01476365716557,-0.0478300048905434,0.0502730134308394,0.0325921496040685
7.53909564460005,0.0324827297924149,-0.00761882994755556,0.0177645872141831,0.040222141881583,0.0147181425782318,-0.0478409718291386,0.050247317006598,0.0326033119340275
7.54090228146672,0.0324472737269747,-0.00761867411551994,0.0177743133568269,0.0402333218396962,0.0146729603701479,-0.0478519959552161,0.0502215870838016,0.0326146477241762
7.54270891833339,0.0324119640088209,-0.00761846324453211,0.017783857485569,0.0402446137496726,0.0146281065232519,-0.0478630769942047,0.05019582149439,0.0326261505051405
7.54451555520005,0.0323768002472504,-0.00761819947809682,0.0177932170701598,0.040256016274314,0.0145835831770906,-0.0478742157524108,0.0501700173174101,0.0326378167962172
7.54632219206672,0.0323417769642543,-0.00761788680428132,0.017802396011268,0.0402675242204901,0.0145393809529863,-0.0478854110247714,0.0501441729755223,0.0326496374162087
7.54812882893339,0.0323068913120503,-0.00761752822841218,0.01781139492858,0.0402791344037727,0.0144954963834703,-0.0478966626321849,0.0501182862406303,0.0326616061753605
7.54993546580006,0.0322721425861514,-0.00761712610928152,0.0178202115351454,0.0402908451963366,0.014451931051006,-0.0479079713056181,0.0500923541212969,0.032673719087055
7.55174210266672,0.0322375254890968,-0.00761668426374404,0.0178288496631556,0.0403026515968932,0.0144086758259412,-0.0479193358606372,0.0500663751522523,0.0326859673331492
7.55354873953339,0.0322030373275313,-0.00761620565697631,0.0178373097131484,0.0403145505298243,0.0143657276143829,-0.0479307561868006,0.0500403470406797,0.032698344872848
7.55535537640005,0.0321686770024929,-0.00761569286909085,0.0178455897785638,0.0403265400275955,0.0143230872239291,-0.0479422328966864,0.0500142667810567,0.0327108471585047
7.55716201326672,0.0321344394948767,-0.00761514952188874,0.0178536934819129,0.0403386153488506,0.0142807460129638,-0.0479537648707394,0.0499881329767897,0.0327234658269619
7.55896865013339,0.0321003222103299,-0.00761457857208861,0.0178616210571358,0.0403507734787398,0.0142387011531941,-0.0479653520508284,0.0499619432674657,0.0327361949066512
7.56077528700005,0.032066323689649,-0.00761398278550591,0.0178693709698381,0.0403630121480367,0.0141969527198109,-0.0479769949335427,0.0499356946594871,0.0327490293625308
7.56258192386672,0.0320324391749687,-0.00761336560669699,0.0178769466369636,0.0403753268563076,0.0141554925380051,-0.0479886924630046,0.0499093858119324,0.0327619612496106
7.56438856073339,0.0319986661538205,-0.00761273000173032,0.0178843481299648,0.0403877146304652,0.0141143180238556,-0.0480004446321956,0.0498830142837853,0.0327749846287349
7.56619519760005,0.0319650028409944,-0.00761207888650784,0.0178915742783914,0.0404001729376051,0.014073428562603,-0.0480122518241129,0.0498565771193858,0.0327880940510972
7.56800183446672,0.0319314447227472,-0.00761141554614975,0.0178986282977305,0.0404126974992096,0.0140328164250167,-0.0480241130453593,0.0498300730204778,0.0328012819530598
7.56980847133339,0.0318979893513776,-0.00761074297388218,0.0179055101010591,0.0404252853649456,0.0139924792503185,-0.0480360283388278,0.0498034994524366,0.0328145423910634
7.57161510820005,0.0318646346499037,-0.00761006420007767,0.0179122188736471,0.0404379337762459,0.0139524157762566,-0.0480479979763236,0.0497768535235508,0.0328278695761683
7.57342174506672,0.0318313763315869,-0.00760938236822827,0.0179187576336372,0.0404506386575017,0.0139126186979497,-0.0480600210257299,0.0497501339652242,0.0328412562892734
7.57522838193339,0.031798211996376,-0.0076087005165256,0.0179251261398419,0.0404633970621261,0.0138730858565341,-0.0480720975786517,0.0497233381362179,0.0328546965456005
7.57703501880006,0.0317651393097515,-0.00760802175419686,0.0179313239250287,0.0404762060439047,0.0138338153847228,-0.0480842277981016,0.0496964632347802,0.0328681842897078
7.57884165566672,0.0317321541948622,-0.00760734306297745,0.0179373538141068,0.0404890531721979,0.0137948003807554,-0.0480963962351753,0.0496695080089689,0.0328817101092204
7.58064829253339,0.0316992542821899,-0.0076066468117306,0.0179432154157364,0.0405019061655379,0.0137560388664536,-0.0481085529772685,0.0496424696979263,0.0328952593538073
7.58245492940005,0.031666437013912,-0.00760593382555997,0.0179489086019591,0.0405147586366913,0.0137175284119529,-0.0481206924622513,0.0496153456158711,0.0329088248111314
7.58426156626672,0.0316336985059475,-0.00760520720374463,0.0179544360085626,0.0405276071213482,0.0136792624973849,-0.0481328143250928,0.0495881345145101,0.0329223999176036
7.58606820313339,0.031601036402194,-0.00760446976218267,0.0179597970981659,0.0405404481062866,0.0136412393040281,-0.0481449178684693,0.04956083350036,0.032935978344104
7.58787484000005,0.03156844795576,-0.00760372442038753,0.0179649920738618,0.0405532780438196,0.0136034558818982,-0.0481570024642071,0.0495334400296218,0.0329495536234321
7.58968147686672,0.0315359294582177,-0.00760297416630705,0.0179700233864281,0.0405660935828166,0.0135659060717896,-0.0481690677491236,0.0495059528446458,0.0329631194165095
7.59148811373339,0.0315034785497628,-0.00760222188207066,0.0179748903565535,0.0405788911112988,0.0135285881932093,-0.0481811129933694,0.0494783689063164,0.0329766692292281
7.59329475060006,0.0314710923286699,-0.00760147051534548,0.0179795935101601,0.0405916670873838,0.0134914988185097,-0.0481931376027293,0.04945068583883,0.0329901965720383
7.59510138746672,0.031438767245047,-0.00760072295969465,0.0179841351171262,0.0406044182528929,0.0134546321279208,-0.0482051412125876,0.0494229023621732,0.0330036952931983
7.59690802433339,0.0314065009182708,-0.00759998218042441,0.0179885143603232,0.0406171408768648,0.0134179865579477,-0.0482171230572892,0.049395015278594,0.0330171586964404
7.59871466120005,0.0313742903260163,-0.00759925111946405,0.0179927320802773,0.0406298314636738,0.013381558245739,-0.0482290825831378,0.0493670224062936,0.0330305803442097
7.60052129806672,0.03134213205981,-0.00759853259293723,0.0179967903700805,0.040642486827867,0.0133453416897295,-0.0482410194208043,0.0493389224298904,0.0330439542349298
7.60232793493339,0.0313100237010927,-0.0075978296662739,0.0180006882788974,0.0406551030992737,0.0133093354221953,-0.0482529327655476,0.0493107119799901,0.0330572734329998
7.60413457180006,0.0312779621411739,-0.00759714524177275,0.0180044269536364,0.0406676768689789,0.0132735351875375,-0.0482648221107517,0.0492823890948103,0.0330705316272062
7.60594120866672,0.0312459440958815,-0.0075964820750647,0.018008008314714,0.0406802050040286,0.0132379357811675,-0.0482766870790933,0.0492539524105955,0.0330837229289639
7.60774784553339,0.0312139670916028,-0.00759584334864905,0.0180114312816997,0.0406926834748158,0.0132025358099031,-0.0482885268234649,0.0492253983733025,0.0330968401261668
7.60955448240006,0.031182027967517,-0.00759523189130148,0.0180146972996611,0.0407051089995895,0.0131673306678559,-0.048300340890891,0.049196725267178,0.0331098771082881
7.61136111926672,0.0311501235466357,-0.00759465041510667,0.0180178081204504,0.0407174784776677,0.0131323154261852,-0.0483121288927743,0.0491679316670861,0.033122828062561
7.61316775613339,0.0311182512831759,-0.00759410223657955,0.0180207625381535,0.0407297876997811,0.0130974887450224,-0.0483238899363607,0.0491390138213294,0.0331356854632016
7.61497439300005,0.0310864079984201,-0.00759359007708011,0.0180235622877742,0.0407420335517951,0.0130628457106458,-0.0483356236288752,0.0491099702861943,0.033148443474715
7.61678102986672,0.0310545906054471,-0.0075931166220932,0.0180262089567123,0.0407542129450739,0.0130283816487348,-0.0483473295671671,0.0490807995621595,0.0331610963229807
7.61858766673339,0.0310227964691864,-0.00759268533909504,0.0180287012176817,0.0407663214704591,0.0129940952515046,-0.0483590068095541,0.0490514976868681,0.0331736361313641
7.62039430360005,0.0309910224272579,-0.00759229880813856,0.0180310410873994,0.0407783562218856,0.0129599813398584,-0.0483706550300241,0.0490220635146573,0.033186057413747
7.62220094046672,0.0309592654656905,-0.00759195970505372,0.0180332299929236,0.040790314102537,0.0129260354727669,-0.0483822738075907,0.0489924954586142,0.0331983543974832
7.62400757733339,0.0309275228430085,-0.00759167166522545,0.0180352664897084,0.0408021904831393,0.0128922563533002,-0.0483938621483647,0.0489627893327169,0.0332105188179138
7.62581421420006,0.0308957914474048,-0.00759143709350633,0.0180371528679601,0.0408139827061507,0.0128586385794447,-0.048405419799657,0.0489329443153649,0.0332225456126443
7.62762085106672,0.0308640683207404,-0.00759125867301838,0.0180388903985076,0.0408256876463471,0.0128251779222328,-0.0484169463193655,0.0489029587192479,0.0332344289733288
7.62942748793339,0.0308323505980174,-0.00759114022400056,0.018040477523656,0.0408373004341118,0.0127918730743614,-0.0484284406581123,0.0488728281216735,0.0332461602101112
7.63123412480006,0.0308006352522355,-0.00759108394221349,0.0180419167988788,0.0408488187008803,0.0127587184533567,-0.0484399026430938,0.0488425520511143,0.0332577347586668
7.63304076166672,0.0307689193639711,-0.00759109253501708,0.018043209342887,0.0408602392727939,0.0127257100210841,-0.0484513318078109,0.0488121287068581,0.0332691467377768
7.63484739853339,0.0307371999275871,-0.0075911700244503,0.0180443534889483,0.0408715570196667,0.0126928464386388,-0.048462727044117,0.0487815534165354,0.0332803869952164
7.63665403540006,0.0307054740351243,-0.00759131836328964,0.0180453520495797,0.0408827699023641,0.0126601219855446,-0.0484740882656538,0.0487508260847041,0.0332914515390745
7.63846067226672,0.0306737387887574,-0.00759154030007915,0.0180462059954855,0.0408938746781668,0.0126275327932719,-0.048485414978246,0.0487199447842429,0.0333023343780877
7.64026730913339,0.0306419910250924,-0.00759184007560445,0.0180469135550083,0.0409048659360936,0.0125950774700841,-0.0484967060116981,0.0486889045801006,0.0333130258604892
7.64207394600006,0.0306102279894459,-0.00759221936576485,0.0180474777894854,0.040915742006892,0.0125627501999605,-0.0485079613726569,0.0486577057789312,0.0333235226411272
7.64388058286672,0.0305784467868939,-0.00759268098361171,0.01804789951512,0.0409264995496293,0.0125305472717739,-0.048519180533241,0.0486263463020138,0.0333338185660176
7.64568721973339,0.0305466440839076,-0.00759322938649279,0.0180481768912594,0.040937132879682,0.0124984671926482,-0.0485303622661748,0.048594820975167,0.0333439034931892
7.64749385660005,0.0305148173085749,-0.0075938659586687,0.0180483131880196,0.0409476407107541,0.0124665041205553,-0.0485415066694228,0.0485631304965945,0.0333537747520854
7.64930049346672,0.0304829635251611,-0.00759459367391327,0.0180483089567546,0.0409580194721843,0.0124346545684065,-0.0485526131460976,0.0485312724819157,0.033363425798271
7.65110713033339,0.0304510792974075,-0.00759541696614519,0.0180481626671248,0.0409682635467224,0.0124029166302827,-0.0485636805128676,0.0484992419645323,0.0333728465805772
7.65291376720006,0.0304191621858854,-0.00759633715103128,0.0180478774146053,0.0409783717102398,0.0123712847712801,-0.0485747088612711,0.0484670396004907,0.0333820345592085
7.65472040406672,0.03038720920799,-0.00759735731131435,0.0180474536189894,0.0409883402423084,0.0123397555890006,-0.0485856975536227,0.0484346628269794,0.033390982930994
7.65652704093339,0.0303552168589664,-0.00759848182359127,0.018046890052028,0.040998163633504,0.0123083268069383,-0.0485966454570952,0.0484021069109944,0.0333996818099127
7.65833367780006,0.0303231828147527,-0.0075997119518821,0.0180461896386659,0.0410078407016389,0.0122769931760868,-0.048607552653521,0.0483693724534186,0.0334081287497568
7.66014031466672,0.0302911040287555,-0.00760105090484439,0.0180453526712481,0.0410173675562915,0.0122457513575074,-0.0486184184611359,0.0483364567000035,0.0334163166514471
7.66194695153339,0.030258976961959,-0.00760250296786111,0.018044378215392,0.0410267388363168,0.012214598746567,-0.048629241804178,0.048303355177351,0.0334242358684557
7.66375358840006,0.0302267993885507,-0.007604069370251,0.0180432690296247,0.0410359533812417,0.012183530358926,-0.0486400227514927,0.0482700684181755,0.0334318840109907
7.66556022526672,0.0301945681808319,-0.0076057534635332,0.0180420252829539,0.0410450071104234,0.012152542897878,-0.0486507605739566,0.0482365934637859,0.0334392536468902
7.66736686213339,0.0301622797997597,-0.00760755940798422,0.0180406463266404,0.0410538948514507,0.0121216334731193,-0.0486614542594349,0.0482029261264001,0.0334463354434665
7.66917349900006,0.0301299321006541,-0.00760948841516809,0.0180391347569051,0.0410626154453372,0.0120907973437491,-0.0486721038605053,0.0481690668575592,0.0334531270301691
7.67098013586672,0.0300975218575935,-0.00761154399641083,0.0180374906235298,0.0410711646009943,0.0120600312340637,-0.0486827085974052,0.0481350124811233,0.0334596206045835
7.67278677273339,0.0300650455657432,-0.00761373015299072,0.0180357135551961,0.0410795373751954,0.0120293320105471,-0.0486932675281861,0.0481007591209393,0.0334658072222046
7.67459340960005,0.0300325011444375,-0.0076160480956628,0.0180338059899302,0.0410877325902161,0.0119986951545074,-0.0487037806858789,0.0480663071343677,0.0334716844945533
7.67640004646672,0.0299998852524152,-0.00761850151250706,0.0180317678623993,0.0410957457242938,0.0119681173900158,-0.0487142472368009,0.0480316531148145,0.0334772442117868
7.67820668333339,0.0299671944532838,-0.0076210942119103,0.0180295990704827,0.0411035721038407,0.0119375953828011,-0.048724666315751,0.0479967935237666,0.0334824778919304
7.68001332020006,0.0299344267132753,-0.0076238274207653,0.0180273018981232,0.0411112105121678,0.0119071248151521,-0.0487350379329331,0.0479617286113985,0.0334873830914025
7.68181995706672,0.0299015785586714,-0.00762670502085144,0.0180248761689854,0.0411186561766115,0.011876702389686,-0.0487453611974629,0.0479264547276569,0.0334919511557601
7.68362659393339,0.0298686466557562,-0.00762973059377279,0.0180223220419233,0.0411259047336767,0.011846324613833,-0.0487556353274495,0.0478909686976795,0.0334961741399039
7.68543323080006,0.0298356290005423,-0.0076329053995052,0.0180196416509076,0.041132954907482,0.0118159873496347,-0.0487658603069872,0.0478552706514499,0.0335000495079768
7.68723986766672,0.029802511994622,-0.00763623353047413,0.0180168206057692,0.0411398016542374,0.0117856913888529,-0.0487760351847116,0.0478193326003912,0.0335035681237633
7.68904650453339,0.0297692678394928,-0.00763971830760774,0.0180138245260586,0.0411464409609928,0.0117554433134341,-0.0487861592686005,0.0477830923655514,0.033506722653385
7.69085314140006,0.0297358962333515,-0.0076433610409122,0.0180106577892303,0.0411528714724487,0.0117252384441212,-0.0487962325133609,0.0477465540225819,0.0335095104315365
7.69265977826672,0.0297023960527808,-0.00764716605040472,0.0180073237803725,0.0411590878534612,0.0116950722724083,-0.0488062539038659,0.0477097198331533,0.0335119218030565
7.69446641513339,0.0296687672381019,-0.0076511363624454,0.0180038273501499,0.0411650864820792,0.0116649398879519,-0.0488162228445246,0.0476725945882518,0.0335139501196338
7.69627305200006,0.0296350109771776,-0.00765527335401641,0.0180001748472716,0.0411708659033577,0.0116348361299061,-0.0488261392573741,0.0476351858244492,0.0335155925493413
7.69807968886672,0.0296011260226972,-0.00765958158967318,0.0179963696428916,0.0411764204705729,0.0116047563798056,-0.048836002060246,0.0475974956655889,0.0335168388808997
7.69988632573339,0.0295671125628555,-0.00766406376731529,0.017992416884075,0.0411817469932254,0.0115746956787805,-0.0488458107605407,0.0475595294469305,0.0335176832259101
7.70169296260006,0.0295329716615348,-0.00766872134784752,0.0179883226370648,0.0411868438964986,0.01154464902447,-0.0488555652443461,0.0475212942985996,0.0335181225486511
7.70349959946672,0.0294987019475408,-0.00767355915730892,0.0179840902874127,0.0411917052018619,0.0115146116601281,-0.0488652643591708,0.0474827922349535,0.033518146044553
7.70530623633339,0.0294643038569232,-0.00767857792530693,0.0179797252219203,0.0411963304618642,0.0114845786350029,-0.0488749083871711,0.0474440290788435,0.0335177525365573
7.70711287320006,0.0294297783295927,-0.00768371238659688,0.017975233252696,0.0412008124692633,0.0114545450768967,-0.0488845248558602,0.0474050115822887,0.0335171000826664
7.70891951006672,0.0293951238704808,-0.00768892020619211,0.0179706178080221,0.041205211983019,0.0114245060624587,-0.0488941321892111,0.047365741678503,0.0335162917768269
7.71072614693339,0.029360341163474,-0.00769420063505513,0.0179658844577717,0.0412095305987829,0.0113944567057024,-0.048903731233838,0.0473262256212457,0.0335153299637277
7.71253278380006,0.0293254310245206,-0.00769955285706655,0.0179610387882517,0.0412137699707755,0.0113643922362689,-0.048913322827842,0.0472864698127723,0.0335142171137089
7.71433942066672,0.0292903918346871,-0.00770497742355009,0.0179560842988059,0.0412179302530198,0.0113343075358812,-0.0489229076765699,0.0472464761334929,0.0335129528294697
7.71614605753339,0.0292552245256776,-0.00771047345259023,0.0179510266857156,0.0412220131735923,0.0113041978399619,-0.0489324866261825,0.0472062512113932,0.0335115397210021
7.71795269440006,0.029219929789488,-0.00771604020436128,0.017945871337818,0.0412260202888461,0.01127405845167,-0.0489420604932074,0.047165801127306,0.0335099800844848
7.71975933126672,0.0291845058833288,-0.00772167828469134,0.0179406218538507,0.0412299517249272,0.0112438840294782,-0.0489516300096185,0.0471251277371795,0.0335082734402358
7.72156596813339,0.0291489539867036,-0.0077273866829463,0.0179352839998385,0.041233809328976,0.0112136699868651,-0.0489611960119223,0.0470842379865421,0.0335064226460297
7.72337260500006,0.0291132746676644,-0.00773316473351446,0.0179298629954811,0.0412375945661589,0.0111834116721833,-0.0489707592996734,0.0470431376631455,0.0335044298326445
7.72517924186672,0.0290774660595756,-0.00773901309464964,0.0179243625672421,0.0412413075414245,0.0111531034923335,-0.0489803206360742,0.0470018286268177,0.0335022944467749
7.72698587873339,0.0290415295897212,-0.00774493063115727,0.0179187884942261,0.0412449502076178,0.0111227410954951,-0.0489898808387751,0.0469603180839473,0.0335000195764605
7.72879251560006,0.0290054657022194,-0.00775091674956021,0.017913145855327,0.0412485239453982,0.0110923198468924,-0.0489994406949584,0.0469186115575463,0.033497607195838
7.73059915246672,0.0289692724065968,-0.00775697215845896,0.0179074385330665,0.0412520288451961,0.0110618338735303,-0.0490090010036551,0.0468767109396634,0.0334950566867371
7.73240578933339,0.0289329513779001,-0.00776309560225712,0.0179016722629651,0.0412554669522019,0.011031279114935,-0.049018562554459,0.0468346236408651,0.0334923713499448
7.73421242620006,0.0288965029363222,-0.00776928655753267,0.0178958520114426,0.0412588395692479,0.0110006509248796,-0.0490281261267805,0.0467923549477648,0.0334895530117152
7.73601906306672,0.0288599249675619,-0.00777554578115312,0.0178899818454104,0.0412621467789253,0.0109699431221515,-0.0490376925600784,0.0467499068129723,0.0334866009977721
7.73782569993339,0.0288232193944097,-0.00778187190127955,0.0178840674001412,0.0412653907054119,0.0109391519942685,-0.0490472626066915,0.0467072867945509,0.0334835188041324
7.73963233680006,0.0287863864131422,-0.00778826446246552,0.0178781135579132,0.0412685725803914,0.010908272855229,-0.049056837042857,0.0466644999710554,0.0334803081179259
7.74143897366672,0.0287494237856405,-0.00779472426776618,0.0178721245983599,0.0412716924852962,0.0108772991872805,-0.0490664167530624,0.0466215483840004,0.03347696821753
7.74324561053339,0.0287123336824193,-0.00780124983325858,0.0178661059998412,0.0412747526099315,0.0108462276825781,-0.0490760024431901,0.0465784396822605,0.0334735027766729
7.74505224740006,0.0286751161227517,-0.00780784079648831,0.017860062580519,0.0412777540975641,0.0108150535422327,-0.0490855948940524,0.0465351787032706,0.0334699133010758
7.74685888426672,0.0286377689040017,-0.00781449792333185,0.0178539988860012,0.0412806971069928,0.0107837700180005,-0.0490951950303246,0.046491767790003,0.0334661991836609
7.74866552113339,0.0286002942850984,-0.0078212197032282,0.017847920156151,0.0412835838084449,0.0107523741289474,-0.0491048035116731,0.0464482144412493,0.0334623641052167
7.75047215800006,0.0285626920906271,-0.00782800587218131,0.0178418311908137,0.041286415260238,0.0107208608998134,-0.0491144211324193,0.0464045232814408,0.0334584093880566
7.75227879486672,0.0285249603658153,-0.00783485705288433,0.0178357368024204,0.0412891917866986,0.0106892235633949,-0.0491240488395829,0.0463606971682357,0.0334543347338142
7.75408543173339,0.0284871012456167,-0.0078417718162223,0.0178296419631568,0.0412919154436357,0.0106574592824599,-0.049133687259858,0.0463167432087735,0.0334501436274134
7.75589206860006,0.0284491144307376,-0.00784874995785721,0.0178235515020547,0.0412945872449372,0.0106255629286829,-0.0491433372027944,0.0462726659327922,0.03344583728708
7.75769870546672,0.0284109982142508,-0.00785579196145736,0.017817470441704,0.0412972076670979,0.0105935277725468,-0.0491529996285552,0.0462284686559548,0.0334414157056405
7.75950534233339,0.0283727546071434,-0.00786289647727463,0.0178114035149449,0.0412997786581883,0.0105613510921985,-0.0491626751354629,0.0461841581220884,0.0334368821809137
7.76131197920006,0.0283343831862525,-0.00787006335854957,0.0178053556083283,0.0413023011943452,0.0105290275779242,-0.0491723645528948,0.0461397387945809,0.0334322378357956
7.76311861606672,0.0282958824924775,-0.00787729295408485,0.0177993318979379,0.0413047758908743,0.0104965505945396,-0.0491820688449592,0.0460952143904154,0.0334274829367895
7.76492525293339,0.0282572544128481,-0.00788458399141936,0.0177933369056018,0.0413072045947855,0.0104639175072464,-0.0491917885862049,0.0460505913184499,0.0334226206033661
7.76673188980006,0.0282184984003414,-0.00789193637929291,0.0177873756037203,0.0413095882511464,0.0104311227966211,-0.0492015246304393,0.0460058740040617,0.0334176518718535
7.76853852666672,0.0281796132436648,-0.00789935033580082,0.0177814532652088,0.0413119276007117,0.010398159978456,-0.0492112779365125,0.0459610665088736,0.0334125772649109
7.77034516353339,0.0281406007059002,-0.00790682466369026,0.017775574229213,0.0413142243961123,0.0103650264766872,-0.0492210490598026,0.0459161749351132,0.033407399732422
7.77215180040006,0.0281014601161737,-0.00791435932512055,0.0177697435823172,0.041316479558024,0.0103317165338565,-0.0492308388831445,0.0458712036984909,0.0334021202329034
7.77395843726672,0.0280621905109821,-0.00792195441163908,0.0177639666376023,0.0413186939392937,0.0102982238733798,-0.0492406483509328,0.0458261571485845,0.0333967395276547
7.77576507413339,0.0280227935294692,-0.00792960879912114,0.0177582475798655,0.0413208692048517,0.0102645459496037,-0.0492504780039728,0.0457810411093348,0.0333912604057306
7.77757171100006,0.0279832683769187,-0.00793732250106683,0.0177525916382053,0.0413230062576624,0.0102306767387134,-0.0492603287587292,0.045735860015124,0.0333856837565955
7.77937834786672,0.0279436143375994,-0.00794509548663351,0.0177470041092049,0.0413251060493046,0.0101966102283944,-0.0492702015359381,0.0456906184468043,0.033380010562671
7.78118498473339,0.0279038329267246,-0.00795292670274618,0.0177414890516451,0.041327170163688,0.0101623438750794,-0.0492800968664342,0.0456453219783697,0.0333742434609418
7.78299162160006,0.0278639232257464,-0.00796081621216521,0.0177360518654705,0.0413291994927451,0.0101278713602759,-0.0492900157049103,0.0455999750912169,0.0333683832805799
7.78479825846672,0.0278238847666856,-0.00796876386581808,0.0177306977741031,0.041331195073428,0.0100931869925825,-0.0492999589392461,0.0455545825407887,0.0333624312076099
7.78660489533339,0.0277837189408357,-0.00797676867959887,0.017725430738638,0.0413331584153047,0.0100582882021977,-0.0493099270949035,0.0455091496794738,0.0333563897357058
7.78841153220006,0.0277434247058258,-0.00798483076344989,0.0177202563581993,0.0413350904059562,0.0100231683476264,-0.0493199211694061,0.0454636810640251,0.0333502596425064
7.79021816906672,0.0277030018414103,-0.00799294985422686,0.0177151797263828,0.0413369921543476,0.00998782211502748,-0.0493299420085745,0.0454181815677931,0.0333440423001208
7.79202480593339,0.0276624516149723,-0.00800112503471375,0.0177102047349307,0.0413388651023859,0.00995224688004161,-0.0493399901370997,0.0453726563499029,0.0333377400676722
7.79383144280006,0.0276217728603263,-0.0080093564599551,0.0177053372104776,0.0413407101399794,0.00991643564984868,-0.0493500665999345,0.0453271100708039,0.0333313536800243
7.79563807966672,0.027580965604943,-0.00801764375689345,0.0177005820601302,0.0413425284347477,0.00988038354481285,-0.0493601721916412,0.0452815476650732,0.0333248846778543
7.79744471653339,0.0275400309923035,-0.00802598607312423,0.0176959431346092,0.0413443213676155,0.00984408785769429,-0.0493703074407397,0.0452359741269128,0.0333183352944913
7.79925135340006,0.0274989677324176,-0.00803438360671414,0.0176914265163922,0.0413460898374986,0.00980754121602547,-0.0493804734442128,0.0451903942488098,0.0333117062307845
7.80105799026672,0.0274577761004533,-0.00804283587885202,0.0176870368694317,0.0413478350573118,0.00977073923102156,-0.0493906709361638,0.0451448129698851,0.0333049991784598
7.80286462713339,0.0274164571159987,-0.00805133993332076,0.0176827780317598,0.0413495552897223,0.00973367908423887,-0.0494008952230431,0.0450992351477585,0.0332982153564016
7.80467126400006,0.0273750093652691,-0.00805989258257425,0.0176786563700288,0.0413512466034495,0.00969635299524037,-0.0494111391860237,0.0450536657352979,0.0332913540208752
7.80647790086672,0.0273334333711104,-0.00806849282641858,0.0176746762483734,0.0413529096496756,0.00965875712273698,-0.0494214024760942,0.0450081096194837,0.033284416823257
7.80828453773339,0.0272917300292277,-0.00807713960697292,0.0176708415204685,0.0413545452423234,0.00962088850875924,-0.0494316848492964,0.0449625715496962,0.0332774056353505
7.81009117460006,0.0272498978020503,-0.00808583274844826,0.0176671588654739,0.0413561536767844,0.00958273893657645,-0.0494419864252326,0.0449170566675243,0.0332703209283361
7.81189781146672,0.0272079374600839,-0.0080945712370622,0.0176636322910414,0.0413577357413962,0.00954430516904246,-0.0494523069784584,0.0448715697511253,0.0332631645043339
7.81370444833339,0.0271658497751599,-0.00810335407480072,0.0176602656948218,0.0413592922109692,0.00950558408033811,-0.04946264628577,0.0448261154699817,0.0332559381361685
7.81551108520006,0.0271236330859307,-0.00811218110121492,0.0176570660968135,0.0413608233796138,0.00946656698911722,-0.0494730044808288,0.0447806991827442,0.0332486422783989
7.81731772206672,0.0270812884105432,-0.00812105123156467,0.0176540370915223,0.0413623300724503,0.00942725131902087,-0.0494833813040149,0.0447353255020655,0.0332412788408856
7.81912435893339,0.0270388163969647,-0.00812996352345443,0.017651182648906,0.041363813028788,0.00938763374805864,-0.0494937765522424,0.0446899990458707,0.0332338495053336
7.82093099580006,0.0269962152600795,-0.00813891782752454,0.017648510158134,0.0413652725450662,0.00934770510194549,-0.0495041903725907,0.0446447254182135,0.0332263547175417
7.82273763266672,0.026953486265658,-0.00814791299657695,0.017646022743902,0.0413667094759668,0.00930746352175596,-0.0495146224725437,0.04459950900956,0.0332187964793898
7.82454426953339,0.0269106299378115,-0.0081569481395841,0.017643724476807,0.0413681245289086,0.00926690546100447,-0.0495250726684927,0.0445543544146186,0.0332111763893245
7.82635090640006,0.0268676443676663,-0.00816602311402722,0.0176416231435216,0.0413695180062698,0.0092260212241447,-0.0495355411202971,0.044509267511188,0.0332034948922426
7.82815754326672,0.0268245310685974,-0.00817513671874886,0.0176397213422668,0.0413708907850739,0.00918480972633056,-0.0495460275038227,0.0444642524108642,0.033195754066325
7.82996418013339,0.0267812904408699,-0.00818428810984022,0.0176380232726115,0.041372243544459,0.0091432671682584,-0.0495565316542992,0.0444193137134813,0.0331879554346187
7.83177081700006,0.0267379204518608,-0.00819347714737322,0.0176365371470625,0.0413735765963531,0.00910138330479828,-0.0495670537437263,0.0443744575989233,0.0331800994489799
7.83357745386672,0.0266944228625311,-0.00820270258473077,0.0176352649807032,0.0413748908329001,0.00905915788182788,-0.0495775934176309,0.0443296878432343,0.0331721882481694
7.83538409073339,0.0266507979493091,-0.00821196362087287,0.017634211130405,0.0413761869085678,0.00901658681890411,-0.0495881505294406,0.044285009079714,0.0331642232876949
7.83719072760006,0.0266070435558322,-0.00822126011421274,0.0176333842628428,0.0413774651484445,0.00897365929298941,-0.0495987252626572,0.0442404278186751,0.0331562050342317
7.83899736446672,0.0265631616906285,-0.00823059078117278,0.017632785753297,0.0413787264525737,0.00893037593733151,-0.0496093172337465,0.0441959474439255,0.0331481356714009
7.84080400133339,0.026519152506299,-0.00823995485933241,0.0176324201442746,0.0413799714543634,0.00888673236202445,-0.0496199263136959,0.0441515726505736,0.033140016595031
7.84261063820006,0.0264750137227501,-0.00824935220119595,0.0176322965849491,0.0413812004956725,0.00884271713780098,-0.0496305526968685,0.0441073103076992,0.0331318482944766
7.84441727506672,0.026430747596059,-0.00825878149472521,0.0176324157541345,0.0413824144772231,0.00879833184192455,-0.0496411959719483,0.0440631633501935,0.0331236329824979
7.84622391193339,0.026386354058411,-0.00826824203500481,0.0176327825997818,0.0413836140044865,0.0087535714586292,-0.0496518560394913,0.0440191366581929,0.0331153719694817
7.84803054880006,0.0263418309957838,-0.00827773359497341,0.017633406207467,0.0413847994711655,0.00870842478831675,-0.049662533066139,0.0439752372032508,0.0331070658761921
7.84983718566672,0.0262971806219923,-0.00828725491203831,0.0176342870773021,0.0413859717399769,0.00866289354469016,-0.0496732266520152,0.0439314676992944,0.0330987168279386
7.85164382253339,0.0262524027182102,-0.008296805314139,0.0176354304786925,0.0413871314028125,0.00861697223951768,-0.0496839367169515,0.0438878331969026,0.0330903260886735
7.85345045940006,0.0262074954181028,-0.00830638448219504,0.0176368452244833,0.0413882789080518,0.00857065019361945,-0.0496946633902468,0.0438443406425861,0.0330818944258567
7.85525709626672,0.0261624608115976,-0.00831599121976225,0.017638531816886,0.0413894150739633,0.00852392899471165,-0.0497054062937255,0.0438009926284836,0.033073423854201
7.85706373313339,0.0261172985560775,-0.00832562487640102,0.0176404958242696,0.041390540485821,0.00847680273180793,-0.0497161653622221,0.0437577943803471,0.03306491560942
7.85887037000006,0.0260720284571502,-0.00833528504951107,0.0176427154315859,0.0413916556394599,0.00842931302556427,-0.0497269406889709,0.0437147438887361,0.0330563705899488
7.86067700686672,0.0260267525870834,-0.00834497060454732,0.0176450495999059,0.0413927613123109,0.00838170298717747,-0.0497377319168582,0.0436718021869894,0.0330477907077635
7.86248364373339,0.0259814863292754,-0.00835468090844101,0.0176474818098972,0.0413938580866404,0.00833400451937817,-0.0497485389950814,0.0436289681391726,0.0330391771781994
7.86429028060006,0.0259362313775656,-0.00836441548357175,0.0176500158245913,0.0413949464985183,0.00828621555297434,-0.04975936198209,0.0435862472021569,0.0330305310149465
7.86609691746672,0.0258909891345607,-0.00837417325304382,0.0176526528570449,0.0413960272881481,0.00823833627751574,-0.0497702005411919,0.0435436419916056,0.0330218540351043
7.86790355433339,0.0258457612162549,-0.00838395359690944,0.017655396038563,0.0413971010383991,0.00819036517769193,-0.0497810546353085,0.0435011572548179,0.0330131474414897
7.86971019120006,0.0258005493375712,-0.00839375597102757,0.0176582490098413,0.0413981683183552,0.00814230032772991,-0.0497919242893828,0.0434587983474124,0.0330044123473277
7.87151682806672,0.0257553548474908,-0.00840357935190176,0.0176612129717059,0.0413992298346031,0.00809414187578496,-0.0498028091865048,0.0434165678191967,0.0329956504827013
7.87332346493339,0.0257101794036416,-0.00841342312845631,0.0176642912055163,0.0414002861742255,0.00804588819812523,-0.0498137093026818,0.0433744706091579,0.0329868630457692
7.87513010180006,0.0256650247238466,-0.00842328669852832,0.0176674871986559,0.0414013379320991,0.00799753752519066,-0.0498246246306274,0.0433325119225024,0.0329780512335708
7.87693673866672,0.0256198921125535,-0.0084331690877715,0.0176708021552086,0.0414023857848045,0.00794908995734492,-0.049835554872576,0.0432906942677621,0.032969216697033
7.87874337553339,0.0255747832781145,-0.00844306968973195,0.0176742395220766,0.041403430327248,0.00790054375603793,-0.04984650001698,0.0432490228001912,0.0329603606375161
7.88055001240006,0.0255296999230712,-0.00845298785272458,0.017677802602355,0.0414044721728784,0.00785189732071616,-0.049857460025603,0.0432075025254262,0.0329514843201538
7.88235664926672,0.0254846433164284,-0.00846292264730321,0.0176814926188734,0.0414055119718807,0.00780315069755496,-0.0498684346191839,0.0431661359353018,0.0329425893245775
7.88416328613339,0.0254396152263539,-0.00847287346738689,0.0176853131995643,0.0414065503305952,0.00775430202678964,-0.0498794237979821,0.0431249284259182,0.0329336768632083
7.88596992300006,0.0253946173219248,-0.0084828396202665,0.0176892674322586,0.0414075878738219,0.00770534988966627,-0.0498904274940884,0.0430838847541834,0.0329247482535554
7.88777655986672,0.025349650845795,-0.00849282021714724,0.0176933565740196,0.0414086252289601,0.0076562942717754,-0.0499014454461073,0.0430430074198147,0.0329158050118128
7.88958319673339,0.0253047176350389,-0.00850281464807067,0.0176975844492989,0.0414096630173953,0.00760713318574005,-0.0499124776654659,0.0430023020843378,0.0329068483693246
7.89138983360006,0.0252598193070871,-0.00851282218780415,0.0177019538996866,0.0414107018680574,0.00755786540740057,-0.0499235240558615,0.0429617732067737,0.0328978796802532
7.89319647046672,0.0252149570873328,-0.00852284198395368,0.0177064662319675,0.041411742389171,0.00750849085536527,-0.0499345843731247,0.0429214233193004,0.0328889004052173
7.89500310733339,0.0251701328908494,-0.00853287341843404,0.0177111254826008,0.0414127852207765,0.0074590074082486,-0.0499456586392105,0.0428812583734501,0.0328799118023424
7.89680974420006,0.0251253482652374,-0.00854291574198803,0.0177159342159585,0.0414138309887138,0.00740941404927883,-0.0499567467307018,0.0428412824811959,0.0328709152467258
7.89861638106672,0.0250806044277217,-0.00855296813437281,0.017720893804037,0.0414148802856421,0.00735971062368477,-0.0499678484200149,0.0428014982317587,0.0328619121512693
7.90042301793339,0.0250359033804646,-0.00856302996512701,0.0177260085107893,0.0414159337738677,0.00730989486967523,-0.0499789637389947,0.0427619118912539,0.0328529038087406
7.90222965480006,0.0249912465830555,-0.00857310046946797,0.0177312805923951,0.0414169920689191,0.00725996599066044,-0.0499900925383871,0.0427225271754507,0.0328438915994511
7.90403629166672,0.0249466352536412,-0.00858317885505496,0.0177367115015478,0.0414180557515017,0.00720992375209338,-0.0500012346065567,0.042683346755189,0.0328348768964467
7.90584292853339,0.0249020714905646,-0.00859326447480001,0.0177423057451849,0.0414191255097971,0.00715976574537973,-0.0500123899845971,0.0426443772357494,0.0328258610349971
7.90764956540006,0.0248575566472209,-0.00860335655689471,0.0177480652403157,0.041420201941802,0.0071094914069052,-0.0500235584986967,0.0426056218875366,0.0328168453849073
7.90945620226672,0.0248130919517706,-0.00861345433265022,0.0177539915358201,0.041421285619878,0.00705910041595054,-0.0500347399525283,0.0425670834875907,0.0328078312872278
7.91126283913339,0.0247686796078287,-0.00862355713410312,0.017760089397107,0.041422377261693,0.00700859021072166,-0.0500459343957961,0.0425287690049356,0.0327988201275899
7.91306947600006,0.0247243208444132,-0.00863366419091817,0.01776636037104,0.041423477440491,0.00695796047337322,-0.0500571416314092,0.0424906812154533,0.0327898132495728
7.91487611286672,0.0246800169087899,-0.00864377475380885,0.0177728061181734,0.0414245867238995,0.00690721079061647,-0.0500683614777084,0.0424528230269633,0.0327808119700907
7.91668274973339,0.0246357701189364,-0.0086538881296865,0.0177794316778757,0.0414257058626841,0.0068563384410607,-0.0500795939923706,0.0424152017968122,0.0327718177329976
7.91848938660006,0.0245915815613122,-0.00866400355818849,0.0177862381958883,0.0414268353981142,0.00680534336542389,-0.0500908389563027,0.0423778197572005,0.0327628318399257
7.92029602346672,0.0245474525113785,-0.00867412030518112,0.0177932274599279,0.0414279758966948,0.00675422505145058,-0.0501020962018759,0.0423406799713065,0.0327538555915137
7.92210266033339,0.0245033854105676,-0.00868423764820062,0.0178004047988111,0.0414291281458983,0.00670298061175649,-0.0501133657940989,0.0423037902093788,0.0327448904976977
7.92390929720006,0.0244593811845973,-0.00869435484535608,0.0178077709261805,0.0414302926478001,0.00665161025841676,-0.0501246474931562,0.0422671521107778,0.032735937802444
7.92571593406672,0.0244154411462159,-0.0087044711734173,0.0178153277724035,0.0414314699713923,0.00660011337381235,-0.0501359411448096,0.0422307689186194,0.032726998797975
7.92752257093339,0.0243715678694019,-0.00871458587629556,0.0178230809712331,0.0414326609444648,0.00654848689816875,-0.0501472468207604,0.042194648840635,0.0327180750681693
7.92932920780006,0.0243277621009481,-0.0087246982390713,0.0178310307732365,0.0414338660226774,0.00649673132771165,-0.0501585642617487,0.0421587928741846,0.0327091677836061
7.93113584466672,0.0242840251999819,-0.0087348075451674,0.0178391792669202,0.0414350857811201,0.00644484593306177,-0.0501698933262875,0.0421232044669021,0.0327002782359527
7.93294248153339,0.0242403598821185,-0.00874491300062149,0.0178475324064614,0.0414363210915115,0.00639282747565717,-0.050181234092133,0.0420878922885799,0.03269140809089
7.93474911840006,0.0241967666970442,-0.00875501564066469,0.0178560899483759,0.0414375699309495,0.00634067674866834,-0.0501925855716142,0.0420528566454201,0.0326825542902848
7.93655575526672,0.0241532470593561,-0.00876517556196752,0.0178648541547976,0.0414387468847131,0.00628839290455852,-0.0502039224466806,0.0420181012141537,0.0326735713227456
7.93836239213339,0.0241098038353974,-0.00877542986747233,0.017873831315816,0.0414397992181708,0.00623597251958143,-0.0502152290856431,0.0419836351512134,0.0326643693506985
7.94016902900006,0.0240664373595653,-0.008785775565541,0.0178830206629188,0.0414407306045976,0.00618341669664649,-0.0502265061701386,0.0419494580224841,0.0326549550390566
7.94197566586672,0.0240231491212505,-0.0087962111488543,0.017892424675223,0.0414415427621389,0.00613072444602753,-0.0502377539109932,0.0419155737964735,0.0326453316132846
7.94378230273339,0.0239799421159179,-0.00880673673318988,0.0179020499106166,0.0414422352466029,0.00607789220530132,-0.0502489719797928,0.0418819920265345,0.032635498513413
7.94558893960006,0.0239368164751909,-0.00881734926205711,0.0179118951281855,0.0414428118319811,0.00602492134700545,-0.0502601610940382,0.0418487116033764,0.032625462569924
7.94739557646672,0.0238937738346234,-0.00882804738763168,0.0179219632038736,0.041443274024118,0.00597181063074986,-0.0502713214117497,0.041815737038497,0.0326152266364863
7.94920221333339,0.02385081711036,-0.00883883098289152,0.0179322604021836,0.0414436216876317,0.00591855670817645,-0.0502824526705232,0.0417830775125436,0.0326047907047402
7.95100885020006,0.0238079464306006,-0.00884969715297361,0.0179427855554953,0.0414438583965891,0.00586516087510523,-0.0502935555495627,0.0417507319860959,0.0325941612436155
7.95281548706672,0.0237651635227343,-0.00886064462273724,0.017953541775333,0.0414439855575549,0.00581162174740132,-0.0503046301802922,0.0417187052980673,0.0325833409348177
7.95462212393339,0.023722471205403,-0.0088716730393376,0.0179645350018364,0.0414440033247463,0.00575793620356658,-0.0503156763640839,0.0416870062072393,0.0325723302854087
7.95642876080006,0.0236798696124741,-0.00888277966105088,0.0179757641561684,0.0414439150819107,0.00570410545630571,-0.0503266947429616,0.0416556337686425,0.0325611354208599
7.95823539766672,0.023637360572263,-0.00889396327693142,0.017987232600921,0.0414437221459387,0.00565012797134193,-0.0503376854228701,0.041624593173184,0.0325497588690073
7.96004203453339,0.0235949467877264,-0.00890522332528875,0.0179989459208951,0.0414434249414356,0.00559600086683128,-0.0503486482667243,0.0415938927086214,0.0325382016161468
7.96184867140006,0.0235526284074909,-0.0089165572090499,0.0180109031415249,0.0414430266714351,0.00554172526596604,-0.050359583880485,0.0415635315490158,0.0325264694623852
7.96365530826672,0.0235104073698889,-0.00892796377297495,0.0180231078919578,0.0414425285727587,0.00548729947793108,-0.0503704923457337,0.0415335152618468,0.0325145647997838
7.96546194513339,0.0234682862440099,-0.00893944226350567,0.0180355653706798,0.0414419313211891,0.00543272087333014,-0.0503813735846947,0.0415038516146897,0.0325024890576834
7.96726858200006,0.0234262652023306,-0.00895099021973108,0.0180482747228841,0.0414412379486517,0.00537799047944655,-0.0503922281683828,0.0414745399252147,0.0324902477289206
7.96907521886672,0.0233843463022919,-0.00896260653362844,0.018061239859763,0.0414404496215038,0.00532310644252893,-0.0504030561551322,0.0414455861620548,0.0324778430878753
7.97088185573339,0.0233425319609333,-0.00897429027674897,0.0180744655625104,0.0414395672474955,0.0052680663984229,-0.0504138575242445,0.0414169975234436,0.0324652769707466
7.97268849260006,0.0233008223836726,-0.00898603911585486,0.0180879511115667,0.0414385936970492,0.00521287127210599,-0.0504246328129041,0.0413887734952393,0.0324525545811944
7.97449512946672,0.0232592197561515,-0.00899785198165227,0.0181017007156565,0.0414375300756634,0.005157519040495,-0.0504353820573157,0.0413609204718079,0.0324396780940112
7.97630176633339,0.0232177263251758,-0.00900972778777923,0.0181157187077065,0.0414363775038448,0.00510200761746933,-0.050446105291624,0.0413334450328823,0.0324266497160656
7.97810840320006,0.023176342338197,-0.00902166432018213,0.018130004518892,0.0414351387001171,0.00504633781930494,-0.0504568030202992,0.041306346857089,0.032413474379935
7.97991504006673,0.023135070118147,-0.00903366053980736,0.0181445626709583,0.0414338147187264,0.00499050744718869,-0.0504674752585338,0.0412796327891053,0.0324001541789191
7.98172167693339,0.0230939117234174,-0.00904571521935698,0.0181593970175882,0.0414324068737253,0.00493451470582923,-0.0504781220930823,0.0412533087410056,0.0323866916543683
7.98352831380006,0.023052867452583,-0.0090578262554735,0.0181745071561803,0.0414309177413445,0.00487836029640268,-0.050488743996818,0.0412273746087633,0.032373091485871
7.98533495066672,0.0230119397749585,-0.00906999263085434,0.0181898979369884,0.0414293483341825,0.00482204183797006,-0.0504993409650368,0.0412018377119469,0.0323593557033281
7.98714158753339,0.0229711305423375,-0.00908221299424285,0.0182055727034754,0.0414277001406265,0.00476555783886204,-0.0505099131348693,0.0411767032458129,0.0323454871463836
7.98894822440006,0.0229304401135102,-0.00909448534448926,0.018221531234751,0.0414259756042206,0.00470890887875924,-0.0505204609487099,0.0411519713482612,0.0323314902597314
7.99075486126672,0.0228898711132653,-0.00910680867755337,0.0182377787250669,0.0414241757055204,0.00465209238819832,-0.0505309843830737,0.0411276498383322,0.032317367027967
7.99256149813339,0.0228494251686157,-0.00911918153519748,0.0182543179766881,0.0414223020880378,0.00459510719192761,-0.0505414836232353,0.0411037431453038,0.0323031205528403
7.99436813500006,0.0228091027076585,-0.00913160200999018,0.0182711489659249,0.0414203570722344,0.00453795374173355,-0.0505519590822246,0.0410802516735834,0.0322887550622442
7.99617477186672,0.0227689065197471,-0.00914406910266542,0.0182882772465131,0.0414183416162292,0.00448062927323397,-0.0505624107188946,0.0410571837662601,0.0322742725135638
7.99798140873339,0.0227288379889317,-0.00915658126498158,0.0183057050485458,0.0414162574994478,0.00442313294038591,-0.0505728387644294,0.0410345430374776,0.0322596762344663
7.99978804560006,0.0226888976217073,-0.00916913667473693,0.0183234325610208,0.0414141069288752,0.00436546506068647,-0.0505832436036121,0.0410123301827281,0.0322449702541383
8.00159468246672,0.0226490494428188,-0.00918173432895096,0.018341410645626,0.0414118908497985,0.00430763879719287,-0.0505936251787494,0.0409904600884448,0.0322301565208475
8.00340131933339,0.0226092500194341,-0.00919437260635563,0.0183595779179757,0.0414096111583461,0.00424967210145841,-0.0506039837647017,0.0409688279374098,0.0322152385519905
8.00520795620006,0.0225694980741397,-0.00920704976148995,0.0183779321486895,0.0414072699576323,0.00419156592545017,-0.0506143197191223,0.0409474302228292,0.0322002201961424
8.00701459306672,0.0225297935268543,-0.00921976477917065,0.0183964750949135,0.0414048681897172,0.00413331843194082,-0.0506246329688878,0.0409262686217678,0.0321851034105465
8.00882122993339,0.0224901354819293,-0.00923251598208009,0.018415205289828,0.0414024078482221,0.0040749301921013,-0.0506349238303022,0.0409053407717573,0.032169891866142
8.01062786680006,0.0224505230169568,-0.00924530169301026,0.0184341211131848,0.0413998909419948,0.00401640190377201,-0.050645192635005,0.0408846441301416,0.0321545892489845
8.01243450366673,0.0224109560726151,-0.00925812363217832,0.0184532244861377,0.041397322317179,0.00395773158647745,-0.0506554459493573,0.0408641805587528,0.0321391986850006
8.01424114053339,0.0223714336767871,-0.00927098309899906,0.0184725135893653,0.041394708310668,0.00389892008742185,-0.0506656914096671,0.0408439472661524,0.0321237252116689
8.01604777740006,0.0223319549627739,-0.00928387857168484,0.0184919869911135,0.041392050981928,0.0038399679716604,-0.0506759295536129,0.0408239419538874,0.0321081724102432
8.01785441426673,0.0222925198883261,-0.009296809179634,0.0185116467739601,0.041389351570384,0.003780873114366,-0.050686160750018,0.0408041666622861,0.03209254239075
8.01966105113339,0.0222531274122327,-0.00930977324157913,0.018531490771249,0.0413866122879246,0.00372163664098372,-0.0506963855295038,0.0407846181834818,0.0320768390463455
8.02146768800006,0.0222137767198162,-0.0093227692759012,0.018551517737137,0.0413838351032548,0.00366225898267915,-0.0507066043791561,0.0407652944569532,0.0320610658273536
8.02327432486672,0.0221744677822122,-0.00933579638518924,0.0185717299130418,0.0413810212967465,0.00360273786917049,-0.0507168176819357,0.040746197695254,0.0320452249115572
8.02508096173339,0.0221351994964909,-0.00934885286752961,0.0185921247901403,0.0413781730981883,0.0035430747063506,-0.0507270259657179,0.0407273242866312,0.0320293202306587
8.02688759860006,0.0220959710963087,-0.00936193728875943,0.0186127013059164,0.0413752924174378,0.0034832697903923,-0.0507372297061972,0.0407086724022252,0.0320133551286783
8.02869423546673,0.0220567825624986,-0.00937504871682182,0.0186334618580444,0.0413723805863435,0.00342332070445421,-0.0507474293031653,0.040690244420543,0.0319973318695217
8.03050087233339,0.0220176327377869,-0.00938818544482903,0.018654403600701,0.041369439831536,0.0033632291370859,-0.0507576252763651,0.0406720363384879,0.031981254386707
8.03230750920006,0.0219785209004762,-0.0094013460782378,0.0186755256521134,0.0413664720145543,0.00330299524836279,-0.0507678180927921,0.0406540465525897,0.0319651259363165
8.03411414606672,0.0219394470374103,-0.0094145296425101,0.0186968305636293,0.0413634785292524,0.00324261647378097,-0.0507780081717625,0.0406362776010396,0.0319489488867424
8.03592078293339,0.0219004099443456,-0.00942773444145524,0.0187183151575922,0.0413604615780444,0.00318209478675333,-0.0507881960194997,0.0406187251019378,0.0319327271365892
8.03772741980006,0.0218614089405438,-0.00944095911231372,0.0187399787303894,0.0413574229846811,0.00312143021015445,-0.0507983820969948,0.0406013876709332,0.0319164638723673
8.03953405666673,0.0218224440151722,-0.00945420263023219,0.0187618239844582,0.0413543642155498,0.00306062003071397,-0.050808566845782,0.0405842679996304,0.0319001615853176
8.04134069353339,0.0217835139243918,-0.00946746332538636,0.0187838474154758,0.0413512874277912,0.00299966650891604,-0.0508187507531776,0.0405673613398676,0.0318838241024048
8.04314733040006,0.0217446180405149,-0.00948073986577901,0.0188060485787283,0.04134819441112,0.00293856946178661,-0.050828934276899,0.0405506666192432,0.031867454545341
8.04495396726672,0.0217057563040093,-0.00949403114796617,0.0188284300751921,0.041345086735313,0.00287732622881728,-0.0508391178832792,0.0405341863792014,0.0318510555873469
8.04676060413339,0.021666927486151,-0.00950733556460054,0.0188509883290124,0.0413419664708526,0.00281593915713857,-0.0508493020354531,0.0405179158151633,0.031834630906252
8.04856724100006,0.0216281310069552,-0.00952065180126352,0.0188737231555558,0.0413388353912966,0.00275440785139945,-0.0508594871925601,0.040501854162511,0.0318181835900331
8.05037387786673,0.0215893667121468,-0.00953397866369008,0.0188966367904925,0.0413356951786191,0.00269272992165428,-0.0508696738423092,0.0404860035026392,0.031801716514929
8.05218051473339,0.0215506334378478,-0.00954731462707588,0.0189197258528641,0.0413325477973065,0.00263090758498376,-0.0508798624243824,0.0404703592907119,0.0317852331702306
8.05398715160006,0.0215119306302832,-0.0095606583774449,0.0189429903258627,0.0413293950252436,0.00256894030442055,-0.0508900534026885,0.0404549209561459,0.0317687366477987
8.05579378846672,0.0214732580478096,-0.00957400864538187,0.0189664320850209,0.041326238635545,0.00250682596278869,-0.0509002472809269,0.0404396901328304,0.0317522299901631
8.05760042533339,0.0214346145877073,-0.00958736398079069,0.0189900479416921,0.0413230804972296,0.00244456664601516,-0.0509104444780203,0.0404246625293994,0.0317357165164389
8.05940706220006,0.0213959997187241,-0.00960072306230126,0.0190138380443111,0.0413199224030384,0.00238216167441303,-0.0509206454653396,0.0404098377630352,0.0317191993407371
8.06121369906672,0.0213574131192226,-0.00961408456102013,0.0190378039134386,0.0413167661961678,0.00231960920578407,-0.0509308507571879,0.0403952170326612,0.0317026816351477
8.06302033593339,0.0213188537439548,-0.00962744709372264,0.0190619425501578,0.0413136136606988,0.00225691119379701,-0.0509410607544215,0.0403807962941125,0.0316861665669762
8.06482697280006,0.021280321080503,-0.00964080932381061,0.0190862542655619,0.0413104666147574,0.00219406681494107,-0.0509512759385681,0.0403665753460649,0.0316696572909468
8.06663360966673,0.0212418147346109,-0.00965416987858254,0.0191107402304071,0.0413073269505645,0.00213107450420385,-0.050961496829147,0.040352554965018,0.0316531570719819
8.06844024653339,0.0212033337148148,-0.00966752743385026,0.0191353976329223,0.0413041963777915,0.00206793608189244,-0.0509717238116418,0.0403387313477371,0.0316366689439412
8.07024688340006,0.0211648775238446,-0.00968088062995123,0.0191602269442763,0.0413010767504784,0.00200465057956822,-0.0509819573804296,0.0403251044681209,0.0316201961205271
8.07205352026673,0.0211264457021997,-0.00969422806604721,0.0191852289905877,0.0412979699888122,0.00194121671161201,-0.0509921980548594,0.0403116746927874,0.031603741922765
8.07386015713339,0.0210880373085128,-0.00970756846915134,0.0192104011446479,0.0412948777385844,0.00187763616386491,-0.0510024462077357,0.0402984384531606,0.031587309269433
8.07566679400006,0.0210496518569741,-0.00972090044870107,0.0192357440351163,0.0412918019002781,0.00181390782185783,-0.0510127023489792,0.0402853958920903,0.0315709014515771
8.07747343086672,0.0210112888302138,-0.00973422259139254,0.0192612581486422,0.0412887444009881,0.0017500306815716,-0.0510229669923806,0.0402725469788559,0.0315545218095955
8.07928006773339,0.0209729473332735,-0.0097475336676042,0.019286941039995,0.041285706833155,0.00168600629327851,-0.0510332405007592,0.0402598883732684,0.0315381731655507
8.08108670460006,0.0209346268881165,-0.00976083224803836,0.0193127934927429,0.0412826911542338,0.0016218333953736,-0.0510435234022721,0.0402474203808594,0.0315218589061954
8.08289334146673,0.0208963269268784,-0.00977411692259646,0.0193388156592316,0.0412796992771692,0.00155751126764674,-0.0510538161997657,0.04023514258611,0.0315055823545728
8.08469997833339,0.020858046597322,-0.00978738649718679,0.0193650052736255,0.0412767327515797,0.00149304132369652,-0.0510641192487665,0.0402230518709475,0.0314893462543929
8.08650661520006,0.020819785425497,-0.00980063949594118,0.0193913632718175,0.0412737936024221,0.00142842215367952,-0.0510744330983632,0.0402111486973145,0.0314731541064809
8.08831325206672,0.020781542800418,-0.00981387452763696,0.0194178894770173,0.0412708837074326,0.00136365332340066,-0.0510847582350695,0.0401994322774353,0.0314570091797956
8.09011988893339,0.0207433179088834,-0.00982709042587731,0.0194445818002009,0.0412680045839361,0.00129873610868251,-0.0510950950098134,0.0401878997090842,0.0314409141580588
8.09192652580006,0.0207051102773402,-0.00984028566038737,0.0194714413270017,0.0412651583349202,0.00123366895033849,-0.0511054439953076,0.0401765516043419,0.0314248726745329
8.09373316266672,0.0206669192590584,-0.00985345887449226,0.019498467556661,0.041262346781855,0.00116845170239737,-0.0511158056563472,0.0401653868157194,0.0314088879073627
8.09553979953339,0.0206287440761827,-0.00986660892165383,0.0195256585743822,0.0412595714203011,0.00110308550180047,-0.0511261803419549,0.0401544026505649,0.0313929624986473
8.09734643640006,0.0205905842518715,-0.00987973420935545,0.0195530156129571,0.0412568344418056,0.00103756863891443,-0.0511365686511611,0.0401435998648285,0.0313771002324502
8.09915307326673,0.020552439111024,-0.00989283343114067,0.0195805378528239,0.041254137590514,0.00097190125820008,-0.0511469710216546,0.040132976963848,0.0313613041593733
8.10095971013339,0.0205143079074448,-0.00990590545249447,0.0196082235508312,0.0412514823507519,0.000906084356613553,-0.0511573878032463,0.040122531458276,0.0313455768982574
8.10276634700006,0.0204761901573158,-0.00991894861082324,0.0196360740843443,0.0412488710131549,0.000840116072971436,-0.0511678196239781,0.0401122642416601,0.0313299224023316
8.10457298386673,0.0204380851645401,-0.00993196166555989,0.0196640883201676,0.041246305223486,0.000773996844372474,-0.0511782668890459,0.0401021734847077,0.0313143435579262
8.10637962073339,0.0203999922108948,-0.00994494348637744,0.0196922646842091,0.0412437864653653,0.000707727526685634,-0.0511887299517427,0.0400922568951039,0.0312988429789878
8.10818625760006,0.0203619108018979,-0.00995789233276917,0.019720604695826,0.0412413171390454,0.000641306106071937,-0.0511992094718145,0.0400825154977239,0.0312834248062762
8.10999289446672,0.0203238402278314,-0.00997080704572829,0.0197491069133533,0.0412388987708487,0.000574733314478156,-0.0512097058165769,0.0400729471411847,0.0312680917251204
8.11179953133339,0.0202857797947575,-0.00998368649128067,0.0197777699291777,0.0412365328542185,0.000508009865579865,-0.0512202193454992,0.0400635497239352,0.0312528463629379
8.11360616820006,0.020247728993843,-0.00999652884317081,0.0198065954020626,0.0412342219095538,0.000441133591780475,-0.0512307507527246,0.0400543243959056,0.031237693066383
8.11541280506673,0.0202096871091234,-0.0100093330396239,0.0198355815870425,0.041231967322679,0.000374105522080934,-0.0512413003623029,0.040045268696166,0.031222634283055
8.11721944193339,0.0201716534672584,-0.0100220979351825,0.0198647272403981,0.0412297706073889,0.000306926226860391,-0.0512518685425714,0.0400363807076565,0.0312076726722064
8.11902607880006,0.0201336275413763,-0.0100348216100068,0.0198940341577156,0.0412276344147577,0.000239593383660745,-0.0512624560247645,0.0400276616990918,0.0311928128047509
8.12083271566673,0.0200956086166409,-0.010047503115225,0.0199235002958967,0.0412255599690536,0.000172108320744123,-0.0512730630842787,0.0400191089125376,0.0311780568538286
8.12263935253339,0.0200575960366221,-0.0100601412860607,0.0199531245725313,0.0412235488149526,0.000104471464090754,-0.0512836901010133,0.0400107206091534,0.0311634075288919
8.12444598940006,0.0200195892527224,-0.0100727341012549,0.0199829089174469,0.0412216037447338,3.66803352755511e-05,-0.0512943378459887,0.0400024981701693,0.0311488696434788
8.12625262626672,0.0199815875586087,-0.0100852807405094,0.0200128509945773,0.0412197258000499,-3.12634359686363e-05,-0.0513050065405593,0.039994438553186,0.0311344450595406
8.12805926313339,0.0199435903110736,-0.0100977800118938,0.0200429498802395,0.0412179165669879,-9.93595691658467e-05,-0.0513156965788817,0.0399865401913131,0.0311201365550941
8.12986590000006,0.0199055969361066,-0.0101102297848934,0.0200732076359173,0.0412161789895592,-0.000167610699810673,-0.0513264087744526,0.039978804572024,0.0311059492046658
8.13167253686673,0.019867606743252,-0.0101226293834555,0.0201036216377454,0.041214513905745,-0.000236014894493465,-0.0513371432892005,0.0399712283809974,0.0310918845222895
8.13347917373339,0.0198296190988383,-0.0101349775806594,0.0201341911181839,0.0412129229535708,-0.000304572019345653,-0.0513479005342302,0.0399638102170222,0.0310779453729115
8.13528581060006,0.0197916333997541,-0.0101472721289004,0.0201649182677888,0.041211409239311,-0.000373284868034722,-0.0513586813682115,0.0399565516675429,0.0310641371104106
8.13709244746673,0.0197536489787959,-0.0101595125120411,0.0201958001800628,0.0412099733762157,-0.00044215120126696,-0.0513694858882569,0.0399494491588587,0.0310504608641746
8.13889908433339,0.0197156652081408,-0.0101716974603359,0.0202268362410254,0.0412086170647788,-0.000511171032884571,-0.0513803145251146,0.0399425014491662,0.0310369196044429
8.14070572120006,0.0196776814518893,-0.0101838246012539,0.0202580287677225,0.0412073435840661,-0.000580347315833219,-0.05139116818532,0.0399357102196119,0.0310235189828122
8.14251235806673,0.0196396970734652,-0.0101958935942445,0.0202893745761907,0.0412061533015393,-0.000649677502725522,-0.0514020468957838,0.0399290716496559,0.0310102597072947
8.14431899493339,0.0196017114456775,-0.010207903069508,0.0203208733271803,0.0412050480611719,-0.000719161881502867,-0.0514129511306799,0.0399225847728578,0.0309971449916638
8.14612563180006,0.0195637239007377,-0.0102198506699321,0.02035252709038,0.0412040311139018,-0.000788803189642244,-0.0514238817838339,0.0399162509911177,0.0309841804439697
8.14793226866673,0.0195257338354852,-0.010231736098044,0.0203843327807908,0.0412031027717927,-0.000858598945305582,-0.0514348388698367,0.0399100666162759,0.0309713666737487
8.14973890553339,0.0194877406175172,-0.0102435579086089,0.0204162902296102,0.0412022649859163,-0.000928549612093012,-0.0514458228945252,0.0399040308471274,0.0309587070773075
8.15154554240006,0.0194497435545242,-0.010255313802913,0.0204484011904223,0.0412015209188951,-0.000998657635898095,-0.051456834721808,0.0398981447449465,0.0309462071159821
8.15335217926673,0.0194117420730806,-0.0102670034914172,0.0204806627485239,0.0412008708770528,-0.00106892067544338,-0.05146787436847,0.0398924048216045,0.0309338673856356
8.15515881613339,0.0193737355318825,-0.0102786254547192,0.0205130748783384,0.0412003169160461,-0.00113933934645588,-0.0514789423707653,0.039886810410221,0.0309216914613269
8.15696545300006,0.0193357232214738,-0.0102901774681749,0.0205456390225112,0.041199862089123,-0.00120991580103741,-0.0514900395572979,0.039881362243985,0.0309096846209482
8.15877208986673,0.0192977045944765,-0.0103016592423427,0.020578352434052,0.0411995067073973,-0.00128064783957549,-0.05150116594974,0.0398760570285285,0.0308978474650546
8.16057872673339,0.0192596789969986,-0.0103130691758175,0.0206112152280262,0.0411992529416385,-0.00135153623102762,-0.0515123221174559,0.0398708942250248,0.030886183765821
8.16238536360006,0.0192216457098113,-0.0103244051336958,0.0206442285413081,0.0411991037146626,-0.00142258283149679,-0.0515235088483584,0.0398658742511194,0.0308746985809668
8.16419200046673,0.0191836042078979,-0.0103356668187982,0.0206773897920365,0.0411990593529026,-0.0014937855841386,-0.0515347261717009,0.0398609939999344,0.0308633925341044
8.16599863733339,0.0191455538210901,-0.0103468525398816,0.0207106992333349,0.0411991221527702,-0.00156514541224483,-0.0515459746926518,0.039856253054425,0.0308522696128886
8.16780527420006,0.0191074938277622,-0.0103579602674537,0.0207441577014742,0.0411992948855911,-0.00163666387371206,-0.0515572551530448,0.0398516515292364,0.0308413346181374
8.16961191106673,0.01906942372157,-0.010368989688762,0.0207777627771384,0.0411995779036457,-0.0017083390555684,-0.0515685675924077,0.0398471864987085,0.0308305882148837
8.17141854793339,0.0190313428123822,-0.0103799390148898,0.0208115148489259,0.0411999736395181,-0.00178017203654371,-0.0515799126544079,0.0398428576613081,0.0308200346246284
8.17322518480006,0.0189932269614701,-0.0103908063374267,0.020845447581496,0.0412004846919852,-0.00185222062002588,-0.0515912910294119,0.039838674542966,0.0308096783545584
8.17503182166673,0.0189549730812532,-0.0104015913202124,0.0208797038084612,0.0412011114497043,-0.00192473072720801,-0.0516027027699166,0.0398346768897143,0.0307995201294919
8.17683845853339,0.0189165678834443,-0.0104122920688199,0.0209143018343484,0.0412018564919598,-0.00199773395090413,-0.0516141485607797,0.0398308697177927,0.03078956442314
8.17864509540006,0.0188780123101364,-0.0104229068115931,0.0209492395813772,0.0412027222239222,-0.00207122727124084,-0.0516256290355153,0.0398272518915136,0.030779815412329
8.18045173226673,0.018839309711689,-0.0104334437218521,0.0209845095305389,0.041203697002746,-0.0021451998188499,-0.0516371407245981,0.0398238192422279,0.0307702532808939
8.18225836913339,0.0188004606169574,-0.0104439304627643,0.0210201105376157,0.0412047416039001,-0.00221964992065823,-0.0516486720666645,0.0398205711545731,0.0307608111411358
8.18406500600006,0.0187614662730106,-0.0104543700910635,0.0210560398363222,0.0412058516050775,-0.00229457356331152,-0.051660221696141,0.0398175061093328,0.0307514815140141
8.18587164286673,0.0187223298323488,-0.0104647635487074,0.0210922903530227,0.0412070255922906,-0.00236996052067395,-0.0516717891409981,0.0398146201853715,0.0307422620435832
8.18767827973339,0.0186830517262848,-0.0104751108937768,0.0211288611652936,0.0412082633768802,-0.00244580943900875,-0.051683374270657,0.0398119128915784,0.0307331524831034
8.18948491660006,0.018643633487715,-0.0104854125414964,0.02116574886102,0.0412095642741983,-0.00252211537330498,-0.0516949768156947,0.039809382348735,0.0307241517327019
8.19129155346673,0.0186040780808545,-0.0104956693751339,0.0212029467906021,0.041210926954873,-0.00259886870974762,-0.0517065963300069,0.0398070248714567,0.030715257579739
8.19309819033339,0.0185643858490483,-0.0105058814216929,0.0212404542320713,0.0412123512700262,-0.00267606838302299,-0.051718232691719,0.0398048400811197,0.0307064698483333
8.19490482720006,0.0185245585918715,-0.0105160491835297,0.0212782671701605,0.0412138364148913,-0.00275370857828892,-0.051729885598421,0.039802825762032,0.0306977872313616
8.19671146406673,0.0184845990948288,-0.0105261734878577,0.0213163793579667,0.0412153811404341,-0.00283178026313792,-0.0517415546282918,0.0398009784527955,0.0306892076525763
8.19851810093339,0.0184445076228699,-0.0105362543332385,0.021354790252639,0.0412169853332787,-0.00291028262976913,-0.0517532396665172,0.0397992978755089,0.0306807310000403
8.20032473780006,0.0184042862231024,-0.0105462923038895,0.0213934952784331,0.041218648077098,-0.00298920905533071,-0.0517649403809875,0.0397977815015354,0.0306723557732086
8.20213137466673,0.0183639375118929,-0.010556288173605,0.021432488569806,0.041220368198916,-0.00306855105791303,-0.0517766563725211,0.0397964260816989,0.030664080025311
8.20393801153339,0.0183234616853718,-0.0105662419151398,0.0214717697416858,0.0412221456165796,-0.00314830805631401,-0.0517883875317194,0.0397952314270576,0.0306559037014398
8.20574464840006,0.0182828610190293,-0.010576154189302,0.0215113337005275,0.0412239793107598,-0.00322847268149812,-0.0518001335000617,0.0397941947195568,0.0306478251214578
8.20755128526673,0.0182421379696693,-0.0105860257191018,0.0215511749408093,0.0412258681802597,-0.00330903697113998,-0.0518118938993615,0.0397933129104785,0.0306398424611578
8.20935792213339,0.0182012926741758,-0.0105958564541229,0.0215912932139014,0.0412278121698702,-0.00339000053972561,-0.051823668623993,0.0397925858880772,0.0306319557157473
8.21116455900006,0.0181603276172746,-0.0106056471264935,0.0216316829511334,0.041229810165818,-0.00347135533385882,-0.0518354572923114,0.039792010568408,0.0306241630393245
8.21297119586673,0.01811924510578,-0.0106153984110748,0.0216723389856668,0.0412318611344064,-0.00355309387988677,-0.0518472595454811,0.0397915840914468,0.0306164627233316
8.21477783273339,0.0180780452269042,-0.0106251102369142,0.0217132611839755,0.0412339650430918,-0.00363521595707128,-0.051859075280006,0.0397913064108797,0.0306088548061776
8.21658446960006,0.0180367306554601,-0.0106347834021899,0.0217544435449402,0.0412361206922141,-0.00371771288948011,-0.051870904094404,0.0397911742004003,0.0306013372900242
8.21839110646673,0.0179953035578468,-0.0106444185362496,0.0217958812190677,0.0412383271112981,-0.00380057766122087,-0.0518827456475477,0.0397911847769146,0.0305939085750485
8.22019774333339,0.017953763981179,-0.0106540155502399,0.0218375741665979,0.041240584286186,-0.00388381018541889,-0.0518945998364259,0.0397913381477768,0.0305865687359461
8.22200438020006,0.0179121147712081,-0.0106635753031177,0.0218795159966376,0.0412428909398895,-0.0039674012254295,-0.0519064662430073,0.0397916307678456,0.0305793156367718
8.22381101706673,0.0178703579634922,-0.0106730983813527,0.0219217021557017,0.0412452461608757,-0.00405134419220951,-0.0519183445422285,0.039792060119194,0.030572147779523
8.22561765393339,0.0178284935746222,-0.0106825846808261,0.0219641326764576,0.0412476499490939,-0.00413563910183543,-0.05193023462992,0.0397926262510798,0.0305650652682678
8.22742429080006,0.0177865246021404,-0.0106920351160032,0.0220068008209149,0.0412501009587855,-0.00422027621877455,-0.0519421360747886,0.0397933254230553,0.0305580658427823
8.22923092766673,0.0177444529603382,-0.0107014502331105,0.0220497023102584,0.0412525983330808,-0.00430524934992026,-0.0519540485661914,0.0397941552705966,0.0305511480999703
8.23103756453339,0.0177022786448559,-0.0107108299153991,0.0220928372282445,0.0412551420817572,-0.00439055858338868,-0.0519659719971563,0.0397951158731004,0.030544312166358
8.23284420140006,0.0176600047858789,-0.0107201751275723,0.0221361985324622,0.0412577307988436,-0.00447619374658323,-0.0519779059264158,0.0397962033183411,0.0305375556712713
8.23465083826673,0.0176176331860062,-0.0107294864239901,0.0221797821974273,0.0412603637425424,-0.00456214901142108,-0.0519898501665325,0.0397974153834335,0.0305308773185523
8.23645747513339,0.0175751638295018,-0.0107387648902858,0.0222235883366483,0.0412630426427408,-0.00464842450714641,-0.0520018075330265,0.0397987521661501,0.030524277752455
8.23826411200006,0.0175325999600462,-0.0107480121206006,0.0222676096459688,0.0412657668683791,-0.00473500968592256,-0.0520137789889797,0.039800209606015,0.0305177547477785
8.24007074886673,0.0174899432615574,-0.0107572286701237,0.0223118423696305,0.0412685357901452,-0.00482189910807316,-0.0520257644602689,0.0398017856311879,0.0305113071200215
8.24187738573339,0.0174471937661824,-0.0107664145480749,0.0223562865163582,0.041271349580079,-0.0049090927501758,-0.0520377641281539,0.0398034802825406,0.0305049350320041
8.24368402260006,0.0174043547622638,-0.0107755708399244,0.0224009346761241,0.0412742068357616,-0.00499657991386026,-0.052049777675686,0.0398052894383879,0.0304986359958372
8.24549065946673,0.0173614277747657,-0.0107846980483214,0.02244578345541,0.04127710700494,-0.00508435568064433,-0.0520618050532615,0.0398072112301757,0.0304924089566186
8.24729729633339,0.0173184130925194,-0.0107937962672592,0.0224908322820645,0.0412800501445574,-0.00517241918954506,-0.0520738464118166,0.0398092453745839,0.0304862538772982
8.24910393320006,0.0172753138301539,-0.010802866524863,0.0225360741376179,0.04128303492653,-0.00526076030746399,-0.052085901451393,0.0398113879677717,0.0304801684016669
8.25091057006673,0.0172321314392365,-0.0108119092995106,0.0225815057965331,0.0412860608358239,-0.00534937435729654,-0.0520979701353345,0.0398136372357696,0.0304741515363133
8.25271720693339,0.0171888664461351,-0.0108209247636544,0.0226271261484561,0.04128912782137,-0.00543825970232096,-0.0521100525850244,0.0398159925945912,0.0304682030577156
8.25452384380006,0.0171455218013387,-0.0108299138912327,0.0226729285451398,0.0412922346258773,-0.00552740674380109,-0.05212214851711,0.0398184503464785,0.0304623207346446
8.25633048066673,0.017102098892592,-0.0108388771395068,0.0227189099076883,0.0412953807679894,-0.00561681101509633,-0.0521342579074962,0.0398210088002802,0.0304565036284826
8.25813711753339,0.0170585984646514,-0.0108478147530768,0.0227650686302227,0.0412985660957095,-0.0057064701655713,-0.0521463808487864,0.039823667094874,0.0304507513426327
8.25994375440006,0.0170150233134401,-0.0108567276548494,0.0228113984133792,0.0413017894189969,-0.00579637509993909,-0.0521585170738462,0.0398264217268192,0.0304450617641475
8.26175039126673,0.0169713747724542,-0.0108656162841259,0.0228578963035659,0.0413050502866301,-0.00588652153111168,-0.0521706665707561,0.0398292710760201,0.0304394340025042
8.26355702813339,0.0169276537856903,-0.0108744809513421,0.022904560242054,0.0413083484527693,-0.0059769064563637,-0.0521828294041114,0.0398322140277442,0.0304338675014273
8.26536366500006,0.0168838630040802,-0.0108833225315289,0.0229513842570261,0.0413116827910812,-0.0060675212529459,-0.0521950053226101,0.0398352472611063,0.0304283602595524
8.26717030186673,0.016840003716445,-0.0108921414491845,0.0229983654988552,0.041315052876939,-0.00615836178241012,-0.0522071943261235,0.0398383692153002,0.0304229114277546
8.26897693873339,0.016796077046874,-0.0109009380742666,0.0230455014986397,0.0413184583777424,-0.00624942445176568,-0.052219396452009,0.0398415785455137,0.0304175203034758
8.27078357560006,0.0167520855108809,-0.0109097132370872,0.0230927865907697,0.0413218982273243,-0.00634070107988879,-0.0522316114644115,0.0398448721016506,0.030412184990237
8.27259021246673,0.0167080303621866,-0.0109184673504981,0.0231402180082455,0.0413253720241094,-0.00643218764605888,-0.0522438393746075,0.0398482483704322,0.0304069046736113
8.27439684933339,0.0166639128858244,-0.010927200837666,0.0231877929146692,0.0413288793558218,-0.0065238800288448,-0.0522560801934878,0.0398517058004935,0.0304016785181559
8.27620348620006,0.0166197354714643,-0.0109359144873408,0.0232355059292997,0.0413324192129189,-0.00661577045783539,-0.0522683337002598,0.0398552414007639,0.0303965047255781
8.27801012306673,0.016575499347301,-0.0109446087038828,0.0232833543464273,0.041335991213334,-0.0067078549991263,-0.0522805999172167,0.0398588536937283,0.0303913825094512
8.27981675993339,0.0165312059401635,-0.0109532839573566,0.0233313350048323,0.0413395948722009,-0.00680012906466875,-0.0522928788295575,0.0398625409449958,0.0303863109148443
8.28162339680006,0.0164868575234525,-0.0109619409981052,0.0233794427873057,0.0413432292330584,-0.00689258526385316,-0.0523051702311636,0.0398663003107582,0.0303812882349532
8.28343003366673,0.0164424553094103,-0.0109705802251546,0.0234276750280893,0.0413468939298064,-0.006985219718679,-0.052317474154961,0.0398701303374995,0.0303763137046518
8.28523667053339,0.0163980008475135,-0.0109792021491541,0.0234760282838183,0.0413505884120728,-0.00707802743630478,-0.0523297905612269,0.0398740291313319,0.0303713862629188
8.28704330740006,0.0163534963044677,-0.0109878074851965,0.0235244976794772,0.0413543117729354,-0.00717100137500955,-0.0523421192581319,0.0398779939839449,0.030366504287739
8.28884994426673,0.0163089428861364,-0.0109963966301299,0.0235730805679212,0.0413580636587196,-0.00726413768178484,-0.0523544602888495,0.0398820234540576,0.0303616670285898
8.29065658113339,0.0162643422454964,-0.0110049701288747,0.0236217732663171,0.0413618434606303,-0.0073574310208207,-0.052366813589505,0.0398861155118136,0.0303568733317556
8.29246321800006,0.0162196964521317,-0.0110135286644309,0.0236705711205038,0.0413656503177436,-0.00745087466837204,-0.0523791789821745,0.0398902675726355,0.0303521216533128
8.29426985486673,0.0161750067151015,-0.011022072634624,0.0237194714806131,0.0413694838852668,-0.0075444647655116,-0.0523915565198908,0.0398944781957146,0.0303474112506427
8.29607649173339,0.0161302747717342,-0.0110306026123344,0.0237684704670179,0.041373343503067,-0.00763819569528372,-0.0524039461154014,0.0398987452387521,0.0303427408907326
8.29788312860006,0.0160855026040664,-0.0110391192516243,0.0238175636250752,0.0413772283526758,-0.00773206102100881,-0.0524163476043001,0.0399030662291416,0.0303381091010516
8.29968976546673,0.0160406914339273,-0.0110476229544534,0.0238667482808544,0.0413811380946409,-0.00782605684692709,-0.0524287610490943,0.0399074397147817,0.0303335151401875
8.30149640233339,0.0159958430638488,-0.0110561143153492,0.0239160204006104,0.0413850720245759,-0.00792017733676169,-0.0524411863399251,0.0399118634644592,0.0303289577092267
8.30330303920006,0.0159509593978942,-0.0110645939625923,0.0239653757078808,0.0413890293629254,-0.00801441630998663,-0.0524536233255177,0.0399163351057751,0.030324435400333
8.30510967606673,0.0159060416802362,-0.0110730623054339,0.0240148114833345,0.0413930097720353,-0.00810876980309825,-0.0524660720774692,0.0399208531635707,0.0303199474666014
8.30691631293339,0.0158610917594625,-0.011081519953735,0.0240643235817847,0.0413970125103502,-0.00820323182232223,-0.0524785324640852,0.0399254153412472,0.0303154925566152
8.30872294980006,0.0158161114712369,-0.0110899675131515,0.0241139078836106,0.0414010368336855,-0.0082977964123737,-0.052491004346837,0.0399300193548475,0.0303110693205339
8.31052958666673,0.01577110209165,-0.0110984054033816,0.0241635616027428,0.0414050824026429,-0.00839245951109276,-0.0525034878060246,0.0399346636943928,0.0303066769992613
8.31233622353339,0.0157260654961971,-0.0111068342433078,0.0242132805252297,0.0414091484455828,-0.00848721502903262,-0.0525159826888907,0.0399393460214268,0.030302314202275
8.31414286040006,0.0156810034617167,-0.0111152546191177,0.0242630606669535,0.0414132342501488,-0.00858205720523678,-0.0525284888692665,0.0399440641286701,0.0302979796310311
8.31594949726673,0.0156359173057911,-0.0111236669641125,0.0243128991537692,0.0414173394716572,-0.00867698184797809,-0.0525410064357697,0.0399488164595602,0.0302936725075447
8.31775613413339,0.0155908089116748,-0.0111320718998838,0.0243627917456352,0.0414214633154671,-0.0087719828339604,-0.052553535215351,0.03995360065731,0.0302893914155833
8.31956277100006,0.0155456800069556,-0.0111404699963069,0.0244127345725997,0.041425605097509,-0.00886705456564414,-0.0525660750938159,0.0399584145795553,0.0302851351012021
8.32136940786673,0.0155005319602812,-0.0111488617034426,0.0244627246511031,0.0414297644642713,-0.00896219269082194,-0.052578626167714,0.0399632566113844,0.0302809027608287
8.32317604473339,0.0154553666435176,-0.0111572476392789,0.0245127577576908,0.0414339406051963,-0.00905739111417317,-0.0525911882444751,0.0399681244012085,0.0302766929659174
8.32498268160006,0.0154101857445754,-0.0111656283605351,0.0245628301152387,0.0414381328609594,-0.00915264437066326,-0.0526037612214945,0.0399730158598141,0.0302725045004243
8.32678931846673,0.0153649906927424,-0.0111740043371879,0.0246129386094342,0.0414423408656779,-0.00924794791669176,-0.0526163452028657,0.0399779293021766,0.03026833652849
8.32859595533339,0.0153197833293476,-0.011182376177309,0.0246630790760863,0.0414465637999632,-0.00934329574673874,-0.0526289399772722,0.0399828624054339,0.0302641876226542
8.33040259220006,0.0152745653121985,-0.0111907444276182,0.0247132478095593,0.0414508010256926,-0.00943868249736084,-0.0526415454533108,0.0399878131217577,0.0302600565980744
8.33220922906673,0.0152293381407968,-0.0111991095811643,0.0247634415434522,0.0414550521610707,-0.0095341034026554,-0.052654161742235,0.0399927796842491,0.0302559425799064
8.33401586593339,0.0151841036067868,-0.0112074722297902,0.0248136562155111,0.0414593163849611,-0.00962955260872429,-0.0526667886147514,0.0399977598222978,0.0302518441551709
8.33582250280006,0.0151388891833677,-0.0112158329133722,0.024863924707762,0.0414635930769016,-0.00972503552439426,-0.0526794259902738,0.0400028138911298,0.0302477601635294
8.33762913966673,0.0150938799978821,-0.0112241921511881,0.0249145031565218,0.0414678818356424,-0.00982062315863974,-0.0526920739868305,0.0400083831544039,0.0302436896844543
8.33943577653339,0.0150491085147953,-0.0112325505125385,0.0249654311194143,0.0414721818453834,-0.00991632260461896,-0.0527047323579218,0.0400145396342096,0.0302396313328449
8.34124241340006,0.0150045739031999,-0.0112409085337197,0.025016701495465,0.0414764925050348,-0.0100121275922651,-0.0527174010387545,0.0400212753986648,0.030235583971315
8.34304905026673,0.0149602793317391,-0.0112492667630747,0.0250683127691561,0.0414808133745864,-0.010108033437417,-0.0527300801376611,0.0400285921008952,0.0302315466115117
8.34485568713339,0.0149162197847933,-0.0112576257413698,0.0251202518072117,0.0414851436664229,-0.0102040320224184,-0.0527427694077927,0.040036471592005,0.0302275179250531
8.34666232400006,0.0148723947640347,-0.0112659860068894,0.0251725119622329,0.0414894827918094,-0.0103001171981982,-0.0527554687986988,0.0400449067262675,0.03022349678492
8.34846896086673,0.0148288069396663,-0.0112743481326408,0.0252250907341261,0.0414938302630959,-0.0103962837944598,-0.0527681783957367,0.0400538976737925,0.0302194821304551
8.35027559773339,0.0147854515689559,-0.0112827126321002,0.0252779756806605,0.0414981853332729,-0.0104925241117046,-0.0527808979653731,0.0400634272496163,0.0302154727011728
8.35208223460006,0.0147423283741343,-0.0112910800493343,0.0253311604060263,0.0415025474170974,-0.010588832031892,-0.0527936274664317,0.0400734887801606,0.0302114673677631
8.35388887146673,0.0146994395369526,-0.011299450975702,0.0253846415094371,0.0415069159863636,-0.0106852019724846,-0.0528063669620656,0.0400840810463897,0.0302074650106616
8.35569550833339,0.0146567805825719,-0.0113078259005459,0.0254384071977651,0.0415112903311268,-0.0107816266151932,-0.0528191162316727,0.040095187780337,0.0302034644305809
8.35750214520006,0.0146143514487877,-0.0113162053768707,0.0254924512848507,0.0415156698660921,-0.010878099836063,-0.0528318752429628,0.0401068027336384,0.0301994644892213
8.35930878206673,0.014572153838887,-0.0113245900080745,0.0255467695530941,0.0415200540295833,-0.0109746157142071,-0.0528446440376577,0.0401189233919812,0.0301954640215088
8.36111541893339,0.0145301835409307,-0.0113329802625225,0.0256013508165312,0.041524442145177,-0.0110711672756005,-0.0528574224076995,0.0401315343574619,0.0301914618826545
8.36292205580006,0.0144884407032837,-0.0113413767053142,0.0256561890567108,0.0415288336239867,-0.0111677483534271,-0.0528702103293009,0.0401446297599945,0.0301874569186725
8.36472869266673,0.0144469265607585,-0.0113497799455741,0.0257112793231021,0.0415332278779477,-0.0112643527623436,-0.0528830078235218,0.0401582058838607,0.0301834479323737
8.3665353295334,0.0144056371593208,-0.0113581904338463,0.0257666109949635,0.0415376242606176,-0.0113609738356426,-0.0528958146944638,0.0401722481542843,0.0301794338267713
8.36834196640006,0.0143645728529116,-0.011366608750481,0.0258221781796116,0.0415420221759737,-0.0114576053267,-0.0529086309264547,0.0401867510325232,0.0301754134254927
8.37014860326673,0.0143237344178562,-0.0113750355040169,0.025877975277466,0.0415464210166502,-0.0115542408596098,-0.0529214565206671,0.0402017096953223,0.0301713855126333
8.37195524013339,0.0142831181530316,-0.0113834711303331,0.0259339921910669,0.0415508201626411,-0.0116508740380354,-0.0529342912929742,0.0402171103440985,0.0301673490323079
8.37376187700006,0.0142427246129602,-0.0113919162281874,0.0259902231115585,0.0415552190072472,-0.0117474984985983,-0.0529471352354346,0.0402329477245186,0.0301633027790599
8.37556851386673,0.0142025541254692,-0.0114003713992189,0.0260466618741911,0.0415596169308838,-0.0118441077487219,-0.0529599883301027,0.0402492159996603,0.030159245531665
8.37737515073339,0.014162603237352,-0.0114088370677991,0.0261032988628467,0.0415640133364407,-0.0119406956254947,-0.0529728504042399,0.0402659021001987,0.0301551762686416
8.37918178760006,0.0141228726987186,-0.0114173138542488,0.0261601283105561,0.0415684076029995,-0.0120372556118375,-0.0529857214572482,0.0402830010092748,0.0301510937487507
8.38098842446673,0.0140833623988864,-0.0114258023469961,0.0262171435712824,0.0415727991058415,-0.012133781172396,-0.0529986014528377,0.0403005059701687,0.0301469967588454
8.38279506133339,0.0140440691275709,-0.0114343029620602,0.0262743354683075,0.0415771872672099,-0.0122302663407366,-0.0530114902292701,0.0403184045958785,0.0301428843051497
8.38460169820006,0.0140049938254758,-0.0114428163444817,0.0263316982346097,0.0415815714484243,-0.0123267044091339,-0.053024387792906,0.0403366920600855,0.0301387551039426
8.38640833506673,0.0139661359533967,-0.0114513430631644,0.0263892248267447,0.0415859510267168,-0.012423088873348,-0.0530372940898813,0.0403553607801415,0.0301346079635524
8.38821497193339,0.0139274925389777,-0.0114598835289324,0.0264469064654549,0.0415903254401412,-0.0125194139264773,-0.0530502089690736,0.0403743990044326,0.0301304419112089
8.39002160880006,0.0138890647085209,-0.0114684384147018,0.0265047373417243,0.0415946940287146,-0.0126156726332034,-0.0530631324434163,0.0403938020502452,0.0301262556140128
8.39182824566673,0.0138508515042892,-0.0114770082635402,0.026562710098583,0.0415990561787025,-0.0127118585942937,-0.0530760644422426,0.0404135616028722,0.0301220479151623
8.39363488253339,0.0138128501868608,-0.0114855934842316,0.0266208163122935,0.0416034113404285,-0.0128079661254327,-0.0530890048246602,0.0404336664991543,0.0301178178561969
8.39544151940006,0.0137750620631428,-0.0114941947807252,0.0266790500899047,0.0416077588290635,-0.0129039880267618,-0.0531019536097887,0.0404541121530475,0.0301135640483383
8.39724815626673,0.013737485766853,-0.011502812663939,0.0267374038448027,0.0416120980469918,-0.0129999180779497,-0.0531149107109308,0.0404748896116557,0.0301092853830529
8.39905479313339,0.0137001187865097,-0.011511447543774,0.0267958694668286,0.0416164284532644,-0.013095750680319,-0.0531278759970383,0.0404959882533383,0.0301049809094904
8.40086143000006,0.0136629626046306,-0.011520100158368,0.0268544409371563,0.041620749334664,-0.0131914783325258,-0.053140849493032,0.0405174035417869,0.030100649176296
8.40266806686673,0.0136260154563771,-0.0115287709801771,0.0269131105234085,0.0416250601167783,-0.0132870950670314,-0.0531538310969554,0.0405391259797856,0.0300962891366013
8.40447470373339,0.0135892750532133,-0.0115374604233757,0.0269718703870653,0.0416293602638423,-0.013382595333852,-0.0531668206872179,0.0405611454402786,0.0300918998404666
8.40628134060006,0.0135527430482732,-0.011546169263446,0.0270307143414839,0.0416336490307095,-0.0134779712932106,-0.0531798182941555,0.0405834573897571,0.0300874797672635
8.40808797746673,0.0135164172881505,-0.0115548979280703,0.0270896345924057,0.0416379258732544,-0.0135732173042553,-0.0531928238013247,0.0406060518805562,0.0300830279451841
8.40989461433339,0.0134802957022605,-0.0115636468388525,0.0271486235310081,0.0416421902573556,-0.0136683278287477,-0.053205837096208,0.0406289192332686,0.0300785434185031
8.41170125120006,0.0134443801093597,-0.0115724168117755,0.0272076747608925,0.0416464414023929,-0.0137632946515328,-0.0532188582141684,0.0406520548702521,0.0300740245906175
8.41350788806673,0.013408667977462,-0.011581208223435,0.027266780509799,0.041650678801614,-0.0138581125323371,-0.0532318870250489,0.040675448487261,0.030069470578179
8.41531452493339,0.0133731574489405,-0.0115900215060202,0.0273259333566627,0.0416549019189966,-0.0139527759077221,-0.0532449234250168,0.0406990908056032,0.0300648804129765
8.41712116180006,0.0133378505031792,-0.0115988575191722,0.0273851266533871,0.0416591099349075,-0.014047276150208,-0.0532579674540797,0.0407229771565663,0.0300602524157354
8.41892779866673,0.0133027442396011,-0.0116077165820868,0.0274443527335938,0.0416633023870496,-0.0141416084939928,-0.0532710189691364,0.0407470969731949,0.0300555858049628
8.42073443553339,0.0132678370085421,-0.011616599140695,0.0275036043220338,0.0416674787339593,-0.0142357673134917,-0.0532840778746543,0.0407714413305759,0.0300508795932643
8.42254107240006,0.0132331309450205,-0.0116255061014521,0.0275628744769731,0.0416716381134466,-0.0143297435319526,-0.0532971442148987,0.0407960054219936,0.0300461320119944
8.42434770926673,0.0131986227898563,-0.0116344377198417,0.0276221557217946,0.0416757801147548,-0.0144235329319383,-0.0533102178345964,0.0408207785116509,0.0300413423949131
8.42615434613339,0.0131643110963543,-0.0116433801421868,0.027681440885126,0.0416799244340341,-0.0145171297887717,-0.0533233045762209,0.0408457519814803,0.0300365442918473
8.42796098300006,0.0131301981501727,-0.0116523142752934,0.0277407226896552,0.0416840985174388,-0.0146105245394825,-0.0533364127927322,0.0408709208398278,0.0300317842421454
8.42976761986673,0.0130962803435168,-0.0116612402820286,0.0277999939324073,0.0416883020447869,-0.0147037135888904,-0.0533495423268155,0.0408962742759241,0.0300270617627583
8.43157425673339,0.0130625564276663,-0.0116701585595938,0.0278592475039454,0.0416925345742783,-0.0147966910762791,-0.0533626931338721,0.0409218039316117,0.0300223760146846
8.43338089360006,0.0130290288339249,-0.0116790693685927,0.0279184757494386,0.0416967962071562,-0.0148894469155137,-0.0533758655757489,0.0409475045833635,0.0300177268385635
8.43518753046673,0.0129956936158717,-0.0116879732128955,0.027977671823436,0.0417010860987384,-0.0149819782075643,-0.0533890593116339,0.0409733654393077,0.0300131128858429
8.43699416733339,0.0129625497177671,-0.0116968704802033,0.0280368286364959,0.0417054038374173,-0.0150742789187288,-0.0534022743176207,0.040999378354263,0.030008533357214
8.43880080420006,0.0129295997115661,-0.0117057614450717,0.0280959381143279,0.0417097495311184,-0.0151663384027619,-0.0534155109761901,0.041025537825894,0.0300039880860467
8.44060744106673,0.0128968393222101,-0.0117146466046812,0.0281549938528862,0.0417141223005283,-0.0152581545306761,-0.0534287689052095,0.0410518331750963,0.0299994756958472
8.44241407793339,0.0128642678445847,-0.0117235263351083,0.0282139886818664,0.0417185217847591,-0.0153497208372818,-0.0534420481198674,0.0410782565264511,0.0299949954496508
8.44422071480006,0.0128318874983851,-0.0117324001556417,0.0282729142423287,0.0417229469183493,-0.0154410267439436,-0.053455347073991,0.0411048017407138,0.0299905467627075
8.44602735166673,0.0127996941778205,-0.011741258536709,0.0283317644787629,0.0417273827144836,-0.0155320703009424,-0.0534686412511926,0.0411314586565834,0.0299861241777746
8.44783398853339,0.0127676873761278,-0.0117500985577459,0.0283905321100685,0.0417318241813915,-0.0156228447339407,-0.0534819227391374,0.0411582194861962,0.0299817256236456
8.44964062540006,0.0127358689096712,-0.0117589204796416,0.0284492085914456,0.0417362711963228,-0.0157133396817744,-0.0534951916759644,0.0411850775011167,0.0299773507166812
8.45144726226673,0.0127042348979926,-0.0117677251093998,0.0285077881590711,0.0417407234692565,-0.0158035532610786,-0.0535084485786563,0.0412120230570637,0.0299729983598567
8.45325389913339,0.0126727850073327,-0.0117765129102595,0.0285662633840767,0.0417451808158358,-0.015893478376744,-0.0535216937260953,0.0412390483914094,0.0299686679055763
8.45506053600006,0.0126415206607132,-0.0117852841975172,0.0286246256196841,0.041749643095001,-0.0159831049589709,-0.0535349272925182,0.0412661462803973,0.0299643588974838
8.45686717286673,0.012610438198015,-0.0117940397367574,0.0286828693518157,0.0417541100314169,-0.0160724311538007,-0.0535481497681744,0.0412933075498307,0.0299600702946595
8.45867380973339,0.0125795374534882,-0.0118027799812312,0.0287409869618962,0.041758581443183,-0.016161449508408,-0.0535613614244142,0.0413205244153843,0.0299558014619517
8.46048044660006,0.0125488194668003,-0.0118115052946423,0.0287989697850489,0.0417630571732645,-0.0162501503182486,-0.0535745624679068,0.0413477892518491,0.0299515518786222
8.46228708346673,0.0125182807931766,-0.0118202164041563,0.0288568125150022,0.041767536959845,-0.0163385317218256,-0.0535877533640013,0.0413750933081788,0.0299473205556886
8.46409372033339,0.0124879214298833,-0.0118289137560353,0.028914507301532,0.0417720206223131,-0.0164265858716486,-0.0536009343783484,0.0414024287314153,0.0299431068662779
8.46590035720006,0.0124577420432214,-0.0118375977563913,0.0289720455455449,0.0417765079899939,-0.0165143035023235,-0.0536141057463853,0.0414297875887662,0.0299389102336026
8.46770699406673,0.012427739398767,-0.0118462690969706,0.029029422106635,0.0417809988134209,-0.016601682707868,-0.0536272679103916,0.0414571615054019,0.0299347297164503
8.4695136309334,0.0123979136518069,-0.0118549282200457,0.0290866288609886,0.0417854929121068,-0.0166887152091817,-0.0536404211321526,0.0414845425127955,0.0299305646920611
8.47132026780006,0.0123682651052655,-0.0118635755681383,0.0291436573591774,0.0417899901040691,-0.0167753922539119,-0.0536535656722075,0.0415119224644429,0.0299264145359308
8.47312690466673,0.0123387907300746,-0.0118722118005745,0.0292005025847195,0.0417944901510255,-0.0168617118546449,-0.0536667019516001,0.0415392933147942,0.029922278350451
8.47493354153339,0.0123094908345484,-0.0118808373586369,0.0292571560982719,0.0417989928714445,-0.0169476652637236,-0.0536798302300814,0.0415666469328203,0.0299181555128077
8.47674017840006,0.0122803653682214,-0.0118894527152576,0.0293136096839512,0.0418034980743707,-0.0170332443157298,-0.0536929507896283,0.0415939750521727,0.0299140453591132
8.47854681526673,0.0122514115023887,-0.0118980585003418,0.0293698584072607,0.0418080055315391,-0.017118446904872,-0.0537060640318809,0.0416212699096494,0.0299099470311973
8.48035345213339,0.0122226296933964,-0.011906655157183,0.0294258934713861,0.0418125150592064,-0.0172032637779897,-0.0537191702163894,0.0416485231647824,0.0299058599020234
8.48216008900006,0.0121940195473788,-0.0119152431831231,0.0294817069778718,0.041817026459779,-0.017287687430493,-0.053732269642902,0.0416757265252505,0.0299017832766559
8.48396672586673,0.0121655784309982,-0.0119238231816472,0.0295372940322636,0.0418215395138415,-0.0173717156012654,-0.0537453626954886,0.0417028724632618,0.0298977163321943
8.4857733627334,0.01213730694364,-0.0119323956010578,0.029592645438337,0.0418260540342727,-0.017455338494697,-0.0537584496353305,0.041729952381977,0.0298936584332149
8.48757999960006,0.012109204358026,-0.0119409609571088,0.0296477536989436,0.0418305698191743,-0.0175385493409177,-0.0537715307762831,0.0417569580569696,0.0298896088620654
8.48938663646673,0.0120812682311922,-0.0119495198298642,0.029702613917733,0.0418350866568135,-0.0176213456865408,-0.0537846064866778,0.0417838821489253,0.0298855668269493
8.4911932733334,0.0120534993005685,-0.0119580726756356,0.0297572164571289,0.041839604355524,-0.0177037171565605,-0.0537976770311596,0.0418107157576974,0.0298815316798884
8.49299991020006,0.0120258965154524,-0.0119666200225892,0.0298115543051722,0.0418441227114368,-0.0177856577897199,-0.053810742734026,0.0418374508206246,0.0298775026888477
8.49480654706673,0.0119984576182597,-0.0119751624303674,0.0298656225216743,0.0418486415193354,-0.0178671649034146,-0.0538238039497027,0.041864080139934,0.029873479088968
8.49661318393339,0.0119711834794704,-0.0119837003662908,0.0299194109857671,0.0418531605818406,-0.0179482275062967,-0.0538368609481314,0.0418905944652375,0.0298694602155498
8.49841982080006,0.0119440727349469,-0.0119922343649382,0.0299729132545622,0.0418576796954469,-0.0180288405196153,-0.0538499140603851,0.041916985989509,0.0298654453305087
8.50022645766673,0.0119171233074897,-0.0120007649685308,0.0300261243020924,0.0418621986602873,-0.0181090009946027,-0.0538629636288181,0.0419432476095822,0.0298614336917565
8.5020330945334,0.0118903361956352,-0.0120092926583973,0.030079033482257,0.0418667172721027,-0.0181886972866217,-0.0538760099305,0.0419693696778922,0.0298574246137055
8.50383973140006,0.0118637097317984,-0.0120178179695302,0.0301316350051187,0.0418712353300855,-0.0182679252733203,-0.0538890532996157,0.041995344736917,0.0298534173605553
8.50564636826673,0.0118372420141713,-0.0120263414297284,0.0301839237169923,0.0418757526385495,-0.0183466817028211,-0.0539020940682778,0.0420211657311636,0.0298494112088211
8.50745300513339,0.0118109334514383,-0.0120348635373291,0.0302358894128151,0.0418802689851909,-0.0184249559613768,-0.05391513252252,0.0420468228642534,0.0298454054478618
8.50925964200006,0.0117847194748321,-0.0120433848217392,0.0302876155801746,0.0418847841742323,-0.0185028961053425,-0.0539281689959714,0.0420723350550066,0.0298413993524931
8.51106627886673,0.011758545327718,-0.0120519057993346,0.0303391718847161,0.0418892980130028,-0.0185806265569981,-0.0539412038123373,0.0420977172124341,0.0298373922136682
8.51287291573339,0.0117324079704974,-0.0120604269884605,0.0303905525558457,0.0418938102799852,-0.0186581445853483,-0.0539542372684457,0.0421229605263431,0.0298333832915246
8.51467955260006,0.0117063035224776,-0.0120689489069392,0.0304417556750779,0.0418983207867678,-0.0187354521526002,-0.0539672696937069,0.0421480591975555,0.0298293718798286
8.51648618946673,0.0116802283310038,-0.0120774720627234,0.030492778658432,0.0419028293425275,-0.0188125503274282,-0.0539803014052509,0.0421730069894357,0.029825357279804
8.5182928263334,0.0116541792356293,-0.012085996997166,0.0305436154150736,0.0419073357153662,-0.0188894361794443,-0.0539933327125322,0.0421977946507029,0.0298213387182002
8.52009946320006,0.0116281524026857,-0.0120945242105044,0.0305942644778491,0.0419118397265725,-0.0189661120751634,-0.0540063639370769,0.0422224168805348,0.0298173155160681
8.52190610006673,0.0116021442533413,-0.0121030542052691,0.0306447231316867,0.0419163411860035,-0.0190425788783454,-0.0540193953912725,0.042246867385028,0.0298132869807344
8.5237127369334,0.0115761514857636,-0.0121115875488192,0.0306949849455544,0.0419208398502142,-0.0191188334597908,-0.0540324273990334,0.0422711364313179,0.029809252301395
8.52551937380006,0.0115501703543855,-0.0121201247178092,0.0307450489435441,0.0419253355525263,-0.0191948785891586,-0.0540454602703355,0.0422952192979296,0.0298052108347171
8.52732601066673,0.0115241973336602,-0.0121286662123454,0.0307949122595361,0.0419298281023115,-0.0192707149258759,-0.0540584943146569,0.0423191095931963,0.0298011618899662
8.52913264753339,0.0114982289598295,-0.0121372126287944,0.030844568102344,0.0419343172434094,-0.0193463391425145,-0.0540715298722038,0.0423427970621735,0.029797104614615
8.53093928440006,0.0114722616165064,-0.0121457644142273,0.0308940160272187,0.0419388028235103,-0.0194217544107123,-0.0540845672377376,0.0423662776437251,0.029793038409283
8.53274592126673,0.0114462918108897,-0.012154322069327,0.0309432529970359,0.0419432846503317,-0.0194969611861462,-0.0540976067196587,0.0423895448079255,0.0297889625810048
8.5345525581334,0.0114203158967562,-0.0121628862224659,0.0309922718404983,0.0419477624538326,-0.019571955943742,-0.0541106486762985,0.0424125877372545,0.0297848762313667
8.53635919500006,0.0113943304279779,-0.0121714572851332,0.0310410726839288,0.0419522360984041,-0.0196467422559509,-0.0541236933835373,0.0424354031119067,0.0297807788132709
8.53816583186673,0.0113683319200621,-0.0121800357634522,0.0310896522464212,0.0419567053878737,-0.0197213203263591,-0.0541367411513259,0.0424579841664833,0.0297766696244215
8.5399724687334,0.0113423165354734,-0.0121886223152076,0.0311380031150729,0.0419611700403635,-0.0197956865795995,-0.0541497923555711,0.0424803196505463,0.0297725477251559
8.54177910560006,0.0113162810277291,-0.0121972173159009,0.0311861258687301,0.0419656299360886,-0.019869844841001,-0.0541628472519896,0.0425024068964593,0.0297684126201877
8.54358574246673,0.0112902218790287,-0.0122058212859414,0.0312340168375149,0.0419700848708047,-0.0199437949584862,-0.0541759061567461,0.0425242387165436,0.0297642635848633
8.5453923793334,0.0112641351149101,-0.0122144348923939,0.0312816688811237,0.0419745345618827,-0.0200175337662136,-0.0541889694542766,0.0425458039960339,0.0297600996694888
8.54719901620006,0.0112380176546893,-0.0122230584919048,0.0313290825366784,0.0419789788954438,-0.0200910648819891,-0.0542020373873485,0.0425671001913677,0.029755920403539
8.54900565306673,0.0112118659311549,-0.0122316926174574,0.0313762538834697,0.0419834176609223,-0.0201643879523148,-0.0542151102783797,0.0425881198146246,0.0297517250434649
8.5508122899334,0.0111856758739959,-0.0122403379393988,0.0314231760937067,0.0419878505772708,-0.0202375002197108,-0.0542281885166696,0.0426088519677026,0.0297475126378719
8.55261892680006,0.0111594445477884,-0.0122489947985185,0.0314698496428297,0.0419922775353501,-0.0203104050950413,-0.0542412723338685,0.0426292941906181,0.0297432827368316
8.55442556366673,0.0111331683153699,-0.0122576637433748,0.0315162703393414,0.0419966983171065,-0.0203831020239715,-0.0542543620604813,0.0426494386547114,0.0297390345737318
8.5562322005334,0.0111068430516601,-0.0122663454415964,0.0315624317078775,0.0420011126454077,-0.0204555886562174,-0.0542674580870042,0.0426692747595376,0.0297347672038113
8.55803883740006,0.0110804659459553,-0.0122750402211166,0.0316083341422393,0.0420055204146881,-0.020527868196284,-0.0542805606358047,0.0426888000881946,0.0297304801935715
8.55984547426673,0.011054033270603,-0.0122837486490678,0.031653973160186,0.0420099213982376,-0.020599939889583,-0.0542936700473054,0.0427080064307891,0.0297261727491699
8.56165211113339,0.0110275408868319,-0.0122924713843609,0.0316993426786921,0.0420143153251743,-0.0206718017918602,-0.0543067867095352,0.042726883565524,0.0297218439408134
8.56345874800006,0.0110009860881192,-0.0123012087450733,0.0317444429899638,0.0420187020923376,-0.0207434569018447,-0.0543199108374109,0.042745429078083,0.0297174933472643
8.56526538486673,0.0109743650357838,-0.01230996131991,0.0317892693010595,0.0420230814631957,-0.0208149042652757,-0.0543330427831058,0.0427636343368433,0.0297131201432857
8.5670720217334,0.0109476736184409,-0.0123187297530664,0.0318338159612062,0.0420274531754505,-0.0208861423427653,-0.0543461829285169,0.0427814895796471,0.029708723422384
8.56887865860006,0.0109209092132099,-0.0123275143557621,0.0318780831410588,0.0420318171271796,-0.0209571739278489,-0.0543593314829417,0.0427989923542687,0.0297043027714175
8.57068529546673,0.0108940678498414,-0.012336315741276,0.0319220657170173,0.0420361730708618,-0.0210279978671758,-0.0543724888121379,0.0428161335668587,0.0296998573295858
8.5724919323334,0.0108671454854163,-0.0123451345330872,0.0319657585104755,0.042040520755117,-0.0210986130250593,-0.0543856552882042,0.0428329039958918,0.0296953862220298
8.57429856920006,0.0108401395601565,-0.012353971038558,0.0320091615505795,0.0420448600780945,-0.0211690219904231,-0.0543988311166525,0.042849301110736,0.0296908890395364
8.57610520606673,0.0108130459517052,-0.0123628258985398,0.0320522693631157,0.042049190780116,-0.0212392234114105,-0.0544120166786558,0.042865315314821,0.0296863648815761
8.57791184293339,0.0107858607266874,-0.0123716997097972,0.032095077281556,0.0420535126230536,-0.0213092165548686,-0.0544252123328509,0.0428809380082433,0.0296818129132564
8.57971847980006,0.0107585813678883,-0.0123805927788346,0.0321375851735824,0.0420578255039616,-0.0213790038056941,-0.0544384182827962,0.0428961665414707,0.029677232725127
8.58152511666673,0.0107312035803048,-0.0123895057770757,0.0321797871944099,0.0420621291498381,-0.0214485836141051,-0.0544516349269138,0.0429109907747148,0.0296726233727625
8.5833317535334,0.0107037235811837,-0.0123984392685707,0.0322216792295034,0.0420664233381411,-0.0215179556483197,-0.0544648626067118,0.0429254028106871,0.0296679840695704
8.58513839040006,0.0106761388753349,-0.0124073935619661,0.0322632609651232,0.0420707079636623,-0.0215871220897883,-0.0544781015256284,0.042939399840458,0.0296633144016963
8.58694502726673,0.0106484449745693,-0.0124163693622578,0.0323045261659565,0.0420749827389093,-0.0216560811913872,-0.054491352101167,0.0429529711405258,0.0296586133766515
8.5887516641334,0.0106206382878344,-0.012425367194782,0.0323454713093737,0.0420792474592599,-0.0217248330215393,-0.0545046146540419,0.0429661095972081,0.0296538802644779
8.59055830100006,0.0105927163214253,-0.0124343873733267,0.0323860958802574,0.0420835020160765,-0.0217933795588321,-0.0545178893894033,0.0429788122016827,0.0296491146427498
8.59236493786673,0.010564674373428,-0.0124434306394598,0.0324263932328105,0.0420877461062091,-0.0218617188593825,-0.0545311767456689,0.0429910676062386,0.0296443154667493
8.5941715747334,0.0105365090855689,-0.0124524974738047,0.0324663604762227,0.04209197954529,-0.0219298513906538,-0.0545444770190947,0.0430028695617916,0.0296394820714852
8.59597821160006,0.0105082179450891,-0.0124615881982907,0.032505996874041,0.0420962022200847,-0.0219977789289519,-0.0545577904183754,0.0430142148191302,0.029634614021794
8.59778484846673,0.0104797960158105,-0.0124707035940564,0.0325452953500284,0.0421004138106185,-0.022065499334218,-0.0545711174046749,0.0430250913658389,0.0296297102165622
8.5995914853334,0.0104512402133166,-0.0124798440910137,0.032584253685106,0.042104614155112,-0.0221330134717894,-0.0545844582461258,0.0430354938984226,0.0296247700640983
8.60139812220006,0.0104225479852556,-0.012489010022232,0.0326228709015299,0.0421088031345672,-0.0222003229162743,-0.0545978131567991,0.0430454188867855,0.0296197931123352
8.60320475906673,0.010393714140646,-0.0124982022114214,0.0326611394726657,0.0421129804110173,-0.0222674253320197,-0.0546111826224387,0.0430548536133116,0.0296147781995959
8.6050113959334,0.0103647359100069,-0.0125074210317824,0.0326990578910795,0.0421171458476061,-0.0223343219810726,-0.0546245668793885,0.0430637938010864,0.0296097248158238
8.60681803280006,0.0103356106808542,-0.0125166668305248,0.0327366249177799,0.0421212993184042,-0.0224010142369257,-0.0546379661489291,0.043072235598634,0.0296046324878794
8.60862466966673,0.0103063329868638,-0.0125259404769292,0.0327738325557778,0.0421254404662865,-0.0224674995689141,-0.0546513809432157,0.0430801655426416,0.0295994999893573
8.6104313065334,0.0102769004145691,-0.0125352422814855,0.0328106800491991,0.0421295691816526,-0.02253377963463,-0.0546648114631381,0.0430875804637681,0.0295943269001671
8.61223794340006,0.0102473102708142,-0.0125445726085433,0.0328471658778468,0.0421336853304763,-0.0225998556070326,-0.0546782579390195,0.0430944761486609,0.029589112721933
8.61404458026673,0.0102175567933933,-0.0125539323759538,0.0328832815544213,0.042137788535306,-0.022665724761028,-0.0546917209112598,0.0431008383478146,0.0295838561593521
8.61585121713339,0.0101876379659324,-0.0125633218254967,0.0329190271145203,0.0421418787161322,-0.022731389148588,-0.0547052005416289,0.0431066650804527,0.0295785568906355
8.61765785400006,0.0101575509940648,-0.0125727413416617,0.0329544007367862,0.0421459557296636,-0.0227968497427214,-0.0547186970713253,0.043111951730851,0.0295732143880019
8.61946449086673,0.0101272897991637,-0.0125821918938694,0.0329893934236516,0.0421500191769563,-0.0228621036244879,-0.0547322110708256,0.0431166832228154,0.0295678272830869
8.6212711277334,0.0100968528030263,-0.0125916736491905,0.0330240060420995,0.0421540690099249,-0.0229271532390732,-0.0547457426591154,0.0431208588451259,0.0295623953607344
8.62307776460006,0.0100662370895356,-0.0126011870152539,0.033058236449654,0.0421581050748465,-0.0229919993601184,-0.0547592920901004,0.0431244735391896,0.0295569180595926
8.62488440146673,0.0100354362431047,-0.01261073301605,0.0330920751185246,0.0421621269501175,-0.0230566388754199,-0.0547728599661676,0.0431275113616294,0.0295513939340675
8.6266910383334,0.0100044491647801,-0.0126203117379409,0.0331255237869922,0.0421661346219111,-0.0231210746222121,-0.0547864463598521,0.0431299729517723,0.0295458228839702
8.62849767520006,0.00997327279615583,-0.0126299236146943,0.0331585799715063,0.0421701279249054,-0.0231853071753505,-0.0548000515395997,0.0431318527676622,0.0295402043102112
8.63030431206673,0.00994190036414551,-0.01263956972787,0.0331912335940961,0.0421741064136703,-0.0232493332299506,-0.0548136761415404,0.0431331339582416,0.0295345366858003
8.63211094893339,0.00991033129012333,-0.0126492500771221,0.0332234873042542,0.0421780701109712,-0.0233131560141309,-0.0548273201880933,0.0431338185943775,0.0295288200338491
8.63391758580006,0.00987856235285491,-0.012658965125357,0.0332553382573989,0.0421820188387209,-0.023376775904544,-0.0548409839640779,0.0431339006102538,0.0295230537133638
8.63572422266673,0.00984658640121548,-0.0126687160147033,0.0332867758054219,0.0421859521264949,-0.0234401894042064,-0.0548546681411982,0.0431333622066374,0.0295172361117917
8.6375308595334,0.00981440341798499,-0.0126785026521082,0.0333178035489413,0.0421898700359856,-0.0235034001309563,-0.0548683726880938,0.0431322069669263,0.0295113673838774
8.63933749640006,0.00978200987508468,-0.0126883255538289,0.0333484180220567,0.0421937723660719,-0.023566408146972,-0.0548820979199008,0.0431304278971414,0.029505446812243
8.64114413326673,0.00974939859324373,-0.0126981858619241,0.0333786087075578,0.0421976586474714,-0.0236292101143141,-0.0548958445093955,0.0431280073008015,0.0294994727855473
8.64295077013339,0.00971656978729492,-0.0127080834482731,0.0334083794761091,0.0422015289558343,-0.0236918096888142,-0.0549096124041073,0.0431249492634041,0.0294934455075612
8.64475740700006,0.00968351962428321,-0.012718018881196,0.0334377262802957,0.0422053830677741,-0.0237542066560125,-0.0549234019489701,0.0431212459045789,0.0294873641865782
8.64656404386673,0.00965024117915991,-0.0127279932549065,0.0334666392555598,0.0422092205354805,-0.0238163980763999,-0.054937213790387,0.0431168804347197,0.029481227280574
8.6483706807334,0.00961673463698194,-0.0127380064509913,0.033495122040814,0.0422130414293983,-0.023878387403832,-0.0549510478803896,0.0431118566777959,0.029475034978407
8.65017731760006,0.00958300293863055,-0.0127480590789074,0.0335231800738978,0.0422168455087068,-0.0239401771352673,-0.0549649045876143,0.0431061830125284,0.0294687864297994
8.65198395446673,0.00954908817714964,-0.0127581521790249,0.0335508730872545,0.0422206323494024,-0.0240017849101048,-0.0549787845284273,0.0430999612644041,0.0294624801703775
8.6537905913334,0.00951500321416973,-0.0127682856456369,0.0335782224666254,0.0422244020155574,-0.0240632192524556,-0.0549926876611943,0.0430932256807951,0.0294561163699205
8.65559722820006,0.00948074883036868,-0.0127784601323372,0.0336052305095553,0.04222815424775,-0.0241244816791867,-0.0550066143800873,0.043085979339924,0.0294496941154128
8.65740386506673,0.00944632455261025,-0.0127886766196532,0.0336318970075879,0.0422318886481177,-0.0241855724549777,-0.0550205652677709,0.0430782215601982,0.0294432120284645
8.6592105019334,0.0094117342171836,-0.012798935017584,0.033658230411241,0.0422356052731922,-0.0242464961940574,-0.0550345402907762,0.0430699646284246,0.0294366702556083
8.66101713880006,0.00937697846040112,-0.0128092360268597,0.033684232737679,0.0422393038437844,-0.0243072542772779,-0.0550485398706441,0.0430612111980801,0.0294300678169247
8.66282377566673,0.00934205717415532,-0.0128195805621655,0.0337099045332641,0.0422429839905064,-0.0243678473591088,-0.0550625645526719,0.0430519617074194,0.0294234034283408
8.6646304125334,0.00930697397407258,-0.0128299685522066,0.0337352537740763,0.0422466457611829,-0.0244282798000037,-0.0550766143133895,0.0430422277481489,0.0294166772089763
8.66643704940006,0.00927172936014862,-0.0128404007478489,0.033760282217374,0.0422502888556902,-0.0244885528572254,-0.055090689603539,0.0430320115775226,0.0294098881078413
8.66824368626673,0.00923632357320599,-0.0128508769237312,0.0337849911233883,0.0422539114247788,-0.0245486675501823,-0.0551047883485101,0.0430213146965943,0.0294030345010476
8.6700503231334,0.00920076001625752,-0.0128613907456049,0.0338093880142365,0.0422575087733725,-0.0246086279979789,-0.0551188995189774,0.043010148030494,0.0293961180277676
8.67185696000006,0.00916503906103239,-0.0128719298998367,0.0338334744077447,0.0422610966820419,-0.0246684353467123,-0.0551330265818786,0.0429985134687771,0.0293891667822052
8.67366359686673,0.00912916128118316,-0.0128824914091607,0.0338572522370654,0.0422646794778515,-0.0247280909558823,-0.0551471708870123,0.0429864135182486,0.0293821880686908
8.6754702337334,0.00909312987515938,-0.012893074878126,0.0338807285908267,0.0422682573906692,-0.0247875987156673,-0.0551613322687953,0.0429738584659861,0.0293751825125432
8.67727687060006,0.00905694509447344,-0.0129036803320137,0.0339039047678973,0.042271830555637,-0.0248469596734239,-0.0551755108876507,0.0429608498623707,0.0293681502236233
8.67908350746673,0.0090206078295079,-0.0129143077057364,0.0339267833334012,0.0422753991301826,-0.0249061755038933,-0.055189706835919,0.0429473911629091,0.0293610914244462
8.6808901443334,0.0089841210821989,-0.0129249566298514,0.0339493709629524,0.0422789633336053,-0.0249652498807535,-0.0552039199634567,0.0429334920451513,0.029354006703754
8.68269678120006,0.00894748499189239,-0.0129356271473179,0.0339716687569366,0.0422825233008975,-0.0250241837650442,-0.0552181504482154,0.042919153748829,0.0293468961535795
8.68450341806673,0.00891070074960114,-0.0129463191501569,0.0339936798715005,0.0422860791992106,-0.0250829791218994,-0.0552323983493675,0.0429043806211017,0.0293397600490537
8.6863100549334,0.00887377116879745,-0.0129570322941395,0.0340154105897185,0.0422896312382702,-0.025141639420921,-0.0552466635324097,0.0428891817585159,0.0293325989441307
8.68811669180006,0.00883669628471059,-0.0129677666391077,0.0340368618339677,0.0422931795539129,-0.0252001655492571,-0.0552609461930205,0.0428735581186783,0.0293254129148052
8.68992332866673,0.00879947757288395,-0.0129785220357813,0.0340580373104688,0.042296724321026,-0.0252585597375849,-0.0552752463568073,0.0428575148833528,0.0293182022852447
8.6917299655334,0.00876211766637595,-0.0129892981643494,0.0340789429302305,0.0423002657407543,-0.0253168252638546,-0.0552895639051037,0.0428410605966065,0.0293109675764049
8.69353660240006,0.00872461650434887,-0.0130000951007423,0.0340995794580959,0.0423038039507738,-0.025374962953747,-0.0553038990515162,0.0428241959624447,0.0293037088500315
8.69534323926673,0.00868697583077694,-0.0130109126559684,0.0341199511094112,0.0423073391317184,-0.0254329752786343,-0.0553182517876868,0.0428069269401882,0.02929642647575
8.6971498761334,0.00864919810635492,-0.0130217505338397,0.0341400634435937,0.0423108714771472,-0.0254908653372388,-0.0553326220109869,0.0427892615499487,0.0292891209433074
8.69895651300006,0.00861128318222804,-0.0130326088255805,0.0341599170884264,0.0423144011275698,-0.0255486339061984,-0.0553470099531503,0.0427712002706545,0.0292817923019893
8.70076314986673,0.00857323305470158,-0.0130434873040769,0.034179516727433,0.0423179282673776,-0.0256062836727315,-0.0553614155714545,0.0427527497821346,0.0292744409633007
8.7025697867334,0.00853505002015612,-0.0130543856959699,0.0341988675889131,0.0423214530835389,-0.025663817568757,-0.0553758387795088,0.0427339176090692,0.029267067387569
8.70437642360006,0.00849673384976942,-0.0130653041069811,0.0342179701840648,0.0423249757203907,-0.0257212363342954,-0.0553902798273719,0.0427147040338342,0.0292596716134096
8.70618306046673,0.00845828677607854,-0.0130762422734661,0.0342368296236393,0.0423284963640939,-0.0257785428475608,-0.0554047386375601,0.0426951163997179,0.0292522540906278
8.7079896973334,0.00841971093919968,-0.0130871999440983,0.0342554508252939,0.0423320151960193,-0.0258357398860942,-0.0554192151401176,0.0426751617644936,0.0292448152519209
8.70979633420006,0.00838100603839374,-0.0130981772383032,0.0342738342041164,0.0423355323653267,-0.0258928281657227,-0.0554337096036299,0.0426548402425101,0.0292373551270235
8.71160297106673,0.00834217452632877,-0.0131091738574944,0.0342919852571355,0.042339048057957,-0.0259498107308067,-0.0554482219154513,0.0426341597834643,0.0292298742004626
8.7134096079334,0.00830321839490719,-0.0131201895715843,0.0343099086118418,0.0423425624506783,-0.0260066902169346,-0.0554627520222626,0.0426131270067489,0.0292223728790941
8.71521624480006,0.00826413727952205,-0.0131312245129058,0.0343276046076856,0.0423460756984674,-0.0260634673281635,-0.0554773002113732,0.0425917418872076,0.0292148511855617
8.71702288166673,0.00822493383687342,-0.0131422783495212,0.0343450790870268,0.0423495879850567,-0.0261201452501533,-0.0554918663345779,0.0425700129239002,0.0292073096355355
8.7188295185334,0.00818560991869913,-0.0131533508717863,0.0343623364076613,0.0423530994836063,-0.0261767264889622,-0.0555064503553926,0.0425479463263604,0.0291997486118199
8.72063615540006,0.00814616510457529,-0.0131644422241475,0.0343793768538784,0.0423566103559034,-0.0262332117493031,-0.0555210525800508,0.0425255419584537,0.0291921681317559
8.72244279226673,0.0081066022391334,-0.0131755520429053,0.0343962065724184,0.0423601207814832,-0.026289604333285,-0.0555356728243884,0.0425028088115518,0.0291845687385779
8.7242494291334,0.0080669230419971,-0.0131866801380638,0.0344128296718582,0.0423636309308925,-0.0263459066298611,-0.0555503110689563,0.0424797527138553,0.0291769507928288
8.72605606600006,0.00802712704497456,-0.0131978266653872,0.0344292464017998,0.0423671409737238,-0.0264021193568253,-0.055564967639111,0.0424563734467744,0.0291693143083365
8.72786270286673,0.00798721726452958,-0.0132089912310053,0.0344454631724154,0.0423706510833261,-0.0264582459078858,-0.0555796423143314,0.042432680436945,0.0291616598523209
8.7296693397334,0.00794719529622165,-0.013220173663775,0.0344614838635375,0.0423741614286273,-0.0265142885673158,-0.0555943350924024,0.0424086791597591,0.0291539877648523
8.73147597660006,0.00790706063214066,-0.013231374129984,0.034477308710555,0.0423776721880189,-0.0265702480784143,-0.0556090463180029,0.0423843693426956,0.029146298058035
8.73328261346673,0.00786681644448319,-0.0132425922071802,0.034492944346123,0.0423811835266758,-0.0266261279016398,-0.055623775733856,0.0423597607906062,0.0291385913194957
8.7350892503334,0.00782646421279392,-0.0132538277422794,0.0345083944418047,0.0423846956129005,-0.0266819302290108,-0.0556385233551798,0.0423348586545986,0.0291308678706211
8.73689588720006,0.00778600339749452,-0.0132650809112967,0.0345236592392492,0.0423882086348788,-0.0267376558417547,-0.0556532895461755,0.0423096626367437,0.0291231277235821
8.73870252406673,0.00774543731041505,-0.0132763512647892,0.0345387455526469,0.0423917227476218,-0.0267933082422319,-0.055668074012411,0.0422841828630619,0.0291153714828326
8.7405091609334,0.00770476722891844,-0.0132876386824783,0.0345536567081684,0.0423952381211165,-0.02684888947925,-0.0556828768035948,0.0422584239370869,0.0291075994386383
8.74231579780006,0.00766399287245737,-0.0132989433026842,0.0345683934469877,0.0423987549503929,-0.0269044005745304,-0.0556976982530771,0.0422323863194451,0.0290998116477088
8.74412243466673,0.00762311739374598,-0.0133102646971908,0.034582962251092,0.0424022733822542,-0.026959844857346,-0.055712538079445,0.042206079644838,0.0290920086850633
8.7459290715334,0.00758214197258365,-0.0133216027623184,0.0345973662900795,0.0424057935890944,-0.0270152243174958,-0.0557273963514128,0.0421795082626631,0.029084190826776
8.74773570840006,0.00754106658844996,-0.0133329575975055,0.0346116067928757,0.0424093157706518,-0.0270705402044258,-0.0557422733681573,0.0421526733813257,0.0290763581731463
8.74954234526673,0.0074998942258972,-0.0133443287977443,0.0346256899005634,0.0424128400666633,-0.0271257956746662,-0.0557571688644075,0.0421255841264606,0.029068511268919
8.7513489821334,0.00745862598090944,-0.0133557162742332,0.0346396186563686,0.0424163666528747,-0.0271809926754592,-0.0557720829271079,0.042098244637278,0.0290606503786415
8.75315561900006,0.0074172620768934,-0.0133671200891194,0.0346533947360185,0.0424198957317449,-0.0272361326591251,-0.0557870158208643,0.0420706568129119,0.0290527756426255
8.75496225586673,0.00737580533828959,-0.0133785398598084,0.0346670239601665,0.0424234274369381,-0.0272912186218769,-0.0558019672967465,0.0420428292984561,0.0290448875771297
8.7567688927334,0.00733425678531638,-0.0133899755115815,0.0346805092661406,0.0424269619485477,-0.0273462524808242,-0.0558169374601292,0.042014766051457,0.0290369864369662
8.75857552960006,0.0072926168692087,-0.0134014270708848,0.0346938527355213,0.0424304994697624,-0.0274012358663126,-0.0558319265406472,0.04198646960473,0.0290290723988776
8.76038216646673,0.00725088826234397,-0.0134128941767418,0.0347070598890065,0.0424340401291693,-0.0274561716266625,-0.055846934305911,0.0419579481513505,0.0290211459524275
8.7621888033334,0.00720907191722591,-0.0134243767677224,0.0347201335785011,0.0424375841122029,-0.0275110616612752,-0.0558619608799253,0.041929205495727,0.0290132073444805
8.76399544020006,0.00716716849681673,-0.0134358748361606,0.0347330762504894,0.0424411316207941,-0.0275659077536727,-0.0558770064569547,0.0419002447473061,0.0290052567846335
8.76580207706673,0.00712518052948162,-0.0134473880419037,0.0347458931461888,0.0424446827794467,-0.0276207126167072,-0.0558920708213503,0.0418710736756704,0.028997294737543
8.7676087139334,0.00708310890805859,-0.0134589163360146,0.0347585870525551,0.0424482377799305,-0.0276754781444965,-0.0559071541159451,0.0418416959606137,0.0289893214439159
8.76941535080006,0.00704095449113823,-0.0134704596783058,0.0347711607400277,0.0424517968209302,-0.0277302062488895,-0.0559222564992359,0.0418121152311659,0.0289813371426244
8.77122198766673,0.0069987196711233,-0.013482017748653,0.0347836191908184,0.0424553600238603,-0.0277848995196951,-0.0559373777725133,0.0417823388619417,0.0289733422752074
8.7730286245334,0.00695640528923569,-0.013493590509817,0.0347959651474075,0.0424589275878202,-0.0278395598581718,-0.0559525180976373,0.0417523704366432,0.0289653370780032
8.77483526140006,0.00691401238359469,-0.0135051778906793,0.0348082016632418,0.0424624997062601,-0.0278941892796472,-0.0559676775969394,0.0417222140468365,0.0289573218155809
8.77664189826673,0.00687154321868999,-0.0135167795903484,0.0348203334820006,0.0424660764984994,-0.0279487902633107,-0.0559828560888478,0.0416918767006906,0.0289492969081509
8.7784485351334,0.00682899859217825,-0.0135283955824886,0.0348323633221643,0.0424696581719621,-0.028003364729986,-0.0559980537544508,0.0416613619143425,0.0289412625894735
8.78025517200006,0.00678637970560672,-0.0135400257666397,0.0348442944792368,0.0424732449128741,-0.0280579147736301,-0.0560132706795139,0.0416306741848435,0.0289332191462344
8.78206180886673,0.00674368870360286,-0.0135516698603489,0.0348561314788407,0.0424768368394545,-0.0281124427752379,-0.0560285066998034,0.0415998201824436,0.0289251669791057
8.7838684457334,0.00670092634830697,-0.0135633278473883,0.03486787703593,0.0424804341684462,-0.028166950687623,-0.0560437620158345,0.041568803384237,0.0289171063210579
8.78567508260006,0.00665809398859552,-0.0135749995995464,0.0348795346471181,0.0424840370768622,-0.0282214406585226,-0.0560590366764086,0.0415376286357136,0.0289090374773158
8.78748171946673,0.00661519365728275,-0.0135866848520135,0.034891108640444,0.0424876456828157,-0.0282759149831613,-0.0560743305348292,0.0415063022977268,0.0289009608308022
8.7892883563334,0.00657222608904311,-0.0135983835978751,0.0349026017478103,0.0424912602133625,-0.0283303756587672,-0.0560896438112376,0.0414748278368535,0.0288928766154874
8.79109499320006,0.00652919276398188,-0.013610095682758,0.0349140176259908,0.0424948808343142,-0.0283848248620089,-0.0561049765170721,0.0414432103899726,0.0288847851515562
8.79290163006673,0.00648609561115056,-0.0136218208587011,0.0349253604259153,0.0424985076646724,-0.0284392648147648,-0.0561203285233735,0.0414114560370659,0.0288766868059713
8.7947082669334,0.00644293534580739,-0.0136335591273075,0.0349366329169103,0.0425021409428005,-0.0284936975711029,-0.056135700070108,0.0413795682627177,0.028868581815493
8.79651490380006,0.00639971356318671,-0.0136453103096333,0.0349478388749599,0.0425057808213199,-0.0285481253117732,-0.0561510911309532,0.0413475524381466,0.0288604705116866
8.79832154066673,0.00635643209662719,-0.0136570741737703,0.0349589822943605,0.0425094274211147,-0.0286025501977333,-0.056166501594885,0.0413154143909877,0.0288523532473444
8.8001281775334,0.00631309165002074,-0.0136688507290448,0.0349700660023351,0.0425130809928506,-0.0286569743523144,-0.0561819317218954,0.0412831576523559,0.0288442302638058
8.80193481440006,0.00626969391763123,-0.0136806397735315,0.0349810938531311,0.0425167416739694,-0.0287113999354999,-0.056197381447501,0.0412507877707623,0.0288361019004379
8.80374145126673,0.00622624064513396,-0.0136924410905802,0.0349920697048843,0.0425204095882328,-0.0287658290597504,-0.056212850678813,0.0412183103500183,0.0288279684976526
8.8055480881334,0.00618273253310436,-0.0137042546964459,0.0350029964631904,0.0425240849996023,-0.028820263930086,-0.0562283396960482,0.0411857289962947,0.0288198303031564
8.80735472500006,0.00613917135873622,-0.0137160803678111,0.0350138780196092,0.0425277680283524,-0.028874706660873,-0.0562438483961635,0.0411530493783454,0.0288116876605414
8.80916136186673,0.00609555878809153,-0.0137279179024899,0.0350247181165922,0.0425314588021163,-0.0289291593285007,-0.0562593767046062,0.0411202769046838,0.0288035408996264
8.8109679987334,0.00605189552647915,-0.0137397673228694,0.0350355197585808,0.0425351575991458,-0.0289836242321017,-0.0562749249220152,0.04108741528506,0.0287953902762764
8.81277463560006,0.0060081834179229,-0.0137516283858315,0.0350462868334996,0.0425388645205592,-0.0290381034155767,-0.0562904929063907,0.0410544702514225,0.0287872361347277
8.81458127246673,0.00596442405692107,-0.013763500902858,0.0350570229885893,0.0425425796988553,-0.0290925989316683,-0.0563060806017133,0.0410214470455104,0.0287790787959974
8.8163879093334,0.00592061816156619,-0.0137753849016743,0.035067731347612,0.0425463034275709,-0.0291471131860458,-0.0563216883292452,0.0409883495091781,0.0287709185258966
8.81819454620006,0.00587676762661194,-0.0137872801209513,0.0350784157539078,0.0425500357866794,-0.0292016481272958,-0.0563373159076307,0.0409551833805197,0.0287627556657281
8.82000118306673,0.00583287398304328,-0.0137991863850435,0.035089079779981,0.0425537769145396,-0.0292562057969377,-0.0563529632995831,0.0409219537630242,0.0287545905294961
8.8218078199334,0.00578894627153831,-0.0138111037262197,0.0350997149489383,0.0425575271209679,-0.0293107686774,-0.0563686308471877,0.0408886612204766,0.0287464233947482
8.82361445680006,0.00574510286918427,-0.0138230318665295,0.0351101603366656,0.0425612864628032,-0.0293650574674813,-0.0563843183293328,0.0408552632058498,0.0287382545962737
8.82542109366673,0.00570138516491926,-0.0138349706424055,0.0351203630153101,0.0425650550852594,-0.0294189778503908,-0.0564000257276649,0.0408217481802293,0.0287300844428539
8.8272277305334,0.00565779537026569,-0.0138469200898645,0.0351303243669785,0.0425688333154263,-0.0294725289967128,-0.0564157534052908,0.0407881197372441,0.0287219132255618
8.82903436740006,0.00561433175837003,-0.0138588799159248,0.0351400532199039,0.0425726211850201,-0.0295257214615339,-0.0564315011009449,0.0407543849782739,0.0287137412690954
8.83084100426673,0.005570994256614,-0.0138708499683025,0.0351495551808876,0.0425764188471046,-0.0295785609242736,-0.0564472688154071,0.0407205494375016,0.0287055688788021
8.8326476411334,0.00552778520619826,-0.0138828302859674,0.035158831681619,0.0425802266470361,-0.0296310464754207,-0.0564630569330036,0.0406866168878172,0.0286973963610687
8.83445427800006,0.00548470262849942,-0.0138948205624964,0.0351678917423942,0.0425840445894207,-0.0296831891138948,-0.0564788651519172,0.0406525943708937,0.0286892240269243
8.83626091486673,0.00544174660953689,-0.0139068206588868,0.0351767406689944,0.0425878728391871,-0.0297349940594575,-0.0564946934980739,0.0406184872785313,0.0286810521803003
8.8380675517334,0.00539891951135184,-0.0139188306078874,0.0351853801515421,0.0425917117518873,-0.0297864606401903,-0.0565105423597746,0.0405842996628939,0.0286728811439999
8.83987418860007,0.00535621921158849,-0.013930850099603,0.0351938191628191,0.0425955613120943,-0.0298375999512306,-0.0565264114116973,0.0405500383744076,0.0286647112124913
8.84168082546673,0.00531364600630427,-0.0139428790108293,0.0352020626768703,0.0425994217023844,-0.029888416670566,-0.0565423007132136,0.0405157086831745,0.0286565426915551
8.8434874623334,0.00527120201774241,-0.0139549173489833,0.0352101130354303,0.0426032932660697,-0.0299389110176879,-0.056558210615053,0.0404813150531727,0.0286483759170864
8.84529409920006,0.00522888523965291,-0.0139669648206035,0.0352179787398608,0.0426071759891311,-0.0299890935002079,-0.0565741408097347,0.0404468639795137,0.0286402111685276
8.84710073606673,0.00518669609258596,-0.0139790213105886,0.0352256646147411,0.0426110700659712,-0.0300389685221552,-0.0565900913765598,0.0404123607073271,0.0286320487553826
8.8489073729334,0.00514463645738582,-0.0139910868026143,0.0352331735919654,0.0426149758256735,-0.0300885371345796,-0.0566060626282878,0.0403778100493512,0.0286238890230592
8.85071400980006,0.00510270444470861,-0.0140031610188569,0.0352405137322015,0.0426188932566209,-0.0301378092874929,-0.0566220542754778,0.0403432181769101,0.028615732237764
8.85252064666673,0.00506090060039797,-0.0140152438515237,0.0352476897412897,0.042622822566037,-0.0301867891408918,-0.0566380664175607,0.0403085903416877,0.0286075787145133
8.8543272835334,0.00501922656229814,-0.0140273352621388,0.03525470507983,0.0426267640667884,-0.0302354785175319,-0.0566540993289272,0.0402739316421281,0.0285994288046496
8.85613392040006,0.00497768055877173,-0.0140394349877222,0.0352615673985236,0.0426307177506539,-0.0302838868397519,-0.056670152738376,0.0402392479572953,0.0285912827629317
8.85794055726673,0.00493626326175611,-0.0140515429269936,0.0352682813151984,0.0426346838386722,-0.0303320180534423,-0.0566862267656658,0.0402045445769545,0.0285831409116785
8.8597471941334,0.00489497606449512,-0.0140636590209162,0.0352748507577064,0.0426386626255044,-0.0303798746932113,-0.0567023216464206,0.0401698268222015,0.0285750036045882
8.86155383100006,0.00485381731385795,-0.014075783020558,0.0352812829975093,0.0426426541073199,-0.0304274656836514,-0.0567184371278779,0.0401351003113673,0.0285668710867619
8.86336046786673,0.0048127878086764,-0.0140879148303569,0.0352875825951489,0.0426466585199665,-0.0304747947864725,-0.0567345733503235,0.0401003704038253,0.0285587436896096
8.8651671047334,0.00477188869599254,-0.0141000543723051,0.035293753884277,0.0426506761379114,-0.0305218651882844,-0.0567507305102165,0.0400656425802695,0.0285506217656063
8.86623466666664,0.00474778071617842,-0.0141072312498805,0.0352973439093048,0.0426530563080293,-0.0305495631931264,-0.0567602875579097,0.0400451246254833,0.0285458250581488
