"TimeMin","Mean_Rubi","Mean_Rubi − Caps","SD_Rubi","SD_Rubi − Caps","Lower_Rubi","Lower_Rubi − Caps","Upper_Rubi","Upper_Rubi − Caps"
0,0,0,0,0,0,0,0,0
0.00606664280000002,3.38106636626223e-05,8.75337313454002e-05,0.000169332059538552,0.000401548025250722,-0.00013552139587593,-0.000314014293905321,0.000203142723201174,0.000489081756596122
0.0121332856,6.79131301062508e-05,0.000173465441011043,0.000339102834315889,0.000807709496562537,-0.000271189704209638,-0.000634244055551494,0.00040701596442214,0.00098117493757358
0.0181999284000001,0.000102268918582469,0.000257769933330775,0.000509256288020241,0.00121838761831448,-0.000406987369437772,-0.000960617684983706,0.00061152520660271,0.00147615755164526
0.0242665712000001,0.000136838984185677,0.000340425250238613,0.000679735535052238,0.0016334763637475,-0.000542896550866561,-0.00129305111350888,0.000816574519237914,0.00197390161398611
0.0303332140000001,0.000171584479383101,0.00042140837587254,0.000850483986382485,0.0020528727824058,-0.000678899506999384,-0.00163146440653326,0.00102206846576559,0.00247428115827834
0.0363998568000001,0.000206466621709288,0.000500695110636729,0.00102144515713156,0.00247647672607126,-0.000814978535422268,-0.00197578161543453,0.00122791177884084,0.00297717183670798
0.0424664996000001,0.000241446405867802,0.000578264730649169,0.00119256221010904,0.00290417966261794,-0.000951115804241242,-0.00232591493196877,0.00143400861597685,0.00348244439326711
0.0485331424000002,0.000276485102147703,0.000654090705172076,0.00136377875547633,0.00333588670806737,-0.00108729365332862,-0.00268179600289529,0.00164026385762403,0.00398997741323944
0.0545997852000002,0.000311543743920838,0.000728153497270999,0.00153503800338966,0.00377148690010481,-0.00122349425946882,-0.00304333340283381,0.0018465817473105,0.00449964039737581
0.0606664280000002,0.000346583484971664,0.000800427716785298,0.00170628338500893,0.00421088243423252,-0.00135969990003726,-0.00341045471744722,0.00205286686998059,0.00501131015101782
0.0667330708000002,0.000381565461922877,0.000870891491590742,0.0018774582793207,0.00465396780587963,-0.00149589281739782,-0.00378307631428889,0.00225902374124358,0.00552485929747037
0.0727997136000002,0.000416450829652056,0.000939521828426372,0.0020485061006522,0.00510064002907675,-0.00163205527100014,-0.00416111820065038,0.00246495693030425,0.00604016185750312
0.0788663564000003,0.000451200619344391,0.00100629439656168,0.00221937009282464,0.0055507985044581,-0.00176816947348025,-0.00454450410789642,0.00267057071216903,0.00655709290101979
0.0849329992000003,0.000485776193249121,0.00107118870044334,0.00238999395397162,0.00600433565262275,-0.0019042177607225,-0.00493314695217941,0.00287577014722074,0.00707552435306608
0.0909996420000003,0.000520138275656405,0.00113417789514441,0.00256032049882424,0.00646115512036494,-0.00204018222316784,-0.00532697722522053,0.00308045877448065,0.00759533301550935
0.0970662848000003,0.000554248443194033,0.00119524274658383,0.00273029372905068,0.00692114742951937,-0.00217604528585665,-0.00572590468293554,0.00328454217224471,0.00811639017610319
0.1031329276,0.00058806749032945,0.00125435767027607,0.00289985655224194,0.00738421377809274,-0.00231178906191249,-0.00612985610781667,0.00348792404257139,0.00863857144836881
0.1091995704,0.000621556729063292,0.00131150087990326,0.00306895260301028,0.00785024917236917,-0.00244739587394699,-0.0065387482924659,0.00369050933207357,0.00916175005227243
0.1152662132,0.00065467732283429,0.00136664940490641,0.00323752530800021,0.00831915060215016,-0.00258284798516592,-0.00695250119724375,0.00389220263083451,0.00968580000705657
0.121332856,0.000687390110327764,0.00141977878335521,0.0034055176307732,0.00879081700568847,-0.00271812752044543,-0.00737103822233325,0.00409290774110096,0.0102105957890437
0.1273994988,0.000719656824413195,0.0014708687479957,0.00357287380926663,0.00926514176183838,-0.00285321698485343,-0.00779427301384268,0.00429253063367982,0.0107360105098341
0.1334661416,0.000751437646458101,0.00151989213987543,0.00373953586726174,0.00974202705396706,-0.00298809822080364,-0.00822213491409164,0.00449097351371984,0.0112619191938425
0.1395327844,0.000782694690194702,0.00156683002756304,0.00390544858897817,0.0102213648766298,-0.00312275389878347,-0.00865453484906676,0.00468814327917288,0.0117881949041928
0.1455994272,0.000813388396925017,0.00161165663241601,0.00407055436739835,0.0107030554417175,-0.00325716597047333,-0.00909139880930146,0.00488394276432336,0.0123147120741335
0.151666070000001,0.000843480247876264,0.00165435025378992,0.00423479708380063,0.0111869942550404,-0.00339131683592437,-0.00953264400125052,0.0050782773316769,0.0128413445088304
0.157732712800001,0.000872931421199313,0.00169488794392654,0.00439812018610577,0.0116730782934499,-0.00352518876490646,-0.0099781903495234,0.00527105160730509,0.0133679662373765
0.163799355600001,0.000901702556928353,0.00173324510962982,0.00456046634865626,0.0121612060215849,-0.0036587637917279,-0.0104279609119551,0.00546216890558461,0.0138944511312147
0.169865998400001,0.000929755761629168,0.0017694017119201,0.00472178035367285,0.0126512717820877,-0.00379202459204368,-0.0108818700701676,0.00565153611530201,0.0144206734940078
0.175932641200001,0.000957050676821935,0.00180333027797825,0.00488200343846756,0.0131431763006959,-0.00392495276164562,-0.0113398460227176,0.00583905411528949,0.0149465065786741
0.181999284000001,0.000983549947192336,0.00183501217882171,0.0050410811608512,0.01363681303326,-0.00405753121365887,-0.0118018008544383,0.00602463110804354,0.0154718252120817
0.188065926800001,0.00100921366702769,0.00186442144181822,0.00519895540815725,0.0141320812169308,-0.00418974174112956,-0.0122676597751126,0.00620816907518495,0.015996502658749
0.194132569600001,0.00103400348063091,0.00189153645186419,0.00535557029937027,0.0146288768457165,-0.00432156681873936,-0.0127373403938523,0.00638957378000118,0.0165204132975807
0.200199212400001,0.00105788058701615,0.00191633428409907,0.00551086931264764,0.0151270968947989,-0.00445298872563148,-0.0132107626106999,0.00656874989966379,0.017043431178898
0.206265855200001,0.0010808054214156,0.00193879021399929,0.0056647948241528,0.0156266393439708,-0.0045839894027372,-0.0136878491299715,0.0067456002455684,0.0175654295579701
0.212332498000001,0.00110274046716671,0.00195888443082938,0.00581729216487007,0.0161273995051944,-0.00471455169770336,-0.0141685150743651,0.00692003263203678,0.0180862839360238
0.218399140800001,0.00112364482901719,0.00197658914806604,0.00596830179012113,0.0166292766523754,-0.00484465696110394,-0.0146526875043093,0.00709194661913832,0.0186058658004414
0.224465783600001,0.00114348167645619,0.00199188603897331,0.00611777002234889,0.0171321656912329,-0.0049742883458927,-0.0151402796522596,0.00726125169880508,0.0191240517302062
0.230532426400001,0.00116221076290648,0.00200474893709583,0.00626563825219781,0.0176359648955556,-0.00510342748929134,-0.0156312159584598,0.00742784901510429,0.0196407138326515
0.236599069200001,0.00117979388959664,0.00201515631273921,0.00641185082739877,0.0181405707362215,-0.00523205693780213,-0.0161254144234823,0.0075916447169954,0.0201557270489607
0.242665712000001,0.00119619228255412,0.00202308526403775,0.00655635126530547,0.0186458801980206,-0.00536015898275135,-0.0166227949339829,0.00775254354785959,0.0206689654620583
0.248732354800001,0.00121136616605867,0.00202851093507626,0.00669908163494204,0.0191517907646694,-0.00548771546888337,-0.0171232798295931,0.00791044780100071,0.0211803016997457
0.254798997600001,0.00122527840329478,0.0020314137433375,0.00683998782053662,0.0196581987229819,-0.00561470941724184,-0.0176267849796444,0.0080652662238314,0.0216896124663194
0.260865640400001,0.00123788756531325,0.00203176558875233,0.00697900949990137,0.0201650019008288,-0.00574112193458813,-0.0181332363120765,0.00821689706521462,0.0221967674895812
0.266932283200001,0.0012491573402554,0.00202954844663139,0.00711609375115036,0.0206720966423725,-0.00586693641089495,-0.0186425481957411,0.00836525109140576,0.0227016450890039
0.272998926000001,0.00125904714683096,0.00202473595686204,0.00725118147719922,0.0211793802694148,-0.00599213433036826,-0.0191546443125528,0.00851022862403018,0.0232041162262769
0.279065568800001,0.00126751893704259,0.0020173066750285,0.00738421724556508,0.0216867497183784,-0.00611669830852249,-0.0196694430433499,0.00865173618260768,0.0237040563934069
0.285132211600001,0.00127453397008257,0.00200723772235568,0.007515144621758,0.0221941019949374,-0.00624061065167543,-0.0201868642725817,0.00878967859184057,0.0242013397172931
0.291198854400001,0.00128005225312694,0.00199450411147426,0.00764390535870325,0.0227013340755039,-0.00636385310557631,-0.0207068299640296,0.00892395761183019,0.0246958381869781
0.297265497200001,0.00128403703228261,0.00197908648805763,0.0077704458983524,0.0232083432272742,-0.00648640886606978,-0.0212292567392165,0.00905448293063501,0.0251874297153318
0.303332140000001,0.00128644634797922,0.00196095643864972,0.00789470514548759,0.0237150258378787,-0.00660825879750837,-0.021754069399229,0.00918115149346681,0.0256759822765284
0.309398782800001,0.00128724440085928,0.00194009624040931,0.00801663092493459,0.0242212796785019,-0.0067293865240753,-0.0222811834380926,0.00930387532579387,0.0261613759189112
0.315465425600001,0.00128639028107031,0.00191647942465084,0.00813616366084037,0.0247270012504275,-0.00684977337977006,-0.0228105218257767,0.00942255394191067,0.0266434806750784
0.321532068400001,0.00128384608523808,0.0018903843530632,0.00825324813154816,0.0252325118137389,-0.00696940204631007,-0.0233421274606757,0.00953709421678624,0.0271228961668021
0.327598711200001,0.00127957311187073,0.00186658076835024,0.00836782795968447,0.025744486163776,-0.00708825484781374,-0.0238779053954257,0.0096474010715552,0.0276110669321262
0.333665354000001,0.00127353114488956,0.00184669088980366,0.00847984457311527,0.0262651504464072,-0.0072063134282257,-0.0244184595566035,0.00975337571800483,0.0281118413362108
0.339731996800001,0.00126568381639936,0.00183062679822197,0.00858924497599587,0.0267943056266976,-0.00732356115959651,-0.0249636788284756,0.00985492879239523,0.0286249324249195
0.345798639600001,0.00125598863928451,0.00181831333181389,0.00869596730455868,0.0273317809886736,-0.00743997866527417,-0.0255134676568597,0.00995195594384318,0.0291500943204875
0.351865282400001,0.00124441032053718,0.00180966041967141,0.008799960121381,0.027877372976905,-0.00755554980084382,-0.0260677125572336,0.0100443704419182,0.0296870333965764
0.357931925200001,0.00123090762789366,0.00180459015072901,0.00890116338080073,0.0284309046863345,-0.00767025575290707,-0.0266263145356055,0.0101320710086944,0.0302354948370635
0.363998568000001,0.00121544279645234,0.00180301754350425,0.00899952206302741,0.0289921838548626,-0.00778407926657507,-0.0271891663113584,0.0102149648594797,0.0307952013983669
0.370065210800001,0.00119797717018785,0.00180485981913146,0.00909497985676399,0.029561022786526,-0.00789700268657614,-0.0277561629673945,0.0102929570269518,0.0313658826056574
0.376131853600001,0.00117847030361584,0.00181003664235016,0.00918747785585749,0.0301372395077724,-0.00800900755224165,-0.0283272028654223,0.0103659481594733,0.0319472761501226
0.382198496400001,0.00115688621791471,0.00181846087465416,0.00927696363114637,0.0307206367565496,-0.00812007741323166,-0.0289021758818954,0.0104338498490611,0.0325390976312038
0.388265139200001,0.00113318190149822,0.00183005618963155,0.0093633745547939,0.0313110411839593,-0.00823019265329567,-0.0294809849943278,0.0104965564562921,0.0331410973735909
0.394331782000001,0.00110732256155813,0.00184473367792349,0.00944665991816836,0.0319082518551116,-0.00833933735661023,-0.0300635181771881,0.0105539824797265,0.0337529855330351
0.400398424800001,0.00107926664957042,0.00186241465702372,0.00952675921475908,0.0325120901292763,-0.00844749256518867,-0.0306496754722526,0.0106060258643295,0.0343745047863
0.406465067600001,0.00104897653295469,0.00188301452680468,0.00960361761768167,0.0331223645951907,-0.00855464108472697,-0.031239350068386,0.0106525941506364,0.0350053791219953
0.412531710400001,0.00101633735691307,0.00190637426671908,0.00967728672501137,0.0337389954251957,-0.00866094936809831,-0.0318326211584766,0.0106936240819244,0.0356453696919148
0.418598353200001,0.000981071255898682,0.00193217595825052,0.00974804271716148,0.0343621351565417,-0.0087669714612628,-0.0324299591982912,0.0107291139730602,0.0362943111147922
0.424664996000001,0.000943128514178635,0.00196031911691717,0.00981585371764272,0.0349916082905195,-0.00887272520346409,-0.0330312891736023,0.0107589822318214,0.0369519274074366
0.430731638800001,0.000902467881068894,0.00199072853679287,0.00988065311137238,0.0356272356271921,-0.00897818523030348,-0.0336365070903992,0.0107831209924413,0.037617964163985
0.436798281600002,0.00085905859650473,0.00202332000341204,0.0099423859050804,0.0362688138290313,-0.00908332730857567,-0.0342454938256192,0.0108014445015851,0.0382921338324433
0.442864924400001,0.000812861327102532,0.00205801659333462,0.0100009875691241,0.036916158966968,-0.00918812624202154,-0.0348581423736334,0.0108138488962266,0.0389741755603026
0.448931567200002,0.000763841655177326,0.0020947371426131,0.0100563990627684,0.0375690760236954,-0.00929255740759103,-0.0354743388810823,0.0108202407179457,0.0396638131663085
0.454998210000002,0.000711963507812448,0.00213340149965768,0.0101085593687894,0.0382273727098947,-0.00939659586097695,-0.036093971210237,0.0108205228766018,0.0403607742095524
0.461064852800002,0.000657190853890923,0.00217393316648415,0.0101574082366787,0.0388908641907018,-0.00950021738278779,-0.0367169310242177,0.0108145990905696,0.041064797357186
0.467131495600002,0.000599486755240799,0.00221624505314838,0.0102028824275632,0.039559345140804,-0.0096033956723224,-0.0373431000876556,0.010802369182804,0.0417755901939524
0.473198138400002,0.000538817938584531,0.00226026920895389,0.0102449264677749,0.0402326455277001,-0.00970610852919042,-0.0379723763187462,0.0107837444063595,0.042492914736654
0.479264781200002,0.000475143885459497,0.00230591233195333,0.01028347170431,0.0409105502376462,-0.0098083278188505,-0.0386046379056929,0.0107586155897695,0.0432164625695996
0.485331424000002,0.000408433657576945,0.00235310551533865,0.0103184653861721,0.0415928859756517,-0.00991003172859519,-0.039239780460313,0.0107268990437491,0.0439459914909903
0.491398066800002,0.00033864749609057,0.00240176228327776,0.0103498409659795,0.0422794505431482,-0.0100111934698889,-0.0398776882598704,0.0106884884620701,0.0446812128264259
0.497464709600002,0.000265751801125959,0.00245180512388733,0.0103775409239368,0.0429700554253204,-0.0101117891228108,-0.040518250301433,0.0106432927250627,0.0454218605492077
0.503531352400002,0.000189710015589315,0.00250315674889599,0.0104015042187592,0.0436645142560044,-0.0102117942031699,-0.0411613575071085,0.0105912142343485,0.0461676710049004
0.509597995200002,0.000110484993509076,0.00255573029743094,0.0104216674111456,0.0443626227959694,-0.0103111824176366,-0.0418068924985384,0.0105321524046547,0.0469183530934003
0.515664638000002,2.80438724115863e-05,0.00260945757167734,0.0104379754688365,0.0450642095764557,-0.0104099315964249,-0.0424547520047784,0.0104660193412481,0.047673667148133
0.521731280800002,-5.76544635294421e-05,0.00266424533768108,0.0104503590331829,0.0457690606428489,-0.0105080134967124,-0.0431048153051679,0.0103927045696535,0.04843330598053
0.527797923600002,-0.000146640367416585,0.0027200248312199,0.0104587660885258,0.0464770022111032,-0.0106054064559423,-0.0437569773798833,0.0103121257211092,0.0491970270423231
0.533864566400002,-0.000238953988812367,0.00277670938901766,0.0104631295802545,0.0471878321359959,-0.0107020835690669,-0.0444111227469783,0.0102241755914422,0.0499645415250136
0.539931209200002,-0.000334628735753878,0.0028342217111084,0.010463392261459,0.0479013622562475,-0.0107980209972129,-0.0450671405451391,0.0101287635257051,0.0507355839673558
0.545997852000002,-0.000433701153884152,0.00289248429324106,0.0104594930585481,0.0486174054741404,-0.0108931942124322,-0.0457249211808993,0.0100257919046639,0.0515098897673814
0.552064494800002,-0.000536208603494811,0.00295141050087179,0.0104513683233553,0.0493357586388745,-0.0109875769268502,-0.0463843481380027,0.00991515971986053,0.0522871691397463
0.558131137600002,-0.00064218353028936,0.00301093189316714,0.0104389634742507,0.05005624885745,-0.0110811470045401,-0.0470453169642829,0.00979677994396137,0.0530671807506171
0.564197780400002,-0.00075166765314645,0.00307095536366854,0.0104222084373272,0.050778663406085,-0.0111738760904737,-0.0477077080424165,0.00967054078418079,0.0538496187697536
0.570264423200002,-0.000864564014345676,0.00313153959468734,0.0104012311509463,0.0515030080590956,-0.0112657951652919,-0.0483714684644083,0.0095366671366006,0.054634547653783
0.576331066000002,-0.000978697950031677,0.00319481167094317,0.0103790968234288,0.0522322116896803,-0.0113577947734605,-0.0490374000187371,0.00940039887339712,0.0554270233606235
0.582397708800002,-0.00109325969840198,0.00326153799767666,0.0103569406332431,0.0529672793821964,-0.0114502003316451,-0.0497057413845198,0.00926368093484116,0.0562288173798731
0.588464351600002,-0.00120824326512773,0.00333168360900052,0.0103347616173331,0.053708083758694,-0.0115430048824609,-0.0503764001496935,0.00912651835220541,0.0570397673676945
0.594530994400002,-0.00132364229251148,0.00340520579444047,0.01031255804912,0.0544544845609659,-0.0116362003416315,-0.0510492787665254,0.00898891575660853,0.0578596903554063
0.600597637200002,-0.00143945070974548,0.00348207421433568,0.0102903296795576,0.0552063617048715,-0.0117297803893031,-0.0517242874905358,0.00885087896981214,0.0586884359192072
0.606664280000002,-0.00155566236454957,0.00356224398304572,0.0102680742707996,0.0559635716992421,-0.0118237366353492,-0.0524013277161963,0.00871241190625007,0.0595258156822878
0.612730922800002,-0.00167227088217839,0.00364568230838825,0.010245791568431,0.0567259902881189,-0.0119180624506094,-0.0530803079797307,0.00857352068625265,0.0603716725965072
0.618797565600002,-0.00178927026595865,0.00373234919883962,0.010223479864422,0.0574934819296198,-0.0120127501303807,-0.0537611327307802,0.00843420959846336,0.0612258311284594
0.624864208400002,-0.00190665413393128,0.00382220693711538,0.0102011381912946,0.0582659145858596,-0.0121077923252259,-0.0544437076487442,0.00829448405736334,0.062088121522975
0.630930851200002,-0.00202441646884491,0.00391522038298649,0.010178765566772,0.0590431601813216,-0.0122031820356169,-0.0551279397983351,0.00815434909792707,0.0629583805643081
0.636997494000002,-0.00214255093882553,0.00401134720785258,0.0101563603235531,0.0598250797786507,-0.0122989112623786,-0.0558137325707981,0.00801380938472759,0.0638364269865033
0.643064136800002,-0.00226105144531447,0.00411055647763142,0.0101339221146342,0.0606115513849578,-0.0123949735599486,-0.0565009949073264,0.00787287066931969,0.0647221078625892
0.649130779600002,-0.00237991185009711,0.00421280391879677,0.0101114488167269,0.0614024334003628,-0.012491360666824,-0.057189629481566,0.00773153696662974,0.0656152373191595
0.655197422400002,-0.00249912578317586,0.00431805631455439,0.0100889400811662,0.0621976003150587,-0.012588065864342,-0.0578795440005043,0.00758981429799032,0.066515656629613
0.661264065200002,-0.00261868723480132,0.00442627390024314,0.0100663942590355,0.0629969171890792,-0.0126850814938368,-0.058570643288836,0.00744770702423417,0.0674231910893223
0.667330708000002,-0.00273858984219213,0.00453741893187024,0.0100438103620292,0.0638002520379558,-0.0127824002042214,-0.0592628331060856,0.00730522051983711,0.0683376709698261
0.673397350800002,-0.00285882756504435,0.00465145609335353,0.0100211873872641,0.0646074760740188,-0.0128800149523085,-0.0599560199806653,0.00716235982221979,0.0692589321673723
0.679463993600002,-0.00297939409716011,0.00476834343875183,0.00999852372771031,0.0654184516880994,-0.0129779178248704,-0.0606501082493476,0.00701912963055021,0.0701867951268513
0.685530636400002,-0.00310028331293259,0.00488804944016026,0.00997581893819699,0.0662330549856321,-0.0130761022511296,-0.0613450055454718,0.0068755356252644,0.0711211044257924
0.691597279200002,-0.00322148908723187,0.00501053043491138,0.009953071009811,0.0670511462438003,-0.0131745600970429,-0.0620406158088889,0.00673158192257913,0.0720616766787117
0.697663922000002,-0.00334300505557634,0.00513575278291784,0.00993027950012101,0.0678725987132633,-0.0132732845556974,-0.0627368459303455,0.00658727444454467,0.0730083514961811
0.703730564800002,-0.00346482519479797,0.00526367694488682,0.00990744281823902,0.0686972780414084,-0.013372268013037,-0.0634336010965216,0.00644261762344106,0.0739609549862952
0.709797207600002,-0.00358694316142271,0.00539426515167329,0.00988455995641692,0.0695250523118342,-0.0134715031178396,-0.0641307871601609,0.00629761679499422,0.0749193174635075
0.715863850400002,-0.00370935289196445,0.00552748190983416,0.00986162988977928,0.0703557920101343,-0.0135709827817437,-0.0648283101003001,0.00615227699781482,0.0758832739199684
0.721930493200002,-0.00383204810575393,0.00566328565687041,0.00983865107256114,0.071189360862661,-0.0136706991783151,-0.0655260752057906,0.00600660296680721,0.0768526465195314
0.727997136000002,-0.00395502265083799,0.00580164427165447,0.00981562296121607,0.0720256330802431,-0.0137706456120541,-0.0662239888085886,0.00586060031037808,0.0778272773518975
0.734063778800003,-0.00407827041419252,0.00594251470112198,0.00979254366102195,0.072864470802904,-0.0138708140752145,-0.066921956101782,0.00571427324682943,0.078806985504026
0.740130421600003,-0.00420178503761835,0.00608586288321197,0.00976941263626557,0.073705746056083,-0.0139711976738839,-0.0676198831728711,0.00556762759864722,0.079791608939295
0.746197064400003,-0.00432556048418707,0.00623164950250312,0.00974622835300234,0.0745493250599568,-0.0140717888371894,-0.0683176755574537,0.00542066786881527,0.08078097456246
0.752263707200003,-0.00444959042986142,0.00637983676625768,0.00972298978542693,0.0753950759808436,-0.0141725802152884,-0.069015239214586,0.00527339935556551,0.0817749127471013
0.758330350000003,-0.00457386878784394,0.00653038900216064,0.00969969588528694,0.0762428685630173,-0.0142735646731309,-0.0697124795608567,0.00512582709744301,0.082773257565178
0.764396992800003,-0.00469838930284521,0.00668326503194166,0.00967634516907549,0.0770925678756861,-0.0143747344719207,-0.0704093028437444,0.00497795586623027,0.0837758329076277
0.770463635600003,-0.00482314579726922,0.00683843214184648,0.00965293699466072,0.0779440462421399,-0.0144760827919299,-0.0711056141002935,0.0048297911973915,0.0847824783839864
0.776530278400003,-0.00494813216921731,0.00699584788716143,0.0096294695813294,0.0787971676510237,-0.0145776017505467,-0.0718013197638623,0.00468133741211209,0.0857930155381851
0.782596921200003,-0.0050733420675401,0.00715547778516863,0.00960594230056966,0.0796518029168663,-0.0146792843681098,-0.0724963251316976,0.00453260023302956,0.0868072807020349
0.788663564000003,-0.00519876944120697,0.0073172827428247,0.00958235367429519,0.0805078188180741,-0.0147811231155022,-0.0731905360752494,0.00438358423308823,0.0878251015608988
0.794730206800003,-0.00532440798574666,0.00748122494535539,0.00955870266002962,0.0813650836183335,-0.0148831106457763,-0.0738838586729781,0.00423429467428296,0.0888463085636889
0.800796849600003,-0.00545025159092074,0.00764726854006564,0.00953498818475739,0.0822234663060176,-0.0149852397756781,-0.074576197765952,0.00408473659383665,0.0898707348460833
0.806863492400003,-0.00557629402667241,0.0078153727336982,0.00951120882822296,0.0830828333005229,-0.0150875028548954,-0.0752674605668247,0.00393491480155056,0.0908982060342211
0.812930135200003,-0.0057025290904646,0.00798550422046882,0.00948736384950093,0.0839430550446718,-0.0151898929399655,-0.075957550824203,0.00378483475903633,0.0919285592651407
0.818996778000003,-0.00582895069054465,0.0081576211627627,0.00946345158170301,0.0848039973615084,-0.0152924022722477,-0.0766463761987457,0.00363450089115836,0.0929616185242711
0.825063420800003,-0.00595555248358035,0.00833168865851967,0.00943947130400272,0.0856655298689616,-0.0153950237875831,-0.0773338412104419,0.00348391882042236,0.0939972185274813
0.831130063600003,-0.00608232840409616,0.00850766783558474,0.00941542159308713,0.0865275198891097,-0.0154977499971833,-0.0780198520535249,0.00333309318899097,0.0950351877246944
0.837196706400003,-0.00620927216731686,0.00868552085869907,0.00939130139119464,0.0873898357976534,-0.0156005735585115,-0.0787043149389543,0.00318202922387777,0.0960753566563524
0.843263349200003,-0.00633637763943337,0.0088652116932818,0.00936710959916001,0.0882523458124839,-0.0157034872385934,-0.0793871341192021,0.00303073195972664,0.0971175575057657
0.849329992000003,-0.006463638615474,0.00904669993187264,0.00934284486097356,0.0891149177105225,-0.0158064834764476,-0.0800682177786499,0.00287920624549956,0.0981616176423951
0.855396634800003,-0.00659104886866248,0.00922995167725411,0.00931850633670645,0.0899774200611881,-0.0159095552053689,-0.080747468383934,0.00272745746804398,0.0992073717384422
0.861463277600003,-0.00671860231641285,0.00941492569765837,0.00929409247311274,0.0908397205077083,-0.0160126947895256,-0.08142479481005,0.0025754901566999,0.100254646205367
0.867529920400003,-0.00684629262397721,0.00960158667299825,0.00926960245753472,0.0917016874857194,-0.0161158950815119,-0.0821001008127212,0.00242330983355751,0.101303274158718
0.873596563200003,-0.00697411371109297,0.00978989595051529,0.00924503492034829,0.0925631888464133,-0.0162191486314413,-0.082773292895898,0.00227092120925532,0.102353084796929
0.879663206000003,-0.00710205931281047,0.00997981567602052,0.0092203887898911,0.0934240930921511,-0.0163224481027016,-0.0834442774161306,0.00211832947708063,0.103403908768172
0.885729848800003,-0.00723012327162038,0.0101713096315409,0.00919566293946472,0.0942842676557656,-0.0164257862110851,-0.0841129580242247,0.00196553966784434,0.104455577287307
0.891796491600003,-0.00735829940748812,0.0103643377961979,0.00917085607829689,0.0951435816790335,-0.016529155485785,-0.0847792438828356,0.00181255667080876,0.105507919475231
0.897863134400003,-0.00748658147010125,0.0105588656819344,0.00914596726724701,0.0960019018650377,-0.0166325487373483,-0.0854430361831033,0.00165938579714576,0.106560767546972
0.903929777200003,-0.00761496338506048,0.0107548526615812,0.00912099506652808,0.0968590976629728,-0.0167359584515886,-0.0861042450013916,0.0015060316814676,0.107613950324554
0.909996420000003,-0.00774343882696908,0.0109522629983367,0.00909593857213538,0.0977150363404876,-0.0168393773991045,-0.0867627733421509,0.0013524997451663,0.108667299338824
0.916063062800003,-0.00787200170043564,0.0111510582573501,0.00907079646704794,0.0985695862633346,-0.0169427981674836,-0.0874185280059845,0.0011987947666123,0.109720644520685
0.922129705600003,-0.00800064576046573,0.0113512005670528,0.00904556766708954,0.0994226160751768,-0.0170462134275553,-0.088071415508124,0.00104492190662381,0.11077381664223
0.928196348400003,-0.00812936482571991,0.0115526535245759,0.00902025101664128,0.100273992409211,-0.0171496158423612,-0.0887213388846356,0.000890886190921368,0.111826645933787
0.934262991200003,-0.00825815274095323,0.0117553774964067,0.00899484529116245,0.101123585779406,-0.0172529980321157,-0.0893682082829989,0.000736692550209226,0.112878963275812
0.940329634000003,-0.00838700323301944,0.0119593374042422,0.00896934945209252,0.10197126102957,-0.017356352685112,-0.0900119236253275,0.000582346219073078,0.113930598433812
0.946396276800003,-0.00851591023472579,0.012164493224264,0.00894376217291893,0.102816889400651,-0.0174596724076447,-0.0906523961763873,0.000427851938193134,0.114981382624915
0.952462919600003,-0.00864486743079438,0.0123708088042674,0.00891808245877428,0.103660337006616,-0.0175629498895687,-0.091289528202349,0.0002732150279799,0.116031145810884
0.958529562400003,-0.00877386871036286,0.0125782459258213,0.00889230904415628,0.104501472713223,-0.0176661777545191,-0.0919232267874019,0.000118440333793428,0.117079718639044
0.964596205200003,-0.00890290784852099,0.0127867667015286,0.00886644083375933,0.105340165320079,-0.0177693486822803,-0.0925533986185509,-3.64670147616642e-05,0.118126932021608
0.970662848000003,-0.00903197863997047,0.0129963345421194,0.00884047664165921,0.106176280646171,-0.0178724552816297,-0.0931799461040514,-0.000191501998311258,0.11917261518829
0.976729490800003,-0.00916107495410793,0.0132069102022315,0.00881441531054062,0.107009690584989,-0.0179754902646485,-0.0938027803827571,-0.000346659643567303,0.12021660078722
0.982796133600003,-0.00929019049565519,0.0134184580139103,0.00878825570221251,0.107840258128134,-0.0180784461978677,-0.0944218001142233,-0.000501934793442679,0.121258716142044
0.988862776400003,-0.00941931920364714,0.01363093855544,0.00876199660325518,0.108667856294094,-0.0181813158069023,-0.0950369177386541,-0.000657322600391964,0.122298794849534
0.994929419200003,-0.00954845477369145,0.0138443152605228,0.0087356369284216,0.109492350057454,-0.0182840917021131,-0.0956480347969311,-0.000812817845269849,0.123336665317977
1.000996062,-0.00967759107911268,0.0140585501256617,0.0087091754626429,0.110313608769429,-0.0183867665417556,-0.0962550586437671,-0.000968415616469782,0.12437215889509
1.0070627048,-0.00980672191521484,0.0142736052491793,0.00868261110087018,0.111131501400208,-0.018489333016085,-0.0968578961510283,-0.00112411081434467,0.125405106649387
1.0131293476,-0.00993584105261068,0.0144894438539032,0.00865594262548858,0.111945892939993,-0.0185917836780993,-0.0974564490860894,-0.0012798984271221,0.126435336793896
1.0191959904,-0.0100649423851904,0.0147060270834056,0.00862916894740044,0.112756656669132,-0.0186941113325909,-0.0980506295857262,-0.00143577343778998,0.127462683752537
1.0252626332,-0.0101940195962473,0.0149233186806708,0.00860228882857659,0.113563653734078,-0.0187963084248239,-0.0986403350534068,-0.00159173076767071,0.128486972414748
1.031329276,-0.0103230666300631,0.0151412798248411,0.00857530116850633,0.11436675891665,-0.0188983677985694,-0.0992254790918088,-0.00174776546155676,0.129508038741491
1.0373959188,-0.0104520771938988,0.0153598735368349,0.00854820479204663,0.11516583606635,-0.0190002819859455,-0.0998059625295148,-0.00190387240185221,0.130525709603185
1.0434625616,-0.0105810451449238,0.0155790620266041,0.0085209985334776,0.115960755005301,-0.0191020436784014,-0.100381692978697,-0.00206004661144617,0.131539817031905
1.0495292044,-0.0107099642987855,0.0157988073797383,0.00849368127939218,0.116751384888911,-0.0192036455781777,-0.100952577509173,-0.00221628301939337,0.13255019226865
1.0555958472,-0.0108388284018785,0.0160190726296603,0.00846625177909894,0.117537589864026,-0.0193050801809775,-0.101518517234366,-0.00237257662277958,0.133556662493687
1.06166249,-0.010967631372439,0.0162398193096614,0.00843870901271213,0.118319244605185,-0.0194063403851511,-0.102079425295524,-0.00252892235972684,0.134559063914846
1.0677291328,-0.0110963668730399,0.0164610105742562,0.00841105164214618,0.119096208420752,-0.0195074185151861,-0.102635197846496,-0.00268531523089371,0.135557218995008
1.0737957756,-0.011225028852212,0.0166826082022006,0.00838327867964225,0.119868357841669,-0.0196083075318542,-0.103185749639468,-0.00284175017256972,0.136550966043869
1.0798624184,-0.0113536110296548,0.0169045748029369,0.0083553888606194,0.120635555606653,-0.0197089998902742,-0.103730980803716,-0.00299822216903543,0.13754013040959
1.0859290612,-0.0114821072460344,0.0171268727983814,0.00832738106763002,0.121397671994189,-0.0198094883136644,-0.104270799195807,-0.00315472617840441,0.13852454479257
1.091995704,-0.0116105113374716,0.0173494642629375,0.00829925418029471,0.122154576359539,-0.0199097655177663,-0.104805112096601,-0.00331125715717686,0.139504040622476
1.0980623468,-0.0117388170260126,0.0175723120391229,0.00827100691346017,0.122906131991621,-0.0200098239394727,-0.105333819952498,-0.00346781011255241,0.140478444030744
1.1041289896,-0.0118670182540924,0.0177953780507316,0.00824263831744533,0.123652214966498,-0.0201096565715377,-0.105856836915766,-0.00362437993664708,0.14144759301723
1.1101956324,-0.0119951086641479,0.0180186248643989,0.00821414695406583,0.124392682761505,-0.0202092556182137,-0.106374057897106,-0.00378096171008204,0.142411307625904
1.1162622752,-0.0121230822083319,0.0182420148572513,0.0081855319476326,0.1251274136425,-0.0203086141559645,-0.106885398785249,-0.00393755026069929,0.143369428499752
1.122328918,-0.0122509326191978,0.0184655102285607,0.00815679194510947,0.125856269251713,-0.0204077245643073,-0.107390759023152,-0.00409414067408834,0.144321779480274
1.1283955608,-0.0123786537206829,0.0186890736107266,0.00812792587606994,0.126579120309443,-0.0205065795967528,-0.107890046698716,-0.00425072784461291,0.145268193920169
1.1344622036,-0.0125062393695113,0.0189126670685095,0.00809893261454757,0.12729583638544,-0.0206051719840589,-0.10838316931693,-0.00440730675496377,0.146208503453949
1.1405288464,-0.0126336832632513,0.0191351505025521,0.00806981083954181,0.128007839419383,-0.0207034941027931,-0.108872688916831,-0.00456387242370946,0.147142989921935
1.1465954892,-0.0127609793683886,0.0193534950161479,0.00804055967256972,0.128719237108472,-0.0208015390409583,-0.109365742092324,-0.00472041969581888,0.14807273212462
1.152662132,-0.0128881213077146,0.0195674862257621,0.0080111775754394,0.129430134520845,-0.020899298883154,-0.109862648295083,-0.00487694373227519,0.148997620746607
1.1587287748,-0.0130151030366617,0.0197770969380155,0.00798166378344741,0.130140397738006,-0.0209967668201091,-0.11036330079999,-0.00503343925321425,0.149917494676021
1.1647954176,-0.0131419183007662,0.0199822870456811,0.00795201685648676,0.13084989000365,-0.021093935157253,-0.110867602957969,-0.00518990144427945,0.150832177049331
1.1708620604,-0.0132685609071077,0.0201830234682438,0.00792223576976716,0.131558476698069,-0.0211907966768749,-0.111375453229826,-0.00534632513734057,0.151741500166313
1.1769287032,-0.013395024733143,0.0203792721122266,0.00789231939312092,0.132266022175607,-0.0212873441262639,-0.11188675006338,-0.00550270534002206,0.152645294287833
1.182995346,-0.0135213034518331,0.0205709937712142,0.00786226636831374,0.132972390316926,-0.0213835698201468,-0.112401396545712,-0.00565903708351932,0.15354338408814
1.1890619888,-0.0136473910535664,0.0207581600638694,0.00783207588905515,0.133677447420361,-0.0214794669426215,-0.112919287356492,-0.0058153151645112,0.15443560748423
1.1951286316,-0.0137732811419784,0.020940727009895,0.00780174631723711,0.134381054920841,-0.0215750274592155,-0.113440327910946,-0.00597153482474129,0.155321781930736
1.2011952744,-0.0138989676754395,0.0211186679334918,0.00777127699805619,0.135083080717125,-0.0216702446734956,-0.113964412783633,-0.00612769067738327,0.156201748650617
1.2072619172,-0.0140244444125984,0.0212919423862164,0.00774066640572105,0.135783386891179,-0.0217651108183194,-0.114491444504963,-0.00628377800687732,0.157075329277396
1.21332856,-0.0141497051435473,0.0214605174406941,0.00770991355969142,0.136481839312935,-0.0218596187032387,-0.115021321872241,-0.0064397915838559,0.157942356753629
1.2193952028,-0.0142747437666051,0.0216243590393095,0.00767901732698397,0.137178302520495,-0.0219537610935891,-0.115553943481185,-0.00659572643962116,0.158802661559804
1.2254618456,-0.0143995539299961,0.0217834277497917,0.00764797631074581,0.137872639535961,-0.0220475302407419,-0.116089211786169,-0.0067515776192503,0.159656067285753
1.2315284884,-0.0145241296478637,0.0219376955810415,0.00761678977787134,0.138564718084893,-0.0221409194257351,-0.116627022503852,-0.00690733986999241,0.160502413665935
1.2375951312,-0.0146484645051776,0.0220871180234458,0.00758545599042856,0.139254397712033,-0.0222339204956062,-0.117167279688587,-0.00706300851474908,0.161341515735479
1.243661774,-0.0147725524629036,0.0222316689179454,0.00755397440242867,0.139941548118626,-0.0223265268653323,-0.117709879200681,-0.00721857806047496,0.162173217036571
1.2497284168,-0.0148963872929326,0.0223713074757841,0.00752234340378207,0.140626030239767,-0.0224187306967147,-0.118254722763982,-0.00737404388915054,0.162997337715551
1.2557950596,-0.01501996276824,0.0225060009216485,0.00749056205681256,0.141307710419921,-0.0225105248250526,-0.118801709498272,-0.00752940071142748,0.163813711341569
1.2618617024,-0.0151432728081361,0.0226357152349262,0.00745862922710685,0.141986453396143,-0.0226019020352429,-0.119350738161216,-0.00768464358102925,0.164622168631069
1.2679283452,-0.0152663110359789,0.0227604107563932,0.00742654347780767,0.142662121316843,-0.0226928545137866,-0.11990171056045,-0.00783976755817127,0.165422532073237
1.273994988,-0.0153890714895193,0.0228800598857729,0.00739430414998816,0.143334583342424,-0.0227833756395074,-0.120454523456651,-0.00799476733953111,0.166214643228197
1.2800616308,-0.0155115477355507,0.0229946175845226,0.00736190940598334,0.144003697134775,-0.0228734571415341,-0.121009079550253,-0.00814963832956739,0.166998314719298
1.2861282736,-0.0156337337372927,0.0231040582094854,0.00732935880753471,0.144669334182864,-0.0229630925448274,-0.121565275973378,-0.008304374929758,0.167773392392349
1.2921949164,-0.0157556232800074,0.023208340632493,0.0072966506616393,0.145331354289767,-0.0230522739416467,-0.122123013657274,-0.00845897261836808,0.16853969492226
1.2982615592,-0.0158772101194241,0.0233074322292166,0.00726378407210014,0.145989624259381,-0.0231409941915243,-0.122682192030164,-0.00861342604732398,0.169297056488597
1.304328202,-0.0159984881959743,0.0234012990171849,0.00723075790445902,0.146644009042905,-0.0232292461004334,-0.12324271002572,-0.00876773029151532,0.170045308060089
1.3103948448,-0.0161194511080199,0.0234899011091274,0.00719757068046914,0.147294369899928,-0.0233170217884891,-0.123804468790801,-0.00892188042755077,0.170784271009055
1.3164614876,-0.0162400929167715,0.0235732112961729,0.00716422181637527,0.14794057743331,-0.0234043147331468,-0.124367366137137,-0.00907587110039624,0.171513788729483
1.3225281304,-0.0163604071713363,0.0236511840112342,0.00713070937487114,0.148582487429423,-0.0234911165462074,-0.124931303418189,-0.00922969779646514,0.172233671440657
1.3285947732,-0.0164803878368449,0.0237237941262211,0.00709703302434414,0.149219973150194,-0.0235774208611891,-0.125496179023973,-0.00938335481250079,0.172943767276415
1.334661416,-0.0166000287120612,0.0237910001744513,0.00706319099026298,0.149852893281534,-0.0236632197023241,-0.126061893107083,-0.00953683772179819,0.173643893455986
1.3407280588,-0.0167193235353382,0.0238527696815067,0.00702918241652412,0.150481115071672,-0.0237485059518623,-0.126628345390165,-0.00969014111881404,0.174333884753178
1.3467947016,-0.0168382662683582,0.0239090687041945,0.00699500617001046,0.151104503701136,-0.0238332724383686,-0.127195434996941,-0.00984326009834769,0.17501357240533
1.3528613444,-0.0169568504843575,0.023959857126103,0.0069606607296998,0.15172291952557,-0.0239175112140573,-0.127763062399467,-0.00999618975465767,0.175682776651673
1.3589279872,-0.0170750702678586,0.0240051081303504,0.00692614558800212,0.152336234597905,-0.0240012158558607,-0.128331126467554,-0.0101489246798565,0.176341342728255
1.36499463,-0.0171929191507724,0.0240447756216895,0.00689145870806182,0.152944302836331,-0.0240843778588342,-0.128899527214641,-0.0103014604427106,0.17698907845802
1.3710612728,-0.0173103910432829,0.0240788350427768,0.00685659978390087,0.153546999181046,-0.0241669908271837,-0.129468164138269,-0.010453791259382,0.177625834223823
1.3771279156,-0.0174274799617491,0.0241072443853512,0.00682156724929492,0.154144181504097,-0.024249047211044,-0.130036937118746,-0.0106059127124542,0.178251425889448
1.3831945584,-0.017544179366045,0.0241299715848036,0.00678635991777655,0.15473571711387,-0.0243305392838216,-0.130605745529067,-0.0107578194482685,0.178865688698674
1.3892612012,-0.0176604832920542,0.0241469826855357,0.00675097673365464,0.155321471510115,-0.0244114600257088,-0.131174488824579,-0.0109095065583995,0.179468454195651
1.395327844,-0.0177763855871466,0.0241582370415118,0.00671541655514583,0.155901304552799,-0.0244918021422924,-0.131743067511288,-0.0110609690320008,0.180059541594311
1.4013944868,-0.0178918797484415,0.0241637088389917,0.00667967808834613,0.156475088889072,-0.0245715578367877,-0.13231138005008,-0.0112122016600954,0.180638797728063
1.4074611296,-0.0180069601590597,0.0241633505870346,0.00664376042436121,0.157042677803689,-0.0246507205834209,-0.132879327216654,-0.0113631997346985,0.181206028390724
1.4135277724,-0.0181216198030174,0.0241571391690895,0.00660766205015398,0.157603946668755,-0.0247292818531714,-0.133446807499665,-0.0115139577528634,0.181761085837844
1.4195944152,-0.0182358533008172,0.0241450316497936,0.00657138215567116,0.158158753103775,-0.0248072354564884,-0.134013721453981,-0.0116644711451461,0.182303784753569
1.425661058,-0.0183496539278881,0.0241269962791113,0.00653491935586313,0.158706964595368,-0.0248845732837512,-0.134579968316257,-0.0118147345720249,0.182833960874479
1.4317277008,-0.0184630157406123,0.0241029991440051,0.00649827259772055,0.159248446901556,-0.0249612883383329,-0.135145447757551,-0.0119647431428918,0.183351446045562
1.4377943436,-0.0185759325951599,0.0240729993329286,0.0064614407422581,0.159783058996454,-0.025037373337418,-0.135710059663525,-0.0121144918529018,0.183856058329382
1.4438609864,-0.0186883979505515,0.0240369714864133,0.00642442248729398,0.160310674906083,-0.0251128204378455,-0.13627370341967,-0.0122639754632576,0.184347646392496
1.4499276292,-0.01880040625266,0.0239948675071554,0.00638721693624667,0.160831146173361,-0.0251876231889067,-0.136836278666206,-0.0124131893164134,0.184826013680516
1.455994272,-0.0189119504027409,0.0239466648748141,0.00634982256117607,0.161344349780778,-0.025261772963917,-0.137397684905964,-0.0125621278415649,0.185291014655592
1.4620609148,-0.0190230250994126,0.0238923202539788,0.00631223856548709,0.16185014236605,-0.0253352636648997,-0.137957822112071,-0.0127107865339255,0.185742462620028
1.46812755760001,-0.0191336235692868,0.0238318020723577,0.00627446355615157,0.162348391770918,-0.0254080871254384,-0.138516589698561,-0.0128591600131352,0.186180193843276
1.47419420040001,-0.0192437398882647,0.023765076461718,0.00623649648265916,0.162838964025295,-0.0254802363709238,-0.139073887563577,-0.0130072434056055,0.186604040487013
1.48026084320001,-0.0193533679222955,0.0236921023631987,0.00619833620900512,0.163321717374152,-0.0255517041313006,-0.139629615010953,-0.0131550317132904,0.187013819737351
1.48632748600001,-0.0194625010913222,0.0236129486708557,0.00615998142454755,0.163796659878999,-0.0256224825158698,-0.140183711208144,-0.0133025196667747,0.187409608549855
1.49239412880001,-0.0195711339044596,0.0235303642312197,0.00612143124510849,0.164267597681133,-0.0256925651495681,-0.140737233449913,-0.0134497026593511,0.187797961912353
1.49846077160001,-0.0196792591806918,0.0234457058031994,0.00608268412793675,0.164736359114455,-0.0257619433086286,-0.141290653311256,-0.0135965750527551,0.188182064917655
1.50452741440001,-0.0197868716957738,0.0233590152863675,0.00604373928971247,0.165202920951559,-0.0258306109854862,-0.141843905665192,-0.0137431324060613,0.188561936237927
1.51059405720001,-0.0198939646284797,0.0232703401108603,0.00600459532961168,0.165667262853802,-0.0258985599580913,-0.142396922742941,-0.013889369298868,0.188937602964662
1.51666070000001,-0.0200005320732492,0.0231797262573039,0.00596525119944022,0.166129363993405,-0.0259657832726894,-0.142949637736101,-0.014035280873809,0.189309090250709
1.52272734280001,-0.0201065679067917,0.0230872171512694,0.00592570576635704,0.166589201563118,-0.0260322736731488,-0.143501984411849,-0.0141808621404347,0.189676418714387
1.52879398560001,-0.020212065508992,0.0229928623996641,0.00588595771107643,0.167046757093618,-0.0260980232200685,-0.144053894693954,-0.0143261077979156,0.190039619493282
1.53486062840001,-0.0203170194526966,0.0228967025030924,0.00584600616191653,0.167502005675924,-0.0261630256146131,-0.144605303172832,-0.01447101329078,0.190398708179017
1.54092727120001,-0.0204214224751084,0.0227987883502096,0.00580584956140586,0.16795492960928,-0.0262272720365142,-0.14515614125907,-0.0146155729137025,0.19075371795949
1.54699391400001,-0.0205252694281392,0.0226991620543227,0.00576548713931676,0.168405505573394,-0.026290756567456,-0.145706343519071,-0.0147597822888225,0.191104667627716
1.55306055680001,-0.0206285534437047,0.0225978709894272,0.00572491748721326,0.168853713233097,-0.026353470930918,-0.14625584224367,-0.0149036359564915,0.191451584222525
1.55912719960001,-0.0207312856273656,0.0224949440411711,0.00568416359155775,0.169299555879123,-0.0264154492189234,-0.146804611837952,-0.0150471220358079,0.191794499920294
1.56519384240001,-0.0208338979111977,0.0223899868504352,0.0056438438100957,0.16974363001596,-0.0264777417212934,-0.147353643165524,-0.015190054101102,0.192133616866395
1.57126048520001,-0.0209365784575851,0.0222828538251143,0.00560423233680285,0.170186192915117,-0.0265408107943879,-0.147903339090003,-0.0153323461207822,0.192469046740231
1.57732712800001,-0.0210393204058434,0.0221735874183029,0.00556532619444197,0.170627217328625,-0.0266046466002854,-0.148453629910322,-0.0154739942114015,0.192800804746927
1.58339377080001,-0.021142117094385,0.0220622374442796,0.00552712477611582,0.171066686700269,-0.0266692418705008,-0.149004449255989,-0.0156149923182692,0.193128924144548
1.58946041360001,-0.0212449616513524,0.0219488480241496,0.00548962478041116,0.171504575076317,-0.0267345864317636,-0.149555727052167,-0.0157553368709413,0.193453423100466
1.59552705640001,-0.0213478473620168,0.0218334662811815,0.00545282507322229,0.171940862402963,-0.0268006724352391,-0.150107396121782,-0.0158950222887945,0.193774328684145
1.60159369920001,-0.0214507674307289,0.0217161389128688,0.00541672330337939,0.172375526721388,-0.0268674907341083,-0.150659387808519,-0.0160340441273495,0.194091665634257
1.60766034200001,-0.0215537150847318,0.0215969105411026,0.00538131739184752,0.172808543916218,-0.0269350324765793,-0.151211633375116,-0.0161723976928843,0.194405454457321
1.61372698480001,-0.0216566835682245,0.021475830072612,0.00534660592707211,0.173239895883,-0.0270032894952966,-0.151764065810388,-0.0163100776411523,0.194715725955612
1.61979362760001,-0.0217596660873275,0.0213529404099523,0.00531258594745596,0.173669555158164,-0.0270722520347835,-0.152316614748211,-0.0164470801398716,0.195022495568116
1.62586027040001,-0.0218626558880903,0.0212282909923688,0.00527925681521441,0.174097505344726,-0.0271419127033047,-0.152869214352357,-0.0165833990728759,0.195325796337095
1.63192691320001,-0.0219656461877736,0.0211019261300159,0.00524661526276128,0.174523720424249,-0.0272122614505349,-0.153421794294233,-0.0167190309250123,0.195625646554265
1.63799355600001,-0.0220686302145782,0.0209738929114888,0.00521466013153195,0.174948180321451,-0.0272832903461101,-0.153974287409962,-0.0168539700830462,0.195922073232939
1.64406019880001,-0.022171601197877,0.0208442379143867,0.00518338908544747,0.175370863184899,-0.0273549902833245,-0.154526625270512,-0.0169882121124295,0.196215101099285
1.65012684160001,-0.0222745523719393,0.0207130060352542,0.00515280003975016,0.175791744706189,-0.0274273524116894,-0.155078738670935,-0.0171217523321891,0.196504750741444
1.65619348440001,-0.0223774769418896,0.0205802457977053,0.00512289157923963,0.176210807008779,-0.0275003685211293,-0.155630561211073,-0.01725458536265,0.196791052806484
1.66226012720001,-0.02248036818119,0.0204460005505275,0.00509366075811593,0.176628022415855,-0.027574028939306,-0.156182021865328,-0.0173867074230741,0.197074022966383
1.66832677000001,-0.0225832192440625,0.0203103193631674,0.00506510690786363,0.177043374685972,-0.0276483261519262,-0.156733055322805,-0.0175181123361989,0.19735369404914
1.67439341280001,-0.0226860234358141,0.0201732467300385,0.00503722679440974,0.177456837739393,-0.0277232502302238,-0.157283591009354,-0.0176487966414043,0.197630084469431
1.68046005560001,-0.0227887739286473,0.0200348297096187,0.00501001923504445,0.177868391475618,-0.0277987931636918,-0.157833561765999,-0.0177787546936029,0.197903221185237
1.68652669840001,-0.0228914639758856,0.019895114755178,0.00498348190846587,0.178278014154517,-0.0278749458843515,-0.158382899399339,-0.0179079820674198,0.198173128909695
1.69259334120001,-0.0229940868198954,0.0197541470423437,0.00495761272450747,0.178685681270734,-0.0279516995444029,-0.15893153422839,-0.0180364740953879,0.198439828313078
1.69865998400001,-0.023096635625656,0.0196119747098472,0.00493241026401015,0.179091375177316,-0.0280290458896662,-0.159479400467469,-0.0181642253616459,0.198703349887164
1.70472662680001,-0.0231991037345063,0.0194686415494812,0.00490787159712648,0.179495067986562,-0.0281069753316328,-0.160026426437081,-0.0182912321373798,0.198963709536043
1.71079326960001,-0.0233014842093769,0.0193241962661281,0.00488399602476766,0.179896743608868,-0.0281854802341445,-0.16057254734274,-0.0184174881846092,0.199220939874996
1.71685991240001,-0.0234037704425492,0.0191786835336701,0.00486078034606074,0.180296375906608,-0.02826455078861,-0.161117692372938,-0.0185429900964885,0.199475059440278
1.72292655520001,-0.0235059555512997,0.0190321503850244,0.00483822335446387,0.180693944750327,-0.0283441789057635,-0.161661794365302,-0.0186677321968358,0.199726095135351
1.72899319800001,-0.0236080328118298,0.0188846431446952,0.00481632274313919,0.181089428515104,-0.028424355554969,-0.162204785370409,-0.0187917100686906,0.199974071659799
1.73505984080001,-0.0237099954756757,0.0187362072718229,0.0047950764168241,0.181482802494714,-0.0285050718924998,-0.162746595222891,-0.0189149190588516,0.200219009766537
1.74112648360001,-0.0238118366665991,0.0185868905184904,0.00477448295208744,0.181874049273473,-0.0285863196186866,-0.163287158754982,-0.0190373537145117,0.200460939791963
1.74719312640001,-0.0239135497943519,0.018436737109472,0.00475453943519172,0.182263140745536,-0.0286680892295437,-0.163826403636064,-0.0191590103591602,0.200699877855008
1.75325976920001,-0.0240151322522091,0.0182857904504424,0.00473523888425084,0.182650053983407,-0.02875037113646,-0.164364263532965,-0.0192798933679583,0.20093584443385
1.75932641200001,-0.0241169803649882,0.0181336936325052,0.0047160084201073,0.183034194624132,-0.0288329887850955,-0.164900500991627,-0.0194009719448809,0.201167888256637
1.76539305480001,-0.0242193542597022,0.0179802259677367,0.00469646912774654,0.183415163920821,-0.0289158233874487,-0.165434937953085,-0.0195228851319556,0.201395389888558
1.77145969760001,-0.0243222441891771,0.0178254368386241,0.00467662302102015,0.183792944880691,-0.0289988672101973,-0.165967508042067,-0.019645621168157,0.201618381719315
1.77752634040001,-0.0244256405721958,0.0176693746878934,0.00465647202048431,0.184167516404944,-0.0290821125926801,-0.16649814171705,-0.0197691685517115,0.201836891092837
1.78359298320001,-0.0245295343477381,0.0175120891704011,0.00463601772806416,0.184538864551071,-0.0291655520758023,-0.16702677538067,-0.0198935166196739,0.202050953721473
1.78965962600001,-0.0246339153205646,0.0173536285426195,0.00461526244202469,0.184906966091362,-0.0292491777625893,-0.167553337548742,-0.0200186528785399,0.202260594633981
1.79572626880001,-0.0247387749248897,0.0171940422010653,0.00459420745001381,0.185271807215869,-0.0293329823749035,-0.168077765014804,-0.0201445674748759,0.202465849416934
1.80179291160001,-0.0248441028035998,0.0170333792008491,0.00457285516051916,0.185633367390109,-0.029416957964119,-0.16859998818926,-0.0202712476430807,0.202666746590958
1.80785955440001,-0.0249498900048504,0.0168716883646474,0.00455120709564413,0.185991628999567,-0.0295010971004945,-0.16911994063492,-0.0203986829092063,0.202863317364215
1.81392619720001,-0.0250561268188158,0.0167090189200015,0.00452926525958304,0.186346575150011,-0.0295853920783988,-0.169637556230009,-0.0205268615592327,0.203055594070012
1.81999284000001,-0.0251628036718386,0.0165454196064946,0.00450703157372989,0.186698184540279,-0.0296698352455685,-0.170152764933785,-0.0206557720981088,0.203243604146774
1.82605948280001,-0.0252699114504308,0.0163809396971392,0.00448450764799106,0.187046443474282,-0.0297544190984218,-0.170665503777143,-0.0207854038024397,0.203427383171421
1.83212612560001,-0.0253774400525739,0.0162156278605676,0.00446169576348618,0.187391328490557,-0.0298391358160601,-0.17117570062999,-0.0209157442890877,0.203606956351125
1.83819276840001,-0.0254853807826636,0.0160495331784197,0.0044385972345183,0.187732825967979,-0.0299239780171819,-0.17168329278956,-0.0210467835481453,0.203782359146399
1.84425941120001,-0.0255937234092497,0.0158827048347369,0.00441521444257419,0.188070915273251,-0.0300089378518239,-0.172188210438514,-0.0211785089666755,0.203953620107988
1.85032605400001,-0.0257024588997324,0.0157151916680176,0.00439154892793925,0.188405578790879,-0.0300940078276717,-0.172690387122861,-0.0213109099717932,0.204120770458896
1.85639269680001,-0.0258115775801332,0.0155470427466542,0.00436760268544497,0.188736799729416,-0.0301791802655781,-0.173189756982762,-0.0214439748946882,0.204283842476071
1.86245933960001,-0.0259210698858562,0.0153783071112856,0.00434337763702877,0.189064556581099,-0.0302644475228849,-0.173686249469813,-0.0215776922488274,0.204442863692385
1.86852598240001,-0.0260309266494429,0.0152090336515417,0.00431887540087336,0.189388835898252,-0.0303498020503162,-0.17417980224671,-0.0217120512485695,0.204597869549794
1.87459262520001,-0.0261411378628477,0.0150392714447617,0.00429409824080434,0.189709613987702,-0.030435236103652,-0.174670342542941,-0.0218470396220433,0.204748885432464
1.88065926800001,-0.0262516947013975,0.0148690692631669,0.00426904749763389,0.190026877413766,-0.0305207421990314,-0.175157808150599,-0.0219826472037636,0.204895946676933
1.88672591080001,-0.0263625870578046,0.01469847641483,0.00424372552614229,0.190340605447586,-0.0306063125839469,-0.175642129032756,-0.0221188615316623,0.205039081862416
1.89279255360001,-0.0264738058202155,0.0145275417585092,0.00421813388450162,0.190650780468783,-0.0306919397047171,-0.176123238710274,-0.0222556719357138,0.205178322227292
1.89885919640001,-0.0265853413489963,0.0143563141992435,0.00419227455847613,0.190957385792936,-0.0307776159074724,-0.176601071593693,-0.0223930667905201,0.20531369999218
1.90492583920001,-0.026697184090115,0.0141848430829278,0.00416614947025128,0.19126039970143,-0.0308633335603663,-0.177075556618503,-0.0225310346198637,0.205445242784358
1.91099248200001,-0.0268093248206414,0.0140131769142697,0.00413976024658084,0.191559808997009,-0.0309490850672222,-0.17754663208274,-0.0226695645740606,0.205572985911279
1.91705912480001,-0.0269217536272527,0.0138413651758633,0.00411310913384959,0.191855589756825,-0.0310348627611023,-0.178014224580962,-0.0228086444934031,0.205696954932688
1.92312576760001,-0.0270344615569583,0.0136694563359687,0.00408619749923105,0.192147728727258,-0.0311206590561893,-0.178478272391289,-0.0229482640577272,0.205817185063226
1.92919241040001,-0.0271474386251313,0.0134974998217905,0.0040590276710934,0.192436205087143,-0.0312064662962247,-0.178938705265353,-0.0230884109540379,0.205933704908934
1.93525905320001,-0.0272606756421657,0.0133255445167836,0.00403160122520148,0.192721001207308,-0.0312922768673672,-0.179395456690525,-0.0232290744169642,0.206046545724092
1.94132569600001,-0.0273741630012718,0.0131536391584308,0.00400392013854653,0.193002100514597,-0.0313780831398183,-0.179848461356166,-0.0233702428627252,0.206155739673028
1.94739233880001,-0.0274878911604821,0.0129818334020828,0.00397598633326707,0.193279481075301,-0.0314638774937492,-0.180297647673219,-0.023511904827215,0.206261314477384
1.95345898160001,-0.0276018508398928,0.0128101753659849,0.00394780144498346,0.193553129944581,-0.0315496522848762,-0.180742954578596,-0.0236540493949093,0.206363305310566
1.95952562440001,-0.0277160322216553,0.0126387149345345,0.00391936770249193,0.193823022971953,-0.0316353999241473,-0.181184308037419,-0.0237966645191634,0.206461737906488
1.96559226720001,-0.0278304262252127,0.0124675002774861,0.00389068649917946,0.19408914708248,-0.0317211127243922,-0.181621646804994,-0.0239397397260333,0.206556647359967
1.97165891000001,-0.0279450229870963,0.0122965809362796,0.0038617601372977,0.194351481365948,-0.031806783124394,-0.182054900429669,-0.0240832628497986,0.206648062302228
1.97772555280001,-0.0280598132414504,0.0121260058235028,0.003832590209909,0.194610008180482,-0.0318924034513594,-0.182484002356979,-0.0242272230315414,0.206736014003985
1.98379219560001,-0.0281747874128264,0.0119558235048779,0.00380317868552602,0.194864711068426,-0.0319779660983524,-0.182908887563549,-0.0243716087273004,0.206820534573304
1.98985883840001,-0.028289935972824,0.0117860839494125,0.00377352748594659,0.19511556787674,-0.0320634634587706,-0.183329483927327,-0.0245164084868774,0.206901651826152
1.99592548120001,-0.0284052495830639,0.0116168348873485,0.00374363825595153,0.195362565914995,-0.0321488878390155,-0.183745731027646,-0.0246616113271124,0.206979400802343
2.00199212400001,-0.0285207185219228,0.011448126601141,0.00371351320660143,0.195605680806697,-0.0322342317285242,-0.184157554205556,-0.0248072053153214,0.207053807407838
2.00805876680001,-0.0286363335820277,0.0112800069683814,0.00368315375734907,0.195844899653463,-0.0323194873393768,-0.184564892685081,-0.0249531798246786,0.207124906621844
2.01412540960001,-0.0287520850195668,0.0111125256389591,0.00365256218462515,0.19608020145803,-0.032404647204192,-0.184967675819071,-0.0250995228349417,0.207192727096989
2.02019205240001,-0.028867963493936,0.0109457315593278,0.00362174009849344,0.196311568562331,-0.0324897035924294,-0.185365837003003,-0.0252462233954425,0.207257300121659
2.02625869520001,-0.0289839594595269,0.0107796731192468,0.00359068945928472,0.196538984628453,-0.0325746489188116,-0.185759311509206,-0.0253932700002421,0.2073186577477
2.03232533800001,-0.0291000634030074,0.0106144006055788,0.00355941218815948,0.196762427279773,-0.0326594755911669,-0.186148026674194,-0.025540651214848,0.207376827885352
2.03839198080001,-0.0292162659260217,0.0104499613590224,0.00352790993935469,0.196981884082278,-0.0327441758653764,-0.186531922723256,-0.025688355986667,0.2074318454413
2.04445862360001,-0.0293325574039216,0.0102864060566515,0.00349618490604779,0.197197330435517,-0.0328287423099694,-0.186910924378866,-0.0258363724978739,0.207483736492169
2.05052526640001,-0.0294489285032697,0.0101237822893159,0.00346423853361003,0.197408753614232,-0.0329131670368798,-0.187284971324916,-0.0259846899696597,0.207532535903548
2.05659190920001,-0.0295653695984092,0.00996213981049082,0.0034320730729457,0.197616132537416,-0.0329974426713549,-0.187653992726925,-0.0261332965254635,0.207578272347906
2.06265855200001,-0.0296818712754895,0.00980152760492062,0.00339969015082557,0.197819449526884,-0.033081561426315,-0.188017921921964,-0.0262821811246639,0.207620977131805
2.06872519480001,-0.02979842401724,0.0096419938821989,0.00336709171969269,0.198018688368703,-0.0331655157369327,-0.188376694486505,-0.0264313322975473,0.207660682250902
2.07479183760001,-0.0299150183268994,0.00948358925124269,0.00333427969977582,0.198213826458429,-0.0332492980266752,-0.188730237207186,-0.0265807386271236,0.207697415709672
2.08085848040001,-0.0300316447446326,0.00932636066166877,0.00330125575506333,0.198404851620459,-0.033332900499696,-0.189078490958791,-0.0267303889895693,0.207731212282128
2.08692512320001,-0.0301482937435185,0.009170359181945,0.00326802206070113,0.198591739032749,-0.0334163158042196,-0.189421379850804,-0.0268802716828173,0.207762098214694
2.09299176600001,-0.0302649558648057,0.00901563212095116,0.00323458008783259,0.198774476138816,-0.0334995359526382,-0.189758844017865,-0.0270303757769731,0.207790108259767
2.09905840880001,-0.0303816215994905,0.00886222933153628,0.00320093206212934,0.198953041778133,-0.0335825536616198,-0.190090812446596,-0.0271806895373611,0.207815271109669
2.10512505160001,-0.0304982814619774,0.00871019984094303,0.00316707962677509,0.199127418248169,-0.0336653610887525,-0.190417218407225,-0.0273312018352023,0.207837618089112
2.11119169440001,-0.0306149259618326,0.00855959167439531,0.00313302472661974,0.199297589463206,-0.0337479506884523,-0.190737997788811,-0.0274819012352128,0.207857181137601
2.11725833720001,-0.0307315456203666,0.00841045576706644,0.00309876928066573,0.199463532586735,-0.0338303149010323,-0.191053076819669,-0.0276327763397008,0.207873988353802
2.12332498000001,-0.0308481309147637,0.00826283867594911,0.00306431496294711,0.199625235703566,-0.0339124458777108,-0.191362397027617,-0.0277838159518166,0.207888074379515
2.12939162280001,-0.0309646724165804,0.0081167918576824,0.00302966393043184,0.19978267377242,-0.0339943363470122,-0.191665881914738,-0.0279350084861486,0.207899465630102
2.13545826560001,-0.0310811605425022,0.00797236234394909,0.00299481767988631,0.199935834401241,-0.0340759782223885,-0.191963472057292,-0.0280863428626159,0.207908196745191
2.14152490840001,-0.0311975858986771,0.00782960008275689,0.00295977841204613,0.200084696354209,-0.0341573643107233,-0.192255096271452,-0.028237807486631,0.207914296436966
2.14759155120001,-0.0313139389292666,0.00768855414805597,0.00292454778621205,0.200229241900211,-0.0342384867154787,-0.192540687752155,-0.0283893911430546,0.207917796048267
2.15365819400001,-0.0314302101691713,0.00754927237649859,0.00288912773993593,0.200369455085988,-0.0343193379091072,-0.19282018270949,-0.0285410824292353,0.207918727462487
2.15972483680001,-0.0315463901592755,0.00741180603371146,0.00285352019069936,0.20050531283872,-0.0343999103499749,-0.193093506805008,-0.0286928699685761,0.207917118872431
2.16579147960001,-0.0316624693122815,0.007276201282525,0.00281772682287606,0.200636803505626,-0.0344801961351576,-0.193360602223101,-0.0288447424894055,0.207913004788151
2.17185812240001,-0.0317784382989739,0.00714250996452588,0.00278174977510936,0.200763901828557,-0.0345601880740833,-0.193621391864031,-0.0289966885238646,0.207906411793083
2.17792476520001,-0.0318942874122261,0.00701077883897108,0.00274559056964143,0.200886595575537,-0.0346398779818675,-0.193875816736566,-0.0291486968425847,0.207897374414508
2.18399140800001,-0.0320100073718362,0.00688105794481464,0.00270925138256608,0.201004863439672,-0.0347192587544023,-0.194123805494858,-0.0293007559892701,0.207885921384487
2.19005805080001,-0.0321255885532239,0.00675339640692184,0.0026727338890064,0.20111868765704,-0.0347983224422303,-0.194365291250119,-0.0294528546642175,0.207872084063962
2.19612469360001,-0.032241021515123,0.00662784186916987,0.00263604001951137,0.201228052411077,-0.0348770615346344,-0.194600210541907,-0.0296049814956116,0.207855894280247
2.20219133640001,-0.0323562968194933,0.00650444593183937,0.00259917168974629,0.20133293438841,-0.0349554685092396,-0.19482848845657,-0.029757125129747,0.207837380320249
2.20825797920001,-0.0324714048130527,0.00638325436205828,0.00256213059472059,0.201433322200667,-0.0350335354077733,-0.195050067838609,-0.0299092742183322,0.207816576562725
2.21432462200001,-0.032586336266566,0.0062643193831366,0.00252491885460386,0.201529190375189,-0.0351112551211699,-0.195264870992052,-0.0300614174119622,0.207793509758325
2.22039126480001,-0.0327010813498443,0.00614768748667863,0.00248753801696798,0.20162052683573,-0.0351886193668123,-0.195472839349052,-0.0302135433328763,0.207768214322409
2.22645790760001,-0.0328156308948342,0.00603340879837112,0.00244999023355911,0.20170731020855,-0.0352656211283933,-0.195673901410179,-0.0303656406612751,0.207740719006921
2.23252455040001,-0.0329299752097159,0.00592153249820168,0.00241227719502844,0.201789522692684,-0.0353422524047443,-0.195867990194482,-0.0305176980146874,0.207711055190885
2.23859119320001,-0.0330441048755543,0.00581210603307097,0.00237440082521619,0.201867148612501,-0.0354185057007705,-0.19605504257943,-0.0306697040503381,0.207679254645572
2.24465783600001,-0.0331580104768862,0.00570518134211205,0.0023363630376768,0.201940164409833,-0.035494373514563,-0.196234983067721,-0.0308216474392094,0.207645345751945
2.25072447880001,-0.0332716822929444,0.00560080379521025,0.00229816553835004,0.202008558962716,-0.0355698478312945,-0.196407755167506,-0.0309735167545944,0.207609362757926
2.25679112160001,-0.0333851111952231,0.00549902599417691,0.00225981042878556,0.202072306586342,-0.0356449216240086,-0.196573280592165,-0.0311253007664375,0.207571332580519
2.26285776440001,-0.0334982872312233,0.00539989416773363,0.00222129928173568,0.202131395355848,-0.035719586512959,-0.196731501188115,-0.0312769879494876,0.207531289523582
2.26892440720001,-0.0336112013435381,0.00530345852408759,0.00218263422489515,0.20218580383487,-0.0357938355684332,-0.196882345310783,-0.0314285671186429,0.207489262358958
2.27499105000001,-0.0337238437746094,0.00520976830255761,0.00214381696414768,0.202235514181169,-0.0358676607387571,-0.197025745878611,-0.0315800268104617,0.207445282483726
2.28105769280001,-0.033836205126332,0.00511887074886359,0.00210484941692011,0.202280510864288,-0.0359410545432521,-0.197161640115425,-0.0317313557094119,0.207399381613152
2.28712433560001,-0.0339482760073214,0.00503081814519114,0.00206573349436071,0.202320770077017,-0.0360140095016821,-0.197289951931826,-0.0318825425129607,0.207351588222208
2.29319097840001,-0.0340600466278231,0.0049456554626427,0.0020264709136352,0.202356280965802,-0.0360865175414583,-0.197410625503159,-0.0320335757141879,0.207301936428444
2.29925762120001,-0.0341715079608121,0.00486343567830792,0.00198706375752416,0.202387017636045,-0.0361585717183362,-0.197523581957737,-0.0321844442032879,0.207250453314353
2.30532426400001,-0.03428264993223,0.00478414335135563,0.00194751362381505,0.202413055158813,-0.0362301635560451,-0.197628911807458,-0.032335136308415,0.207197198510169
2.31139090680001,-0.0343934635938145,0.00470679006412535,0.00190782261644447,0.202435840988874,-0.036301286210259,-0.197729050924749,-0.0324856409773701,0.207142631053
2.31745754960001,-0.0345039391237714,0.00463102050310499,0.00186799245623443,0.202455929452438,-0.0363719315800059,-0.197824908949333,-0.032635946667537,0.207086949955543
2.32352419240001,-0.0346140671433228,0.00455684459575779,0.00182802505449337,0.202473357653996,-0.0364420921978162,-0.197916513058239,-0.0327860420888295,0.207030202249754
2.32959083520001,-0.0347238382866656,0.00448427486402149,0.00178792231966837,0.202488158253619,-0.036511760606334,-0.198003883389597,-0.0329359159669973,0.20697243311764
2.33565747800001,-0.0348332426935556,0.00441332045457343,0.00174768598044556,0.202500370765404,-0.0365809286740012,-0.198087050310831,-0.03308555671311,0.206913691219977
2.34172412080001,-0.0349422714391999,0.00434399384798508,0.00170731810068999,0.202510026884223,-0.0366495895398899,-0.198166033036238,-0.0332349533385099,0.206854020732208
2.34779076360001,-0.0350509143287312,0.00427630500875889,0.00166682030307554,0.202517165536981,-0.0367177346318067,-0.198240860528222,-0.0333840940256557,0.20679347054574
2.35385740640001,-0.0351591625215303,0.00421026500938304,0.00162619466807705,0.202521820736536,-0.0367853571896074,-0.198311555727153,-0.0335329678534533,0.206732085745919
2.35992404920001,-0.0352670061330684,0.00414588521024054,0.00158544293115862,0.202524028299967,-0.036852449064227,-0.198378143089727,-0.0336815632019097,0.206669913510208
2.36599069200001,-0.0353744358023936,0.00408317551362364,0.00154456699780571,0.202523825224624,-0.0369190028001993,-0.198440649711001,-0.0338298688045879,0.206607000738248
2.37205733480001,-0.0354814421907854,0.00402214842833321,0.00150356877346923,0.202521244428649,-0.0369850109642547,-0.198499096000316,-0.0339778734173162,0.206543392856983
2.37812397760001,-0.0355880153660086,0.00396281315023134,0.00146244999865102,0.202516325060667,-0.0370504653646596,-0.198553511910436,-0.0341255653673575,0.206479138210899
2.38419062040001,-0.0356941465062531,0.00390518208492566,0.00142121271815283,0.202509099238111,-0.0371153592244059,-0.198603917153186,-0.0342729337881003,0.206414281323037
2.39025726320001,-0.0357998252965935,0.00384926529843485,0.00137985857938753,0.202499605531127,-0.037179683875981,-0.198650340232693,-0.0344199667172059,0.206348870829562
2.39632390600001,-0.0359050430025521,0.0037950737632188,0.00133838963966252,0.202487878142915,-0.0372434326422146,-0.198692804379696,-0.0345666533628895,0.206282951906133
2.40239054880001,-0.0360097896783671,0.00374261890134889,0.00129680764879034,0.202473952851096,-0.0373065973271574,-0.198731333949747,-0.0347129820295767,0.206216571752444
2.40845719160001,-0.0361140559794113,0.00369191059177031,0.0012551145067273,0.202457866541594,-0.0373691704861386,-0.198765955949823,-0.034858941472684,0.206149777133364
2.41452383440001,-0.0362178325955476,0.0036429613283204,0.00121331211563377,0.202439652394902,-0.0374311447111814,-0.198796691066581,-0.0350045204799139,0.206082613723222
2.42059047720001,-0.0363211095210489,0.00359578035751859,0.0011714022281218,0.202419349191908,-0.0374925117491707,-0.19882356883439,-0.0351497072929271,0.206015129549427
2.42665712000001,-0.0364238780378384,0.00355038000979842,0.00112938686978279,0.202396989470713,-0.0375532649076212,-0.198846609460915,-0.0352944911680556,0.205947369480512
2.43272376280001,-0.0365261277116838,0.00350677045144027,0.00108726771262097,0.202372611448872,-0.0376133954243048,-0.198865840997431,-0.0354388599990628,0.205879381900312
2.43879040560001,-0.0366278499127467,0.00346496255668916,0.0010450467910713,0.202346249515629,-0.037672896703818,-0.19888128695894,-0.0355828031216754,0.205811212072319
2.44485704840001,-0.0367290346355343,0.0034249678074877,0.0010027258689994,0.202317939413441,-0.0377317605045337,-0.198892971605953,-0.0357263087665349,0.205742907220929
2.45092369120001,-0.0368296725502422,0.00338679606125507,0.000960306841128229,0.202287717912523,-0.0377899793913704,-0.198900921851268,-0.0358693657091139,0.205674513973778
2.45699033400001,-0.0369297543768191,0.00335045979504035,0.000917791606032009,0.202255618459994,-0.0378475459828511,-0.198905158664954,-0.0360119627707871,0.205606078255034
2.46305697680001,-0.0370292700345432,0.00331596830749185,0.000875181928728006,0.202221679466746,-0.0379044519632712,-0.198905711159254,-0.0361540881058152,0.205537647774238
2.46912361960001,-0.0371282109098227,0.00328333385366007,0.000832479815449752,0.202185933889646,-0.0379606907252725,-0.198902600035986,-0.036295731094373,0.205469267743306
2.47519026240001,-0.0372265664498687,0.00325256669883235,0.000789686962645766,0.202148419597832,-0.0380162534125145,-0.198895852898999,-0.036436879487223,0.205400986296664
2.48125690520001,-0.0373243281279809,0.00322367762085179,0.000746805382173234,0.202109171162299,-0.0380711335101542,-0.198885493541447,-0.0365775227458077,0.205332848783151
2.48732354800001,-0.037421485880437,0.00319667815971296,0.000703836851656008,0.202068224294622,-0.038125322732093,-0.198871546134909,-0.036717649028781,0.205264902454335
2.49339019080001,-0.0375180303907533,0.00317157815313486,0.000660783260878226,0.202025615645029,-0.0381788136516315,-0.198854037491895,-0.036857247129875,0.205197193798164
2.49945683360001,-0.0376139524104665,0.00314839005954971,0.000617646504533799,0.201981378931545,-0.0382315989150003,-0.198832988871995,-0.0369963059059327,0.205129768991094
2.50552347640001,-0.0377092417823585,0.00312712323120838,0.000574428360339608,0.201935552192797,-0.0382836701426982,-0.198808428961589,-0.0371348134220189,0.205062675424006
2.51159011920001,-0.0378038899980728,0.0031077898475676,0.000531130815024041,0.201888168802529,-0.0383350208130968,-0.198780378954961,-0.0372727591830487,0.204995958650097
2.51765676200001,-0.0378978863870152,0.00309040027166804,0.000487755589331963,0.201839266285626,-0.0383856419763471,-0.198748866013958,-0.0374101307976832,0.204929666557294
2.52372340480001,-0.0379912225241213,0.00307496518676346,0.000444304672838357,0.201788879390542,-0.0384355271969597,-0.198713914203779,-0.037546917851283,0.204863844577306
2.52979004760001,-0.0380838882889417,0.00306149618908258,0.000400779856630156,0.201737043802256,-0.0384846681455718,-0.198675547613174,-0.0376831084323115,0.204798539991339
2.53585669040001,-0.0381758743768115,0.00305000309846655,0.000357183025847599,0.201683796046733,-0.0385330574026591,-0.198633792948266,-0.0378186913509639,0.204733799145199
2.54192333320001,-0.0382671715723565,0.00304049835290648,0.000313516071009017,0.201629170117172,-0.0385806876433655,-0.198588671764266,-0.0379536555013475,0.204669668470079
2.54798997600001,-0.0383577696403614,0.0030329913597254,0.000269780782826187,0.201573203677682,-0.0386275504231876,-0.198540212317956,-0.0380879888575352,0.204606195037407
2.55405661880001,-0.0384476601784552,0.00302749422257838,0.000225979128375016,0.201515930516979,-0.0386736393068302,-0.198488436294401,-0.0382216810500802,0.204543424739558
2.56012326160001,-0.0385368323989897,0.00302401740100439,0.000182112852549384,0.201457387819872,-0.0387189452515391,-0.198433370418868,-0.0383547195464403,0.204481405220876
2.56618990440001,-0.038625277977035,0.00302257148548117,0.000138183922936689,0.201397610507976,-0.0387634618999717,-0.198375039022495,-0.0384870940540983,0.204420181993458
2.57225654720001,-0.0387129867369151,0.00302316812665296,9.41941437916111e-05,0.201336634243962,-0.0388071808807067,-0.198313466117309,-0.0386187925931235,0.204359802370615
2.57832319000001,-0.0387999493842832,0.00302581712830738,5.01453959060567e-05,0.201274495425251,-0.0388500947801892,-0.198248678296943,-0.0387498039883771,0.204300312553558
2.58438983280001,-0.0388861567383561,0.00303053090616666,6.03956532776907e-06,0.201211228324494,-0.0388921963036838,-0.198180697418328,-0.0388801171730283,0.204241759230661
2.59045647560001,-0.0389715984844185,0.00303731892409953,3.81215439415245e-05,0.201146870229018,-0.03900972002836,-0.198109551304918,-0.038933476940477,0.204184189153117
2.59652311840001,-0.0390562663268368,0.00304619320974922,8.23359846266574e-05,0.201081455340616,-0.0391386023114635,-0.198035262130867,-0.0389739303422102,0.204127648550366
2.60258976120001,-0.0391401493616593,0.00305716431789826,0.000126601987831693,0.201015020508189,-0.039266751349491,-0.197957856190291,-0.0390135473738276,0.204072184826087
2.60865640400001,-0.0392232393625884,0.00307024274806199,0.000170917607662115,0.20094760082222,-0.0393941569702505,-0.197877358074158,-0.0390523217549263,0.204017843570282
2.61472304680001,-0.0393055261002243,0.00308544020348155,0.000215281026989302,0.200879231927359,-0.0395208071272136,-0.197793791723878,-0.0390902450732349,0.203964672130841
2.62078968960001,-0.0393870002890355,0.00310276647371444,0.00025969036907611,0.200809950088201,-0.0396466906581116,-0.197707183614487,-0.0391273099199594,0.203912716561915
2.62685633240001,-0.0394676527843319,0.00312223395038774,0.000304143752640001,0.20073978986113,-0.0397717965369719,-0.197617555910742,-0.0391635090316919,0.203862023811518
2.63292297520001,-0.0395474731903968,0.0031438521553878,0.000348639360094171,0.200668788154422,-0.039896112550491,-0.197524935999035,-0.0391988338303026,0.20381264030981
2.63898961800001,-0.0396264533190846,0.00316763304013709,0.000393175264111149,0.200596979581058,-0.0400196285831957,-0.197429346540921,-0.0392332780549734,0.203764612621195
2.64505626080001,-0.0397045821508906,0.00319358725340689,0.000437749671941236,0.200524400658195,-0.0401423318228318,-0.197330813404788,-0.0392668324789494,0.203717987911602
2.65112290360001,-0.0397818515566485,0.00322172520556263,0.000482360659087407,0.200451086640891,-0.0402642122157359,-0.197229361435329,-0.0392994908975611,0.203672811846454
2.65718954640001,-0.0398582512547357,0.00325205865062497,0.000527006395842885,0.200377073160064,-0.0403852576505786,-0.197125014509439,-0.0393312448588928,0.203629131810689
2.66325618920001,-0.039933771966935,0.00328459736574414,0.000571685009228985,0.200302396343203,-0.0405054569761639,-0.197017798977459,-0.039362086957706,0.203586993708947
2.66932283200001,-0.0400084045861505,0.00331935329653957,0.000616394623023942,0.200227090440604,-0.0406247992091744,-0.196907737144064,-0.0393920099631265,0.203546443737143
2.67538947480001,-0.0400821386341629,0.00335616147044901,0.000661133405761367,0.200150945122691,-0.0407432720399242,-0.196794783652242,-0.0394210052284015,0.20350710659314
2.68145611760001,-0.0401549660310648,0.00339482196517735,0.000705899450208838,0.200073695885133,-0.0408608654812736,-0.196678873919955,-0.039449066580856,0.20346851785031
2.68752276040001,-0.0402268756425503,0.00343532845286287,0.000750690939909513,0.199995354777787,-0.0409775665824598,-0.196560026324924,-0.0394761847026408,0.20343068323065
2.69358940320001,-0.0402978594350817,0.00347767362551848,0.000795505971469594,0.199915932281968,-0.0410933654065513,-0.19643825865645,-0.0395023534636121,0.203393605907487
2.69965604600001,-0.0403679070763162,0.00352185215764809,0.000840342702898835,0.199835439795824,-0.041208249779215,-0.196313587638176,-0.0395275643734173,0.203357291953472
2.70572268880001,-0.0404370092938483,0.00356785675129184,0.00088519926468275,0.199753889172572,-0.041322208558531,-0.196186032421281,-0.0395518100291655,0.203321745923864
2.71178933160001,-0.0405051570196788,0.00361568200320082,0.000930073785954454,0.199671290459028,-0.0414352308056333,-0.196055608455827,-0.0395750832337244,0.203286972462229
2.71785597440001,-0.0405723396915833,0.00366532105246295,0.000974964421073262,0.199587656459471,-0.0415473041126566,-0.195922335407008,-0.0395973752705101,0.203252977511934
2.72392261720001,-0.0406385493386446,0.00371676754389112,0.0010198692830491,0.199502996930574,-0.0416584186216937,-0.195786229386683,-0.0396186800555955,0.203219764474466
2.72998926000001,-0.0407048003456782,0.00376899026301296,0.0010633360675232,0.199418774989565,-0.0417681364132014,-0.195649784726552,-0.039641464278155,0.203187765252578
2.73605590280001,-0.0407731943539934,0.0038198721228951,0.00110237949424466,0.199337984512023,-0.0418755738482381,-0.195518112389128,-0.0396708148597488,0.203157856634918
2.74212254560001,-0.0408437588753817,0.00386936998353123,0.00113694411994103,0.199260690525058,-0.0419807029953227,-0.195391320541527,-0.0397068147554407,0.203130060508589
2.74818918840001,-0.0409164522324541,0.00391750899679486,0.00116707391193024,0.199186858972283,-0.0420835261443843,-0.195269349975488,-0.0397493783205238,0.203104367969078
2.75425583120001,-0.0409912323284206,0.00396431666889152,0.00119281377217355,0.199116453245532,-0.0421840461005942,-0.195152136576641,-0.039798418556247,0.203080769914424
2.76032247400001,-0.0410680602928374,0.00400981461035387,0.00121420175350375,0.199049446113777,-0.0422822620463412,-0.195039631503424,-0.0398538585393337,0.203059260724131
2.76638911680001,-0.0411468917794826,0.00405403265698928,0.0012312875869672,0.198985795834369,-0.0423781793664498,-0.194931763177379,-0.0399156041925154,0.203039828491358
2.77245575960001,-0.0412276891628472,0.00409699177380676,0.00124410655183091,0.198925477870122,-0.0424717957146781,-0.194828486096315,-0.0399835826110163,0.203022469643929
2.77852240240001,-0.0413104082130905,0.00413872064270013,0.00125270823943351,0.198868451239916,-0.042563116452524,-0.194729730597216,-0.040057699973657,0.203007171882616
2.78458904520001,-0.0413950094701872,0.00417924312333409,0.00125713183977779,0.198814686367796,-0.042652141309965,-0.194635443244462,-0.0401378776304094,0.202993929491131
2.79065568800001,-0.041481451342616,0.00421858432832606,0.00125742120559272,0.198764149236651,-0.0427388725482087,-0.194545564908325,-0.0402240301370232,0.202982733564977
2.79672233080001,-0.0415696918425612,0.00425677153381633,0.00125362115021002,0.198716803447343,-0.0428233129927713,-0.194460031913526,-0.0403160706923512,0.202973574981159
2.80278897360001,-0.0416596917957626,0.0042938268180477,0.00124577001831099,0.198672621338588,-0.0429054618140736,-0.19437879452054,-0.0404139217774516,0.202966448156635
2.80885561640001,-0.0417514072985411,0.00432977939127334,0.00123391709188815,0.198631561734825,-0.0429853243904292,-0.194301782343552,-0.0405174902066529,0.202961341126098
2.81492225920001,-0.0418448002002343,0.00436465091083182,0.00121809821045397,0.198593599470071,-0.0430628984106883,-0.194228948559239,-0.0406267019897804,0.202958250380902
2.82098890200001,-0.0419398267400393,0.00439846948903075,0.00119836245111497,0.198558694089802,-0.0431381891911542,-0.194160224600771,-0.0407414642889243,0.202957163578833
2.82705554480001,-0.0420364471837353,0.00443125928581818,0.00117474931488735,0.198526815739795,-0.0432111964986226,-0.194095556453977,-0.0408616978688479,0.202958075025614
2.83312218760001,-0.0421346200191535,0.00446304538283031,0.0011473025467058,0.198497930432876,-0.0432819225658593,-0.194034885050046,-0.0409873174724477,0.202960975815707
2.83918883040001,-0.0422343033739688,0.00449385481787198,0.00111606686447658,0.198472001988281,-0.0433503702384454,-0.193978147170409,-0.0411182365094922,0.202965856806153
2.84525547320001,-0.042335457763588,0.00452371014408041,0.00108108091152636,0.198449002306106,-0.0434165386751144,-0.193925292162025,-0.0412543768520617,0.202972712450186
2.85132211600001,-0.0424380397301332,0.00455263994419437,0.0010423935173949,0.198428890780596,-0.0434804332475281,-0.193876250836401,-0.0413956462127383,0.20298153072479
2.85738875880001,-0.0425420106010463,0.00458066656264511,0.00100004107844247,0.198411641622595,-0.0435420516794888,-0.19383097505995,-0.0415419695226038,0.202992308185241
2.86345540160001,-0.0426473270780459,0.00460781755044531,0.000954072164339761,0.198397214894867,-0.0436013992423857,-0.193789397344422,-0.0416932549137061,0.203005032445312
2.86952204440001,-0.0427539491592323,0.00463411735954154,0.00090452658031984,0.19838558047424,-0.0436584757395521,-0.193751463114699,-0.0418494225789125,0.203019697833782
2.87558868720001,-0.0428618354052737,0.00465959104886428,0.000851447970319653,0.198376704394144,-0.0437132833755933,-0.19371711334528,-0.042010387434954,0.203036295443008
2.88165533000001,-0.0429709440658499,0.00468426540961553,0.000794880950024307,0.198370550701533,-0.0437658250158742,-0.193686285291917,-0.0421760631158256,0.203054816111149
2.88772197280001,-0.0430812353395203,0.0047081634770091,0.000734864468200205,0.198367090849515,-0.0438160998077205,-0.193658927372506,-0.0423463708713201,0.203075254326524
2.89378861560001,-0.0431926662174653,0.0047313132043104,0.000671446898537509,0.198366284804866,-0.0438641131160028,-0.193634971600555,-0.0425212193189278,0.203097598009176
2.89985525840001,-0.0433051975084894,0.00475373761780495,0.000604665190847022,0.198368106160882,-0.0439098626993365,-0.193614368543077,-0.0427005323176424,0.203121843778687
2.90592190120001,-0.043418786370317,0.00477546371550107,0.000534567414158308,0.198372515488294,-0.0439533537844753,-0.193597051772793,-0.0428842189561587,0.203147979203795
2.91198854400001,-0.0435333925398849,0.0047965162330612,0.000461193671126048,0.198379482404315,-0.043994586211011,-0.193582966171254,-0.0430721988687589,0.203175998637376
2.91805518680001,-0.0436489746441827,0.00481691864023917,0.000384587511484862,0.198388970726609,-0.0440335621556675,-0.19357205208637,-0.0432643871326978,0.203205889366849
2.92412182960001,-0.0437660925221347,0.00483609891323612,0.000305644035815801,0.198400098247346,-0.0440717365579505,-0.19356399933411,-0.0434604484863189,0.203236197160582
2.93018847240001,-0.0438854198865376,0.00485336576995993,0.000225412023937305,0.198411825075138,-0.0441108319104749,-0.193558459305178,-0.0436600078626003,0.203265190845098
2.93625511520001,-0.0440069092260659,0.00486875112311219,0.000143932383114933,0.198424118244478,-0.0441508416091808,-0.193555367121366,-0.043862976842951,0.20329286936759
2.94232175800001,-0.0441305182265383,0.00488228105937386,6.1238925499894e-05,0.198436954107916,-0.0441917571520382,-0.193554673048542,-0.0440692793010384,0.203319235167289
2.94838840080001,-0.0442561975933412,0.00489398939776156,2.26305343826205e-05,0.198450304151541,-0.0442788281277238,-0.193556314753779,-0.0442335670589585,0.203344293549302
2.95445504360001,-0.0443839029858277,0.00490390450455933,0.000107641009698681,0.198464142487226,-0.0444915439955264,-0.193560237982667,-0.0442762619761291,0.203368046991785
2.96052168640001,-0.0445135879495492,0.00491205703093854,0.000193756308938105,0.198478443099326,-0.0447073442584873,-0.193566386068388,-0.0443198316406111,0.203390500130265
2.96658832920001,-0.0446452054274333,0.00491847834500736,0.000280939918852242,0.198493177723577,-0.0449261453462856,-0.19357469937857,-0.0443642655085811,0.203411656068585
2.97265497200001,-0.0447787115577176,0.00492319635369196,0.000369157077745483,0.198508322389661,-0.045147868635463,-0.193585126035969,-0.0444095544799721,0.203431518743353
2.97872161480001,-0.044914057273646,0.00492624446388847,0.000458370184987796,0.198523847718895,-0.0453724274586338,-0.193597603255007,-0.0444556870886582,0.203450092182784
2.98478825760001,-0.0450511996808733,0.00492764950444965,0.000548544977998403,0.198539729557656,-0.0455997446588717,-0.193612080053206,-0.0445026547028749,0.203467379062105
2.99085490040001,-0.0451900899943748,0.004927444685666,0.000639644035095799,0.19855593977912,-0.0458297340294706,-0.193628495093454,-0.044550445959279,0.203483384464786
2.99692154320001,-0.0453306835820438,0.00492565869009577,0.000731632146890329,0.198572452323666,-0.0460623157289342,-0.19364679363357,-0.0445990514351535,0.203498111013762
3.00298818600001,-0.0454729340627626,0.00492232214508498,0.000824473174140157,0.198589241131547,-0.0462974072369028,-0.193666918986462,-0.0446484608886225,0.203511563276632
3.00905482880001,-0.0456167945242565,0.00491746615009993,0.000918130721615201,0.198606278198171,-0.0465349252458717,-0.193688812048071,-0.0446986638026413,0.203523744348271
3.01512147160001,-0.0457622207418365,0.00491111913609217,0.0010125697393141,0.19862353910998,-0.0467747904811506,-0.193712419973888,-0.0447496510025224,0.203534658246072
3.02118811440001,-0.04590916415558,0.00490331382977513,0.00110775302476643,0.198640995005578,-0.0470169171803464,-0.193737681175803,-0.0448014111308136,0.203544308835353
3.02725475720001,-0.0460575812946239,0.00489407779671849,0.00120364586781135,0.198658621230486,-0.0472612271624353,-0.193764543433767,-0.0448539354268126,0.203552699027204
3.03332140000001,-0.0462074238762391,0.00488344364720014,0.00130021123391453,0.198676390036252,-0.0475076351101536,-0.193792946389052,-0.0449072126423246,0.203559833683452
3.03938804280001,-0.0463586469841521,0.00487144037134975,0.00139741369682549,0.19869427520049,-0.0477560606809776,-0.19382283482914,-0.0449612332873266,0.20356571557184
3.04545468560001,-0.0465112043032831,0.00485809858137999,0.00149521716387645,0.198712250610605,-0.0480064214671595,-0.193854152029225,-0.0450159871394066,0.203570349191985
3.05152132840001,-0.0466650490734483,0.00484344909943397,0.00159358536355051,0.19873028853044,-0.0482586344369988,-0.193886839431006,-0.0450714637098978,0.203573737629874
3.05758797120001,-0.0468201366997391,0.00482752088808057,0.00169248295184569,0.19874836409541,-0.0485126196515848,-0.193920843207329,-0.0451276537478934,0.20357588498349
3.06365461400001,-0.0469764191327124,0.00481034599169163,0.00179187312729956,0.19876644896384,-0.0487682922600119,-0.193956102972149,-0.0451845460054128,0.203576794955532
3.06972125680001,-0.0471338523286347,0.00479195270710049,0.00189172073501617,0.19878451798572,-0.0490255730636509,-0.193992565278619,-0.0452421315936185,0.20357647069282
3.07578789960001,-0.0472923884997782,0.00477237305328379,0.0019919891219161,0.198802543782249,-0.0492843776216943,-0.194030170728965,-0.0453003993778621,0.203574916835532
3.08185454240001,-0.0474519824529969,0.00475163631924189,0.00209264265058155,0.19882049997701,-0.0495446251035785,-0.194068863657768,-0.0453593398024154,0.203572136296252
3.08792118520001,-0.0476125879319548,0.00472977311074418,0.00219364526922432,0.198838360395814,-0.0498062332011791,-0.19410858728507,-0.0454189426627305,0.203568133506558
3.09398782800001,-0.0477741583358534,0.00470681396392972,0.00229496083573541,0.198856097579697,-0.0500691191715888,-0.194149283615767,-0.0454791975001179,0.203562911543627
3.10005447080001,-0.0479366486922697,0.00468278838057729,0.00239655370641819,0.198873686205263,-0.0503332023986878,-0.194190897824686,-0.0455400949858515,0.20355647458584
3.10612111360001,-0.0481000114658872,0.00465772772055867,0.00249838748366428,0.198891098452995,-0.0505983989495515,-0.194233370732436,-0.0456016239822229,0.203548826173554
3.11218775640001,-0.0482642020437499,0.00463166100651552,0.00260042657069103,0.19890830868267,-0.0508646286144409,-0.194276647676155,-0.0456637754730588,0.203539969689186
3.11825439920001,-0.0484291731258363,0.00460461967483734,0.00270263469017829,0.198925289876423,-0.0511318078160146,-0.194320670201586,-0.045726538435658,0.20352990955126
3.12432104200001,-0.0485948792494229,0.00457663330469175,0.00280497599923639,0.198942015512541,-0.0513998552486593,-0.194365382207849,-0.0457899032501865,0.203518648817232
3.13038768480001,-0.0487612742096223,0.00454773250409762,0.00290741448126214,0.198958459346486,-0.0516686886908844,-0.194410726842389,-0.0458538597283602,0.203506191850584
3.13645432760001,-0.0489283115723159,0.00451794751450729,0.00300991412924819,0.198974594205256,-0.0519382257015641,-0.194456646690748,-0.0459183974430677,0.203492541719763
3.14252097040001,-0.0490959459802725,0.00448730838450262,0.003112438994109,0.198990394298853,-0.0522083849743815,-0.194503085914351,-0.0459835069861635,0.203477702683356
3.14858761320001,-0.0492641304159491,0.00445584578729623,0.00321495308493804,0.199005832332355,-0.0524790835008871,-0.194549986545059,-0.0460491773310111,0.203461678119652
3.15465425600001,-0.049432819700814,0.00442358946588407,0.00331742036591303,0.199020882180651,-0.052750240066727,-0.194597292714767,-0.0461153993349009,0.203444471646535
3.16072089880001,-0.049601967015258,0.00439057028278074,0.00341980492977863,0.199035517178089,-0.0530217719450366,-0.194644946895308,-0.0461821620854794,0.203426087460869
3.16678754160001,-0.0497715266342742,0.00435681809862012,0.00352207073386745,0.199049710666394,-0.0532935973681417,-0.194692892567774,-0.0462494559004068,0.203406528765015
3.17285418440001,-0.04994145239713,0.00432236353236057,0.00362418179106691,0.199063436321936,-0.0535656341881969,-0.194741072789575,-0.0463172706060631,0.203385799854297
3.17892082720001,-0.0501116980436806,0.00428723652208643,0.00372610223516598,0.199076667266429,-0.0538378002788466,-0.194789430744343,-0.0463855958085146,0.203363903788516
3.18498747000001,-0.0502822178245919,0.00425146767077671,0.00382779580599617,0.199089377235494,-0.0541100136305881,-0.194837909564717,-0.0464544220185958,0.20334084490627
3.19105411280001,-0.0504529652437423,0.00421508696282413,0.00392922692219921,0.199101539461235,-0.0543821921659416,-0.194886452498411,-0.0465237383215431,0.203316626424059
3.19712075560001,-0.0506238945606713,0.00417812485612591,0.00403035911176013,0.199113127338975,-0.0546542536724315,-0.194935002482849,-0.0465935354489112,0.203291252195101
3.20318739840001,-0.0507949594288879,0.00414061164803409,0.00413115683179528,0.19912411454656,-0.0549261162606832,-0.194983502898526,-0.0466638025970926,0.203264726194594
3.20925404120001,-0.0509661138683954,0.00410257747194656,0.00423158384555258,0.199134474297885,-0.055197697713948,-0.195031896825938,-0.0467345300228428,0.203237051769832
3.21532068400001,-0.0511373117553221,0.00406405296645268,0.00433160418971663,0.199144180181476,-0.0554689159450387,-0.195080127215023,-0.0468057075656055,0.203208233147928
3.22138732680001,-0.0513085070107914,0.00402506775758782,0.00443118214456675,0.199153205622531,-0.0557396891553581,-0.195128137864943,-0.0468773248662247,0.203178273380119
3.22745396960001,-0.0514796534860725,0.00398565301031943,0.00453028113315696,0.199161523874497,-0.0560099346192295,-0.195175870864178,-0.0469493723529156,0.203147176884816
3.23352061240001,-0.0516507052101115,0.00394583801806249,0.00462886598652465,0.199169108698946,-0.0562795711966362,-0.195223270680884,-0.0470218392235869,0.203114946717009
3.23958725520001,-0.0518216158841663,0.00390565394816131,0.00472689979930985,0.199175933016955,-0.0565485156834762,-0.195270279068794,-0.0470947160848565,0.203081586965117
3.24565389800001,-0.0519923396275701,0.00386513054151684,0.00482434738730518,0.199181970841148,-0.0568166870148752,-0.195316840299631,-0.0471679922402649,0.203047101382664
3.25172054080001,-0.0521628302126308,0.00382429819559151,0.00492117232536895,0.199187195266325,-0.0570840025379998,-0.195362897070734,-0.0472416578872619,0.203011493461917
3.25778718360001,-0.0523330415450433,0.003783187577294,0.0050173386682889,0.199191579784419,-0.0573503802133322,-0.195408392207125,-0.0473157028767544,0.202974767361713
3.26385382640001,-0.0525029277344933,0.00374182799193098,0.00511281084852822,0.199195098132875,-0.0576157385830215,-0.195453270140944,-0.0473901168859651,0.202936926124806
3.26992046920001,-0.0526724422255587,0.00370025117405134,0.00520755196666915,0.199197723075178,-0.0578799941922278,-0.195497471901126,-0.0474648902588895,0.202897974249229
3.27598711200001,-0.052841539575901,0.00365848572393131,0.00530152726899261,0.199199428904803,-0.0581430668448936,-0.195540943180872,-0.0475400123069083,0.202857914628735
3.28205375480001,-0.0530101729321434,0.00361656351291091,0.00539469941964012,0.199200188073906,-0.0584048723517835,-0.195583624560995,-0.0476154735125032,0.202816751586817
3.28812039760001,-0.0531782968721488,0.00357451373415024,0.00548703358738628,0.199199974921167,-0.0586653304595351,-0.195625461187017,-0.0476912632847626,0.202774488655317
3.29418704040001,-0.0533458649278248,0.00353236704047499,0.00557849316439503,0.199198762431029,-0.0589243580922199,-0.195666395390554,-0.0477673717634298,0.202731129471504
3.30025368320001,-0.0535128310271377,0.00349015413580485,0.00566904221786118,0.199196523990078,-0.0591818732449989,-0.195706369854273,-0.0478437888092765,0.202686678125883
3.30632032600001,-0.0536791494756303,0.00344790399603638,0.00575864533812777,0.199193233656773,-0.0594377948137581,-0.195745329660737,-0.0479205041375025,0.202641137652809
3.31238696880001,-0.0538447733038945,0.00340564893289219,0.00584726529761039,0.199188863696848,-0.0596920386015049,-0.195783214763956,-0.0479975080062842,0.20259451262974
3.31845361160001,-0.0540096576019549,0.00336341685135111,0.00593486776068052,0.199183388938119,-0.0599445253626354,-0.195819972086768,-0.0480747898412744,0.20254680578947
3.32452025440001,-0.0541737549654469,0.00332124032129408,0.00602141496382819,0.19917678136914,-0.0601951699292751,-0.195855541047846,-0.0481523400016187,0.202498021690434
3.33058689720001,-0.054337020423469,0.0032791479968533,0.00610687242311623,0.19916901564593,-0.0604438928465852,-0.195889867649077,-0.0482301480003528,0.202448163642783
3.33665354000001,-0.0544994072748217,0.00323717077751733,0.0061912033537079,0.199160064651309,-0.0606906106285296,-0.195922893873792,-0.0483082039211138,0.202397235428826
3.34272018280001,-0.0546608694624499,0.00319533941290506,0.00627437182951097,0.199149901657767,-0.0609352412919609,-0.195954562244862,-0.048386497632939,0.202345241070672
3.34878682560001,-0.0548213614950466,0.00315368254082417,0.00635634260444301,0.199138501053539,-0.0611777040994896,-0.195984818512715,-0.0484650188906036,0.202292183594363
3.35485346840001,-0.054980835981925,0.00311223305776236,0.0064370781170583,0.199125834598822,-0.0614179140989833,-0.196013601541059,-0.0485437578648667,0.202238067656584
3.36092011120001,-0.0551392485491178,0.0030710181712415,0.00651654445266566,0.199111877658206,-0.0616557930017835,-0.196040859486964,-0.0486227040964522,0.202182895829447
3.36698675400001,-0.0552965512449212,0.00303007114423147,0.00659470342295183,0.199096601761971,-0.061891254667873,-0.196066530617739,-0.0487018478219693,0.202126672906202
3.37305339680001,-0.0554526995423748,0.00298942010054656,0.00667152088557265,0.19907998187475,-0.0621242204279474,-0.196090561774204,-0.0487811786568021,0.202069401975297
3.37912003960001,-0.0556076465144662,0.00294909617763843,0.00674695988438505,0.199061990786479,-0.0623546063988513,-0.19611289460884,-0.0488606866300812,0.202011086964117
3.38518668240001,-0.0557613461118242,0.00290913017951498,0.00682098449431644,0.199042601646799,-0.0625823306061406,-0.196133471467284,-0.0489403616175078,0.201951731826314
3.39125332520001,-0.0559137530535871,0.00286955039721434,0.00689355963855194,0.199021789182487,-0.0628073126921391,-0.196152238785272,-0.0490201934150352,0.201891339579701
3.39731996800001,-0.0560648195204939,0.00283039031958181,0.0069646474160907,0.198999524640412,-0.0630294669365846,-0.19616913432083,-0.0491001721044032,0.201829914959994
3.40338661080001,-0.0562145016782343,0.00279167645452258,0.00703421433602622,0.198975783924378,-0.0632487160142605,-0.196184107469855,-0.0491802873422081,0.2017674603789
3.40945325360001,-0.0563627510314108,0.00275344275264296,0.00710222178808871,0.198950538111711,-0.0634649728194995,-0.196197095359068,-0.049260529243322,0.201703980864354
3.41551989640001,-0.0565095234897104,0.00271571681615007,0.00716863596583309,0.198923762466941,-0.0636781594555435,-0.196208045650791,-0.0493408875238773,0.201639479283091
3.42158653920001,-0.0566547719076023,0.00267853001175858,0.00723341974750458,0.198895429695852,-0.0638881916551069,-0.196216899684093,-0.0494213521600977,0.20157395970761
3.42765318200001,-0.0567984502361051,0.00264191320655442,0.00729653720335501,0.198865512816487,-0.0640949874394602,-0.196223599609933,-0.0495019130327501,0.201507426023042
3.43371982480001,-0.0569405134120958,0.00260589433612707,0.00735795343153188,0.198833986902928,-0.0642984668436277,-0.196228092566801,-0.0495825599805639,0.201439881239055
3.43978646760001,-0.0570809131804459,0.00257050748927085,0.00741763018578469,0.198800822680933,-0.0644985433662306,-0.196230315191662,-0.0496632829946613,0.201371330170204
3.44585311040001,-0.0572196062501486,0.00253577847211427,0.00747553440183928,0.198765996595948,-0.0646951406519879,-0.196230218123833,-0.0497440718483094,0.201301775068062
3.45191975320001,-0.0573565435857599,0.00250174191744883,0.00753162705031674,0.198729479277675,-0.0648881706360767,-0.196227737360226,-0.0498249165354432,0.201231221195124
3.45798639600001,-0.0574916815263203,0.00247029263819008,0.00758587465497543,0.198688604921761,-0.0650775561812958,-0.196218312283571,-0.0499058068713449,0.201158897559951
3.46405303880001,-0.0576249727150748,0.00244436661788656,0.00763823993414393,0.198639238721982,-0.0652632126492187,-0.196194872104095,-0.0499867327809308,0.201083605339868
3.47011968160001,-0.0577563710961369,0.00242399484806591,0.00768868694770403,0.198581353481537,-0.0654450580438409,-0.196157358633471,-0.0500676841484329,0.201005348329602
3.47618632440001,-0.0578858318314173,0.00240917956688064,0.00773718097446041,0.198514960457286,-0.0656230128058777,-0.196105780890406,-0.0501486508569569,0.200924140024167
3.48225296720001,-0.0580133062226254,0.00239991401737256,0.00778368341721859,0.198440088469895,-0.065796989639844,-0.196040174452522,-0.0502296228054069,0.200840002487267
3.48831961000001,-0.0581387515257051,0.00239619769293554,0.00782816164118336,0.198356750725205,-0.0659669131668885,-0.195960553032269,-0.0503105898845218,0.20075294841814
3.49438625280001,-0.0582621181688132,0.00239802789320356,0.0078705762007129,0.198264971164712,-0.0661326943695261,-0.195866943271509,-0.0503915419681003,0.200662999057916
3.50045289560001,-0.0583833629130492,0.0024054002382931,0.00791089394407716,0.198164769417705,-0.0662942568571263,-0.195759369179412,-0.050472468968972,0.200570169655999
3.50651953840001,-0.0585024381977276,0.00241831478589322,0.00794907743538067,0.198056162937072,-0.0664515156331083,-0.195637848151179,-0.050553360762347,0.200474477722965
3.51258618120001,-0.058619297952764,0.00243676541021841,0.00798509071844166,0.197939176982497,-0.0666043886712057,-0.195502411572278,-0.0506342072343223,0.200375942392715
3.51865282400001,-0.0587338975723961,0.002460753660207,0.00801889925841529,0.197813823623145,-0.0667527968308114,-0.195353069962938,-0.0507149983139808,0.200274577283352
3.52471946680001,-0.0588461879078768,0.00249027378454797,0.00805046410146979,0.197680130590718,-0.0668966520093466,-0.19518985680617,-0.050795723806407,0.200170404375266
3.53078610960001,-0.058956126765748,0.00252532418755143,0.00807975304513534,0.197538112179201,-0.0670358798108834,-0.19501278799165,-0.0508763737206127,0.200063436366753
3.53685275240001,-0.0590636640414149,0.00256590314148447,0.00810672623035555,0.197387791466937,-0.0671703902717705,-0.194821888325453,-0.0509569378110594,0.199953694608422
3.54291939520001,-0.0591687569107411,0.00261200562537657,0.008131350824216,0.197229188562867,-0.0673001077349571,-0.194617182937491,-0.0510374060865251,0.199841194188244
3.54898603800001,-0.0592713576164056,0.00266363188994981,0.00815358924229251,0.197062320876268,-0.0674249468586981,-0.194398688986318,-0.0511177683741131,0.199725952766218
3.55505268080001,-0.0593714200668308,0.0027207760644358,0.00817340550664498,0.196887213274388,-0.0675448255734758,-0.194166437209952,-0.0511980145601858,0.199607989338824
3.56111932360001,-0.0594688998958763,0.00278343899467241,0.00819076527447456,0.196703878654829,-0.0676596651703509,-0.193920439660156,-0.0512781346214018,0.199487317649501
3.56718596640001,-0.0595637474970445,0.00285161594518946,0.00820562922961571,0.196512343648857,-0.0677693767266602,-0.193660727703668,-0.0513581182674288,0.199363959594047
3.57325260920001,-0.0596559212311222,0.00292530423165968,0.00821796560477303,0.196312623637355,-0.0678738868358952,-0.193387319405695,-0.0514379556263491,0.199237927869014
3.57931925200001,-0.0597453704644095,0.00300450308832222,0.00822773413032188,0.196104740848201,-0.0679731045947314,-0.193100237759878,-0.0515176363340877,0.199109243936523
3.58538589480001,-0.0598320527802406,0.00308920686703708,0.00823490228646934,0.1958887158539,-0.0680669550667099,-0.192799508986862,-0.0515971504937712,0.198977922720937
3.59145253760001,-0.0599159202319531,0.00317941599765345,0.00823943234595721,0.195664566036223,-0.0681553525779103,-0.19248515003857,-0.0516764878859959,0.198843982033877
3.59751918040001,-0.0599969266991818,0.00327512487831549,0.00824128830339205,0.195432315853865,-0.0682382150025738,-0.192157190975549,-0.0517556383957897,0.19870744073218
3.60358582320001,-0.0600750280627025,0.00337633363787365,0.00824043601371541,0.195191979048992,-0.0683154640764179,-0.191815645411118,-0.0518345920489871,0.198568312686865
3.60965246600001,-0.0601501742509727,0.00348303856689498,0.00823683579273428,0.194943581140967,-0.068387010043707,-0.191460542574072,-0.0519133384582385,0.198426619707862
3.61571910880001,-0.0602223241826714,0.00359523589285758,0.00823045631117406,0.194687138596319,-0.0684527804938455,-0.191091902703461,-0.0519918678714974,0.198282374489176
3.62178575160001,-0.0602914266986412,0.00371292580131419,0.00822125689168965,0.194422672805155,-0.0685126835903308,-0.190709747003841,-0.0520701698069515,0.198135598606469
3.62785239440001,-0.0603574397823921,0.00383610203087187,0.00820920532191505,0.194150204787457,-0.0685666451043072,-0.190314102756585,-0.0521482344604771,0.197986306818329
3.63391903720001,-0.0604203153052141,0.00396476517660166,0.0081942637374522,0.193869751913592,-0.0686145790426664,-0.18990498673699,-0.0522260515677619,0.197834517090194
3.63998568000001,-0.0604800071106612,0.00409890991945462,0.00817639609976027,0.19358133821758,-0.0686564032104215,-0.189482428298125,-0.0523036110109009,0.197680248137034
3.64605232280001,-0.0605364713337191,0.00423853565740827,0.00815556846721514,0.193284978302287,-0.0686920398009342,-0.189046442644879,-0.0523809028665039,0.197523513959696
3.65211896560001,-0.0605896574305062,0.00438363971726163,0.00813174078190292,0.192980696563701,-0.0687213982124091,-0.188597056846439,-0.0524579166486033,0.197364336280962
3.65818560840001,-0.0606395248812409,0.00453421723874191,0.00810488215541629,0.192668510552748,-0.0687444070366572,-0.188134293314006,-0.0525346427258246,0.19720272779149
3.66425225120001,-0.0606860220049546,0.00469026934805723,0.00807495150553665,0.192348440834456,-0.0687609735104912,-0.187658171486398,-0.0526110704994179,0.197038710182513
3.67031889400001,-0.0607291071780399,0.00485178918447883,0.00804191692163089,0.192020508860194,-0.0687710240996708,-0.187168719675715,-0.052687190256409,0.196872298044672
3.67638553680001,-0.0607687320970334,0.00501877749439122,0.00800574040785515,0.191684732005028,-0.0687744725048886,-0.186665954510637,-0.0527629916891783,0.19670350949942
3.68245217960001,-0.0608048505621135,0.00519122925545025,0.00796638588682754,0.191341133862189,-0.0687712364489411,-0.186149904606738,-0.052838464675286,0.196532363117639
3.68851882240001,-0.0608374189697701,0.00536914312087368,0.00792381962605235,0.190989729911371,-0.0687612385958225,-0.185620586790498,-0.0529135993437178,0.196358873032245
3.69458546520001,-0.0608663862964891,0.00555251746388657,0.00787800118819942,0.190630543413713,-0.0687443874846885,-0.185078025949826,-0.0529883851082897,0.1961830608776
3.70065210800001,-0.0608917125876742,0.00574134633691074,0.00782890012857705,0.190263593003296,-0.0687206127162513,-0.184522246666385,-0.0530628124590972,0.196004939340207
3.70671875080001,-0.060913345644194,0.0059356317961492,0.00777647496294046,0.189888898432757,-0.0686898206071344,-0.183953266636608,-0.0531368706812535,0.195824530228906
3.71278539360001,-0.0609312442280284,0.00613536639545446,0.00772069407669422,0.189506481568763,-0.0686519383047226,-0.183371115173309,-0.0532105501513342,0.195641847964218
3.71885203640001,-0.0609453598682554,0.00634055101861983,0.00766151934824407,0.189116359807187,-0.0686068792164994,-0.182775808788567,-0.0532838405200113,0.195456910825807
3.72491867920001,-0.0609556463143832,0.00655118095389953,0.00759891465567111,0.188718556284344,-0.0685545609700543,-0.182167375330444,-0.053356731658712,0.195269737238243
3.73098532200001,-0.0609620602317006,0.00676725409586665,0.00753284648130389,0.188313087372897,-0.0684949067130044,-0.18154583327703,-0.0534292137503967,0.195080341468763
3.73705196480001,-0.0609645501097658,0.00698876987436711,0.00746327400270149,0.187899975187658,-0.0684278241124673,-0.180911205313291,-0.0535012761070643,0.194888745062026
3.74311860760001,-0.0609630765628163,0.00721572125496049,0.00739016722173422,0.187479239444617,-0.0683532437845506,-0.180263518189657,-0.0535729093410821,0.194694960699578
3.74918525040001,-0.0609575868772037,0.00744811121318695,0.00731348425497842,0.187050899096712,-0.0682710711321821,-0.179602787883525,-0.0536441026222253,0.194499010309899
3.75525189320001,-0.0609480401932021,0.00768593173139608,0.00723319377818305,0.18661497640982,-0.0681812339713852,-0.178929044678424,-0.0537148464150191,0.194300908141216
3.76131853600001,-0.0609343878797242,0.00792918381688465,0.00714925754969623,0.186171488816722,-0.0680836454294204,-0.178242304999837,-0.053785130330028,0.194100672633606
3.76738517880001,-0.0609165836283145,0.00817786308239968,0.00706163939736918,0.1857204589807,-0.0679782230256837,-0.177542595898301,-0.0538549442309454,0.1938983220631
3.77345182160001,-0.0608945843803545,0.0084319666499843,0.00697030602404778,0.185261904183517,-0.0678648904044023,-0.176829937533533,-0.0539242783563067,0.193693870833502
3.77951846440001,-0.0608683381311809,0.00869149501630068,0.0068752162164866,0.18479584538219,-0.0677435543476675,-0.17610435036589,-0.0539931219146943,0.193487340398491
3.78558510720001,-0.0608378060675114,0.0089564400604885,0.00677634042596516,0.184322303373365,-0.0676141464934765,-0.175365863312877,-0.0540614656415462,0.193278743433854
3.79165175000001,-0.0608029349648283,0.00922680566676767,0.00667363637272879,0.183841296322976,-0.0674765713375571,-0.174614490656208,-0.0541292985920995,0.193068101989744
3.79771839280001,-0.0607636843344054,0.00950258325990092,0.00656707301717456,0.183352846880017,-0.0673307573515799,-0.173850263620116,-0.0541966113172308,0.192855430139918
3.80378503560001,-0.0607200053922844,0.00978377395678289,0.00645661200328905,0.182856972530286,-0.0671766173955734,-0.173073198573503,-0.0542633933889953,0.192640746487069
3.80985167840001,-0.060671851764752,0.0100703737085483,0.00634221710299897,0.182353695447912,-0.0670140688677509,-0.172283321739364,-0.054329634661753,0.19242406915646
3.81591832120001,-0.0606191806765764,0.0103623788508242,0.00622385524536168,0.181843033839888,-0.0668430359219381,-0.171480654989064,-0.0543953254312148,0.192205412690712
3.82198496400001,-0.0605619396215785,0.0106597909572838,0.00610148482063242,0.181325007493963,-0.0666634244422109,-0.170665216536679,-0.054460454800946,0.191984798451247
3.82805160680001,-0.0605000903626038,0.0109626008210921,0.00597507673234809,0.180799638286195,-0.0664751670949519,-0.169837037465102,-0.0545250136302557,0.191762239107287
3.83411824960001,-0.0604335791679121,0.011270813646532,0.00584458830726828,0.180266944205061,-0.0662781674751804,-0.168996130558529,-0.0545889908606439,0.191537757851593
3.84018489240001,-0.0603623659124826,0.0115845427706095,0.00570998878474646,0.179727121445402,-0.066072354697229,-0.168142578674792,-0.0546523771277361,0.191311664216011
3.84625153520001,-0.0602864016667805,0.0119040345355425,0.00557123970010063,0.179180534227781,-0.0658576413668811,-0.167276499692238,-0.0547151619666798,0.191084568763323
3.85231817800001,-0.0602056399845399,0.0122292948547615,0.00542830476363824,0.178627217811664,-0.0656339447481781,-0.166397922956903,-0.0547773352209017,0.190856512666426
3.85838482080001,-0.0601200383812105,0.0125603225500643,0.00528115113632282,0.178067195993185,-0.0654011895175333,-0.165506873443121,-0.0548388872448876,0.190627518543249
3.86445146360001,-0.0600295438418031,0.0128971224937073,0.00512973680621672,0.177500490506712,-0.0651592806480198,-0.164603368013005,-0.0548998070355864,0.190397613000419
3.87051810640001,-0.059934118708938,0.0132396878858357,0.00497403313196016,0.176927129245623,-0.0649081518408982,-0.163687441359787,-0.0549600855769778,0.190166817131459
3.87658474920001,-0.0598340227289326,0.0135877126757372,0.00481444108675925,0.176347576074986,-0.0646484638156919,-0.162759863399248,-0.0550195816421734,0.189935288750723
3.88265139200001,-0.0597322751646304,0.0139381313164932,0.00465525630699691,0.175766184916544,-0.0643875314716273,-0.161828053600051,-0.0550770188576334,0.189704316233037
3.88871803480001,-0.0596296270878848,0.0142901477421472,0.00449757179339147,0.175184108909392,-0.0641271988812763,-0.160893961167244,-0.0551320552944933,0.189474256651539
3.89478467760001,-0.0595260537912062,0.0146437394113341,0.00434138204512862,0.174601403744976,-0.0638674358363348,-0.159957664333642,-0.0551846717460776,0.18924514315631
3.90085132040001,-0.0594215313744018,0.0149988860715939,0.00418668032162267,0.174018120074985,-0.0636082116960244,-0.159019234003391,-0.0552348510527791,0.189017006146579
3.90691796320001,-0.0593160338288448,0.0153555661371629,0.00403346312569367,0.173434317317619,-0.0633494969545384,-0.158078751180456,-0.0552825707031511,0.188789883454782
3.91298460600001,-0.0592095382325257,0.0157137576041337,0.00388172228781045,0.172850044503694,-0.0630912605203362,-0.15713628689956,-0.0553278159447153,0.188563802107828
3.91905124880001,-0.059102018310639,0.0160734407932947,0.00373145460544203,0.172265360924068,-0.062833472916081,-0.156191920130773,-0.055370563705197,0.188338801717363
3.92511789160001,-0.0589934507315757,0.0164345925986261,0.00358265261047345,0.171680317481893,-0.0625761033420491,-0.155245724883267,-0.0554107981211022,0.188114910080519
3.93118453440001,-0.0588838102696818,0.016797193188634,0.0034353115411242,0.171094969752459,-0.062319121810806,-0.154297776563825,-0.0554484987285576,0.187892162941093
3.93725117720001,-0.0587730721913722,0.0171612203276896,0.003289425909904,0.170509372957238,-0.0620624981012762,-0.153348152629548,-0.0554836462814682,0.187670593284927
3.94331782000001,-0.0586612127390664,0.0175266531244647,0.00314498898949004,0.169923578529058,-0.0618062017285564,-0.152396925404594,-0.0555162237495763,0.187450231653523
3.94938446280001,-0.0585482056450083,0.0178934708034512,0.00300199724285295,0.1693376450094,-0.0615502028878613,-0.151444174205949,-0.0555462084021554,0.187231115812851
3.95545110560001,-0.0584340282905546,0.018261650592662,0.00286044256004351,0.168751622150002,-0.0612944708505981,-0.15048997155734,-0.0555735857305111,0.187013272742664
3.96151774840001,-0.0583186541255769,0.0186311734318157,0.00272032166606979,0.168165568780977,-0.0610389757916466,-0.149534395349161,-0.0555983324595071,0.186796742212792
3.96758439120001,-0.0582020600215089,0.0190020158646785,0.0025816271584241,0.167579535946255,-0.060783687179933,-0.148577520081576,-0.0556204328630848,0.186581551810933
3.97365103400001,-0.0580842206661711,0.0193741580768635,0.00244435423630517,0.166993579391547,-0.0605285749024762,-0.147619421314684,-0.0556398664298659,0.186367737468411
3.97971767680001,-0.0579651112959866,0.01974757814874,0.00230849742465723,0.166407753856701,-0.0602736087206438,-0.146660175707961,-0.0556566138713293,0.186155332005441
3.98578431960001,-0.0578447082998836,0.0201222545398576,0.00217405001030898,0.165822111567346,-0.0600187583101926,-0.145699857027488,-0.0556706582895746,0.185944366107204
3.99185096240001,-0.0577229851470807,0.0204981672916459,0.00204100841549281,0.165236710181409,-0.0597639935625735,-0.144738542889763,-0.0556819767315879,0.185734877473055
3.99791760520001,-0.0575999195242488,0.0208752928660568,0.00190936459028686,0.164651600167732,-0.0595092841145357,-0.143776307301676,-0.055690554933962,0.185526893033789
4.00398424800001,-0.0574754846078843,0.0212536128130222,0.00177911518768146,0.16406683990631,-0.0592545997955658,-0.142813227093287,-0.0556963694202028,0.185320452719332
4.01005089080001,-0.057349657468568,0.0216331033363728,0.00165025286988815,0.163482480570228,-0.0589999103384562,-0.141849377233855,-0.0556994045986798,0.185115583906601
4.01611753360001,-0.0572224127114903,0.0220137446285586,0.00152277279797313,0.162898578087254,-0.0587451855094635,-0.140884833458695,-0.0556996399135172,0.184912322715812
4.02218417640001,-0.0570937255391875,0.0223955150962076,0.00139666950842663,0.162315186703964,-0.0584903950476142,-0.139919671607756,-0.0556970560307609,0.184710701800172
4.02825081920001,-0.0569635724909918,0.0227783925394947,0.00127193630311796,0.161732359450445,-0.0582355087941097,-0.13895396691095,-0.0556916361878738,0.18451075198994
4.03431746200001,-0.0568319267692003,0.0231623578234691,0.00114856956265243,0.161150153094246,-0.0579804963318527,-0.137987795270777,-0.0556833572065479,0.184312510917715
4.04038410480001,-0.0566987663677462,0.0235473866460407,0.00102656129757913,0.160568618817483,-0.0577253276653253,-0.137021232171442,-0.0556722050701671,0.184116005463524
4.04645074760001,-0.0565640641916996,0.0239334611586368,0.000905908089315886,0.159987814560664,-0.0574699722810155,-0.136054353402027,-0.0556581561023837,0.183921275719301
4.05251739040001,-0.056427797506891,0.0243205572354311,0.00078660266390424,0.159407791614408,-0.0572144001707953,-0.135087234378977,-0.0556411948429868,0.18372834884984
4.05858403320001,-0.0562899408397781,0.0247086550654414,0.000668640145167043,0.158828606100177,-0.0569585809849451,-0.134119951034735,-0.0556213006946111,0.183537261165618
4.06465067600001,-0.0561504693551129,0.0250977333918146,0.000552015080251419,0.158250311759623,-0.0567024844353643,-0.133152578367808,-0.0555984542748614,0.183348045151437
4.07071731880001,-0.0560093597465291,0.0254877693450987,0.000436720786956121,0.157672962438954,-0.0564460805334852,-0.132185193093855,-0.055572638959573,0.183160731784053
4.07678396160001,-0.0558665849455052,0.025878744620643,0.000322753603370582,0.157096614008508,-0.0561893385488758,-0.131217869387865,-0.0555438313421346,0.182975358629151
4.08285060440001,-0.0557221232551852,0.0262706341543355,0.000210105600958875,0.15652131835985,-0.0559322288561441,-0.130250684205515,-0.0555120176542264,0.182791952514186
4.08891724720001,-0.0555759473111606,0.0266634206903821,9.87732900119575e-05,0.155947133004637,-0.0556747206011726,-0.129283712314255,-0.0554771740211487,0.18261055369502
4.09498389000001,-0.055428034570616,0.0270570797835762,1.12505404887444e-05,0.155374109339395,-0.0554392851111048,-0.128317029555819,-0.0554167840301273,0.182431189122971
4.10105053280001,-0.0552783594851724,0.0274515891160295,0.000119970803074108,0.154802300164988,-0.0553983302882465,-0.127350711048959,-0.0551583886820983,0.182253889281018
4.10711717560001,-0.0551275782733091,0.0278462493359758,0.000228356155192887,0.154230799245059,-0.055355934428502,-0.126384549909083,-0.0548992221181162,0.182077048581035
4.11318381840001,-0.0549775498508891,0.0282391566217811,0.00033907490270671,0.153657002147003,-0.0553166247535959,-0.125417845525222,-0.0546384749481824,0.181896158768784
4.11925046120001,-0.0548283518847402,0.0286301872374149,0.000452279257586724,0.153080813550958,-0.0552806311423269,-0.124450626313543,-0.0543760726271534,0.181711000788373
4.12531710400001,-0.0546799467792378,0.0290193308547571,0.000567954162710391,0.152502307968761,-0.0552479009419482,-0.123482977114004,-0.0541119926165275,0.181521638823518
4.13138374680001,-0.0545322996162577,0.0294065774505399,0.000686092874247879,0.151921551896197,-0.0552183924905056,-0.122514974445657,-0.0538462067420099,0.181328129346737
4.13745038960001,-0.0543853733184587,0.0297919183132299,0.000806681721137272,0.151338619511985,-0.055192055039596,-0.121546701198755,-0.0535786915973214,0.181130537825215
4.14351703240001,-0.0542391321051924,0.0301753424253759,0.000929711281085952,0.150753579849086,-0.0551688433862784,-0.12057823742371,-0.0533094208241065,0.180928922274462
4.14958367520001,-0.0540935398852106,0.0305568417420622,0.00105517119331265,0.150166503293516,-0.0551487110785232,-0.119609661551454,-0.0530383686918979,0.180723345035579
4.15565031800001,-0.0539485599888749,0.0309364043588681,0.0011830487540109,0.149577462803088,-0.0551316087428858,-0.11864105844422,-0.052765511234864,0.180513867161956
4.16171696080001,-0.053804157116824,0.03131402268538,0.00131333685514596,0.148986525208654,-0.05511749397197,-0.117672502523274,-0.052490820261678,0.180300547894034
4.16778360360001,-0.0536602941134833,0.0316896855229603,0.00144602055731402,0.148393765564704,-0.0551063146707974,-0.116704080041743,-0.0522142735561693,0.180083451087664
4.17385024640001,-0.0535169356506298,0.0320633835813645,0.00158109298254698,0.147799250182426,-0.0550980286331768,-0.115735866601062,-0.0519358426680829,0.179862633763791
4.17991688920001,-0.0533740449604583,0.0324351076970468,0.00171854057677562,0.147203053106557,-0.0550925855372339,-0.114767945409511,-0.0516555043836827,0.179638160803604
4.18598353200001,-0.0532315861239588,0.0328048469172429,0.00185835385142541,0.146605243738565,-0.0550899399753842,-0.113800396821322,-0.0513732322725334,0.179410090655808
4.19205017480001,-0.0530895230170702,0.0331725935196717,0.00200052246128597,0.14600589186143,-0.0550900454783561,-0.112833298341758,-0.0510890005557842,0.179178485381101
4.19811681760001,-0.0529478191741417,0.033538334889935,0.00214503373769104,0.145405071270497,-0.0550928529118327,-0.111866736380562,-0.0508027854364506,0.178943406160432
4.20418346040001,-0.0528064389206496,0.0339020643518171,0.00229188048675494,0.14480284796922,-0.0550983194074046,-0.110900783617403,-0.0505145584338947,0.178704912321037
4.21025010320001,-0.0526653455439314,0.0342637698377136,0.00244104788764146,0.144199297550255,-0.0551063934315729,-0.109935527712541,-0.0502242976562899,0.178463067387969
4.21631674600001,-0.0525245033085276,0.0346234427811801,0.00259252892909205,0.14359448615011,-0.0551170322376197,-0.10897104336893,-0.0499319743794356,0.17821792893129
4.22238338880001,-0.0523838757504442,0.0349810735779251,0.00274631017233385,0.142988487669312,-0.0551301859227781,-0.108007414091387,-0.0496375655781104,0.177969561247237
4.22845003160001,-0.0522434268180345,0.0353366513286204,0.00290238206420699,0.142381371888083,-0.0551458088822415,-0.107044720559462,-0.0493410447538275,0.177718023216703
4.23451667440001,-0.0521031203486999,0.0356901686448527,0.00306073427337562,0.141773207976096,-0.0551638546220755,-0.106083039331243,-0.0490423860753242,0.177463376620949
4.24058331720001,-0.0519629200865011,0.0360416121910313,0.00322135416800965,0.141164070576528,-0.0551842742545108,-0.105122458385496,-0.0487415659184915,0.177205682767559
4.24664996000001,-0.0518227899760292,0.0363909762127754,0.00338423446667624,0.140554024859955,-0.0552070244427054,-0.10416304864718,-0.048438555509353,0.17694500107273
4.25271660280001,-0.0516826937503943,0.0367382477750666,0.00354936046795498,0.139943146952714,-0.0552320542183493,-0.103204899177647,-0.0481333332824393,0.17668139472778
4.25878324560002,-0.0515425952697629,0.0370834190260365,0.00371672502814562,0.139331502826546,-0.0552593202979085,-0.10224808380051,-0.0478258702416173,0.176414921852583
4.26484988840001,-0.0514024583682286,0.0374264799319138,0.00388631482207478,0.138719166227544,-0.0552887731903033,-0.10129268629563,-0.0475161435461538,0.176145646159458
4.27091653120001,-0.0512622468672315,0.0377674196355577,0.00405812023369313,0.138106207324936,-0.0553203671009247,-0.100338787689378,-0.0472041266335384,0.175873626960494
4.27698317400001,-0.0511219245599119,0.0381062310936549,0.00423213094384387,0.137492694664811,-0.0553540555037558,-0.0993864635711563,-0.046889793616068,0.175598925758466
4.28304981680001,-0.0509814554057659,0.0384429002382061,0.00440833435922851,0.136878703748477,-0.0553897897649945,-0.0984358035102712,-0.0465731210465374,0.175321603986683
4.28911645960001,-0.0508408029627746,0.0387774222443044,0.00458672310917244,0.136264298908155,-0.055427526071947,-0.0974868766638507,-0.0462540798536022,0.17504172115246
4.29518310240001,-0.0506999314126839,0.0391097833110684,0.00476728261251798,0.135649556799375,-0.0554672140252019,-0.0965397734883069,-0.0459326488001659,0.174759340110444
4.30124974520001,-0.0505588042141478,0.0394399762919829,0.00495000559397003,0.135034543239031,-0.0555088098081178,-0.0955945669470485,-0.0456087986201778,0.174474519531014
4.30731638800001,-0.0504173854936236,0.0397679907350616,0.00513487884026061,0.134419331808552,-0.0555522643338842,-0.09465134107349,-0.045282506653363,0.174187322543613
4.31338303080001,-0.050275638951362,0.0400938158141043,0.00532189267414615,0.133803993076423,-0.0555975316255081,-0.0937101772623187,-0.0449537462772158,0.173897808890527
4.31944967360002,-0.0501335283305179,0.0404174448421275,0.0055110367869535,0.133188594954874,-0.0556445651174714,-0.0927711501127464,-0.0446224915435644,0.173606039797001
4.32551631640001,-0.0499910178117478,0.0407388630075084,0.00570229862561064,0.132573213813643,-0.0556933164373585,-0.0918343508061342,-0.0442887191861372,0.173312076821151
4.33158295920002,-0.049848070560698,0.0410580664224536,0.00589567072850597,0.131957913141118,-0.055743741289204,-0.090899846718664,-0.043952399832192,0.173015979563571
4.33764960200002,-0.0497046512106124,0.0413750404217682,0.00609113863559198,0.131342770117537,-0.0557957898462044,-0.0899677296957692,-0.0436135125750204,0.172717810539306
4.34371624480002,-0.0495607228214944,0.0416897785550682,0.00628869494082769,0.130727850414863,-0.0558494177623221,-0.0890380718597951,-0.0432720278806667,0.172417628969932
4.34978288760002,-0.0494162498064409,0.0420022699634185,0.006488326541154,0.130113227439632,-0.0559045763475949,-0.088110957476213,-0.0429279232652869,0.17211549740305
4.35584953040002,-0.0492711957502377,0.0423125038403094,0.00669002369982865,0.12949897216984,-0.0559612194500663,-0.0871864683295305,-0.042581172050409,0.171811476010149
4.36191617320002,-0.0491255243403304,0.0426204738663195,0.00689377611696636,0.128885151873581,-0.0560193004572968,-0.0862646780072616,-0.042231748223364,0.171505625739901
4.36798281600001,-0.048979199984259,0.0429261644749879,0.00709957128141827,0.128271843799322,-0.0560787712656772,-0.0853456793243339,-0.0418796287028407,0.17119800827431
4.37404945880002,-0.0488321854496114,0.0432295727232716,0.00730740163893888,0.127659110586141,-0.0561395870885503,-0.0844295378628692,-0.0415247838106726,0.170888683309412
4.38011610160001,-0.0486844458239915,0.0435306830832153,0.0075172528514401,0.127047029934498,-0.0562016986754316,-0.0835163468512823,-0.0411671929725514,0.170577713017713
4.38618274440002,-0.0485359437716147,0.0438294897913421,0.00772911738298129,0.126435667381339,-0.056265061154596,-0.082606177589997,-0.0408068263886334,0.170265157172681
4.39224938720001,-0.048386643986493,0.0441259815930331,0.00794298223901723,0.125825096148081,-0.0563296262255103,-0.0816991145550477,-0.0404436617474758,0.169951077741114
4.39831603000002,-0.0482365099436712,0.0444201476902219,0.00815883762500304,0.125215387632485,-0.0563953475686742,-0.080795239942263,-0.0400776723186681,0.169635535322707
4.40438267280001,-0.0480855052691613,0.0447119821422797,0.00837667324814535,0.124606608448229,-0.0564621785173066,-0.0798946263059495,-0.0397088320210159,0.169318590590509
4.41044931560002,-0.047933594603111,0.0450014686166938,0.00859647664091401,0.123998836732811,-0.0565300712440251,-0.0789973681161172,-0.039337117962197,0.169000305349505
4.41651595840001,-0.0477807403093269,0.0452886051228079,0.00881824015473409,0.123392134270521,-0.056598980464061,-0.0781035291477133,-0.0389625001545928,0.168680739393329
4.42258260120002,-0.0476269079326338,0.0455733752714582,0.00904194957432418,0.122786579277553,-0.056668857506958,-0.0772132040060944,-0.0385849583583096,0.168359954549011
4.42864924400001,-0.0474720597443209,0.0458557739768535,0.00926759723469302,0.122182237165756,-0.056739656979014,-0.0763264631889026,-0.0382044625096279,0.16803801114261
4.43471588680002,-0.0473161607135917,0.0461357895999547,0.0094951702481129,0.121579180961197,-0.0568113309617046,-0.0754433913612427,-0.0378209904654788,0.167714970561152
4.44078252960001,-0.0471591742114738,0.0464134113398917,0.0097246587639317,0.120977482491655,-0.0568838329754055,-0.0745640711517633,-0.0374345154475421,0.167390893831547
4.44684917240002,-0.0470010637968222,0.0466886336460582,0.00995605249475302,0.120377207706116,-0.0569571162915752,-0.0736885740600577,-0.0370450113020692,0.167065841352174
4.45291581520002,-0.0468417943481164,0.046961439408675,0.0101893390183602,0.119778435641408,-0.0570311333664766,-0.0728169962327331,-0.0366524553297562,0.166739875050083
4.45898245800001,-0.0466813278196565,0.0472318275971118,0.0104245105901538,0.119181227221556,-0.0571058384098103,-0.071949399624444,-0.0362568172295027,0.166413054818668
4.46504910080002,-0.046519630216351,0.0474997809625469,0.010661553118507,0.118585661174,-0.057181183334858,-0.0710858802114529,-0.035858077097844,0.166085442136547
4.47111574360001,-0.0463566634194249,0.047765295087652,0.0109004588102254,0.117991802795412,-0.0572571222296504,-0.0702265077077598,-0.0354562046091995,0.165757097883064
4.47718238640002,-0.046192392667549,0.0480283579602324,0.0111412148827031,0.117399724906278,-0.0573336075502521,-0.0693713669460455,-0.0350511777848459,0.16542808286651
4.48324902920001,-0.0460267812334582,0.0482889587653676,0.0113838114308773,0.116809499774647,-0.0574105926643355,-0.0685205410092799,-0.034642969802581,0.165098458540015
4.48931567200002,-0.0458597926031259,0.048547092353703,0.0116282381710513,0.116221192674538,-0.0574880307741772,-0.0676741003208354,-0.0342315544320746,0.164768285028241
4.49538231480001,-0.0456913918990874,0.048802740826981,0.0118744827280193,0.115634883552411,-0.0575658746271066,-0.0668321427254299,-0.0338169091710681,0.164437624379392
4.50144895760002,-0.0455215406604122,0.0490559041222328,0.0121225372594605,0.115050632466543,-0.0576440779198727,-0.0659947283443099,-0.0333990034009517,0.164106536588776
4.50751560040001,-0.045350205354955,0.0493065641325301,0.0123723877982507,0.114468518651137,-0.0577225931532057,-0.0651619545186065,-0.0329778175567043,0.163775082783667
4.51358224320002,-0.0451773474767387,0.0495547170997867,0.012624026423841,0.113888607297603,-0.0578013739005798,-0.0643338901978163,-0.0325533210528977,0.16344332439739
4.51964888600002,-0.045002932528177,0.0498003506499156,0.0128774404570509,0.113310971010619,-0.0578803729852279,-0.0635106203607032,-0.0321254920711261,0.163111321660534
4.52571552880002,-0.0448269236894362,0.0500434539426992,0.013132619940102,0.11273568250876,-0.0579595436295382,-0.0626922285660604,-0.0316943037493341,0.162779136451459
4.53178217160002,-0.0446492843678838,0.0502840222412643,0.0133895545913029,0.112162806380793,-0.0580388389591867,-0.0618787841395292,-0.0312597297765809,0.162446828622058
4.53784881440002,-0.0444699799358354,0.0505220368476611,0.0136482320841536,0.111592423493116,-0.058118212019989,-0.0610703866454549,-0.0308217478516819,0.162114460340777
4.54391545720002,-0.044288971511406,0.0507574986742201,0.0139086444769168,0.111024593032779,-0.0581976159883228,-0.0602670943585586,-0.0303803270344893,0.161782091706999
4.54998210000002,-0.0441062260282583,0.0509903887574567,0.0141707779278183,0.11045939473626,-0.0582770039560765,-0.0594690059788028,-0.02993544810044,0.161449783493716
4.55604874280002,-0.0439217045960744,0.0512207039893071,0.014434624389802,0.109896893699628,-0.0583563289858764,-0.0586761897103207,-0.0294870802062725,0.161117597688935
4.56211538560002,-0.0437353729752879,0.0514484316450529,0.0147001712854182,0.109337162301518,-0.0584355442607061,-0.057888730656465,-0.0290352016898697,0.160785593946571
4.56818202840002,-0.0435471942592199,0.0516735608479354,0.0149674086058684,0.108780273721289,-0.0585146028650883,-0.0571067128733532,-0.0285797856533514,0.160453834569224
4.57424867120002,-0.0433571317709083,0.0518960872847903,0.0152363260697703,0.108226291852179,-0.0585934578406787,-0.0563302045673883,-0.028120805701138,0.160122379136969
4.58031531400002,-0.0431651511381728,0.0521159914467646,0.0155069114010256,0.107675298490821,-0.0586720625391985,-0.0555593070440563,-0.0276582397371472,0.159791289937585
4.58638195680002,-0.0429712130524502,0.0523332752291228,0.0157791565567847,0.107127351947562,-0.0587503696092349,-0.0547940767184389,-0.0271920564956655,0.159460627176685
4.59244859960002,-0.0427752849160725,0.0525479188133766,0.0160530478214717,0.106582532456666,-0.0588283327375442,-0.0540346136432892,-0.0267222370946007,0.159130451270042
4.59851524240002,-0.0425773274572442,0.0527599197322622,0.016328577022371,0.106040905028783,-0.0589059044796151,-0.0532809852965207,-0.0262487504348732,0.158800824761045
4.60458188520002,-0.0423773066886935,0.052969264921694,0.0166057316820673,0.105502541806273,-0.0589830383707608,-0.0525332768845788,-0.0257715750066262,0.158471806727967
4.61064852800002,-0.0421751856226212,0.0531759434571256,0.0168845017424388,0.104967516439532,-0.0590596873650601,-0.0517915729824066,-0.0252906838801824,0.158143459896658
4.61671517080002,-0.0419709274920113,0.0533799514603311,0.0171648769207159,0.104435892115991,-0.0591358044127273,-0.0510559406556596,-0.0248060505712954,0.157815843576322
4.62278181360002,-0.0417644981859118,0.0535814586156104,0.017446844992898,0.103907482850652,-0.0592113431788097,-0.0503260242350412,-0.0243176531930138,0.157488941466262
4.62884845640002,-0.0415558579633566,0.0537818813808551,0.017730397813327,0.103380346978902,-0.0592862557766836,-0.0495984655980469,-0.0238254601500296,0.157162228359757
4.63491509920002,-0.0413449746982098,0.0539815443626399,0.0180155217934736,0.102854076930746,-0.0593604964916834,-0.0488725325681066,-0.0233294529047363,0.156835621293386
4.64098174200002,-0.04113180874006,0.0541805080859104,0.0183022086358105,0.102328649450087,-0.0594340173758705,-0.0481481413641765,-0.0228296001042495,0.156509157535997
4.64704838480002,-0.0409163263482061,0.0543788232323055,0.0185904459612612,0.101804045818698,-0.0595067723094673,-0.047425222586392,-0.0223258803869449,0.156182869051003
4.65311502760002,-0.0406984904594522,0.0545765439213649,0.0188802236640758,0.101280248098557,-0.059578714123528,-0.0467037041771921,-0.0218182667953764,0.155856792019922
4.65918167040002,-0.040478264211005,0.0547737278808713,0.0191715314584023,0.100757232267924,-0.0596497956694073,-0.0459835043870525,-0.0213067327526027,0.155530960148795
4.66524831320002,-0.0402556137588641,0.05497042213513,0.0194643571740328,0.100234985581573,-0.0597199709328969,-0.0452645634464434,-0.0207912565848313,0.155205407716703
4.67131495600002,-0.0400304989239373,0.055166689959603,0.0197586925608063,0.0997134805878456,-0.0597891914847436,-0.0445467906282425,-0.020271806363131,0.154880170547449
4.67738159880002,-0.0398028880544824,0.055362576981856,0.0200545241580862,0.0991927035366873,-0.0598574122125686,-0.0438301265548313,-0.0197483638963963,0.154555280518543
4.68344824160002,-0.0395727411243338,0.0555581440253297,0.0203518435443827,0.0986726315644343,-0.0599245846687165,-0.0431144875391046,-0.019220897579951,0.154230775589764
4.68951488440002,-0.0393400246336376,0.0557534414763679,0.0206506384372621,0.0981532456656462,-0.0599906630708997,-0.0423998041892783,-0.0186893861963754,0.153906687142014
4.69558152720002,-0.039104701449525,0.0559485236649998,0.0209508986850416,0.0976345279967901,-0.0600556001345667,-0.0416860043317903,-0.0181538027644834,0.15358305166179
4.70164817000002,-0.0388667346077013,0.0561434481933193,0.0212526139970915,0.0971164546343554,-0.0601193486047928,-0.0409730064410361,-0.0176141206106097,0.153259902827675
4.70771481280002,-0.038626090536842,0.0563382621264912,0.0215557722586927,0.0965990125421262,-0.0601818627955346,-0.040260750415635,-0.0170703182781493,0.152937274668617
4.71378145560002,-0.0383827286140044,0.0565330288521738,0.0218603651134844,0.0960821746390982,-0.0602430937274888,-0.0395491457869244,-0.0165223635005199,0.152615203491272
4.71984809840002,-0.0381366176647022,0.0567277937554065,0.0221663792295724,0.0955659267999526,-0.0603029968942746,-0.0388381330445462,-0.0159702384351298,0.152293720555359
4.72591474120002,-0.0378877172898776,0.0569226179590143,0.0224738060623504,0.0950502465490854,-0.0603615233522281,-0.0381276285900711,-0.0154139112275272,0.1519728645081
4.73198138400002,-0.0376359942247999,0.0571175515551981,0.0227826334243323,0.0945351145979021,-0.0604186276491322,-0.037417563042704,-0.0148533608004676,0.1516526661531
4.73804802680002,-0.0373814112726517,0.0573126490833426,0.0230928511195991,0.0940205131933216,-0.0604742623922509,-0.0367078641099791,-0.0142885601530526,0.151333162276664
4.74411466960002,-0.0371239313619122,0.0575079680209694,0.0234044488510463,0.0935064185140771,-0.0605283802129585,-0.0359984504931077,-0.0137194825108658,0.151014386535046
4.75018131240002,-0.0368635211996573,0.057703555473002,0.0237174145611403,0.0929928172289708,-0.0605809357607976,-0.0352892617559688,-0.0131461066385171,0.150696372701973
4.75624795520002,-0.0366001397133699,0.0578994749418754,0.0240317397856244,0.0924796826293212,-0.0606318794989943,-0.0345802076874458,-0.0125683999277455,0.150379157571197
4.76231459800002,-0.0363337562086812,0.0580957715665988,0.024347411322194,0.0919670002172047,-0.0606811675308752,-0.0338712286506059,-0.0119863448864872,0.150062771783804
4.76838124080002,-0.0360643299165038,0.0582925067702719,0.0246644205039758,0.0914547479007015,-0.0607287504204795,-0.0331622411304296,-0.011399909412528,0.149747254670973
4.77444788360002,-0.0357918278015053,0.0584897303521046,0.0249827552367344,0.0909429061121273,-0.0607745830382397,-0.0324531757600227,-0.0108090725647708,0.149432636464232
4.78051452640002,-0.0355162126086443,0.0586874970597011,0.0253024052820104,0.0904314571848128,-0.0608186178906546,-0.0317439601251117,-0.0102138073266339,0.149118954244514
4.78658116920002,-0.0352374471534499,0.0588858642471294,0.0256233603345293,0.0899203774037504,-0.0608608074879792,-0.031034513156621,-0.00961408681892063,0.14880624165088
4.79264781200002,-0.0349554984271225,0.0590848790579702,0.0259456083956378,0.0894096531387687,-0.0609011068227603,-0.0303247740807985,-0.00900989003148465,0.148494532196739
4.79871445480002,-0.0346703249018459,0.0592846051120157,0.0262691408914882,0.0888992580551758,-0.0609394657933341,-0.0296146529431601,-0.00840118401035768,0.148183863167191
4.80478109760002,-0.0343818963662317,0.0594850872987408,0.0265939447502141,0.0883891772851034,-0.0609758411164459,-0.0289040899863626,-0.00778795161601764,0.147874264583844
4.81084774040002,-0.0340901716840239,0.059686387342411,0.0269200111835213,0.0878793891159438,-0.0610101828675452,-0.0281930017735327,-0.0071701605005026,0.147565776458355
4.81691438320002,-0.0337951180435656,0.0598885547503946,0.0272473281887307,0.0873698737049823,-0.0610424462322963,-0.0274813189545877,-0.00654778985483495,0.147258428455377
4.82298102600002,-0.0334966981373148,0.0600916444773834,0.0275758854865379,0.0868606134679251,-0.0610725836238526,-0.0267689689905417,-0.00592081265077691,0.146952257945308
4.82904766880002,-0.0331948746621263,0.060295713755107,0.0279056727618024,0.0863515848000363,-0.0611005474239287,-0.0260558710449293,-0.00528920190032384,0.146647298555143
4.83511431160002,-0.0328896148990492,0.0605008097647039,0.0282366780764476,0.0858427737681814,-0.0611262929754968,-0.0253419640034775,-0.00465293682260157,0.146343583532885
4.84118095440002,-0.0325808768592443,0.0607069962459023,0.0285688927453388,0.0853341544133225,-0.0611497696045831,-0.0246271581674202,-0.0040119841139055,0.146041150659225
4.84724759720002,-0.0322686308171654,0.0609143178351403,0.0289023038278947,0.0848257115003106,-0.0611709346450601,-0.0239113936651704,-0.00336632698927078,0.145740029335451
4.85331424000002,-0.0319528352722504,0.0611228365587387,0.0292369024152495,0.0843174236914732,-0.0611897376874999,-0.0231945871327345,-0.00271593285700091,0.145440260250212
4.85938088280002,-0.0316334576307931,0.0613326016333759,0.0295726765945838,0.0838092708731278,-0.0612061342253769,-0.0224766692397519,-0.00206078103620936,0.145141872506504
4.86544752560002,-0.0313104605384752,0.0615436682196972,0.0299096160474441,0.0833012355393191,-0.0612200765859193,-0.0217575673196219,-0.00140084449103109,0.144844903759016
4.87151416840002,-0.0309838065677537,0.0617560934282098,0.0302477104471286,0.0827932941995955,-0.0612315170148822,-0.0210372007713857,-0.000736096120625088,0.144549387627805
4.87758081120002,-0.0306534632952496,0.0619699244765107,0.0305869479178323,0.0822854326138696,-0.0612404112130818,-0.020315508137359,-6.6515377417295e-05,0.14425535709038
4.88364745400002,-0.0303193882653774,0.0621852252268435,0.0309273196614382,0.0817776252004234,-0.0612467079268156,-0.0195923999735799,0.000607931396060784,0.143962850427267
4.88971409680002,-0.0299815522412946,0.062402040059105,0.0312688128694983,0.0812698563594872,-0.0612503651107929,-0.0188678163003822,0.00128726062820372,0.143671896418592
4.89578073960002,-0.0296399133609952,0.0626204313025637,0.0316114185134227,0.0807621051239511,-0.0612513318744179,-0.0181416738213874,0.00197150515242745,0.143382536426515
4.90184738240002,-0.0292944392429999,0.0628404478843562,0.0319551247685563,0.080254351113225,-0.0612495640115562,-0.0174139032288689,0.00266068552555634,0.143094798997581
4.90791402520002,-0.0289450924919377,0.0630621451699503,0.0322999212789914,0.0797465768956566,-0.0612450137709291,-0.0166844317257063,0.0033548287870537,0.142808722065607
4.91398066800002,-0.0285918355501438,0.0632855801497458,0.0326457977047701,0.0792387590990894,-0.0612376332549139,-0.0159531789493435,0.00405396215462627,0.142524339248835
4.92004731080002,-0.0282346362955358,0.0635108000766983,0.0329927422340544,0.0787308831724945,-0.0612273785295902,-0.0152200830957962,0.00475810593851864,0.142241683249193
4.92611395360002,-0.027873451800057,0.0637378689381466,0.0333407459540492,0.0782229239131386,-0.0612141977541062,-0.014485054974992,0.0054672941539922,0.141960792851285
4.93218059640002,-0.0275082533184311,0.0639668308539429,0.0336897961892876,0.0777148653592938,-0.0611980495077186,-0.0137480345053509,0.00618154287085646,0.141681696213237
4.93824723920002,-0.0271389986300702,0.0641977484571932,0.0340398837923034,0.0772066869100389,-0.0611788824223736,-0.0130089384528457,0.00690088516223316,0.141404435367232
4.94431388200002,-0.0267656555599977,0.0644306703866437,0.0343909970249103,0.0766983679219354,-0.061156652584908,-0.0122676975352917,0.00762534146491251,0.141129038308579
4.95038052480002,-0.0263881866775142,0.0646656522114507,0.0347431254954426,0.0761898910335983,-0.0611313121729568,-0.0115242388221476,0.00835493881792832,0.140855543245049
4.95644716760002,-0.0260065542891088,0.0649027508030227,0.0350962588489891,0.0756812329951785,-0.0611028131380979,-0.0107784821921559,0.00908970455988022,0.140583983798201
4.96251381040002,-0.0256207265797197,0.0651420134485751,0.035450385339376,0.0751723789407172,-0.0610711119190957,-0.0100303654921421,0.0098296587596563,0.140314392389292
4.96858045320002,-0.0252306601430953,0.0653835042631202,0.0358054959374339,0.0746633040481302,-0.0610361560805291,-0.00927979978500992,0.0105748357943386,0.14004680831125
4.97464709600002,-0.0248363267283873,0.0656272671029611,0.0361615781015248,0.0741539919963912,-0.060997904829912,-0.00852672489343011,0.0113252513731375,0.139781259099352
4.98071373880002,-0.0244376837592878,0.0658733649059352,0.0365186225661541,0.073644422546397,-0.0609563063254419,-0.00777105764046176,0.0120809388068663,0.139517787452332
4.98678038160002,-0.0240346992615987,0.0661218460235457,0.0368766176779082,0.0731345747959195,-0.060911316939507,-0.0070127287723738,0.0128419184163095,0.139256420819465
4.99284702440002,-0.0236273357750169,0.066372766227506,0.0372355530110597,0.0726244314498056,-0.0608628887860766,-0.00625166522229961,0.0136082172360428,0.138997197677312
4.99891366720002,-0.0232155554644609,0.0666261822713478,0.0375954181940484,0.0721139693845239,-0.0608109736585094,-0.00548778711317613,0.0143798627295875,0.138740151655872
5.00498031000002,-0.0227993268276135,0.0668821414754487,0.0379562015480599,0.0716031734151995,-0.0607555283756734,-0.00472103193975085,0.0151568747204464,0.138485314890648
5.01104695280002,-0.0223786059743043,0.0671407080850718,0.0383178939258548,0.0710920191020592,-0.0606964999001591,-0.00395131101698738,0.0159392879515505,0.138232727187131
5.01711359560002,-0.0219533651509749,0.0674019239932563,0.0386804829204721,0.070580487368636,-0.060633848071447,-0.00317856337537971,0.0167271177694973,0.137982411361892
5.02318023840002,-0.0215235614284597,0.0676654732099906,0.0390439591492372,0.0700680220161508,-0.0605675205776969,-0.00240254880616021,0.0175203977207775,0.137733495226141
5.02924688120002,-0.0210891630276151,0.067930054384144,0.0394083110418127,0.0695526935244748,-0.0604974740694278,-0.00162263914033085,0.0183191480141976,0.137482747908619
5.03531352400002,-0.0206501324642578,0.0681956238326239,0.0397735281401051,0.0690343437254568,-0.0604236606043629,-0.000838719892832893,0.0191233956758474,0.137229967558081
5.04138016680002,-0.0202064317560119,0.0684622670201564,0.0401396000542103,0.0685129903947812,-0.0603460318102222,-5.07233746247782e-05,0.0199331682981984,0.136975257414938
5.04744680960002,-0.019756638470081,0.0687314476604937,0.0405084826974993,0.0679866860157824,-0.0602651211675804,0.000744761644711281,0.0207518442274183,0.136718133676276
5.05351345240002,-0.0192991169318901,0.069004851960028,0.0408824172336011,0.0674531992829732,-0.0601815341654912,0.00155165267705479,0.0215833003017109,0.136458051243001
5.05958009520002,-0.0188339084688769,0.06928247936314,0.0412612944031196,0.0669126450929858,-0.0600952028719965,0.00236983427015418,0.0224273859342427,0.136195124456126
5.06564673800002,-0.0183610328483648,0.0695643601470474,0.0416450155458532,0.0663651351848372,-0.0600060483942179,0.00319922496221028,0.0232839826974884,0.135929495331885
5.07171338080002,-0.0178805285454153,0.0698504985271558,0.0420334700861506,0.0658107847139926,-0.0599139986315659,0.00403971381316322,0.0241529415407353,0.135661283241148
5.07778002360002,-0.0173924246060615,0.0701409116276001,0.0424265534216357,0.0652497095088353,-0.0598189780276972,0.00489120211876486,0.0250341288155742,0.135390621136435
5.08384666640002,-0.0168967492159973,0.0704356183462875,0.0428241613501834,0.064682021096997,-0.0597209105661807,0.00575359724929048,0.0259274121341862,0.135117639443284
5.08991330920002,-0.0163935416269234,0.070734621333657,0.043226183180353,0.0641078386585194,-0.0596197248072764,0.00662678267513765,0.0268326415534295,0.134842459992176
5.09597995200002,-0.0158828199025656,0.0710379523667505,0.0436325205146225,0.0635272702731932,-0.0595153404171881,0.00751068209355733,0.0277497006120569,0.134565222639944
5.10204659480002,-0.0153646293248473,0.0713456074897035,0.0440430593488519,0.062940435818084,-0.0594076886736993,0.0084051716716195,0.0286784300240046,0.134286043307788
5.10811323760002,-0.014838990027063,0.0716576163160257,0.0444576998988721,0.0623474480245106,-0.0592966899259351,0.00931016829151506,0.0296187098718091,0.134005064340536
5.11417988040002,-0.0143059401925067,0.0719739833816854,0.0448763323409969,0.0617484213114581,-0.0591822725335035,0.0102255620702272,0.0305703921484902,0.133722404693144
5.12024652320002,-0.0137655090114319,0.0722947258533603,0.0452988518223363,0.061143471783024,-0.0590643608337682,0.0111512540703363,0.0315333428109044,0.133438197636384
5.12631316600002,-0.0132177246728591,0.0726198622196294,0.045725153889828,0.0605327111570977,-0.0589428785626872,0.0120871510625317,0.0325074292169689,0.133152573376727
5.13237980880002,-0.0126626262776152,0.0729493959109673,0.0461551286044193,0.0599162579526277,-0.0588177548820345,0.0130331379583397,0.0334925023268041,0.132865653863595
5.13844645160002,-0.0121002321878473,0.0732833577096025,0.0465886763147495,0.059294221327281,-0.0586889085025968,0.0139891363823216,0.0344884441269022,0.132577579036883
5.14451309440002,-0.0115305873161807,0.0736217445817332,0.0470256843915824,0.0586667200202222,-0.0585562717077631,0.014955024561511,0.0354950970754017,0.132288464601955
5.15057973720002,-0.0109537121594139,0.0739645854857231,0.0474660519351659,0.0580338677464727,-0.0584197640945797,0.0159307177392505,0.036512339775752,0.131998453232196
5.15664638000002,-0.0103696446140078,0.0743118852662716,0.0479096698570107,0.0573957782043859,-0.0582793144710185,0.0169161070618857,0.0375400252430029,0.131707663470658
5.16271302280002,-0.00977841400950153,0.074663661144429,0.048356433070481,0.0567525677579222,-0.0581348470799826,0.0179110933865067,0.0385780190609795,0.131416228902351
5.16877966560002,-0.00918004854317721,0.0750199311891804,0.0488062368548095,0.0561043483288761,-0.0579862853979867,0.0189155828603043,0.0396261883116323,0.131124279518056
5.17484630840002,-0.008574587160053,0.0753806996181847,0.0492589720400993,0.0554512377658801,-0.0578335592001523,0.0199294618523046,0.0406843848800463,0.130831937384065
5.18091295120002,-0.00796204852563175,0.0757459962143449,0.0497145377043828,0.0547933463130112,-0.0576765862300146,0.0209526499013337,0.041752489178751,0.130539342527356
5.18697959400002,-0.00734247718077368,0.0761158188649895,0.0501728226017117,0.0541307915671733,-0.0575152997824854,0.0219850272978161,0.042830345420938,0.130246610432163
5.19304623680002,-0.00671589398331415,0.0764901958819001,0.0506337247251353,0.0534636882184975,-0.0573496187084495,0.0230265076634026,0.0439178307418212,0.129953884100398
5.19911287960002,-0.00608233654781487,0.0768691324066758,0.0510971357045928,0.0527921492605505,-0.0571794722524076,0.0240769831461253,0.0450147991567779,0.129661281667226
5.20517952240002,-0.00544183433816696,0.0772526457265669,0.051562950236471,0.0521162913013041,-0.057004784574638,0.0251363544252628,0.0461211158983041,0.129368937027871
5.21124616520002,-0.00479441556484775,0.0776407534807018,0.0520310633155286,0.0514362264801045,-0.0568254788803764,0.0262045270005973,0.0472366477506809,0.129076979960806
5.21731280800002,-0.00414011901213299,0.0780334606810708,0.0525013665577941,0.0507520719660497,-0.0566414855699271,0.0272813887150211,0.0483612475456611,0.128785532647121
5.22337945080002,-0.00347896365381526,0.0784307961067384,0.0529737577539234,0.0500639390981551,-0.0564527214077387,0.0283668570085833,0.0494947941001082,0.128494735204894
5.22944609360002,-0.00281099365652253,0.0788327585652332,0.053448127049641,0.0493719443267109,-0.0562591207061635,0.0294608142385223,0.0506371333931185,0.128204702891944
5.23551273640002,-0.0021362302366599,0.0792393757303178,0.0539243713391814,0.0486762033083576,-0.0560606015758413,0.0305631724219602,0.0517881411025215,0.127915579038675
5.24157937920002,-0.00145471073182415,0.0796506530286585,0.0544023829541442,0.0479768283477235,-0.0558570936859683,0.031673824680935,0.05294767222232,0.127627481376382
5.24764602200002,-0.000766464735324577,0.0800666078255348,0.054882056390707,0.0472739362809417,-0.0556485211260316,0.0327926715445931,0.0541155916553824,0.127340544106477
5.25371266480002,-7.1520475767195e-05,0.0804872573199543,0.0553632863423865,0.0465676394785567,-0.0554348068181537,0.0339196178413976,0.0552917658666193,0.127054896798511
5.25977930760002,0.000630083428248239,0.0809126073253865,0.0558459652279042,0.0458580544209106,-0.0552158817996559,0.0350545529044758,0.0564760486561524,0.126770661746297
5.26584595040002,0.00133832768970581,0.0813426858777536,0.0563299895337721,0.0451452939255505,-0.0549916618440663,0.0361973919522031,0.0576683172234779,0.126487979803304
5.27191259320002,0.00205322522954516,0.0817775491839034,0.0568151706044914,0.0444295531666483,-0.0547619453749462,0.0373479960172552,0.0588683958340365,0.126207102350552
5.27797923600002,0.00277494589653157,0.0822174153110123,0.0573011335333055,0.0437112189058924,-0.054526187636774,0.0385061964051198,0.0600760794298371,0.125928634216905
5.28404587880002,0.00350342656948881,0.0826622641933839,0.0577878081849038,0.0429903663367609,-0.054284381615415,0.0396718978566231,0.0612912347543926,0.125652630530145
5.29011252160002,0.00423859024961367,0.0831120661336215,0.0582751557374688,0.0422670458239424,-0.0540365654878551,0.0408450203096791,0.0625137459870824,0.125379111957564
5.29617916440002,0.00498036137741753,0.0835667904736728,0.0587631374698663,0.0415413029396659,-0.0537827760924488,0.0420254875340069,0.0637434988472838,0.125108093413339
5.30224580720002,0.00572865406256488,0.0840263964618185,0.059251713713889,0.0408131864696023,-0.0535230596513241,0.0432132099922162,0.0649803677764539,0.124839582931421
5.30831245000002,0.00648340142628118,0.0844908635446773,0.0597408464901036,0.0400827430600544,-0.0532574450638224,0.0444081204846229,0.0662242479163848,0.124573606604732
5.31437909280002,0.00724451267346277,0.0849601450094626,0.0602304957643097,0.0393500198807963,-0.052985983090847,0.0456101251286663,0.0674750084377725,0.124310164890259
5.32044573560002,0.00801191848902954,0.0854342198552266,0.0607206232763412,0.0386150674275278,-0.0527087047873117,0.0468191524276988,0.0687325417653707,0.124049287282754
5.32651237840002,0.00878553477413319,0.0859130467985596,0.0612111896036512,0.0378779298604227,-0.052425654829518,0.0480351169381368,0.0699967243777844,0.123790976658982
5.33257902120002,0.00956528433861188,0.0863965959561993,0.0617021558593034,0.0371386573339669,-0.0521368715206915,0.0492579386222324,0.0712674401979152,0.123535253290166
5.33864566400002,0.0103510914427037,0.0868848362755468,0.0621934832027353,0.0363972957723662,-0.0518423917600316,0.0504875405031806,0.072544574645439,0.123282132047913
5.34471230680002,0.0111428707479781,0.087377727975995,0.0626851322697155,0.0356538934737733,-0.0515422615217374,0.0517238345022218,0.0738280030176937,0.123031621449768
5.35077894960002,0.0119405544521242,0.0878752491096314,0.0631770645922869,0.0349084976716455,-0.0512365101401627,0.0529667514379859,0.0751176190444111,0.122783746781277
5.35684559240002,0.0127440527761471,0.0883773544008434,0.0636692406557893,0.0341611551111358,-0.0509251878796421,0.0542161992897076,0.0764132934319364,0.122538509511979
5.36291223520002,0.0135532955753441,0.088884021652865,0.0641616218030311,0.0334119164034872,-0.0506083262276871,0.0554721052493778,0.0777149173783752,0.122295938056352
5.36897887800002,0.0143681993014308,0.0893952103368404,0.0646541688549601,0.0326608257816277,-0.0502859695535293,0.0567343845552127,0.079022368156391,0.122056036118468
5.37504552080002,0.0151886865853132,0.0899108903994664,0.0651468428656929,0.0319079331796403,-0.0499581562803798,0.0580029572198261,0.0803355294510061,0.121818823579107
5.38111216360002,0.0160146814945296,0.0904310303793715,0.0656396048690662,0.0311532848817532,-0.0496249233745366,0.0592777454976183,0.0816542863635958,0.121584315261125
5.38717880640002,0.016846099254981,0.0909555914781363,0.066132415810997,0.0303969286949343,-0.049286316556016,0.060558662783202,0.082978515065978,0.121352520173071
5.39324544920002,0.0176828711283933,0.0914845503448942,0.0666252367288325,0.0296389124427957,-0.0489423656004392,0.0618456379020985,0.0843081078572258,0.12112346278769
5.39931209200002,0.0185249083580941,0.0920178631421958,0.0671180286305387,0.0288792824442273,-0.0485931202724446,0.0631385806979685,0.0856429369886327,0.120897145586423
5.40537873480002,0.0193721399759714,0.0925555064880774,0.067610752464984,0.0281180894203306,-0.0482386124890126,0.0644374170677468,0.0869828924409554,0.120673595908408
5.41144537760002,0.0202244829718776,0.0930974405923768,0.0681033692904393,0.027355377686937,-0.0478788863185617,0.0657420629054399,0.0883278522623169,0.120452818279314
5.41751202040002,0.0210818598102137,0.0936436352475727,0.0685958401082455,0.0265911969475243,-0.0475139802980319,0.0670524383000485,0.0896776999184592,0.120234832195097
5.42357866320002,0.021944194353391,0.0941940585692969,0.0690881258204678,0.0258255938543885,-0.0471439314670768,0.0683684647149085,0.0910323201738589,0.120019652423685
5.42964530600002,0.0228114024040698,0.0947486727523927,0.0695801876893422,0.0250586157196462,-0.0467687852852724,0.0696900570327465,0.0923915900934119,0.119807288472039
5.43571194880002,0.0236834142755844,0.0953074530346151,0.0700719862513493,0.0242903109600642,-0.0463885719757648,0.0710171420745509,0.0937554005269337,0.119597763994679
5.44177859160002,0.0245601422397996,0.0958703570176695,0.0705634830401668,0.0235207254666319,-0.0460033408003672,0.0723496315510377,0.0951236252799663,0.119391082484301
5.44784523440002,0.0254415145114073,0.0964373601450134,0.0710546386138085,0.0227499100646188,-0.0456131241024012,0.0736874500803946,0.0964961531252158,0.119187270209632
5.45391187720002,0.0263274486059692,0.0970084233493186,0.0715454142616976,0.0219779091629114,-0.0452179656557284,0.0750305141864072,0.0978728628676668,0.11898633251223
5.45997852000002,0.0272178668338092,0.0975835162846681,0.0720357709385704,0.0212047722241789,-0.0448179041047612,0.0763787440604893,0.0992536377723796,0.118788288508847
5.46604516280002,0.0281126928397841,0.0981626066294733,0.0725256694085489,0.0204305462768328,-0.0444129765687648,0.0777320603526405,0.100638362248333,0.118593152906306
5.47211180560002,0.0290118430157399,0.0987456575829135,0.0730150712563601,0.0196552781344691,-0.0440032282406202,0.0790903794484444,0.1020269142721,0.118400935717383
5.47817844840002,0.0299152467141936,0.0993326429629445,0.0735039365114459,0.0188790168100126,-0.0435886897972523,0.0804536261529319,0.103419183225639,0.118211659772957
5.48424509120002,0.0308228172417594,0.0999235218114148,0.073992227236282,0.0181018077649102,-0.0431694099945226,0.0818217140465047,0.104815044478041,0.118025329576325
5.49031173400002,0.0317344820021476,0.100518268407823,0.0744799036011132,0.0173237019229126,-0.0427454215989656,0.0831945664849104,0.106214385603261,0.117841970330736
5.49637837680002,0.0326501590242017,0.101116844391815,0.0749669271203436,0.0165447437961116,-0.0423167680961419,0.0845721005957038,0.107617086144545,0.117661588187927
5.50244501960002,0.0335697704765956,0.101719219294902,0.0754532587082759,0.0157649825961647,-0.0418834882316803,0.0859542366987375,0.109023029184872,0.117484201891067
5.50851166240002,0.0344932397742042,0.10232536034405,0.0759388589849183,0.0149844657356468,-0.0414456192107141,0.087340894608403,0.110432098759123,0.117309826079697
5.51457830520002,0.0354204839104877,0.102935231753849,0.0764236898636587,0.0142032395259649,-0.0410032059531711,0.0887319922278843,0.111844173774146,0.117138471279814
5.52064494800002,0.0363514312647166,0.103548805914032,0.0769077108607311,0.0134213535792005,-0.0405562795960145,0.0901274523348313,0.113259142125448,0.116970159493232
5.52671159080002,0.0372859961844694,0.104166043307581,0.0773908845704933,0.012638852925623,-0.0401048883860239,0.0915271903819584,0.114676880754963,0.116804896233204
5.53277823360002,0.0382241052686883,0.104786917060656,0.077873170778507,0.0118557885817722,-0.0396490655098187,0.0929311284788838,0.116097276047195,0.116642705642428
5.53884487640002,0.0391656770470711,0.105411389504018,0.0783545312179861,0.0110722051730988,-0.039188854170915,0.0943391843309189,0.117520208265057,0.116483594677117
5.54491151920002,0.040110633559069,0.106039430062424,0.0788349267689708,0.0102881516500421,-0.0387242932099018,0.0957512784123822,0.11894556032804,0.116327581712466
5.55097816200002,0.0410588979771477,0.106671005497177,0.0793143179011845,0.00950367581739109,-0.0382554199240368,0.0971673296797862,0.120373215878332,0.116174681314568
5.55704480480002,0.0420103879088084,0.107306081049349,0.0797926668628476,0.00871882348069289,-0.0377822789540391,0.0985872575686559,0.121803054771656,0.116024904530042
5.56311144760002,0.0429650307476491,0.107944627672026,0.0802699326508137,0.00793364485418909,-0.0373049019031646,0.100010982817837,0.123234963398463,0.115878272526216
5.56917809040002,0.0439227418884254,0.108586607290319,0.0807460783944091,0.00714818453533135,-0.0368233365059837,0.101438422754988,0.124668820282835,0.11573479182565
5.57524473320002,0.0448834471315249,0.109231991887661,0.0812210634975985,0.00636249362775785,-0.0363376163660736,0.102869498259903,0.126104510629123,0.115594485515419
5.58131137600002,0.0458470654950727,0.109880744470075,0.0816948499062334,0.00557661688043382,-0.0358477844111608,0.104304127589641,0.127541915401306,0.115457361350509
5.58737801880002,0.0468135189017247,0.110532834371384,0.0821673984722638,0.00479060297237193,-0.0353538795705391,0.105742231399012,0.128980917373989,0.115323437343756
5.59344466160002,0.0477827302691101,0.111188227873005,0.0826386695089561,0.00400450010862718,-0.034855939239846,0.107183727764378,0.130421399778066,0.115192727981632
5.59951130440002,0.0487546178311984,0.111846891253563,0.0831086256055347,0.00321835358521489,-0.0343540077743363,0.108628537668348,0.131863243436733,0.115065244838777
5.60557794720002,0.0497291079834871,0.112508794021078,0.083577225233302,0.00243221422153886,-0.0338481172498148,0.110076579799539,0.133306333216789,0.114941008242617
5.61164459000002,0.0507061171741233,0.113173899543778,0.0840444320596384,0.00164612618059663,-0.0333383148855151,0.111527773363182,0.134750549233762,0.114820025724375
5.61771123280002,0.0516855704111534,0.113842178672989,0.0845102051099962,0.000860140647430912,-0.0328246346988427,0.112982038025558,0.13619577552115,0.114702319320419
5.62377787560002,0.0526673871887028,0.114513595074137,0.0849745065366946,7.4302504677624e-05,-0.0323071193479918,0.114439292569459,0.137641893725397,0.114587897578815
5.62984451840002,0.0536514893250589,0.115188118005932,0.0854372971697636,0.000711339850285563,-0.0317858078447046,0.114476778155647,0.139088786494823,0.115899457856218
5.63591116120002,0.0546377994705873,0.115865713255683,0.0858985371598418,0.00149673780408406,-0.0312607376892545,0.114368975451599,0.140536336630429,0.117362451059767
5.64197780400002,0.055626236498153,0.11654634815064,0.0863581894433291,0.00228184657390921,-0.0307319529451761,0.114264501576731,0.141984425941482,0.118828194724549
5.64804444680002,0.0566167257927264,0.117229990745337,0.086816211959805,0.00306661473219009,-0.0301994861670786,0.114163376013147,0.143432937752531,0.120296605477527
5.65411108960002,0.057609184862059,0.117916605852108,0.0872725689177896,0.00385099855202132,-0.0296633840557305,0.114065607300087,0.144881753779849,0.12176760440413
5.66017773240002,0.0586035379280699,0.118606163200788,0.0877272189673089,0.00463494677264897,-0.0291236810392391,0.113971216428139,0.146330756895379,0.123241109973437
5.66624437520002,0.0595997049484571,0.119298627100354,0.0881801244609782,0.00541841436760938,-0.0285804195125211,0.113880212732745,0.147779829409435,0.124717041467963
5.67231101800002,0.0605976076495674,0.119993966750217,0.0886312462130788,0.00620135323136958,-0.0280336385635114,0.113792613518847,0.149228853862646,0.126195319981587
5.67837766080002,0.0615971684020752,0.120692147429361,0.0890805442054504,0.00698371433418216,-0.0274833758033753,0.113708433095179,0.150677712607526,0.127675861763544
5.68444430360002,0.0625983067301686,0.121393137524731,0.0895279817278392,0.00776545341011796,-0.0269296749976707,0.113627684114613,0.152126288458008,0.129158590934849
5.69051094640002,0.0636009469958629,0.122096903628951,0.0899735161819311,0.00854651842043679,-0.0263725691860682,0.113550385208515,0.153574463177794,0.130643422049388
5.69657758920002,0.0646050077727281,0.122803411999459,0.0904171123204717,0.00932686607596094,-0.0258121045477436,0.113476545923498,0.1550221200932,0.13213027807542
5.70264423200002,0.0656104125027699,0.123512631255209,0.0908587284211454,0.010106445045921,-0.0252483159183754,0.113406186209288,0.156469140923915,0.13361907630113
5.70871087480002,0.0666170815948314,0.124224526332876,0.0912983270306929,0.0108852101498661,-0.0246812454358615,0.11333931618301,0.157915408625524,0.135109736482742
5.71477751760002,0.0676249366957462,0.124939066388389,0.0917358689538183,0.0116631135843201,-0.0241109322580721,0.113275952804069,0.159360805649564,0.136602179972709
5.72084416040002,0.0686338998840697,0.12565621617819,0.0921713139973907,0.0124401058951066,-0.023537414113321,0.113216110283083,0.16080521388146,0.138096322073296
5.72691080320002,0.0696438913477409,0.126375945159986,0.0926046258106742,0.0132161433368513,-0.0229607344629333,0.113159801823134,0.162248517158415,0.139592088496837
5.73297744600002,0.0706548344133926,0.127098218456073,0.0930357612512894,0.0139911732566413,-0.0223809268378968,0.113107045199431,0.163690595664682,0.141089391712714
5.73904408880002,0.071666648726627,0.127823003769981,0.0934646856192929,0.0147651528046615,-0.0217980368926659,0.11305785096532,0.16513133434592,0.142588156574643
5.74511073160002,0.0726792569557497,0.128550268620402,0.0938913568231143,0.0155380305858243,-0.0212120998673646,0.113012238034578,0.166570613778864,0.144088299206227
5.75117737440002,0.0736925799483218,0.129279978555853,0.0943157375974476,0.0163097612555313,-0.0206231576491258,0.112970217300321,0.168008317545769,0.145589739811384
5.75724401720002,0.0747065392840908,0.130012102704597,0.0947377887435903,0.0170802973225757,-0.0200312494594995,0.112931805382022,0.169444328027681,0.147092400027173
5.76331066000002,0.0757210567370666,0.130746605286318,0.095157469887271,0.0178495889002956,-0.0194364131502044,0.112897016386023,0.170878526624338,0.148596194186614
5.76937730280002,0.0767360531713655,0.131483437761928,0.0955747450434422,0.0186175657862973,-0.0188386918720767,0.112865871975631,0.172310798214808,0.150101003548225
5.77544394560002,0.077751450865811,0.13222082324278,0.0959895705194882,0.019381713226257,-0.0182381196536772,0.112839110016523,0.173741021385299,0.151602536469037
5.78151058840002,0.0787671705442509,0.132957566530858,0.0964019121658621,0.0201403421737271,-0.0176347416216112,0.112817224357131,0.175169082710113,0.153097908704585
5.78757723120002,0.0797831341075046,0.133693632655943,0.0968117275248242,0.0208933991961527,-0.0170285934173196,0.11280023345979,0.176594861632329,0.154587031852095
5.79364387400002,0.0807992628294238,0.134428985529533,0.0972189795128505,0.0216408356166702,-0.0164197166834266,0.112788149912863,0.178018242342274,0.156069821146203
5.79971051680002,0.0818154782350972,0.135163588919618,0.0976236289340039,0.0223825967027425,-0.0158081506989068,0.112780992216875,0.179439107169101,0.15754618562236
5.80577715960002,0.0828317017815616,0.135897407925358,0.0980256352267002,0.0231186341501308,-0.0151939334451386,0.112778773775227,0.180857337008262,0.159016042075489
5.81184380240002,0.0838478550215384,0.136630405746228,0.0984249627777522,0.0238488933395947,-0.0145771077562138,0.112781512406633,0.182272817799291,0.160479299085822
5.81791044520002,0.0848638591736141,0.137362547076143,0.0988215673381364,0.0245733239694791,-0.0139577081645223,0.112789223106664,0.18368542651175,0.161935871045622
5.82397708800002,0.0858796360460959,0.138093796349735,0.0992154153117882,0.0252918753562949,-0.0133357792656923,0.11280192099344,0.185095051357884,0.16338567170603
5.83004373080002,0.0868951067785308,0.138824117493894,0.0996064638778838,0.026004493980834,-0.012711357099353,0.11281962351306,0.186501570656415,0.164828611474728
5.83611037360002,0.0879101930586334,0.139553475037372,0.0999946761285105,0.0267111310342471,-0.0120844830698771,0.112842344003125,0.187904869187144,0.166264606071619
5.84217701640002,0.0889248163692614,0.140281832701747,0.100380012876668,0.0274117320454548,-0.0114551965074063,0.112870100656292,0.189304829245929,0.167693564747202
5.84824365920002,0.0899388978380509,0.141009155065959,0.100762433367287,0.0281062483252113,-0.0108235355292361,0.112902906740748,0.190701331205338,0.169115403391171
5.85431030200002,0.0909523597187555,0.141735406412548,0.101141902365213,0.028794625756312,-0.0101895426464574,0.112940780656236,0.192094262083968,0.17053003216886
5.86037694480002,0.0919651221572978,0.142460549942072,0.101518375058843,0.0294768134170668,-0.00955325290154471,0.112983736525006,0.19348349721614,0.171937363359139
5.86644358760002,0.0929771080526579,0.143184551549269,0.10189181840868,0.0301527610838548,-0.0089147103560217,0.113031790465414,0.194868926461337,0.173337312633124
5.87251023040002,0.093988237789324,0.143907374068306,0.102262189233902,0.0308224151558911,-0.00827395144457797,0.113084958912415,0.196250427023226,0.174729789224197
5.87857687320002,0.0949984334564465,0.144628982629782,0.102629450796037,0.0314857266828008,-0.00763101733958998,0.113143255946982,0.197627884252483,0.176114709312583
5.88464351600002,0.096007616507079,0.145349340924232,0.10299356392319,0.0321426414645531,-0.00698594741611143,0.113206699459679,0.199001180430269,0.177491982388785
5.89071015880002,0.0970157077270299,0.146068412996384,0.10335448766064,0.0327931104191482,-0.00633877993361011,0.113275302577236,0.20037019538767,0.178861523415532
5.89677680160002,0.0980226300835126,0.14678616422313,0.103712187157433,0.0334370799354095,-0.00568955707392001,0.113349084287721,0.201734817240945,0.18022324415854
5.90284344440002,0.0990283026373579,0.147502556302811,0.104066617033215,0.0340744984679799,-0.00503831439585736,0.113428057834831,0.203094919670573,0.181577054770791
5.90891008720002,0.100032649384433,0.148217556591704,0.104417744808145,0.034705316255368,-0.00438509542371238,0.113512240336336,0.204450394192578,0.182922872847072
5.91497673000002,0.10103558996038,0.148931126841422,0.104765526944487,0.0353294796202844,-0.0037299369841069,0.113601647221138,0.205801116904867,0.184260606461707
5.92104337280002,0.102037046843359,0.149643232769007,0.105109926867037,0.035946939461292,-0.00307288002367782,0.113696293307715,0.207146973710396,0.185590172230299
5.92711001560002,0.103036941469046,0.150353838049316,0.105450905425181,0.0365576418589989,-0.00241396395613448,0.113796196190317,0.208487846894227,0.186911479908315
5.93317665840002,0.104035194268995,0.151062906178877,0.105788421458368,0.0371615373309017,-0.00175322718937301,0.113901368847975,0.209823615727363,0.188224443509778
5.93924330120002,0.105031728936306,0.151770403640219,0.106122440506021,0.037758572775848,-0.00109071156971485,0.114011830864371,0.211154169442326,0.189528976416067
5.94530994400002,0.10602646343429,0.152476290620601,0.106452916612864,0.0383486960211796,-0.000426453178573108,0.114127594599421,0.212479380047154,0.19082498664178
5.95137658680002,0.107019322861916,0.153180535939282,0.106779817861793,0.0389318577697937,0.000239505000123139,0.114248678169489,0.21379914072371,0.192112393709076
5.95744322960002,0.108010226112195,0.153883100275485,0.107103100361248,0.0395080042729747,0.000907125750946994,0.11437509600251,0.215113326473443,0.193391104548459
5.96350987240002,0.108999096039867,0.154583949917288,0.10742272769312,0.0400770862686804,0.00157636834674617,0.114506863648607,0.216421823732987,0.194661036185968
5.96957651520002,0.109985854075658,0.155283048539241,0.107738660734247,0.0406390501277519,0.00224719334141141,0.114643998411489,0.217724514809906,0.195922098666993
5.97564315800002,0.110970420284441,0.155980359075679,0.10805085811208,0.0411938459594312,0.00291956217236169,0.114786513116248,0.219021278396521,0.19717420503511
5.98170980080002,0.11195271909763,0.156675849126055,0.108359285762585,0.0417414211765875,0.00359343333504546,0.114934427949468,0.220312004860215,0.198417270302643
5.98777644360002,0.112932667368591,0.157369477357685,0.108663897149396,0.042281722975626,0.00426877021919511,0.115087754382059,0.221596564517987,0.199651200333311
5.99384308640002,0.113910191305605,0.158061214054247,0.108964660921233,0.0428147025260929,0.00494553038437159,0.115246511528154,0.222874852226838,0.200875916580339
5.99990972920002,0.114885209065264,0.158751018832736,0.109261532835794,0.0433403060129227,0.00562367622947091,0.115410712819813,0.224146741901058,0.202091324845658
6.00597637200002,0.115857643866465,0.159438858536868,0.109554476625896,0.0438584840039263,0.00630316724056931,0.115580374532942,0.225412120492361,0.203297342540794
6.01204301480002,0.116827417147412,0.16012469685625,0.109843453201998,0.0443691831697728,0.00698396394541365,0.115755513686477,0.22667087034941,0.204493880026023
6.01810965760002,0.117794448593866,0.160808496149034,0.110128420973384,0.0448723532036976,0.00766602762048202,0.115936142945337,0.227922869567249,0.205680849352732
6.02417630040002,0.118758663387983,0.161490225142882,0.110409346278735,0.0453679420365887,0.00834931710924779,0.116122283106293,0.229168009666717,0.206858167179471
6.03024294320002,0.119719977260755,0.162169840976305,0.110686181994421,0.0458558962302793,0.0090337952663348,0.116313944746026,0.230406159255176,0.208025737206584
6.03630958600002,0.120678317535993,0.162847315398839,0.110958897338073,0.0463361674232256,0.00971942019792013,0.116511147975614,0.231637214874066,0.209183482822065
6.04237622880002,0.121633601640084,0.163522606975418,0.111227447719732,0.0468087017390883,0.0104061539203522,0.11671390523633,0.232861049359817,0.210331308714507
6.04844287160002,0.122585753143651,0.16419568308999,0.111491797016972,0.0472734495659905,0.0110939561266786,0.116922233524,0.234077550160623,0.211469132655981
6.05450951440002,0.123534693504802,0.164866507462585,0.111751906180043,0.0477303578840228,0.0117827873247589,0.117136149578562,0.235286599684845,0.212596865346608
6.06057615720002,0.124480342017763,0.165535041861184,0.112007733393888,0.0481793759626611,0.0124726086238745,0.117355665898523,0.236488075411651,0.213714417823845
6.06664280000002,0.125422624627858,0.166201256152942,0.112259245406078,0.0486204522548117,0.0131633792217798,0.117580803898131,0.237681870033937,0.214821708407754
6.07270944280002,0.12636145593128,0.166865105938704,0.112506394499547,0.0490535326841008,0.0138550614317328,0.117811573254603,0.238867850430827,0.215918638622805
6.07877608560002,0.127296764373578,0.167526564435304,0.112749150463921,0.0494785693601519,0.0145476139096564,0.118047995075152,0.240045914837499,0.217005133795456
6.08484272840002,0.128228466657151,0.168185589165775,0.112987468364673,0.0498955083504331,0.015240998292478,0.118290080815342,0.241215935021823,0.218081097516208
6.09090937120002,0.129156486691919,0.168842148038898,0.113221312217957,0.0503042998538325,0.0159351744739617,0.118537848185066,0.242377798909876,0.219146447892731
6.09697601400002,0.130080745968325,0.169496204820489,0.11345064301999,0.0507048911694618,0.016630102948335,0.118791313651027,0.243531388988315,0.220201095989951
6.10304265680002,0.13100116337663,0.170147720674373,0.113675418725203,0.0510972311352819,0.0173257446514267,0.119050489539091,0.244676582101832,0.221244951809655
6.10910929960002,0.131917665637753,0.170796666618479,0.113895606496225,0.0514812687302173,0.0180220591415284,0.119315397888262,0.245813272133978,0.222277935348696
6.11517594240002,0.13283016620066,0.171442996707125,0.114111158016383,0.0518569492360515,0.0187190081842766,0.119586047471074,0.246941324217043,0.223299945943176
6.12124258520002,0.133738594638855,0.172086685625882,0.114322043650387,0.0522242252358325,0.0194165509884671,0.11986246039005,0.248060638289242,0.224310910861715
6.12730922800002,0.134642866936959,0.172727689866048,0.114528218122223,0.0525830427459166,0.0201146488147355,0.120144647120131,0.249171085059182,0.225310732611965
6.13337587080002,0.135542907331766,0.173365977845833,0.11472964558046,0.052933351766413,0.0208132617513053,0.12043262607942,0.250272552912226,0.226299329612246
6.13944251360002,0.136438637358477,0.174001513392205,0.114926287073448,0.0532750999250506,0.0215123502850287,0.120726413467154,0.251364924431925,0.227276613317255
6.14550915640002,0.137329975490961,0.174634257050842,0.115118100318936,0.0536082356205202,0.0222118751720255,0.121026021430322,0.252448075809897,0.228242492671363
6.15157579920002,0.138216849214202,0.175264180980616,0.115305052874939,0.0539327083319008,0.0229117963392625,0.121331472648716,0.253521902089141,0.229196889312517
6.15764244200002,0.139099170889391,0.17589123774381,0.115487095896538,0.0542484627850904,0.0236120749928531,0.12164277495872,0.25458626678593,0.230139700528901
6.16370908480002,0.139976871152319,0.176515403432818,0.11566420024908,0.0545554519492272,0.0243126709032396,0.121959951483591,0.255641071401399,0.231070855382045
6.16977572760002,0.140849865300005,0.17713663353848,0.115836320343993,0.0548536218245,0.0250135449560119,0.12228301171398,0.256686185643999,0.23199025536298
6.17584237040002,0.141718077883687,0.177754896973039,0.11600342045609,0.0551429222026922,0.0257146574275968,0.122611974770347,0.257721498339777,0.232897819175731
6.18190901320002,0.142581430495753,0.178370155247708,0.116165461692026,0.0554233044329241,0.0264159688037273,0.122946850814784,0.258746892187779,0.233793459680632
6.18797565600002,0.143439841181254,0.1789819258955,0.116322401526695,0.055695342087417,0.0271174396545583,0.123286583808083,0.259762242707949,0.234677267982917
6.19404229880002,0.144294937908279,0.179589067480919,0.116476611673916,0.0559653691415397,0.0278183262343627,0.123623698339379,0.260771549582194,0.235554436622459
6.20010894160002,0.145153193491594,0.180197577012992,0.116637322174406,0.0562433383589156,0.0285158713171879,0.123954238654076,0.261790515665999,0.236440915371907
6.20617558440002,0.146015178341582,0.180808056562534,0.116805407682333,0.0565301263733613,0.0292097706592489,0.124277930189172,0.262820586023914,0.237338182935895
6.21224222720002,0.146880819727549,0.181420469308919,0.116980840188564,0.0568257026841678,0.0298999795389851,0.124594766624751,0.263861659916113,0.238246171993086
6.21830887000002,0.147750037615752,0.182034769773901,0.11716357717672,0.0571300240708378,0.0305864604390317,0.124904745703063,0.264913614792473,0.239164793844739
6.22437551280002,0.148622754298639,0.182650913557495,0.117353580709518,0.0574430525031043,0.0312691735891208,0.125207861054391,0.265976335008157,0.240093966060599
6.23044215560002,0.149498894510857,0.183268862150684,0.117550818097365,0.0577647525023483,0.0319480764134927,0.125504109648336,0.267049712608222,0.241033614653032
6.23650879840002,0.150378376039067,0.183888564638706,0.117755241796129,0.0580950786251818,0.0326231342429374,0.125793486013525,0.268133617835196,0.241983643263888
6.24257544120002,0.151261127806964,0.184509987871067,0.11796682838455,0.0584340030629314,0.0332942994224135,0.126075984808136,0.269227956191514,0.242943990933999
6.24864208400002,0.152147065716845,0.185133079679791,0.118185525924899,0.0587814758342212,0.0339615397919456,0.12635160384557,0.270332591641744,0.243914555514013
6.25470872680002,0.153036116284139,0.185757802222969,0.118411305978563,0.0591374662561341,0.0346248103055759,0.126620335966835,0.271447422262702,0.244895268479103
6.26077536960002,0.153928199861492,0.18638411057893,0.118644126279957,0.0595019310225383,0.0352840735815353,0.126882179556392,0.272572326141449,0.245886041601469
6.26684201240002,0.15482323872245,0.187011960319174,0.118883948819688,0.059874832367048,0.0359392899027617,0.127137127952126,0.273707187542137,0.246886792686222
6.27290865520002,0.155721157253076,0.187641312452743,0.119130740801588,0.0602561343937895,0.0365904164514879,0.127385178058954,0.274851898054663,0.247897446846533
6.27897529800002,0.156621873962479,0.188272117055345,0.119384455001348,0.0606457922265428,0.0372374189611316,0.127626324828802,0.276006328963827,0.248917909281888
6.28504194080002,0.157525316671662,0.188904339574948,0.119645067430077,0.0610437773350167,0.037880249241585,0.127860562239932,0.277170384101738,0.249948116909965
6.29110858360002,0.158431402391995,0.189537929223578,0.119912526752237,0.0614500403068456,0.0385188756397579,0.128087888916732,0.278343929144231,0.250987969530423
6.29717522640002,0.159340056897318,0.190172847151563,0.120186804105709,0.0618645502887138,0.0391532527916087,0.128308296862849,0.279526861003027,0.252037397440277
6.30324186920002,0.16025120091438,0.190809048979242,0.12046785746973,0.0622872638785264,0.0397833434446503,0.128521785100715,0.28071905838411,0.253096312857768
6.30930851200002,0.161164756710111,0.191446490264135,0.120755648768771,0.0627181435841506,0.04040910794134,0.128728346679985,0.281920405478882,0.254164633848286
6.31537515480002,0.162080648309703,0.192085131520179,0.121050145094113,0.0631571530839358,0.0410305032155905,0.128927978436243,0.283130793403816,0.255242284604115
6.32144179760002,0.16299879495086,0.192724923819885,0.121351299544258,0.0636042480677575,0.0416474954066025,0.129120675752127,0.284350094495118,0.256329171887642
6.32750844040002,0.163919123358031,0.193365831213685,0.121659087565671,0.0640593992973049,0.0422600357923598,0.129306431916381,0.285578210923702,0.25742523051099
6.33357508320002,0.164841551639374,0.194007804282943,0.121973458419031,0.0645225579133697,0.0428680932203428,0.129485246369573,0.286815010058405,0.258530362196313
6.33964172600002,0.165766004839429,0.194650803183752,0.122294382824689,0.0649936929040423,0.0434716220147401,0.12965711027971,0.288060387664119,0.259644496087795
6.34570836880002,0.16669240404676,0.195294784063887,0.122621819000726,0.0654727607609368,0.0440705850460338,0.12982202330295,0.289314223047485,0.260767544824823
6.35177501160002,0.167620671533967,0.19593970248143,0.122955728811453,0.0659597242765462,0.0446649427225134,0.129979978204884,0.29057640034542,0.261899426757977
6.35784165440002,0.168550730953084,0.196585518442042,0.123296079229627,0.0664545466949221,0.0452546517234571,0.13013097174712,0.291846810182711,0.263040065136964
6.36390829720002,0.169482502276552,0.197232184021376,0.123642823679545,0.06695718427096,0.0458396785970069,0.130274999750416,0.293125325956098,0.264189368292336
6.36997494000002,0.170415911138414,0.197879661876329,0.12399593704602,0.0674676070719309,0.0464199740923946,0.130412054804398,0.294411848184434,0.26534726894826
6.37604158280002,0.171350876731326,0.198527903946937,0.124355369179969,0.0679857667759276,0.046995507551357,0.13054213717101,0.295706245911296,0.266513670722865
6.38210822560002,0.172287323382817,0.199176869408587,0.12472109039019,0.0685116322242534,0.0475662329926277,0.130665237184333,0.297008413773007,0.26768850163284
6.38817486840002,0.173225172530974,0.199826514921915,0.125093059127631,0.0690451597919036,0.0481321134033424,0.130781355130012,0.298318231658605,0.268871674713819
6.39424151120002,0.174164346466361,0.200476796060109,0.125471237202422,0.0695863125663702,0.0486931092639381,0.130890483493739,0.299635583668783,0.270063108626479
6.40030815400002,0.175104768455561,0.201127672307383,0.125855591462816,0.0701350533488828,0.0492491769927449,0.1309926189585,0.300960359918378,0.271262725656266
6.40637479680002,0.1760463592119,0.20177909674887,0.126246075661898,0.0706913389582854,0.0498002835500023,0.131087757790585,0.302292434873797,0.272470435707156
6.41244143960002,0.176989043285156,0.202431030651929,0.12664266412581,0.0712551387810296,0.0503463791593461,0.131175891870899,0.303631707410966,0.273686169432959
6.41850808240002,0.177932740940196,0.203083427304612,0.127045307289738,0.0718264050166535,0.050887433650458,0.131257022287959,0.304978048229934,0.274909832321266
6.42457472520002,0.178877375799825,0.203736244915116,0.127453975056898,0.0724051063714825,0.0514234007429278,0.131331138543634,0.306331350856723,0.276141351286599
6.43064136800002,0.179822869639367,0.204389440642378,0.127868626105133,0.0729911990935618,0.0519542435342335,0.131398241548816,0.3076914957445,0.27738063973594
6.43670801080002,0.180769144779636,0.205042970089222,0.128289222196364,0.0735846465757566,0.0524799225832716,0.131458323513466,0.309058366976,0.278627616664979
6.44277465360002,0.181716124089479,0.205696792205253,0.128715730048368,0.0741854111679521,0.053000394041111,0.131511381037301,0.310431854137847,0.279882203373205
6.44884129640002,0.182663729029246,0.206350863954029,0.129148103746001,0.0747934462035241,0.0535156252832454,0.131557417750505,0.311811832775247,0.281144310157553
6.45490793920002,0.183612390226163,0.207005663677453,0.129585599833453,0.0754079871884243,0.0540267903927099,0.131597676489029,0.313197990059616,0.282413650865877
6.46097458200002,0.184567060778871,0.207666145368357,0.130021053321367,0.0760219166545658,0.0545460074575047,0.131644228713791,0.314588114100238,0.283688062022922
6.46704122480002,0.185528948442743,0.208333572017219,0.130452616696416,0.0766333565956172,0.0550763317463272,0.131700215421602,0.315981565139159,0.284966928612836
6.47310786760002,0.186497939596836,0.209007860182259,0.130880299374785,0.0772423212245287,0.055617640222051,0.13176553895773,0.317378238971621,0.286250181406787
6.47917451040002,0.18747392421294,0.209688938515372,0.131304108884751,0.0778488124267544,0.0561698153281892,0.131840126088617,0.318778033097692,0.287537750942126
6.48524115320002,0.188456798158514,0.210376733397762,0.131724049413505,0.0784528373763115,0.0567327487450089,0.13192389602145,0.320180847572018,0.288829570774073
6.49130779600002,0.189446442547247,0.21107116397798,0.1321401335046,0.0790544048924159,0.0573063090426467,0.132016759085564,0.321586576051847,0.290125568870395
6.49737443880002,0.190442761137835,0.211772165643213,0.132552360738156,0.07965351572753,0.0578904003996787,0.132118649915683,0.322995121875991,0.291425681370743
6.50344108160002,0.191445631784897,0.212479651637214,0.132960745657635,0.0802501834752402,0.0584848861272621,0.132229468161974,0.324406377442533,0.292729835112454
6.50950772440002,0.19245495320873,0.213193557607902,0.133365290649369,0.0808444058341427,0.0590896625593609,0.132349151773759,0.325820243858099,0.294037963442045
6.51557436720002,0.193470612304218,0.213913800926534,0.133766005057161,0.0814361963832617,0.0597046072470569,0.132477604543272,0.32723661736138,0.295349997309796
6.52164101000002,0.19449249904513,0.214640310108419,0.134162896447774,0.0820255576103687,0.0603296025973562,0.13261475249805,0.328655395492904,0.296665867718788
6.52770765280002,0.19552050877914,0.215373011020548,0.134555969003808,0.0826124961550036,0.0609645397753316,0.132760514865544,0.330076477782948,0.297985507175551
6.53377429560002,0.196554523652209,0.21611182394179,0.134945235220552,0.0831970212530979,0.0616092884316566,0.132914802688692,0.331499758872761,0.299308845194888
6.53984093840002,0.197594445883593,0.216856682631176,0.135330694798206,0.0837791333715237,0.0622637510853866,0.133077549259652,0.332925140681799,0.3006358160027
6.54590758120002,0.198640154862032,0.217607501995956,0.135712362141191,0.0843588460863514,0.0629277927208411,0.133248655909604,0.334352517003224,0.301966348082307
6.55197422400002,0.199691548291507,0.218364216364796,0.136090239740984,0.0849361575518946,0.0636013085505229,0.133428058812902,0.335781788032491,0.303300373916691
6.55804086680002,0.200748513565414,0.21912674390473,0.136464336870141,0.0855110807067313,0.0642841766952733,0.133615663197998,0.337212850435554,0.304637824611461
6.56410750960002,0.201810940676814,0.219895013011686,0.136834661132773,0.0860836186475477,0.0649762795440407,0.133811394364139,0.338645601809586,0.305978631659234
6.57017415240002,0.202878724436283,0.220668949022629,0.13720121670803,0.0866537774746272,0.0656775077282537,0.134015171548002,0.340079941144313,0.307322726497257
6.57624079520002,0.203951748030711,0.22144847335571,0.137564016042363,0.0872215668358312,0.0663877319883484,0.134226906519878,0.341515764073075,0.308670040191541
6.58230743800002,0.205029912148572,0.222233518143182,0.137923058955488,0.0877869869297422,0.0671068531930833,0.13444653121344,0.34295297110406,0.310020505072924
6.58837408080002,0.206113097695412,0.223023999946422,0.138278359713921,0.0883500512972366,0.0678347379814908,0.134673948649185,0.344391457409333,0.311374051243659
6.59444072360002,0.207201201376209,0.223819851789742,0.138629920913147,0.0889107585582097,0.0685712804630626,0.134909093231532,0.345831122289356,0.312730610347952
6.60050736640002,0.208294111065558,0.224620992618685,0.138977751755608,0.0894691210042748,0.0693163593099496,0.135151871614411,0.347271862821166,0.31409011362296
6.60657400920002,0.209391716793127,0.225427350727014,0.139321859881635,0.0900251423476281,0.0700698569114918,0.135402208379386,0.348713576674762,0.315452493074642
6.61264065200002,0.21049391281508,0.226238850905847,0.139662249468055,0.0905788281445192,0.0708316633470252,0.135660022761328,0.350156162283135,0.316817679050366
6.61870729480002,0.21160058336789,0.227055415721578,0.139998932911918,0.0911301884499537,0.071601650455972,0.135925227271625,0.351599516279809,0.318185604171532
6.62477393760002,0.212711627617908,0.227876975681071,0.14033191015189,0.091679223211523,0.0723797174660185,0.136197752469548,0.353043537769798,0.319556198892594
6.63084058040002,0.213826927970172,0.228703448990454,0.140661195317711,0.0922259459172324,0.0731657326524614,0.136477503073221,0.354488123287883,0.320929394907686
6.63690722320002,0.214946380147973,0.22953476738458,0.140986791107744,0.0927703556624258,0.0739595890402297,0.136764411722154,0.355933171255717,0.322305123047005
6.64297386600002,0.216069872489787,0.230370850570243,0.141308706655451,0.093312464085229,0.0747611658343357,0.137058386485014,0.357378579145238,0.323683314655472
6.64904050880002,0.217197295079206,0.231211626756242,0.141626949636246,0.0938522755199478,0.0755703454429596,0.137359351236294,0.358824244715452,0.32506390227619
6.65510715160002,0.218328541600665,0.232057020172041,0.141941524225769,0.0943897949740166,0.0763870173748957,0.137667225198025,0.360270065826435,0.326446815146058
6.66117379440002,0.219463497348881,0.232906954541236,0.142252442771105,0.0949250329048029,0.0772110545777765,0.137981921636433,0.361715940119986,0.327831987446039
6.66724043720002,0.220602059976737,0.233761358746683,0.142559705329296,0.0954579890262043,0.0780423546474415,0.138303369720479,0.363161765306033,0.329219347772887
6.67330708000002,0.221744113371448,0.234620152629892,0.142863325894446,0.095988676755676,0.0788807874770022,0.138631475874216,0.364607439265894,0.330608829385568
6.67937372280002,0.222889552291934,0.235483266651149,0.14316330726666,0.0965170956738804,0.0797262450252738,0.138966170977269,0.366052859558594,0.33200036232503
6.68544036560002,0.224038265523236,0.236350621261242,0.143459658511555,0.0970432567589309,0.0805786070116813,0.139307364502311,0.367497924034791,0.333393878020173
6.69150700840002,0.225190143220186,0.23722214460121,0.143752387338492,0.0975671649738442,0.0814377558816935,0.139654979627366,0.368942530558678,0.334789309575054
6.69757365120002,0.226345078478175,0.238097760323053,0.14404149792306,0.0980888247724569,0.0823035805551143,0.140008935550596,0.370386576401235,0.33618658509551
6.70364029400002,0.22750295765882,0.238977393316524,0.144327002561808,0.098608247009716,0.0831759550970118,0.140369146306808,0.371829960220627,0.33758564032624
6.70970693680002,0.228663676910195,0.239860970841859,0.144608901429593,0.0991254311831234,0.0840547754806019,0.140735539658736,0.373272578339788,0.338986402024982
6.71577357960002,0.229827121584376,0.240748414366576,0.144887208386013,0.0996403906219044,0.084939913198363,0.141108023744672,0.37471432997039,0.340388804988481
6.72184022240002,0.230993185493227,0.241639653091291,0.145161926331783,0.100153125401911,0.0858312591614447,0.14148652768938,0.37615511182501,0.341792778493202
6.72790686520002,0.232161757851041,0.242534608193523,0.145433064265805,0.100663645834718,0.0867286935852357,0.141870962358805,0.377594822116846,0.34319825402824
6.73397350800002,0.233332728901202,0.24343320776376,0.145700629930259,0.101171957518655,0.0876320989709431,0.142261250245105,0.379033358831462,0.344605165282415
6.74004015080002,0.234505991132744,0.244335374860723,0.145964627501813,0.101678064349176,0.0885413636309311,0.142657310511547,0.380470618634557,0.346013439209899
6.74610679360002,0.235681431982841,0.245241035549282,0.146225069225914,0.10218197757403,0.0894563627569276,0.143059057975252,0.381906501208755,0.347423013123312
6.75217343640002,0.236858946103417,0.246150115468439,0.146481955394667,0.102683696491617,0.0903769907087495,0.143466418976822,0.383340901498084,0.348833811960056
6.75824007920002,0.238038420294091,0.247062537702348,0.146735299734298,0.103183234325255,0.0913031205597929,0.143879303377093,0.38477372002839,0.350245772027602
6.76430672200002,0.239219747436989,0.247978230206845,0.146985105244997,0.103680591655854,0.0922346421919917,0.144297638550991,0.386204852681987,0.351658821862699
6.77037336480002,0.240402817158337,0.248897114868927,0.147231380860089,0.104175778121926,0.0931714362982485,0.144721336747001,0.387634198018426,0.353072892990852
6.77644000760002,0.241587519807391,0.24981911974573,0.147474134353434,0.104668799963717,0.0941133854539579,0.145150319782014,0.389061654160825,0.354487919709447
6.78250665040002,0.242773747249509,0.25074416728689,0.147713369903914,0.105159660513512,0.0950603773455952,0.145584506773378,0.390487117153423,0.355903827800403
6.78857329320002,0.243961388006082,0.25167218474135,0.147949099705308,0.105648371407083,0.0960122883007736,0.146023813334268,0.39191048771139,0.357320556148433
6.79463993600002,0.245150335241538,0.252603096128262,0.148181324166405,0.106134931761023,0.0969690110751338,0.146468164367239,0.393331659407943,0.358738027889285
6.80070657880002,0.246340477185729,0.253536826139047,0.148410056881188,0.106619354675063,0.097930420304542,0.146917471463984,0.394750534066917,0.36015618081411
6.80677322160002,0.247531705808354,0.254473301499652,0.14863530094819,0.107101641245049,0.0988964048601641,0.147371660254603,0.396167006756545,0.3615749427447
6.81283986440002,0.248723911130261,0.255412444789294,0.148857065236291,0.107581800429892,0.0998668458939696,0.147830644359402,0.397580976366552,0.362994245219187
6.81890650720002,0.249916983623888,0.256354184048962,0.149075357549901,0.108059839118368,0.100841626073987,0.148294344930593,0.39899234117379,0.36441402316733
6.82497315000002,0.251110814513606,0.257298441103397,0.149290182071249,0.108535760074801,0.101820632442357,0.148762681028596,0.400400996584855,0.365834201178198
6.83103979280002,0.252305293413677,0.258245144394569,0.149501550941878,0.109009575318211,0.102803742471798,0.149235569076357,0.401806844355555,0.36725471971278
6.83710643560002,0.253500312009695,0.259194216323169,0.149709464686691,0.10948128380068,0.103790847323004,0.149712932522489,0.403209776696386,0.368675500123849
6.84317307840002,0.254695759944426,0.260145583178514,0.149913936768567,0.109950898480667,0.10478182317586,0.150194684697847,0.404609696712993,0.370096481659181
6.84923972120002,0.255891528292459,0.261099170471551,0.150114970383248,0.110418420978832,0.105776557909212,0.150680749492719,0.406006498675707,0.371517591450382
6.85530636400002,0.257087507451947,0.262054901456465,0.150312574336299,0.110883859567955,0.106774933115648,0.151171041888511,0.407400081788246,0.37293876102442
6.86137300680002,0.258283588035829,0.263012704175295,0.150506756461548,0.111347221791946,0.107776831574281,0.151665482383348,0.408790344497377,0.374359925967241
6.86743964960002,0.259479660610169,0.263972499812083,0.150697520945704,0.11180850984238,0.108782139664465,0.152163989969703,0.410177181555873,0.375781009654464
6.87350629240002,0.260675615890762,0.264934218010778,0.15088487987751,0.112267736116753,0.109790736013252,0.152666481894024,0.411560495768271,0.377201954127531
6.87957293520002,0.261871344093023,0.265897779555001,0.151068833897413,0.112724899419924,0.11080251019561,0.153172880135077,0.412940177990436,0.378622678974925
6.88563957800002,0.263066736255317,0.26686311232259,0.151249396338322,0.113180012551404,0.111817339916995,0.153683099771187,0.41431613259364,0.380043124873994
6.89170622080002,0.26426168257444,0.267830140624383,0.151426570492055,0.11363307766654,0.112835112082385,0.154197062957843,0.415688253066495,0.381463218290923
6.89777286360002,0.265456073808532,0.268798788372281,0.151600365101998,0.11408410234545,0.113855708706534,0.154714686026831,0.417056438910529,0.382882890717731
6.90383950640002,0.266649800728349,0.269768983626569,0.15177078803026,0.114533094793788,0.114879012698089,0.15523588883278,0.41842058875861,0.384302078420357
6.90990614920002,0.267842753224335,0.270740646914789,0.151937843469166,0.114980056625587,0.115904909755169,0.155760590289202,0.419780596693501,0.385720703540377
6.91597279200002,0.269034823122473,0.271713709091818,0.152101543454088,0.115425000612046,0.116933279668385,0.156288708479772,0.421136366576561,0.387138709703864
6.92203943480002,0.270225899176658,0.272688089325597,0.152261888740456,0.115867925428093,0.117964010436202,0.156820163897505,0.422487787917114,0.38855601475369
6.92810607760002,0.271415873803539,0.273663717073115,0.15241889253234,0.11630884369661,0.118996981271199,0.157354873376506,0.423834766335879,0.389972560769725
6.93417272040002,0.272604636339431,0.274640515459988,0.152572558216499,0.116747758117512,0.120032078122932,0.157892757342476,0.42517719455593,0.3913882735775
6.94023936320002,0.273792077885151,0.275618156746581,0.152722894475274,0.117184318776945,0.121069183409876,0.158433837969636,0.426514972360425,0.392802475523527
6.94630600600002,0.274978089386585,0.27659577683025,0.152869909197924,0.117617414211242,0.12210818018866,0.158978362619008,0.427847998584509,0.394213191041493
6.95237264880002,0.276162560041239,0.277573219951713,0.15301360658352,0.118046938517014,0.123148953457719,0.159526281434698,0.429176166624759,0.395620158468727
6.95843929160002,0.277345382793945,0.278550394763449,0.153153998613499,0.118472871710297,0.124191384180446,0.160077523053152,0.430499381407445,0.397023266473746
6.96450593440002,0.278526444945735,0.279527199130434,0.153291086157707,0.118895184509385,0.125235358788028,0.160632014621049,0.431817531103442,0.39842238363982
6.97057257720002,0.279705640274225,0.280503541684388,0.153424882292506,0.119313857671466,0.126280757981719,0.161189684012922,0.433130522566732,0.399817399355853
6.97663922000002,0.280882857272569,0.281479323143092,0.153555390498466,0.119728864416543,0.127327466774103,0.161750458726548,0.434438247771034,0.401208187559635
6.98270586280002,0.282057987366939,0.282454447893406,0.153682619398014,0.120140181520102,0.128375367968925,0.162314266373304,0.435740606764953,0.402594629413507
6.98877250560002,0.283230921695671,0.283428821182363,0.153806576906425,0.120547786143752,0.129424344789245,0.16288103503861,0.437037498602096,0.403976607326115
6.99483914840002,0.284401548746017,0.284402342776174,0.153927267230652,0.120951651295007,0.130474281515365,0.163450691481168,0.43832881597667,0.405353994071181
7.00090579120002,0.285569762590315,0.285374922298871,0.15404470229763,0.121351756990221,0.131525060292685,0.16402316530865,0.439614464887945,0.406726679289091
7.00697243400002,0.28673544908539,0.286346456214647,0.154158883091051,0.121748074152317,0.132576565994339,0.16459838206233,0.440894332176442,0.408094530366964
7.01303907680002,0.287898503352513,0.287316854604891,0.154269822560707,0.122140583169879,0.133628680791806,0.165176271435011,0.442168325913221,0.40945743777477
7.01910571960002,0.289058813058989,0.288286017041298,0.154377524279841,0.122529257840485,0.134681288779148,0.165756759200813,0.443436337338829,0.410815274881783
7.02517236240002,0.290216269939033,0.28925384860871,0.154481996812103,0.122914074357464,0.13573427312693,0.166339774251246,0.444698266751137,0.412167922966174
7.03123900520002,0.291370765340743,0.2902202544306,0.154583248097651,0.123295010290522,0.136787517243092,0.166925244140078,0.445954013438393,0.413515264721122
7.03730564800002,0.292522187023805,0.29118513381719,0.154681282352449,0.123672038405842,0.137840904671356,0.167513095411348,0.447203469376254,0.414857172223032
7.04337229080002,0.293670430196717,0.292148397374701,0.154776111448367,0.124045138717729,0.138894318748351,0.168103258656972,0.448446541645084,0.41619353609243
7.04943893360002,0.294815379280759,0.29310994016455,0.154867736482375,0.12441428236623,0.139947642798384,0.16869565779832,0.449683115763134,0.41752422253078
7.05550557640002,0.295956930723538,0.294069673711815,0.154956170278828,0.124779449358436,0.14100076044471,0.169290224353379,0.450913101002366,0.418849123070251
7.06157221920002,0.297094971383826,0.295027496453598,0.155041416502511,0.125140614074586,0.142053554881316,0.169886882379012,0.452136387886337,0.420168110528184
7.06763886200002,0.298229393286568,0.295983314158865,0.155123483659428,0.125497752124108,0.14310590962714,0.170485562034757,0.453352876945997,0.421481066282973
7.07370550480002,0.299360088006937,0.296937031841333,0.155202379713485,0.125850841486629,0.144157708293451,0.171086190354704,0.454562467720422,0.422787873327962
7.07977214760002,0.300486942559738,0.297888548341131,0.155278108890797,0.126199854684597,0.145208833668941,0.171688693656534,0.455765051450535,0.424088403025728
7.08583879040002,0.301609853298288,0.298837775257311,0.155350683007595,0.126544771727901,0.146259170290693,0.17229300352941,0.456960536305883,0.425382546985212
7.09190543320002,0.302728703216977,0.299784606246516,0.155420103273565,0.126885563986203,0.147308599943413,0.172899042260313,0.458148806490542,0.426670170232718
7.09797207600002,0.303843390072436,0.300728954271532,0.155486382388756,0.127222211072212,0.14835700768368,0.17350674319932,0.459329772461192,0.427951165343745
7.10403871880002,0.304953799932218,0.301670716646363,0.155549524108361,0.127554687953924,0.149404275823856,0.174116028692439,0.460503324040579,0.429225404600286
7.11010536160002,0.30605982509468,0.302609799810243,0.155609536881875,0.127882969655112,0.150450288212805,0.174726830155131,0.461669361976555,0.430492769465355
7.11617200440002,0.307161357379389,0.303546108680934,0.155666428695816,0.128207034567151,0.151494928683573,0.175339074113783,0.462827786075205,0.431753143248085
7.12223864720002,0.308258283038952,0.304479541614369,0.155720203787582,0.128526854966349,0.15253807925137,0.175952686648021,0.463978486826533,0.433006396580718
7.12830529000002,0.309350499580163,0.305410011213072,0.155770873917201,0.128842410855814,0.153579625662963,0.176567600357258,0.465121373497364,0.434252422068886
7.13437193280002,0.310437888579181,0.306337409726915,0.155818440406506,0.129153673847312,0.154619448172675,0.177183735879603,0.466256328985687,0.435491083574227
7.14043857560003,0.311520349084342,0.307261651550415,0.155862915832376,0.129460623146286,0.155657433251966,0.177801028404128,0.467383264916718,0.436722274696701
7.14650521840002,0.312597766389298,0.308182632885963,0.155904304039278,0.129763234313577,0.15669346235002,0.178419398572387,0.468502070428577,0.43794586719954
7.15257186120003,0.313670033048504,0.309100260829214,0.155942613421329,0.130061481785553,0.157727419627175,0.179038779043661,0.469612646469834,0.439161742614768
7.15863850400002,0.314737041143234,0.310014440215773,0.155977851986529,0.130355344367166,0.158759189156705,0.179659095848607,0.470714893129762,0.440369784582939
7.16470514680003,0.315798676146582,0.310925068903276,0.156010023984689,0.130644794086175,0.159788652161893,0.180280274817101,0.471808700131271,0.441569862989451
7.17077178960002,0.316854836727478,0.311832060508356,0.15603914111907,0.130929810936545,0.160815695608408,0.18090224957181,0.472893977846548,0.442761871444901
7.17683843240002,0.317905403052505,0.312735305872119,0.156065204823086,0.131210366784636,0.161840198229419,0.181524939087482,0.47397060787559,0.443945672656755
7.18290507520002,0.318950275444391,0.313634720814833,0.156088227551576,0.131486440415735,0.162862047892816,0.182148280399098,0.475038502995967,0.445121161230568
7.18897171800002,0.319989338440203,0.314530200438771,0.156108213237149,0.131758007988622,0.163881125203054,0.182772192450149,0.476097551677352,0.446288208427393
7.19503836080002,0.321022484833177,0.315421652482152,0.156125170219677,0.132025043350508,0.1648973146135,0.183396609131644,0.477147655052854,0.447446695832661
7.20110500360002,0.322049606983608,0.316308981712222,0.156139106527509,0.132287525721752,0.165910500456099,0.18402145599047,0.478188713511117,0.448596507433973
7.20717164640002,0.323070589567764,0.317192085474223,0.156150026424005,0.132545426879153,0.166920563143759,0.18464665859507,0.479220615991769,0.449737512353376
7.21323828920002,0.324085332425368,0.318070878409533,0.156157941555089,0.132798726805172,0.167927390870279,0.185272151604361,0.480243273980457,0.450869605214705
7.21930493200002,0.325093714322085,0.318945249948498,0.156162853465189,0.133047397633253,0.168930860856896,0.185897852315246,0.481256567787274,0.451992647581751
7.22537157480002,0.326095636837721,0.319815117331158,0.15616477448824,0.133291417715635,0.169930862349481,0.186523699615523,0.48226041132596,0.453106535046794
7.23143821760002,0.327090983770069,0.320680374571157,0.156163708643858,0.133530763814138,0.17092727512621,0.187149610757019,0.483254692413927,0.454211138385295
7.23750486040002,0.328079648133833,0.321540930035427,0.156159664218805,0.133765409185055,0.171919983915027,0.187775520850372,0.484239312352638,0.455306339220482
7.24357150320002,0.329061522585646,0.322396688436651,0.156152649260644,0.133995333465986,0.172908873325002,0.188401354970665,0.48521417184629,0.456392021902637
7.24963814600002,0.330036490987635,0.323247546593581,0.156142668047416,0.13422050818036,0.173893822940219,0.189027038413222,0.486179159035051,0.457468054773941
7.25570478880003,0.331004454358969,0.324093420182975,0.156129732167144,0.134440913296773,0.174874722191825,0.189652506886202,0.487134186526113,0.458534333479748
7.26177143160002,0.331965290073057,0.324934197222425,0.156113843274702,0.13465652122824,0.175851446798355,0.190277675994186,0.488079133347759,0.459590718450665
7.26783807440002,0.332918900949465,0.325769796365764,0.156095013584255,0.134867309881065,0.17682388736521,0.190902486484699,0.48901391453372,0.460637106246828
7.27390471720002,0.33386517006403,0.326600110549493,0.156073247201293,0.135073256625202,0.177791922862738,0.191526853924291,0.489938417265323,0.461673367174695
7.27997136000002,0.334803990635608,0.327425048755411,0.156048552360599,0.135274334124271,0.178755438275008,0.19215071463114,0.490852542996207,0.462699382879682
7.28603800280002,0.335735255634485,0.328244515655433,0.156020937127819,0.135470522434946,0.179714318506666,0.192773993220487,0.491756192762304,0.463715038090379
7.29210464560002,0.336658848091328,0.329058407527723,0.155990405796808,0.135661792824872,0.18066844229452,0.193396614702851,0.492649253888137,0.464720200352595
7.29817128840002,0.337574670213417,0.329866641095054,0.155956969897121,0.135848125246425,0.181617700316296,0.194018515848629,0.493531640110538,0.465714766341479
7.30423793120002,0.338482597990557,0.33066910296027,0.155920631193511,0.136029492404674,0.182561966797046,0.194639610555596,0.494403229184068,0.466698595364945
7.31030457400002,0.33938253546476,0.331465713185019,0.155881401781507,0.1362058717471,0.183501133683254,0.195259841437919,0.495263937246267,0.46767158493212
7.31637121680003,0.340274365007224,0.33225636364015,0.155839285851338,0.136377241256893,0.184435079155886,0.195879122383257,0.496113650858562,0.468633604897042
7.32243785960003,0.341157980023638,0.333040963908476,0.155794291586945,0.136543573003232,0.185363688436693,0.196497390905244,0.496952271610584,0.469584536911708
7.32850450240003,0.34203327381526,0.333819418634938,0.15574642707092,0.13670484746371,0.18628684674434,0.197114571171228,0.49777970088618,0.470524266098648
7.33457114520003,0.342900128563981,0.33459162354302,0.155695696614068,0.136861035647768,0.187204431949914,0.197730587895252,0.498595825178049,0.471452659190787
7.34063778800003,0.343758447673847,0.33535749641214,0.155642111686906,0.137012117489206,0.188116335986941,0.198345378922934,0.499400559360754,0.472369613901346
7.34670443080003,0.34460810575972,0.336116922428405,0.155585674163503,0.137158065997635,0.189022431596217,0.19895885643077,0.500193779923223,0.47327498842604
7.35277107360003,0.345449008068742,0.336869823055298,0.155526396021882,0.13729885814882,0.18992261204686,0.199570964906478,0.500975404090624,0.474168681204118
7.35883771640003,0.346281056033409,0.337616108858122,0.155464309464653,0.137434500473058,0.190816746568756,0.200181608385064,0.501745365498062,0.47505060933118
7.36490435920003,0.347105719584491,0.338357266269294,0.155401651929457,0.13756719387845,0.191704067655034,0.200790072390844,0.502507371513948,0.475924460147743
7.37097100200002,0.347923954333561,0.339094245635,0.155339933355807,0.137698444084027,0.192584020977754,0.201395801550973,0.503263887689367,0.476792689719026
7.37703764480003,0.348735716296757,0.339826668624623,0.155279263714819,0.137828819889719,0.193456452581938,0.201997848734904,0.504014980011576,0.477655488514342
7.38310428760003,0.34954097782713,0.340554347506235,0.155219750221302,0.137958643541126,0.194321227605828,0.202595703965109,0.504760728048432,0.478512991047362
7.38917093040003,0.350339689386472,0.341277215822985,0.155161504054044,0.138088036363259,0.195178185332427,0.203189179459726,0.505501193440516,0.479365252186245
7.39523757320003,0.351131824506851,0.341995234233014,0.155104631964346,0.138217111170997,0.196027192542505,0.203778123062017,0.506236456471197,0.48021234540401
7.40130421600003,0.351917339108449,0.342708339535152,0.155049244242054,0.138345992553209,0.196868094866395,0.204362346981943,0.506966583350502,0.481054332088361
7.40737085880003,0.352696197895947,0.343416484828393,0.154995449349829,0.138474792238956,0.197700748546119,0.204941692589437,0.507691647245776,0.481891277067349
7.41343750160003,0.353468365717502,0.344119616865673,0.154943355573768,0.138603632331724,0.198525010143734,0.20551598453395,0.50841172129127,0.482723249197397
7.41950414440003,0.354233798249233,0.344817677747186,0.154893073672669,0.138732628923428,0.199340724576564,0.206085048823758,0.509126871921901,0.483550306670614
7.42557078720003,0.354992468278692,0.345510624664815,0.154844709698678,0.13886189860258,0.200147758580014,0.206648726062235,0.50983717797737,0.484372523267395
7.43163743000003,0.35574432582152,0.346198391022534,0.154798376227788,0.138991563789366,0.200945949593732,0.207206827233168,0.510542702049309,0.485189954811899
7.43770407280003,0.356489344773104,0.346880937769796,0.154754178754535,0.139121736071717,0.20173516601857,0.207759201698079,0.511243523527639,0.486002673841514
7.44377071560003,0.357227480867624,0.347558201326811,0.154712228310107,0.139252541064178,0.202515252557516,0.208305660262633,0.511939709177731,0.486810742390989
7.44983735840003,0.357958698818445,0.348230135172469,0.154672633131244,0.139384089793082,0.203286065687201,0.208846045379386,0.51263133194969,0.487614224965551
7.45590400120003,0.358682963642356,0.3488966857807,0.154635501214547,0.139516504597206,0.204047462427809,0.209380181183494,0.513318464856903,0.488413190377906
7.46197064400002,0.359400230669529,0.349557795421128,0.154600944123728,0.139649901788302,0.204799286545801,0.209907893632827,0.514001174793257,0.48920769720943
7.46803728680003,0.360110473124981,0.350213421244052,0.154569066739654,0.139784397306394,0.205541406385327,0.210429023937658,0.514679539864636,0.489997818550446
7.47410392960002,0.360813640581168,0.35086349650774,0.154539983026906,0.139920114669648,0.206273657554262,0.210943381838092,0.515353623608074,0.490783611177388
7.48017057240003,0.361509707290864,0.351507982459585,0.154513797240488,0.140057164240541,0.206995910050376,0.211450818219044,0.516023504531352,0.491565146700126
7.48623721520002,0.362198628808176,0.352146815138873,0.154490621135699,0.140195672651677,0.207708007672477,0.211951142487196,0.516689249943876,0.492342487790549
7.49230385800003,0.362880369849228,0.352779948404312,0.15447056274059,0.140335750237641,0.208409807108639,0.212444198166672,0.517350932589818,0.493115698641953
7.49837050080002,0.363554895605367,0.353407328450876,0.154453729745029,0.140477519561573,0.209101165860338,0.212929808889303,0.518008625350397,0.493884848012449
7.50443714360003,0.364222161054889,0.354028897717246,0.154440234534881,0.140621097165434,0.209781926520007,0.213407800551811,0.51866239558977,0.49464999488268
7.51050378640003,0.364882139863241,0.354644613314743,0.154430180811116,0.140766598333665,0.210451959052125,0.213878014981078,0.519312320674358,0.495411211648407
7.51657042920003,0.365534781162658,0.3552544083494,0.154423683918283,0.140914147685206,0.211111097244375,0.214340260664194,0.519958465080941,0.496168556034606
7.52263707200003,0.366180059557373,0.355858244373176,0.154420846889091,0.141063854358565,0.211759212668281,0.214794390014611,0.520600906446464,0.496922098731741
7.52870371480003,0.36681793042735,0.356456057042134,0.154421782185715,0.141215845996803,0.212396148241635,0.215240211045331,0.521239712613066,0.497671903038938
7.53477035760003,0.367448358485539,0.357047800594721,0.15442659764475,0.141370232253729,0.213021760840789,0.215677568340992,0.52187495613029,0.49841803284845
7.54083700040003,0.368071309103778,0.357633420946997,0.1544354006321,0.14152713590592,0.213635908471679,0.216106285041078,0.522506709735878,0.499160556852917
7.54690364320003,0.368686736902555,0.358212860706335,0.154448304373014,0.141686673735925,0.214238432529541,0.21652618697041,0.52313504127557,0.49989953444226
7.55297028600003,0.369294615990715,0.358786076947682,0.154465411379949,0.141848960365491,0.214829204610766,0.216937116582191,0.523760027370664,0.500635037313173
7.55903692880003,0.369894895063234,0.35935300261831,0.154486838368804,0.142014121517133,0.21540805669443,0.217338881101177,0.524381733432038,0.501367124135443
7.56510357160003,0.370487549069874,0.359913599581365,0.15451268716723,0.142182265106887,0.215974861902643,0.217731334474478,0.525000236237104,0.502095864688252
7.57117021440003,0.371072533222388,0.360467803107391,0.15454307092704,0.142353519780654,0.216529462295348,0.218114283326737,0.525615604149429,0.502821322888046
7.57723685720003,0.371649812224622,0.36101556781449,0.154578097310611,0.142527994522445,0.217071714914011,0.218487573292045,0.526227909535233,0.503543562336935
7.58330350000003,0.372219351634832,0.36155683933986,0.154617873342644,0.142705812311344,0.217601478292188,0.218851027028515,0.526837224977476,0.504262651651204
7.58937014280003,0.372781105709772,0.362091560459192,0.154662513105012,0.142887090180869,0.21811859260476,0.219204470278323,0.527443618814784,0.504978650640061
7.59543678560003,0.373335049004645,0.362619688213667,0.154712117913038,0.143071942082969,0.218622931091607,0.219547746130698,0.528047166917684,0.505691630296636
7.60150342840003,0.373881129780138,0.363141155385266,0.154766805845355,0.14326049484653,0.219114323934783,0.219880660538736,0.528647935625493,0.506401650231796
7.60757007120003,0.37441932332561,0.363655924154948,0.15482667754179,0.143452855166602,0.21959264578382,0.220203068988346,0.529246000867401,0.507108779321551
7.61363671400003,0.374949584690534,0.364163930187963,0.15489184682656,0.143649151577672,0.220057737863974,0.220514778610291,0.529841431517093,0.507813081765635
7.61970335680003,0.37547200004245,0.364665262819207,0.154962249408187,0.143849302423398,0.220509750634262,0.220815960395809,0.530434249450637,0.508514565242605
7.62576999960003,0.375989632210715,0.365162937897364,0.155033612022169,0.144049088545426,0.220956020188546,0.221113849351938,0.531023244232883,0.509212026442789
7.63183664240003,0.376503857216931,0.365658331237694,0.155104038422314,0.144246600852136,0.221399818794617,0.221411730385559,0.531607895639245,0.50990493208983
7.63790328520003,0.377014705085602,0.366151458386674,0.155173550908202,0.144441869835526,0.221841154177401,0.221709588551149,0.532188255993804,0.5105933282222
7.64396992800003,0.377522194495225,0.366642321127484,0.155242168716768,0.14463492560823,0.222280025778458,0.222007395519255,0.532764363211993,0.511277246735714
7.65003657080003,0.37802635562999,0.367130935956766,0.155309914156121,0.144825797290654,0.22271644147387,0.222305138666112,0.533336269786111,0.51195673324742
7.65610321360003,0.378527210151708,0.367617307353983,0.15537680728045,0.145014516535209,0.223150402871259,0.222602790818775,0.533904017432158,0.512631823889192
7.66216985640003,0.379024783723022,0.368101447090278,0.155442869195738,0.145201111266097,0.223581914527284,0.22290033582418,0.53446765291876,0.513302558356375
7.66823649920003,0.379519102460755,0.368583365122333,0.155508121102264,0.145385613084617,0.224010981358491,0.223197752037717,0.535027223563018,0.51396897820695
7.67430314200003,0.380010187639073,0.369063067505326,0.155572583015957,0.145568050541155,0.224437604623116,0.223495016964171,0.53558277065503,0.514631118046482
7.68036978480003,0.380498069032609,0.369540569383325,0.155636277015033,0.145748453972406,0.224861792017575,0.223792115410919,0.536134346047642,0.515289023355731
7.68643642760003,0.380982765652518,0.370015873026044,0.15569922260568,0.145926853662686,0.225283543046838,0.224089019363358,0.536681988258197,0.51594272668873
7.69250307040003,0.381464307367582,0.37048899449458,0.155761441852202,0.146103278598547,0.22570286551538,0.224385715896034,0.537225749219784,0.516592273093127
7.69856971320003,0.381942716037731,0.370959938554374,0.155822954953809,0.146277760453025,0.226119761083922,0.224682178101349,0.53776567099154,0.517237699007399
7.70463635600003,0.38241801724478,0.371428716866126,0.155883782970247,0.146450327206203,0.226534234274534,0.224978389659923,0.538301800215027,0.517879044072329
7.71070299880003,0.382890237069089,0.371895339308034,0.155943947049247,0.146621010345933,0.226946290019843,0.225274328962101,0.538834184118336,0.518516349653967
7.71676964160003,0.383359396938578,0.372359812191858,0.15600346735807,0.14678983857831,0.227355929580508,0.225569973613548,0.539362864296649,0.519149650770168
7.72283628440003,0.383825526376048,0.372822150256747,0.156062365751917,0.146956842084856,0.22776316062413,0.225865308171891,0.539887892127965,0.519778992341603
7.72890292720003,0.384288644723351,0.373282356257528,0.156120662004575,0.147122051317147,0.228167982718777,0.226160304940381,0.540409306727926,0.520404407574675
7.73496957000003,0.384748781537785,0.373740445823855,0.156178377939848,0.14728549513294,0.228570403597937,0.226454950690915,0.540927159477633,0.521025940956795
7.74103621280003,0.385205958873474,0.374196424002172,0.156235533898662,0.147447205222068,0.228970424974811,0.226749218780104,0.541441492772136,0.52164362922424
7.74710285560003,0.385660202235327,0.374650302347911,0.156292150897832,0.14760720962404,0.229368051337495,0.227043092723871,0.541952353133159,0.522257511971951
7.75316949840003,0.386111537663321,0.375102090655624,0.156348250029236,0.147765539709699,0.229763287634085,0.227336550945925,0.542459787692557,0.522867630365323
7.75923614120003,0.38655998674305,0.375551795498448,0.156403851614771,0.147922224343924,0.230156135128279,0.227629571154524,0.542963838357822,0.523474019842372
7.76530278400003,0.387005578743522,0.3759994312081,0.156458977284971,0.148077293553199,0.230546601458551,0.227922137654901,0.543464556028494,0.524076724761299
7.77136942680003,0.387448333335329,0.376445001023097,0.156513647079569,0.148230777951936,0.230934686255759,0.22821422307116,0.543961980414898,0.524675778975033
7.77743606960003,0.387888279768201,0.376888520145749,0.156567882585176,0.148382706274157,0.231320397183025,0.228505813871592,0.544456162353376,0.525271226419906
7.78350271240003,0.388325440286537,0.377329993898538,0.156621704281128,0.148533110222662,0.231703736005409,0.228796883675876,0.544947144567665,0.5258631041212
7.78956935520003,0.388759840322265,0.377769433736793,0.156675133144611,0.148682017899931,0.232084707177654,0.229087415836862,0.545434973466876,0.526451451636725
7.79563599800003,0.389191505871052,0.378206849366265,0.15672819020835,0.148829460556237,0.232463315662702,0.229377388810027,0.545919696079402,0.527036309922502
7.80170264080003,0.389620458680091,0.378642247626257,0.156780895952179,0.148975467218319,0.232839562727912,0.229666780407938,0.54640135463227,0.527617714844577
7.80776928360003,0.390046727762635,0.379075642438545,0.156833271780314,0.149120067757758,0.233213455982322,0.229955574680787,0.546879999542949,0.528195710196302
7.81383592640003,0.390470333116053,0.379507037523909,0.156885337996783,0.149263292947378,0.23358499511927,0.230243744576531,0.547355671112835,0.528770330471287
7.81990256920003,0.390891303686433,0.379936447661423,0.156937115954304,0.149405171402522,0.233954187732129,0.230531276258901,0.547828419640737,0.529341619063945
7.82596921200003,0.391309661904525,0.380363878444631,0.156988626267324,0.14954573483513,0.234321035637201,0.230818143609501,0.54829828817185,0.52990961327976
7.83203585480003,0.391725433133197,0.380789341233933,0.157039889876703,0.149685011414201,0.234685543256494,0.231104329819732,0.548765323009899,0.530474352648134
7.83810249760003,0.392138643319884,0.381212845641115,0.157090927752707,0.149823032265873,0.235047715567178,0.231389813375243,0.549229571072591,0.531035877906988
7.84416914040003,0.392549314377303,0.381634398776445,0.157141760536412,0.149959826581822,0.235407553840891,0.231674572194623,0.549691074913714,0.531594225358268
7.85023578320003,0.392957475060989,0.38205401414924,0.157192409404063,0.150095424078857,0.235765065656926,0.231958590070383,0.550149884465051,0.532149438228097
7.85630242600003,0.393363145693125,0.382471695961126,0.157242894922333,0.150229855683794,0.236120250770792,0.232241840277332,0.550606040615458,0.532701551644921
7.86236906880003,0.393766354920083,0.382887458572037,0.157293238213351,0.150363149898358,0.236473116706732,0.232524308673679,0.551059593133434,0.533250608470396
7.86843571160003,0.39416712535504,0.383301307841611,0.15734346002337,0.150495338439796,0.23682366533167,0.232805969401814,0.55151058537841,0.533796646281407
7.87450235440003,0.394565482295725,0.383713255040489,0.157393581260225,0.150626449547172,0.237171901035499,0.233086805493317,0.55195906355595,0.534339704587662
7.88056899720003,0.394961451637422,0.384123309681336,0.157443622828425,0.150756514218928,0.237517828808997,0.233366795462408,0.552405074465846,0.534879823900264
7.88663564000003,0.395355055462289,0.384531479150172,0.157493605533587,0.150885561814755,0.237861449928702,0.233645917335417,0.552848660995876,0.535417040964927
7.89270228280003,0.395746322266186,0.384937776541346,0.157543550322337,0.15101362189682,0.23820277194385,0.233924154644526,0.553289872588523,0.535951398438167
7.89876892560003,0.39613527269415,0.385342206535908,0.157593478022339,0.15114072554151,0.238541794671811,0.234201480994397,0.553728750716489,0.536482932077418
7.90483556840003,0.396521935096754,0.385744783078751,0.157643409528436,0.15126690114199,0.238878525568319,0.23447788193676,0.55416534462519,0.537011684220741
7.91090221120003,0.396906332265684,0.386145512290637,0.157693365715383,0.151392180416984,0.239212966550301,0.234753331873654,0.554599697981067,0.537537692707621
7.91696885400003,0.397288489437451,0.386544405357622,0.157743367461297,0.15151659167917,0.239545121976154,0.235027813678452,0.555031856898748,0.538060997036792
7.92303549680003,0.397668432451266,0.386941471688087,0.157793435601622,0.151640165795728,0.239874996849644,0.235301305892359,0.555461868052888,0.538581637483814
7.92910213960003,0.398046183562651,0.387336718948598,0.157843591109824,0.151762932297442,0.240202592452827,0.235573786651156,0.555889774672475,0.539099651246039
7.93516878240003,0.398421771005829,0.387730159816023,0.157893854701254,0.151884920591972,0.240527916304575,0.235845239224051,0.556315625707083,0.539615080407996
7.94123542520003,0.398795215746729,0.388121799449413,0.157944247462918,0.15200616190085,0.240850968283811,0.236115637548563,0.556739463209647,0.540127961350263
7.94730206800003,0.39916654584405,0.388511651382724,0.157994790065675,0.152126684513742,0.241171755778374,0.236384966868982,0.557161335909725,0.540638335896466
7.95336871080003,0.39953578426406,0.388899721992872,0.158045503509481,0.152246520147017,0.241490280754579,0.236653201845855,0.557581287773542,0.541146242139888
7.95943535360003,0.399902956185979,0.389286022386492,0.158096408646036,0.152365697190517,0.241806547539942,0.236920325195974,0.557999364832015,0.541651719577009
7.96550199640003,0.40026808738902,0.389670561862527,0.158147526238417,0.152484246376595,0.242120561150603,0.237186315485932,0.558415613627437,0.542154808239122
7.97156863920003,0.400631200305992,0.390053348372882,0.15819887743124,0.152602197410206,0.242432322874752,0.237451150962676,0.558830077737232,0.542655545783088
7.97763528200003,0.40099232290752,0.390434394174431,0.158250482706932,0.152719579544636,0.242741840200588,0.237714814629796,0.559242805614452,0.543153973719067
7.98370192480003,0.401351476478465,0.390813704902803,0.158302363410188,0.152836424142136,0.243049113068277,0.237977280760667,0.559653839888653,0.543650129044939
7.98976856760003,0.401708688789571,0.391191293685117,0.158354539991188,0.152952759393936,0.243354148798383,0.23823853429118,0.560063228780759,0.544144053079053
7.99583521040003,0.402063982977771,0.391567167149472,0.158407033571783,0.153068617010219,0.243656949405988,0.238498550139253,0.560471016549554,0.544635784159692
8.00190185320003,0.402417384168911,0.391941336328258,0.158459864980561,0.153184025461538,0.243957519188349,0.238757310866719,0.560877249149472,0.545125361789796
8.00796849600003,0.402768918078286,0.392313810405817,0.158513054904928,0.153299015341854,0.244255863173358,0.239014795063963,0.561281972983214,0.545612825747671
8.01403513880003,0.403118607319915,0.392684597624184,0.158566624663954,0.153413616533372,0.244551982655961,0.239270981090812,0.561685231983869,0.546098214157556
8.02010178160003,0.403466479598863,0.39305370981773,0.15862059450549,0.153527858135134,0.244845885093372,0.239525851682596,0.562087074104353,0.546581567952864
8.02616842440003,0.403812556516959,0.393421153097236,0.158674986030269,0.153641771645692,0.245137570486691,0.239779381451544,0.562487542547228,0.547062924742929
8.03223506720003,0.404156865560921,0.393786940187088,0.158729819471093,0.153755385162898,0.245427046089827,0.24003155502419,0.562886685032014,0.547542325349986
8.03830171000003,0.404499430034418,0.3941510779616,0.158785116068407,0.153868730386914,0.245714313966011,0.240282347574686,0.563284546102826,0.548019808348514
8.04436835280003,0.404840275013849,0.39451357738408,0.15884089663099,0.153981835872557,0.245999378382858,0.240531741511524,0.563681171644839,0.548495413256637
8.05043499560003,0.405179426146667,0.394874447519117,0.158897181767273,0.154094732071828,0.246282244379394,0.24077971544729,0.56407660791394,0.548969179590945
8.05650163840003,0.405516906232022,0.395233696903664,0.158953992974084,0.154207449047264,0.246562913257938,0.2410262478564,0.564470899206107,0.549441145950928
8.06256828120003,0.405852742707459,0.395591336947079,0.159011350263046,0.154320015743792,0.246841392444412,0.241271321203287,0.564864092970505,0.549911352690871
8.06863492400003,0.406186957489816,0.395947374233874,0.159069275489277,0.154432463791843,0.247117682000539,0.241514910442031,0.565256232979094,0.550379838025717
8.07470156680003,0.406519577785702,0.396301821089799,0.159127788671508,0.154544821200949,0.247391789114194,0.24175699988885,0.56564736645721,0.550846642290749
8.08076820960003,0.406850627061606,0.396654684630415,0.159186911165472,0.154657119657425,0.247663715896134,0.241997564972989,0.566037538227078,0.55131180428784
8.08683485240003,0.407180130348396,0.397006026528687,0.159246663763441,0.154769459608564,0.247933466584955,0.242236566920122,0.566426794111837,0.551775486137251
8.09290149520003,0.407508113221766,0.397356818002272,0.15930706699157,0.154883232227417,0.248201046230195,0.242473585774855,0.566815180213336,0.552240050229689
8.09896813800003,0.407834598669916,0.397707427498981,0.159368142527749,0.154998976326892,0.248466456142168,0.242708451172089,0.567202741197665,0.552706403825873
8.10503478080003,0.408159613860911,0.398057861140845,0.159429910145719,0.155116713825135,0.248729703715192,0.24294114731571,0.567589524006629,0.55317457496598
8.11110142360003,0.408483181024638,0.398408117264388,0.159492391953332,0.155236464147671,0.248990789071305,0.243171653116718,0.56797557297797,0.553644581412059
8.11716806640003,0.408805327091517,0.398758201457324,0.159555607758551,0.155358246249709,0.249249719332966,0.243399955207616,0.568360934850068,0.554116447707033
8.12323470920003,0.409126075686935,0.399108114187914,0.159619579029095,0.155482082065032,0.24950649665784,0.243626032122882,0.56874565471603,0.554590196252946
8.12930135200003,0.409445451800155,0.399457858135573,0.159684326544033,0.15560798878589,0.249761125256122,0.243849869349682,0.569129778344188,0.555065846921463
8.13536799480003,0.409763480931184,0.399807437025085,0.159749870743939,0.15573598937865,0.250013610187245,0.244071447646435,0.569513351675122,0.555543426403736
8.14143463760003,0.410080186261199,0.400156850597601,0.159816233491066,0.155866100982116,0.250263952770134,0.244290749615485,0.569896419752265,0.556022951579717
8.14750128040003,0.410395594686822,0.400506104457894,0.159883434319625,0.155998345237238,0.250512160367196,0.244507759220656,0.570279029006447,0.556504449695132
8.15356792320003,0.410709728749026,0.400855197487993,0.159951495588552,0.156132741798095,0.250758233160474,0.244722455689898,0.570661224337578,0.556987939286088
8.15963456600003,0.411022615105968,0.401204134844019,0.160020436898341,0.1562693094835,0.251002178207627,0.24493482536052,0.57104305200431,0.557473444327519
8.16570120880003,0.411334277538009,0.401552917233239,0.160090279825395,0.156408070216601,0.251243997712614,0.245144847016639,0.571424557363404,0.55796098744984
8.17176785160003,0.411644740996728,0.401901547307259,0.160161045138883,0.156549041320994,0.251483695857845,0.245352505986265,0.571805786135611,0.558450588628253
8.17783449440003,0.411954030902524,0.402250028596413,0.160232753190496,0.156692245526636,0.251721277712029,0.245557783069777,0.57218678409302,0.558942274123048
8.18390113720003,0.412262170633474,0.402598361230661,0.160305426030153,0.156837700274363,0.251956744603321,0.245760660956299,0.572567596663628,0.559436061505024
8.18996778000003,0.412569186812793,0.402946550295575,0.160379082950885,0.156985426928846,0.252190103861909,0.245961123366729,0.572948269763678,0.559931977224421
8.19603442280003,0.412875102290584,0.403294595216142,0.160453746561055,0.157135445366718,0.252421355729529,0.246159149849424,0.573328848851638,0.56043004058286
8.20210106560003,0.413179943456659,0.403642500722113,0.160529436256996,0.157287774277034,0.252650507199663,0.246354726445078,0.573709379713655,0.560930274999147
8.20816770840003,0.413483734242431,0.403990267753671,0.160606173720489,0.157442435566896,0.252877560521941,0.246547832186774,0.57408990796292,0.561432703320567
8.21423435120003,0.413786499565717,0.404337898940899,0.16068397971411,0.15759944669638,0.253102519851607,0.246738452244519,0.574470479279828,0.561937345637279
8.22030099400003,0.41408826476339,0.404685397613406,0.16076287449736,0.157758830153879,0.25332539026603,0.246926567459527,0.57485113926075,0.562444227767285
8.22636763680003,0.414389053414344,0.405032764295316,0.16084288031113,0.157920603686135,0.253546173103214,0.247112160609181,0.575231933725474,0.562953367981451
8.23243427960003,0.414688891866429,0.405380003551041,0.160924016205615,0.158084788382463,0.253764875660814,0.247295215168578,0.575612908072044,0.563464791933504
8.23850092240003,0.414987803276914,0.40572711534599,0.161006305036959,0.158251404336043,0.253981498239955,0.247475711009947,0.575994108313872,0.563978519682032
8.24456756520003,0.415285813771191,0.406074103988758,0.161089766000633,0.158420470112817,0.254196047770557,0.24765363387594,0.576375579771824,0.564494574101575
8.25063420800003,0.415582947427802,0.406420970646361,0.161174420880498,0.158592007598424,0.254408526547304,0.247828963047936,0.576757368308299,0.565012978244785
8.25670085080003,0.415879229134726,0.406767717933646,0.161260290435832,0.158766034394552,0.254618938698894,0.248001683539094,0.577139519570559,0.565533752328197
8.26276749360003,0.416174684141383,0.407114348973219,0.16134739483065,0.158942572742884,0.254827289310733,0.248171776230335,0.577522078972033,0.566056921716103
8.26883413640003,0.41646933623141,0.407460864688717,0.161435756500114,0.159121640699939,0.255033579731296,0.248339223988778,0.577905092731525,0.566582505388656
8.27490077920003,0.416763211475331,0.407807269121445,0.161525394249934,0.159303259080595,0.255237817225397,0.248504010040851,0.578288605725266,0.56711052820204
8.28096742200003,0.417056333335618,0.408153562774688,0.161616331182382,0.159487448188574,0.255440002153236,0.248666114586114,0.578672664518,0.567641010963263
8.28703406480003,0.417348727677167,0.408499749541107,0.161708586295372,0.159674226473354,0.255640141381795,0.248825523067753,0.579057313972539,0.568173976014461
8.29310070760003,0.417640418721725,0.408845830808463,0.161802181471537,0.159863615793689,0.255838237250188,0.248982215014774,0.579442600193263,0.568709446602152
8.29916735040003,0.417931431331357,0.409191809182652,0.161897137470168,0.160055633898015,0.256034293861189,0.249136175284637,0.579828568801525,0.569247443080667
8.30523399320003,0.418221790664107,0.409537687573005,0.161993474356483,0.160250302776155,0.256228316307624,0.24928738479685,0.580215265020589,0.569787990349161
8.31130063600003,0.418511520712276,0.409883467308019,0.162091214763224,0.160447640798278,0.256420305949052,0.24943582650974,0.580602735475501,0.570331108106297
8.31736727880003,0.418800647267103,0.410229151903941,0.162190377249962,0.160647668505745,0.256610270017141,0.249581483398196,0.580991024517064,0.570876820409686
8.32343392160003,0.4190891940943,0.410574742399391,0.162290985163443,0.160850406406817,0.256798208930857,0.249724335992574,0.581380179257743,0.571425148806208
8.32950056440003,0.41937718680219,0.410920242276314,0.162393057307331,0.161055872841148,0.256984129494859,0.249864369435166,0.581770244109521,0.571976115117462
8.33556720720003,0.419664649751804,0.411265653137131,0.162496615659727,0.161264089635195,0.257168034092077,0.250001563501936,0.582161265411531,0.572529742772326
8.34163385000003,0.419951607783212,0.411610977585071,0.162601680983236,0.161475074689274,0.257349926799976,0.250135902895797,0.582553288766448,0.573086052274346
8.34770049280003,0.420238085959163,0.411956218309918,0.162708273240978,0.161688849736197,0.257529812718184,0.25026736857372,0.582946359200141,0.573645068046115
8.35376713560003,0.420524108484544,0.412301377050374,0.162816415266578,0.161905433463658,0.257707693217967,0.250395943586716,0.583340523751122,0.574206810514031
8.35983377840003,0.420809700869345,0.412646456795681,0.162926125371814,0.162124846140418,0.257883575497531,0.250521610655263,0.58373582624116,0.574771302936099
8.36590042120003,0.421094887180562,0.412991459117252,0.16303742714626,0.162347108473275,0.258057460034302,0.250644350643977,0.584132314326822,0.575338567590527
8.37196706400003,0.421379692773862,0.413336387091533,0.163150339202628,0.162572238698705,0.258229353571234,0.250764148392828,0.584530031976489,0.575908625790237
8.37803370680003,0.42166414214564,0.413681242529516,0.163264883611184,0.162800258605446,0.258399258534456,0.250880983924071,0.584929025756825,0.576481501134962
8.38410034960003,0.421948260117894,0.414026028038056,0.163381081141153,0.163031186250834,0.258567178976741,0.250994841787223,0.585329341259047,0.57705721428889
8.39016699240003,0.422232071654154,0.414370746081109,0.163498951650254,0.163265043105515,0.2587331200039,0.251105702975594,0.585731023304408,0.577635789186625
8.39623363520003,0.422515601175817,0.414715398812935,0.163618518176294,0.163501848178582,0.258897082999524,0.251213550634352,0.586134119352111,0.578217246991517
8.40230027800003,0.422798873909662,0.415059988693819,0.163739798781611,0.163741621467119,0.259059075128051,0.2513183672267,0.586538672691273,0.578801610160938
8.40836692080003,0.423081914222006,0.415404517825424,0.163862817296951,0.163984383870454,0.259219096925055,0.25142013395497,0.586944731518957,0.579388901695878
8.41443356360003,0.423364747219786,0.415748988883915,0.16398759214738,0.164230153528528,0.259377155072405,0.251518835355387,0.587352339367166,0.579979142412443
8.42050020640003,0.423647397530837,0.416093403882774,0.164114145492028,0.164478952186947,0.259533252038808,0.251614451695828,0.587761543022865,0.580572356069721
8.42656684920003,0.423929889963005,0.416437765438761,0.164242498110039,0.164730798065197,0.259687391852967,0.251706967373563,0.588172388073044,0.581168563503958
8.43263349200003,0.424212249376683,0.416782075783733,0.164372669750428,0.164985712366613,0.259839579626255,0.25179636341712,0.588584919127111,0.581767788150346
8.43870013480003,0.424494500413697,0.417126337492855,0.164504683658489,0.165243714425555,0.259989816755208,0.2518826230673,0.588999184072187,0.582370051918411
8.44476677760003,0.424776668015656,0.417470552495507,0.16463855764547,0.165504823968352,0.260138110370185,0.251965728527156,0.589415225661126,0.582975376463859
8.45083342040003,0.425058776846235,0.417814723421059,0.164774315781635,0.165769062080857,0.260284461064601,0.252045661340202,0.58983309262787,0.583583785501916
8.45690006320003,0.425340851767564,0.418158852550615,0.164911976307707,0.166036446813122,0.260428875459857,0.252122405737492,0.590252828075271,0.584195299363737
8.46296670600003,0.425622917534995,0.418502942094057,0.165051561468377,0.166306999862203,0.260571356066619,0.252195942231854,0.590674479003372,0.584809941956259
8.46903334880003,0.425904998946149,0.418846994684337,0.165193092056011,0.166580739614871,0.260711906890138,0.252266255069466,0.59109809100216,0.585427734299209
8.47509999160003,0.426187120754352,0.419191012314943,0.165336587707619,0.166857687001995,0.260850533046734,0.252333325312948,0.591523708461971,0.586048699316937
8.48116663440003,0.426469307825787,0.419534997987289,0.165482071879284,0.167137861687083,0.260987235946503,0.252397136300206,0.591951379705071,0.586672859674371
8.48723327720003,0.426751584814928,0.4198789530979,0.16562956212951,0.167421283126621,0.261122022685418,0.252457669971278,0.592381146944438,0.587300236224521
8.49329992000003,0.427033976680852,0.420222880801312,0.165779082766429,0.167707972586989,0.261254893914423,0.252514908214323,0.592813059447281,0.587930853388301
8.49936656280003,0.427316508044799,0.420566782988784,0.165930651849727,0.167997948034993,0.261385856195072,0.252568834953791,0.593247159894525,0.588564731023778
8.50543320560003,0.42759920378572,0.420910662060517,0.166084291706348,0.168291231113717,0.261514912079371,0.2526194309468,0.593683495492068,0.589201893174234
8.51149984840003,0.427880814453792,0.421253246430804,0.166238221096093,0.168586038333264,0.261642593357699,0.25266720809754,0.594119035549885,0.589839284764068
8.51756649120003,0.428158560473865,0.421591733630991,0.166388493778246,0.168878424584467,0.261770066695619,0.252713309046524,0.594547054252111,0.590470158215458
8.52363313400003,0.428432368934201,0.421926029087899,0.166534994821299,0.169168271262172,0.261897374112902,0.252757757825727,0.594967363755499,0.591094300350071
8.52969977680003,0.428702282579639,0.422256152098015,0.166677767521833,0.169455623468198,0.262024515057806,0.252800528629816,0.595380050101471,0.591711775566213
8.53576641960003,0.428968331056366,0.422582127538063,0.166816842637791,0.169740485089914,0.262151488418574,0.252841642448148,0.595785173694157,0.592322612627977
8.54183306240003,0.429230555891024,0.422905227819468,0.166952262294091,0.170021125172671,0.262278293596934,0.252884102646797,0.596182818185115,0.59292635299214
8.54789970520003,0.429488990625641,0.423226389214169,0.167084060978823,0.170296269031017,0.262404929646818,0.252930120183152,0.596573051604464,0.593522658245187
8.55396634800003,0.429743671600822,0.423545621976975,0.167212275857253,0.170565957368317,0.262531395743569,0.252979664608659,0.596955947458074,0.594111579345292
8.56003299080003,0.429994637447379,0.423862938595559,0.167336946277647,0.170830234903556,0.262657691169731,0.253032703692004,0.597331583725026,0.594693173499115
8.56609963360003,0.430241919514385,0.424178342080661,0.167458104644571,0.171089140219263,0.262783814869814,0.253089201861397,0.597700024158956,0.595267482299924
8.57216627640003,0.430485560145472,0.424491850812408,0.167575793842777,0.171342718374534,0.262909766302695,0.253149132437874,0.598061353988249,0.595834569186943
8.57823291920003,0.430725589437067,0.424803465065339,0.1676900450893,0.171591009402559,0.263035544347766,0.25321245566278,0.598415634526367,0.596394474467898
8.58429956200003,0.430962048526773,0.425113201702046,0.167800900114012,0.171834056915133,0.263161148412761,0.253279144786913,0.598762948640785,0.596947258617179
8.59036620480003,0.43119497117422,0.425421066141597,0.167908393624692,0.172071903126763,0.263286577549528,0.253349163014835,0.599103364798912,0.59749296926836
8.59643284760003,0.431424393673848,0.425727068609333,0.168012562742274,0.17230458887982,0.263411830931574,0.253422479729513,0.599436956416122,0.598031657489153
8.60249949040003,0.431650354531198,0.426031221326123,0.168113446684,0.17253215860074,0.263536907847198,0.253499062725383,0.599763801215198,0.598563379926863
8.60856613320003,0.43187288539205,0.426333527828737,0.168211078160817,0.172754651265767,0.263661807231234,0.25357887656297,0.600083963552867,0.599088179094504
8.61463277600003,0.432092028195962,0.426634005804371,0.168305499642716,0.172972111570904,0.263786528553246,0.253661894233468,0.600397527838678,0.599606117375275
8.62069941880003,0.432307813486733,0.426932656254437,0.168396742802893,0.173184579862297,0.26391107068384,0.25374807639214,0.600704556289626,0.600117236116734
8.62676606160003,0.432520282018663,0.427229495465063,0.168484848982039,0.173392099538389,0.264035433036625,0.253837395926674,0.601005131000702,0.600621595003452
8.63283270440003,0.432729467763249,0.427524529163853,0.168569853101756,0.173594712833413,0.264159614661493,0.253929816330439,0.601299320865006,0.601119241997266
8.63889934720003,0.4329354069745,0.427817767555128,0.168651792244512,0.173792460735939,0.264283614729988,0.254025306819189,0.601587199219013,0.601610228291068
8.64496599000003,0.433138138026952,0.42810922258452,0.168730705490659,0.17398538737264,0.264407432536294,0.254123835211879,0.601868843517611,0.60209460995716
8.65103263280003,0.433337692868827,0.428398898322334,0.16880662586339,0.174173532119416,0.264531067005436,0.254225366202918,0.602144318732217,0.60257243044175
8.65709927560003,0.433534113032738,0.428686811759633,0.168879595415004,0.174356939309307,0.264654517617734,0.254329872450326,0.602413708447742,0.603043751068939
8.66316591840003,0.433727429506995,0.428972964621425,0.168949646271925,0.17453564959389,0.26477778323507,0.254437315027535,0.602677075778921,0.603508614215315
8.66923256120003,0.433917682668324,0.429257372624588,0.169016819391526,0.174709706167202,0.264900863276798,0.254547666457385,0.60293450205985,0.60396707879179
8.67529920400003,0.434104906694359,0.429540041797004,0.169081149903371,0.174879151275731,0.265023756790989,0.254660890521273,0.60318605659773,0.604419193072734
8.68136584680003,0.434289137804408,0.42982098233043,0.169142674857323,0.175044026061438,0.265146462947085,0.254776956268991,0.603431812661731,0.604865008391868
8.68743248960003,0.434470414236272,0.430100205886818,0.16920143319098,0.17520437434402,0.265268981045292,0.254895831542798,0.603671847427252,0.605304580230837
8.69349913240003,0.434648768246343,0.430377717077522,0.169257458245647,0.175360235904973,0.265391310000696,0.255017481172549,0.603906226491991,0.605737952982494
8.69956577520003,0.43482424095743,0.430653532194262,0.169310791652998,0.175511654714507,0.265513449304432,0.255141877479754,0.604135032610428,0.606165186908769
8.70563241800003,0.434996863799483,0.430927653682373,0.169361465989752,0.175658671722102,0.26563539780973,0.25526898196027,0.604358329789235,0.606586325404475
8.71169906080003,0.435166676777386,0.431200096696689,0.16940952183583,0.175801329926336,0.265757154941556,0.255398766770353,0.604576198613216,0.607001426623026
8.71776570360003,0.435333714269179,0.43147086755712,0.169454994522892,0.175939671578479,0.265878719746288,0.255531195978641,0.604788708792071,0.607410539135599
8.72383234640003,0.435498012465202,0.431739976451306,0.169497921074061,0.17607373798108,0.266000091391141,0.255666238470226,0.604995933539263,0.607813714432386
8.72989898920003,0.435659609460786,0.432007434749087,0.169538340278318,0.176203572639641,0.266121269182468,0.255803862109445,0.605197949739104,0.608211007388728
8.73596563200003,0.43581853782623,0.432273247610368,0.169576285800943,0.1763292157472,0.266242252025288,0.255944031863167,0.605394823627173,0.608602463357568
8.74203227480003,0.435974838271668,0.432537430624327,0.169611798850052,0.176450710911268,0.266363039421616,0.256086719713059,0.60558663712172,0.608988141535595
8.74809891760003,0.436128542665825,0.432799986953349,0.169644912449729,0.176568099371697,0.266483630216095,0.256231887581652,0.605773455115554,0.609368086325046
8.75416556040003,0.436279690647479,0.433060931197437,0.169675666808306,0.176681423940555,0.266604023839173,0.256379507256882,0.605955357455785,0.609742355137991
8.76023220320003,0.436428316789339,0.43332026996027,0.169704097453673,0.176790726866421,0.266724219335665,0.256529543093849,0.606132414243012,0.610110996826691
8.76629884600003,0.436574457258511,0.433578013433827,0.169730241388082,0.176896049619627,0.266844215870429,0.256681963814199,0.606304698646593,0.610474063053454
8.77236548880003,0.436718150002125,0.433834172687395,0.169754137246028,0.176997435384268,0.266964012756096,0.256836737303127,0.606472287248153,0.610831608071664
8.77843213160003,0.436859427910117,0.434088753436942,0.169775819022633,0.177094924770862,0.267083608887485,0.256993828666079,0.60663524693275,0.611183678207804
8.78449877440003,0.436998331277082,0.434341770565898,0.169795327499522,0.177188561024353,0.26720300377756,0.257153209541544,0.606793658776604,0.611530331590251
8.79056541720003,0.437134892407652,0.434593227950423,0.169812696145212,0.177278385667436,0.26732219626244,0.257314842282986,0.606947588552864,0.611871613617859
8.79663206000003,0.437269150580231,0.434843139642899,0.169827964802309,0.17736444133462,0.267441185777923,0.257478698308279,0.60709711538254,0.612207580977519
8.80269870280003,0.437401140556468,0.435091493240347,0.169841169189072,0.177446797533435,0.267559971367395,0.257644695706913,0.60724230974554,0.612538290773782
8.80876534560003,0.437528430144107,0.435335869173754,0.169855837055272,0.177528932128219,0.267672593088835,0.257806937045535,0.607384267199379,0.612864801301974
8.81483198840003,0.437648486141646,0.435573686520379,0.169875642810633,0.177614553167754,0.267772843331014,0.257959133352624,0.607524128952279,0.613188239688133
8.82089863120003,0.437761380405158,0.435804994371872,0.169900566139683,0.177703641140504,0.267860814265475,0.258101353231368,0.60766194654484,0.613508635512375
8.82696527400003,0.437867209403341,0.436029859733701,0.169930567360727,0.177796164214678,0.267936642042614,0.258233695519023,0.607797776764068,0.613826023948379
8.83303191680003,0.437966045831201,0.436248327354476,0.169965623875587,0.177892107390716,0.268000421955613,0.25835621996376,0.607931669706788,0.614140434745192
8.83909855960003,0.438057983068259,0.436460467680549,0.170005698154933,0.177991432617139,0.268052284913327,0.258469035063411,0.608063681223192,0.614451900297688
8.84516520240003,0.43814310115295,0.436666328676266,0.170050762329574,0.17809412438952,0.268092338823377,0.258572204286747,0.608193863482524,0.614760453065786
8.85123184520003,0.438221484107453,0.436865973630972,0.170100785658913,0.178200149492438,0.268120698448539,0.258665824138534,0.608322269766366,0.61506612312341
8.85729848800003,0.438293221101121,0.437059459342122,0.170155733568229,0.178309484890257,0.268137487532891,0.258749974451865,0.60844895466935,0.615368944232379
8.86336513080003,0.438358387251635,0.437246839414093,0.170215581939257,0.17842210592647,0.268142805312378,0.258824733487623,0.608573969190892,0.615668945340563
8.86943177360003,0.438417078058909,0.43742817984626,0.17028029143225,0.178537980822677,0.268136786626659,0.258890199023583,0.608697369491159,0.615966160668937
8.87549841640003,0.43846936723152,0.437603526613327,0.17034983906255,0.17865709411331,0.268119528168969,0.258946432500018,0.60881920629407,0.616260620726637
8.88156505920003,0.438515347312595,0.437772949033467,0.170424187636239,0.178779408428656,0.268091159676355,0.25899354060481,0.608939534948834,0.616552357462123
8.88763170200003,0.438555098777822,0.43793649585177,0.170503309095382,0.178904907501335,0.26805178968244,0.259031588350435,0.609058407873203,0.616841403353105
8.89369834480003,0.438588705611266,0.438094230013769,0.17058717274146,0.179033558833498,0.268001532869805,0.259060671180271,0.609175878352725,0.617127788847267
8.89976498760003,0.438616256621254,0.438246208140758,0.170675744104338,0.179165338834754,0.267940512516915,0.259080869306005,0.609292000725592,0.617411546975512
8.90583163040003,0.438637827685635,0.438392484489793,0.170768998814499,0.179300223179112,0.267868828871136,0.259092261310681,0.609406826500135,0.617692707668905
8.91189827320003,0.438653513328865,0.438533124047009,0.170866897876597,0.179438180147271,0.267786615452268,0.259094943899738,0.609520411205462,0.61797130419428
8.91796491600003,0.438663388266418,0.43866817401387,0.170969417921945,0.179579193794557,0.267693970344473,0.259088980219313,0.609632806188363,0.618247367808427
8.92403155880003,0.438667544218374,0.438797702585624,0.171076522087134,0.179723227444735,0.26759102213124,0.259074475140889,0.609744066305507,0.618520930030359
8.93009820160003,0.438666062084327,0.438921759277802,0.171188182130385,0.179870264062898,0.267477879953942,0.259051495214904,0.609854244214712,0.6187920233407
8.93616484440003,0.438659025823578,0.439040406704619,0.171304367390357,0.180020271870247,0.267354658433221,0.259020134834372,0.609963393213935,0.619060678574867
8.94223148720003,0.438646523870077,0.439153701298761,0.171425043506406,0.180173226720092,0.267221480363671,0.25898047457867,0.610071567376482,0.619326928018853
8.94829813000003,0.438628632875191,0.439261697981444,0.171550185852856,0.180329104617279,0.267078447022335,0.258932593364165,0.610178818728046,0.619590802598723
8.95436477280003,0.43860544638124,0.439364460718422,0.171679755781213,0.180487873907308,0.266925690600027,0.258876586811114,0.610285202162454,0.61985233462573
8.96043141560003,0.438577040103927,0.439462037938578,0.171813729541217,0.180649518153307,0.26676331056271,0.258812519785271,0.610390769645143,0.620111556091884
8.96649805840003,0.438543504953628,0.439554496719496,0.17195207059506,0.180814001384222,0.266591434358568,0.258740495335274,0.610495575548688,0.620368498103717
8.97256470120003,0.438504922240499,0.439641887336838,0.172094750522027,0.180981305793056,0.266410171718472,0.258660581543781,0.610599672762526,0.620623193129894
8.97863134400003,0.438461375912421,0.439724272085997,0.172241738693049,0.181151400321534,0.266219637219372,0.258572871764464,0.61070311460547,0.620875672407531
8.98469798680003,0.438412954015622,0.439801707198606,0.172393000861876,0.18132426026512,0.266019953153746,0.258477446933486,0.610805954877498,0.621125967463725
8.99076462960003,0.438359733988333,0.439874248271522,0.17254851214177,0.181499861959818,0.265811221846563,0.258374386311704,0.610908246130103,0.62137411023134
8.99683127240003,0.438301808384067,0.439941958242974,0.172708234233543,0.181678173821635,0.265593574150523,0.258263784421339,0.61101004261761,0.62162013206461
9.00289791520003,0.438239253912077,0.440004886769925,0.172872143007809,0.181859178908405,0.265367110904268,0.25814570786152,0.611111396919886,0.62186406567833
9.00896455800003,0.438172160686389,0.440063099817556,0.173040202247462,0.182042841965965,0.265131958438926,0.258020257851591,0.611212362933851,0.622105941783521
9.01503120080003,0.438100610414368,0.440116648411351,0.173212383357755,0.182229144410658,0.264888227056614,0.257887504000693,0.611312993772123,0.622345792822009
9.02109784360003,0.438024687045826,0.440165594540377,0.173388655736981,0.182418055906206,0.264636031308845,0.257747538634171,0.611413342782807,0.622583650446583
9.02716448640003,0.43794447822592,0.440209994222766,0.173568985258194,0.182609551188684,0.264375492967726,0.257600443034082,0.611513463484113,0.62281954541145
9.03323112920003,0.437860062193093,0.4402499037425,0.173753346768687,0.182803606925579,0.264106715424405,0.257446296816921,0.61161340896178,0.623053510668079
9.03929777200003,0.437771530505375,0.44028538500314,0.173941702321032,0.1830001916091,0.263829828184344,0.25728519339404,0.611713232826407,0.62328557661224
9.04536441480003,0.437678960858901,0.440316488890387,0.174134027409168,0.183199287778701,0.263544933449733,0.257117201111686,0.61181298826807,0.623515776669088
9.05143105760003,0.437582442584688,0.440343280262278,0.174330286131787,0.183400860908814,0.263252156452901,0.256942419353464,0.611912728716475,0.623744141171092
9.05749770040003,0.437482057773967,0.440365810883816,0.174530449725011,0.18360489163455,0.262951608048956,0.256760919249266,0.612012507498978,0.623970702518367
9.06356434320003,0.437377890391825,0.440384142450232,0.174734487609598,0.183811350343111,0.262643402782227,0.25657279210712,0.612112378001423,0.624195492793343
9.06963098600003,0.437270027669003,0.440398330753716,0.174942365782804,0.184020211209632,0.262327661886199,0.256378119544084,0.612212393451807,0.624418541963349
9.07569762880003,0.437158548657502,0.440408432776851,0.175154058821053,0.184231451233408,0.262004489836449,0.256176981543443,0.612312607478554,0.62463988401026
9.08176427160003,0.437043543913198,0.440414509381393,0.175369529131123,0.184445038988551,0.261674014782075,0.255969470392842,0.612413073044322,0.624859548369944
9.08783091440003,0.436925092112431,0.440416612682437,0.175588751832738,0.18466095648304,0.261336340279693,0.255755656199397,0.612513843945169,0.625077569165478
9.09389755720003,0.436803281816556,0.440414806436137,0.175811691335478,0.184879169931615,0.260991590481078,0.255535636504522,0.612614973152035,0.625293976367752
9.09996420000003,0.436678195487326,0.440409143136708,0.176038318711242,0.185099659183581,0.260639876776085,0.255309483953128,0.612716514198568,0.625508802320289
9.10603084280003,0.436549917118449,0.440399684198037,0.176268603398345,0.185322395351098,0.260281313720105,0.255077288846938,0.612818520516794,0.625722079549135
9.11209748560003,0.436418533512902,0.440386485173931,0.176502511523151,0.185547352046813,0.259916021989751,0.254839133127117,0.612921045036053,0.625933837220744
9.11816412840003,0.436284124549592,0.440369603757052,0.176740017386311,0.185774506602153,0.259544107163281,0.254595097154898,0.613024141935902,0.626144110359205
9.12423077120003,0.436146779775566,0.440349099760208,0.176981083751263,0.186003827678835,0.259165696024303,0.254345272081372,0.61312786352683,0.626352927439043
9.13029741400003,0.436006578840696,0.44032502652855,0.177225685365964,0.186235296740272,0.258780893474733,0.254089729788278,0.61323226420666,0.626560323268822
9.13636405680003,0.435863609550026,0.440297446721606,0.17747378694598,0.186468880753217,0.258389822604046,0.253828565968389,0.613337396496006,0.626766327474823
9.14243069960003,0.435717954722478,0.440266413552501,0.177725359403891,0.186704558776597,0.257992595318586,0.253561854775904,0.613443314126369,0.626970972329098
9.14849734240003,0.435569698393731,0.440231988166265,0.177980372190666,0.186942302649015,0.257589326203065,0.25328968551725,0.613550070584396,0.62717429081528
9.15456398520003,0.435418926925649,0.440194225865885,0.178238791566681,0.187182085419074,0.257180135358968,0.253012140446811,0.61365771849233,0.627376311284958
9.16063062800003,0.435265721037394,0.440153185065574,0.178500591551906,0.187423884750664,0.256765129485488,0.25272930031491,0.6137663125893,0.627577069816238
9.16669727080003,0.435110169260512,0.440108924522059,0.178765735268896,0.1876676693988,0.256344433991616,0.252441255123258,0.613875904529408,0.627776593920859
9.17276391360003,0.43495235221173,0.4400614988112,0.17903419709629,0.187913420269244,0.25591815511544,0.252148078541957,0.61398654930802,0.627974919080444
9.17883055640003,0.434792356953128,0.44001096950116,0.179305942050739,0.188161105092468,0.255486414902389,0.251849864408692,0.614098299003867,0.628172074593628
9.18489719920003,0.434630266647453,0.43995739051367,0.179580940890405,0.188410702132447,0.255049325757048,0.251546688381223,0.614211207537857,0.628368092646116
9.19096384200003,0.4344661653857,0.439900822737391,0.179859163074006,0.18866218395571,0.254607002311694,0.251238638781681,0.614325328459706,0.628563006693101
9.19703048480003,0.434300139075275,0.439841321212051,0.180140575000838,0.188915523045261,0.254159564074438,0.25092579816679,0.614440714076113,0.628756844257313
9.20309712760003,0.43413226928894,0.439778945084893,0.180425150405285,0.189170697397788,0.253707118883656,0.250608247687105,0.614557419694225,0.62894964248268
9.20916377040003,0.433962643536066,0.43971375204942,0.180712852771467,0.189427675867295,0.253249790764599,0.250286076182125,0.614675496307533,0.629141427916714
9.21523041320003,0.433791343393563,0.439645797912863,0.181003656111162,0.189686438788803,0.252787687282401,0.24995935912406,0.614794999504726,0.629332236701665
9.22129705600003,0.433618455193895,0.439575143157272,0.181297525737199,0.189946954668217,0.252320929456696,0.249628188489056,0.614915980931093,0.629522097825489
9.22736369880003,0.433444062430283,0.439501842402687,0.181594432258227,0.190209200969977,0.251849630172056,0.24929264143271,0.61503849468851,0.629711043372664
9.23343034160003,0.433268249262389,0.439425956293889,0.18189434513581,0.19047315099003,0.251373904126579,0.248952805303859,0.615162594398199,0.629899107283919
9.23949698440003,0.433091101129812,0.439347539594906,0.182197230913066,0.190738776644224,0.250893870216746,0.248608762950682,0.615288332042878,0.63008631623913
9.24556362720003,0.432912700472262,0.439266652197482,0.18250306303389,0.191006056262372,0.250409637438372,0.24826059593511,0.615415763506152,0.630272708459853
9.25163027000003,0.432733133770259,0.439183350724766,0.182811805346421,0.191274958803165,0.249921328423839,0.247908391921601,0.61554493911668,0.630458309527931
9.25769691280003,0.432552483554227,0.439097916241481,0.183123431498025,0.191545780837655,0.249429052056203,0.247552135403827,0.615675915052252,0.630643697079136
9.26376355560003,0.432370835440357,0.439010816224157,0.183437907092804,0.19181906876455,0.248932928347553,0.247191747459607,0.615808742533161,0.630829884988706
9.26983019840003,0.432188273238999,0.438922129439585,0.183755202594803,0.19209483241986,0.248433070644197,0.246827297019725,0.615943475833802,0.631016961859445
9.27589684120003,0.432004881191829,0.438831930518625,0.184075287463524,0.192373065936975,0.247929593728306,0.246458864581649,0.616080168655353,0.6312049964556
9.28196348400003,0.431820744257291,0.438740290130163,0.184398128390811,0.192653763563384,0.24742261586648,0.246086526566779,0.616218872648103,0.631394053693548
9.28803012680003,0.43163594575539,0.438647282574748,0.184723698525167,0.192936923270379,0.246912247230223,0.245710359304369,0.616359644280558,0.631584205845128
9.29409676960003,0.431450571131125,0.438552979390305,0.185051962081201,0.193222536743504,0.246398609049923,0.245330442646802,0.616502533212326,0.631775516133809
9.30016341240003,0.431264703861754,0.438457453181266,0.185382892344323,0.193510603406258,0.245881811517431,0.244946849775008,0.616647596206077,0.631968056587524
9.30623005520003,0.431078428860546,0.438360777393313,0.185716455205,0.19380111473355,0.245361973655546,0.244559662659763,0.616794884065546,0.632161892126863
9.31229669800003,0.430891830241634,0.438263023333244,0.186052620987577,0.194094068244251,0.244839209254057,0.244168955088994,0.616944451229211,0.632357091577495
9.31836334080003,0.430704992342052,0.438164265286879,0.186391359144591,0.194389458625773,0.244313633197462,0.243774806661105,0.617096351486643,0.632553723912652
9.32442998360003,0.430517999625744,0.438064573819502,0.186732636521518,0.194687279833883,0.243785363104227,0.243377293985619,0.617250636147262,0.632751853653385
9.33049662640003,0.430330936306357,0.437964023794957,0.187076425966562,0.194987529884965,0.243254510339796,0.242976493909993,0.617407362272919,0.632951553679922
9.33656326920003,0.430143886786693,0.437862685814221,0.187422692063255,0.195290200789463,0.242721194723438,0.242572485024758,0.617566578849948,0.633152886603684
9.34262991200003,0.429956935484175,0.437760633631039,0.1877714077375,0.195595291242068,0.242185527746674,0.242165342388972,0.617728343221675,0.633355924873107
9.34869655480003,0.429770166622494,0.437657939633938,0.188122539161231,0.19590279354688,0.241647627461262,0.241755146087058,0.617892705783725,0.633560733180819
9.35476319760003,0.429583664606219,0.437554675854784,0.188476056523994,0.196212704491043,0.241107608082224,0.241341971363741,0.618059721130213,0.633767380345827
9.36082984040003,0.429397513881089,0.437450916244471,0.188831929266456,0.196525019314133,0.240565584614633,0.240925896930338,0.618229443147546,0.633975935558604
9.36689648320003,0.429211798403203,0.437346731254614,0.189190124392631,0.196839731681979,0.240021674010572,0.240506999572635,0.618401922795834,0.634186462936593
9.37296312600003,0.429026603293194,0.437242196322642,0.189550614445518,0.197156839654723,0.239475988847676,0.240085356667919,0.618577217738712,0.634399035977366
9.37902976880003,0.428842011904996,0.437137381104263,0.189913364380025,0.197476335571725,0.23892864752497,0.239661045532538,0.618755376285021,0.634613716675988
9.38509641160003,0.428658109589521,0.43703236050556,0.190278346765003,0.197798217389125,0.238379762824518,0.239234143116435,0.618936456354524,0.634830577894685
9.39116305440003,0.428474979894232,0.436927205860793,0.190645528048943,0.198122478248584,0.237829451845289,0.238804727612209,0.619120507943175,0.635049684109377
9.39722969720003,0.428292707500784,0.436821989918965,0.1910148782915,0.19844911420428,0.237277829209285,0.238372875714685,0.619307585792284,0.635271104123245
9.40329634000003,0.428111376976972,0.43671678630616,0.191386366916566,0.198778121046097,0.236725010060407,0.237938665260063,0.619497743893538,0.635494907352257
9.40936298280003,0.427931071757698,0.436611665350261,0.191759961091595,0.199109492151715,0.236171110666103,0.237502173198546,0.619691032849293,0.635721157501976
9.41542962560003,0.427751877883932,0.436506703072562,0.192135633049481,0.199443225623698,0.235616244834451,0.237063477448864,0.619887510933413,0.635949928696261
9.42149626840003,0.427573877654064,0.436401968175191,0.192513348118958,0.19977931413433,0.235060529535106,0.236622654040861,0.620087225773022,0.636181282309521
9.42756291120003,0.427397157345824,0.436297536719588,0.192893078514276,0.200117754891473,0.234504078831548,0.236179781828115,0.6202902358601,0.636415291611061
9.43362955400003,0.427221799843791,0.436193478988635,0.19327479095558,0.200458541882704,0.233947008888211,0.235734937105931,0.620496590799371,0.636652020871339
9.43969619680003,0.427047890093362,0.436089868440547,0.193658455377538,0.200801670428003,0.233389434715824,0.235288198012544,0.6207063454709,0.63689153886855
9.44576283960003,0.426875512797733,0.435986778386706,0.194044041182363,0.201147136865708,0.232831471615369,0.234839641520998,0.620919553980096,0.637133915252414
9.45182948240003,0.426704750857261,0.4358842790212,0.194431515705855,0.201494934287136,0.232273235151405,0.234389344734064,0.621136266563116,0.637379213308336
9.45789612520003,0.426535691246603,0.435782446959218,0.194820850865895,0.201845060836299,0.231714840380708,0.233937386122919,0.621356542112498,0.637627507795517
9.46396276800003,0.426368415201931,0.435681349941765,0.195212012367497,0.202197509521322,0.231156402834433,0.233483840420444,0.621580427569428,0.637878859463087
9.47002941080003,0.426203009921115,0.435581065187884,0.195604972072763,0.202552276793154,0.230598037848353,0.23302878839473,0.621807981993878,0.638133341981037
9.47609605360003,0.426039557639204,0.435481661932225,0.195999696968587,0.202909357493282,0.230039860670616,0.232572304438943,0.622039254607791,0.638391019425508
9.48216269640003,0.425878143551984,0.435383214334289,0.196396156869554,0.203268746206254,0.22948198668243,0.232114468128035,0.622274300421538,0.638651960540543
9.48822933920003,0.425718852511402,0.435285795400868,0.196794321151294,0.203630439817007,0.228924531360107,0.231655355583861,0.622513173662696,0.638916235217875
9.49429598200003,0.425561766869923,0.435189475182173,0.197194157322856,0.203994431132308,0.228367609547067,0.231195044049865,0.62275592419278,0.639183906314481
9.50036262480003,0.425406974549238,0.435094330895437,0.197595636982206,0.204360718339301,0.227811337567032,0.230733612556136,0.623002611531444,0.639455049234737
9.50642926760003,0.425254555716626,0.435000429318745,0.197998726213089,0.204729294776742,0.227255829503537,0.230271134542004,0.623253281929715,0.639729724095487
9.51249591040003,0.425104598483427,0.434907848825207,0.198403396527909,0.205100156138209,0.226701201955518,0.229807692686998,0.623507995011336,0.640008004963416
9.51856255320003,0.424957184448501,0.434816657606323,0.198809615175409,0.205473298124362,0.226147569273091,0.229343359481961,0.62376679962391,0.640289955730685
9.52462919600003,0.424812399044682,0.434726930514952,0.199217351854993,0.205848714583075,0.22559504718969,0.228878215931877,0.624029750899675,0.640575645098027
9.53069583880003,0.424670327286011,0.434638740263406,0.199626575910803,0.206226402944039,0.225043751375208,0.228412337319366,0.624296903196814,0.640865143207445
9.53676248160003,0.424531050963718,0.434552156747955,0.200037255030043,0.206606355731254,0.224493795933675,0.227945801016701,0.624568305993761,0.641158512479209
9.54282912440003,0.424394658959869,0.434467257797533,0.200449360485857,0.206988571174545,0.223945298474012,0.227478686622988,0.624844019445726,0.641455828972078
9.54889576720003,0.424261230366181,0.43438410922089,0.200862858743177,0.207373042944632,0.223398371623004,0.227011066276258,0.625124089109358,0.641757152165523
9.55496241000003,0.42413085420079,0.434302790546316,0.20127772096716,0.20775976597068,0.22285313323363,0.226543024575636,0.62540857516795,0.642062556516997
9.56102905280003,0.424003611439714,0.434223368925686,0.201693914663491,0.208148736819985,0.222309696776223,0.226074632105701,0.625697526103205,0.642372105745671
9.56709569560003,0.423879587739487,0.434145919897295,0.202111409421298,0.208539948602509,0.221768178318189,0.225605971294786,0.625990997160786,0.642685868499804
9.57316233840003,0.423758868289591,0.434070515889079,0.202530174548335,0.208933399290845,0.221228693741257,0.225137116598233,0.626289042837926,0.643003915179924
9.57922898120003,0.423641534306674,0.433997226633304,0.20295017791486,0.209329081128017,0.220691356391814,0.224668145505287,0.626591712221535,0.64332630776132
9.58529562400003,0.423527675646527,0.433926130580268,0.203371390464295,0.209726992386075,0.220156285182232,0.224199138194193,0.626899066110822,0.643653122966343
9.59136226680003,0.423417370318629,0.433857292562961,0.203793779045206,0.210127127069036,0.219623591273423,0.223730165493925,0.627211149363835,0.643984419631997
9.59742890960003,0.423310708241236,0.433790793265974,0.20421731447796,0.210529479334611,0.219093393763276,0.223261313931362,0.627528022719196,0.644320272600585
9.60349555240003,0.423207769780875,0.433726698805077,0.204641964520277,0.210934046624195,0.218565805260598,0.222792652180882,0.627849734301152,0.644660745429272
9.60956219520003,0.42310864080443,0.433665085396078,0.205067698655917,0.211340821308597,0.218040942148514,0.222324264087481,0.628176339460347,0.645005906704675
9.61562883800003,0.423013406690175,0.433606025192646,0.205494486151334,0.211749801901469,0.217518920538842,0.221856223291177,0.628507892841509,0.645355827094115
9.62169548080003,0.422922148066825,0.43354958775298,0.205922295064753,0.212160980366638,0.216999853002072,0.221388607386342,0.628844443131578,0.645710568119618
9.62776212360003,0.422834955777245,0.433495852158401,0.206351096004964,0.212574355017933,0.216483859772281,0.220921497140468,0.629186051782208,0.646070207176333
9.63382876640003,0.422751906742,0.433444882259717,0.206780856206622,0.212989920193994,0.215971050535378,0.220454962065723,0.629532762948621,0.646434802453711
9.63989540920003,0.422673091772796,0.433396759898937,0.207211546147754,0.213407669274043,0.215461545625042,0.219989090624894,0.62988463792055,0.64680442917298
9.64596205200003,0.422598590640014,0.433351550159253,0.207643133833213,0.213827600581034,0.214955456806802,0.219523949578219,0.630241724473227,0.647179150740286
9.65202869480003,0.422528489407544,0.433309329926061,0.208075588646292,0.214249705745383,0.214452900761252,0.219059624180678,0.630604078053836,0.647559035671444
9.65809533760003,0.422462873655794,0.433270171088868,0.208508879807246,0.214673983819952,0.213953993848548,0.218596187268915,0.63097175346304,0.64794415490882
9.66416198040003,0.422401823412202,0.433234143021744,0.208942975567166,0.21510042649116,0.213458847845036,0.218133716530583,0.631344798979367,0.648334569512904
9.67022862320003,0.422345430520052,0.43320132544669,0.209377846195308,0.21552903211416,0.212967584324744,0.217672293332529,0.63172327671536,0.64873035756085
9.67629526600003,0.422293612079143,0.433171622500734,0.209813234843562,0.215959570892244,0.212480377235581,0.21721205160849,0.632106846922705,0.649131193392978
9.68236190880003,0.422244572299767,0.433143229696232,0.210246442338674,0.216389366107706,0.211998129961092,0.216753863588526,0.632491014638441,0.649532595803938
9.68842855160003,0.422197817156408,0.433115637874217,0.210676626281988,0.21681760632679,0.21152119087442,0.216298031547427,0.632874443438395,0.649933244201006
9.69449519440003,0.422153400502988,0.433088892188133,0.211103710149731,0.217244236626769,0.211049690353257,0.215844655561364,0.633257110652719,0.650333128814901
9.70056183720003,0.422111376000917,0.433063032138942,0.211527617666031,0.217669211152854,0.210583758334886,0.215393820986087,0.633638993666949,0.650732243291796
9.70662848000003,0.422071794284791,0.43303809812831,0.211948276581208,0.21809248061729,0.210123517703583,0.21494561751102,0.634020070865998,0.651130578745599
9.71269512280003,0.422034712377552,0.433014134694466,0.212365606142994,0.218513992739023,0.209669106234558,0.214500141955443,0.634400318520545,0.65152812743349
9.71876176560003,0.422000178659489,0.432991180031176,0.212779537111756,0.218933701501571,0.209220641547733,0.214057478529605,0.634779715771245,0.651924881532746
9.72482840840003,0.42196825005119,0.432969588375911,0.213189988860178,0.219351115903061,0.208778261191013,0.21361847247285,0.635158238911368,0.652320704278972
9.73089505120003,0.421938976770305,0.432949842702744,0.213596889708318,0.219765561830689,0.208342087061987,0.213184280872055,0.635535866478624,0.652715404533433
9.73696169400003,0.421912412786713,0.432932013373641,0.214000162964884,0.220176948739418,0.20791224982183,0.212755064634223,0.635912575751597,0.653108962113059
9.74302833680003,0.421888611896549,0.432916160667747,0.214399732164902,0.220585201314017,0.207488879731646,0.21233095935373,0.636288344061451,0.653501361981764
9.74909497960003,0.421867624349,0.432902346755292,0.214795525604414,0.220990239604715,0.207072098744587,0.211912107150576,0.636663149953414,0.653892586360007
9.75516162240003,0.421849507803099,0.432890636472669,0.21518746162881,0.221391982492331,0.206662046174289,0.211498653980338,0.637036969431909,0.654282618964999
9.76122826520003,0.421834309947164,0.432881087601598,0.215575471981579,0.221790356360547,0.206258837965585,0.211090731241051,0.637409781928743,0.654671443962145
9.76729490800003,0.421822088254836,0.432873768943732,0.215959475247343,0.222185273810509,0.205862613007493,0.210688495133222,0.637781563502178,0.655059042754241
9.77336155080003,0.42181289258551,0.432868736598568,0.216339400258381,0.222576664439435,0.205473492327129,0.210292072159133,0.638152292843891,0.655445401038004
9.77942819360003,0.421806777016639,0.432866057508554,0.216715170167802,0.222964442567742,0.205091606848837,0.209901614940812,0.638521947184441,0.655830500076296
9.78549483640003,0.421803795487466,0.432865791609402,0.21708670830961,0.223348533288627,0.204717087177856,0.209517258320775,0.638890503797076,0.656214324898029
9.79156147920003,0.42180399785339,0.432868001213211,0.21745394353749,0.223728856576677,0.2043500543159,0.209139144636534,0.639257941390879,0.656596857789887
9.79762812200003,0.421807442417911,0.432872751229399,0.217816793282567,0.224105331076407,0.203990649135344,0.208767420152992,0.639624235700477,0.656978082305805
9.80369476480003,0.421814176173189,0.432880099138551,0.218175190277412,0.224477883698361,0.203638985895777,0.208402215440189,0.639989366450601,0.657357982836912
9.80976140760003,0.421824257141725,0.432890114304334,0.218529052324552,0.224846426186249,0.203295204817173,0.208043688118085,0.640353309466277,0.657736540490583
9.81582805040003,0.421837734833044,0.432902852184533,0.218878308756559,0.22521088906142,0.202959426076485,0.207691963123113,0.640716043589603,0.658113741245953
9.82189469320003,0.421854663423788,0.432918380229265,0.219222882582868,0.225571185957453,0.20263178084092,0.207347194271812,0.641077546006657,0.658489566186718
9.82796133600004,0.421875097004691,0.432936758034199,0.219562696924536,0.225927242369596,0.202312400080155,0.207009515664602,0.641437793929227,0.658864000403795
9.83402797880003,0.421899085028981,0.432958048049948,0.219897681204817,0.22627897820312,0.202001403824164,0.206679069846828,0.641796766233798,0.659237026253068
9.84009462160003,0.421926686453009,0.432982315262792,0.220227751928645,0.226626311859987,0.201698934524364,0.206356003402804,0.642154438381654,0.659608627122779
9.84616126440003,0.421957947568585,0.433009616847328,0.220552842823638,0.226969170783735,0.201405104744947,0.206040446063594,0.642510790392224,0.659978787631063
9.85222790720004,0.42199292694288,0.433040022734633,0.220872870916187,0.227307465854567,0.201120056026693,0.205732556880066,0.642865797859067,0.6603474885892
9.85829455000003,0.422031673743928,0.433073587737554,0.221187766027233,0.227641128520928,0.200843907716695,0.205432459216626,0.643219439771161,0.660714716258483
9.86436119280003,0.422074242239182,0.433110379812691,0.221497451034464,0.22797007173284,0.200576791204718,0.205140308079851,0.643571693273646,0.66108045154553
9.87042783560003,0.422120686679245,0.433150458219051,0.221801848834062,0.228294221381211,0.200318837845183,0.204856236837841,0.643922535513307,0.661444679600262
9.87649447840004,0.422171056106795,0.43319388554242,0.222100889430778,0.228613497308332,0.200070166676018,0.204580388234088,0.644271945537573,0.661807382850752
9.88256112120003,0.422225410139417,0.433240726849763,0.222394488391427,0.228927817667361,0.19983092174799,0.204312909182402,0.644619898530844,0.662168544517123
9.88862776400003,0.422283794364375,0.433291039004848,0.222682580444639,0.229237110440953,0.199601213919737,0.204053928563895,0.644966374809014,0.662528149445801
9.89469440680003,0.422346267889322,0.433344892511546,0.22296508184663,0.229541285639749,0.199381186042693,0.203803606871797,0.645311349735952,0.662886178151294
9.90076104960003,0.422412879549185,0.433402341534548,0.223241922894785,0.229840275642248,0.1991709566544,0.203562065892299,0.64565480244397,0.663242617176796
9.90682769240003,0.422483683693841,0.433463454535747,0.223513026346971,0.230133992718187,0.19897065734687,0.20332946181756,0.645996710040813,0.663597447253934
9.91289433520003,0.422558734742151,0.433528290440877,0.22377831486257,0.230422363147758,0.198780419879581,0.203105927293119,0.646337049604721,0.663950653588634
9.91896097800003,0.422638081317855,0.433596911967542,0.224037719039753,0.230705306716599,0.198600362278102,0.202891605250942,0.646675800357608,0.664302218684141
9.92502762080003,0.422721783708154,0.433669384267228,0.224291153495295,0.230982741322812,0.198430630212859,0.202686642944416,0.647012937203449,0.66465212559004
9.93109426360003,0.422809886791581,0.433745763888023,0.224538553964795,0.231254595494302,0.198271332826786,0.202491168393721,0.647348440756377,0.665000359382326
9.93716090640003,0.422902450212074,0.433826121911987,0.224779835940262,0.231520778366081,0.198122614271812,0.202305343545906,0.647682286152335,0.665346900278068
9.94322754920003,0.422999522479836,0.433910511852429,0.225014930183597,0.231781223249666,0.197984592296239,0.202129288602763,0.648014452663434,0.665691735102095
9.94929419200003,0.423101158018789,0.433999002675349,0.225243759344772,0.232035841737782,0.197857398674018,0.201963160937567,0.648344917363561,0.666034844413132
9.95536083480003,0.423207411424431,0.43409165297659,0.225466245834442,0.232284560493524,0.197741165589989,0.201807092483066,0.648673657258872,0.666376213470114
9.96142747760003,0.423318330893181,0.434188525602229,0.225682320856126,0.232527299252208,0.197636010037055,0.201661226350021,0.649000651749308,0.666715824854437
9.96749412040003,0.423433977390244,0.434289666328252,0.225891898064631,0.23276400317667,0.197542079325613,0.201525663151582,0.649325875454875,0.667053669504922
9.97356076320003,0.423552185399296,0.43439295655077,0.226098039170641,0.232997677022328,0.197454146228655,0.201395279528442,0.649650224569938,0.667390633573098
9.97962740600003,0.423669770802841,0.434495210813945,0.22630524703183,0.233232835307862,0.19736452377101,0.201262375506083,0.649975017834671,0.667728046121806
9.98569404880003,0.423786717023393,0.434596417413855,0.226513544463216,0.233469503586114,0.197273172560177,0.201126913827741,0.650300261486608,0.66806592099997
9.99176069160003,0.423903037235163,0.434696598339359,0.226722912447547,0.233707659923024,0.197180124787616,0.200988938416335,0.650625949682711,0.668404258262383
9.99782733440003,0.42401874460406,0.434795777092037,0.226933331986783,0.233947280527231,0.197085412617277,0.200848496564806,0.650952076590843,0.668743057619269
10.0038939772,0.424133853130162,0.434893975914552,0.227144782646466,0.23418834268892,0.196989070483695,0.200705633225632,0.651278635776628,0.669082318603472
10.00996062,0.42424837518943,0.434991217953316,0.227357246793765,0.234430823436781,0.196891128395666,0.200560394516535,0.651605621983195,0.669422041390097
10.0160272628,0.42436232524542,0.435087525903908,0.227570703186999,0.234674699368835,0.196791622058421,0.200412826535074,0.651933028432419,0.669762225272743
10.0220939056,0.424475715827638,0.435182922179072,0.227785133936581,0.234919948337687,0.196690581891057,0.200262973841385,0.652260849764219,0.670102870516759
10.0281605484,0.42458856086482,0.435277430278714,0.228000518720361,0.23516654611908,0.19658804214446,0.200110884159634,0.652589079585181,0.670443976397794
10.0342271912,0.424700873566815,0.435371072315778,0.228216838467652,0.235414470642566,0.196484035099162,0.199956601673212,0.652917712034467,0.670785542958344
10.040293834,0.424812667127218,0.435463871674252,0.228434074142189,0.235663698196258,0.196378592985029,0.199800173477994,0.653246741269407,0.671127569870509
10.0463604768,0.424923955455094,0.435555850696313,0.228652205439399,0.235914206064164,0.196271750015695,0.199641644632149,0.653576160894493,0.671470056760477
10.0524271196,0.425034751080746,0.435647032463389,0.228871214504905,0.236165971228853,0.196163536575841,0.199481061234536,0.653905965585651,0.671813003692242
10.0584937624,0.425145068296099,0.435737439685085,0.229091080344525,0.236418970365135,0.196053987951574,0.199318469319951,0.654236148640624,0.67215641005022
10.0645604052,0.425254919773538,0.435827094839275,0.229311784860929,0.236673181180242,0.195943134912609,0.199153913659033,0.654566704634467,0.672500276019517
10.070627048,0.42536431934496,0.435916021305157,0.229533307874,0.236928579627661,0.19583101147096,0.198987441677496,0.65489762721896,0.672844600932818
10.0766936908,0.425473280253727,0.436004241320252,0.229755630262681,0.237185143501461,0.195717649991046,0.198819097818792,0.655228910516407,0.673189384821713
10.0827603336,0.425581815723245,0.436091778151029,0.229978732949416,0.237442849167527,0.195603082773829,0.198648928983502,0.655560548672661,0.673534627318556
10.0888269764,0.425689939569445,0.436178654239113,0.230202595762581,0.237701673905382,0.195487343806864,0.198476980333731,0.655892535332026,0.673880328144495
10.0948936192,0.425797664479088,0.436264892601524,0.230427200623192,0.237961594649821,0.195370463855896,0.198303297951703,0.65622486510228,0.674226487251345
10.100960262,0.425905004571412,0.436350515960272,0.230652526786093,0.238222588154011,0.195252477785319,0.198127927806261,0.656557531357505,0.674573104114282
10.1070269048,0.426011972660622,0.436435546860524,0.230878555947749,0.238484631978311,0.195133416712873,0.197950914882214,0.656890528608371,0.674920178838835
10.1130935476,0.426118582483891,0.436520008559156,0.231105268067009,0.238747702254642,0.195013314416882,0.197772306304514,0.6572238505509,0.675267710813798
10.1191601904,0.42622484731598,0.436603923418754,0.231332643975508,0.239011776642493,0.194892203340472,0.197592146776261,0.657557491291487,0.675615700061247
10.1252268332,0.426330780412222,0.436687314588389,0.231560664551338,0.239276831583894,0.194770115860884,0.197410483004495,0.657891444963559,0.675964146172282
10.131293476,0.426436395493295,0.436770204608923,0.231789309758888,0.239542844355358,0.194647085734407,0.197227360253565,0.658225705252183,0.67631304896428
10.1373601188,0.426541705404537,0.436852616433691,0.2320185612915,0.239809791842469,0.194523144113037,0.197042824591222,0.658560266696037,0.67666240827616
10.1434267616,0.42664672409144,0.436934572795438,0.23224839865458,0.240077650878247,0.19439832543686,0.196856921917191,0.65889512274602,0.677012223673685
10.1494934044,0.42675146450897,0.437016096308791,0.232478803339917,0.240346398874677,0.194272661169053,0.196669697434114,0.659230267848888,0.677362495183469
10.1555600472,0.426855940301694,0.437097210106682,0.232709755442262,0.240616012142808,0.194146184859432,0.196481197963874,0.659565695743957,0.67771322224949
10.16162669,0.426960164773655,0.437177936677254,0.232941235749009,0.240886468208448,0.194018929024646,0.196291468468807,0.659901400522663,0.678064404885702
10.1676933328,0.427064151214228,0.437258299052532,0.23317322509083,0.241157743588465,0.193890926123397,0.196100555464067,0.660237376305058,0.678416042640997
10.1737599756,0.427167913246723,0.437338319871714,0.233405703571195,0.241429815556875,0.193762209675528,0.195908504314839,0.660573616817918,0.678768135428589
10.1798266184,0.427271463877173,0.437418022025862,0.233638652652706,0.241702660949583,0.193632811224467,0.195715361076279,0.660910116529878,0.679120682975445
10.1858932612,0.427374816876263,0.437497428256556,0.233872052092861,0.241976256680629,0.193502764783402,0.195521171575928,0.661246868969124,0.679473684937185
10.191959904,0.427477985338663,0.437576561250047,0.234105883180309,0.242250580012126,0.193372102158354,0.195325981237921,0.661583868518971,0.679827141262173
10.1980265468,0.42758098281845,0.437655444013706,0.234340126142636,0.242525607434941,0.193240856675815,0.195129836578764,0.661921108961086,0.680181051448647
10.2040931896,0.427683822646831,0.437734099161724,0.234574761726059,0.242801316342106,0.193109060920771,0.194932782819618,0.66225858437289,0.680535415503831
10.2101598324,0.427786518149343,0.437812549609421,0.23480977071077,0.243077683324015,0.192976747438574,0.194734866285405,0.662596288860113,0.680890232933436
10.2162264752,0.42788908284981,0.437890818093458,0.235045133342378,0.243354685652718,0.192843949507431,0.194536132440741,0.662934216192188,0.681245503746176
10.222293118,0.427991529917075,0.437968927444009,0.235280830849684,0.243632300113945,0.192710699067391,0.194336627330064,0.663272360766759,0.681601227557953
10.2283597608,0.428093872945961,0.438046900409598,0.235516843243812,0.243910503703939,0.192577029702149,0.194136396705659,0.663610716189773,0.681957404113537
10.2344264036,0.428196125169779,0.438124759750263,0.235753151611799,0.24418927353344,0.19244297355798,0.193935486216823,0.663949276781578,0.682314033283704
10.2404930464,0.428298300054238,0.438202528346199,0.235989736311005,0.244468586273827,0.192308563743234,0.193733942072371,0.664288036365243,0.682671114620026
10.2465596892,0.428400410955589,0.438280228938135,0.236226578049535,0.244748419186256,0.192173832906054,0.193531809751879,0.664626989005123,0.683028648124391
10.252626332,0.428502471237649,0.438357884325027,0.23646365755403,0.245028748933326,0.192038813683618,0.193329135391701,0.664966128791679,0.683386633258352
10.2586929748,0.428604494322636,0.438435517340126,0.236700955215313,0.24530955278567,0.191903539107323,0.193125964554456,0.665305449537949,0.683745070125797
10.2647596176,0.428706493544325,0.438513150754101,0.23693845202531,0.24559080747834,0.191768041519015,0.192922343275761,0.665644945569635,0.684103958232441
10.2708262604,0.428808482320614,0.438590807320533,0.237176128250307,0.245872490090961,0.191632354070307,0.192718317229572,0.665984610570921,0.684463297411495
10.2768929032,0.4289104740224,0.438668509875411,0.237413964777263,0.246154577581406,0.191496509245137,0.192513932294005,0.666324438799664,0.684823087456817
10.282959546,0.429012482029139,0.438746281170132,0.237651942090244,0.24643704680225,0.191360539938894,0.192309234367883,0.666664424119383,0.685183327972382
10.2890261888,0.429114519720008,0.438824144072458,0.237890040862311,0.246719874883679,0.191224478857697,0.192104269188779,0.667004560582319,0.685544018956137
10.2950928316,0.429216600499224,0.43890212126532,0.238128241763488,0.247003038559181,0.191088358735735,0.191899082706139,0.667344842262712,0.685905159824502
10.3011594744,0.429318737685281,0.43898023567769,0.238366525332873,0.247286515098517,0.190952212352408,0.191693720579173,0.667685263018155,0.686266750776207
10.3072261172,0.429420944779002,0.439058510022111,0.238604872322459,0.247570281185552,0.190816072456543,0.191488228836559,0.668025817101461,0.686628791207664
10.31329276,0.429523235020303,0.439136967055335,0.238843263255222,0.247854313984481,0.190679971765081,0.191282653070854,0.668366498275525,0.686991281039816
10.3193594028,0.429625621916606,0.439215629691462,0.239081678819577,0.248138590298805,0.190543943097029,0.191077039392657,0.668707300736183,0.687354219990266
10.3254260456,0.429728118763232,0.439294520551478,0.239320099623231,0.248423087162993,0.190408019140001,0.190871433388485,0.669048218386463,0.687717607714471
10.3314926884,0.42983073896017,0.439373662630664,0.239558506307262,0.24870778157716,0.190272232652908,0.190665881053504,0.669389245267432,0.688081444207824
10.3375593312,0.429933495954149,0.439453078496274,0.239796879482019,0.248992650344367,0.19013661647213,0.190460428151907,0.669730375436168,0.68844572884064
10.343625974,0.430036402957826,0.43953279117212,0.240035199837936,0.249277670734041,0.190001203119891,0.190255120438079,0.670071602795762,0.688810461906161
10.3496926168,0.430139473641186,0.43961282331401,0.240273447884007,0.249562819378367,0.189866025757179,0.190050003935644,0.670412921525193,0.689175642692377
10.3557592596,0.430242721065106,0.439693197679973,0.240511604401433,0.249848073527281,0.189731116663674,0.189845124152692,0.670754325466539,0.689541271207255
10.3618259024,0.430346158872477,0.439773937264387,0.240749649881615,0.250133409828422,0.189596508990861,0.189640527435965,0.671095808754092,0.689907347092809
10.3678925452,0.430449800276598,0.439855064556206,0.240987565052838,0.25041880549884,0.18946223522376,0.189436259057366,0.671437365329437,0.690273870055047
10.373959188,0.430553658696154,0.439936602678725,0.241225330527265,0.250704237409483,0.189328328168889,0.189232365269243,0.671778989223419,0.690640840088208
10.3800258308,0.430657747622505,0.440018574083858,0.241462926852497,0.250989682431666,0.189194820770007,0.189028891652192,0.672120674475002,0.691008256515524
10.3860924736,0.430762080160351,0.440101001889388,0.241700334873375,0.251275117835027,0.189061745286975,0.188825884054361,0.672462415033726,0.691376119724415
10.3921591164,0.430866670150958,0.440183908695769,0.241937534852829,0.251560520199566,0.188929135298129,0.188623388496203,0.672804205003787,0.691744428895335
10.3982257592,0.430971530475106,0.44026731726042,0.242174507831814,0.251845866862146,0.188797022643292,0.188421450398274,0.673146038306921,0.692113184122566
10.404292402,0.431076674910092,0.440351206435932,0.242411234106254,0.252131071770543,0.188665440803838,0.188220134665389,0.673487909016347,0.692482278206474
10.4103590448,0.431182116589318,0.440435247365249,0.242647694521944,0.252415615635791,0.188534422067374,0.188019631729458,0.673829811111261,0.69285086300104
10.4164256876,0.43128786894804,0.440519385925979,0.242883869665194,0.252699365776942,0.188403999282846,0.187820020149037,0.674171738613234,0.693218751702921
10.4224923304,0.431393945524371,0.440603644366882,0.243119740017799,0.252982299007584,0.188274205506572,0.187621345359298,0.674513685542169,0.693585943374466
10.4285589732,0.431500359312935,0.440688044219099,0.243355286582068,0.25326439022259,0.188145072730867,0.18742365399651,0.674855645895003,0.693952434441689
10.434625616,0.431607124328398,0.440772608203255,0.2435904893718,0.25354561619555,0.188016634956598,0.187226992007705,0.675197613700198,0.694318224398805
10.4406922588,0.431714253270382,0.440857357732474,0.243825329689242,0.253825952453848,0.187888923581139,0.187031405278627,0.675539582959624,0.694683310186322
10.4467589016,0.431821760049533,0.440942315503253,0.244059787636369,0.254105374671398,0.187761972413164,0.186836940831855,0.675881547685902,0.695047690174651
10.4528255444,0.43192965772147,0.4410275030349,0.244293844173421,0.254383859441498,0.187635813548049,0.186643643593402,0.676223501894891,0.695411362476398
10.4588921872,0.432037959735909,0.441112942600228,0.244527479863925,0.254661381812545,0.187510479871984,0.186451560787683,0.676565439599834,0.695774324412772
10.46495883,0.432146679679827,0.441198656343241,0.244760675120799,0.254937918677752,0.187386004559028,0.186260737665489,0.676907354800626,0.696136575020994
10.4710254728,0.432255830435658,0.441284665879736,0.244993411106888,0.25521344492258,0.18726241932877,0.186071220957156,0.677249241542547,0.696498110802316
10.4770921156,0.432365426193586,0.441370993882396,0.245225667583797,0.255487937274005,0.187139758609789,0.185883056608391,0.677591093777383,0.696858931156401
10.4831587584,0.432475479471013,0.441457661758831,0.245457426116592,0.255761371347097,0.187018053354421,0.185696290411734,0.677932905587605,0.697219033105928
10.4892254012,0.432586004310879,0.44154469228991,0.245688666614835,0.256033722652037,0.186897337696045,0.185510969637872,0.678274670925714,0.697578414941947
10.495292044,0.432697013693136,0.44163210686397,0.245919370150147,0.256304967975131,0.18677764354299,0.185327138888839,0.678616383843283,0.697937074839101
10.5013586868,0.43280852107984,0.441719927873882,0.246149517266333,0.256575082224981,0.186659003813507,0.185144845648901,0.678958038346174,0.698295010098863
10.5074253296,0.432920540108955,0.441808177359297,0.246379088304373,0.256844042373198,0.186541451804581,0.184964134986099,0.679299628413328,0.698652219732494
10.5134919724,0.433033083548602,0.441896877019852,0.246608064590712,0.257111823296449,0.18642501895789,0.184785053723402,0.679641148139315,0.699008700316301
10.5195586152,0.433146165766602,0.441986049481552,0.246836425631694,0.257378401674434,0.186309740134908,0.184607647807119,0.679982591398296,0.699364451155986
10.525625258,0.433259799097081,0.442075716144725,0.247064153256739,0.257643753211254,0.186195645840343,0.184431962933472,0.68032395235382,0.699719469355979
10.5316919008,0.433373997714211,0.442165899876657,0.247291227184527,0.257907853251693,0.186082770529684,0.184258046624964,0.680665224898738,0.70007375312835
10.5377585436,0.433488774524396,0.442256621933212,0.247517628594995,0.258170678775922,0.1859711459294,0.184085943157291,0.681006403119391,0.700427300709134
10.5438251864,0.433604142999915,0.442347904827696,0.247743338015294,0.258432204553483,0.185860804984621,0.183915700274214,0.681347481015209,0.700780109381179
10.5498918292,0.433720116831833,0.442439770495803,0.247968335711398,0.258692407633151,0.185751781120436,0.183747362862652,0.681688452543231,0.701132178128954
10.555958472,0.433836708671847,0.442532240720199,0.248192603176415,0.258951262883429,0.185644105495432,0.18358097783677,0.682029311848262,0.701483503603629
10.5620251148,0.433953933067526,0.442625338081478,0.248416119658366,0.259208746936068,0.18553781340916,0.183416591145409,0.682370052725892,0.701834085017546
10.5680917576,0.434071802168666,0.442719083970912,0.248638867252558,0.259464835585549,0.185432934916108,0.183254248385363,0.682710669421224,0.702183919556461
10.5741584004,0.434190330279608,0.442813501344249,0.248860825488321,0.259719504009596,0.185329504791288,0.183093997334653,0.683051155767929,0.702533005353845
10.5802250432,0.434309530235329,0.442908611323382,0.249081975650843,0.2599727293831,0.185227554584486,0.182935881940282,0.683391505886172,0.702881340706482
10.586291686,0.434429415516212,0.443004436542425,0.249302298253683,0.260224486337281,0.185127117262529,0.182779950205144,0.683731713769895,0.703228922879705
10.5923583288,0.434549999868543,0.443100998833515,0.249521773484746,0.260474751996844,0.185028226383796,0.182626246836671,0.684071773353289,0.703575750830359
10.5984249716,0.434671295825471,0.443198320061534,0.249740383006872,0.260723501222751,0.184930912818599,0.182474818838782,0.684411678832344,0.703921821284285
10.6044916144,0.434793318116439,0.443296422762926,0.249958105806689,0.26097071059814,0.18483521230975,0.182325712164786,0.684751423923128,0.704267133361067
10.6105582572,0.434916078705846,0.443395328318144,0.250174924246925,0.261216356009215,0.184741154458921,0.18217897230893,0.685091002952771,0.704611684327359
10.6166249,0.435039592027151,0.443495059773438,0.250390817669092,0.261460412464979,0.184648774358059,0.182034647308459,0.685430409696244,0.704955472238417
10.6226915428,0.435163870846016,0.443595638115233,0.250605767460564,0.261702857335899,0.184558103385452,0.181892780779334,0.685769638306581,0.705298495451131
10.6287581856,0.435288928648813,0.443697086098821,0.250819754124375,0.261943665115607,0.184469174524438,0.181753420983214,0.686108682773188,0.705640751214428
10.6348248284,0.435414779239163,0.443799425453185,0.251032757767295,0.262182813003509,0.184382021471868,0.181616612449676,0.686447537006459,0.705982238456694
10.6408914712,0.435541435029557,0.443902678124609,0.251244760224959,0.262420275853646,0.184296674804598,0.181482402270962,0.686786195254516,0.706322953978255
10.646958114,0.435668910933421,0.444006866606652,0.251455740219539,0.262656030199882,0.184213170713881,0.18135083640677,0.68712465115296,0.706662896806534
10.6530247568,0.435797218728704,0.444112012267177,0.251665680382716,0.262890052021483,0.184131538345988,0.181221960245694,0.68746289911142,0.70700206428866
10.6590913996,0.435926372976921,0.44421813824498,0.251874559869716,0.263122316157072,0.184051813107205,0.181095822087908,0.687800932846637,0.707340454402052
10.6651580424,0.436056386376538,0.444325265389518,0.252082360167035,0.26335280017355,0.183974026209503,0.180972465215968,0.688138746543573,0.707678065563068
10.6712246852,0.436187272417797,0.444433416577639,0.252289061770246,0.263581478427694,0.183898210647551,0.180851938149945,0.688476334188044,0.708014895005333
10.677291328,0.436319044963776,0.444542613435568,0.25249464470192,0.263808328192377,0.183824400261856,0.180734285243191,0.688813689665696,0.708350941627945
10.6833579708,0.436451716304183,0.444652877990178,0.252699090973551,0.264033324315347,0.183752625330632,0.180619553674831,0.689150807277733,0.708686202305525
10.6894246136,0.436585301538551,0.444764232693409,0.252902379039791,0.264256443280524,0.18368292249876,0.180507789412885,0.689487680578342,0.709020675973933
10.6954912564,0.436719812257319,0.444876698898764,0.253104491802805,0.264477661161584,0.183615320454514,0.18039903773718,0.689824304060124,0.709354360060348
10.7015578992,0.436855263148996,0.444990299839628,0.253305408233068,0.264696952625108,0.183549854915928,0.18029334721452,0.690160671382064,0.709687252464736
10.707624542,0.436991666846973,0.445105056226992,0.253505109913131,0.264914295435285,0.183486556933842,0.180190760791707,0.690496776760105,0.710019351662277
10.7136911848,0.437129036843245,0.445220991059633,0.253703577334172,0.265129663812772,0.183425459509073,0.180091327246862,0.690832614177417,0.710350654872405
10.7197578276,0.43726738706246,0.445338125861418,0.253900790431496,0.26534303510268,0.183366596630964,0.179995090758738,0.691168177493956,0.710681160964098
10.7258244704,0.43740672966943,0.445456482738996,0.254096731395523,0.265554384147084,0.183309998273907,0.179902098591912,0.691503461064953,0.71101086688608
10.7318911132,0.43754707995191,0.445576084103951,0.25429137841032,0.265763687379298,0.18325570154159,0.179812396724652,0.69183845836223,0.711339771483249
10.737957756,0.43768844931177,0.445696951293658,0.254484714650068,0.26597092096875,0.183203734661702,0.179726030324908,0.692173163961838,0.711667872262409
10.7440243988,0.437830852563458,0.445819107638136,0.254676718902024,0.266176059408317,0.183154133661434,0.179643048229819,0.692507571465481,0.711995167046454
10.7500910416,0.437974302277404,0.445942573708409,0.254867372841727,0.266379080660334,0.183106929435676,0.179563493048075,0.692841675119131,0.712321654368743
10.7561576844,0.438118811945236,0.446067372625557,0.255056656959027,0.266579958810072,0.183062154986209,0.179487413815485,0.693175468904263,0.71264733143563
10.7622243272,0.438264395555296,0.446193525811489,0.255244551098898,0.266778671273649,0.183019844456397,0.17941485453784,0.693508946654194,0.712972197085137
10.76829097,0.438411065145378,0.446321055451817,0.255431037633751,0.266975192888089,0.182980027511626,0.179345862563727,0.693842102779129,0.713296248339906
10.7743576128,0.438558836193579,0.446449983919032,0.255616094474002,0.267169500035437,0.182942741719577,0.179280483883595,0.694174930667581,0.713619483954469
10.7804242556,0.438707719912139,0.446580332532615,0.255799705067381,0.267361568982213,0.182908014844758,0.179218763550402,0.69450742497952,0.713941901514828
10.7864908984,0.438857731240386,0.446712124721259,0.255981848019458,0.267551374045933,0.182875883220928,0.179160750675326,0.694839579259844,0.714263498767191
10.7925575412,0.439008882687908,0.446845380914522,0.256162505095699,0.267738893387931,0.182846377592209,0.179106487526591,0.695171387783607,0.714584274302453
10.798624184,0.439161187743851,0.446980124356166,0.256341656787687,0.267924100958828,0.182819530956164,0.179056023397337,0.695502844531539,0.714904225314994
10.8046908268,0.439314660462363,0.447116376366534,0.256519282847003,0.268106974244516,0.182795377615361,0.179009402122017,0.695833943309366,0.71522335061105
10.8107574696,0.439469312752107,0.447254159209394,0.25669536583111,0.268287488077594,0.182773946920996,0.1789666711318,0.696164678583217,0.715541647286988
10.8168241124,0.439625160283636,0.447393495219405,0.256869883373712,0.268465618788172,0.182755276909925,0.178927876431234,0.696495043657348,0.715859114007577
10.8228907552,0.439782214078505,0.447534405696388,0.257042819197618,0.268641342741204,0.182739394880887,0.178893062955185,0.696825033276123,0.716175748437592
10.828957398,0.439940665171171,0.447677090141059,0.257214400589259,0.268814882938199,0.182726264581912,0.17886220720286,0.697155065760431,0.716491973079257
10.8350240408,0.440100743836438,0.447821786663956,0.257384917450532,0.268986525789916,0.182715826385906,0.17883526087404,0.69748566128697,0.716808312453873
10.8410906836,0.440262460052196,0.447968515125237,0.257554345318659,0.269156240153901,0.182708114733537,0.178812274971336,0.697816805370854,0.717124755279138
10.8471573264,0.440425823806904,0.448117292610469,0.257722658002947,0.269323997738776,0.182703165803957,0.178793294871692,0.698148481809851,0.717441290349245
10.8532239692,0.440590842038503,0.448268136621287,0.257889831404934,0.269489766529288,0.182701010633568,0.178778370091999,0.698480673443437,0.717757903150575
10.859290612,0.440757526985327,0.44842106582899,0.25805583774948,0.269653517673889,0.182701689235847,0.1787675481551,0.698813364734808,0.718074583502879
10.8653572548,0.44092588437576,0.448576096410543,0.258220653821507,0.269815220422805,0.182705230554253,0.178760875987738,0.699146538197267,0.718391316833348
10.8714238976,0.441095925552834,0.448733248155232,0.258384252433159,0.269974843303201,0.182711673119675,0.178758404852031,0.699480177985992,0.718708091458433
10.8774905404,0.441267658274411,0.448892536568804,0.258546608963706,0.270132358320127,0.182721049310705,0.178760178248677,0.699814267238117,0.719024894888931
10.8835571832,0.44144109169055,0.449053979702695,0.258707697797009,0.27028773460795,0.182733393893541,0.178766245094746,0.700148789487559,0.719341714310645
10.889623826,0.441616235845946,0.449217479691631,0.258867492623319,0.270441106326089,0.182748743222627,0.178776373365542,0.700483728469265,0.71965858601772
10.8956904688,0.441793097579603,0.44938277361316,0.259025969584058,0.270592838241279,0.182767127995545,0.178789935371881,0.700819067163661,0.719975611854439
10.9017571116,0.441971689271492,0.449549860555183,0.259183100543372,0.270742928938156,0.182788588728119,0.178806931617027,0.701154789814864,0.720292789493339
10.9078237544,0.442152016515484,0.449718748883246,0.259338862646774,0.27089135894716,0.18281315386871,0.178827389936086,0.701490879162259,0.720610107830406
10.9138903972,0.442334090732175,0.449889452148843,0.259493228466893,0.271038105460041,0.182840862265282,0.178851346688802,0.701827319199068,0.720927557608885
10.91995704,0.442517919651688,0.45006197819959,0.259646173501563,0.2711831513829,0.182871746150125,0.17887882681669,0.702164093153251,0.72124512958249
10.9260236828,0.442703512409121,0.45023633945985,0.259797672136908,0.271326473833288,0.182905840272213,0.178909865626563,0.70250118454603,0.721562813293138
10.9320903256,0.44289087910683,0.450412545822696,0.259947697940087,0.271468054460445,0.182943181166743,0.178944491362252,0.702838577046916,0.721880600283141
10.9381569684,0.443080026483459,0.450590607560895,0.260096227296445,0.27160787187859,0.182983799187014,0.178982735682305,0.703176253779903,0.722198479439485
10.9442236112,0.443270967062036,0.450770536767257,0.260243231705374,0.271745906020886,0.183027735356663,0.179024630746371,0.70351419876741,0.722516442788143
10.950290254,0.443463706301215,0.450952341749715,0.260388688674998,0.271882137732269,0.183075017626217,0.179070204017446,0.703852394976214,0.722834479481985
10.9563568968,0.443658255698434,0.45113603620798,0.260532570540451,0.272016543840099,0.183125685157984,0.179119492367881,0.704190826238885,0.723152580048079
10.9624235396,0.44385462295751,0.451321627815735,0.260674852914089,0.272149107564054,0.183179770043422,0.17917252025168,0.704529475871599,0.723470735379789
10.9684901824,0.44405281719715,0.451509129135985,0.260815510188344,0.272279805854136,0.183237307008806,0.179229323281849,0.704868327385494,0.723788934990121
10.9745568252,0.444252848578798,0.451698549959379,0.260954515803238,0.272408620384953,0.18329833277556,0.179289929574426,0.705207364382036,0.724107170344332
10.980623468,0.44445472373931,0.451889900623968,0.261091846392082,0.272535529883688,0.183362877347229,0.17935437074028,0.705546570131392,0.724425430507657
10.9866901108,0.444658455346204,0.452083193204795,0.261227473085472,0.272660514048052,0.183430982260732,0.179422679156743,0.705885928431677,0.724743707252847
10.9927567536,0.444864048722195,0.452278435951061,0.261361373756166,0.272783554038875,0.18350267496603,0.179494881912187,0.706225422478361,0.725061989989936
10.9988233964,0.445071515440856,0.452475642712482,0.261493520503819,0.272904626318798,0.183577994937037,0.179571016393684,0.706565035944674,0.72538026903128
11.0048900392,0.445280863181121,0.452674820987215,0.261623889051273,0.273023714420124,0.183656974129848,0.179651106567091,0.706904752232393,0.725698535407339
11.010956682,0.445492101043879,0.452875983477383,0.261752453801305,0.273140795127839,0.183739647242574,0.179735188349544,0.707244554845184,0.726016778605222
11.0170233248,0.445705239251092,0.453079139871499,0.26187918806276,0.273255850138895,0.183826051188332,0.179823289732604,0.707584427313852,0.726334990010394
11.0230899676,0.445920284336401,0.4532843005722,0.262004068720956,0.273368858295855,0.183916215615444,0.179915442276345,0.707924353057357,0.726653158868055
11.0291566104,0.446137249113236,0.453491477637617,0.262127066533656,0.273479799058934,0.184010182579581,0.180011678578683,0.708264315646892,0.726971276696551
11.0352232532,0.446356138767666,0.453700679257105,0.262248159740265,0.273588653906256,0.184107979027402,0.180112025350849,0.708604298507931,0.727289333163361
11.041289896,0.44657696494868,0.453911919432171,0.262367320206986,0.273695398935418,0.184209644741695,0.180216520496753,0.708944285155666,0.727607318367589
11.0473565388,0.44679973531176,0.45412520548385,0.262484523763101,0.273800017990387,0.184315211548659,0.180325187493463,0.709284259074862,0.727925223474237
11.0534231816,0.447024458938549,0.454340550253863,0.262599744825777,0.273902487693677,0.184424714112772,0.180438062560186,0.709624203764327,0.72824303794754
11.0594898244,0.447251146112954,0.454557963328876,0.262712956568641,0.274002789761551,0.184538189544313,0.180555173567325,0.709964102681596,0.728560753090426
11.0655564672,0.447479803263971,0.45477745517541,0.262824136133058,0.274100903154369,0.184655667130914,0.180676552021041,0.710303939397029,0.728878358329779
11.07162311,0.447710443352375,0.454999037835544,0.262933253899911,0.274196807092813,0.184777189452464,0.180802230742731,0.710643697252287,0.729195844928356
11.0776897528,0.44794307142687,0.455222719437665,0.263040288477283,0.274290483373694,0.184902782949587,0.180932236063971,0.710983359904153,0.729513202811358
11.0837563956,0.44817769921115,0.455448514136866,0.263145211499939,0.274381907729239,0.185032487711211,0.181066606407627,0.711322910711088,0.729830421866105
11.0898230384,0.448414334338671,0.45567642907546,0.263247998899563,0.274471064314126,0.185166335439108,0.181205364761334,0.711662333238234,0.730147493389587
11.0958896812,0.448652985870403,0.455906477235245,0.26334862511175,0.274557929590928,0.185304360758654,0.181348547644317,0.712001610982153,0.730464406826173
11.101956324,0.448893664153627,0.456138668101329,0.263447063170869,0.2746424852922,0.185446600982758,0.181496182809129,0.712340727324496,0.73078115339353
11.1080229668,0.449136375511264,0.456373012203418,0.263543290478372,0.274724710498512,0.185593085032892,0.181648301704906,0.712679665989636,0.731097722701929
11.1140896096,0.449381133052863,0.456609521568393,0.263637277034228,0.274804584188968,0.185743856018635,0.181804937379425,0.71301841008709,0.731414105757362
11.1201562524,0.449627941689048,0.456848204262561,0.263729001817208,0.274882088480468,0.18589893987184,0.181966115782093,0.713356943506256,0.73173029274303
11.1262228952,0.449876813217506,0.457089074596387,0.263818436232666,0.274957198739542,0.18605837698484,0.182131875856845,0.713695249450172,0.732046273335929
11.132289538,0.450127755251095,0.457332139531866,0.263905556310646,0.27502989943062,0.18622219894045,0.182302240101246,0.714033311561741,0.732362038962486
11.1383561808,0.450380776828683,0.45757741219135,0.26399033650921,0.275100166858875,0.186390440319473,0.182477245332475,0.714371113337893,0.732677579050225
11.1444228236,0.45063588836235,0.45782490195868,0.264072749719431,0.275167982770124,0.186563138642919,0.182656919188556,0.714708638081782,0.732992884728804
11.1504894664,0.450893096067521,0.458074620266662,0.264152773606888,0.275233325178749,0.186740322460633,0.182841295087913,0.715045869674408,0.733307945445411
11.1565561092,0.451152499367299,0.458326664628257,0.264230255933202,0.275296051904392,0.186922243434097,0.183030612723865,0.7153827553005,0.73362271653265
11.162622752,0.451414376701345,0.458581315265127,0.264304789025105,0.275355760410261,0.18710958767624,0.183225554854866,0.715719165726451,0.733937075675388
11.1686893948,0.451678732262301,0.458838580457691,0.264376354919343,0.275412434446895,0.187302377342958,0.183426146010796,0.716055087181644,0.734251014904586
11.1747560376,0.451945541116922,0.45909843402627,0.264444975740311,0.275466105399663,0.187500565376611,0.183632328626607,0.716390516857233,0.734564539425933
11.1808226804,0.452214780014393,0.459360857374845,0.264510671603811,0.275516794474876,0.187704108410582,0.183844062899969,0.716725451618205,0.734877651849721
11.1868893232,0.45248642731546,0.459625827295459,0.264573460674672,0.275564529377542,0.187912966640788,0.184061297917916,0.717059887990132,0.735190356673001
11.192955966,0.452760456545758,0.45989332218603,0.264633366964538,0.275609335054451,0.18812708958122,0.184283987131579,0.717393823510296,0.735502657240481
11.1990226088,0.453036849211148,0.460163321872075,0.264690404815821,0.27565123549089,0.188346444395327,0.184512086381184,0.717727254026969,0.735814557362965
11.2050892516,0.453315577315328,0.460435801803323,0.264744600103402,0.275690259399402,0.188570977211926,0.184745542403922,0.718060177418731,0.736126061202725
11.2111558944,0.453596620718177,0.460710744583664,0.264795969151389,0.27572642669946,0.188800651566787,0.184984317884204,0.718392589869566,0.736437171283123
11.2172225372,0.453879954622111,0.460988124293579,0.264844533957514,0.275759768456827,0.189035420664596,0.185228355836751,0.718724488579625,0.736747892750406
11.22328918,0.454165555750734,0.461267922175112,0.26489031466901,0.27579030615463,0.189275241081725,0.185477616020482,0.719055870419744,0.737058228329742
11.2293558228,0.454453402380294,0.461550115078295,0.264933329514506,0.275818067280683,0.189520072865787,0.185732047797611,0.7193867318948,0.737368182358978
11.2354224656,0.454743468242874,0.461834681453475,0.264973602331693,0.275843076923334,0.189769865911182,0.185991604530142,0.719717070574567,0.737677758376809
11.2414891084,0.455035734504067,0.462121600971519,0.26501114776201,0.275865359015429,0.190024586742057,0.18625624195609,0.720046882266078,0.737986959986948
11.2475557512,0.45533017351971,0.462410849308104,0.265045991366392,0.275884942187313,0.190284182153318,0.186525907120791,0.720376164886101,0.738295791495417
11.253622394,0.45562676490762,0.462702408786937,0.265078149687658,0.275901846613475,0.190548615219962,0.186800562173462,0.720704914595279,0.738604255400412
11.2596890368,0.455925484002196,0.462996253748374,0.265107644600063,0.275916103037265,0.190817839402134,0.187080150711108,0.721033128602259,0.738912356785639
11.2657556796,0.456226307505143,0.463292365274362,0.265134496279083,0.275927733219235,0.19109181122606,0.187364632055128,0.721360803784226,0.739220098493597
11.2718223224,0.456529213604524,0.463590720270516,0.265158723020337,0.275936764430786,0.191370490584186,0.18765395583973,0.721687936624861,0.739527484701302
11.2778889652,0.456834176240717,0.463891297241227,0.265180348485968,0.275943221899963,0.191653827754749,0.187948075341264,0.722014524726685,0.739834519141189
11.283955608,0.457141176240882,0.464194075701992,0.265199387614849,0.275947129510383,0.191941788626033,0.188246946191608,0.722340563855731,0.740141205212375
11.2900222508,0.457450186309316,0.464499031554872,0.265215865657153,0.275948515806371,0.192234320652163,0.188550515748501,0.722666051966469,0.740447547361243
11.2960888936,0.457761185825459,0.464806146842913,0.265229799371229,0.275947401221316,0.19253138645423,0.188858745621597,0.722990985196688,0.74075354806423
11.3021555364,0.458074150252006,0.465115396166058,0.265241210511035,0.275943816173351,0.192832939740972,0.189171579992707,0.723315360763041,0.741059212339409
11.3082221792,0.458389056272445,0.465426760447997,0.26525011927711,0.275937782701065,0.193138936995335,0.189488977746931,0.723639175549555,0.741364543149062
11.314288822,0.458705881982977,0.465740216647525,0.265256544035245,0.275929327860227,0.193449337947732,0.189810888787298,0.723962426018222,0.741669544507752
11.3203554648,0.459024601534111,0.466055743324687,0.265260508270442,0.275918477016712,0.19376409326367,0.190137266307974,0.724285109804553,0.741974220341399
11.3264221076,0.459345195416418,0.466373319838896,0.265262027217417,0.275905254008128,0.194083168199002,0.190468065830768,0.724607222633835,0.742278573847025
11.3324887504,0.459667636678974,0.466692922319029,0.265261125818765,0.275889687288951,0.194406510860208,0.190803235030078,0.724928762497739,0.742582609607979
11.3385553932,0.459991904466519,0.467014532526995,0.265257821045181,0.275871797555359,0.194734083421338,0.191142734971636,0.7252497255117,0.742886330082354
11.344622036,0.460317974366367,0.467338125322033,0.26525213453351,0.275851614897461,0.195065839832857,0.191486510424573,0.725570108899877,0.743189740219494
11.3506886788,0.460645823047468,0.467663681471418,0.265244086506171,0.275829161632497,0.195401736541297,0.191834519838921,0.725889909553639,0.743492843103915
11.3567553216,0.46097542851048,0.467991177984724,0.265233695402309,0.27580446460138,0.195741733108172,0.192186713383344,0.726209123912789,0.743795642586105
11.3628219644,0.461306765117885,0.468320593479257,0.265220984528193,0.275777549305958,0.196085780589692,0.192543044173299,0.726527749646079,0.744098142785215
11.3688886072,0.461639813025504,0.468651907157635,0.265205969412792,0.275748439541039,0.196433843612711,0.192903467616596,0.726845782438296,0.744400346698674
11.37495525,0.46197454562351,0.468985095375977,0.265188674694308,0.275717163667427,0.196785870929201,0.19326793170855,0.727163220317818,0.744702259043404
11.3810218928,0.462310941825626,0.469320139614585,0.265169117552594,0.275683742647979,0.197141824273033,0.193636396966606,0.72748005937822,0.745003882262563
11.3870885356,0.462648977340105,0.469657014991703,0.265147319510569,0.275648206241969,0.197501657829536,0.194008808749733,0.727796296850674,0.745305221233672
11.3931551784,0.462988628825037,0.469995702120028,0.265123300809345,0.275610577045905,0.197865328015692,0.194385125074124,0.728111929634383,0.745606279165933
11.3992218212,0.46332987418186,0.470336178057516,0.265097079964608,0.275570881686622,0.198232794217253,0.194765296370895,0.728426954146468,0.745907059744138
11.405288464,0.463672687986865,0.47067842148034,0.265068680102303,0.275529145800076,0.198604007884562,0.195149275680263,0.728741368089168,0.746207567280416
11.4113551068,0.464017050062965,0.47102241143361,0.265038117044056,0.275485393141491,0.198978933018909,0.195537018292119,0.729055167107021,0.7465078045751
11.4174217496,0.46436293413775,0.471368124501119,0.265005415126862,0.275439651974176,0.199357519010889,0.195928472526944,0.729368349264612,0.746807776475295
11.4234883924,0.464710318897609,0.471715541881084,0.264970591736547,0.275391943531549,0.199739727161062,0.196323598349535,0.729680910634156,0.747107485412633
11.4295550352,0.465059180168047,0.472064638950468,0.264933668285291,0.275342297239251,0.200125511882756,0.196722341711217,0.729992848453337,0.747406936189719
11.435621678,0.465409494599981,0.47241539616923,0.264894665029711,0.275290735973664,0.20051482957027,0.197124660195566,0.730304159629692,0.747706132142894
11.4416883208,0.465761239991943,0.472767790641303,0.264853600565221,0.275237286148325,0.200907639426722,0.197530504492977,0.730614840557164,0.748005076789628
11.4477549636,0.466114391135877,0.473121801103338,0.26481049783585,0.275181973531441,0.201303893300027,0.197939827571897,0.730924888971726,0.748303774634779
11.4538216064,0.466468927523629,0.473477406442255,0.264765372954287,0.275124821841812,0.201703554569342,0.198352584600443,0.731234300477915,0.748602228284068
11.4598882492,0.466824823216523,0.473834583472938,0.264718249959504,0.275065859237214,0.202106573257018,0.198768724235725,0.731543073176027,0.748900442710152
11.465954892,0.467182056677293,0.474193313101896,0.264669146440119,0.275005107238446,0.202512910237174,0.199188205863449,0.731851203117411,0.749198420340342
11.4720215348,0.467540603845019,0.474553570973731,0.264618083700753,0.274942594921682,0.202922520144266,0.199610976052049,0.732158687545772,0.749496165895414
11.4780881776,0.467900441367125,0.474915337394426,0.26456508201035,0.27487834544815,0.203335359356775,0.200036991946276,0.732465523377475,0.749793682842576
11.4841548204,0.468261546935555,0.475278589511486,0.264510160047229,0.274812385018867,0.203751386888326,0.20046620449262,0.732771706982784,0.750090974530353
11.4902214632,0.468623895559747,0.475643306123653,0.264453340571912,0.274744739532427,0.204170554987835,0.200898566591226,0.73307723613166,0.75038804565608
11.496288106,0.46898746640232,0.476009465958945,0.264394639986564,0.27467543267442,0.204592826415756,0.201334033284525,0.733382106388884,0.750684898633365
11.5023547488,0.469352233854653,0.476377046064081,0.264334082035316,0.274604492492815,0.205018151819337,0.201772553571266,0.733686315889969,0.750981538556896
11.5084213916,0.469718176159504,0.476746027052422,0.26427168450639,0.274531940801046,0.205446491653115,0.202214086251376,0.733989860665894,0.751277967853468
11.5144880344,0.470085269365849,0.477116384836896,0.264207468600038,0.274457806321637,0.205877800765811,0.202658578515259,0.734292737965886,0.751574191158533
11.5205546772,0.470453490121296,0.477488099571017,0.264141454594339,0.274382112501738,0.206312035526957,0.203105987069279,0.734594944715635,0.751870212072755
11.52662132,0.470822816007524,0.47786114844347,0.264073661253711,0.274304885330621,0.206749154753813,0.203556263112848,0.734896477261234,0.752166033774091
11.5326879628,0.471193222253304,0.478235510316687,0.264004111153572,0.274226150835411,0.207189111099732,0.204009359481276,0.735197333406876,0.752461661152098
11.5387546056,0.471564687693868,0.478611163759071,0.263932820983967,0.274145932671706,0.207631866709901,0.204465231087365,0.735497508677835,0.752757096430776
11.5448212484,0.471937187046968,0.478988086048839,0.263859814197375,0.274064258774924,0.208077372849593,0.204923827273915,0.735797001244343,0.753052344823763
11.5508878912,0.47231069833907,0.479366257508065,0.263785108778439,0.273981151251723,0.208525589560631,0.205385106256342,0.73609580711751,0.753347408759788
11.556954534,0.472685197725362,0.479745654315363,0.263708725826222,0.273896638471491,0.20897647189914,0.205849015843873,0.736393923551584,0.753642292786854
11.5630211768,0.47306066185732,0.480126256474406,0.263630685624759,0.273810744166803,0.209429976232561,0.206315512307604,0.73669134748208,0.753937000641209
11.5690878196,0.473437068202675,0.480508041186257,0.263551007027745,0.273723494078633,0.20988606117493,0.206784547107625,0.73698807523042,0.75423153526489
11.5751544624,0.473814392211372,0.480890850156209,0.263469712423906,0.273634720298934,0.210344679787466,0.207256129857276,0.737284104635278,0.754525570455143
11.5812211052,0.474192612393097,0.481274525042119,0.263386818789576,0.273544253062545,0.210805793603522,0.207730271979574,0.737579431182673,0.754818778104664
11.587287748,0.474571703788294,0.481659040952978,0.263302349288763,0.273452116794913,0.211269354499532,0.208206924158065,0.737874053077057,0.755111157747891
11.5933543908,0.474951644210817,0.48204437585947,0.263216322099346,0.27335833098046,0.211735322111471,0.20868604487901,0.738167966310164,0.755402706839929
11.5994210336,0.475332409918386,0.482430504175828,0.263128758222387,0.273262920768726,0.212203651695999,0.209167583407102,0.738461168140773,0.755693424944554
11.6054876764,0.475713977570025,0.482817403317843,0.26303967794469,0.273165906725602,0.212674299625336,0.209651496592241,0.738753655514715,0.755983310043446
11.6115543192,0.476096324515836,0.483205048849054,0.262949100212412,0.273067312014613,0.213147224303425,0.210137736834441,0.739045424728248,0.756272360863668
11.617620962,0.47647942642878,0.483593417105192,0.262857047225995,0.272967159154093,0.213622379202784,0.210626257951099,0.739336473654775,0.756560576259285
11.6236876048,0.476863261494836,0.483982484659666,0.262763536246469,0.272865469382512,0.214099725248367,0.211117015277155,0.739626797741305,0.756847954042178
11.6297542476,0.477247805073458,0.484372226841287,0.262668590152557,0.272762266991692,0.214579214920901,0.211609959849596,0.739916395226015,0.757134493832979
11.6358208904,0.477633034769573,0.484762621334063,0.262572227312191,0.272657571761722,0.215060807457382,0.212105049572341,0.740205262081763,0.757420193095784
11.6418875332,0.478018926939747,0.485153642821863,0.262474468631611,0.272551408503081,0.215544458308135,0.212602234318782,0.740493395571358,0.757705051324944
11.647954176,0.478405458254237,0.48554526855654,0.262375334397209,0.272443798038735,0.216030123857028,0.213101470517805,0.740780792651446,0.757989066595275
11.6540208188,0.478792605941834,0.485937474160377,0.26227484365079,0.272334763357822,0.216517762291043,0.213602710802555,0.741067449592624,0.758272237518199
11.6600874616,0.479180345900353,0.486330236012126,0.262173018402918,0.272224327065569,0.217007327497434,0.214105908946557,0.741353364303271,0.758554563077694
11.6661541044,0.479568655993909,0.486723530544215,0.262069876197726,0.272112510409538,0.217498779796183,0.214611020134677,0.741638532191635,0.758836040953754
11.6722207472,0.479957511897287,0.487117333305283,0.261965439631838,0.271999337545664,0.217992072265449,0.215117995759619,0.741922951529125,0.759116670850947
11.67828739,0.480346891010162,0.487511621694178,0.261859727260051,0.271884828549811,0.218487163750111,0.215626793144367,0.742206618270214,0.75939645024399
11.6843540328,0.480736769784271,0.487906370662112,0.261752759896975,0.271769007894387,0.218984009887296,0.216137362767725,0.742489529681246,0.759675378556499
11.6904206756,0.481127124904782,0.48830155729928,0.261644557825397,0.271651896658462,0.219482567079385,0.216649660640817,0.74277168273018,0.759953453957742
11.6964873184,0.481517933475494,0.488697157284482,0.26153514018596,0.2715335176578,0.219982793289534,0.217163639626683,0.743053073661454,0.760230674942282
11.7025539612,0.481909171620917,0.489093147041265,0.261424528797755,0.271413893582902,0.220484642823162,0.217679253458363,0.743333700418672,0.760507040624167
11.708620604,0.482300816885144,0.48948950286002,0.261312741486427,0.271293045693167,0.220988075398717,0.218196457166853,0.743613558371572,0.760782548553187
11.7146872468,0.482692845254607,0.48988620050922,0.261199800569685,0.271170998006372,0.221493044684922,0.218715202502848,0.743892645824292,0.761057198515592
11.7207538896,0.483085233927412,0.490283217104071,0.261085724786008,0.27104777089427,0.221999509141404,0.219235446209801,0.744170958713421,0.761330987998341
11.7268205324,0.483477959446786,0.49068052786083,0.260970534861556,0.270923388492189,0.22250742458523,0.219757139368641,0.744448494308342,0.761603916353018
11.7328871752,0.483870998516487,0.491078109710318,0.260854251072335,0.270797872134327,0.223016747444153,0.220280237575991,0.744725249588822,0.761875981844645
11.738953818,0.484264328111643,0.491475938385625,0.260736892661001,0.270671244464089,0.223527435450642,0.220804693921536,0.745001220772644,0.762147182849715
11.7450204608,0.484657924585301,0.491873990356866,0.260618481253585,0.270543528255635,0.224039443331716,0.221330462101231,0.745276405838886,0.762417518612501
11.7510871036,0.485051765163368,0.492272241771338,0.260499034955652,0.270414744782939,0.224552730207717,0.221857496988399,0.74555080011902,0.762686986554278
11.7571537464,0.485445826140245,0.492670668617355,0.260378575809177,0.270284917923358,0.225067250331068,0.222385750693997,0.745824401949422,0.762955586540712
11.7632203892,0.485840084516151,0.493069247727998,0.26025712273314,0.270154068344641,0.22558296178301,0.222915179383357,0.746097207249291,0.763223316072638
11.769287032,0.486234516922118,0.493467954582271,0.260134696368435,0.270022219846026,0.226099820553682,0.223445734736246,0.746369213290553,0.763490174428297
11.7753536748,0.486629100084179,0.49386676595391,0.260011316981099,0.26988939401587,0.22661778310308,0.22397737193804,0.746640417065279,0.76375615996978
11.7814203176,0.487023810845109,0.494265657628062,0.259887003918991,0.269755613326232,0.227136806926117,0.224510044301829,0.7469108147641,0.764021270954294
11.7874869604,0.48741862578833,0.494664606123184,0.259761778613487,0.26962090063331,0.227656847174843,0.225043705489874,0.747180404401817,0.764285506756494
11.7935536032,0.487813521823407,0.495063587442424,0.259635659448478,0.269485277228399,0.228177862374929,0.225578310214026,0.747449181271885,0.764548864670823
11.799620246,0.488208475549027,0.495462577793942,0.259508668193394,0.269348766846163,0.228699807355633,0.226113810947779,0.747717143742421,0.764811344640106
11.8056868888,0.488603463771203,0.495861553730213,0.259380823944527,0.269211390450465,0.229222639826676,0.226650163279748,0.74798428771573,0.765072944180678
11.8117535316,0.488998463205093,0.496260490990694,0.259252147260692,0.269073171505442,0.229746315944401,0.227187319485252,0.748250610465785,0.765333662496135
11.8178201744,0.489393450602685,0.496659366194313,0.259122658394771,0.268934131852635,0.230270792207914,0.227725234341678,0.748516108997456,0.765593498046948
11.8238868172,0.489788402670717,0.497058155176047,0.258992376803012,0.268794293793771,0.230796025867705,0.228263861382276,0.748780779473728,0.765852448969819
11.82995346,0.490183296224831,0.497456834504475,0.258861323720541,0.268653680265469,0.23132197250429,0.228803154239006,0.749044619945372,0.766110514769945
11.8360201028,0.490578107860088,0.497855380037535,0.258729517807986,0.268512312579086,0.231848590052102,0.229343067458448,0.749307625668075,0.766367692616621
11.8420867456,0.49097281447578,0.498253768203239,0.258596980565415,0.268370214324331,0.232375833910365,0.229883553878908,0.749569795041196,0.766623982527569
11.8481533884,0.491367392687396,0.498651975274973,0.258463731263248,0.268227406761285,0.232903661424148,0.230424568513688,0.749831123950644,0.766879382036258
11.8542200312,0.491761819290538,0.499049977250352,0.258329790381404,0.268083913019977,0.233432028909134,0.230966064230375,0.750091609671943,0.767133890270329
11.860286674,0.49215607106683,0.499447750595781,0.258195178156429,0.267939755194163,0.233960892910401,0.231507995401618,0.75035124922326,0.767387505789944
11.8663533168,0.492550124583294,0.499845271193838,0.25805991415614,0.267794955416247,0.234490210427154,0.23205031577759,0.750610038739435,0.767640226610085
11.8724199596,0.49294395688963,0.500242515664995,0.257924019417826,0.267649536701655,0.235019937471804,0.23259297896334,0.750867976307457,0.76789205236665
11.8784866024,0.493337544268237,0.500639459720924,0.257787512877256,0.267503520384544,0.235550031390981,0.23313593933638,0.751125057145493,0.768142980105468
11.8845532452,0.493730863915331,0.501036080009499,0.25765041576832,0.267356929907402,0.236080448147011,0.233679150102098,0.751381279683651,0.768393009916901
11.890619888,0.494123892259557,0.501432352526534,0.257512747532383,0.267209786826644,0.236611144727174,0.23422256569989,0.75163663979194,0.768642139353177
11.8966865308,0.494516606173281,0.501828253525502,0.257374528573653,0.267062113939175,0.237142077599628,0.234766139586327,0.751891134746934,0.768890367464677
11.9027531736,0.494908982471442,0.50222375932257,0.257235779109154,0.266913933589996,0.237673203362289,0.235309825732574,0.752144761580596,0.769137692912567
11.9088198164,0.495300997577668,0.502618845845689,0.257096518821458,0.266765267743203,0.23820447875621,0.235853578102486,0.752397516399125,0.769384113588892
11.9148864592,0.495692628777555,0.503013489768999,0.256956768548422,0.266616139491409,0.238735860229133,0.23639735027759,0.752649397325977,0.769629629260408
11.920953102,0.496083852042681,0.503407666656849,0.256816547499366,0.266466570194314,0.239267304543315,0.236941096462534,0.752900399542048,0.769874236851163
11.9270197448,0.496474644862507,0.50380135337698,0.256675876645188,0.266316583144919,0.239798768217319,0.237484770232061,0.753150521507694,0.770117936521899
11.9330863876,0.496864983482512,0.50419452564915,0.256534775595011,0.266166200196082,0.240330207887501,0.238028325453068,0.753399759077522,0.770360725845232
11.9391530304,0.497254844848146,0.504587159980399,0.256393264680517,0.266015443812577,0.240861580167629,0.238571716167823,0.753648109528663,0.770602603792976
11.9452196732,0.497644205811348,0.504979232538936,0.256251364096023,0.265864336589677,0.241392841715324,0.239114895949259,0.753895569907371,0.770843569128614
11.951286316,0.498033042648663,0.505370719295857,0.256109093642043,0.26571290032418,0.241923949006621,0.239657818971677,0.754142136290706,0.771083619620037
11.9573529588,0.498421332883431,0.505761596980742,0.255966473955408,0.265561158184273,0.242454858928023,0.240200438796469,0.754387806838839,0.771322755165016
11.9634196016,0.498809052178247,0.506151841009564,0.255823524517396,0.265409131557939,0.242985527660851,0.240742709451625,0.754632576695644,0.771560972567503
11.9694862444,0.499196178312133,0.506541428469937,0.255680266039098,0.265256843586424,0.243515912273035,0.241284584883513,0.754876444351231,0.771798272056361
11.9755528872,0.499582687351087,0.506930334807078,0.255536718294211,0.265104316419143,0.244045969056876,0.241826018387935,0.755119405645298,0.772034651226221
11.98161953,0.499968556309962,0.5073185367793,0.255392901545076,0.264951572189725,0.244575654764886,0.242366964589575,0.755361457855038,0.772270108969025
11.9876861728,0.500353762081373,0.507706010409135,0.255248835960118,0.264798633742748,0.245104926121255,0.242907376666387,0.75560259804149,0.772504644151882
11.9937528156,0.50073832666846,0.508092777585949,0.255104606341348,0.264645587589094,0.245633720327112,0.243447189996854,0.755842933009808,0.772738365175043
11.9998194584,0.501122490932153,0.508479078194548,0.254960605199758,0.264492829047686,0.246161885732395,0.243986249146863,0.756083096131911,0.772971907242234
12.0058861012,0.501506277177487,0.508864934451051,0.254816918683726,0.264340445934262,0.246689358493761,0.244524488516789,0.756323195861213,0.773205380385313
12.011952744,0.501889667513054,0.509250327706643,0.254673572966358,0.264188466954687,0.247216094546696,0.245061860751957,0.756563240479412,0.77343879466133
12.0180193868,0.502272642917299,0.509635238221762,0.254530595178609,0.264036921750913,0.24774204773869,0.245598316470849,0.756803238095908,0.773672159972675
12.0240860296,0.502655184993139,0.510019647526044,0.254388011912224,0.263885838521976,0.248267173080915,0.246133809004068,0.757043196905362,0.77390548604802
12.0301526724,0.503037275274563,0.51040353609564,0.254245849807711,0.263735246861945,0.248791425466852,0.246668289233695,0.757283125082274,0.774138782957584
12.0362193152,0.503418894759071,0.510786885007406,0.254104136019071,0.263585175344105,0.24931475874,0.247201709663302,0.757523030778142,0.774372060351511
12.042285958,0.503800025576845,0.51116967523297,0.253962896611133,0.263435653117768,0.249837128965712,0.247734022115202,0.757762922187978,0.774605328350738
12.0483526008,0.504180648197518,0.511551887307857,0.253822159268617,0.263286709300004,0.250358488928901,0.248265178007853,0.758002807466135,0.774838596607861
12.0544192436,0.504560744957407,0.511933502748663,0.253681949834146,0.263138372363348,0.250878795123261,0.248795130385315,0.758242694791553,0.775071875112012
12.0604858864,0.504940296695144,0.512314501576628,0.253542295642576,0.262990672292229,0.251398001052568,0.249323829284399,0.758482592337721,0.775305173868857
12.0665525292,0.505319285065545,0.51269486570555,0.253403223208336,0.2628436367334,0.25191606185721,0.24985122897215,0.758722508273881,0.77553850243895
12.072619172,0.505697691638615,0.513074589747834,0.253264759122666,0.262697275303038,0.252432932515949,0.250377314444796,0.758962450761282,0.775771865050872
12.0786858148,0.506075497287926,0.513453734472927,0.253126930715417,0.262551503856097,0.252948566572509,0.250902230616829,0.759202428003343,0.776005238329024
12.0847524576,0.506452684336756,0.513832294903156,0.252989763774678,0.262406331685976,0.253462920562078,0.251425963217181,0.759442448111433,0.776238626589132
12.0908191004,0.506829233011214,0.514210252166209,0.252853286337107,0.262261787064003,0.253975946674107,0.251948465102206,0.759682519348321,0.776472039230212
12.0968857432,0.5072051258724,0.514587588987018,0.252717523919081,0.262117896754302,0.254487601953319,0.252469692232716,0.759922649791481,0.77670548574132
12.102952386,0.507580343622076,0.514964285817213,0.252582504055121,0.261974690136999,0.254997839566955,0.252989595680214,0.760162847677197,0.776938975954213
12.1090190288,0.507954867964014,0.515340325609618,0.252448253186571,0.261832193380287,0.255506614777443,0.253508132229331,0.760403121150585,0.777172518989906
12.1150856716,0.508328680507176,0.515715689349115,0.252314797851176,0.261690435386523,0.256013882656001,0.254025253962592,0.760643478358352,0.777406124735637
12.1211523144,0.508701761998264,0.516090359057177,0.252182165558864,0.261549443361076,0.2565195964394,0.254540915696101,0.760883927557128,0.777639802418253
12.1272189572,0.509074094955127,0.516464316690824,0.252050381818869,0.26140924508911,0.257023713136257,0.255055071601714,0.761124476773996,0.777873561779934
12.1332856,0.509445659361816,0.516837543275517,0.251919475017675,0.261269868978418,0.257526184344141,0.255567674297099,0.76136513437949,0.778107412253935
12.1393522428,0.509816438001274,0.517210021713357,0.251789470349641,0.261131341542847,0.258026967651633,0.25607868017051,0.761605908350915,0.778341363256204
12.1454188856,0.510186411441335,0.517581732209461,0.25166039554472,0.260993692515661,0.258526015896614,0.256588039693799,0.761846806986055,0.778575424725122
12.1514855284,0.510555561431786,0.517952657955048,0.251532276975408,0.260856947718599,0.259023284456377,0.257095710236449,0.762087838407194,0.778809605673647
12.1575521712,0.510923869623486,0.518322779783885,0.251405141121717,0.260721136281836,0.259518728501769,0.257601643502049,0.762329010745203,0.779043916065721
12.163618814,0.511291316633327,0.518692079782287,0.251279015677889,0.260586285302968,0.260012300955439,0.258105794479318,0.762570332311216,0.779278365085255
12.1696854568,0.511657885175198,0.519060539927437,0.251153925872186,0.26045242255311,0.260503959303012,0.258608117374327,0.762811811047384,0.779512962480547
12.1757520996,0.512023554992564,0.519428141141116,0.251029900438798,0.260319576578781,0.260993654553766,0.259108564562335,0.763053455431362,0.779747717719896
12.1818187424,0.512388309087271,0.5197948665033,0.250906964254302,0.260187773642383,0.261481344832968,0.259607092860917,0.763295273341573,0.779982640145684
12.1878853852,0.512752127896161,0.520160695973442,0.250785145239852,0.26005704382929,0.261966982656309,0.260103652144152,0.763537273136013,0.780217739802731
12.193952028,0.513114993212101,0.520525612979533,0.250664469703325,0.259927412616911,0.262450523508777,0.260598200362621,0.763779462915426,0.780453025596444
12.2000186708,0.513476886730785,0.520889598205832,0.250544964062767,0.259798909361133,0.262931922668018,0.261090688844698,0.764021850793552,0.780688507566965
12.2060853136,0.513837788936355,0.521252633801942,0.25042665620097,0.25967156105393,0.263411132735385,0.261581072748013,0.764264445137325,0.780924194855872
12.2121519564,0.51419768274021,0.521614701766684,0.250309571063106,0.259545395450132,0.263888111677104,0.262069306316551,0.764507253803316,0.781160097216816
12.2182185992,0.514556547646698,0.521975782916693,0.250193737728954,0.259420441237247,0.264362809917744,0.262555341679445,0.764750285375653,0.78139622415394
12.224285242,0.51491436687363,0.522335860510537,0.250079180761543,0.259296724425069,0.264835186112086,0.263039136085468,0.764993547635173,0.781632584935605
12.2303518848,0.515271120729796,0.522694914262845,0.249965928268994,0.25917427545004,0.265305192460802,0.263520638812804,0.76523704899879,0.781869189712885
12.2364185276,0.515626791048201,0.523052927836761,0.249854006498798,0.259053119447382,0.265772784549403,0.263999808389379,0.765480797546998,0.782106047284143
12.2424851704,0.515981359572314,0.523409881768644,0.249743441802805,0.258933285996572,0.266237917769509,0.264476595772073,0.765724801375119,0.782343167765216
12.2485518132,0.516334806650589,0.523765758269833,0.249634262256585,0.258814801986116,0.266700544394004,0.264950956283717,0.765969068907174,0.782580560255949
12.254618456,0.516687115393404,0.524120539362252,0.249526492520106,0.258697695152332,0.267160622873298,0.26542284420992,0.76621360791351,0.782818234514584
12.2606850988,0.51703826506746,0.524474205755936,0.249420162016622,0.258581994325974,0.267618103050839,0.265892211429963,0.766458427084082,0.78305620008191
12.2667517416,0.517388239103592,0.524826740888754,0.249315294999842,0.258467725263059,0.268072944103749,0.266359015625696,0.766703534103434,0.783294466151813
12.2728183844,0.51773701768548,0.525178124231357,0.249211919760624,0.258354918750069,0.268525097924856,0.266823205481288,0.766948937446104,0.783533042981425
12.2788850272,0.518084582683325,0.525528339680419,0.249110062490305,0.258243599582165,0.26897452019302,0.267284740098254,0.767194645173631,0.783771939262585
12.28495167,0.518430915891313,0.525877367626009,0.249009749470308,0.258133797560306,0.269421166421006,0.267743570065703,0.767440665361621,0.784011165186315
12.2910183128,0.51877599751927,0.526225190339647,0.248911008973212,0.258025539471684,0.269864988546058,0.268199650867962,0.767687006492481,0.784250729811331
12.2970849556,0.51911981087802,0.52657178986783,0.248813865371665,0.257918853031866,0.270305945506355,0.268652936835965,0.767933676249686,0.784490642899696
12.3031515984,0.51946233499809,0.526917146812534,0.248718348430278,0.257813767217116,0.270743986567813,0.269103379595418,0.768180683428368,0.78473091402965
12.3092182412,0.519803553520398,0.527261244791641,0.248624482097677,0.257710307528509,0.271179071422721,0.269550937263132,0.768428035618075,0.78497155232015
12.315284884,0.520143446506453,0.527604065610808,0.248532294843219,0.257608501455489,0.271611151663234,0.269995564155318,0.768675741349673,0.785212567066297
12.3213515268,0.520482238918363,0.527945838939675,0.248441469070903,0.257508026207803,0.272040769847461,0.270437812731872,0.768923707989266,0.785453865147478
12.3274181696,0.520821355008069,0.528287975649532,0.248349991120044,0.257406888595213,0.272471363888026,0.27088108705432,0.769171346128113,0.785694864244745
12.3334848124,0.521161029021086,0.528630717484101,0.248257530003543,0.257304748439559,0.272903499017542,0.271325969044542,0.769418559024629,0.78593546592366
12.3395514552,0.521501255770854,0.528974060500185,0.248164093823013,0.257201613656695,0.273337161947841,0.27177244684349,0.769665349593867,0.78617567415688
12.345618098,0.521842031926814,0.5293180009426,0.248069687405186,0.257097491093454,0.273772344521627,0.272220509849146,0.769911719332,0.786415492036054
12.3516847408,0.522183352199046,0.529662534116486,0.247974319036625,0.256992389722105,0.274209033162422,0.27267014439438,0.770157671235671,0.786654923838591
12.3577513836,0.522525212793945,0.530007657030172,0.247877994360022,0.25688631553759,0.274647218433924,0.273121341492582,0.770403207153967,0.786893972567761
12.3638180264,0.522867609161995,0.530353364563334,0.247780720354429,0.256779277782688,0.275086888807565,0.273574086780646,0.770648329516424,0.787132642346022
12.3698846692,0.523210536780879,0.530699653438479,0.247682503952238,0.256671283190463,0.27552803282864,0.274028370248016,0.770893040733117,0.787370936628943
12.375951312,0.523553991818098,0.53104651918612,0.247583350860618,0.256562339764528,0.27597064095748,0.274484179421593,0.771137342678715,0.787608858950648
12.3820179548,0.523897969129796,0.531393957866802,0.247483269116869,0.256452455429135,0.276414700012927,0.274941502437667,0.771381238246666,0.787846413295937
12.3880845976,0.524242465325753,0.531741965703832,0.247382263639378,0.256341637054621,0.276860201686375,0.275400328649211,0.771624728965131,0.788083602758454
12.3941512404,0.524587475173883,0.532090538041199,0.247280342625084,0.256229893557628,0.277307132548799,0.275860644483571,0.771867817798968,0.788320431598826
12.4002178832,0.524932994843358,0.532439671829415,0.247177511774901,0.256117231020344,0.277755483068457,0.276322440809071,0.772110506618259,0.78855690284976
12.406284526,0.525279019801273,0.532789362005124,0.247073778041063,0.256003658594709,0.278205241760211,0.276785703410415,0.772352797842336,0.788793020599833
12.4123511688,0.525625545529311,0.533139605255515,0.246969148351375,0.255889183078806,0.278656397177936,0.277250422176708,0.772594693880686,0.789028788334321
12.4184178116,0.525972568170364,0.53349039712602,0.246863628448994,0.255773812438817,0.279108939721369,0.277716584687203,0.772836196619358,0.789264209564837
12.4244844544,0.526320082623624,0.533841733681226,0.246757226306388,0.255657554606814,0.279562856317236,0.278184179074412,0.773077308930012,0.78949928828804
12.4305510972,0.526668085439552,0.53419361112264,0.246649946933068,0.25554041647725,0.280018138506485,0.278653194645391,0.77331803237262,0.78973402759989
12.43661774,0.527016571443212,0.534546024833235,0.246541798437402,0.255422406910785,0.28047477300581,0.27912361792245,0.773558369880614,0.78996843174402
12.4426843828,0.527365536767237,0.534898971705941,0.246432786577473,0.255303532076687,0.280932750189764,0.279595439629254,0.77379832334471,0.790202503782628
12.4487510256,0.527714976894649,0.535252446733945,0.246322918279749,0.255183801036491,0.2813920586149,0.280068645697454,0.774037895174398,0.790436247770436
12.4548176684,0.528064887311816,0.535606446569538,0.2462122004664,0.255063220652866,0.281852686845416,0.280543225916673,0.774277087778216,0.790669667222404
12.4608843112,0.528415264136333,0.535960966772698,0.246100638917619,0.25494179885505,0.282314625218714,0.281019167917649,0.774515903053953,0.790902765627748
12.466950954,0.528766102310786,0.536316003412356,0.245988241540516,0.254819543582356,0.28277786077027,0.28149645983,0.774754343851302,0.791135546994712
12.4730175968,0.529117398326662,0.536671552667924,0.245875013435202,0.254696461753963,0.28324238489146,0.281975090913961,0.774992411761863,0.791368014421886
12.4790842396,0.529469147065482,0.537027609961494,0.245760962622524,0.2545725621742,0.283708184442957,0.282455047787294,0.775230109688006,0.791600172135694
12.4851508824,0.529821344624032,0.537384172128647,0.245646094916686,0.254447851099242,0.284175249707347,0.282936321029405,0.775467439540718,0.791832023227889
12.4912175252,0.530173986500572,0.537741234218694,0.245530417219436,0.254322337500655,0.284643569281136,0.28341889671804,0.775704403720009,0.792063571719349
12.497284168,0.530527068186843,0.538098792849447,0.245413936446261,0.254196028305264,0.285113131740582,0.283902764544183,0.775941004633104,0.792294821154711
12.5033508108,0.530880585774457,0.538456843595054,0.245296658415441,0.25406893140585,0.285583927359016,0.284387912189205,0.776177244189897,0.792525775000904
12.5094174536,0.531234534249733,0.53881538252909,0.2451785909682,0.253941054748384,0.286055943281533,0.284874327780706,0.776413125217932,0.792756437277474
12.5154840964,0.531588910045531,0.53917440580858,0.245059739294727,0.253812405277383,0.286529170750804,0.285362000531197,0.776648649340258,0.792986811085963
12.5215507392,0.531943708099142,0.539533908894873,0.244940111329399,0.253682991740496,0.287003596769744,0.285850917154377,0.776883819428541,0.793216900635368
12.527617382,0.532298924472195,0.539893888566432,0.244819712941485,0.253552820480633,0.287479211530709,0.286341068085799,0.77711863741368,0.793446709047065
12.5336840248,0.532654554677493,0.540254339928272,0.24469855100907,0.253421900379825,0.287956003668423,0.286832439548446,0.777353105686564,0.793676240308097
12.5397506676,0.533010594212844,0.54061525956414,0.244576632439904,0.253290238428626,0.28843396177294,0.287325021135514,0.777587226652748,0.793905497992766
12.5458173104,0.533367039143184,0.540976643061986,0.244453963091405,0.253157842483841,0.288913076051779,0.287818800578145,0.777821002234588,0.794134485545827
12.5518839532,0.533723884498914,0.541338486500327,0.244330550738387,0.253024720497521,0.289393333760527,0.288313766002806,0.778054435237301,0.794363206997848
12.557950596,0.534081126654611,0.54170078601351,0.244206400660591,0.252890879440136,0.28987472599402,0.288809906573374,0.778287527315202,0.794591665453646
12.5640172388,0.534438760602644,0.54206353710227,0.244081520706971,0.252756328002297,0.290357239895673,0.289307209099973,0.778520281309616,0.794819865104567
12.5700838816,0.534796782370173,0.542426736488194,0.243955916800819,0.252621072613483,0.290840865569355,0.289805663874712,0.778752699170992,0.795047809101677
12.5761505244,0.535155187483862,0.542790379331575,0.243829595797599,0.252485122066627,0.291325591686263,0.290305257264948,0.778984783281461,0.795275501398202
12.5822171672,0.535513971448268,0.543154462182516,0.243702564596277,0.252348483415575,0.291811406851991,0.290805978766941,0.779216536044545,0.795502945598091
12.58828381,0.535873130300965,0.543518980642393,0.243574829094459,0.252211164481646,0.292298301206507,0.291307816160747,0.779447959395424,0.795730145124039
12.5943504528,0.536232659116781,0.543883930794966,0.243446397000024,0.252073173222392,0.292786262116757,0.291810757572574,0.779679056116804,0.795957104017358
12.6004170956,0.536592554212352,0.544249308751609,0.24331727368174,0.251934516634844,0.293275280530612,0.292314792116765,0.779909827894092,0.796183825386453
12.6064837384,0.536952810634437,0.544615110052586,0.24318746690419,0.251795203352227,0.293765343730248,0.292819906700359,0.780140277538627,0.796410313404813
12.6125503812,0.537313424376419,0.544981331362833,0.243056982643633,0.251655239890416,0.294256441732787,0.293326091472417,0.780370407020052,0.796636571253249
12.618617024,0.537674390978128,0.545347967897503,0.242925827733968,0.251514634953682,0.29474856324416,0.293833332943821,0.780600218712097,0.796862602851184
12.6246836668,0.538035705951566,0.545715016173474,0.242794009064326,0.251373395658734,0.29524169688724,0.29434162051474,0.780829715015891,0.797088411832208
12.6307503096,0.538397365306251,0.546082471805173,0.242661532573549,0.25123152979189,0.295735832732702,0.294850942013283,0.7810588978798,0.797314001597063
12.6368169524,0.538759364161782,0.546450330881905,0.242528405902057,0.25108904531562,0.296230958259725,0.295361285566285,0.78128777006384,0.797539376197524
12.6428835952,0.539121698777203,0.546818589491778,0.242394634507121,0.25094594925413,0.296727064270082,0.295872640237648,0.781516333284324,0.797764538745908
12.648950238,0.539484364252972,0.547187243214718,0.24226022607,0.250802250182908,0.297224138182972,0.29638499303181,0.781744590322972,0.797989493397626
12.6550168808,0.539847356549382,0.547556288659246,0.242125186618874,0.250657954704055,0.297722169930508,0.296898333955191,0.781972543168257,0.798214243363301
12.6610835236,0.540210671218743,0.547925721094954,0.241989522967125,0.250513071433614,0.298221148251617,0.297412649661339,0.782200194185868,0.798438792528568
12.6671501664,0.540574303781187,0.548295537005911,0.241853241992998,0.250367607550727,0.298721061788189,0.297927929455184,0.782427545774185,0.798663144556639
12.6732168092,0.540938250217491,0.548665732019225,0.241716349677623,0.250221570807196,0.299221900539868,0.298444161212028,0.782654599895114,0.798887302826421
12.679283452,0.541302505692369,0.549036302230042,0.241578853593435,0.250074969169828,0.299723652098934,0.298961333060214,0.782881359285804,0.79911127139987
12.6853500948,0.541667066407615,0.549407243702915,0.241440759285681,0.24992780969062,0.300226307121934,0.299479434012295,0.783107825693296,0.799335053393535
12.6914167376,0.542031927516699,0.549778552057565,0.24130207435335,0.249780100886966,0.300729853163349,0.299998451170598,0.783334001870049,0.799558652944531
12.6974833804,0.542397084947512,0.550150223846332,0.24116280487549,0.249631849447024,0.301234280072022,0.300518374399308,0.783559889823003,0.799782073293357
12.7035500232,0.542762534264155,0.550522254392826,0.241022957646017,0.249483063899047,0.301739576618138,0.301039190493779,0.783785491910173,0.800005318291873
12.709616666,0.543128270995581,0.550894640148727,0.24088253953124,0.249333751484178,0.302245731464341,0.301560888664549,0.784010810526821,0.800228391632905
12.7156833088,0.543494291093136,0.551267376753447,0.240741556555627,0.249183919920187,0.302752734537509,0.30208345683326,0.784235847648762,0.800451296673634
12.7217499516,0.543860589766992,0.551640457350539,0.240600016223103,0.249033572994769,0.303260573543889,0.30260688435577,0.784460605990095,0.800674030345308
12.7278165944,0.544227163162038,0.552013865240698,0.240457924166367,0.248882699771228,0.303769238995671,0.30313116546947,0.784685087328405,0.800896565011927
12.7338832372,0.544594006484068,0.552387593900137,0.240315287903186,0.248731305620663,0.304278718580882,0.303656288279474,0.784909294387254,0.801118899520801
12.73994988,0.54496111562926,0.552761639017821,0.240172113562428,0.248579396175245,0.304789002066833,0.304182242842576,0.785133229191688,0.801341035193066
12.7460165228,0.545328486172816,0.553135995178189,0.240028407919591,0.248426978754732,0.305300078253225,0.304709016423458,0.785356894092407,0.801562973932921
12.7520831656,0.5456961136532,0.553510657966662,0.239884177827999,0.248274059481969,0.305811935825201,0.305236598484693,0.785580291481198,0.801784717448631
12.7581498084,0.546063993991635,0.553885622263127,0.239739429356508,0.248120644950185,0.306324564635127,0.305764977312942,0.785803423348143,0.802006267213312
12.7642164512,0.5464321224441,0.55426088333299,0.239594169940009,0.247966741941886,0.306837952504091,0.306294141391104,0.786026292384109,0.802227625274877
12.770283094,0.546800495098922,0.554636436415139,0.239448405298125,0.247812356466691,0.307352089800797,0.306824079948448,0.786248900397047,0.80244879288183
12.7763497368,0.547169107213528,0.555012276388426,0.239302142868455,0.247657495763868,0.307866964345073,0.307354780624558,0.786471250081983,0.802669772152293
12.7824163796,0.547537954653075,0.555388398885693,0.239155388828633,0.247502165550726,0.308382565824442,0.307886233334966,0.786693343481708,0.802890564436419
12.7884830224,0.547907033003176,0.555764798548781,0.239008149936793,0.247346373066081,0.308898883066382,0.3084184254827,0.786915182939969,0.803111171614861
12.7945496652,0.548276337812492,0.556141470923512,0.238860433032221,0.247190124482541,0.309415904780271,0.30895134644097,0.787136770844713,0.803331595406053
12.800616308,0.548645864971439,0.556518410911049,0.238712244229213,0.247033426374015,0.309933620742227,0.309484984537034,0.787358109200652,0.803551837285065
12.8066829508,0.549015609782144,0.556895613774299,0.238563590893098,0.246876285512539,0.310452018889045,0.31001932826176,0.787579200675242,0.803771899286838
12.8127495936,0.549385568276718,0.557273074734813,0.238414478829903,0.24671870794739,0.310971089446814,0.310554366787423,0.787800047106621,0.803991782682203
12.8188162364,0.549755735763531,0.557650788708364,0.238264915398104,0.246560700854051,0.311490820365427,0.311090087854313,0.788020651161635,0.804211489562415
12.8248828792,0.550126108077408,0.558028751271778,0.238114906823054,0.246402270034621,0.312011201254354,0.311626481237157,0.788241014900462,0.804431021306399
12.830949522,0.550496680813683,0.558406957124003,0.237964459846571,0.246243422647583,0.312532220967113,0.31216353447642,0.788461140660254,0.804650379771586
12.8370161648,0.550867449531908,0.558785401771555,0.237813581292855,0.246084164914704,0.313053868239054,0.312701236856851,0.788681030824763,0.804869566686259
12.8430828076,0.551238410090999,0.559164080136562,0.237662277322689,0.245924503391143,0.31357613276831,0.31323957674542,0.788900687413688,0.805088583527705
12.8491494504,0.551609557839573,0.559542987479796,0.23751055523132,0.245764444837977,0.314099002608254,0.313778542641818,0.789120113070893,0.805307432317773
12.8552160932,0.551980888753874,0.559922119005048,0.237358420910648,0.245603995344576,0.314622467843226,0.314318123660472,0.789339309664522,0.805526114349624
12.861282736,0.552352398192526,0.56030146966528,0.237205881641079,0.245443162022464,0.315146516551447,0.314858307642816,0.789558279833605,0.805744631687744
12.8673493788,0.552724081960709,0.560681034981404,0.237052943694637,0.24528195075818,0.315671138266072,0.315399084223225,0.789777025655346,0.805962985739584
12.8734160216,0.55309593566279,0.561060809709184,0.236899613797871,0.24512036863049,0.316196321864919,0.315940441078695,0.789995549460661,0.806181178339674
12.8794826644,0.553467954869899,0.56144078931612,0.236745898758845,0.244958421909706,0.316722056111054,0.316482367406414,0.790213853628745,0.806399211225826
12.8855493072,0.553840135408763,0.561820968744995,0.236591804785883,0.244796117132818,0.31724833062288,0.317024851612177,0.790431940194646,0.806617085877812
12.89161595,0.554212472674839,0.562201343254807,0.236437339103619,0.244633461049452,0.31777513357122,0.317567882205355,0.790649811778458,0.806834804304259
12.8976825928,0.554584962588843,0.562581908031173,0.236282507689306,0.2444704597895,0.318302454899537,0.318111448241673,0.790867470278149,0.807052367820673
12.9037492356,0.554957600558963,0.562962658064502,0.236127317746328,0.244307120400357,0.318830282812635,0.318655537664145,0.791084918305292,0.807269778464859
12.9098158784,0.555330382361427,0.563343588819901,0.235971775592329,0.244143448852652,0.319358606769098,0.319200139967249,0.791302157953756,0.807487037672554
12.9158825212,0.555703303608945,0.563724695109654,0.23581588793964,0.243979452146052,0.319887415669306,0.319745242963603,0.791519191548585,0.807704147255706
12.921949164,0.556076359884914,0.564105972362535,0.235659661579141,0.2438151365988,0.320416698305773,0.320290835763735,0.791736021464055,0.807921108961335
12.9280158068,0.556449546983182,0.564487415541674,0.235503102767742,0.243650508730291,0.32094644421544,0.320836906811383,0.791952649750924,0.808137924271965
12.9340824496,0.556822860346391,0.564869019904662,0.235346218658943,0.243485575278214,0.321476641687448,0.321383444626448,0.792169079005334,0.808354595182876
12.9401490924,0.557196295840073,0.565250780618517,0.235189015314824,0.243320342413412,0.322007280525248,0.321930438205104,0.792385311154897,0.808571123031929
12.9462157352,0.557569848921293,0.565632692711359,0.235031499862798,0.243154817118982,0.322538349058495,0.322477875592377,0.792601348784092,0.808787509830341
12.952282378,0.557943515338014,0.566014751592597,0.234873678665076,0.24298900544929,0.323069836672938,0.323025746143307,0.79281719400309,0.809003757041886
12.9583490208,0.5583172907106,0.566396952130741,0.234715558420825,0.242822914325519,0.323601732289775,0.323574037805222,0.793032849131425,0.80921986645626
12.9644156636,0.558691170635404,0.56677928971613,0.234557145902687,0.242656550113236,0.324134024732716,0.324122739602894,0.793248316538091,0.809435839829365
12.9704823064,0.559065150872707,0.56716175933193,0.234398447417212,0.242489919314813,0.324666703455495,0.324671840017117,0.79346359828992,0.809651678646743
12.9765489492,0.559439226912679,0.567544356234689,0.234239470046239,0.242323028655512,0.32519975686644,0.325221327579177,0.793678696958918,0.809867384890202
12.982615592,0.559813394566015,0.567927075572407,0.23408021993615,0.242155884347563,0.325733174629865,0.325771191224844,0.793893614502164,0.81008295991997
12.9886822348,0.560187649337966,0.568309912411179,0.233920704139436,0.241988493309588,0.326266945198531,0.326321419101592,0.794108353477402,0.810298405720767
12.9947488776,0.560561986948919,0.568692862104819,0.233760929061826,0.241820861679343,0.326801057887092,0.326872000425476,0.794322916010745,0.810513723784162
13.0008155204,0.560936403026203,0.569075919577772,0.233600901390373,0.241652996300142,0.32733550163583,0.32742292327763,0.794537304416577,0.810728915877915
13.0068821632,0.561310893179818,0.569459080182231,0.233440627878432,0.241484903584263,0.327870265301386,0.327974176597967,0.79475152105825,0.810943983766494
13.012948806,0.561685453135788,0.569842338921091,0.233280114883241,0.241316590017634,0.328405338252547,0.328525748903457,0.794965568019029,0.811158928938724
13.0190154488,0.562060078432154,0.570225691050217,0.233119369414454,0.2411480623126,0.3289407090177,0.329077628737618,0.795179447846608,0.811373753362817
13.0250820916,0.562434764825118,0.570609131698172,0.232958397702229,0.240979326723203,0.32947636712289,0.329629804974969,0.795393162527347,0.811588458421376
13.0311487344,0.562809507867432,0.570992655969291,0.232797206725187,0.240810390103426,0.330012301142245,0.330182265865866,0.795606714592619,0.811803046072717
13.0372153772,0.563184303252592,0.571376259161897,0.232635802931526,0.240641258674062,0.330548500321066,0.330735000487834,0.795820106184118,0.812017517835959
13.04328202,0.563559146614206,0.571759936256077,0.232474192997231,0.240471939201172,0.331084953616975,0.331287997054905,0.796033339611437,0.812231875457249
13.0493486628,0.563934033576607,0.572143682566168,0.232312383655322,0.240302438143135,0.331621649921284,0.331841244423033,0.796246417231929,0.812446120709302
13.0554153056,0.564308959830874,0.572527493114484,0.232150381314775,0.240132761970004,0.332158578516099,0.332394731144481,0.79645934114565,0.812660255084488
13.0614819484,0.564683920963265,0.572911363156574,0.231988192912535,0.239962917380725,0.332695728050731,0.332948445775849,0.7966721138758,0.812874280537298
13.0675485912,0.565058912675834,0.573295287801141,0.231825824762009,0.239792910671584,0.333233087913825,0.333502377129558,0.796884737437844,0.813088198472725
13.073615234,0.565433930568141,0.573679262191023,0.231663283769,0.239622748631746,0.333770646799141,0.334056513559277,0.797097214337141,0.81330201082277
13.0796818768,0.565808970307484,0.574063281569159,0.231500576423122,0.239452437564699,0.334308393884362,0.33461084400446,0.797309546730606,0.813515719133857
13.0857485196,0.566184027533058,0.574447340970984,0.231337709390346,0.239281984159858,0.334846318142713,0.335165356811126,0.797521736923404,0.813729325130842
13.0918151624,0.566559097884221,0.574831435673269,0.231174689382304,0.239111394921098,0.335384408501917,0.335720040752171,0.797733787266525,0.813942830594367
13.0978818052,0.566934177016417,0.57521556071744,0.231011522860762,0.238940676303174,0.335922654155655,0.336274884414265,0.797945699877178,0.814156237020614
13.103948448,0.567309260564463,0.575599711359088,0.230848216689428,0.238769834991139,0.336461043875036,0.336829876367949,0.798157477253891,0.814369546350227
13.1100150908,0.567684344176613,0.575983882686643,0.230684777264437,0.238598877323955,0.336999566912175,0.337385005362688,0.79836912144105,0.814582760010598
13.1160817336,0.568059423498543,0.576368069881705,0.230521211419821,0.2384278100258,0.337538212078722,0.337940259855905,0.798580634918363,0.814795879907504
13.1221483764,0.568434494172044,0.576752268131933,0.230357525685562,0.238256639482502,0.338076968486483,0.338495628649431,0.798792019857606,0.815008907614434
13.1282150192,0.56880955184121,0.577136472527821,0.230193726718664,0.238085372307453,0.338615825122547,0.339051100220369,0.799003278559874,0.815221844835274
13.134281662,0.56918459216111,0.577520678308862,0.230029821208325,0.237914015049406,0.339154770952785,0.339606663259456,0.799214413369434,0.815434693358268
13.1403483048,0.569559610227466,0.577904880011886,0.229865814929949,0.237742573408198,0.339693795297516,0.340162306603688,0.799425425157415,0.815647453420084
13.1464149476,0.569934548424174,0.578289019593064,0.229701639296147,0.23757097867716,0.340232909128027,0.340718040915903,0.799636187720321,0.815859998270224
13.1524815904,0.570309366267088,0.578673056041189,0.22953724976193,0.237399186215037,0.340772116505157,0.341273869826152,0.799846616029018,0.816072242256226
13.1585482332,0.570684060325803,0.579056985455377,0.229372654332977,0.237227203923217,0.341311405992826,0.34182978153216,0.800056714658779,0.816284189378595
13.164614876,0.571058626889197,0.579440803640021,0.229207860528807,0.237055039219738,0.34185076636039,0.342385764420282,0.800266487418004,0.816495842859759
13.1706815188,0.571433062363206,0.579824506498011,0.229042876069966,0.236882699714038,0.34239018629324,0.342941806783973,0.800475938433171,0.81670720621205
13.1767481616,0.57180736321006,0.580208090022613,0.228877708740468,0.236710193117445,0.342929654469592,0.343497896905168,0.800685071950528,0.816918283140058
13.1828148044,0.57218152565265,0.58059154993333,0.228712366017004,0.236537526762044,0.343469159635645,0.344054023171286,0.800893891669654,0.817129076695374
13.1888814472,0.572555546306802,0.580974882369784,0.228546855863783,0.236364708552181,0.344008690443019,0.344610173817603,0.801102402170584,0.817339590921965
13.19494809,0.572929421310402,0.581358082974801,0.22838118568398,0.236191745756626,0.344548235626422,0.345166337218175,0.801310606994382,0.817549828731427
13.2010147328,0.573303147269061,0.581741147878061,0.228215363401265,0.236018646199099,0.345087783867796,0.345722501678962,0.801518510670326,0.81775979407716
13.2070813756,0.573676720452728,0.582124072834088,0.228049396580782,0.235845417386636,0.345627323871946,0.346278655447452,0.801726117033511,0.817969490220724
13.2131480184,0.574050137269182,0.58250685379857,0.227883292933839,0.235672066851506,0.346166844335343,0.346834786947064,0.801933430203021,0.818178920650076
13.2192146612,0.574423394195897,0.582889486726224,0.227717060217299,0.235498602346085,0.346706333978598,0.347390884380139,0.802140454413196,0.818388089072309
13.225281304,0.574796487423432,0.583271967360113,0.227550705971392,0.235325031196482,0.34724578145204,0.347946936163631,0.802347193394825,0.818596998556594
13.2313479468,0.575169413609267,0.583654291893872,0.227384238074281,0.235151361194434,0.347785175534986,0.348502930699439,0.802553651683548,0.818805653088306
13.2374145896,0.575542168848078,0.584036461515007,0.227217664023814,0.234977591807902,0.348324504824264,0.349058869707105,0.802759832871892,0.819014053322909
13.2434812324,0.57591474978092,0.584418515643699,0.227050991662868,0.234803669604684,0.348863758118052,0.349614846039015,0.802965741443789,0.819222185248383
13.2495478752,0.576287152659386,0.584800459587621,0.226884228600993,0.234629588599564,0.349402924058393,0.350170870988057,0.803171381260379,0.819430048187185
13.255614518,0.576659373892524,0.585182289104647,0.226717382541477,0.234455356602591,0.349941991351046,0.350726932502056,0.803376756434001,0.819637645707238
13.2616811608,0.577031409973623,0.585563999806066,0.226550461212818,0.234280981837822,0.350480948760805,0.351283017968244,0.803581871186441,0.819844981643887
13.2677478036,0.577403257060343,0.585945587131418,0.226383472219997,0.234106472088423,0.351019784840346,0.351839115042996,0.803786729280341,0.820052059219841
13.2738144464,0.577774911852099,0.58632704697782,0.226216423354527,0.233931835529112,0.351558488497573,0.352395211448708,0.803991335206626,0.820258882506931
13.2798810892,0.578146370400646,0.586708374576594,0.226049322208317,0.233757080091382,0.352097048192329,0.352951294485212,0.804195692608963,0.820465454667976
13.285947732,0.578517629381911,0.587089565919821,0.22588217654467,0.233582213726272,0.352635452837241,0.353507352193549,0.804399805926581,0.820671779646093
13.2920143748,0.578888685029698,0.587470616283318,0.225714994016324,0.233407244653152,0.353173691013374,0.354063371630166,0.804603679046023,0.820877860936471
13.2980810176,0.579259533753759,0.587851521475422,0.225547782319766,0.233232180609274,0.353711751433993,0.354619340866148,0.804807316073526,0.821083702084697
13.3041476604,0.579630172063768,0.588232277069831,0.225380549153909,0.233057029857322,0.35424962290986,0.355175247212509,0.805010721217677,0.821289306927153
13.3102143032,0.580000596083912,0.588612878530021,0.225213302189705,0.232881800174895,0.354787293894207,0.355731078355126,0.805213898273616,0.821494678704916
13.316280946,0.580370802555829,0.588993321744771,0.225046049131404,0.232706499711994,0.355324753424425,0.356286822032777,0.805416851687233,0.821699821456766
13.3223475888,0.580740787488635,0.589373601935591,0.224878797664373,0.232531136453887,0.355861989824262,0.356842465481703,0.805619585153008,0.821904738389478
13.3284142316,0.581110547592561,0.589753715122554,0.224711555473555,0.232355718279182,0.356398992119006,0.357397996843372,0.805822103066117,0.822109433401736
13.3344808744,0.581480079084196,0.590133656534904,0.224544330253661,0.232180253489986,0.356935748830535,0.357953403044918,0.806024409337857,0.822313910024891
13.3405475172,0.581849378373419,0.59051342203129,0.22437712969559,0.232004749751499,0.357472248677829,0.358508672279791,0.806226508069009,0.822518171782789
13.34661416,0.582218441986862,0.590893007147964,0.224209961467456,0.231829215364288,0.358008480519406,0.359063791783677,0.806428403454318,0.822722222512252
13.3526808028,0.582587266014668,0.591272407372175,0.224042833307398,0.231653658101094,0.35854443270727,0.359618749271081,0.806630099322066,0.822926065473269
13.3587474456,0.582955847240985,0.591651618584642,0.223875752831798,0.231478086086665,0.359080094409187,0.360173532497977,0.806831600072782,0.823129704671308
13.3648140884,0.583324181632576,0.592030635996595,0.223708727818867,0.231302507360372,0.359615453813709,0.360728128636224,0.807032909451443,0.823333143356967
13.3708807312,0.583692265933402,0.592409455656497,0.223541765876408,0.231126929728369,0.360150500056994,0.361282525928129,0.80723403180981,0.823536385384866
13.376947374,0.584060096343409,0.592788072746978,0.223374874739886,0.230951361575019,0.360685221603523,0.36183671117196,0.807434971083295,0.823739434321997
13.3830140168,0.584427669272032,0.593166483176849,0.223208062095834,0.230775810494217,0.361219607176199,0.362390672682632,0.807635731367866,0.823942293671066
13.3890806596,0.584794981263434,0.593544682445066,0.223041335580344,0.230600284823673,0.36175364568309,0.362944397621393,0.807836316843777,0.824144967268738
13.3951473024,0.585162028373142,0.593922666062479,0.222874702999962,0.230424792331975,0.362287325373179,0.363497873730504,0.808036731373104,0.824347458394453
13.4012139452,0.585528807428097,0.594300429902033,0.222708171882592,0.230249341118079,0.362820635545505,0.364051088783954,0.808236979310689,0.824549771020112
13.407280588,0.585895314352997,0.594677969164208,0.222541750098684,0.230073939275788,0.363353564254314,0.36460402988842,0.808437064451681,0.824751908439996
13.4133472308,0.586261545924963,0.595055279926251,0.222375445180113,0.229898594538784,0.36388610074485,0.365156685387466,0.808636991105076,0.824953874465035
13.4194138736,0.586627498327866,0.59543235732414,0.222209264901886,0.229723315373204,0.36441823342598,0.365709041950936,0.808836763229751,0.825155672697344
13.4254805164,0.586993167970129,0.595809197316699,0.22204321694738,0.229548109302383,0.364949951022749,0.366261088014316,0.80903638491751,0.825357306619081
13.4315471592,0.587358551414014,0.596185795365734,0.221877308919457,0.229372984700431,0.365481242494558,0.366812810665303,0.809235860333471,0.825558780066165
13.437613802,0.587723644679862,0.596562147005533,0.221711548694282,0.229197949332489,0.366012095985581,0.367364197673045,0.809435193374144,0.825760096338022
13.4436804448,0.588088444637696,0.596938248101542,0.221545943710672,0.229023011271187,0.366542500927024,0.367915236830354,0.809634388348367,0.825961259372729
13.4497470876,0.588452947170429,0.597314093843028,0.221380501930707,0.228848178665091,0.367072445239723,0.368465915177937,0.809833449101136,0.826162272508118
13.4558137304,0.588817149087773,0.597689680336413,0.221215230811555,0.228673459175383,0.367601918276218,0.36901622116103,0.810032379899329,0.826363139511796
13.4618803732,0.589181046558097,0.598065002670989,0.221050138166543,0.228498861349496,0.368130908391554,0.369566141321493,0.81023118472464,0.826563864020484
13.467947016,0.589544635988239,0.59844005685544,0.220885231677116,0.228324392640949,0.368659404311124,0.370115664214491,0.810429867665355,0.826764449496388
13.4740136588,0.589907913959132,0.598814838314569,0.22072051891168,0.228150061459515,0.369187395047452,0.370664776855054,0.810628432870812,0.826964899774084
13.4800803016,0.59027087645536,0.599189342605937,0.220556007817241,0.22797587556759,0.369714868638119,0.371213467038347,0.810826884272601,0.827165218173527
13.4861469444,0.590633520390309,0.599563565587769,0.220391705742921,0.227801843010944,0.370241814647388,0.371761722576825,0.81102522613323,0.827365408598713
13.4922135872,0.590995841605402,0.599937502437655,0.220227620741821,0.227627971993232,0.370768220863581,0.372309530444423,0.811223462347223,0.827565474430887
13.49828023,0.591357836942363,0.600311149707763,0.220063760197618,0.227454269514552,0.371294076744745,0.372856880193211,0.811421597139982,0.827765419222315
13.5043468728,0.591719539945647,0.600684545350274,0.219900079081864,0.227280683519792,0.371819460863783,0.373403861830482,0.811619619027511,0.827965228870065
13.5104135156,0.592081705170718,0.601058430880364,0.219735512888166,0.227106167158313,0.372346192282552,0.373952263722051,0.811817218058884,0.828164598038678
13.5164801584,0.592444626532912,0.601433106669445,0.21956964868213,0.226930297563057,0.372874977850782,0.374502809106388,0.812014275215043,0.828363404232502
13.5225468012,0.592808297528707,0.601808564021264,0.219402497950156,0.226753088542861,0.373405799578551,0.375055475478402,0.812210795478862,0.828561652564125
13.528613444,0.593172709447117,0.602184794616514,0.219234075966853,0.226574554014201,0.373938633480265,0.375610240602313,0.81240678541397,0.828759348630715
13.5346800868,0.593537856068689,0.60256179077327,0.219064393731979,0.226394706262941,0.37447346233671,0.376167084510329,0.812602249800668,0.828956497036211
13.5407467296,0.593903728898833,0.602939543223104,0.218893466148092,0.22621356049058,0.375010262750741,0.376725982732524,0.812797195046926,0.829153103713684
13.5468133724,0.594270320982196,0.603318045057744,0.218721305477705,0.226031128098462,0.37554901550449,0.377286916959283,0.812991626459901,0.829349173156206
13.5528800152,0.594637624809804,0.603697286712524,0.218547924932929,0.225847424425022,0.376089699876876,0.377849862287502,0.813185549742733,0.829544711137547
13.558946658,0.595005632460758,0.604077260771518,0.218373338431404,0.225662461862488,0.376632294029353,0.37841479890903,0.813378970892162,0.829739722634006
13.5650133008,0.595374337371561,0.604457958577841,0.218197557565431,0.225476254195132,0.37717677980613,0.37898170438271,0.813571894936992,0.829934212772973
13.5710799436,0.59574373091399,0.604839371806961,0.218020597463804,0.225288815309467,0.377723133450186,0.379550556497494,0.813764328377794,0.830128187116428
13.5771465864,0.596113806775634,0.605221492745041,0.21784246928967,0.225100157574402,0.378271337485964,0.380121335170638,0.813956276065304,0.830321650319443
13.5832132292,0.596484556542269,0.60560431219028,0.217663187804539,0.224910296067574,0.37882136873773,0.380694016122706,0.814147744346808,0.830514608257854
13.589279872,0.596855973213555,0.605987823135071,0.217482765349714,0.224719242344477,0.379373207863841,0.381268580790594,0.814338738563269,0.830707065479548
13.5953465148,0.597228049290125,0.606372016115991,0.217301215120773,0.224527011602668,0.379926834169352,0.381845004513323,0.814529264410899,0.830899027718659
13.6014131576,0.597600776876854,0.606756883646582,0.217118550989633,0.224333616315849,0.380482225887221,0.382423267330733,0.814719327866487,0.831090499962431
13.6074798004,0.597974149349091,0.607142417108842,0.216934784656576,0.224139070244889,0.381039364692514,0.383003346863952,0.814908934005667,0.831281487353731
13.6135464432,0.598348158161964,0.607528608173607,0.216749931103538,0.223943387245352,0.381598227058425,0.383585220928255,0.815098089265502,0.83147199541896
13.619613086,0.598722796910696,0.607915449094347,0.216564001656018,0.223746579769969,0.382158795254678,0.384168869324378,0.815286798566713,0.831662028864316
13.6256797288,0.599098057260245,0.608302930736441,0.216377010936556,0.223548662772269,0.382721046323689,0.384754267964172,0.815475068196802,0.83185159350871
13.6317463716,0.599473932166471,0.608691045993069,0.216188971363167,0.223349647961183,0.383284960803304,0.385341398031886,0.815662903529638,0.832040693954253
13.6378130144,0.599850414138428,0.609079785501581,0.215999896116976,0.223149550394596,0.383850518021452,0.385930235106985,0.815850310255404,0.832229335896177
13.6438796572,0.600227495307948,0.609469141705453,0.215809799022095,0.222948382626488,0.384417696285854,0.386520759078965,0.816037294330043,0.832417524331941
13.6499463,0.600605168988043,0.609859106025082,0.215618691888867,0.222746158395481,0.384986477099176,0.387112947629601,0.81622386087691,0.832605264420562
13.6560129428,0.600983426717784,0.610249670127268,0.215426589551333,0.222542891525203,0.385556837166451,0.387706778602065,0.816410016269117,0.832792561652472
13.6620795856,0.60136226200062,0.610640826232006,0.215233503496299,0.222338594552987,0.386128758504321,0.388302231679019,0.816595765496919,0.832979420784993
13.6681462284,0.601741666579509,0.611032565272402,0.215039448209422,0.222133282308011,0.386702218370088,0.388899282964391,0.816781114788931,0.833165847580412
13.6742128712,0.602121633367691,0.611424880042555,0.214844436183341,0.221926966651927,0.38727719718435,0.389497913390628,0.816966069551032,0.833351846694482
13.680279514,0.602502154881459,0.611817761280109,0.214648480586814,0.221719662504153,0.387853674294645,0.390098098775957,0.817150635468273,0.833537423784262
13.6863461568,0.602883223280786,0.612211201358947,0.214451595194064,0.22151138249775,0.388431628086722,0.390699818861198,0.81733481847485,0.833722583856697
13.6924127996,0.603264831815163,0.612605191737377,0.21425379192758,0.22130214035025,0.389011039887583,0.391303051387126,0.817518623742744,0.833907332087627
13.6984794424,0.603646972108197,0.61299972407876,0.214055085472464,0.221091949852366,0.389591886635732,0.391907774226394,0.817702057580661,0.834091673931126
13.7045460852,0.604029637572153,0.613394790568832,0.21385548747579,0.220880823626802,0.390174150096363,0.39251396694203,0.817885125047944,0.834275614195634
13.710612728,0.604412820026807,0.613790382208978,0.213655012288411,0.220668776378145,0.390757807738396,0.393121605830833,0.818067832315218,0.834459158587123
13.7166793708,0.60479651234396,0.614186491694344,0.213453672475513,0.220455820120054,0.391342839868447,0.393730671574289,0.818250184819473,0.834642311814398
13.7227460136,0.605180707045964,0.614583109862393,0.213251481195564,0.220241969634684,0.3919292258504,0.394341140227708,0.818432188241528,0.834825079497077
13.7288126564,0.605565396322115,0.61498022901788,0.213048452170818,0.220027237632981,0.392516944151297,0.3949529913849,0.818613848492933,0.835007466650861
13.7348792992,0.605950573357198,0.615377840656542,0.212844597437993,0.219811637812545,0.393105975919205,0.395566202843997,0.818795170795191,0.835189478469087
13.740945942,0.606336229859949,0.615775936438898,0.212639931532209,0.219595183930186,0.39369629832774,0.396180752508712,0.818976161392158,0.835371120369084
13.7470125848,0.606722359152042,0.616174508515641,0.212434466259768,0.219377888694761,0.394287892892274,0.396796619820881,0.81915682541181,0.835552397210402
13.7530792276,0.607108953128884,0.616573547956987,0.212228215838801,0.219159766686019,0.394880737290083,0.397413781270969,0.819337168967685,0.835733314643006
13.7591458704,0.607496004622025,0.616973047359252,0.212021192904958,0.218940830068911,0.395474811717067,0.398032217290341,0.819517197526984,0.835913877428163
13.7652125132,0.607883506158689,0.617372997659246,0.211813410608502,0.218721093489536,0.396070095550187,0.39865190416971,0.819696916767191,0.836094091148782
13.771279156,0.608271449958679,0.617773391093068,0.211604882617634,0.218500569735527,0.396666567341045,0.399272821357541,0.819876332576313,0.836273960828595
13.7773457988,0.608659829140895,0.618174219193395,0.211395621085382,0.218279272485711,0.397264208055513,0.399894946707684,0.820055450226276,0.836453491679106
13.7834124416,0.609048635499787,0.618575473618499,0.211185640395844,0.21805721546201,0.397862995103943,0.400518258156489,0.820234275895631,0.836632689080509
13.7894790844,0.609437862267032,0.61897714648325,0.210974952513509,0.217834411460209,0.398462909753523,0.40114273502304,0.820412814780542,0.836811557943459
13.7955457272,0.609827501412487,0.619379228927244,0.210763571525869,0.217610874934976,0.399063929886618,0.401768353992267,0.820591072938357,0.83699010386222
13.80161237,0.610217545728633,0.619781713448095,0.210551510136955,0.217386618201843,0.399666035591678,0.402395095246252,0.820769055865588,0.837168331649938
13.8076790128,0.610607987746381,0.620184591081485,0.210338781490905,0.217161655772054,0.400269206255475,0.403022935309431,0.820946769237286,0.83734624685354
13.8137456556,0.610998819717227,0.620587853995326,0.210125399199788,0.216936000508733,0.400873420517439,0.403651853486593,0.821124218917015,0.83752385450406
13.8198122984,0.611390034692998,0.62099149375875,0.209911375535023,0.216709666073094,0.401478659157975,0.404281827685656,0.821301410228021,0.837701159831844
13.8258789412,0.611781624554456,0.621395502028377,0.209696724728646,0.216482666151183,0.402084899825811,0.404912835877194,0.821478349283102,0.83787816817956
13.831945584,0.612173582443871,0.621799870882473,0.209481458902291,0.216255013626494,0.40269212354158,0.40554485725598,0.821655041346161,0.838054884508967
13.8380122268,0.612565900404363,0.622204591530564,0.209265592014891,0.216026722828364,0.403300308389472,0.406177868702199,0.821831492419254,0.838231314358928
13.8440788696,0.612958571190529,0.622609656371688,0.209049136836779,0.215797806222196,0.40390943435375,0.406811850149492,0.822007708027308,0.838407462593884
13.8501455124,0.613351587335786,0.623015056539927,0.20883210650805,0.215568278185585,0.404519480827736,0.407446778354343,0.822183693843836,0.838583334725512
13.8562121552,0.613744941124504,0.623420784135471,0.208614514582557,0.215338151655948,0.405130426541946,0.408082632479522,0.822359455707061,0.838758935791419
13.862278798,0.614138625540255,0.623826830763423,0.208396373452193,0.215107440278039,0.405742252088063,0.408719390485384,0.822534998992448,0.838934271041462
13.8683454408,0.614532632550704,0.624233188079349,0.208177697195891,0.214876157701052,0.406354935354814,0.409357030378297,0.822710329746595,0.839109345780402
13.8744120836,0.614926955209303,0.624639848124128,0.207958498091388,0.214644316896959,0.406968457117914,0.409995531227169,0.822885453300691,0.839284165021086
13.8804787264,0.615321585631257,0.625046802177763,0.207738789971144,0.214411932069529,0.407582795660114,0.410634870108234,0.823060375602401,0.839458734247292
13.8865453692,0.615716516534459,0.625454042767049,0.207518585669707,0.214179016153212,0.408197930864752,0.411275026613836,0.823235102204166,0.839633058920261
13.892612012,0.61611174045365,0.625861571442997,0.207297898325213,0.213945597986443,0.408813842128437,0.411915973456554,0.823409638778863,0.83980716942944
13.8986786548,0.616507249707255,0.626269386207673,0.207076741431218,0.213711699021357,0.409430508276038,0.412557687186317,0.823583991138473,0.83998108522903
13.9047452976,0.616903037209412,0.626677479020464,0.206855127502168,0.213477333338249,0.410047909707244,0.413200145682215,0.82375816471158,0.840154812358713
13.9108119404,0.617299095015276,0.627085841911651,0.206633070462855,0.213242515079057,0.410666024552421,0.413843326832594,0.823932165478132,0.840328356990708
13.9168785832,0.617695416090076,0.627494467216143,0.206410582746079,0.213007257774809,0.411284833343996,0.414487209441333,0.824105998836155,0.840501724990952
13.922945226,0.618091992619917,0.627903346640214,0.206187678059904,0.212771576005847,0.411904314560013,0.415131770634367,0.824279670679821,0.84067492264606
13.9290118688,0.618488817287171,0.628312472742009,0.205964369301016,0.212535483038442,0.412524447986155,0.415776989703568,0.824453186588186,0.840847955780451
13.9350785116,0.61888588262672,0.628721837181611,0.205740669607671,0.212298993454089,0.413145213019048,0.416422843727522,0.824626552234391,0.8410208306357
13.9411451544,0.619283180992229,0.629131432306596,0.205516592411046,0.212062120874615,0.413766588581183,0.417069311431981,0.824799773403275,0.841193553181211
13.9472117972,0.619680705227215,0.629541250106725,0.205292150350227,0.211824879359628,0.414388554876988,0.417716370747097,0.824972855577442,0.841366129466353
13.95327844,0.620078447474919,0.629951282616002,0.205067357194817,0.211587283017317,0.415011090280102,0.418363999598685,0.825145804669736,0.841538565633319
13.9593450828,0.620476400612935,0.630361522128144,0.20484222553164,0.211349345465571,0.415634175081295,0.419012176662573,0.825318626144575,0.841710867593716
13.9654117256,0.620874556897087,0.630771960421595,0.204616768946448,0.211111081159507,0.416257787950639,0.419660879262088,0.825491325843535,0.841883041581102
13.9714783684,0.62127290897541,0.63118258995737,0.204391000395981,0.21087250351463,0.416881908579428,0.42031008644274,0.825663909371391,0.842055093471999
13.9775450112,0.621671449381741,0.631593402489807,0.204164933020701,0.210633626978553,0.41750651636104,0.420959775511254,0.825836382402442,0.842227029468359
13.983611654,0.62207017050617,0.632004390304542,0.20393858018732,0.210394465249994,0.41813159031885,0.421609925054548,0.82600875069349,0.842398855554536
13.9896782968,0.622469065120411,0.632415545421199,0.203711954661644,0.21015503236899,0.418757110458767,0.422260513052209,0.826181019782055,0.842570577790189
13.9957449396,0.622868125456378,0.632826859878072,0.203485070057052,0.209915342408961,0.419383055399327,0.42291151746911,0.82635319551343,0.842742202287033
14.0018115824,0.623267344304627,0.63323832592696,0.203257939113348,0.209675409075512,0.42000940519128,0.423562916851448,0.826525283417975,0.842913735002471
14.0078782252,0.623666713989515,0.633649935418968,0.203030575296053,0.209435246698208,0.420636138693462,0.42421468872076,0.826697289285569,0.843085182117175
14.013944868,0.624066227125922,0.634061680718167,0.202802991619881,0.209194868841156,0.421263235506041,0.42486681187701,0.826869218745804,0.843256549559323
14.0200115108,0.624465876245461,0.634473553672621,0.202575201229578,0.208954289819213,0.421890675015882,0.425519263853407,0.827041077475039,0.843427843491834
14.0260781536,0.624865653775826,0.634885546506548,0.202347217425315,0.208713523406872,0.422518436350511,0.426172023099675,0.827212871201141,0.84359906991342
14.0321447964,0.625265552415745,0.635297651268923,0.202119053101697,0.208472583625714,0.423146499314048,0.426825067643209,0.827384605517442,0.843770234894637
14.0382114392,0.625665564486401,0.635709860002896,0.201890721714836,0.208231484513368,0.423774842771565,0.427478375489528,0.827556286201238,0.843941344516265
14.044278082,0.626065682691899,0.636122164917625,0.201662236156478,0.207990239864007,0.424403446535421,0.428131925053617,0.827727918848377,0.844112404781632
14.0503447248,0.626465899423947,0.636534557937369,0.201433609773995,0.207748863881327,0.425032289649952,0.428785694056042,0.827899509197943,0.844283421818696
14.0564113676,0.626866207265455,0.636947031329437,0.201204855637992,0.2075073702774,0.425661351627463,0.429439661052037,0.828071062903447,0.844454401606836
14.0624780104,0.627266598744624,0.637359577035089,0.200975986899581,0.20726577323545,0.426290611845044,0.430093803799639,0.828242585644205,0.84462535027054
14.0685446532,0.627667066327942,0.63777218721765,0.200747016790308,0.207024086604629,0.426920049537634,0.430748100613021,0.82841408311825,0.844796273822279
14.074611296,0.628067602639964,0.638184853954933,0.200517958335662,0.206782324389179,0.427549644304302,0.431402529565754,0.828585560975626,0.844967178344113
14.0806779388,0.628468200091734,0.638597569295513,0.200288824833447,0.206540500589918,0.428179375258286,0.432057068705595,0.828757024925181,0.845138069885431
14.0867445816,0.628868851301497,0.639010325405176,0.200059629326308,0.206298629090439,0.428809221975188,0.432711696314737,0.828928480627805,0.845308954495615
14.0928112244,0.629269548727129,0.639423114281836,0.199830385045552,0.206056723968245,0.429439163681578,0.433366390313592,0.829099933772681,0.845479838250081
14.0988778672,0.629670284920753,0.639835928096217,0.19960110511559,0.20581479908274,0.430069179805163,0.434021129013477,0.829271390036343,0.845650727178957
14.10494451,0.630071052405979,0.64024875888225,0.199371802695985,0.205572868486643,0.430699249709995,0.434675890395607,0.829442855101964,0.845821627368893
14.1110111528,0.630471843689265,0.640661598742886,0.199142490947576,0.205330946102643,0.431329352741689,0.435330652640242,0.829614334636841,0.845992544845529
14.1170777956,0.630872651319814,0.641074439784267,0.198913183028816,0.205089045918764,0.431959468290998,0.435985393865503,0.82978583434863,0.846163485703032
14.1231444384,0.631273467799122,0.641487274060959,0.198683892078161,0.204847181897989,0.43258957572096,0.43664009216297,0.829957359877283,0.846334455958947
14.1292110812,0.631674285660166,0.641900093694651,0.198454631288115,0.204605368014185,0.433219654372051,0.437294725680466,0.830128916948281,0.846505461708836
14.135277724,0.632075097425807,0.642312890757405,0.198225413775999,0.204363618218341,0.433849683649809,0.437949272539065,0.830300511201806,0.846676508975746
14.1413443668,0.632475895618564,0.642725657323544,0.197996252717951,0.204121946516556,0.434479642900613,0.438603710806987,0.830472148336515,0.8468476038401
14.1474110096,0.632876672756271,0.643138385519138,0.197767161284067,0.20388036683217,0.435109511472204,0.439258018686968,0.830643834040337,0.847018752351309
14.1534776524,0.63327742138654,0.643551067387292,0.197538152562395,0.203638893160295,0.435739268824145,0.439912174226997,0.830815573948935,0.847189960547587
14.1595442952,0.633678133982042,0.643963695061961,0.197309239846436,0.20339753947385,0.436368894135607,0.440566155588112,0.830987373828478,0.847361234535811
14.165610938,0.634078803135312,0.644376260604269,0.197080436114255,0.203156319696961,0.436998367021056,0.441219940907308,0.831159239249567,0.84753258030123
14.1716775808,0.634479421294653,0.644788756091086,0.196851754707175,0.202915247894625,0.437627666587478,0.441873508196461,0.831331176001828,0.847704003985711
14.1777442236,0.634879981046728,0.645201173669114,0.196623208630613,0.202674337890993,0.438256772416116,0.442526835778121,0.831503189677341,0.847875511560107
14.1838108664,0.635280474885634,0.645613505316454,0.196394811110354,0.202433603838228,0.43888566377528,0.443179901478226,0.831675285995987,0.848047109154682
14.1898775092,0.635680895322245,0.646025743250793,0.196166575329104,0.202193059531412,0.439514319993142,0.443832683719381,0.831847470651349,0.848218802782204
14.195944152,0.636081234946515,0.646437879455904,0.195938514300043,0.201952719036963,0.440142720646473,0.444485160418941,0.832019749246558,0.848390598492868
14.2020107948,0.636481486153394,0.646849906093053,0.195710641453798,0.201712596313814,0.440770844699596,0.445137309779239,0.832192127607192,0.848562502406866
14.2080774376,0.63688164162705,0.647261815230482,0.195482969607006,0.201472705246214,0.441398672020044,0.445789109984269,0.832364611234056,0.848734520476696
14.2141440804,0.637281693731705,0.647673598899518,0.195255512248764,0.201233059991139,0.44202618148294,0.446440538908379,0.832537205980469,0.848906658890657
14.2202107232,0.637681635116638,0.648085249321998,0.195028282274671,0.200993674245582,0.442653352841967,0.447091575076416,0.832709917391309,0.84907892356758
14.226277366,0.638081458248708,0.648496758379984,0.194801292958073,0.200754562307134,0.443280165290635,0.44774219607285,0.832882751206782,0.849251320687119
14.2323440088,0.63848115563065,0.648908118382249,0.194574557496372,0.200515737843746,0.443906598134278,0.448392380538503,0.833055713127022,0.849423856225995
14.2384106516,0.638880719895936,0.649319321253761,0.194348088825794,0.200277214992027,0.444532631070142,0.449042106261734,0.83322880872173,0.849596536245788
14.2444772944,0.639280143360616,0.649730359182578,0.194121900516178,0.200039007698036,0.445158242844438,0.449691351484541,0.833402043876794,0.849769366880614
14.2505439372,0.639679418801083,0.650141224244634,0.193896005221689,0.199801129805126,0.445783413579394,0.450340094439509,0.833575424022773,0.84994235404976
14.25661058,0.640078538498067,0.650551908424983,0.19367041657816,0.199563595563105,0.446408121919907,0.450988312861878,0.833748955076227,0.850115503988089
14.2626772228,0.640477495162283,0.650962404021094,0.19344514737345,0.199326418541486,0.447032347788834,0.451635985479609,0.833922642535733,0.85028882256258
14.2687438656,0.640876281234534,0.651372702819172,0.193220210926386,0.199089613182655,0.447656070308148,0.452283089636517,0.834096492160921,0.850462316001827
14.2748105084,0.64127488920823,0.651782797218544,0.192995620451148,0.198853193028553,0.448279268757082,0.45292960418999,0.834270509659378,0.850635990247097
14.2808771512001,0.641673311761549,0.652192679085898,0.192771388804927,0.198617172284866,0.448901922956621,0.453575506801032,0.834444700566476,0.850809851370764
14.286943794,0.642071541130454,0.652602340635573,0.192547529698855,0.198381564885896,0.449524011431599,0.454220775749677,0.834619070829308,0.850983905521469
14.2930104368,0.642469570184157,0.653011773951762,0.192324055623583,0.198146384633077,0.450145514560575,0.454865389318685,0.83479362580774,0.851158158584839
14.2990770796,0.642867391120486,0.653420970972519,0.192100980360639,0.197911645869904,0.450766410759847,0.455509325102615,0.834968371481125,0.851332616842423
14.3051437224001,0.64326499671041,0.65382992407144,0.191878316592225,0.197677362038084,0.451386680118184,0.456152562033356,0.835143313302635,0.851507286109524
14.3112103652,0.643662384372376,0.654238629941572,0.1916560847552,0.197443554798798,0.452006299617176,0.456795075142775,0.835318469127576,0.85168218474037
14.317277008,0.644059561480797,0.65464709596378,0.191434319142372,0.197210258628876,0.452625242338424,0.457436837334904,0.835493880623169,0.851857354592655
14.3233436508,0.644456519851097,0.65505531303835,0.191213031244807,0.196977486516948,0.453243488606291,0.458077826521402,0.835669551095904,0.852032799555298
14.3294102936001,0.6448532495416,0.655463271309021,0.190992231952288,0.196745249421958,0.453861017589311,0.458718021887063,0.835845481493888,0.852208520730979
14.3354769364,0.645249741364388,0.655870960718272,0.1907719305496,0.196513558061085,0.454477810814788,0.459357402657187,0.836021671913988,0.852384518779357
14.3415435792,0.645645985334757,0.656278371056211,0.190552137992758,0.196282423902195,0.455093847341999,0.459995947154016,0.836198123327515,0.852560794958406
14.347610222,0.646041972145655,0.656685492635963,0.190332863838087,0.196051857236568,0.455709108307568,0.460633635399395,0.836374835983741,0.852737349872532
14.3536768648,0.646437692072821,0.657092314936062,0.190114118495948,0.195821869801101,0.456323573576873,0.461270445134961,0.836551810568769,0.852914184737163
14.3597435076,0.64683313546522,0.657498828413115,0.189895912219006,0.195592471887777,0.456937223246214,0.461906356525338,0.836729047684226,0.853091300300892
14.3658101504,0.647228292968344,0.65790502269317,0.189678254694025,0.195363674830968,0.457550038274319,0.462541347862202,0.836906547662369,0.853268697524137
14.3718767932,0.647623154535635,0.658310887922795,0.189461156924526,0.195135489548372,0.458161997611109,0.463175398374423,0.837084311460162,0.853446377471166
14.377943436,0.648017711099375,0.658716414080053,0.189244628066746,0.194907926750255,0.458773083032629,0.463808487329798,0.837262339166121,0.853624340830309
14.3840100788,0.648411952569452,0.659121590882921,0.189028679186814,0.194680997966377,0.459383273382638,0.464440592916544,0.837440631756266,0.853802588849298
14.3900767216,0.648805869714112,0.659526408739048,0.188813319764184,0.194454713384191,0.459992549949929,0.465071695354857,0.837619189478296,0.853981122123239
14.3961433644,0.649199452779222,0.659930857024285,0.188598560238035,0.194229084873071,0.460600892541187,0.465701772151213,0.837798013017257,0.854159941897356
14.4022100072,0.649592692098194,0.660334926281537,0.188384410880268,0.194004122598579,0.461208281217927,0.466330803682958,0.837977102978462,0.854339048880116
14.40827665,0.649985578377497,0.660738606092856,0.188170881310356,0.193779837978802,0.461814697067141,0.466958768114053,0.838156459687853,0.854518444071658
14.4143432928,0.650378101464173,0.661141886640321,0.187957982647166,0.193556241843423,0.462420118817007,0.467585644796898,0.838336084111339,0.854698128483744
14.4204099356,0.650770252411459,0.66154476188015,0.187745723917582,0.193333339320419,0.463024528493877,0.468211422559731,0.838515976329041,0.85487810120057
14.4264765784,0.651162021024599,0.66194732819459,0.187534116297044,0.193110991053665,0.463627904727555,0.468836337140926,0.838696137321644,0.855058319248255
14.4325432212001,0.651553398145617,0.662349632333483,0.187323169189744,0.192889127580008,0.464230228955873,0.469460504753475,0.838876567335361,0.855238759913491
14.438609864,0.651944373992025,0.662751662332121,0.18711289306207,0.192667762652491,0.464831480929955,0.47008389967963,0.839057267054096,0.855419424984612
14.4446765068001,0.652334938880167,0.66315340789909,0.186903298206767,0.19244690761163,0.4654316406734,0.47070650028746,0.839238237086933,0.855600315510721
14.4507431496,0.652725083579003,0.663554857553127,0.18669439417441,0.192226575401337,0.466030689404593,0.47132828215179,0.839419477753413,0.855781432954464
14.4568097924,0.653114797827659,0.663956000308636,0.186486192200816,0.192006778464284,0.466628605626843,0.471949221844352,0.839600990028475,0.855962778772921
14.4628764352,0.653504072801087,0.664356825410476,0.186278701182717,0.191787528635239,0.46722537161837,0.472569296775237,0.839782773983805,0.856144354045715
14.4689430780001,0.653892898200645,0.664757321139249,0.18607193240406,0.191568839397366,0.467820965796586,0.473188481741883,0.839964830604705,0.856326160536615
14.4750097208,0.654281264940616,0.665157477327866,0.185865895195378,0.191350721808924,0.468415369745238,0.473806755518941,0.840147160135994,0.85650819913679
14.4810763636,0.654669163211678,0.665557281920127,0.185660600048664,0.191133189740749,0.469008563163014,0.474424092179379,0.840329763260342,0.856690471660876
14.4871430064,0.655056583311583,0.665956724703749,0.185456057279112,0.190916254415926,0.46960052603247,0.475040470287824,0.840512640590696,0.856872979119675
14.4932096492001,0.655443516073308,0.666355794155911,0.185252276366796,0.190699928859779,0.470191239706512,0.475655865296132,0.840695792440103,0.85705572301569
14.499276292,0.655829951126539,0.666754479295305,0.185049268666087,0.190484225470009,0.470780682460452,0.476270253825296,0.840879219792626,0.857238704765314
14.5053429348,0.656215879768705,0.667152769395837,0.184847042942762,0.190269156084483,0.471368836825943,0.476883613311354,0.841062922711468,0.857421925480319
14.5114095776001,0.656601291598036,0.667550652675736,0.18464561058847,0.190054734235352,0.471955681009566,0.477495918440384,0.841246902186506,0.857605386911089
14.5174762204001,0.656986177599556,0.667948119050829,0.184444980861695,0.189840970891758,0.472541196737861,0.478107148159072,0.841431158461251,0.857789089942587
14.5235428632,0.657370527938625,0.668345156373857,0.184245164278426,0.189627880042291,0.473125363660199,0.478717276331566,0.841615692217052,0.857973036416148
14.529609506,0.657754332892891,0.668741754510887,0.184046171177915,0.189415472793133,0.473708161714976,0.479326281717754,0.841800504070806,0.85815722730402
14.5356761488,0.658137583360859,0.669137901898314,0.183848010968124,0.189203762250504,0.474289572392735,0.47993413964781,0.841985594328982,0.858341664148818
14.5417427916001,0.658520268861261,0.669533587558356,0.183650695123589,0.18899276076765,0.474869573737672,0.480540826790705,0.84217096398485,0.858526348326006
14.5478094344,0.65890238081476,0.669928800794614,0.183454232278327,0.188782480184874,0.475448148536433,0.481146320609739,0.842356613093087,0.858711280979488
14.5538760772,0.659283908717219,0.670323529762434,0.183258633930884,0.188572934084348,0.476025274786335,0.481750595678085,0.842542542648103,0.858896463846782
14.55994272,0.659664843622883,0.670717764460755,0.183063909269305,0.188364133345233,0.476600934353577,0.482353631115522,0.842728752892188,0.859081897805987
14.5660093628001,0.660045175673315,0.671111492651691,0.182870068831967,0.188156092073841,0.477175106841349,0.482955400577851,0.842915244505282,0.859267584725532
14.5720760056,0.660424895124536,0.671504704278884,0.182677122983785,0.187948821259978,0.477747772140751,0.483555883018907,0.84310201810832,0.859453525538862
14.5781426484,0.660803992942102,0.671897387738716,0.182485081059003,0.187742334090237,0.478318911883099,0.484155053648479,0.843289074001105,0.859639721828953
14.5842092912,0.661182458532271,0.672289532056169,0.182293954653931,0.187536642873932,0.47888850387834,0.484752889182237,0.843476413186202,0.8598261749301
14.5902759340001,0.661560283439699,0.67268112656519,0.18210375227002,0.187331759453139,0.479456531169679,0.485349367112051,0.843664035709718,0.860012886018328
14.5963425768,0.66193745705864,0.673072159357721,0.181914485511913,0.187127697461078,0.480022971546727,0.485944461896643,0.843851942570552,0.860199856818799
14.6024092196,0.662313970511043,0.673462620516023,0.181726163498818,0.186924467686075,0.480587807012225,0.486538152829949,0.844040134009861,0.860387088202098
14.6084758624,0.662689813916194,0.673852497712012,0.181538796789895,0.186722084352124,0.481151017126299,0.487130413359887,0.844228610706089,0.860574582064136
14.6145425052001,0.663064977506965,0.674241780966123,0.181352395777331,0.186520558333184,0.481712581729634,0.487721222632939,0.844417373284295,0.860762339299306
14.620609148,0.663439452317485,0.674630458635499,0.181166969720045,0.186319902895701,0.48227248259744,0.488310555739798,0.844606422037529,0.8609503615312
14.6266757908,0.663813227640015,0.675018519747126,0.180982530337724,0.186120130305577,0.482830697302291,0.488898389441549,0.844795757977739,0.861138650052703
14.6327424336001,0.664186295143967,0.675405953665944,0.180799085998452,0.185921252406,0.483387209145515,0.489484701259945,0.844985381142419,0.861327206071944
14.6388090764,0.664558644122746,0.675792748419981,0.180616648412165,0.185723282882266,0.48394199571058,0.490069465537715,0.845175292534911,0.861516031302247
14.6448757192001,0.664930265764484,0.676178894175017,0.180435226630844,0.185526232431006,0.484495039133641,0.490652661744011,0.845365492395328,0.861705126606023
14.6509423620001,0.665301150167708,0.676564378513199,0.180254831232821,0.185330115393864,0.485046318934887,0.491234263119335,0.845555981400528,0.861894493907063
14.6570090048001,0.665671287540625,0.676949191530983,0.180075472639163,0.185134942529476,0.485595814901462,0.491814249001507,0.845746760179788,0.862084134060459
14.6630756476,0.666040668987453,0.677333321741284,0.179897160031858,0.184940726908925,0.486143508955595,0.492392594832359,0.84593782901931,0.86227404865021
14.6691422904001,0.666409300865406,0.67771678188306,0.17971988095873,0.184747447223183,0.486689419906675,0.492969334659876,0.846129181824136,0.862464229106243
14.6752089332001,0.66677788125978,0.678100254094447,0.179542644808268,0.184554135631388,0.487235236451512,0.493546118463059,0.846320526068047,0.862654389725834
14.6812755760001,0.667146779834186,0.678484113638912,0.179364925328648,0.184360258147213,0.487781854505538,0.494123855491699,0.846511705162834,0.862844371786125
14.6873422188,0.667515990248677,0.678868352676023,0.179186728101857,0.184165822673498,0.48832926214682,0.494702530002525,0.846702718350533,0.863034175349521
14.6934088616001,0.667885506637716,0.67925296423298,0.179008057988904,0.183970835842687,0.488877448648812,0.495282128390293,0.84689356462662,0.863223800075667
14.6994755044001,0.668255323082965,0.679637940394077,0.178828919926426,0.183775305593803,0.48942640315654,0.495862634800274,0.847084243009391,0.86341324598788
14.7055421472001,0.668625433313375,0.680023274007654,0.178649319407202,0.183579238892218,0.489976113906173,0.496444035115436,0.847274752720577,0.863602512899872
14.71160879,0.668995831800025,0.6804089574722,0.178469260749678,0.183382643152973,0.490526571050346,0.497026314319228,0.847465092549703,0.863791600625173
14.7176754328001,0.669366512028957,0.68079498331739,0.178288749839762,0.1831855258343,0.491077762189196,0.497609457483091,0.847655261868719,0.86398050915169
14.7237420756001,0.669737468437235,0.681181344291146,0.178107791039319,0.182987893870837,0.491629677397916,0.498193450420309,0.847845259476554,0.864169238161982
14.7298087184001,0.670108694733488,0.681568032595069,0.17792638988692,0.182789755131253,0.492182304846568,0.498778277463816,0.848035084620409,0.864357787726321
14.7358753612,0.670480185031976,0.681955041207933,0.177744551263052,0.18259111630832,0.492735633768923,0.499363924899613,0.848224736295028,0.864546157516253
14.741942004,0.670851933406192,0.682342362256911,0.177562280108813,0.18239198527146,0.493289653297379,0.499950376985451,0.848414213515004,0.864734347528371
14.7480086468001,0.671223933621626,0.682729988568502,0.177379581888582,0.182192369043012,0.493844351733044,0.500537619525489,0.848603515510208,0.864922357611514
14.7540752896001,0.671596180084447,0.683117912542334,0.177196460973143,0.181992274994156,0.494399719111304,0.501125637548177,0.848792641057591,0.86511018753649
14.7601419324,0.671968666355475,0.683506126723097,0.177012923186528,0.181791710607595,0.494955743168947,0.501714416115501,0.848981589542002,0.865297837330692
14.7662085752001,0.672341386805634,0.683894623827818,0.176828972947616,0.181590682824254,0.495512413858018,0.502303941003564,0.84917035975325,0.865485306652072
14.7722752180001,0.672714335191186,0.684283396100189,0.176644615752364,0.181389199477981,0.496069719438822,0.502894196622208,0.849358950943551,0.86567259557817
14.7783418608001,0.673087505607132,0.684672436470835,0.176459856499935,0.181187267322053,0.496627649107197,0.503485169148783,0.849547362107067,0.865859703792888
14.7844085036,0.673460892117852,0.685061737109332,0.176274700136689,0.180984894156395,0.497186191981162,0.504076842952937,0.849735592254541,0.866046631265727
14.7904751464001,0.673834488526321,0.685451290820811,0.176089152097804,0.180782087060213,0.497745336428517,0.504669203760597,0.849923640624126,0.866233377881024
14.7965417892001,0.67420828917285,0.685841090005572,0.175903216807206,0.18057885336093,0.498305072365643,0.505262236644642,0.850111505980056,0.866419943366502
14.8026084320001,0.674582287693509,0.686231127223679,0.175716900026646,0.180375200565471,0.498865387666863,0.505855926658208,0.850299187720155,0.86660632778915
14.8086750748,0.674956478393561,0.686621395161041,0.17553020623162,0.180171135621661,0.499426272161941,0.50645025953938,0.850486684625181,0.866792530782702
14.8147417176001,0.675330855075949,0.687011886103496,0.17534314087627,0.179966666327876,0.499987714199679,0.50704521977562,0.850673995952218,0.866978552431372
14.8208083604,0.675705411817364,0.687402592933799,0.175155708877634,0.179761799498081,0.50054970293973,0.507640793435718,0.850861120694998,0.867164392431881
14.8268750032001,0.676080142672123,0.687793507863452,0.174967915188136,0.179556542862803,0.501112227483987,0.50823696500065,0.851048057860259,0.867350050726255
14.8329416460001,0.676455041481639,0.688184623676693,0.174779765212952,0.179350903558016,0.501675276268687,0.508833720118677,0.85123480669459,0.867535527234709
14.8390082888001,0.676830102519411,0.688575932774027,0.174591263429949,0.179144888867489,0.502238839089462,0.509431043906538,0.851421365949359,0.867720821641516
14.8450749316001,0.677205319497238,0.688967427731249,0.174402415538198,0.17893850632212,0.50280290395904,0.510028921409129,0.851607735035435,0.867905934053369
14.8511415744001,0.677580686655193,0.689359101202927,0.174213226069411,0.178731762877252,0.503367460585781,0.510627338325675,0.851793912724604,0.868090864080179
14.8572082172001,0.677956197841952,0.689750945517103,0.174023700436718,0.178524666295136,0.503932497405235,0.511226279221967,0.85197989827867,0.868275611812238
14.8632748600001,0.678331847116847,0.690142953508939,0.173833843574229,0.1783172234506,0.504498003542618,0.511825730058338,0.852165690691076,0.868460176959539
14.8693415028001,0.678707628523182,0.690535117431385,0.173643660441234,0.178109442004878,0.505063968081949,0.512425675426507,0.852351288964416,0.868644559436263
14.8754081456001,0.679083535941755,0.690927430048261,0.173453156412105,0.177901329150616,0.50563037952965,0.513026100897645,0.85253669235386,0.868828759198877
14.8814747884001,0.679459563578308,0.691319883759813,0.173262336019451,0.177692892128029,0.506197227558857,0.513626991631784,0.852721899597758,0.869012775887842
14.8875414312001,0.679835705220838,0.691712471157919,0.173071204899265,0.17748413849174,0.506764500321573,0.514228332666179,0.852906910120103,0.869196609649659
14.8936080740001,0.680211955044707,0.692105184865588,0.172879767639072,0.177275075205223,0.507332187405635,0.514830109660365,0.853091722683779,0.869380260070811
14.8996747168001,0.680588306943375,0.692498017253121,0.172688029611789,0.177065709993954,0.507900277331586,0.515432307259167,0.853276336555164,0.869563727247075
14.9057413596001,0.680964754959761,0.692890961108364,0.172495995767802,0.176856049793805,0.508468759191959,0.516034911314559,0.853460750727563,0.86974701090217
14.9118080024001,0.681341293125208,0.693284008725241,0.172303671074065,0.176646102196817,0.509037622051143,0.516637906528424,0.853644964199272,0.869930110922058
14.9178746452001,0.681717915360848,0.693677152847627,0.172111060873344,0.176435874452208,0.509606854487504,0.517241278395419,0.853828976234192,0.870113027299836
14.923941288,0.682094615803717,0.69407038587504,0.171918169753795,0.176225373756744,0.510176446049922,0.517845012118296,0.854012785557511,0.870295759631785
14.9300079308001,0.682471388318488,0.694463700415802,0.171725003287927,0.176014607688525,0.510746385030561,0.518449092727277,0.854196391606415,0.870478308104327
14.9360745736001,0.682848227016281,0.694857089061138,0.171531566118683,0.175803583219769,0.511316660897598,0.519053505841368,0.854379793134964,0.870660672280907
14.9421412164001,0.683225125834394,0.695250544223664,0.171337863579566,0.175592308038526,0.511887262254829,0.519658236185137,0.854562989413959,0.87084285226219
14.9482078592,0.683602078800281,0.695644058644189,0.171143900636434,0.175380789141892,0.512458178163847,0.520263269502297,0.854745979436715,0.871024847786081
14.9542745020001,0.683979079932377,0.696037624657134,0.170949682264708,0.175169034052815,0.513029397667669,0.520868590604319,0.854928762197086,0.87120665870995
14.9603411448001,0.684356123193095,0.696431234986904,0.170755213774752,0.174957050076989,0.513600909418343,0.521474184909915,0.855111336967847,0.871388285063893
14.9664077876001,0.684733202649817,0.696824882031823,0.17056049981106,0.174744844367831,0.514172702838757,0.522080037663991,0.855293702460878,0.871569726399654
14.9724744304,0.685110312244365,0.69721855841701,0.170365545882266,0.17453242452667,0.514744766362098,0.52268613389034,0.855475858126631,0.87175098294368
14.9785410732001,0.685487446024094,0.697612256701688,0.170170356686325,0.174319797535086,0.515317089337769,0.523292459166602,0.855657802710419,0.871932054236773
14.9846077160001,0.685864597969187,0.698005969340843,0.169974937518127,0.174106971043048,0.51588966045106,0.523898998297795,0.855839535487314,0.87211294038389
14.9906743588001,0.686241762092586,0.698399689028526,0.169779293358206,0.173893952109055,0.51646246873438,0.524505736919471,0.856021055450792,0.872293641137582
14.9967410016,0.686618932398867,0.698793408139177,0.169583429191247,0.173680748187067,0.51703550320762,0.52511265995211,0.856202361590114,0.872474156326243
15.0028076444001,0.686996102892675,0.699187119378204,0.169387350294408,0.173467366639152,0.517608752598266,0.525719752739052,0.856383453187083,0.872654486017356
15.0088742872001,0.687373267570785,0.699580815142273,0.16919106136933,0.173253814575484,0.518182206201456,0.526327000566788,0.856564328940115,0.872834629717757
15.0149409300001,0.687750420452646,0.699974488073655,0.168994567860363,0.173040099620371,0.518755852592282,0.526934388453285,0.856744988313009,0.873014587694026
15.0210075728001,0.688127555522321,0.70036813069935,0.168797874520079,0.172826228765368,0.519329681002242,0.527541901933982,0.8569254300424,0.873194359464718
15.0270742156001,0.688504666801931,0.700761735516771,0.168600986605556,0.172612209621713,0.519903680196375,0.528149525895058,0.857105653407487,0.873373945138484
15.0331408584001,0.688881748290854,0.701155295173487,0.168403909111199,0.17239804930949,0.520477839179654,0.528757245863997,0.857285657402053,0.873553344482978
15.0392075012001,0.689258793978856,0.701548798887591,0.168206647031761,0.172183750694096,0.521052146947095,0.529365048193495,0.857465441010617,0.873732549581687
15.0452741440001,0.689635797913763,0.701942231644185,0.168009205610395,0.171969310301912,0.521626592303368,0.529972921342273,0.857645003524158,0.873911541946097
15.0513407868001,0.690012754020799,0.702335585504754,0.167811589606683,0.171754734728958,0.522201164414116,0.530580850775796,0.857824343627483,0.874090320233712
15.0574074296001,0.690389656397509,0.702728853102417,0.1676138044003,0.171540031584566,0.522775851997209,0.531188821517851,0.858003460797809,0.874268884686983
15.0634740724001,0.690766498965141,0.703122026928259,0.167415854798027,0.171325207865977,0.523350644167114,0.531796819062282,0.858182353763167,0.874447234794236
15.0695407152001,0.691143275786805,0.703515099510493,0.167217746019932,0.171110271128525,0.523925529766872,0.532404828381968,0.858361021806737,0.874625370639018
15.0756073580001,0.69151998084926,0.703908063431817,0.167019483073495,0.170895228527656,0.524500497775766,0.533012834904161,0.858539463922755,0.874803291959473
15.0816740008001,0.69189660812652,0.704300911148828,0.166821070964332,0.170680087384663,0.525075537162188,0.533620823764164,0.858717679090852,0.874980998533491
15.0877406436001,0.692273151710537,0.704693635296435,0.166622514900792,0.170464855126098,0.525650636809745,0.534228780170337,0.85889566661133,0.875158490422533
15.0938072864001,0.692649605454036,0.70508622827791,0.166423819701203,0.170249538791962,0.526225785752833,0.534836689485948,0.859073425155239,0.875335767069872
15.0998739292001,0.693025963533131,0.705478682744193,0.166224990680156,0.170034146014009,0.526800972852975,0.535444536730184,0.859250954213287,0.875512828758202
15.1059405720001,0.693402219806731,0.705870991153631,0.166026032698249,0.169818683800583,0.527376187108482,0.536052307353048,0.859428252504979,0.875689674954214
15.1120072148001,0.693778368377984,0.7062631460771,0.165826950939338,0.169603159667162,0.527951417438646,0.536659986409938,0.859605319317322,0.875866305744262
15.1180738576001,0.694154403221985,0.706655140051194,0.165627750423174,0.169387580830879,0.528526652798811,0.537267559220315,0.859782153645158,0.876042720882073
15.1241405004001,0.694530318296038,0.707046965571333,0.165428436167041,0.169171954544671,0.529101882128997,0.537875011026661,0.859958754463079,0.876218920116004
15.1302071432001,0.694906107737177,0.707438615254566,0.165229013343682,0.168956288290766,0.529677094393495,0.538482326963799,0.860135121080858,0.876394903545332
15.1362737860001,0.695281765324673,0.707830081501329,0.165029486830969,0.168740589066545,0.530252278493704,0.539089492434784,0.860311252155642,0.876570670567874
15.1423404288001,0.695657285313691,0.708221356980742,0.164829861878014,0.168524864525936,0.530827423435677,0.539696492454807,0.860487147191705,0.876746221506678
15.1484070716001,0.696032661501268,0.708612434118189,0.164630143398826,0.168309121688996,0.531402518102442,0.540303312429193,0.860662804900094,0.876921555807185
15.1544737144001,0.696407888029648,0.709003305527269,0.164430336541853,0.168093368030699,0.531977551487794,0.54090993749657,0.860838224571501,0.877096673557968
15.1605403572001,0.696782958863203,0.709393963698746,0.164230446338317,0.167877610830042,0.532552512524887,0.541516352868704,0.86101340520152,0.877271574528788
15.1666070000001,0.697157867941587,0.70978440116639,0.164030477817969,0.167661857271711,0.533127390123619,0.542122543894679,0.861188345759556,0.877446258438102
15.1726736428001,0.697532609447857,0.710174610529861,0.163830436117144,0.167446114893509,0.533702173330713,0.542728495636352,0.861363045565002,0.87762072542337
15.1787402856001,0.697907177086888,0.710564584186296,0.163630326174063,0.1672303906503,0.534276850912826,0.543334193535997,0.861537503260951,0.877794974836596
15.1848069284001,0.698281565193364,0.710954314823349,0.163430153171954,0.167014692217937,0.53485141202141,0.543939622605411,0.861711718365318,0.877969007041286
15.1908735712001,0.698655767502931,0.711343794833219,0.16322992207784,0.166799026628806,0.535425845425091,0.544544768204412,0.861885689580771,0.878142821462025
15.1969402140001,0.699029778195973,0.711733016872286,0.16302963800556,0.166583401316727,0.536000140190413,0.545149615555559,0.862059416201533,0.878316418189012
15.2030068568001,0.699403591227094,0.712121973385759,0.162829305997005,0.166367823622738,0.536574285230089,0.545754149763022,0.862232897224099,0.878489797008497
15.2090734996001,0.699777200517345,0.712510656945285,0.162628931095196,0.166152300663375,0.537148269422148,0.546358356281911,0.862406131612541,0.87866295760866
15.2151401424001,0.700150600296757,0.712899060133607,0.162428518399261,0.165936840031918,0.537722081897496,0.546962220101689,0.862579118696018,0.878835900165525
15.2212067852001,0.700523784194859,0.713287175344096,0.162228072908565,0.165721448640817,0.538295711286294,0.547565726703279,0.862751857103424,0.879008623984913
15.2272734280001,0.70089674662633,0.713674995283298,0.162027599740057,0.165506134187606,0.538869146886273,0.548168861095692,0.862924346366386,0.879181129470903
15.2333400708001,0.701269481265896,0.714062512310005,0.161827103913372,0.165290903717607,0.539442377352524,0.548771608592397,0.863096585179268,0.879353416027612
15.2394067136001,0.701641982331137,0.714449719123434,0.161626590508539,0.165075764622838,0.540015391822598,0.549373954500596,0.863268572839676,0.879525483746272
15.2454733564001,0.702014243767834,0.714836608123518,0.16142606457732,0.164860724306557,0.540588179190514,0.549975883816961,0.863440308345154,0.879697332430075
15.2515399992001,0.702386259477488,0.715223171919308,0.161225531176805,0.16464578981726,0.541160728300683,0.550577382102047,0.863611790654293,0.879868961736568
15.2576066420001,0.702758023738054,0.715609403077087,0.161024995368113,0.164430968803585,0.541733028369941,0.551178434273502,0.863783019106167,0.880040371880672
15.2636732848001,0.703129530102763,0.715995293986013,0.160824462212558,0.164216268135688,0.542305067890205,0.551779025850325,0.863953992315321,0.880211562121701
15.2697399276001,0.703500773066764,0.716380837371873,0.160623936760404,0.164001695532533,0.54287683630636,0.55237914183934,0.864124709827169,0.880382532904406
15.2758065704001,0.703871746244341,0.716766025559831,0.160423424083502,0.163787258052989,0.543448322160839,0.552978767506842,0.864295170327843,0.88055328361282
15.2818732132001,0.704242443889317,0.717150851291999,0.160222929228871,0.163572963046624,0.544019514660446,0.553577888245375,0.864465373118188,0.880723814338623
15.2879398560001,0.704612859939602,0.717535306923306,0.160022457257342,0.163358817979092,0.54459040268226,0.554176488944214,0.864635317196944,0.880894124902398
15.2940064988001,0.704982988276195,0.717919385099741,0.159822013240875,0.16314482983096,0.545160975035319,0.554774555268781,0.86480500151707,0.881064214930701
15.3000731416001,0.705352823225925,0.718303078371586,0.159621602201782,0.162931006306102,0.545731221024143,0.555372072065484,0.864974425427707,0.881234084677689
15.3061397844001,0.705722358264777,0.718686379123332,0.159421229264121,0.162717354232506,0.546301129000656,0.555969024890826,0.865143587528899,0.881403733355838
15.3122064272001,0.706091587968846,0.71906928010036,0.159220899411078,0.16250388135031,0.546870688557768,0.55656539875005,0.865312487379923,0.88157316145067
15.3182730700001,0.706460505892444,0.719451773593983,0.159020617766312,0.162290594732545,0.547439888126131,0.557161178861438,0.865481123658756,0.881742368326527
15.3243397128001,0.706829106324691,0.719833852389264,0.158820389344638,0.162077501685676,0.548008716980053,0.557756350703588,0.865649495669329,0.881911354074941
15.3304063556001,0.707197383196574,0.720215508796409,0.158620219215153,0.161864609737935,0.54857716398142,0.558350899058474,0.865817602411727,0.882080118534344
15.3364729984001,0.707565330367643,0.720596735497871,0.15842011246549,0.161651925802065,0.549145217902153,0.558944809695806,0.865985442833132,0.882248661299936
15.3425396412001,0.707932942214547,0.72097752502839,0.158220074078348,0.16143945763706,0.549712868136199,0.559538067391329,0.866153016292895,0.88241698266545
15.3486062840001,0.708300212135079,0.721357869767337,0.158020109241337,0.161227212028862,0.550280102893743,0.560130657738475,0.866320321376416,0.882585081796199
15.3546729268001,0.708667134786752,0.721737762480043,0.157820222870158,0.161015196738529,0.550846911916594,0.560722565741514,0.866487357656909,0.882752959218573
15.3607395696001,0.709033703664381,0.722117195423745,0.157620420139884,0.160803418853865,0.551413283524498,0.56131377656988,0.866654123804265,0.88292061427761
15.3668062124001,0.709399913091437,0.722496161426516,0.15742070603392,0.160591885637587,0.551979207057517,0.561904275788929,0.866820619125357,0.883088047064103
15.3728728552001,0.709765756992928,0.722874652754111,0.157221085628834,0.160380604680676,0.552544671364094,0.562494048073435,0.866986842621762,0.883255257434787
15.3789394980001,0.710131229206009,0.723252662124982,0.157021564028728,0.160169582828167,0.553109665177281,0.563083079296815,0.867152793234736,0.883422244953148
15.3850061408001,0.710496324158099,0.723630182058781,0.156822146175893,0.159958827894052,0.553674177982206,0.563671354164729,0.867318470333991,0.883589009952833
15.3910727836001,0.710861035167847,0.724007204929314,0.156622837322285,0.159748346622347,0.554238197845562,0.564258858306967,0.867483872490133,0.883755551551662
15.3971394264001,0.711225356974659,0.724383723522207,0.156423642315725,0.159538146794782,0.554801714658934,0.564845576727425,0.867648999290385,0.88392187031699
15.4032060692001,0.711589283014332,0.724759730060402,0.156224566382297,0.159328235514542,0.555364716632035,0.565431494545859,0.867813849396628,0.884087965574944
15.4092727120001,0.711952807643731,0.725135217415039,0.156025614474798,0.159118619999948,0.555927193168933,0.56601659741509,0.867978422118529,0.884253837414987
15.4153393548001,0.712315924782842,0.725510177807698,0.155826791676466,0.158909307904909,0.556489133106376,0.566600869902789,0.868142716459308,0.884419485712607
15.4214059976001,0.712678628245471,0.725884603992358,0.155628103108671,0.158700306006858,0.557050525136799,0.567184297985501,0.868306731354142,0.884584909999216
15.4274726404001,0.713040912510757,0.726258488474046,0.155429553672497,0.158491622174668,0.55761135883826,0.567766866299378,0.868470466183254,0.884750110648715
15.4335392832001,0.713402770817258,0.726631823620547,0.155231148685048,0.158283263110554,0.55817162213221,0.568348560509993,0.868633919502306,0.884915086731101
15.4396059260001,0.713764197986746,0.727004602238137,0.155032892925861,0.158075236616661,0.558731305060885,0.568929365621476,0.868797090912608,0.885079838854798
15.4456725688001,0.714125187396472,0.727376816515238,0.154834791671633,0.157867549812168,0.559290395724839,0.56950926670307,0.868959979068105,0.885244366327406
15.4517392116001,0.714485733435752,0.727748459366116,0.154636849845355,0.157660209870351,0.559848883590397,0.570088249495766,0.869122583281106,0.885408669236467
15.4578058544001,0.714845841077551,0.728119534025512,0.154439088173172,0.157453240145266,0.560406752904379,0.570666293880245,0.869284929250723,0.885572774170778
15.4638724972001,0.715205723064247,0.728490252235326,0.154241821440639,0.157246956992967,0.560963901623608,0.571243295242358,0.869447544504886,0.885737209228293
15.4699391400001,0.71556545831118,0.72886069086995,0.154045173843167,0.157041487673427,0.561520284468012,0.571819203196523,0.869610632154347,0.885902178543377
15.4760057828001,0.715925039189244,0.729230841504075,0.153849149651357,0.156836837734725,0.562075889537887,0.572394003769351,0.8697741888406,0.8860676792388
15.4820724256001,0.716284458646776,0.729600695008704,0.153653750809469,0.156633012232579,0.562630707837307,0.572967682776124,0.869938209456246,0.886233707241283
15.4881390684001,0.716643709096294,0.729970242630853,0.153458981362198,0.15643001702056,0.563184727734096,0.573540225610293,0.870102690458492,0.886400259651412
15.4942057112001,0.717002783332105,0.730339475701463,0.153264843903298,0.156227856926016,0.563737939428807,0.574111618775447,0.870267627235403,0.886567332627479
15.5002723540001,0.717361673971404,0.730708385059007,0.153071341694707,0.156026537897015,0.564290332276697,0.574681847161993,0.870433015666111,0.886734922956022
15.5063389968001,0.717720373568628,0.731076962317282,0.152878478183781,0.155826064865155,0.564841895384847,0.575250897452126,0.870598851752408,0.886903027182437
15.5124056396001,0.718078875000579,0.73144519824481,0.152686255770427,0.155626443392361,0.565392619230152,0.575818754852449,0.870765130771005,0.887071641637172
15.5184722824001,0.718437170542349,0.731813084395551,0.15249467877246,0.155427678965618,0.565942491769888,0.576385405429932,0.870931849314809,0.887240763361169
15.5245389252001,0.718795253242074,0.732180611678338,0.15230374908837,0.155229776683867,0.566491504153705,0.576950834994471,0.871099002330444,0.887410388362206
15.5306055680001,0.719153115439274,0.732547771289828,0.15211347079088,0.155032742396114,0.567039644648394,0.577515028893714,0.871266586230154,0.887580513685943
15.5366722108001,0.719510749970456,0.732914554615851,0.151923846462015,0.154836580899839,0.567586903508442,0.578077973716012,0.871434596432471,0.88775113551569
15.5427388536001,0.719868149445407,0.7332809524463,0.151734879360583,0.154641298199175,0.568133270084825,0.578639654247125,0.87160302880599,0.887922250645476
15.5488054964001,0.720225306391181,0.733646956427902,0.151546572951929,0.154446899156767,0.568678733439252,0.579200057271136,0.871771879343111,0.888093855584669
15.5548721392001,0.720582213746755,0.734012557323537,0.151358929603112,0.154253389399818,0.569223284143644,0.579759167923719,0.871941143349867,0.888265946723356
15.5609387820001,0.720938863690255,0.734377746665762,0.151171953679657,0.154060774354044,0.569766910010598,0.580316972311717,0.872110817369911,0.888438521019806
15.5670054248001,0.721295249370196,0.734742515401705,0.15098564703403,0.153869059161505,0.570309602336166,0.5808734562402,0.872280896404226,0.888611574563209
15.5730720676001,0.721651363053681,0.735106854677544,0.15080001376674,0.153678249667405,0.570851349286941,0.581428605010138,0.872451376820422,0.888785104344949
15.5791387104001,0.722007197618258,0.735470755935542,0.150615056448577,0.153488350635998,0.571392141169682,0.581982405299544,0.872622254066835,0.88895910657154
15.5852053532001,0.722362745667466,0.73583421161873,0.150430778334723,0.15329936572207,0.571931967332743,0.582534845896659,0.872793524002189,0.8891335773408
15.5912719960001,0.722717999699814,0.736197325833462,0.15024718290901,0.153111140722788,0.572470816790804,0.583086185110674,0.872965182608823,0.889308466556251
15.5973386388001,0.723072952717615,0.736560194090875,0.150064272505147,0.152923533187386,0.573008680212467,0.58363666090349,0.873137225222762,0.889483727278261
15.6034052816001,0.723427596800866,0.736922808232939,0.149882051536871,0.152736548011341,0.573545545263995,0.584186260221598,0.873309648337737,0.889659356244281
15.6094719244001,0.723781925199046,0.737285160091232,0.149700521810375,0.152550189183737,0.574081403388671,0.584734970907495,0.873482447009421,0.889835349274969
15.6155385672001,0.724135930107422,0.737647240895196,0.149519687453704,0.152364462357438,0.574616242653718,0.585282778537759,0.873655617561126,0.890011703252634
15.6216052100001,0.724489604443417,0.738009042995686,0.14933955102691,0.152179371057162,0.575150053416507,0.585829671938524,0.873829155470326,0.890188414052848
15.6276718528001,0.724842940805486,0.738370557355742,0.149160115781051,0.151994921020433,0.575682825024434,0.586375636335309,0.874003056586537,0.890365478376175
15.6337384956001,0.725195931662429,0.738731776304146,0.148981385218946,0.15181111609707,0.576214546443483,0.586920660207077,0.874177316881375,0.890542892401216
15.6398051384001,0.725548570081062,0.739092691153087,0.148803361640457,0.15162796125544,0.576745208440605,0.587464729897647,0.874351931721519,0.890720652408527
15.6458717812001,0.725900848042089,0.739453293717484,0.148626049508026,0.151445461335497,0.577274798534062,0.588007832381987,0.874526897550115,0.890898755052981
15.6519384240001,0.72625275889653,0.739813575874836,0.148449450581328,0.151263620359749,0.577803308315202,0.588549955515088,0.874702209477858,0.891077196234585
15.6580050668001,0.726604294768401,0.740173528796969,0.148273569015694,0.15108244398856,0.578330725752707,0.589091084808409,0.874877863784096,0.891255972785529
15.6640717096001,0.726955448613836,0.740533144894041,0.148098407360936,0.150901935707011,0.578857041252899,0.58963120918703,0.875053855974772,0.891435080601052
15.6701383524001,0.727306213027371,0.740892415079285,0.147923968863493,0.150722101313954,0.579382244163878,0.590170313765331,0.875230181890864,0.89161451639324
15.6762049952001,0.727656580446933,0.741251331712709,0.147750257045662,0.150542944589179,0.579906323401271,0.59070838712353,0.875406837492595,0.891794276301888
15.6822716380001,0.728006544005003,0.74160988610488,0.147577274172965,0.150364470564053,0.580429269832037,0.591245415540827,0.875583818177968,0.891974356668933
15.6883382808001,0.728356095581828,0.741968070042959,0.147405024757048,0.150186684022879,0.58095107082478,0.59178138602008,0.875761120338875,0.892154754065837
15.6944049236001,0.728705228630553,0.742325875450868,0.147233510510814,0.150009589021432,0.581471718119739,0.592316286429436,0.875938739141367,0.892335464472301
15.7004715664001,0.729053935204524,0.742683293442677,0.147062735616637,0.149833191228372,0.581991199587887,0.592850102214305,0.87611667082116,0.892516484671049
15.7065382092001,0.729402208297421,0.743040316487675,0.146892702614582,0.149657494088214,0.582509505682839,0.593382822399461,0.876294910912004,0.892697810575889
15.7126048520001,0.729750040501027,0.743396935449815,0.146723414745972,0.149482503461564,0.583026625755055,0.593914431988251,0.876473455246998,0.892879438911379
15.7186714948001,0.730097424221231,0.743753142719606,0.146554875553082,0.149308223058048,0.583542548668149,0.594444919661559,0.876652299774314,0.893061365777654
15.7247381376001,0.730444352657342,0.744108929606709,0.146387087266596,0.149134657972155,0.584057265390745,0.594974271634554,0.876831439923938,0.893243587578864
15.7308047804001,0.730790817587987,0.744464287869819,0.146220054447859,0.148961812932418,0.584570763140128,0.595502474937401,0.877010872035846,0.893426100802237
15.7368714232001,0.73113681256902,0.744819209479782,0.146053778762758,0.148789692027721,0.585083033806262,0.596029517452061,0.877190591331778,0.893608901507503
15.7429380660001,0.731482329583695,0.745173685492777,0.145888264420455,0.148618300935805,0.58559406516324,0.596555384556972,0.877370594004149,0.893791986428582
15.7490047088001,0.731827361662078,0.745527708437042,0.14572351395177,0.148447643059702,0.586103847710308,0.59708006537734,0.877550875613849,0.893975351496745
15.7550713516001,0.732171901394359,0.745881269127786,0.145559530592412,0.148277724322196,0.586612370801946,0.597603544805591,0.877731431986771,0.894158993449982
15.7611379944001,0.732515941153228,0.746234359985293,0.145396317905132,0.148108548362607,0.587119623248096,0.598125811622686,0.877912259058359,0.894342908347901
15.7672046372001,0.732859474205984,0.74658697231903,0.145233878085275,0.147940120338678,0.587625596120709,0.598646851980352,0.878093352291259,0.894527092657708
15.7732712800001,0.733202492228473,0.746939097858521,0.145072215744385,0.147772444923046,0.588130276484088,0.599166652935475,0.878274707972858,0.894711542781567
15.7793379228001,0.733544988879836,0.747290728622035,0.144911332501083,0.147605526237545,0.588633656378753,0.59968520238449,0.878456321380918,0.89489625485958
15.7854045656001,0.733886956073819,0.747641855607724,0.144751232591073,0.14743936996979,0.589135723482747,0.600202485637934,0.878638188664892,0.895081225577514
15.7914712084001,0.734228386875712,0.747992471402599,0.144591918536426,0.147273979480409,0.589636468339286,0.60071849192219,0.878820305412138,0.895266450883008
15.7975378512001,0.734569273875271,0.748342566773655,0.144433393566739,0.147109360754779,0.590135880308533,0.601233206018875,0.87900266744201,0.895451927528434
15.8036044940001,0.734909609410828,0.748692134170226,0.144275661265734,0.146945517361789,0.590633948145095,0.601746616808437,0.879185270676562,0.895637651532015
15.8096711368001,0.735249386818835,0.749041164902299,0.144118723792925,0.146782454522555,0.591130663025909,0.602258710379744,0.87936811061176,0.895823619424853
15.8157377796001,0.73558859767119,0.74938965066952,0.143962585810549,0.146620176853695,0.591626011860641,0.602769473815825,0.879551183481739,0.896009827523216
15.8218044224001,0.735927235730905,0.749737583538081,0.143807248889713,0.146458688509836,0.592119986841192,0.603278895028245,0.879734484620619,0.896196272047917
15.8278710652001,0.736265292842803,0.750084954447974,0.143652717292415,0.146297995189259,0.592612575550387,0.603786959258715,0.879918010135218,0.896382949637233
15.8339377080001,0.736602762106227,0.7504317560448,0.143498993532473,0.146138100209264,0.593103768573754,0.604293655835536,0.8801017556387,0.896569856254064
15.8400043508001,0.73693963611167,0.750777979047876,0.143346080832875,0.145979009618247,0.593593555278796,0.604798969429629,0.880285716944545,0.896756988666123
15.8460709936001,0.737275907161938,0.751123615934859,0.143193982798813,0.145820726914525,0.594081924363125,0.605302889020334,0.880469889960751,0.896944342849385
15.8521376364001,0.737611568663799,0.751468660851959,0.143042701553471,0.145663253373435,0.594568867110328,0.605805407478524,0.88065427021727,0.897131914225395
15.8582042792001,0.737946816595607,0.751813304803606,0.142891952587249,0.145506311652677,0.595054864008358,0.606306993150928,0.880838769182857,0.897319616456283
15.8642709220001,0.738281912832897,0.752157809763873,0.142741358402844,0.145349524300597,0.595540554430052,0.606808285463276,0.881023271235741,0.897507334064471
15.8703375648001,0.738616854914074,0.752502172983568,0.142590915139699,0.145192888019655,0.596025939774376,0.607309284963913,0.881207770053773,0.897695061003223
15.8764042076001,0.738951639563653,0.752846390351111,0.142440620223634,0.14503640157947,0.596511019340018,0.60780998877164,0.881392259787287,0.897882791930582
15.8824708504001,0.739286263375453,0.753190457299165,0.142290471211657,0.144880064359523,0.596995792163796,0.608310392939642,0.88157673458711,0.898070521658688
15.8885374932001,0.739620722859925,0.753534369632679,0.142140465728527,0.144723875120954,0.597480257131398,0.608810494511725,0.881761188588452,0.898258244753633
15.8946041360001,0.739955014834061,0.753878122965729,0.141990601138911,0.144567833129604,0.59796441369515,0.609310289836125,0.881945615972972,0.898445956095333
15.9006707788001,0.74028913557603,0.754221712873884,0.14184087525331,0.144411937320803,0.59844826032272,0.609809775553081,0.88213001082934,0.898633650194688
15.9067374216001,0.740623082032077,0.754565135173191,0.141691285341544,0.144256186748851,0.598931796690533,0.61030894842434,0.882314367373621,0.898821321922042
15.9128040644001,0.740956850566286,0.754908385285759,0.141541829133768,0.144100580631989,0.599415021432519,0.61080780465377,0.882498679700054,0.899008965917747
15.9188707072001,0.741290437919371,0.755251459112098,0.141392504070503,0.143945117759926,0.599897933848868,0.611306341352172,0.882682941989874,0.899196576872024
15.9249373500001,0.74162384068501,0.755594352082622,0.141243307705687,0.14378979751326,0.600380532979323,0.611804554569363,0.882867148390697,0.899384149595882
15.9310039928001,0.741957055357737,0.75593705999468,0.141094237655518,0.143634618631043,0.600862817702219,0.612302441363637,0.883051293013255,0.899571678625723
15.9370706356001,0.742290078786519,0.756279578481351,0.140945291304855,0.143479580419757,0.601344787481664,0.612799998061594,0.883235370091373,0.899759158901107
15.9431372784001,0.742622907201492,0.756621903087993,0.140796466432374,0.143324681755818,0.601826440769118,0.613297221332175,0.883419373633866,0.899946584843812
15.9492039212001,0.742955537596871,0.756964029660161,0.140647760341161,0.143169921754004,0.60230777725571,0.613794107906157,0.883603297938032,0.900133951414165
15.9552705640001,0.743287966304953,0.757305953599597,0.140499170736859,0.143015299591575,0.602788795568094,0.614290654008022,0.883787137041813,0.900321253191172
15.9613372068001,0.743620190082119,0.757647670818565,0.140350695074308,0.142860814077633,0.603269495007812,0.614786856740931,0.883970885156427,0.900508484896198
15.9674038496001,0.743952205522439,0.757989176745589,0.140202330904759,0.142706464594552,0.60374987461768,0.615282712151038,0.884154536427198,0.900695641340141
15.9734704924001,0.744284009103996,0.758330467170025,0.140054075835462,0.142552249858693,0.604229933268533,0.615778217311333,0.884338084939458,0.900882717028718
15.9795371352001,0.744615597708265,0.758671537744342,0.13990592727186,0.142398169217768,0.604709670436405,0.616273368526574,0.884521524980125,0.90106970696211
15.9856037780001,0.744946967516817,0.759012383983308,0.139757882960412,0.142244221488697,0.605189084556405,0.616768162494611,0.88470485047723,0.901256605472005
15.9916704208001,0.745278115572101,0.759353001762159,0.139609940237663,0.142090405847033,0.605668175334438,0.617262595915126,0.884888055809765,0.901443407609192
15.9977370636001,0.745609038174901,0.75969338646246,0.139462096784944,0.141936721429389,0.606146941389957,0.61775666503307,0.885071134959845,0.901630107891849
16.0038037064001,0.745939732096721,0.760033534007885,0.139314350071016,0.141783167063567,0.606625382025705,0.618250366944317,0.885254082167738,0.901816701071452
16.0098703492001,0.746270193932565,0.76037343982544,0.139166697644843,0.141629742134375,0.607103496287722,0.618743697691066,0.885436891577408,0.902003181959815
16.0159369920001,0.746600420143525,0.760713099696089,0.139019137104331,0.14147644533488,0.607581283039194,0.619236654361209,0.885619557247856,0.902189545030969
16.0220036348001,0.746930407644125,0.761052509292079,0.138871665875896,0.141323276054613,0.608058741768229,0.619729233237466,0.885802073520021,0.902375785346692
16.0280702776001,0.74726015256683,0.761391664097202,0.138724281673393,0.141170233050417,0.608535870893437,0.620221431046785,0.885984434240223,0.902561897147619
16.0341369204001,0.747589652002594,0.761730560016559,0.13857698186702,0.141017315558913,0.609012670135574,0.620713244457646,0.886166633869615,0.902747875575472
16.0402035632001,0.747918902220953,0.76206919241172,0.138429764113989,0.140864522676408,0.609489138106963,0.621204669735313,0.886348666334942,0.902933715088128
16.0462702060001,0.748247900008002,0.762407557217433,0.138282625896599,0.140711853248706,0.609965274111403,0.621695703968727,0.886530525904601,0.903119410466139
16.0523368488001,0.748576641960212,0.762745649859551,0.138135564761907,0.140559306663705,0.610441077198305,0.622186343195846,0.886712206722118,0.903304956523256
16.0584034916001,0.74890512452115,0.763083466110248,0.137988578298092,0.14040688159058,0.610916546223058,0.622676584519668,0.886893702819242,0.903490347700828
16.0644701344001,0.749233344638923,0.763421001661936,0.137841663952931,0.140254577461269,0.611391680685992,0.623166424200667,0.887075008591854,0.903675579123206
16.0705367772001,0.749561298396354,0.763758251967051,0.137694819407285,0.140102392971953,0.611866478989069,0.623655858995098,0.887256117803639,0.903860644939004
16.0766034200001,0.749888982933173,0.764095212960736,0.137548042065201,0.139950327420621,0.612340940867971,0.624144885540115,0.887437024998374,0.904045540381357
16.0826700628001,0.750216394487933,0.764431879984754,0.137401329559966,0.139798379863607,0.612815064927967,0.624633500121148,0.887617724047899,0.904230259848361
16.0887367056001,0.750543529860785,0.764768248984585,0.137254679387024,0.139646549164025,0.613288850473761,0.62512169982056,0.88779820924781,0.904414798148609
16.0948033484001,0.750870385650204,0.765104315385295,0.13710808909192,0.139494834713518,0.613762296558284,0.625609480671777,0.887978474742124,0.904599150098814
16.1008699912001,0.751196958281694,0.765440074949875,0.136961556252714,0.13934323515677,0.61423540202898,0.626096839793105,0.888158514534408,0.904783310106646
16.1069366340001,0.751523244737484,0.765775523391289,0.136815078338934,0.139191749968711,0.614708166398549,0.626583773422578,0.888338323076418,0.90496727336
16.1130032768001,0.751849241050215,0.766110656130231,0.136668652998058,0.139040377784282,0.615180588052157,0.627070278345949,0.888517894048273,0.905151033914513
16.1190699196001,0.752174944408662,0.766445469132066,0.136522277668175,0.138889117963132,0.615652666740487,0.627556351168934,0.888697222076837,0.905334587095198
16.1251365624001,0.752500351020666,0.766779957718937,0.136375949958842,0.138737969521961,0.616124401061825,0.628041988196975,0.888876300979508,0.905517927240898
16.1312032052001,0.752825457699896,0.767114117846716,0.136229667378261,0.138586931340498,0.616595790321635,0.628527186506218,0.889055125078157,0.905701049187214
16.1372698480001,0.753150261047366,0.76744794494005,0.136083427470852,0.138436002814791,0.617066833576514,0.629011942125259,0.889233688518218,0.90588394775484
16.1433364908001,0.753474757469982,0.767781434752348,0.135937227804167,0.138285182564425,0.617537529665815,0.629496252187922,0.889411985274149,0.906066617316773
16.1494031336001,0.75379894398463,0.768114583017512,0.135791065869875,0.138134470107915,0.618007878114755,0.629980112909597,0.889590009854505,0.906249053125427
16.1554697764001,0.754122816573237,0.768447385124115,0.13564493928168,0.137983864018379,0.618477877291556,0.630463521105736,0.889767755854917,0.906431249142494
16.1615364192001,0.754446372473885,0.768779837067923,0.135498845511911,0.137833363717423,0.618947526961975,0.6309464733505,0.889945217985796,0.906613200785345
16.1676030620001,0.754769607863977,0.769111934151642,0.135352782146586,0.137682968182448,0.619416825717391,0.631428965969194,0.890122390010563,0.90679490233409
16.1736697048001,0.755092519570158,0.7694436723412,0.135206746706279,0.137532676309103,0.619885772863879,0.631910996032097,0.890299266276437,0.906976348650303
16.1797363476001,0.755415104196522,0.769775047061188,0.135060736734671,0.137382487498498,0.620354367461851,0.63239255956269,0.890475840931193,0.907157534559686
16.1858029904001,0.755737358130838,0.770106054055038,0.13491474978842,0.137232400344522,0.620822608342418,0.632873653710516,0.890652107919258,0.90733845439956
16.1918696332001,0.756059278425187,0.770436689077979,0.134768783381722,0.137082414409857,0.621290495043465,0.633354274668122,0.89082806180691,0.907519103487837
16.1979362760001,0.756380861010243,0.77076694748608,0.134622835094121,0.13693252820522,0.621758025916122,0.633834419280859,0.891003696104364,0.9076994756913
16.2040029188001,0.756702103173668,0.771096829054376,0.134476902432377,0.136782746515923,0.622225200741292,0.634314082538453,0.891179005606045,0.907879575570299
16.2100695616001,0.75702300106269,0.771426379205477,0.134330982959168,0.136633139187869,0.622692018103522,0.634793240017609,0.891353984021858,0.908059518393346
16.2161362044001,0.757343551516396,0.771755608986404,0.134185074207046,0.136483726446082,0.62315847730935,0.635271882540321,0.891528625723442,0.908239335432486
16.2222028472001,0.757663751142496,0.77208451292339,0.134039173719347,0.136334506426482,0.623624577423149,0.635750006496907,0.891702924861843,0.908419019349872
16.2282694900001,0.757983596309087,0.772413085686223,0.133893279041442,0.136185476192963,0.624090317267645,0.63622760949326,0.891876875350528,0.908598561879186
16.2343361328001,0.758303084103437,0.772741322212884,0.133747387710446,0.1360366341665,0.624555696392991,0.636704688046384,0.892050471813883,0.908777956379384
16.2404027756001,0.758622210406058,0.773069216749711,0.133601497271349,0.135887977271937,0.625020713134709,0.637181239477773,0.892223707677408,0.908957194021648
16.2464694184001,0.758940972552835,0.773396764458754,0.133455605265543,0.135739503789887,0.625485367287292,0.637657260668867,0.892396577818377,0.909136268248641
16.2525360612001,0.759259366661629,0.773723959616248,0.133309709232556,0.135591211222692,0.625949657429072,0.638132748393556,0.892569075894185,0.90931517083894
16.2586027040001,0.759577389583434,0.774050797226336,0.133163806716533,0.135443097108594,0.626413582866901,0.638607700117742,0.892741196299967,0.90949389433493
16.2646693468001,0.759895037930114,0.774377271810214,0.133017895260848,0.135295159581802,0.626877142669266,0.639082112228412,0.892912933190962,0.909672431392015
16.2707359896001,0.760212308049552,0.774703378036557,0.132871972399201,0.13514739569297,0.627340335650351,0.639555982343587,0.893084280448753,0.909850773729527
16.2768026324001,0.760529197063079,0.775029110851317,0.132726035691895,0.134999803888437,0.627803161371184,0.64002930696288,0.893255232754974,0.910028914739754
16.2828692752001,0.760845700805508,0.775354464483368,0.132580082649335,0.134852381051835,0.628265618156173,0.640502083431533,0.893425783454843,0.910206845535204
16.2889359180001,0.761161816656209,0.775679434114451,0.132434110847378,0.134705125510712,0.628727705808831,0.640974308603738,0.893595927503587,0.910384559625163
16.2950025608001,0.761477540705617,0.776004014006316,0.132288117802721,0.134558034735339,0.629189422902897,0.641445979270977,0.893765658508338,0.910562048741655
16.3010692036001,0.761792869816096,0.776328199173456,0.132142101070707,0.134411106279648,0.629650768745389,0.641917092893808,0.893934970886803,0.910739305453104
16.3071358464001,0.762107800604198,0.776651984132238,0.131996058195144,0.134264338276578,0.630111742409054,0.64238764585566,0.894103858799343,0.910916322408816
16.3132024892001,0.762422329397059,0.776975363549909,0.131849986697667,0.13411772776305,0.630572342699392,0.642857635786859,0.894272316094727,0.91109309131296
16.3192691320001,0.762736453350336,0.777298332380651,0.131703884161963,0.133971273211176,0.631032569188373,0.643327059169475,0.894440337512299,0.911269605591827
16.3253357748001,0.763050168253415,0.777620884835948,0.131557748064046,0.133824971463439,0.631492420189369,0.643795913372509,0.894607916317461,0.911445856299387
16.3314024176001,0.763363471528615,0.77794301611695,0.131411576013851,0.133678820893973,0.631951895514763,0.644264195222978,0.894775047542466,0.911621837010923
16.3374690604001,0.763676359239481,0.778264720471166,0.131265365505629,0.133532818941384,0.632410993733852,0.644731901529782,0.89494172474511,0.91179753941255
16.3435357032001,0.763988828259208,0.778585992923248,0.131119114105538,0.133386963174817,0.63286971415367,0.64519902974843,0.895107942364746,0.911972956098065
16.3496023460001,0.764300875209574,0.778906827984948,0.130972819358204,0.133241251726384,0.633328055851371,0.645665576258564,0.895273694567778,0.912148079711331
16.3556689888001,0.764612496396432,0.779227220321766,0.130826478772809,0.133095681618777,0.633786017623623,0.646131538702989,0.895438975169241,0.912322901940542
16.3617356316001,0.764923689010032,0.779547164896371,0.130680089956619,0.132950251350289,0.634243599053413,0.646596913546082,0.895603778966652,0.912497416246659
16.3678022744001,0.765234448794605,0.779866655902934,0.130533650351452,0.132804957722321,0.634700798443153,0.647061698180613,0.895768099146056,0.912671613625255
16.3738689172001,0.765544773214877,0.780185688561738,0.130387157600931,0.132659799155241,0.635157615613946,0.647525889406497,0.895931930815809,0.912845487716979
16.3799355600001,0.765854658308044,0.780504257106284,0.130240609177252,0.1325147730564,0.635614049130792,0.647989484049884,0.896095267485296,0.913019030162684
16.3860022028001,0.766164100957592,0.780822356571196,0.130094002656995,0.132369877009676,0.636070098300597,0.64845247956152,0.896258103614587,0.913192233580872
16.3920688456001,0.766473097791066,0.781139981463828,0.129947335585996,0.132225109146792,0.63652576220507,0.648914872317036,0.896420433377062,0.913365090610621
16.3981354884001,0.766781645092494,0.78145712644761,0.129800605460596,0.132080466475723,0.636981039631898,0.649376659971886,0.89658225055309,0.913537592923333
16.4042021312001,0.767089740086993,0.781773786493961,0.129653809911832,0.13193594752135,0.637435930175161,0.649837838972612,0.896743549998825,0.913709734015311
16.4102687740001,0.767397378473901,0.782089955779812,0.129506946347521,0.131791549044055,0.63789043212638,0.650298406735756,0.896904324821422,0.913881504823867
16.4163354168001,0.767704557759821,0.782405629544299,0.129360012444587,0.13164726951009,0.638344545315233,0.650758360034209,0.897064570204408,0.91405289905439
16.4224020596001,0.76801127395613,0.782720802007153,0.129213005653557,0.131503106295961,0.638798268302573,0.651217695711192,0.897224279609687,0.914223908303114
16.4284687024001,0.768317523956074,0.783035468212786,0.129065923561047,0.131359056999797,0.639251600395028,0.651676411212988,0.897383447517121,0.914394525212583
16.4345353452001,0.768623304393498,0.783349622664364,0.12891876371449,0.131215119753378,0.639704540679008,0.652134502910986,0.897542068107988,0.914564742417742
16.4406019880001,0.768928611530071,0.783663260022927,0.128771523596997,0.131071291549463,0.640157087933074,0.652591968473464,0.897700135127068,0.914734551572391
16.4466686308001,0.769233442626042,0.783976375268908,0.128624200863571,0.130927570939932,0.640609241762471,0.653048804328975,0.897857643489614,0.91490394620884
16.4527352736001,0.769537793336128,0.784288962562066,0.128476792888224,0.130783954644215,0.641061000447905,0.653505007917851,0.898014586224352,0.915072917206281
16.4588019164001,0.769841661208269,0.784601017160118,0.128329297380789,0.130640441174095,0.641512363827481,0.653960575986023,0.898170958589058,0.915241458334213
16.4648685592001,0.770145042228564,0.78491253326926,0.128181711770514,0.130497027875639,0.64196333045805,0.654415505393621,0.898326753999078,0.915409561144899
16.4709352020001,0.770447933299478,0.785223505943503,0.128034033653663,0.130353712360754,0.642413899645816,0.654869793582748,0.898481966953141,0.915577218304257
16.4770018448001,0.770750331061694,0.78553392968204,0.127886260579654,0.130210492761714,0.64286407048204,0.655323436920326,0.898636591641349,0.915744422443754
16.4830684876001,0.771052231753987,0.785843799143203,0.127738390017981,0.13006736605557,0.643313841736006,0.655776433087633,0.898790621771967,0.915911165198773
16.4891351304001,0.771353632672004,0.786153109316694,0.127590419647806,0.12992433082161,0.643763213024198,0.656228778495084,0.898944052319811,0.916077440138304
16.4952017732001,0.771654529426111,0.786461854345181,0.127442346809528,0.129781383738374,0.644212182616583,0.656680470606807,0.899096876235639,0.916243238083555
16.5012684160001,0.771954919605048,0.78677002950468,0.127294169245504,0.129638523362828,0.644660750359544,0.657131506141852,0.899249088850552,0.916408552867508
16.5073350588001,0.77225479917017,0.787077628988088,0.127145884364092,0.12949574701101,0.645108914806078,0.657581881977079,0.899400683534262,0.916573375999098
16.5134017016001,0.772554165032629,0.78738464785883,0.126997489770812,0.129353052308121,0.645556675261817,0.658031595550709,0.899551654803441,0.916737700166951
16.5194683444001,0.77285301384048,0.787691080612341,0.126848983017459,0.129210437387372,0.646004030823021,0.658480643224969,0.899701996857938,0.916901517999714
16.5255349872001,0.773151341809065,0.787996921903922,0.126700361559516,0.129067899209616,0.646450980249549,0.658929022694306,0.899851703368581,0.917064821113538
16.5316016300001,0.773449146269703,0.788302166732806,0.126551623100505,0.128925436381956,0.646897523169199,0.65937673035085,0.900000769370208,0.917227603114762
16.5376682728001,0.773746422788674,0.788606809224643,0.126402764947403,0.128783045542105,0.64734365784127,0.659823763682538,0.900149187736077,0.917389854766747
16.5437349156001,0.774043168994979,0.788910844673469,0.126253784874702,0.128640725291862,0.647789384120277,0.660270119381607,0.900296953869682,0.917551569965331
16.5498015584001,0.774339380825772,0.789214267259123,0.12610468027026,0.128498472917645,0.648234700555512,0.660715794341479,0.900444061096032,0.917712740176768
16.5558682012001,0.77463505520035,0.789517072054255,0.125955448748463,0.12835628605747,0.648679606451887,0.661160785996785,0.900590503948813,0.917873358111724
16.5619348440001,0.774930188774678,0.789819253550752,0.125806087863872,0.128214162845928,0.649124100910806,0.661605090704824,0.90073627663855,0.91803341639668
16.5680014868001,0.775224777740131,0.790120806400568,0.125656595057573,0.128072100227177,0.649568182682558,0.662048706173392,0.900881372797704,0.918192906627745
16.5740681296001,0.775518819463964,0.790421725612728,0.125506968057637,0.127930096836543,0.650011851406327,0.662491628776184,0.9010257875216,0.918351822449271
16.5801347724001,0.77581230946864,0.790722005295935,0.125357204137819,0.127788149270981,0.650455105330822,0.662933856024954,0.901169513606459,0.918510154566916
16.5862014152001,0.77610524542289,0.791021640761971,0.125207301104353,0.127646256176771,0.650897944318537,0.6633753845852,0.901312546527242,0.918667896938742
16.5922680580001,0.776397623240196,0.79132062617785,0.125057256324986,0.127504414811117,0.651340366915209,0.663816211366733,0.901454879565182,0.918825040988967
16.5983347008001,0.776689439847465,0.791618956625259,0.124907067422585,0.127362622824375,0.65178237242488,0.664256333800884,0.90159650727005,0.918981579449635
16.6044013436001,0.776980691909114,0.791916626592758,0.124756731954863,0.127220878352954,0.652223959954251,0.664695748239804,0.901737423863977,0.919137504945711
16.6104679864001,0.777271375592008,0.792213630728627,0.12460624734812,0.127079178323823,0.652665128243888,0.665134452404804,0.901877622940128,0.919292809052451
16.6165346292001,0.77756148829961,0.792509964051945,0.124455611355171,0.126937521400946,0.653105876944439,0.665572442650999,0.902017099654781,0.919447485452891
16.6226012720001,0.777851025510835,0.792805620654544,0.124304821216743,0.126795904140576,0.653546204294092,0.666009716513967,0.902155846727578,0.91960152479512
16.6286679148001,0.778140065297628,0.793100676229696,0.124153988422321,0.126654438885025,0.653986076875308,0.666446237344671,0.902294053719949,0.919755115114721
16.6347345576001,0.778428752106026,0.793395273487514,0.12400332040939,0.12651333295215,0.654425431696636,0.666881940535364,0.902432072515416,0.919908606439665
16.6408012004001,0.778717088383556,0.793689413032086,0.123852822606244,0.126372591801505,0.654864265777312,0.667316821230581,0.9025699109898,0.920062004833591
16.6468678432001,0.779005073123487,0.793983091668718,0.123702495854924,0.126232216852546,0.655302577268563,0.667750874816172,0.902707568978412,0.920215308521265
16.6529344860001,0.779292705002832,0.794276306576895,0.12355234115186,0.126092208599865,0.655740363850972,0.66818409797703,0.902845046154692,0.92036851517676
16.6590011288001,0.779579983470893,0.794569054795369,0.123402359116473,0.125952568578133,0.65617762435442,0.668616486217235,0.902982342587366,0.920521623373502
16.6650677716001,0.779866906787006,0.794861333222876,0.12325255094997,0.125813297296289,0.656614355837036,0.669048035926586,0.903119457736976,0.920674630519165
16.6711344144001,0.780153474580173,0.795153139088283,0.123102917183069,0.125674396150691,0.657050557397104,0.669478742937592,0.903256391763243,0.920827535238974
16.6772010572001,0.780439685367624,0.795444469183139,0.122953458891375,0.125535866088252,0.657486226476249,0.669908603094887,0.903393144258999,0.920980335271391
16.6832677000001,0.780725538300268,0.795735320817042,0.122804176839516,0.125397707908543,0.657921361460752,0.670337612908499,0.903529715139785,0.921133028725585
16.6893343428001,0.781011032376234,0.796025690787731,0.122655071866874,0.125259923027127,0.658355960509361,0.670765767760604,0.903666104243108,0.921285613814858
16.6954009856001,0.781296166262725,0.796315576286153,0.122506144976614,0.125122511942726,0.658790021286112,0.671193064343427,0.903802311239339,0.921438088228879
16.7014676284001,0.781580939421331,0.796604974337178,0.122357396778709,0.124985476184876,0.659223542642622,0.671619498152301,0.903938336200041,0.921590450522054
16.7075342712001,0.781865350099093,0.796893881853532,0.122208828485163,0.124848816265386,0.65965652161393,0.672045065588146,0.904074178584256,0.921742698118918
16.7136009140001,0.782149397934837,0.797182296052704,0.122060440617261,0.124712533584036,0.660088957317576,0.672469762468668,0.904209838552098,0.92189482963674
16.7196675568001,0.782433081440917,0.797470213731311,0.121912234255963,0.12457662908405,0.660520847184954,0.67289358464726,0.904345315696881,0.922046842815361
16.7257341996001,0.78271639976817,0.797757632201354,0.121764210164621,0.124441103567311,0.660952189603549,0.673316528634043,0.904480609932791,0.922198735768666
16.7318008424001,0.782999351919748,0.798044548252848,0.121616369179816,0.124305958445407,0.661382982739932,0.673738589807442,0.904615721099563,0.922350506698255
16.7378674852001,0.783281936552878,0.798330959088254,0.121468712311589,0.124171194221218,0.661813224241289,0.674159764867036,0.904750648864467,0.922502153309471
16.7439341280001,0.783564153141524,0.798616861718632,0.121321240160395,0.124036812419295,0.662242912981128,0.674580049299337,0.904885393301919,0.922653674137926
16.7500007708001,0.78384599992051,0.798902253070588,0.121173953948966,0.123902813554116,0.662672045971544,0.674999439516472,0.905019953869475,0.922805066624704
16.7560674136001,0.784127476538325,0.799187130350325,0.121026854189292,0.123769199029059,0.663100622349033,0.675417931321266,0.905154330727616,0.922956329379385
16.7621340564001,0.784408581502612,0.799471490359396,0.120879941967551,0.123635969783544,0.663528639535061,0.675835520575852,0.905288523470162,0.92310746014294
16.7682006992001,0.784689313963966,0.799755330462524,0.120733218045953,0.123503126550908,0.663956095918013,0.676252203911617,0.905422532009919,0.923258457013432
16.7742673420001,0.784969672930732,0.800038650834167,0.120586683258145,0.123370665941206,0.664382989672587,0.676667984892961,0.905556356188877,0.923409316775373
16.7803339848001,0.785249657049996,0.800321457051076,0.12044033862118,0.12323857663483,0.664809318428816,0.677082880416246,0.905689995671177,0.923560033685905
16.7864006276001,0.785529265808175,0.800603748242236,0.120294184725926,0.123106857136871,0.665235081082249,0.677496891105365,0.905823450534101,0.923710605379108
16.7924672704001,0.785808497427962,0.800885523185782,0.120148222805773,0.122975505365294,0.665660274622189,0.677910017820488,0.905956720233735,0.923861028551076
16.7985339132001,0.786087351567342,0.801166780958909,0.120002453363556,0.122844520065438,0.666084898203786,0.678322260893471,0.906089804930897,0.924011301024347
16.8046005560001,0.786365826729412,0.801447520188367,0.119856877490532,0.122713899598366,0.66650894923888,0.678733620590001,0.906222704219944,0.924161419786734
16.8106671988001,0.786643922064362,0.801727740074212,0.119711495947908,0.122583642108195,0.666932426116455,0.679144097966017,0.90635541801227,0.924311382182407
16.8167338416001,0.786921636585893,0.802007439223854,0.119566309566257,0.122453746405597,0.667355327019636,0.679553692818257,0.906487946152151,0.924461185629451
16.8228004844001,0.787198968930785,0.802286616722707,0.119421319369782,0.122324210371757,0.667777649561002,0.67996240635095,0.906620288300567,0.924610827094464
16.8288671272001,0.78747591859799,0.802565271418113,0.119276525939696,0.12219503288606,0.668199392658294,0.680370238532053,0.906752444537687,0.924760304304174
16.8349337700001,0.787752483798156,0.802843402088704,0.11913193051998,0.122066211887349,0.668620553278176,0.680777190201354,0.906884414318136,0.924909613976053
16.8410004128001,0.788028664198594,0.803121007822324,0.118987533604448,0.12193774609416,0.669041130594146,0.681183261728164,0.907016197803042,0.925058753916484
16.8470670556001,0.788304458298024,0.803398087226735,0.118843336289301,0.121809633896964,0.669461122008723,0.681588453329771,0.907147794587325,0.925207721123698
16.8531336984001,0.788579865246064,0.80367463952375,0.118699339334879,0.12168187341574,0.669880525911185,0.68199276610801,0.907279204580943,0.92535651293949
16.8592003412001,0.788854884061937,0.803950663300435,0.118555543568546,0.121554463474112,0.67029934049339,0.682396199826324,0.907410427630483,0.925505126774547
16.8652669840001,0.789129513371949,0.804226157657533,0.11841195002179,0.121427401952341,0.670717563350159,0.682798755705192,0.907541463393739,0.925653559609874
16.8713336268001,0.789403752687676,0.804501121433625,0.118268559266101,0.121300687718445,0.671135193421575,0.68320043371518,0.907672311953777,0.92580180915207
16.8774002696001,0.789677600207796,0.804775553407577,0.118125372555982,0.121174318732158,0.671552227651815,0.683601234675419,0.907802972763778,0.925949872139735
16.8834669124001,0.789951055608787,0.805049452678132,0.117982390376363,0.121048293685173,0.671968665232424,0.684001158992959,0.907933445985149,0.926097746363305
16.8895335552001,0.790224117385153,0.805322817833847,0.117839613828254,0.120922610997361,0.672384503556899,0.684400206836486,0.908063731213407,0.926245428831208
16.8956001980001,0.790496784685777,0.805595648118405,0.117697043671262,0.120797268764721,0.672799741014516,0.684798379353684,0.908193828357039,0.926392916883126
16.9016668408001,0.790769056535568,0.805867942098519,0.117554680729407,0.120672265823524,0.67321437580616,0.685195676274996,0.908323737264975,0.926540207922043
16.9077334836001,0.791040931550195,0.806139698890162,0.117412526041598,0.120547600053356,0.673628405508597,0.685592098836806,0.908453457591793,0.926687298943518
16.9138001264001,0.791312409253937,0.80641091732338,0.117270580169534,0.120423270310798,0.674041829084403,0.685987647012581,0.908582989423471,0.926834187634178
16.9198667692001,0.791583487833588,0.806681596177014,0.117128844378172,0.120299274576493,0.674454643455416,0.686382321600521,0.908712332211761,0.926980870753506
16.9259334120001,0.791854166974625,0.806951734560941,0.116987319143695,0.12017561151525,0.67486684783093,0.686776123045691,0.90884148611832,0.927127346076191
16.9320000548001,0.792124445167505,0.807221331044314,0.116846005571785,0.120052279576332,0.67527843959572,0.687169051467983,0.908970450739289,0.927273610620646
16.9380666976001,0.792394321560206,0.807490384892786,0.116704904421451,0.119929276831911,0.675689417138755,0.687561108060875,0.909099225981657,0.927419661724696
16.9441333404001,0.792663795183492,0.807758894652715,0.116564016513236,0.119806602130605,0.676099778670256,0.68795229252211,0.909227811696727,0.92756549678332
16.9501999832001,0.792932864642228,0.808026859455204,0.116423342893602,0.119684253351574,0.676509521748626,0.68834260610363,0.909356207535829,0.927711112806778
16.9562666260001,0.793201529473478,0.808294278121987,0.116282884114391,0.119562229339893,0.676918645359088,0.688732048782093,0.909484413587869,0.92785650746188
16.9623332688001,0.793469787852238,0.80856114943162,0.116142641450947,0.119440528097126,0.677327146401291,0.689120621334495,0.909612429303185,0.928001677528746
16.9683999116001,0.793737639472815,0.808827472505362,0.11600261537084,0.119319148261165,0.677735024101975,0.689508324244197,0.909740254843655,0.928146620766526
16.9744665544001,0.794005082821784,0.809093245892745,0.115862806984288,0.119198088310649,0.678142275837496,0.689895157582096,0.909867889806072,0.928291334203393
16.9805331972001,0.794272117046057,0.809358468881502,0.115723217049842,0.119077346294082,0.678548899996216,0.69028112258742,0.909995334095899,0.928435815175583
16.9865998400001,0.794538741182414,0.809623139997633,0.115583846384425,0.118956921072129,0.678954894797989,0.690666218925504,0.910122587566839,0.928580061069762
16.9926664828001,0.794804953824753,0.809887258387267,0.115444696042195,0.118836810523768,0.679360257782558,0.6910504478635,0.910249649866948,0.928724068911035
16.9987331256001,0.795070754523006,0.810150822864056,0.115305766565066,0.118717013482503,0.67976498795794,0.691433809381552,0.910376521088073,0.928867836346559
17.0047997684001,0.795336141440451,0.810413832206008,0.115167059238701,0.11859752797083,0.68016908220175,0.691816304235177,0.910503200679152,0.929011360176838
17.0108664112001,0.795601114280062,0.810676285546003,0.115028574522193,0.118478352599689,0.680572539757869,0.692197932946314,0.910629688802254,0.929154638145691
17.0169330540001,0.795865671524697,0.810938181051326,0.114890313530159,0.118359486389626,0.680975357994538,0.6925786946617,0.910755985054857,0.929297667440952
17.0229996968001,0.796129787726722,0.811199493951786,0.114752311801026,0.118240961420051,0.681377475925695,0.692958532531735,0.910882099527748,0.929440455371837
17.0290663396001,0.796393408509669,0.811460169367678,0.114614645694447,0.118122852061648,0.681778762815222,0.69333731730603,0.911008054204117,0.929583021429326
17.0351329824001,0.796656532980546,0.811720206880847,0.114477315531018,0.118005155598375,0.682179217449527,0.693715051282472,0.911133848511564,0.929725362479222
17.0411996252001,0.796919163509441,0.81197960795215,0.114340317872668,0.11788786709727,0.682578845636774,0.694091740854879,0.911259481382109,0.92986747504942
17.0472662680001,0.797181300806528,0.812238374049672,0.114203650397002,0.117770980796289,0.682977650409526,0.694467393253383,0.91138495120353,0.93000935484596
17.0533329108001,0.797442947409623,0.812496507068589,0.114067309557725,0.117654491389684,0.683375637851897,0.694842015678904,0.911510256967348,0.930150998458273
17.0593995536001,0.797704104417755,0.812754008120727,0.113931292768873,0.117538393734815,0.683772811648881,0.695215614385913,0.911635397186628,0.930292401855542
17.0654661964001,0.797964773703809,0.813010879346976,0.113795596929653,0.117422681861242,0.684169176774156,0.695588197485735,0.911760370633462,0.930433561208218
17.0715328392001,0.798224957027313,0.813267121831427,0.113660219016526,0.117307350977533,0.684564738010787,0.695959770853893,0.91188517604384,0.93057447280896
17.0775994820001,0.798484655605088,0.813522737520314,0.113525156358346,0.117192395045175,0.684959499246742,0.696330342475139,0.912009811963434,0.930715132565489
17.0836661248001,0.798743871793182,0.813777727877419,0.113390405545267,0.117077809104566,0.685353466247915,0.696699918772853,0.912134277338449,0.930855536981985
17.0897327676001,0.799002606326545,0.814032094371548,0.113255964213699,0.116963587412089,0.685746642112846,0.697068506959459,0.912258570540244,0.930995681783637
17.0957994104001,0.799260861716757,0.81428583889585,0.11312182885804,0.116849724654966,0.686139032858717,0.697436114240884,0.912382690574796,0.931135563550816
17.1018660532001,0.799518639081268,0.814538962568504,0.112987996865609,0.116736215682278,0.686530642215659,0.697802746886225,0.912506635946877,0.931275178250782
17.1079326960001,0.799775940282357,0.814791467520958,0.112854465148351,0.116623054545418,0.686921475134007,0.69816841297554,0.912630405430708,0.931414522066377
17.1139993388001,0.800032767082343,0.815043354846759,0.112721230683969,0.116510236421915,0.687311536398374,0.698533118424844,0.912753997766312,0.931553591268675
17.1200659816001,0.800289120703071,0.815294626484182,0.112588290786095,0.116397755305897,0.687700829916975,0.698896871178285,0.912877411489166,0.931692381790079
17.1261326244001,0.800545003486419,0.815545283899936,0.112455642073347,0.116285606211372,0.688089361413072,0.699259677688564,0.913000645559766,0.931830890111307
17.1321992672001,0.800800416191983,0.815795328563508,0.112323282141169,0.11617378341285,0.688477134050814,0.699621545150658,0.913123698333152,0.931969111976358
17.1382659100001,0.801055361305367,0.816044762366042,0.112191207524185,0.116062281590793,0.688864153781182,0.699982480775249,0.913246568829552,0.932107043956835
17.1443325528001,0.801309839962182,0.816293586432081,0.112059415583467,0.115951095585688,0.689250424378715,0.700342490846393,0.913369255545649,0.93224468201777
17.1503991956001,0.801563854014362,0.816541802883631,0.111927903243229,0.115840219471069,0.689635950771132,0.700701583412563,0.913491757257591,0.9323820223547
17.1564658384001,0.801817405226753,0.816789412823574,0.111796667482884,0.115729648393283,0.690020737743868,0.701059764430292,0.913614072709637,0.932519061216857
17.1625324812001,0.802070494826489,0.817036418182351,0.111665705600376,0.11561937637903,0.690404789226113,0.701417041803321,0.913736200426866,0.93265579456138
17.1685991240001,0.802323125141146,0.817282820429601,0.111535014243017,0.115509398416174,0.690788110898129,0.701773422013426,0.913858139384163,0.932792218845775
17.1746657668001,0.802575296954837,0.81752862103545,0.111404590965521,0.115399708797059,0.691170705989316,0.702128912238391,0.913979887920358,0.932928329832509
17.1807324096001,0.802827012727448,0.817773821889064,0.11127443234227,0.115290302195654,0.691552580385178,0.70248351969341,0.914101445069718,0.933064124084718
17.1867990524001,0.803078273612491,0.818018424121358,0.111144535708558,0.115181173443534,0.691933737903933,0.702837250677824,0.914222809321049,0.933199597564892
17.1928656952001,0.803329081451817,0.818262429844894,0.111014898000399,0.11507231663668,0.692314183451418,0.703190113208214,0.914343979452216,0.933334746481574
17.1989323380001,0.803579438012538,0.818505840171771,0.110885516199383,0.114963726890122,0.692693921813155,0.70354211328165,0.914464954211921,0.933469567061893
17.2049989808001,0.803829344527339,0.818748657024719,0.110756387587299,0.114855398263061,0.69307295694004,0.703893258761658,0.914585732114638,0.933604055287779
17.2110656236001,0.80407880330936,0.818990881876311,0.110627508840387,0.114747325717463,0.693451294468973,0.704243556158848,0.914706312149747,0.933738207593774
17.2171322664001,0.804327815167101,0.819232516197273,0.110498877472865,0.114639503563204,0.693828937694236,0.704593012634069,0.914826692639966,0.933872019760477
17.2231989092001,0.804576382534995,0.819473561874815,0.110370490098407,0.114531926468037,0.694205892436588,0.704941635406778,0.914946872633402,0.934005488342852
17.2292655520001,0.804824506584191,0.819714020046234,0.110242344026992,0.114424589254302,0.694582162557199,0.705289430791932,0.915066850611183,0.934138609300536
17.2353321948001,0.805072189146718,0.819953892814645,0.11011443620597,0.11431748604074,0.694957752940747,0.705636406773904,0.915186625352688,0.934271378855385
17.2413988376001,0.805319431991694,0.820193181301249,0.109986763619576,0.114210611910921,0.695332668372118,0.705982569390328,0.91530619561127,0.934403793212169
17.2474654804001,0.805566236357614,0.820431887421185,0.109859323532974,0.114103960956477,0.695706912824641,0.706327926464708,0.915425559890588,0.934535848377662
17.2535321232001,0.805812604543055,0.820670012649967,0.109732112651567,0.113997528113724,0.696080491891487,0.706672484536243,0.915544717194622,0.934667540763691
17.2595987660001,0.806058537380772,0.820907558458875,0.109605128449312,0.113891307709773,0.69645340893146,0.707016250749102,0.915663665830083,0.934798866168648
17.2656654088001,0.806304037280003,0.821144526733193,0.109478367578704,0.113785294406429,0.696825669701299,0.707359232326764,0.915782404858707,0.934929821139623
17.2717320516001,0.806549105429276,0.821380918616607,0.109351827324879,0.113679483016481,0.697197278104397,0.707701435600126,0.915900932754155,0.935060401633088
17.2777986944001,0.806793743651059,0.821616736202783,0.109225504646053,0.113573867681738,0.697568239005006,0.708042868521045,0.916019248297113,0.935190603884521
17.2838653372001,0.807037953716216,0.821851980621905,0.109099396529572,0.113468443454168,0.697938557186644,0.708383537167737,0.916137350245787,0.935320424076073
17.2899319800001,0.80728173686931,0.822086653781648,0.10897350022351,0.113363204457768,0.6983082366458,0.708723449323881,0.916255237092821,0.935449858239416
17.2959986228001,0.807525095394225,0.822320757160466,0.108847812462668,0.113258145603447,0.698677282931557,0.709062611557019,0.916372907856893,0.935578902763914
17.3020652656001,0.807768030147842,0.822554292230156,0.108722330680971,0.113153261235254,0.699045699466872,0.709401030994902,0.916490360828813,0.935707553465409
17.3081319084001,0.808010543514467,0.822787260874097,0.108597051569272,0.11304854600932,0.699413491945195,0.709738714864778,0.916607595083739,0.935835806883417
17.3141985512001,0.808252636699742,0.823019664242376,0.108471972388329,0.112943994728558,0.699780664311413,0.710075669513818,0.916724609088071,0.935963658970934
17.3202651940001,0.808494311516837,0.823251504419207,0.108347090106757,0.112839601558161,0.700147221410079,0.710411902861046,0.916841401623594,0.936091105977368
17.3263318368001,0.808735569738097,0.823482782543639,0.108222401715482,0.112735361518352,0.700513168022615,0.710747421025287,0.916957971453579,0.936218144061991
17.3323984796001,0.808976412614422,0.823713500516007,0.108097904445019,0.11263126876542,0.700878508169403,0.711082231750587,0.917074317059441,0.936344769281427
17.3384651224001,0.809216842414867,0.823943659817708,0.107973595059799,0.11252731818512,0.701243247355068,0.711416341632588,0.917190437474666,0.936470978002828
17.3445317652001,0.809456860020308,0.824173261921013,0.107849470953953,0.112423504138135,0.701607389066356,0.711749757782879,0.917306330974261,0.936596766059148
17.3505984080001,0.809696467790382,0.824402308707427,0.107725528856222,0.112319821275195,0.70197093893416,0.712082487432232,0.917421996646603,0.936722129982622
17.3566650508001,0.809935666947584,0.824630873186452,0.107601766003453,0.112216366004525,0.702333900944131,0.712414507181927,0.917537432951036,0.936847239190977
17.3627316936001,0.810174459296045,0.824859033498116,0.107478179374193,0.112113240087537,0.702696279921852,0.712745793410579,0.917652638670238,0.936972273585653
17.3687983364001,0.810412846609334,0.825086791058789,0.107354765963415,0.112010438892389,0.703058080645919,0.713076352166399,0.917767612572749,0.937097229951178
17.3748649792001,0.810650830144944,0.825314147523594,0.10723152298361,0.11190795627102,0.703419307161334,0.713406191252574,0.917882353128554,0.937222103794614
17.3809316220001,0.810888412156975,0.825541104636536,0.107108447229071,0.111805787451491,0.703779964927904,0.713735317185044,0.917996859386046,0.937346892088027
17.3869982648001,0.811125593550165,0.825767663663003,0.106985536054367,0.111703926517632,0.704140057495799,0.714063737145371,0.918111129604532,0.937471590180634
17.3930649076001,0.811362376659742,0.825993826598927,0.106862786225662,0.111602368279489,0.704499590434081,0.714391458319437,0.918225162885404,0.937596194878416
17.3991315504001,0.811598762724796,0.826219594599637,0.106740194956359,0.111501107508551,0.704858567768437,0.714718487091086,0.918338957681155,0.937720702108188
17.4051981932001,0.811834753540679,0.826444969646968,0.106617759234471,0.111400138299656,0.705216994306208,0.715044831347312,0.91845251277515,0.937845107946625
17.4112648360001,0.812070350881922,0.826669953089535,0.106495476059482,0.11129945588091,0.70557487482244,0.715370497208625,0.918565826941404,0.937969408970446
17.4173314788001,0.812305556012872,0.826894546574477,0.106373342625393,0.111199054135147,0.705932213387479,0.71569549243933,0.918678898638265,0.938093600709625
17.4233981216001,0.812540371172543,0.827118751847967,0.106251355756593,0.111098928264659,0.70628901541595,0.716019823583309,0.918791726929137,0.938217680112626
17.4294647644001,0.812774797289408,0.827342570177416,0.106129512768324,0.110999072371621,0.706645284521084,0.716343497805795,0.918904310057732,0.938341642549036
17.4355314072001,0.813008836674544,0.827566003555276,0.106007810463703,0.110899481258886,0.70700102621084,0.71666652229639,0.919016647138247,0.938465484814163
17.4415980500001,0.813242490583373,0.827789053144976,0.105886246033159,0.110800149689473,0.707356244550215,0.716988903455503,0.919128736616532,0.938589202834449
17.4476646928001,0.813475760802734,0.828011720917198,0.1057648164737,0.11070107178014,0.707710944329035,0.717310649137058,0.919240577276434,0.938712792697338
17.4537313356001,0.813708649107854,0.828234008230785,0.105643518789793,0.110602242729248,0.708065130318062,0.717631765501537,0.919352167897647,0.938836250960033
17.4597979784001,0.813941156770201,0.828455916725016,0.105522350156478,0.11050365645046,0.708418806613723,0.717952260274556,0.919463506926679,0.938959573175475
17.4658646212001,0.814173286013568,0.828677448148233,0.105401307428476,0.110405308120541,0.708771978585092,0.718272140027693,0.919574593442044,0.939082756268774
17.4719312640001,0.814405037790031,0.828898603769832,0.105280387881934,0.110307191859717,0.709124649908097,0.718591411910115,0.919685425671965,0.939205795629548
17.4779979068001,0.814636414386781,0.82911938557881,0.105159588356456,0.110209302463917,0.709476826030325,0.718910083114894,0.919796002743237,0.939328688042727
17.4840645496001,0.814867417075311,0.829339794746702,0.105038906019962,0.110111634687373,0.709828511055349,0.719228160059329,0.919906323095273,0.939451429434075
17.4901311924001,0.815098047634205,0.829559833233038,0.104918337877991,0.110014182669069,0.710179709756214,0.719545650563969,0.920016385512195,0.939574015902107
17.4961978352001,0.815328307839128,0.82977950240677,0.104797880940458,0.109916941577484,0.71053042689867,0.719862560829286,0.920126188779585,0.939696443984254
17.5022644780001,0.815558198968925,0.829998803899441,0.104677532362976,0.109819905357038,0.71088066660595,0.720178898542403,0.920235731331901,0.939818709256479
17.5083311208001,0.815787723232043,0.830217739461567,0.10455728903083,0.109723069159218,0.711230434201213,0.720494670302349,0.920345012262873,0.939940808620785
17.5143977636001,0.816016881604029,0.830436310364483,0.104437148181307,0.109626427122001,0.711579733422723,0.720809883242483,0.920454029785336,0.940062737486484
17.5204644064001,0.816245676348449,0.830654518593762,0.10431710669003,0.109529974034663,0.71192856965842,0.721124544559099,0.920562783038479,0.940184492628424
17.5265310492001,0.816474108752604,0.830872365329049,0.104197161702878,0.10943370464233,0.712276947049726,0.721438660686719,0.920671270455483,0.940306069971379
17.5325976920001,0.816702180587086,0.831089852518722,0.104077310233453,0.109337613106523,0.712624870353633,0.721752239412199,0.920779490820539,0.940427465625246
17.5386643348001,0.816929893627736,0.831306981541725,0.103957549297586,0.109241694565699,0.71297234433015,0.722065286976026,0.920887442925323,0.940548676107424
17.5447309776001,0.81715724916104,0.831523754021989,0.103837876030996,0.109145942994963,0.713319373130044,0.722377811027026,0.920995125192036,0.940669697016952
17.5507976204001,0.817384249379965,0.831740171712202,0.103718287349765,0.10905035352077,0.7136659620302,0.722689818191432,0.921102536729729,0.940790525232972
17.5568642632001,0.817610895283398,0.831956235885605,0.103598780452552,0.108954920298552,0.714012114830846,0.723001315587053,0.92120967573595,0.940911156184157
17.5629309060001,0.817837189111543,0.832171948524364,0.103479352250535,0.108859638111204,0.714357836861008,0.72331231041316,0.921316541362078,0.941031586635568
17.5689975488001,0.818063132167248,0.832387310816251,0.103359999868019,0.108764501694426,0.714703132299229,0.723622809121826,0.921423132035266,0.941151812510677
17.5750641916001,0.818288726213373,0.832602324698484,0.103240720326198,0.108669505232584,0.715048005887175,0.7239328194659,0.92152944653957,0.941271829931068
17.5811308344001,0.818513973025675,0.832816991559884,0.10312151064729,0.108574643833973,0.715392462378385,0.72424234772591,0.921635483672964,0.941391635393857
17.5871974772001,0.81873887389854,0.83303131301689,0.103002367946648,0.108479911504315,0.715736505951892,0.724551401512575,0.921741241845188,0.941511224521206
17.5932641200001,0.818963431009327,0.833245290824373,0.10288328917139,0.108385303345278,0.716080141837937,0.724859987479095,0.921846720180717,0.941630594169651
17.5993307628001,0.819187645380133,0.83345892625743,0.102764271481781,0.108290813529453,0.716423373898352,0.725168112727977,0.921951916861914,0.941749739786883
17.6053974056001,0.819411519228058,0.833672221294851,0.102645311824082,0.108196436833621,0.716766207403976,0.72547578446123,0.92205683105214,0.941868658128472
17.6114640484001,0.819635053871237,0.833885177132542,0.102526407301492,0.10810216798374,0.717108646569745,0.725783009148802,0.922161461172729,0.941987345116281
17.6175306912001,0.81985825106506,0.834097795696558,0.102407554942334,0.108008001187332,0.717450696122726,0.726089794509226,0.922265806007394,0.94210579688389
17.6235973340001,0.820081112584939,0.83431007838548,0.102288751775676,0.107913931522388,0.717792360809263,0.726396146863092,0.922369864360615,0.942224009907867
17.6296639768001,0.820303639733421,0.834522026808381,0.102169994896043,0.107819953025175,0.718133644837379,0.726702073783206,0.922473634629464,0.942341979833556
17.6357306196001,0.820525834672125,0.834733642722312,0.102051281281816,0.107726060772823,0.718474553390309,0.727007581949489,0.922577115953942,0.942459703495135
17.6417972624001,0.820747698446228,0.834944927404192,0.101932608055103,0.107632248954783,0.718815090391125,0.727312678449409,0.92268030650133,0.942577176358975
17.6478639052001,0.820969233249988,0.835155882829456,0.10181397219678,0.107538512341994,0.719155261053208,0.727617370487462,0.922783205446768,0.94269439517145
17.6539305480001,0.821190440416566,0.835366510202153,0.101695370789409,0.107444845650354,0.719495069627157,0.727921664551799,0.922885811205975,0.942811355852508
17.6599971908001,0.821411321694144,0.835576811437176,0.101576800867973,0.107351243110848,0.719834520826171,0.728225568326328,0.922988122562117,0.942928054548024
17.6660638336001,0.821631878857523,0.835786787942746,0.101458259468857,0.107257699771023,0.720173619388666,0.728529088171723,0.923090138326381,0.943044487713769
17.6721304764001,0.821852113217678,0.835996441320694,0.10133974366529,0.107164209697624,0.720512369552388,0.72883223162307,0.923191856882968,0.943160651018318
17.6781971192001,0.822072026920354,0.836205773330253,0.101221250467154,0.107070767943486,0.720850776453201,0.729135005386767,0.923293277387508,0.943276541273739
17.6842637620001,0.822291621033678,0.836414785250125,0.101102776958628,0.106977368714624,0.721188844075051,0.729437416535501,0.923394397992306,0.943392153964749
17.6903304048001,0.82251089772933,0.836623479052413,0.10098432015474,0.106884006776406,0.72152657757459,0.729739472276008,0.923495217884069,0.943507485828819
17.6963970476001,0.822729858355231,0.836831855949321,0.10086587711788,0.106790676834349,0.721863981237351,0.730041179114972,0.923595735473111,0.94362253278367
17.7024636904001,0.822948504652618,0.837039917844572,0.100747444889224,0.106697373143213,0.722201059763394,0.73034254470136,0.923695949541842,0.943737290987785
17.7085303332001,0.823166838395423,0.837247666155917,0.100629020512943,0.10660409071996,0.72253781788248,0.730643575435957,0.923795858908366,0.943851756875877
17.7145969760001,0.823384860903305,0.837455102478062,0.1005106010405,0.106510823661742,0.722874259862805,0.73094427881632,0.923895461943806,0.943965926139804
17.7206636188001,0.823602574306009,0.83766222857243,0.100392183513512,0.106417566997347,0.723210390792497,0.731244661575083,0.923994757819521,0.944079795569776
17.7267302616001,0.823819979694479,0.837869045719462,0.100273764978466,0.106324314949055,0.723546214716013,0.731544730770406,0.924093744672945,0.944193360668517
17.7327969044001,0.824037079218077,0.838075555887956,0.100155342484071,0.106231062276935,0.723881736734006,0.731844493611021,0.924192421702148,0.944306618164891
17.7388635472001,0.824253874239226,0.838281760298278,0.100036913073015,0.106137803675805,0.724216961166211,0.732143956622472,0.924290787312241,0.944419563974083
17.7449301900001,0.824470366492477,0.838487660842981,0.0999184737921964,0.106044533424506,0.724551892700281,0.732443127418475,0.924388840284674,0.944532194267487
17.7509968328001,0.824686557750633,0.838693258949226,0.0998000216940424,0.105951246509279,0.724886536056591,0.732742012439947,0.924486579444675,0.944644505458505
17.7570634756001,0.824902449342298,0.838898556204719,0.0996815538077834,0.10585793705761,0.725220895534515,0.733040619147109,0.924584003150081,0.94475649326233
17.7631301184001,0.825118043381085,0.839103554373076,0.0995630672070014,0.105764600074487,0.725554976174083,0.733338954298589,0.924681110588086,0.944868154447562
17.7691967612001,0.825333340980625,0.839308254736436,0.0994445589007271,0.105671229798159,0.725888782079898,0.733637024938277,0.924777899881353,0.944979484534595
17.7752634040001,0.825548331600472,0.839512646592565,0.0993260080559763,0.105577803068755,0.726222323544495,0.733934843523809,0.924874339656448,0.94509044966132
17.7813300468001,0.825762939423478,0.839716653976188,0.0992073025276664,0.105484205401546,0.726555636895812,0.734232448574642,0.924970241951144,0.945200859377734
17.7873966896001,0.825977154415459,0.839920267006377,0.0990884227335351,0.105390414465343,0.726888731681924,0.734529852541034,0.925065577148994,0.945310681471721
17.7934633324001,0.826190980066376,0.840123488838134,0.0989693681651267,0.105296427645921,0.727221611901249,0.734827061192213,0.925160348231503,0.945419916484055
17.7995299752001,0.826404419284494,0.840326322622743,0.0988501380499259,0.105202241321986,0.727554281234568,0.735124081300756,0.92525455733442,0.945528563944729
17.8055966180001,0.826617475995777,0.840528771954626,0.0987307320797691,0.105107853061022,0.727886743916008,0.735420918893604,0.925348208075546,0.945636625015649
17.8116632608001,0.826830152841285,0.840730839622454,0.0986111493546701,0.105013259245163,0.728219003486615,0.735717580377292,0.925441302195955,0.945744098867617
17.8177299036001,0.827042453755161,0.840932529417125,0.0984913895753798,0.104918457210762,0.728551064179781,0.736014072206363,0.92553384333054,0.945850986627887
17.8237965464001,0.827254381719541,0.841133844166845,0.0983714519972888,0.104823443880996,0.728882929722252,0.736310400285849,0.925625833716829,0.945957288047842
17.8298631892001,0.827465940157333,0.841334787442769,0.0982513360828452,0.104728215989301,0.729214604074487,0.736606571453468,0.925717276240178,0.94606300343207
17.8359298320001,0.827677132552971,0.841535362405198,0.0981310413273038,0.104632770884966,0.729546091225667,0.736902591520233,0.925808173880274,0.946168133290164
17.8419964748001,0.827887961836002,0.841735572210479,0.0980105669516873,0.1045371049936,0.729877394884315,0.737198467216879,0.92589852878769,0.946272677204079
17.8480631176001,0.828098431898249,0.841935420437482,0.097889912655167,0.104441215834278,0.730208519243082,0.737494204603204,0.925988344553416,0.94637663627176
17.8541297604001,0.828308545424878,0.842134909898176,0.0977690775314269,0.10434509983517,0.730539467893451,0.737789810063006,0.926077622956305,0.946480009733346
17.8601964032001,0.828518306308821,0.842334044360551,0.0976480612856694,0.104248754300312,0.730870245023151,0.738085290060239,0.92616636759449,0.946582798660864
17.8662630460001,0.828727717557669,0.842532826672743,0.0975268631715851,0.10415217615783,0.731200854386084,0.738380650514913,0.926254580729254,0.946685002830573
17.8723296888001,0.828936782584631,0.842731260390927,0.0974054826505713,0.104055362160793,0.731531299934059,0.738675898230134,0.926342265235202,0.946786622551719
17.8783963316001,0.829145504868085,0.842929348680326,0.0972839192216838,0.103958309621493,0.731861585646401,0.738971039058833,0.926429424089769,0.946887658301819
17.8844629744001,0.829353887359388,0.843127094702733,0.0971621720993934,0.103861015012747,0.732191715259995,0.739266079689986,0.926516059458782,0.946988109715481
17.8905296172001,0.829561933915958,0.843324502021339,0.0970402409902509,0.103763475805279,0.732521692925707,0.73956102621606,0.926602174906209,0.947087977826618
17.8965962600001,0.829769647266803,0.843521573471238,0.0969181249816576,0.103665688472812,0.732851522285145,0.739855884998426,0.926687772248461,0.94718726194405
17.9026629028001,0.829977031264171,0.843718312797802,0.0967958237831747,0.103567650287708,0.733181207480996,0.740150662510094,0.926772855047345,0.94728596308551
17.9087295456001,0.830184088940583,0.843914722868839,0.0966733366468848,0.103469358182346,0.733510752293698,0.740445364686493,0.926857425587468,0.947384081051186
17.9147961884001,0.830390823700073,0.84411080722581,0.0965506630330416,0.103370808930118,0.733840160667031,0.740739998295692,0.926941486733114,0.947481616155928
17.9208628312001,0.830597239014438,0.844306569038475,0.0964278024445962,0.103271999805803,0.734169436569842,0.741034569232672,0.927025041459034,0.947578568844277
17.9269294740001,0.830803337857372,0.844502011474464,0.0963047540893735,0.103172927329729,0.734498583767999,0.741329084144735,0.927108091946746,0.947674938804192
17.9329961168001,0.831009124051622,0.844697137501778,0.0961815176813506,0.103073589743688,0.734827606370272,0.741623547758091,0.927190641732973,0.947770727245466
17.9390627596001,0.831214600369779,0.844891912976194,0.0960580923016915,0.102974035895592,0.735156508068088,0.741917877080602,0.927272692671471,0.947865948871786
17.9451294024001,0.831419770623931,0.845086234118627,0.0959344776642245,0.10287441505774,0.735485292959706,0.742211819060887,0.927354248288155,0.947960649176368
17.9511960452001,0.831624637871002,0.845280096739356,0.0958106730195166,0.102774734174385,0.735813964851485,0.742505362564971,0.927435310890518,0.94805483091374
17.9572626880001,0.831829205506378,0.845473504309799,0.0956866778265861,0.102674990118537,0.736142527679792,0.742798514191262,0.927515883332964,0.948148494428336
17.9633293308001,0.832033476994749,0.845666460278618,0.09556249159237,0.102575179738399,0.736470985402379,0.74309128054022,0.92759596858712,0.948241640017017
17.9693959736001,0.832237455332673,0.84585896795225,0.0954381135179568,0.102475299414618,0.736799341814716,0.743383668537632,0.92767556885063,0.948334267366868
17.9754626164001,0.832441144307963,0.846051030938796,0.0953135433247948,0.102375346412972,0.737127600983168,0.743675684525825,0.927754687632758,0.948426377351768
17.9815292592001,0.832644546736526,0.846242652449345,0.0951887800878575,0.102275316829778,0.737455766648669,0.743967335619567,0.927833326824383,0.948517969279123
17.9875959020001,0.83284766639082,0.846433836062803,0.0950638235251482,0.102175208048664,0.737783842865671,0.744258628014139,0.927911489915968,0.948609044111468
17.9936625448001,0.833050506351645,0.846624585126809,0.0949386728858098,0.102075016384406,0.738111833465835,0.744549568742403,0.927989179237455,0.948699601511215
17.9997291876001,0.833253070006266,0.846814903100527,0.0948133276275336,0.101974738728972,0.738439742378732,0.744840164371555,0.9280663976338,0.948789641829499
18.0057958304001,0.833455360811739,0.847004793434646,0.0946877872613348,0.101874371894484,0.738767573550404,0.745130421540161,0.928143148073074,0.94887916532913
18.0118624732001,0.833657381788011,0.847194259443248,0.0945620509814721,0.101773912308256,0.739095330806539,0.745420347134992,0.928219432769483,0.948968171751504
18.0179291160001,0.833859136687698,0.847383304718045,0.0944361185169129,0.10167335718834,0.739423018170785,0.745709947529705,0.928295255204611,0.949056661906386
18.0239957588001,0.834060628369763,0.847571932492341,0.0943099889364852,0.101572702675709,0.739750639433278,0.745999229816632,0.928370617306248,0.94914463516805
18.0300624016001,0.834261860567558,0.847760146324397,0.0941836619622753,0.101471946122692,0.740078198605282,0.746288200201705,0.928445522529833,0.949232092447089
18.0361290444001,0.834462836385232,0.847947949579144,0.0940571368420936,0.101371083848517,0.740405699543139,0.746576865730627,0.928519973227326,0.949319033427661
18.0421956872001,0.834663559202457,0.848135345703745,0.0939304130322137,0.101270112764805,0.740733146170243,0.74686523293894,0.92859397223467,0.94940545846855
18.0482623300001,0.834864032468126,0.848322338150548,0.0938034900478193,0.101169029647064,0.741060542420307,0.747153308503484,0.928667522515946,0.949491367797612
18.0543289728001,0.835064259226105,0.848508930241659,0.0936763670762492,0.101067830969596,0.741387892149855,0.747441099272063,0.928740626302354,0.949576761211254
18.0603956156001,0.835264243193549,0.848695125552279,0.0935490438540342,0.10096651390277,0.741715199339514,0.747728611649509,0.928813287047583,0.949661639455049
18.0664622584001,0.83546398727221,0.848880927337743,0.0934215194439036,0.100865074631745,0.742042467828307,0.748015852705997,0.928885506716114,0.949746001969488
18.0725289012001,0.835663495156864,0.849066339135971,0.0932937935719346,0.100763510478183,0.742369701584929,0.748302828657788,0.928957288728798,0.949829849614153
18.0785955440001,0.835862769974483,0.849251364328921,0.0931658654846977,0.100661817765077,0.742696904489785,0.748589546563844,0.92902863545918,0.949913182093998
18.0846621868001,0.836061815097669,0.849436006352013,0.093037734636955,0.100559993424395,0.743024080460714,0.748876012927618,0.929099549734624,0.949995999776408
18.0907288296001,0.836260633966631,0.849620268658887,0.0929094005481532,0.100458034194497,0.743351233418478,0.74916223446439,0.929170034514784,0.950078302853384
18.0967954724001,0.836459229649674,0.849804154580042,0.092780862398617,0.100355936596997,0.743678367251057,0.749448217983045,0.929240092048291,0.950160091177039
18.1028621152001,0.836657605828233,0.849987667674059,0.0926521199324877,0.100253697754621,0.744005485895745,0.749733969919437,0.929309725760721,0.95024136542868
18.1089287580001,0.836855765446587,0.850170811218112,0.0925231722064418,0.100151313896248,0.744332593240145,0.750019497321863,0.929378937653028,0.95032212511436
18.1149954008001,0.837053712161458,0.850353588730085,0.0923940189504553,0.100048782313498,0.744659693211003,0.750304806416587,0.929447731111913,0.950402371043582
18.1210620436001,0.837251449122116,0.850536003608702,0.0922646594099509,0.0999460993324486,0.744986789712165,0.750589904276253,0.929516108532067,0.95048210294115
18.1271286864001,0.837448979694624,0.850718059277895,0.092135093038087,0.0998432619061036,0.745313886656537,0.750874797371791,0.929584072732711,0.950561321183998
18.1331953292001,0.837646307309972,0.850899759192223,0.0920053193586651,0.0997402667351453,0.745640987951307,0.751159492457078,0.929651626668637,0.950640025927369
18.1392619720001,0.837843435061439,0.85108110669096,0.0918753375449046,0.0996371103888213,0.745968097516534,0.751443996302139,0.929718772606343,0.950718217079782
18.1453286148001,0.838040366594471,0.851262105315945,0.0917451473486029,0.0995337899422549,0.746295219245868,0.75172831537369,0.929785513943074,0.9507958952582
18.1513952576001,0.838237104895612,0.851442758366009,0.0916147478204292,0.0994303016675784,0.746622357075183,0.75201245669843,0.929851852716041,0.950873060033587
18.1574619004001,0.83843365358406,0.8516230693393,0.0914841386941668,0.0993266428269976,0.746949514889893,0.752296426512303,0.929917792278226,0.950949712166298
18.1635285432001,0.838630015830852,0.851803041651047,0.091353319214182,0.0992228097489903,0.74727669661667,0.752580231902057,0.929983335045034,0.951025851400038
18.1695951860001,0.838826194996039,0.851982678713949,0.0912222888319393,0.0991187994082922,0.7476039061641,0.752863879305657,0.930048483827978,0.951101478122241
18.1756618288001,0.839022194500869,0.852161983983118,0.0910910470756846,0.0990146084673683,0.747931147425185,0.75314737551575,0.930113241576554,0.951176592450487
18.1817284716001,0.839218017464118,0.852340960806975,0.0909595931114415,0.0989102335434281,0.748258424352676,0.753430727263547,0.930177610575559,0.951251194350403
18.1877951144001,0.839413667494983,0.852519612710499,0.0908279266987089,0.0988056716640309,0.748585740796274,0.753713941046469,0.930241594193692,0.95132528437453
18.1938617572001,0.839609147622005,0.852697943013995,0.090696046882195,0.0987009191440961,0.74891310073981,0.753997023869899,0.9303051945042,0.951398862158092
18.1999284000001,0.839804461427389,0.852875954336676,0.0905639533993982,0.0985959744325648,0.74924050802799,0.754279979904111,0.930368414826787,0.951471928769241
18.2059950428001,0.839999556834583,0.853053594909751,0.0904317236556462,0.0984909119245818,0.749567833178937,0.754562682985169,0.93043128049023,0.951544506834332
18.2120616856001,0.840194212158179,0.853230645677588,0.0902996753551997,0.0983860432195178,0.749894536802979,0.754844602458071,0.930493887513378,0.951616688897106
18.2181283284001,0.840388406520115,0.853407083676404,0.0901678423807337,0.0982814023033122,0.750220564139381,0.755125681373092,0.930556248900849,0.951688485979716
18.2241949712001,0.840582142483353,0.853582912362637,0.0900362247138253,0.0981769857021602,0.750545917769528,0.755405926660477,0.930618367197178,0.951759898064798
18.2302616140001,0.840775423896852,0.853758134914346,0.0899048217310103,0.0980727908627163,0.750870602165842,0.75568534405163,0.930680245627863,0.951830925777062
18.2363282568001,0.840968253081503,0.853932754374282,0.0897736335308754,0.0979688145648392,0.751194619550628,0.755963939809443,0.930741886612379,0.951901568939121
18.2423948996001,0.841160633821083,0.854106774269968,0.0896426595178958,0.0978650539177147,0.751517974303188,0.756241720352253,0.930803293338979,0.951971828187682
18.2484615424001,0.841352568866416,0.854280197349128,0.0895118995882086,0.0977615062421174,0.751840669278207,0.756518691107011,0.930864468454625,0.952041703591246
18.2545281852001,0.841544061393149,0.854453027330689,0.0893813534356226,0.0976581680945808,0.752162707957526,0.756794859236108,0.930925414828772,0.952111195425269
18.2605948280001,0.841735114751876,0.854625266998794,0.089251020667686,0.0975550370084262,0.75248409408419,0.757070229990368,0.930986135419562,0.95218030400722
18.2666614708001,0.841925731526836,0.854796919819523,0.0891209012660512,0.0974521095588191,0.752804830260785,0.757344810260704,0.931046632792887,0.952249029378342
18.2727281136001,0.842115915534366,0.854967988955068,0.0889909946091735,0.0973493831432009,0.753124920925192,0.757618605811867,0.931106910143539,0.952317372098269
18.2787947564001,0.84230566913593,0.855138477467088,0.0888613007910412,0.0972468545863813,0.753444368344889,0.757891622880707,0.931166969926971,0.95238533205347
18.2848613992001,0.842494996078124,0.855308388867438,0.0887318192214118,0.0971445209655512,0.753763176856713,0.758163867901887,0.931226815299536,0.952452909832989
18.2909280420001,0.842683899134216,0.8554777259154,0.0886025497924528,0.0970423796077082,0.754081349341764,0.758435346307692,0.931286448926669,0.952520105523109
18.2969946848001,0.842872381472148,0.855646492322998,0.0884734922006296,0.0969404270881633,0.754398889271519,0.758706065234835,0.931345873672778,0.952586919411161
18.3030613276001,0.843060446435481,0.855814690872493,0.0883446460521458,0.0968386609022973,0.754715800383335,0.758976029970196,0.931405092487627,0.95265335177479
18.3091279704001,0.843248096630224,0.855982325039962,0.0882160113286869,0.0967370776745993,0.755032085301537,0.759245247365362,0.931464107958911,0.952719402714561
18.3151946132001,0.843435335839845,0.85614939797163,0.0880875874106483,0.0966356747533091,0.755347748429197,0.759513723218321,0.931522923250493,0.952785072724939
18.3212612560001,0.843622166466137,0.856315912747862,0.0879593743874433,0.096534449007748,0.755662792078694,0.759781463740114,0.93158154085358,0.95285036175561
18.3273278988001,0.843808592219007,0.856481872865164,0.0878313716740661,0.0964333974837135,0.755977220544941,0.76004847538145,0.931639963893073,0.952915270348877
18.3333945416001,0.843994615893673,0.856647281094096,0.0877035791587591,0.0963325175137662,0.756291036734914,0.76031476358033,0.931698195052432,0.952979798607863
18.3394611844001,0.844180240650865,0.856812141140046,0.0875759965406009,0.0962318056926765,0.756604244110264,0.76058033544737,0.931756237191466,0.953043946832723
18.3455278272001,0.844365469826618,0.856976455783031,0.0874486234244941,0.096131259477339,0.756916846402124,0.760845196305692,0.931814093251112,0.95310771526037
18.3515944700001,0.844550306049205,0.857140228509483,0.0873214597921129,0.0960308755419124,0.757228846257093,0.76110935296757,0.931871765841318,0.953171104051395
18.3576611128001,0.844734753068979,0.857303462449561,0.087194505025816,0.0959306511854539,0.757540248043163,0.761372811264108,0.931929258094795,0.953234113635015
18.3637277556001,0.844918813327813,0.857466160702133,0.087067759210462,0.0958305833213508,0.757851054117351,0.761635577380783,0.931986572538275,0.953296744023484
18.3697943984001,0.84510249049942,0.857628326748676,0.0869412217662391,0.0957306689646132,0.758161268733181,0.761897657784062,0.932043712265659,0.953358995713289
18.3758610412001,0.845285787400475,0.857789963370748,0.0868148925775081,0.0956309054527033,0.758470894822967,0.762159057918044,0.932100679977983,0.953420868823451
18.3819276840001,0.845468707184988,0.857951074267364,0.0866887713459171,0.0955312894005323,0.758779935839071,0.762419784866832,0.932157478530905,0.953482363667897
18.3879943268001,0.845651253180976,0.858111662215939,0.0865628576751114,0.0954318182259627,0.759088395505865,0.762679843989976,0.932214110856088,0.953543480441902
18.3940609696001,0.845833428039469,0.858271730713617,0.0864371515467101,0.0953324886531703,0.759396276492759,0.762939242060447,0.932270579586179,0.953604219366787
18.4001276124001,0.846015235477456,0.858431282874393,0.0863116523450566,0.0952332979320465,0.759703583132399,0.763197984942347,0.932326887822513,0.95366458080644
18.4061942552001,0.846196677976647,0.858590321815432,0.0861863601504779,0.0951342430196019,0.760010317826169,0.76345607879583,0.932383038127125,0.953724564835034
18.4122608980001,0.846377759175052,0.858748851003503,0.0860612743883114,0.0950353209006623,0.760316484786741,0.763713530102841,0.932439033563364,0.953784171904166
18.4183275408001,0.846558481910311,0.858906873230884,0.0859363949390805,0.0949365289169315,0.76062208697123,0.763970344313952,0.932494876849391,0.953843402147815
18.4243941836001,0.846738849330206,0.859064392190482,0.0858117215069587,0.0948378637041436,0.760927127823247,0.764226528486338,0.932550570837164,0.953902255894625
18.4304608264001,0.846918864754243,0.859221410656747,0.0856872536943781,0.0947393226405801,0.761231611059865,0.764482088016167,0.932606118448622,0.953960733297327
18.4365274692001,0.847098530856702,0.859377932137894,0.0855629914828588,0.0946409025007858,0.761535539373844,0.764737029637109,0.932661522339561,0.95401883463868
18.4425941120001,0.847277851320965,0.859533959731655,0.0854389342587508,0.094542600485499,0.761838917062214,0.764991359246156,0.932716785579716,0.954076560217154
18.4486607548001,0.847456828668328,0.859689496573289,0.0853150820978715,0.0944444135949136,0.762141746570456,0.765245082978375,0.932771910766199,0.954133910168202
18.4547273976001,0.847635466501592,0.859844546115177,0.0851914344306633,0.0943463387842727,0.762444032070929,0.765498207330905,0.932826900932255,0.95419088489945
18.4607940404001,0.847813767678868,0.859999111160035,0.0850679911338568,0.0942483733988634,0.762745776545011,0.765750737761172,0.932881758812725,0.954247484558899
18.4668606832001,0.847991735342207,0.86015319539493,0.0849447519141062,0.0941505140959211,0.763046983428101,0.766002681299009,0.932936487256313,0.954303709490851
18.4729273260001,0.848169372802109,0.860306801590985,0.084821716372675,0.0940527582136041,0.763347656429434,0.766254043377381,0.932991089174784,0.954359559804589
18.4789939688001,0.848346682756595,0.860459933267845,0.0846988844909396,0.0939551025771708,0.763647798265656,0.766504830690675,0.933045567247535,0.954415035845016
18.4850606116001,0.848523668855194,0.860612593506878,0.0845762556572796,0.0938575443382238,0.763947413197914,0.766755049168654,0.933099924512473,0.954470137845102
18.4911272544001,0.848700333658543,0.860764785461235,0.0844538299430234,0.0937600805396973,0.76424650371552,0.767004704921537,0.933154163601567,0.954524866000932
18.4971938972001,0.848876680734727,0.860916512569228,0.0843316067836757,0.0936627081078566,0.764545073951052,0.767253804461371,0.933208287518403,0.954579220677085
18.5032605400001,0.849052712961837,0.861067777643733,0.0842095860522174,0.09356542439091,0.764843126909619,0.767502353252823,0.933262299014054,0.954633202034643
18.5093271828001,0.84922843347668,0.861218584366239,0.0840877674577403,0.0934682260682778,0.765140666018939,0.767750358297961,0.93331620093442,0.954686810434516
18.5153938256001,0.849403845580261,0.861368935504184,0.0839661506003821,0.0933711104374451,0.765437694979879,0.767997825066739,0.933369996180643,0.954740045941629
18.5214604684001,0.849578951994836,0.861518842729066,0.0838447354613329,0.0932740858865288,0.765734216533503,0.768244756842538,0.933423687456169,0.954792928615595
18.5275271112001,0.849753756335831,0.861668348938621,0.0837235214310228,0.0931772058501377,0.766030234904809,0.768491143088483,0.933477277766854,0.954845554788759
18.5335937540001,0.849928261202982,0.861817463642358,0.0836025085763137,0.0930804763777386,0.766325752626669,0.768736987264619,0.933530769779296,0.954897940020096
18.5396603968001,0.850102470130148,0.861966191492191,0.0834816963377291,0.0929838961029547,0.766620773792419,0.768982295389236,0.933584166467877,0.954950087595146
18.5457270396001,0.850276386014904,0.862114536527377,0.0833610845845431,0.0928874640966548,0.766915301430361,0.769227072430723,0.933637470599447,0.955002000624032
18.5517936824001,0.850450011989313,0.862262503575189,0.0832406730282413,0.0927911786890133,0.767209338961072,0.769471324886176,0.933690685017554,0.955053682264202
18.5578603252001,0.850623351344388,0.86241009669501,0.0831204612678803,0.0926950389691086,0.767502890076508,0.769715057725901,0.933743812612268,0.955105135664119
18.5639269680001,0.850796406827113,0.862557320526616,0.0830004492844195,0.0925990434149389,0.767795957542693,0.769958277111677,0.933796856111532,0.955156363941555
18.5699936108001,0.850969182018566,0.862704179416811,0.0828806364703613,0.0925031909161805,0.768088545548205,0.77020098850063,0.933849818488928,0.955207370332991
18.5760602536001,0.851141679557333,0.862850677688628,0.0827610228881238,0.092407480204642,0.76838065666921,0.770443197483986,0.933902702445457,0.955258157893271
18.5821268964001,0.851313902943541,0.862996819983631,0.0826416079832035,0.0923119098905252,0.768672294960338,0.770684910093106,0.933955510926745,0.955308729874156
18.5881935392001,0.85148585509376,0.863142610353292,0.082522391621214,0.0922164790500043,0.768963463472546,0.770926131303287,0.934008246714974,0.955359089403296
18.5942601820001,0.851657539135795,0.863288053611524,0.0824033735159898,0.0921211860250431,0.769254165619806,0.771166867586481,0.934060912651785,0.955409239636567
18.6003268248001,0.851828958350179,0.863433153827312,0.0822845532655501,0.0920260298827654,0.769544405084629,0.771407123944547,0.934113511615729,0.955459183710077
18.6063934676001,0.852000115509115,0.863577915637437,0.0821659308505798,0.0919310091310137,0.769834184658535,0.771646906506423,0.934166046359694,0.955508924768451
18.6124601104001,0.852171014159088,0.863722343384824,0.0820475056656756,0.0918361226284541,0.770123508493412,0.77188622075637,0.934218519824763,0.955558466013278
18.6185267532001,0.852341656977285,0.86386644140121,0.0819292777688335,0.091741369136174,0.770412379208452,0.772125072265036,0.934270934746119,0.955607810537384
18.6245933960001,0.852512047430597,0.864010214317936,0.0818112466104803,0.0916467472412893,0.770700800820116,0.772363467076646,0.934323294041077,0.955656961559225
18.6306600388001,0.852682188454092,0.864153666198599,0.0816934120526108,0.0915522560248862,0.770988776401482,0.772601410173713,0.934375600506703,0.955705922223485
18.6367266816001,0.852852083171815,0.864296801843832,0.0815757738113666,0.0914578938411335,0.771276309360449,0.772838908002698,0.934427856983182,0.955754695684966
18.6427933244001,0.853021734853323,0.864439625332048,0.0814583314837719,0.0913636597349197,0.771563403369551,0.773075965597128,0.934480066337094,0.955803285066968
18.6488599672001,0.85319114629653,0.864582141297296,0.0813410850501941,0.091269552244147,0.771850061246336,0.773312589053149,0.934532231346724,0.955851693541443
18.6549266100001,0.853360321013084,0.864724354078427,0.0812240339073461,0.0911755701963522,0.772136287105738,0.773548783882075,0.93458435492043,0.95589992427478
18.6609932528001,0.853529261718526,0.86486626801587,0.0811071781088236,0.0910817123817293,0.772422083609703,0.77378455563414,0.93463643982735,0.955947980397599
18.6670598956001,0.853697971847003,0.865007887730871,0.080990517109939,0.0909879773646402,0.772707454737064,0.774019910366231,0.934688488956942,0.955995865095511
18.6731265384001,0.85386645435159,0.865149217299067,0.0808740507691142,0.0908943642306963,0.772992403582476,0.774254853068371,0.934740505120704,0.956043581529764
18.6791931812001,0.854034712353062,0.865290261507881,0.0807577788047517,0.0908008713466777,0.77327693354831,0.774489390161203,0.934792491157814,0.956091132854558
18.6852598240001,0.854202749109507,0.865431024444985,0.0806417008129267,0.0907074977349655,0.77356104829658,0.774723526710019,0.934844449922434,0.95613852217995
18.6913264668001,0.854370567445048,0.865571510741958,0.0805258167736433,0.0906142419637334,0.773844750671404,0.774957268778225,0.934896384218691,0.956185752705692
18.6973931096001,0.854538170836243,0.865711724733387,0.0804101260857536,0.09052110282927,0.774128044750489,0.775190621904117,0.934948296921997,0.956232827562657
18.7034597524001,0.854705562036746,0.865851670768373,0.0802946287984744,0.0904280791507018,0.774410933238271,0.775423591617672,0.93500019083522,0.956279749919075
18.7095263952001,0.854872744448448,0.865991353458205,0.0801793243719613,0.0903351694699737,0.774693420076486,0.775656183988231,0.935052068820409,0.956326522928178
18.7155930380001,0.855039721041942,0.866130776890463,0.0800642126611049,0.090242372876828,0.774975508380837,0.775888404013635,0.935103933703046,0.956373149767291
18.7216596808001,0.855206494935223,0.866269945839436,0.079949293386526,0.090149687751071,0.775257201548697,0.776120258088365,0.93515578832175,0.956419633590507
18.7277263236001,0.855373069374421,0.866408864401889,0.0798345661433946,0.0900571130922975,0.775538503231026,0.776351751309591,0.935207635517816,0.956465977494186
18.7337929664001,0.855539447210356,0.866547537207192,0.0797200309113079,0.0899646474991667,0.775819416299048,0.776582889708025,0.935259478121664,0.956512184706359
18.7398596092001,0.855705631884254,0.86668596858547,0.0796056870912785,0.0898722897366007,0.776099944792976,0.776813678848869,0.935311318975532,0.956558258322071
18.7459262520001,0.855871626187631,0.866824162894488,0.0794915347281669,0.0897800386524864,0.776380091459465,0.777044124242002,0.935363160915798,0.956604201546975
18.7519928948001,0.85603743349062,0.866962124735703,0.0793775732869269,0.0896878927666832,0.776659860203693,0.77727423196902,0.935415006777547,0.956650017502386
18.7580595376001,0.856203056780835,0.867099858208552,0.079263802618963,0.0895958511726753,0.776939254161872,0.777504007035877,0.935466859399798,0.956695709381227
18.7641261804001,0.856368499173988,0.867237368074266,0.0791502224470701,0.0895039122637071,0.777218276726918,0.777733455810559,0.935518721621059,0.956741280337973
18.7701928232001,0.856533763903753,0.867374658438527,0.0790368323655561,0.0894120750163095,0.777496931538197,0.777962583422218,0.935570596269309,0.956786733454837
18.7762594660001,0.856698853848144,0.867511733928764,0.0789236323535683,0.0893203380598417,0.777775221494575,0.778191395868922,0.935622486201712,0.956832071988605
18.7823261088001,0.856863772412805,0.867648598870443,0.0788106218143014,0.0892287001277392,0.778053150598504,0.778419898742704,0.935674394227107,0.956877298998182
18.7883927516001,0.857028522426872,0.867785257629982,0.0786978007882814,0.0891371600964765,0.778330721638591,0.778648097533505,0.935726323215154,0.956922417726458
18.7944593944001,0.857193107229209,0.867921714799133,0.0785851687452167,0.0890457164641627,0.778607938483993,0.77887599833497,0.935778275974426,0.956967431263296
18.8005260372001,0.85735752982396,0.868057974489102,0.0784727255330692,0.0889543683276327,0.778884804290891,0.779103606161469,0.935830255357029,0.957012342816734
18.8065926800001,0.857521793325045,0.868194041448136,0.0783604708767646,0.0888631140939806,0.779161322448281,0.779330927354155,0.93588226420181,0.957057155542116
18.8126593228001,0.857685900953192,0.868329919790667,0.078248404369792,0.0887719527163956,0.7794374965834,0.779557967074271,0.935934305322984,0.957101872507063
18.8187259656001,0.857849855614099,0.86846561414244,0.0781365259908049,0.0886808828551518,0.779713329623295,0.779784731287288,0.935986381604904,0.957146496997592
18.8247926084001,0.858013660677586,0.868601128824072,0.0780248351452027,0.0885899032120797,0.779988825532383,0.780011225611993,0.936038495822789,0.957191032036152
18.8308592512001,0.858177319010157,0.86873646821062,0.0779133318691983,0.0884990126920668,0.780263987140959,0.780237455518553,0.936090650879355,0.957235480902686
18.8369258940001,0.858340833919903,0.868871636884261,0.0778020156372109,0.0884082097718068,0.780538818282692,0.780463427112454,0.936142849557114,0.957279846656068
18.8429925368001,0.858504208427004,0.869006638967879,0.0776908862938041,0.088317493551095,0.7808133221332,0.780689145416784,0.936195094720808,0.957324132518974
18.8490591796001,0.858667445644083,0.869141479196813,0.0775799435659896,0.0882268624512859,0.781087502078093,0.780914616745527,0.936247389210073,0.957368341648099
18.8551258224001,0.858830548778427,0.869276161694074,0.0774691870464824,0.0881363154019505,0.781361361731944,0.781139846292124,0.936299735824909,0.957412477096025
18.8611924652001,0.858993520763911,0.869410691083988,0.0773586167133986,0.0880458510944925,0.781634904050513,0.781364839989496,0.93635213747731,0.957456542178481
18.8672591080001,0.859156364934284,0.869545071682126,0.0772482319743631,0.0879554681990162,0.781908132959921,0.78158960348311,0.936404596908647,0.957500539881142
18.8733257508001,0.859319084193174,0.869679307872169,0.0771380328612983,0.087865165648652,0.782181051331876,0.781814142223517,0.936457117054472,0.957544473520821
18.8793923936001,0.85948168181839,0.869813404226854,0.0770280188532904,0.0877749418990098,0.7824536629651,0.782038462327844,0.936509700671681,0.957588346125864
18.8854590364001,0.859644160845657,0.869947364880651,0.0769181897915481,0.0876847960524554,0.782725971054109,0.782262568828196,0.936562350637205,0.957632160933107
18.8915256792001,0.85980652438679,0.870081194556065,0.0768085454051259,0.0875947265450166,0.782997978981664,0.782486468011049,0.936615069791916,0.957675921101082
18.8975923220001,0.859968775635145,0.870214897384516,0.0766990852860084,0.0875047322823683,0.783269690349137,0.782710165102148,0.936667860921154,0.957719629666885
18.9036589648001,0.860130917553269,0.870348477989174,0.0765898094117296,0.087414811987257,0.783541108141539,0.782933666001917,0.936720726964998,0.957763289976431
18.9097256076001,0.860292953438589,0.870481940680371,0.076480717192163,0.0873249642979423,0.783812236246426,0.783156976382428,0.936773670630752,0.957806904978313
18.9157922504001,0.860454886231612,0.870615289850423,0.0763718086549618,0.0872351881755887,0.78408307757665,0.783380101674834,0.936826694886574,0.957850478026012
18.9218588932001,0.86061671918036,0.870748530062679,0.0762630832838355,0.0871454820551662,0.784353635896524,0.783603048007513,0.936879802464195,0.957894012117845
18.9279255360001,0.860778455335606,0.870881665463184,0.0761545409166819,0.0870558450411094,0.784623914418924,0.783825820422075,0.936932996252288,0.957937510504294
18.9339921788001,0.860940097808855,0.871014700761658,0.0760461812845541,0.0869662755845674,0.784893916524301,0.78404842517709,0.936986279093409,0.957980976346225
18.9400588216001,0.861101649779036,0.87114764009776,0.0759380039787504,0.0868767725670439,0.785163645800286,0.784270867530716,0.937039653757787,0.958024412664804
18.9461254644001,0.861263039187114,0.87128041304302,0.0758299028383969,0.086787228605058,0.785433136348717,0.784493184437962,0.937092942025511,0.958067641648078
18.9521921072001,0.861424192471962,0.871412947080348,0.0757217686329366,0.0866975336622044,0.785702423839025,0.784715413418144,0.937145961104898,0.958110480742552
18.9582587500001,0.861585111225909,0.871545245225976,0.0756135994273627,0.0866076847689536,0.785971511798547,0.784937560457022,0.937198710653272,0.95815292999493
18.9643253928001,0.861745797756588,0.87167731112259,0.0755053934214811,0.0865176790519235,0.786240404335106,0.785159632070667,0.937251191178069,0.958194990174514
18.9703920356001,0.8619062539255,0.871809147724204,0.0753971487474518,0.086427513914316,0.786509105178048,0.785381633809888,0.937303402672952,0.95823666163852
18.9764586784001,0.862066481725791,0.871940758609183,0.0752888635564289,0.0863371862411065,0.786777618169362,0.785603572368076,0.93735534528222,0.958277944850289
18.9825253212001,0.862226483328066,0.872072146931849,0.075180536034179,0.0862466934844605,0.787045947293887,0.785825453447388,0.937407019362245,0.958318840416309
18.9885919640001,0.862386260421752,0.872203315981906,0.0750721642732951,0.0861560325468046,0.787314096148457,0.786047283435102,0.937458424695047,0.958359348528711
18.9946586068001,0.862545815394523,0.872334269222255,0.0749637465053978,0.0860652008195313,0.787582068889125,0.786269068402723,0.937509561899921,0.958399470041786
19.0007252496001,0.86270514988665,0.872465009689428,0.074855280807594,0.0859741953769428,0.787849869079056,0.786490814312486,0.937560430694244,0.958439205066371
19.0067918924001,0.862864266185158,0.872595541024751,0.0747467653958206,0.0858830133378899,0.788117500789338,0.786712527686861,0.937611031580979,0.958478554362641
19.0128585352001,0.863023166162665,0.872725866191116,0.0746381983948409,0.0857916521020729,0.788384967767825,0.786934214089044,0.937661364557506,0.958517518293189
19.0189251780001,0.863181851810692,0.872855988751812,0.0745295779544712,0.085700108567369,0.788652273856221,0.787155880184443,0.937711429765164,0.958556097319181
19.0249918208001,0.863340325291979,0.872985911876606,0.0744209022705503,0.0856083801718889,0.788919423021428,0.787377531704717,0.937761227562529,0.958594292048495
19.0310584636001,0.863498588313306,0.873115638842038,0.0743121694168646,0.0855164638319498,0.789186418896441,0.787599175010088,0.93781075773017,0.958632102673988
19.0371251064001,0.863656643239516,0.873245173119413,0.0742033776474663,0.0854243569268565,0.78945326559205,0.787820816192556,0.937860020886983,0.958669530046269
19.0431917492001,0.863814491735178,0.873374517742201,0.0740945250185153,0.0853320565414302,0.789719966716663,0.788042461200771,0.937909016753694,0.958706574283631
19.0492583920001,0.863972136067032,0.873503676350198,0.073985609761786,0.0852395597870108,0.789986526305246,0.788264116563187,0.937957745828818,0.958743236137209
19.0553250348001,0.86412957811849,0.873632651915387,0.0738766299949384,0.0851468640594823,0.790252948123552,0.788485787855904,0.938006208113428,0.958779515974869
19.0613916776001,0.864286819879768,0.873761447985834,0.0737675838661582,0.0850539662698453,0.79051923601361,0.788707481715988,0.938054403745926,0.958815414255679
19.0674583204001,0.864443863505421,0.873890067746756,0.0736584695816484,0.0849608638421265,0.790785393923773,0.78892920390463,0.93810233308707,0.958850931588883
19.0735249632001,0.864600710719905,0.87401851446162,0.0735492851960974,0.0848675537065005,0.791051425523807,0.789150960755119,0.938149995916002,0.95888606816812
19.0795916060001,0.86475736386507,0.874146791610028,0.0734400289861345,0.0847740332301856,0.791317334878935,0.789372758379843,0.938197392851204,0.958920824840214
19.0856582488001,0.864913824629623,0.874274902222501,0.0733306989871185,0.0846802995084205,0.791583125642505,0.789594602714081,0.938244523616742,0.958955201730922
19.0917248916001,0.865070095260336,0.874402849937139,0.0732212934463699,0.0845863496452922,0.791848801813966,0.789816500291847,0.938291388706706,0.958989199582431
19.0977915344001,0.865226177651102,0.874530637735221,0.0731118104747363,0.0844921810325504,0.792114367176366,0.790038456702671,0.938337988125839,0.959022818767772
19.1038581772001,0.865382073791146,0.874658269149453,0.0730022482184819,0.0843977905945417,0.792379825572664,0.790260478554911,0.938384322009627,0.959056059743995
19.1099248200001,0.865537785826523,0.874785747380507,0.0728926048944658,0.0843031757411798,0.792645180932057,0.790482571639327,0.938430390720988,0.959088923121687
19.1159914628001,0.865693315499678,0.874913075501966,0.0727828785379855,0.0842083336666277,0.792910436961692,0.790704741835338,0.938476194037663,0.959121409168593
19.1220581056001,0.865848665129311,0.875040245570794,0.0726730674483942,0.0841132778916609,0.793175597680917,0.790926967679133,0.938521732577705,0.959153523462455
19.1281247484001,0.866003836428113,0.875167183438453,0.0725631696403957,0.0840181146654911,0.793440666787717,0.791149068772962,0.938567006068508,0.959185298103944
19.1341913912001,0.866158831623201,0.875293875755136,0.0724531833765637,0.0839228651071017,0.793705648246637,0.791371010648034,0.938612014999764,0.959216740862237
19.1402580340001,0.866313652618631,0.875420324975148,0.0723431067612269,0.0838275273624924,0.793970545857404,0.791592797612656,0.938656759379857,0.959247852337641
19.1463246768001,0.866468301402954,0.875546533738926,0.0722329379384344,0.0837320996095096,0.79423536346452,0.791814434129417,0.938701239341389,0.959278633348436
19.1523913196001,0.866622780113411,0.875672504589149,0.072122675135994,0.083636580196333,0.794500104977417,0.792035924392816,0.938745455249405,0.959309084785482
19.1584579624001,0.866777090510753,0.875798240025513,0.0720123163695212,0.0835409671242666,0.794764774141232,0.792257272901246,0.938789406880274,0.95933920714978
19.1645246052001,0.86693123489037,0.875923742729611,0.0719018599612376,0.0834452588879527,0.795029374929133,0.792478483841659,0.938833094851608,0.959369001617564
19.1705912480001,0.867085214988776,0.876049015129295,0.0717913039053388,0.0833494534475897,0.795293911083437,0.792699561681706,0.938876518894115,0.959398468576885
19.1766578908001,0.867239033013753,0.8761740599046,0.0716806464793597,0.0832535492429345,0.795558386534393,0.792920510661665,0.938919679493113,0.959427609147534
19.1827245336001,0.867392690879203,0.876298879528885,0.0715698857814018,0.0831575444020117,0.795822805097802,0.793141335126873,0.938962576660605,0.959456423930897
19.1887911764001,0.867546190573323,0.876423476620973,0.0714590199530076,0.0830614371248979,0.796087170620315,0.793362039496075,0.93900521052633,0.959484913745871
19.1948578192001,0.867699534224216,0.876547853741606,0.0713480472332252,0.0829652257419273,0.796351486990991,0.793582627999679,0.939047581457441,0.959513079483533
19.2009244620001,0.867852723611259,0.87667201337844,0.071236965617696,0.0828689082670672,0.796615757993563,0.793803105111372,0.939089689228955,0.959540921645507
19.2069911048001,0.868005761006374,0.876795958216897,0.0711257734516566,0.0827724831887549,0.796879987554718,0.794023475028143,0.939131534458031,0.959568441405652
19.2130577476001,0.868158648169741,0.876919690689318,0.0710144687089395,0.0826759484672585,0.797144179460801,0.794243742222059,0.93917311687868,0.959595639156576
19.2191243904001,0.868311387290123,0.877043213463881,0.07090304968175,0.0825793025495114,0.797408337608373,0.79446391091437,0.939214436971873,0.959622516013393
19.2251910332001,0.868463980290949,0.877166529033152,0.0707915144622532,0.0824825435453328,0.797672465828696,0.794683985487819,0.939255494753202,0.959649072578484
19.2312576760001,0.868616429160379,0.877289639994254,0.0706798611891936,0.0823856696771667,0.797936567971186,0.794903970317088,0.939296290349573,0.959675309671421
19.2373243188001,0.868768736017064,0.877412548925942,0.0705680881131516,0.0822886792575566,0.798200647903913,0.795123869668386,0.939336824130216,0.959701228183499
19.2433909616001,0.868920902659323,0.877535258303974,0.0704561932095021,0.082191570313016,0.798464709449821,0.795343687990958,0.939377095868825,0.95972682861699
19.2494576044001,0.869072931335453,0.877657770817439,0.0703441748466431,0.0820943413258647,0.79872875648881,0.795563429491574,0.939417106182096,0.959752112143304
19.2555242472001,0.869224823829136,0.877780088903307,0.0702320309781903,0.0819969902562951,0.798992792850946,0.795783098647012,0.939456854807326,0.959777079159602
19.2615908900001,0.869376582310438,0.877902215217768,0.0701197599107262,0.0818995155586293,0.799256822399711,0.796002699659139,0.939496342221164,0.959801730776398
19.2676575328001,0.869528208711997,0.878024152272735,0.0700073597307729,0.0818019153242536,0.799520848981224,0.796222236948482,0.93953556844277,0.959826067596989
19.2737241756001,0.869679705022252,0.878145902643558,0.0698948285739843,0.0817041877981132,0.799784876448267,0.796441714845445,0.939574533596236,0.959850090441671
19.2797908184001,0.869831073350086,0.878267468926944,0.0697821647027649,0.0816063312750192,0.800048908647321,0.796661137651925,0.939613238052851,0.959873800201963
19.2858574612001,0.869982315513076,0.878388853586903,0.0696693660719312,0.0815083437939101,0.800312949441145,0.796880509792993,0.939651681585007,0.959897197380813
19.2919241040001,0.870133433735734,0.878510059316024,0.0695564310731888,0.0814102238310796,0.800577002662546,0.797099835484944,0.939689864808923,0.959920283147104
19.2979907468001,0.87028442982509,0.87863108855605,0.0694433576400828,0.0813119693464961,0.800841072185007,0.797319119209554,0.939727787465173,0.959943057902546
19.3040573896001,0.870435305932826,0.878751943951047,0.0693301440932805,0.0812135788020853,0.801105161839546,0.797538365148962,0.939765450026107,0.959965522753132
19.3101240324001,0.870586064000475,0.878872628032423,0.0692167885139531,0.0811150502705709,0.801369275486521,0.797757577761852,0.939802852514428,0.959987678302994
19.3161906752001,0.87073670601707,0.878993143353672,0.0691032890343715,0.0810163820195344,0.801633416982698,0.797976761334138,0.939839995051441,0.960009525373206
19.3222573180001,0.870887234081409,0.879113492529399,0.0689896439290573,0.0809175723261117,0.801897590152351,0.798195920203288,0.939876878010466,0.960031064855511
19.3283239608001,0.871037650030645,0.879233678012014,0.0688758511319759,0.0808186192415477,0.802161798898669,0.798415058770467,0.939913501162621,0.960052297253562
19.3343906036001,0.871187956065347,0.879353702497439,0.0687619090582865,0.0807195212361971,0.802426047007061,0.798634181261242,0.939949865123634,0.960073223733636
19.3404572464001,0.871338154015732,0.879473568432334,0.0686478156216091,0.0806202762696594,0.802690338394123,0.798853292162675,0.939985969637341,0.960093844701994
19.3465238892001,0.871488246015418,0.879593278448505,0.0685335691564054,0.0805208828116778,0.802954676859012,0.799072395636827,0.940021815171823,0.960114161260183
19.3525905320001,0.871638234014511,0.879712835097002,0.0684191677387858,0.0804213389160827,0.803219066275725,0.799291496180919,0.940057401753297,0.960134174013085
19.3586571748001,0.871788120002962,0.879832240909382,0.0683046094973474,0.0803216428732281,0.803483510505614,0.799510598036154,0.940092729500309,0.96015388378261
19.3647238176001,0.871937906069161,0.879951498192023,0.0681898927190204,0.0802217934037664,0.803748013350141,0.799729704788256,0.940127798788182,0.960173291595789
19.3707904604001,0.872087573835861,0.880070588426013,0.0680750439322459,0.0801218182128584,0.804012529903615,0.799948770213155,0.940162617768107,0.960192406638871
19.3768571032001,0.872236975236322,0.88018936643394,0.0679602740517593,0.0800219248939599,0.804276701184563,0.80016744153998,0.940197249288081,0.9602112913279
19.3829237460001,0.872386080266772,0.880307801572097,0.06784562602403,0.0799221582101636,0.804540454242742,0.800385643361934,0.940231706290802,0.960229959782261
19.3889903888001,0.872534890447283,0.880425895845163,0.0677310990396056,0.0798225175085988,0.804803791407678,0.800603378336564,0.940265989486889,0.960248413353761
19.3950570316001,0.872683406800139,0.880543650635437,0.0676166924936503,0.0797230025048277,0.805066714306489,0.800820648130609,0.940300099293789,0.960266653140265
19.4011236744001,0.872831630447151,0.880661067996592,0.0675024057402668,0.0796236121568027,0.805329224706885,0.801037455839789,0.940334036187418,0.960284680153395
19.4071903172001,0.872979562805719,0.880778149456013,0.067388238012852,0.0795243462944343,0.805591324792867,0.801253803161578,0.940367800818571,0.960302495750447
19.4132569600001,0.873127204605684,0.880894896786749,0.0672741888254879,0.0794252039217932,0.805853015780196,0.801469692864956,0.940401393431172,0.960320100708542
19.4193236028001,0.873274557530781,0.881011311813066,0.0671602573031929,0.0793261847390525,0.806114300227588,0.801685127074013,0.940434814833974,0.960337496552118
19.4253902456001,0.873421622292638,0.881127396066851,0.0670464429670143,0.0792272880128443,0.806375179325624,0.801900108054006,0.940468065259652,0.960354684079695
19.4314568884001,0.873568400398418,0.88124315154775,0.0669327450143127,0.0791285130879309,0.806635655384106,0.802114638459819,0.940501145412731,0.960371664635681
19.4375235312001,0.873714892877771,0.881358579646637,0.0668191628365914,0.0790298596765984,0.80689573004118,0.802328719970039,0.940534055714362,0.960388439323235
19.4435901740001,0.873861100850686,0.881473682406508,0.0667056957884618,0.0789313267436861,0.807155405062224,0.802542355662822,0.940566796639148,0.960405009150194
19.4496568168001,0.874007025730841,0.881588461364877,0.0665923431059645,0.0788329141123533,0.807414682624876,0.802755547252524,0.940599368836805,0.960421375477231
19.4557234596001,0.874152668257341,0.881702918287434,0.0664791042973858,0.0787346207932466,0.807673563959955,0.802968297494188,0.940631772554726,0.960437539080681
19.4617901024001,0.874298030101022,0.88181705500127,0.0663659784953435,0.0786364464808809,0.807932051605678,0.803180608520389,0.940664008596365,0.960453501482151
19.4678567452001,0.87444311198814,0.88193087303984,0.0662529652128295,0.0785383904464245,0.808190146775311,0.803392482593416,0.94069607720097,0.960469263486265
19.4739233880001,0.874587915413138,0.882044374397692,0.066140063653912,0.0784404520323944,0.808447851759226,0.803603922365298,0.94072797906705,0.960484826430086
19.4799900308001,0.874732441412842,0.88215756047435,0.0660272732065384,0.0783426309476651,0.808705168206304,0.803814929526685,0.940759714619381,0.960500191422015
19.4860566736001,0.874876691105607,0.882270433302088,0.0659145932257245,0.0782449261640507,0.808962097879883,0.804025507138037,0.940791284331332,0.960515359466138
19.4921233164001,0.875020665901204,0.88238299442853,0.0658020229502576,0.0781473374979649,0.809218642950947,0.804235656930565,0.940822688851462,0.960530331926495
19.4981899592001,0.875164366548187,0.882495245612083,0.0656895618825258,0.0780498639666109,0.809474804665661,0.804445381645473,0.940853928430713,0.960545109578694
19.5042566020001,0.8753077947044,0.882607188682565,0.0655772091627971,0.0779525052588363,0.809730585541603,0.804654683423729,0.940885003867197,0.960559693941402
19.5103232448001,0.875450951110635,0.882718825175079,0.065464964296062,0.0778552606502975,0.809985986814573,0.804863564524782,0.940915915406697,0.960574085825377
19.5163898876001,0.875593837248797,0.882830157079002,0.0653528264929893,0.0777581294813816,0.810241010755808,0.80507202759762,0.940946663741786,0.960588286560383
19.5224565304001,0.875736454162708,0.882941185802588,0.0652407951380775,0.077661111457419,0.810495659024631,0.805280074345169,0.940977249300786,0.960602297260007
19.5285231732001,0.87587880296927,0.883051913367345,0.0651288695866399,0.0775642055572857,0.81074993338263,0.805487707810059,0.94100767255591,0.960616118924631
19.5345898160001,0.876020885074165,0.883162341330985,0.0650170490803183,0.0774674115906603,0.811003835993846,0.805694929740325,0.941037934154483,0.960629752921645
19.5406564588001,0.876162701235578,0.88327247144471,0.0649053331154941,0.0773707285812771,0.811257368120084,0.805901742863433,0.941068034351072,0.960643200025987
19.5467231016001,0.87630425309827,0.883382305540967,0.0647937208401405,0.0772741562123113,0.811510532258129,0.806108149328655,0.94109797393841,0.960656461753278
19.5527897444001,0.876445541417476,0.883491845156582,0.0646822117512972,0.0771776937638533,0.811763329666179,0.806314151392728,0.941127753168774,0.960669538920435
19.5588563872001,0.876586567662751,0.883601092275693,0.0645708050661311,0.0770813405742836,0.812015762596619,0.806519751701409,0.941157372728882,0.960682432849976
19.5649230300001,0.876727332884724,0.883710048315366,0.0644595001657945,0.0769850963452518,0.812267832718929,0.806724951970115,0.941186833050518,0.960695144660618
19.5709896728001,0.876867838199031,0.883818715286294,0.0643482964057946,0.076888960062784,0.812519541793237,0.80692975522351,0.941216134604826,0.960707675349078
19.5770563156001,0.877008085007077,0.883927094756255,0.0642371930307316,0.0767929315298304,0.812770891976345,0.807134163226424,0.941245278037809,0.960720026286085
19.5831229584001,0.877148074076868,0.884035188469326,0.0641261895308764,0.0766970097766366,0.813021884545992,0.80733817869269,0.941274263607745,0.960732198245963
19.5891896012001,0.877287807039987,0.884142998260487,0.0640152850619589,0.0766011944806958,0.813272521978028,0.807541803779791,0.941303092101946,0.960744192741183
19.5952562440001,0.87742728466602,0.884250525668361,0.0639044791131216,0.0765054849264844,0.813522805552898,0.807745040741876,0.941331763779142,0.960756010594845
19.6013228868001,0.877566508412354,0.884357772671778,0.0637937709079231,0.0764098804504922,0.813772737504431,0.807947892221286,0.941360279320277,0.960767653122271
19.6073895296001,0.877705479336244,0.884464740696697,0.0636831598242758,0.0763143807505555,0.814022319511968,0.808150359946142,0.941388639160519,0.960779121447253
19.6134561724001,0.877844198552244,0.884571431742947,0.0635726452177744,0.0762189848199366,0.814271553334469,0.80835244692301,0.941416843770018,0.960790416562884
19.6195228152001,0.877982667457296,0.884677847388353,0.0634622263360842,0.0761236924548674,0.814520441121212,0.808554154933486,0.941444893793381,0.960801539843221
19.6255894580001,0.878120886829413,0.884783989369947,0.0633519026632588,0.0760285026920805,0.814768984166154,0.808755486677867,0.941472789492672,0.960812492062028
19.6316561008001,0.878258858286906,0.884889859525139,0.0632416733628387,0.0759334152033825,0.815017184924067,0.808956444321757,0.941500531649745,0.960823274728522
19.6377227436001,0.878396582613621,0.88499545939443,0.0631315379161214,0.0758384292775821,0.815265044697499,0.809157030116848,0.941528120529742,0.960833888672012
19.6437893864001,0.878534061254962,0.885100790951273,0.0630214955529511,0.0757435442493981,0.815512565702011,0.809357246701875,0.941555556807913,0.960844335200671
19.6498560292001,0.878671295274623,0.885205855630595,0.0629115456481071,0.0756487598127207,0.815759749626516,0.809557095817874,0.94158284092273,0.960854615443316
19.6559226720001,0.878808285786263,0.885310655421318,0.0628016875571657,0.0755540749681359,0.816006598229098,0.809756580453182,0.941609973343429,0.960864730389454
19.6619893148001,0.878945034182178,0.885415191911294,0.0626919205309618,0.0754594895051628,0.816253113651217,0.809955702406132,0.94163695471314,0.960874681416457
19.6680559576001,0.879081541250568,0.885519465241078,0.0625822440472278,0.0753650002190981,0.81649929720334,0.81015446502198,0.941663785297796,0.960884465460177
19.6741226004001,0.879217808596383,0.885623386585772,0.062472657277366,0.0752704785568843,0.816745151319017,0.810352908028887,0.941690465873749,0.960893865142656
19.6801892432001,0.879353837017634,0.885726905417092,0.0623631596948822,0.0751758501724722,0.816990677322751,0.810551055244619,0.941716996712516,0.960902755589564
19.6862558860001,0.879489627947929,0.885830024811898,0.0622537505358018,0.0750811159670854,0.817235877412128,0.810748908844813,0.941743378483731,0.960911140778984
19.6923225288001,0.879625182457217,0.885932747269588,0.0621444291718748,0.0749862771231162,0.817480753285342,0.810946470146472,0.941769611629092,0.960919024392704
19.6983891716001,0.879760501658445,0.886035076068229,0.0620351949585544,0.0748913344871876,0.817725306699891,0.811143741581042,0.941795696617,0.960926410555417
19.7044558144001,0.879895586939077,0.886137013672881,0.0619260471499507,0.0747962890685217,0.817969539789126,0.81134072460436,0.941821634089028,0.960933302741403
19.7105224572001,0.880030439097687,0.886238563208798,0.0618169852173688,0.0747011418996068,0.818213453880319,0.811537421309192,0.941847424315056,0.960939705108405
19.7165891000001,0.880165059725772,0.886339727452626,0.0617080083401265,0.0746058939626652,0.818457051385645,0.811733833489961,0.941873068065898,0.960945621415291
19.7226557428001,0.880299449635414,0.886440509190514,0.0615991159839905,0.0745105463110049,0.818700333651423,0.811929962879509,0.941898565619404,0.960951055501518
19.7287223856001,0.880433610248612,0.886540911496491,0.0614903073910607,0.0744150998481106,0.818943302857551,0.81212581164838,0.941923917639673,0.960956011344602
19.7347890284001,0.880567542641381,0.886640936881749,0.0613815819301647,0.0743195557559302,0.819185960711217,0.812321381125819,0.941949124571546,0.96096049263768
19.7408556712001,0.880701247926144,0.88674058860534,0.0612729389565263,0.0742239148772492,0.819428308969618,0.812516673728091,0.941974186882671,0.96096450348259
19.7469223140001,0.880834727485347,0.886839869155672,0.0611643777276372,0.0741281782334961,0.81967034975771,0.812711690922176,0.941999105212985,0.960968047389168
19.7529889568001,0.880967982128127,0.886938781636525,0.0610558977082683,0.0740323468428452,0.819912084419858,0.81290643479368,0.942023879836395,0.96097112847937
19.7590555996001,0.881101013432428,0.887037328838591,0.0609474980857066,0.0739364216986476,0.820153515346721,0.813100907139944,0.942048511518135,0.960973750537239
19.7651222424001,0.881233822224316,0.88713551354227,0.0608391783180321,0.0738404038472847,0.820394643906284,0.813295109694985,0.942073000542348,0.960975917389555
19.7711888852001,0.881366409914364,0.887233338818512,0.0607309376533143,0.0737442941943696,0.82063547226105,0.813489044624142,0.942097347567678,0.960977633012881
19.7772555280001,0.88149877758447,0.887330807190562,0.0606227754575629,0.0736480939215229,0.820876002126907,0.813682713269039,0.942121553042032,0.960978901112085
19.7833221708001,0.881630926346716,0.887427921898229,0.0605146910856677,0.0735518038675294,0.821116235261048,0.8138761180307,0.942145617432384,0.960979725765759
19.7893888136001,0.881762857578345,0.88752468545343,0.0604066837986063,0.0734554250662816,0.821356173779739,0.814069260387148,0.942169541376952,0.960980110519711
19.7954554564001,0.88189457209924,0.88762110093846,0.0602987530545122,0.0733589585214945,0.821595819044728,0.814262142416965,0.942193325153753,0.960980059459955
19.8015220992001,0.882026071473706,0.887717171157869,0.0601908980486922,0.0732624052375128,0.821835173425014,0.814454765920356,0.942216969522399,0.960979576395382
19.8075887420001,0.882157356541695,0.887812898886561,0.0600831182315931,0.0731657662539932,0.822074238310102,0.814647132632568,0.942240474773288,0.960978665140555
19.8136553848001,0.882288428702541,0.887908287192161,0.0599754128571481,0.0730690424785437,0.822313015845393,0.814839244713617,0.942263841559689,0.960977329670705
19.8197220276001,0.882419289043838,0.888003338610226,0.0598677812886553,0.0729722350925765,0.822551507755183,0.81503110351765,0.942287070332493,0.960975573702803
19.8257886704001,0.882549938677515,0.888098056361098,0.0597602228805648,0.0728753449307095,0.82278971579695,0.815222711430388,0.942310161558079,0.960973401291807
19.8318553132001,0.882680378975426,0.888192442980356,0.0596527368974449,0.0727783730395605,0.823027642077981,0.815414069940796,0.94233311587287,0.960970816019917
19.8379219560001,0.882810610768384,0.888286501528804,0.0595453227906865,0.0726813204082371,0.823265287977697,0.815605181120567,0.94235593355907,0.960967821937041
19.8439885988001,0.882940635606962,0.88838023482466,0.0594379797636695,0.0725841880519429,0.823502655843293,0.815796046772717,0.942378615370632,0.960964422876602
19.8500552416001,0.883070454344907,0.888473645637589,0.0593307072592593,0.0724869770038129,0.823739747085648,0.815986668633776,0.942401161604166,0.960960622641402
19.8561218844001,0.883200068370498,0.88856673703164,0.0592235045371488,0.0723896881733151,0.823976563833349,0.816177048858325,0.942423572907647,0.960956425204956
19.8621885272001,0.883329478776841,0.888659511554944,0.0591163709580284,0.0722923227417728,0.824213107818812,0.816367188813171,0.942445849734869,0.960951834296717
19.8682551700001,0.883458686675896,0.888751972408148,0.0590093058758032,0.0721948815394706,0.824449380800093,0.816557090868677,0.942467992551699,0.960946853947618
19.8743218128001,0.883587693433943,0.888844122150653,0.058902308558739,0.0720973656260141,0.824685384875204,0.816746756524639,0.942490001992682,0.960941487776667
19.8803884556001,0.883716499892913,0.888935963821759,0.0587953784513773,0.0719997759757539,0.824921121441535,0.816936187846006,0.94251187834429,0.960935739797513
19.8864550984001,0.883845107589551,0.889027500253165,0.0586885147652247,0.0719021136146193,0.825156592824326,0.817125386638546,0.942533622354775,0.960929613867785
19.8925217412001,0.883973517391306,0.889118734209554,0.0585817169356171,0.0718043795694248,0.825391800455689,0.81731435464013,0.942555234326923,0.960923113778979
19.8985883840001,0.88410173067559,0.889209668751152,0.058474984227902,0.0717065747513652,0.825626746447688,0.817503093999786,0.942576714903492,0.960916243502517
19.9046550268001,0.884229748540834,0.889300306438917,0.0583683160002677,0.0716087003417927,0.825861432540566,0.817691606097125,0.942598064541101,0.96090900678071
19.9107216696001,0.884357572099214,0.88939065045358,0.0582617116059691,0.0715107571664947,0.826095860493245,0.817879893287085,0.942619283705183,0.960901407620074
19.9167883124001,0.884485202711253,0.889480703378522,0.0581551703170743,0.0714127462983244,0.826330032394179,0.818067957080198,0.942640373028327,0.960893449676846
19.9228549552001,0.884612641230181,0.889570468231527,0.0580486915711707,0.0713146686967268,0.82656394965901,0.8182557995348,0.942661332801352,0.960885136928253
19.9289215980001,0.884739889178826,0.889659947857587,0.0579422745879432,0.0712165253982233,0.826797614590883,0.818443422459364,0.942682163766769,0.96087647325581
19.9349882408001,0.884866947438247,0.889749145016659,0.0578359187952526,0.0711183174235111,0.827031028642995,0.818630827593148,0.9427028662335,0.96086746244017
19.9410548836001,0.884993817375172,0.889838062764896,0.0577296234639938,0.0710200456853752,0.827264193911178,0.818818017079521,0.942723440839166,0.960858108450271
19.9471215264001,0.885120500093171,0.889926703676347,0.0576233879499595,0.0709217113653188,0.827497112143212,0.819004992311028,0.942743888043131,0.960848415041666
19.9531881692001,0.885246996704825,0.890015070911595,0.0575172116056488,0.0708233152844641,0.827729785099177,0.819191755627131,0.942764208310474,0.960838386196059
19.9592548120001,0.88537330856471,0.890103167078164,0.0574110937070375,0.0707248585291732,0.827962214857672,0.81937830854899,0.942784402271747,0.960828025607337
19.9653214548001,0.885499436537545,0.890190995172307,0.0573050336846528,0.0706263420438379,0.828194402852892,0.819564653128469,0.942804470222197,0.960817337216145
19.9713880976001,0.885625382132145,0.890278558052127,0.0571990307664114,0.070527766875437,0.828426351365733,0.81975079117669,0.942824412898556,0.960806324927564
19.9774547404001,0.885751146243086,0.890365858473104,0.0570930843727514,0.0704291340387528,0.828658061870335,0.819936724434351,0.942844230615838,0.960794992511857
19.9835213832001,0.885876730226598,0.890452899487074,0.0569871937800106,0.0703304444480276,0.828889536446588,0.820122455039047,0.942863924006609,0.960783343935102
19.9895880260001,0.886002135191209,0.890539683681434,0.0568813583416899,0.0702316992850321,0.829120776849519,0.820307984396402,0.942883493532899,0.960771382966466
19.9956546688001,0.886127362250084,0.890626214196395,0.056775577409428,0.0701328993660593,0.829351784840656,0.820493314830336,0.942902939659512,0.960759113562455
20.0017213116001,0.886252412751669,0.89071249366378,0.0566698502632138,0.0700340457912417,0.829582562488455,0.820678447872538,0.942922263014883,0.960746539455021
20.0077879544001,0.886377287572358,0.890798525058302,0.0565641763264095,0.0699351394897685,0.829813111245948,0.820863385568534,0.942941463898767,0.960733664548071
20.0138545972001,0.886501988206861,0.890884311250985,0.0564585548352154,0.069836181518942,0.830043433371645,0.821048129732043,0.942960543042076,0.960720492769927
20.0199212400001,0.886626515563178,0.890969854993091,0.0563529852027001,0.0697371728878321,0.830273530360478,0.821232682105259,0.942979500765878,0.960707027880923
20.0259878828001,0.886750870987225,0.891055159331889,0.0562474667105378,0.0696381145120033,0.830503404276688,0.821417044819885,0.942998337697763,0.960693273843892
20.0320545256001,0.886875055592301,0.89114022686838,0.0561419987100449,0.0695390075736143,0.830733056882256,0.821601219294766,0.943017054302346,0.960679234441995
20.0381211684001,0.886999070492345,0.891225060722182,0.0560365805518932,0.069439852883963,0.830962489940452,0.821785207838219,0.943035651044238,0.960664913606145
20.0441878112001,0.887122917029486,0.891309663549571,0.0559312115201899,0.0693406515572116,0.831191705509296,0.82196901199236,0.943054128549676,0.960650315106783
20.0502544540001,0.887246596091976,0.891394038303714,0.055825891031027,0.0692414045072,0.831420705060949,0.822152633796514,0.943072487123003,0.960635442810914
20.0563210968001,0.887370109160329,0.891478187868364,0.0557206183289415,0.0691421128014198,0.831649490831388,0.822336075066944,0.94309072748927,0.960620300669784
20.0623877396001,0.887493457155877,0.891562114990821,0.0556153928196841,0.06904277744343,0.831878064336193,0.822519337547391,0.943108849975561,0.960604892434251
20.0684543824001,0.887616641414407,0.89164582271354,0.0555102137901619,0.0689433993499844,0.832106427624245,0.822702423363556,0.943126855204569,0.960589222063524
20.0745210252001,0.887739663053804,0.891729313651387,0.0554050805896107,0.0688439797037474,0.832334582464193,0.822885333947639,0.943144743643415,0.960573293355134
20.0805876680001,0.887862523188963,0.891812590903157,0.05529999256763,0.0687445193108558,0.832562530621333,0.823068071592301,0.943162515756593,0.960557110214013
20.0866543108001,0.887985223155515,0.89189565714974,0.0551949490125514,0.0686450192997645,0.832790274142964,0.823250637849976,0.943180172168067,0.960540676449505
20.0927209536001,0.888107766907597,0.891978518376585,0.0550899536518762,0.0685454848875996,0.83301781325572,0.823433033488986,0.943197720559473,0.960524003264185
20.0987875964001,0.88823016582489,0.89206118739345,0.0549850197582779,0.0684459311716549,0.833245146066612,0.823615256221795,0.943215185583168,0.960507118565105
20.1048542392001,0.888352420876525,0.892143666978482,0.054880146779115,0.0683463591990537,0.83347227409741,0.823797307779428,0.94323256765564,0.960490026177536
20.1109208820001,0.888474532523265,0.892225959303996,0.0547753327830127,0.068246768664196,0.833699199740253,0.8239791906398,0.943249865306278,0.960472727968192
20.1169875248001,0.888596501039277,0.892308066150861,0.0546705759178106,0.0681471595509502,0.833925925121466,0.824160906599911,0.943267076957088,0.960455225701811
20.1230541676001,0.888718326691845,0.892389989748072,0.0545658743316135,0.0680475314598093,0.834152452360232,0.824342458288262,0.943284201023459,0.960437521207881
20.1291208104001,0.888840009947757,0.892471731939133,0.054461226097806,0.0679478843145037,0.834378783849951,0.824523847624629,0.943301236045563,0.960419616253636
20.1351874532001,0.888961550882533,0.892553294797076,0.0543566294339242,0.0678482178140294,0.834604921448609,0.824705076983047,0.943318180316457,0.960401512611106
20.1412540960001,0.889082950080062,0.892634680362606,0.0542520823738644,0.0677485318183824,0.834830867706197,0.824886148544224,0.943335032453926,0.960383212180989
20.1473207388001,0.889204207647231,0.89271589053503,0.0541475831197883,0.0676488261315946,0.835056624527443,0.825067064403435,0.943351790767019,0.960364716666625
20.1533873816001,0.889325324041007,0.89279692748731,0.054043129753766,0.0675491004574096,0.835282194287241,0.825247827029901,0.943368453794773,0.96034602794472
20.1594540244001,0.889446299537843,0.892877793012772,0.0539387204190489,0.0674493547777228,0.835507579118794,0.825428438235049,0.943385019956892,0.960327147790494
20.1655206672001,0.889567134404246,0.892958489317028,0.0538343532594745,0.0673495886845493,0.835732781144772,0.825608900632478,0.943401487663721,0.960308078001577
20.1715873100001,0.889687829106273,0.893039018274656,0.0537300263615493,0.0672498021251204,0.835957802744724,0.825789216149536,0.943417855467822,0.960288820399777
20.1776539528001,0.889808383721683,0.893119381926931,0.0536257379208327,0.0671499947682474,0.83618264580085,0.825969387158683,0.943434121642515,0.960269376695178
20.1837205956001,0.889928798830993,0.893199582337829,0.0535214859954187,0.0670501664994151,0.836407312835574,0.826149415838414,0.943450284826412,0.960249748837244
20.1897872384001,0.890049074545219,0.893279621394534,0.0534172687676845,0.0669503171051283,0.836631805777535,0.826329304289406,0.943466343312904,0.960229938499663
20.1958538812001,0.890169211317577,0.893359501270273,0.0533130843328503,0.0668504462981497,0.836856126984726,0.826509054972124,0.943482295650427,0.960209947568423
20.2019205240001,0.890289209426759,0.893439223771221,0.0532089308298729,0.0667505540587078,0.837080278596886,0.826688669712514,0.943498140256632,0.960189777829929
20.2079871668001,0.890409069138543,0.893518791079249,0.0531048063980285,0.0666506399699872,0.837304262740515,0.826868151109262,0.943513875536572,0.960169431049236
20.2140538096001,0.890528790918206,0.893598205100301,0.0530007091372412,0.0665507040031701,0.837528081780965,0.827047501097131,0.943529500055447,0.960148909103471
20.2201204524001,0.890648374845796,0.893677467843746,0.0528966372207971,0.0664507457965437,0.837751737624999,0.827226722047202,0.943545012066593,0.96012821364029
20.2261870952001,0.890767821498436,0.893756581396717,0.0527925887311357,0.0663507652610444,0.8379752327673,0.827405816135672,0.943560410229571,0.960107346657761
20.2322537380001,0.890887130991239,0.893835547634592,0.0526885618309986,0.066250762165946,0.838198569160241,0.827584785468646,0.943575692822238,0.960086309800538
20.2383203808001,0.891006303773725,0.893914368730482,0.0525845546284598,0.066150736232706,0.838421749145265,0.827763632497776,0.943590858402184,0.960065104963188
20.2443870236001,0.891125340126775,0.893993046503807,0.0524805652584776,0.0660506874401959,0.838644774868298,0.827942359063611,0.943605905385253,0.960043733944002
20.2504536664001,0.891244240315487,0.894071583112276,0.0523765918554707,0.0659506153623333,0.838867648460016,0.828120967749943,0.943620832170957,0.96002219847461
20.2565203092001,0.891363004804307,0.894149980493663,0.0522726325330764,0.0658505199949432,0.839090372271231,0.82829946049872,0.943635637337384,0.960000500488607
20.2625869520001,0.891481633675625,0.894228240625118,0.0521686854420117,0.0657504009452091,0.839312948233613,0.828477839679909,0.943650319117637,0.959978641570328
20.2686535948001,0.891600127503139,0.894306365616864,0.0520647486892107,0.0656502581495603,0.839535378813928,0.828656107467304,0.94366487619235,0.959956623766424
20.2747202376001,0.891718486406042,0.894384357332799,0.0519608204179263,0.0655500913603384,0.839757665988116,0.828834265972461,0.943679306823968,0.959934448693138
20.2807868804001,0.891836710830202,0.894462217923427,0.0518568987487899,0.0654499003386328,0.839979812081412,0.829012317584794,0.943693609578992,0.95991211826206
20.2868535232001,0.891954801058641,0.894539947656573,0.0517529818130581,0.0653496872758395,0.840201819245583,0.829190260380734,0.943707782871699,0.959889634932413
20.2929201660001,0.892072757355827,0.894617528196881,0.0516490677399958,0.0652494806833389,0.840423689615831,0.829368047513542,0.943721825095823,0.959867008880219
20.2989868088001,0.892190580185327,0.894694954006567,0.05154515465725,0.0651492911989439,0.840645425528077,0.829545662807623,0.943735734842577,0.959844245205511
20.3050534516001,0.892308269631918,0.894772226871063,0.051441240692672,0.0650491186243194,0.840867028939246,0.829723108246744,0.94374951032459,0.959821345495383
20.3111200944001,0.892425826265854,0.894849348733774,0.0513373239778384,0.0649489631895658,0.841088502288016,0.829900385544208,0.943763150243692,0.959798311923339
20.3171867372001,0.892543250210377,0.89492632132403,0.0512334026366623,0.0648488248049138,0.841309847573715,0.830077496519116,0.94377665284704,0.959775146128944
20.3232533800001,0.892660541907759,0.89500314659285,0.0511294748020353,0.0647487035203634,0.841531067105723,0.830254443072487,0.943790016709794,0.959751850113214
20.3293200228001,0.892777701643109,0.895079826275732,0.0510255386018093,0.0646485994708162,0.841752163041299,0.830431226804916,0.943803240244918,0.959728425746549
20.3353866656001,0.892894729680315,0.895156362282459,0.050921592159799,0.0645485124920418,0.841973137520516,0.830607849790417,0.943816321840114,0.959704874774501
20.3414533084001,0.893011626482015,0.89523275646383,0.0508176336179569,0.0644484428426822,0.842193992864058,0.830784313621147,0.943829260099972,0.959681199306512
20.3475199512001,0.893128392135426,0.895309010573687,0.0507136610809731,0.0643483902928418,0.842414731054453,0.830960620280845,0.9438420532164,0.959657400866529
20.3535865940001,0.893245027207331,0.895385126576969,0.0506096727052144,0.0642483550993894,0.842635354502117,0.83113677147758,0.943854699912545,0.959633481676358
20.3596532368001,0.893361531824996,0.89546110619386,0.050505666595401,0.0641483371538326,0.842855865229595,0.831312769040027,0.943867198420397,0.959609443347692
20.3657198796001,0.893477906427145,0.895536951372071,0.0504016408963913,0.0640483365167764,0.843076265530754,0.831488614855295,0.943879547323537,0.959585287888848
20.3717865224001,0.893594151300927,0.895612663863373,0.0502975937329262,0.0639483533200814,0.843296557568001,0.831664310543292,0.943891745033853,0.959561017183455
20.3778531652001,0.893710266709701,0.895688245551502,0.0501935232230753,0.0638483873911506,0.843516743486626,0.831839858160351,0.943903789932776,0.959536632942652
20.3839198080001,0.893826253115123,0.895763698319435,0.0500894275233924,0.063748439012883,0.84373682559173,0.832015259306552,0.943915680638515,0.959512137332318
20.3899864508001,0.893942110606901,0.895839023889635,0.0499853047151099,0.0636485079239453,0.843956805891791,0.832190515965689,0.943927415322011,0.95948753181358
20.3960530936001,0.89405783974832,0.895914224248329,0.0498811529795331,0.0635485944077928,0.844176686768787,0.832365629840536,0.943938992727853,0.959462818656121
20.4021197364001,0.894173440670649,0.895989301106879,0.0497769704023386,0.0634486983375015,0.84439647026831,0.832540602769377,0.943950411072987,0.95943799944438
20.4081863792001,0.894288913809112,0.896064256409318,0.0496727551400528,0.0633488197839435,0.844616158669059,0.832715436625374,0.943961668949165,0.959413076193261
20.4142530220001,0.894404259452847,0.896139091924066,0.0495685053146046,0.0632489588762693,0.844835754138243,0.832890133047796,0.943972764767452,0.959388050800335
20.4203196648001,0.894519477864735,0.896213809508577,0.0494642190380198,0.0631491154333001,0.845055258826715,0.833064694075277,0.943983696902755,0.959362924941877
20.4263863076001,0.8946345695054,0.896288411077952,0.0493598944817513,0.0630492897621805,0.845274675023648,0.833239121315771,0.943994463987151,0.959337700840132
20.4324529504001,0.894749534467091,0.896362898323477,0.0492555297032775,0.0629494815702625,0.845494004763814,0.833413416753214,0.944005064170369,0.95931237989374
20.4385195932001,0.894864373309572,0.896437273252422,0.0491511229089899,0.0628496911674102,0.845713250400582,0.833587582085011,0.944015496218562,0.959286964419832
20.4445862360001,0.894979086168085,0.896511537567656,0.0490466721656692,0.062749918408553,0.845932414002416,0.833761619159103,0.944025758333754,0.959261455976209
20.4506528788001,0.89509367347441,0.896585693209158,0.048942175641215,0.0626501633744979,0.846151497833195,0.83393552983466,0.944035849115625,0.959235856583656
20.4567195216001,0.895208135519619,0.896659741962378,0.0488376314550385,0.0625504261920136,0.846370504064581,0.834109315770364,0.944045766974658,0.959210168154391
20.4627861644001,0.895322472566168,0.896733685658256,0.0487330377128276,0.0624507066711233,0.84658943485334,0.834282978987132,0.944055510278995,0.959184392329379
20.4688528072001,0.895436685073597,0.89680752624395,0.0486283926012291,0.062351005143208,0.846808292472368,0.834456521100742,0.944065077674826,0.959158531387158
20.4749194500001,0.895550773136749,0.896881265379782,0.0485236941536709,0.0622513212844282,0.847027078983078,0.834629944095354,0.94407446729042,0.959132586664211
20.4809860928001,0.895664737311838,0.896954905093816,0.0484189406017796,0.0621516554308752,0.847245796710058,0.834803249662941,0.944083677913617,0.959106560524692
20.4870527356001,0.895778577738056,0.897028447080761,0.0483141299935884,0.0620520074196219,0.847464447744468,0.834976439661139,0.944092707731645,0.959080454500383
20.4931193784001,0.895892294843789,0.897101893276162,0.0482092605080726,0.0619523773410735,0.847683034335716,0.835149515935088,0.944101555351861,0.959054270617235
20.4991860212001,0.896005888921994,0.897175245482879,0.0481043302624236,0.0618527653199475,0.84790155865957,0.835322480162931,0.944110219184418,0.959028010802826
20.5052526640001,0.896119360234749,0.897248505505105,0.0479993373556935,0.0617531711572536,0.848120022879056,0.835495334347852,0.944118697590443,0.959001676662359
20.5113193068001,0.896232709240464,0.897321675321998,0.0478942799900198,0.0616535952085987,0.848338429250445,0.8356680801134,0.944126989230484,0.958975270530597
20.5173859496001,0.896345936036623,0.89739475656312,0.0477891561744849,0.0615540371190756,0.848556779862138,0.835840719444044,0.944135092211108,0.958948793682195
20.5234525924001,0.896459041175867,0.897467751277082,0.0476839641660975,0.0614544972508215,0.848775077009769,0.836013254026261,0.944143005341964,0.958922248527904
20.5295192352001,0.896572024801313,0.897540661150763,0.0475787019942908,0.0613549754233415,0.848993322807022,0.836185685727421,0.944150726795603,0.958895636574104
20.5355858780001,0.896684887337999,0.897613488114897,0.0474733678488211,0.0612554717363041,0.849211519489178,0.836358016378593,0.944158255186821,0.958868959851202
20.5416525208001,0.896797629080722,0.897686233990138,0.0473679598449544,0.0611559863127054,0.849429669235767,0.836530247677432,0.944165588925676,0.958842220302843
20.5477191636001,0.896910250291231,0.89775890053376,0.0472624760748124,0.0610565189725186,0.849647774216419,0.836702381561242,0.944172726366043,0.958815419506279
20.5537858064001,0.897022750158641,0.897831487967402,0.0471569165497005,0.0609570726262405,0.84986583360894,0.836874415341161,0.944179666708341,0.958788560593642
20.5598524492001,0.897135088421889,0.897903958655986,0.0470513363334715,0.0608577023733985,0.850083752088417,0.837046256282588,0.94418642475536,0.958761661029385
20.5659190920001,0.897247245722381,0.897976294131779,0.0469457618623148,0.0607584376452052,0.850301483860066,0.837217856486574,0.944193007584696,0.958734731776984
20.5719857348001,0.897359221180089,0.898048495098909,0.0468401925996731,0.0606592796230863,0.850519028580416,0.837389215475823,0.944199413779762,0.958707774721995
20.5780523776001,0.897471014332472,0.898120562623438,0.0467346279963517,0.0605602296311451,0.850736386336121,0.837560332992293,0.944205642328824,0.958680792254583
20.5841190204001,0.897582624526589,0.898192497484157,0.0466290675088175,0.0604612892900926,0.850953557017772,0.837731208194064,0.944211692035406,0.958653786774249
20.5901856632001,0.897694051053742,0.898264300617979,0.0465235105939958,0.0603624595321405,0.851170540459746,0.837901841085838,0.944217561647738,0.958626760150119
20.5962523060001,0.897805293508807,0.89833597304295,0.0464179567036949,0.0602637422107788,0.851387336805112,0.838072230832172,0.944223250212501,0.958599715253729
20.6023189488001,0.897916350933605,0.898407515435885,0.0463124052980373,0.0601651381706078,0.851603945635568,0.838242377265277,0.944228756231643,0.958572653606492
20.6083855916001,0.898027223065567,0.898478928944713,0.046206855827912,0.0600666491561468,0.851820367237655,0.838412279788566,0.944234078893479,0.95854557810086
20.6144522344001,0.898137909019479,0.89855021426211,0.0461013077512678,0.0599682763378828,0.852036601268211,0.838581937924227,0.944239216770747,0.958518490599993
20.6205188772001,0.898248408334431,0.898621372457121,0.0459957605222073,0.0598700210364328,0.852252647812223,0.838751351420688,0.944244168856638,0.958491393493554
20.6265855200001,0.89835872035878,0.898692404314197,0.0458902135964774,0.0597718848896712,0.852468506762302,0.838920519424526,0.944248933955257,0.958464289203869
20.6326521628001,0.898468844379598,0.898763310755707,0.0457846664291465,0.0596738688019036,0.852684177950451,0.839089441953803,0.944253510808744,0.95843717955761
20.6387188056001,0.898578779998922,0.898834092823014,0.0456791184764575,0.0595759746628335,0.852899661522465,0.83925811816018,0.944257898475379,0.958410067485847
20.6447854484001,0.898688526248484,0.898904751166961,0.0455735691915206,0.0594782032804714,0.853114957056963,0.839426547886489,0.944262095440004,0.958382954447432
20.6508520912001,0.898798082875128,0.898975286955384,0.045468018032575,0.0593805564247075,0.853330064842552,0.839594730530677,0.944266100907703,0.958355843380092
20.6569187340001,0.898907448988506,0.899045700869756,0.0453624644521203,0.0592830352554873,0.853544984536386,0.839762665614268,0.944269913440626,0.958328736125243
20.6629853768001,0.899016624129237,0.899115993981804,0.0452569079074696,0.0591856410894992,0.853759716221767,0.839930352892304,0.944273532036707,0.958301635071303
20.6690520196001,0.89912560764708,0.899186167081944,0.0451513478537361,0.0590883755822173,0.853974259793344,0.840097791499726,0.944276955500816,0.958274542664161
20.6751186624001,0.899234398824775,0.899256221077804,0.045045783744045,0.058991239609772,0.85418861508073,0.840264981468032,0.94428018256882,0.958247460687576
20.6811853052001,0.899342997271621,0.899326157034045,0.0449402150391597,0.0588942350980146,0.854402782232462,0.84043192193603,0.944283212310781,0.958220392132059
20.6872519480001,0.899451402009158,0.899395975575668,0.0448346411850924,0.058797362818599,0.854616760824066,0.840598612757069,0.944286043194251,0.958193338394267
20.6933185908001,0.899559612793696,0.899465677890245,0.0447290616474762,0.0587006245664985,0.85483055114622,0.840765053323746,0.944288674441173,0.958166302456743
20.6993852336001,0.899667628729802,0.899535264648297,0.044623475873402,0.0586040214915097,0.8550441528564,0.840931243156787,0.944291104603204,0.958139286139807
20.7054518764001,0.899775449359526,0.899604736923937,0.0445178833233104,0.0585075549059546,0.855257566036215,0.841097182017982,0.944293332682836,0.958112291829891
20.7115185192001,0.899883074034123,0.899674095513848,0.0444122834517654,0.0584112264833414,0.855470790582358,0.841262869030506,0.944295357485889,0.958085321997189
20.7175851620001,0.899990502031909,0.899743341310722,0.0443066757098628,0.0583150370713556,0.855683826322046,0.841428304239366,0.944297177741772,0.958058378382077
20.7236518048001,0.900097732969538,0.899812475402495,0.0442010595629734,0.0582189886319334,0.855896673406564,0.841593486770561,0.944298792532511,0.958031464034428
20.7297184476001,0.900204765858262,0.899881498388458,0.0440954344499241,0.0581230819006012,0.856109331408338,0.841758416487857,0.944300200308186,0.958004580289059
20.7357850904001,0.900311600463908,0.899950411475747,0.0439897998437857,0.058027318697129,0.856321800620122,0.841923092778618,0.944301400307693,0.957977730172876
20.7418517332001,0.900418235886002,0.900019215324187,0.0438841551862849,0.0579317001615609,0.856534080699717,0.842087515162627,0.944302391072287,0.957950915485748
20.7479183760001,0.90052467166793,0.900087911009973,0.0437784999409012,0.0578362276014095,0.856746171727029,0.842251683408564,0.944303171608832,0.957924138611383
20.7539850188001,0.900630907162545,0.900156499336362,0.0436728335617364,0.0577409027086534,0.856958073600808,0.842415596627708,0.944303740724281,0.957897402045015
20.7600516616001,0.900736941643633,0.900224981180914,0.0435671554977713,0.057645726302265,0.857169786145861,0.842579254878649,0.944304097141404,0.957870707483179
20.7661183044001,0.900842774735305,0.900293357654816,0.0434614652190693,0.0575507003801987,0.857381309516236,0.842742657274618,0.944304239954374,0.957844058035015
20.7721849472001,0.90094840543843,0.900361629331784,0.0433557621571876,0.0574558256420884,0.857592643281243,0.842905803689696,0.944304167595618,0.957817454973872
20.7782515900001,0.901053833528395,0.900429797438343,0.043250045792676,0.05736110393221,0.857803787735719,0.843068693506133,0.944303879321071,0.957790901370553
20.7843182328001,0.90115905809974,0.900497862623879,0.0431443155619404,0.0572665363812505,0.8580147425378,0.843231326242629,0.94430337366168,0.95776439900513
20.7903848756001,0.901264078697085,0.900565825966366,0.0430385709314131,0.0571721242914736,0.858225507765672,0.843393701674892,0.944302649628498,0.95773795025784
20.7964515184001,0.901368894674977,0.900633688275939,0.0429328113548206,0.0570778693737633,0.858436083320157,0.843555818902176,0.944301706029798,0.957711557649702
20.8025181612001,0.90147350530258,0.900701450414832,0.0428270362789419,0.0569837724181102,0.858646469023638,0.843717677996722,0.944300541581522,0.957685222832942
20.8085848040001,0.901577910211558,0.900769113517463,0.0427212451786195,0.056889835458422,0.858856665032939,0.843879278059041,0.944299155390178,0.957658948975885
20.8146514468001,0.901682108392296,0.900836678132098,0.0426154374780536,0.0567960591586706,0.859066670914243,0.844040618973427,0.94429754587035,0.957632737290769
20.8207180896001,0.901786099629792,0.900904145504485,0.0425096126653179,0.0567024453873514,0.859276486964475,0.844201700117134,0.94429571229511,0.957606590891837
20.8267847324001,0.901889883013649,0.900971516273824,0.0424037701715392,0.0566089952661895,0.85948611284211,0.844362521007635,0.944293653185189,0.957580511540014
20.8328513752001,0.901993458089624,0.901038791519567,0.0422979094660175,0.0565157100917572,0.859695548623607,0.84452308142781,0.944291367555642,0.957554501611324
20.8389180180001,0.902096824214055,0.901105940339039,0.0421920300021895,0.0564225467354375,0.859904794211866,0.844683393603601,0.944288854216245,0.957528487074476
20.8449846608001,0.902199980651386,0.901172876522489,0.042086131224546,0.0563293828415398,0.86011384942684,0.844843493680949,0.944286111875932,0.957502259364029
20.8510513036001,0.902302927040931,0.90123959463983,0.0419802126127954,0.0562362111634268,0.860322714428135,0.845003383476404,0.944283139653726,0.957475805803257
20.8571179464001,0.902405662362494,0.901306094049743,0.0418742735836945,0.0561430306831147,0.860531388778799,0.845163063366628,0.944279935946188,0.957449124732857
20.8631845892001,0.902508186410734,0.901372374471116,0.0417683136328833,0.0560498411067843,0.86073987277785,0.845322533364332,0.944276500043617,0.957422215577901
20.8692512320001,0.902610498270364,0.901438435200463,0.0416623321862537,0.0559566416627956,0.860948166084111,0.845481793537667,0.944272830456618,0.957395076863258
20.8753178748001,0.902712597488181,0.901504275944738,0.0415563287158863,0.0558634316989185,0.861156268772294,0.845640844245819,0.944268926204067,0.957367707643656
20.8813845176001,0.902814483422413,0.901569896020009,0.0414503026750143,0.0557702108314819,0.861364180747398,0.845799685188528,0.944264786097427,0.957340106851491
20.8874511604001,0.902916155332683,0.901635295051375,0.0413442535057552,0.0556769780863085,0.861571901826928,0.845958316965067,0.944260408838438,0.957312273137684
20.8935178032001,0.903017612866056,0.901700472563288,0.0412381806927682,0.0555837332265749,0.861779432173288,0.846116739336713,0.944255793558824,0.957284205789863
20.8995844460001,0.903118854991657,0.901765427905814,0.0411320836452812,0.0554904752225358,0.861986771346375,0.846274952683278,0.944250938636938,0.95725590312835
20.9056510888001,0.903219881513854,0.901830160806764,0.0410259618665434,0.0553972037899263,0.86219391964731,0.846432957016838,0.944245843380397,0.95722736459669
20.9117177316001,0.903320691512518,0.901894670556316,0.0409198147772546,0.055303918153683,0.862400876735264,0.846590752402633,0.944240506289773,0.957198588709999
20.9177843744001,0.90342128453539,0.901958956865316,0.0408136418521904,0.0552106176599545,0.862607642683199,0.846748339205362,0.94423492638758,0.957169574525271
20.9238510172001,0.903521659942684,0.902023019048518,0.040707442544467,0.0551173019302538,0.862814217398217,0.846905717118264,0.944229102487151,0.957140320978772
20.9299176600001,0.903621816989106,0.902086856729129,0.0406012162937407,0.0550239699826236,0.863020600695365,0.847062886746505,0.944223033282847,0.957110826711752
20.9359843028001,0.903721755329569,0.902150469436989,0.0404949625897089,0.0549306215901277,0.86322679273986,0.847219847846861,0.944216717919278,0.957081091027117
20.9420509456001,0.903821473922419,0.90221385651346,0.0403886808339849,0.0548372557111808,0.863432793088434,0.847376600802279,0.944210154756404,0.957051112224641
20.9481175884001,0.903920972581785,0.902277017695322,0.0402823705374694,0.0547438720710959,0.863638602044316,0.847533145624226,0.944203343119255,0.957020889766418
20.9541842312001,0.904020250382746,0.902339952266451,0.0401760311157138,0.0546504698914691,0.863844219267032,0.847689482374982,0.94419628149846,0.95699042215792
20.9602508740001,0.904119306873884,0.902402659941468,0.0400696620461019,0.054557048516755,0.864049644827782,0.847845611424713,0.944188968919986,0.956959708458223
20.9663175168001,0.904218141417501,0.902465140034016,0.0399632627817187,0.0544636075736016,0.864254878635783,0.848001532460414,0.94418140419922,0.956928747607617
20.9723841596001,0.904316753263289,0.902527392165202,0.0398568327596743,0.0543701460723335,0.864459920503614,0.848157246092868,0.944173586022963,0.956897538237535
20.9784508024001,0.904415142074103,0.902589415870384,0.03975037147479,0.0542766637959354,0.864664770599313,0.848312752074449,0.944165513548893,0.95686607966632
20.9845174452001,0.904513306797416,0.90265121048213,0.0396438783209775,0.0541831596908993,0.864869428476438,0.848468050791231,0.944157185118393,0.95683437017303
20.9905840880001,0.904611247257163,0.90271277574624,0.0395373528168335,0.0540896334921416,0.865073894440329,0.848623142254098,0.944148600073996,0.956802409238381
20.9966507308001,0.904708962523681,0.902774110940319,0.0394307943728028,0.0539960844180016,0.865278168150878,0.848778026522318,0.944139756896484,0.956770195358321
21.0027173736001,0.904806452146298,0.902835215782682,0.0393242024687917,0.053902511811116,0.865482249677506,0.848932703971566,0.94413065461509,0.956737727593798
21.0087840164001,0.904903715489501,0.902896089585953,0.0392175765579407,0.0538089153033735,0.86568613893156,0.849087174282579,0.944121292047442,0.956705004889326
21.0148506592001,0.905000751797865,0.902956731969044,0.0391109160747271,0.0537152938972869,0.865889835723138,0.849241438071757,0.944111667872592,0.956672025866331
21.0209173020001,0.905097560742291,0.903017142472925,0.0390042205191823,0.0536216473858458,0.866093340223109,0.849395495087079,0.944101781261474,0.95663878985877
21.0269839448001,0.905194141259279,0.903077320421276,0.0388974892774304,0.0535279747035394,0.866296651981849,0.849549345717737,0.94409163053671,0.956605295124816
21.0330505876001,0.90529049318262,0.903137265568968,0.0387907218758064,0.0534342755949121,0.866499771306814,0.849702989974056,0.944081215058427,0.95657154116388
21.0391172304001,0.905386615577957,0.903196977187373,0.0386839177196927,0.0533405492751279,0.866702697858265,0.849856427912245,0.94407053329765,0.956537526462501
21.0451838732001,0.905482507995266,0.903256454998408,0.0385770762914313,0.0532467950848867,0.866905431703835,0.850009659913521,0.944059584286698,0.956503250083295
21.0512505160001,0.905578169801315,0.90331569831378,0.0384701970443046,0.0531530126614185,0.867107972757011,0.850162685652362,0.94404836684562,0.956468710975198
21.0573171588001,0.905673600235469,0.903374706750107,0.0383632794100705,0.0530592009993317,0.867310320825398,0.850315505750775,0.944036879645539,0.956433907749439
21.0633838016001,0.905768798976769,0.903433479854061,0.0382563228940575,0.0529653599017069,0.867512476082711,0.850468119952354,0.944025121870826,0.956398839755768
21.0694504444001,0.905863764950644,0.903492016940348,0.0381493268745148,0.052871488290949,0.867714438076129,0.850620528649399,0.944013091825159,0.956363505231297
21.0755170872001,0.905958498000792,0.903550317772959,0.0380422908855599,0.0527775859212551,0.867916207115232,0.850772731851704,0.944000788886352,0.956327903694214
21.0815837300001,0.906052997188209,0.903608381617062,0.0379352143275549,0.0526836520046976,0.868117782860654,0.850924729612365,0.943988211515764,0.95629203362176
21.0876503728001,0.906147262063422,0.903666208198096,0.0378280966851926,0.0525896858799158,0.868319165378229,0.85107652231818,0.943975358748614,0.956255894078012
21.0937170156001,0.906241291995579,0.903723796826948,0.037720937411982,0.0524956871895844,0.868520354583597,0.851228109637364,0.943962229407561,0.956219484016532
21.0997836584001,0.906335086218734,0.903781147117841,0.0376137359368765,0.0524016549203173,0.868721350281858,0.851379492197524,0.94394882215561,0.956182802038158
21.1058503012001,0.90642864442017,0.903838258623244,0.0375064917705868,0.0523075888853676,0.868922152649583,0.851530669737876,0.943935136190756,0.956145847508611
21.1119169440001,0.906521965514145,0.903895130648797,0.0373992042834025,0.0522134879949772,0.869122761230742,0.851681642653819,0.943921169797547,0.956108618643774
21.1179835868001,0.906615049354311,0.903951762967663,0.0372918730172653,0.05211935201302,0.869323176337045,0.851832410954643,0.943906922371576,0.956071114980683
21.1240502296001,0.90670789499707,0.904008154838837,0.0371844973675615,0.052025180148559,0.869523397629508,0.851982974690278,0.943892392364631,0.956033334987397
21.1301168724001,0.906800501993399,0.904064305991198,0.0370770768212466,0.0519309717380516,0.869723425172153,0.852133334253146,0.943877578814646,0.955995277729249
21.1361835152001,0.906892869714925,0.904120215734908,0.0369696108321444,0.0518367264297203,0.869923258882781,0.852283489305188,0.94386248054707,0.955956942164629
21.1422501580001,0.906984997390295,0.904175883681697,0.036862098826316,0.0517424432020912,0.870122898563979,0.852433440479606,0.943847096216611,0.955918326883788
21.1483168008001,0.907076884715127,0.904231309389924,0.0367545403199418,0.0516481218786762,0.870322344395185,0.852583187511248,0.943831425035069,0.9558794312686
21.1543834436001,0.907168530592414,0.904286492156073,0.0366469346752646,0.0515537613574725,0.87052159591715,0.852732730798601,0.943815465267679,0.955840253513546
21.1604500864001,0.907259934885812,0.904341431762529,0.0365392814420943,0.0514593614120547,0.870720653443717,0.852882070350475,0.943799216327906,0.955800793174584
21.1665167292001,0.907351096647174,0.90439612746215,0.036431580010883,0.0513649212485601,0.870919516636291,0.85303120621359,0.943782676658057,0.95576104871071
21.1725833720001,0.907442015427832,0.904450578987163,0.0363238298707648,0.0512704402011419,0.871118185557067,0.853180138786021,0.943765845298597,0.955721019188305
21.1786500148001,0.907532690601988,0.904504785647111,0.0362160304759627,0.0511759179236743,0.871316660126026,0.853328867723437,0.943748721077951,0.955680703570785
21.1847166576001,0.907623121392785,0.904558747051126,0.0361081812495606,0.0510813533865023,0.871514940143224,0.853477393664624,0.943731302642346,0.955640100437629
21.1907833004001,0.907713307504276,0.904612462763553,0.0360002817132937,0.0509867464234817,0.871713025790982,0.853625716340071,0.943713589217569,0.955599209187034
21.1968499432001,0.907803247828087,0.904665932071628,0.0358923312212725,0.0508920959202828,0.871910916606815,0.853773836151345,0.94369557904936,0.955558027991911
21.2029165860001,0.907892942237928,0.90471915476701,0.0357843293312181,0.050797401660208,0.87210861290671,0.853921753106802,0.943677271569146,0.955516556427218
21.2089832288001,0.907982389781155,0.90477213009645,0.0356762754286915,0.0507026628465497,0.872306114352463,0.8540694672499,0.943658665209846,0.955474792943
21.2150498716001,0.908071590009354,0.904824857795444,0.0355681690049187,0.0506078788110358,0.872503421004436,0.854216978984409,0.943639759014273,0.95543273660648
21.2211165144001,0.908160542299403,0.904877337173007,0.0354600095146087,0.0505130492132949,0.872700532784794,0.854364287959712,0.943620551814012,0.955390386386302
21.2271831572001,0.908249245868839,0.904929567835579,0.0353517963777818,0.0504181730153989,0.872897449491057,0.85451139482018,0.943601042246621,0.955347740850978
21.2332498000001,0.908337700430249,0.90498154935358,0.0352435291218144,0.0503232500616321,0.873094171308434,0.854658299291948,0.943581229552063,0.955304799415212
21.2393164428001,0.908425904863797,0.905033281004912,0.0351352070925982,0.0502282792252575,0.873290697771199,0.854805001779655,0.943561111956396,0.95526156023017
21.2453830856001,0.908513859053294,0.905084762590556,0.0350268298558079,0.0501332602993275,0.873487029197487,0.854951502291229,0.943540688909102,0.955218022889884
21.2514497284001,0.908601562041646,0.905135993351188,0.0349183967921584,0.0500381924843763,0.873683165249488,0.855097800866812,0.943519958833805,0.955174185835565
21.2575163712001,0.908689014291015,0.905186973935906,0.0348099086824004,0.049943076397102,0.873879105608614,0.855243897538804,0.943498922973415,0.955130050333008
21.2635830140001,0.9087762390045,0.905237727476746,0.0347013986732681,0.0498479453944454,0.874074840331232,0.8553897820823,0.943477637677768,0.955085672871191
21.2696496568001,0.908863246502502,0.905288264685918,0.0345928818915104,0.0497528141399893,0.874270364610991,0.855535450545929,0.943456128394012,0.955041078825907
21.2757162996001,0.908950037036735,0.905338585670513,0.0344843586204683,0.0496576832387687,0.874465678416267,0.855680902431744,0.943434395657204,0.954996268909281
21.2817829424001,0.909036610129395,0.905388690352593,0.0343758291220446,0.0495625524758755,0.874660781007351,0.855826137876718,0.94341243925144,0.954951242828469
21.2878495852001,0.909122966178837,0.905438579046911,0.0342672936832357,0.0494674223674629,0.874855672495601,0.855971156679448,0.943390259862072,0.954906001414374
21.2939162280001,0.909209104853405,0.905488251617937,0.034158752570676,0.049372293002109,0.875050352282729,0.856115958615828,0.943367857424081,0.954860544620046
21.2999828708001,0.909295026258773,0.905537708361324,0.0340502060628021,0.0492771644896104,0.875244820195971,0.856260543871713,0.943345232321575,0.954814872850934
21.3060495136001,0.90938073035624,0.905586949164102,0.033941654434075,0.0491820373199359,0.875439075922165,0.856404911844166,0.943322384790315,0.954768986484038
21.3121161564001,0.909466216958337,0.905635974233523,0.0338330979558411,0.0490869112960449,0.875633119002496,0.856549062937478,0.943299314914178,0.954722885529568
21.3181827992001,0.909551486318465,0.905684783676461,0.033724536908892,0.0489917870244067,0.875826949409573,0.856692996652054,0.943276023227357,0.954676570700867
21.3242494420001,0.909636537959237,0.905733377415844,0.033615971559025,0.0488966642922286,0.876020566400212,0.856836713123615,0.943252509518262,0.954630041708073
21.3303160848001,0.909721372277362,0.905781755765697,0.0335074021893164,0.0488015436111061,0.876213970088045,0.856980212154591,0.943228774466678,0.954583299376803
21.3363827276001,0.909805988943185,0.905829918590269,0.0333988290690254,0.0487064250752065,0.876407159874159,0.857123493515063,0.94320481801221,0.954536343665476
21.3424493704001,0.909890388060107,0.905877866185994,0.0332902524752618,0.0486113087883755,0.876600135584845,0.857266557397619,0.943180640535369,0.95448917497437
21.3485160132001,0.909974569591889,0.905925598439161,0.0331816726825142,0.0485161952459287,0.876792896909374,0.857409403193233,0.943156242274403,0.95444179368509
21.3545826560001,0.910058533348411,0.905973115557277,0.0330730899634,0.0484210842468689,0.876985443385011,0.857552031310408,0.943131623311811,0.954394199804146
21.3606492988001,0.910142279584681,0.90602041764697,0.0329645045961374,0.0483259763990032,0.877177774988543,0.857694441247966,0.943106784180818,0.954346394045973
21.3667159416001,0.910225807823982,0.90606750463214,0.0328559168504034,0.0482308714918568,0.877369890973579,0.857836633140283,0.943081724674385,0.954298376123997
21.3727825844001,0.91030911846112,0.906114376825982,0.0327473270053907,0.0481357700322743,0.877561791455729,0.857978606793708,0.943056445466511,0.954250146858256
21.3788492272001,0.910392211168531,0.906161034092546,0.0326387353329428,0.0480406721200816,0.877753475835588,0.858120361972464,0.943030946501474,0.954201706212627
21.3849158700001,0.910475086047338,0.906207476729054,0.0325301421088853,0.0479455778531802,0.877944943938453,0.858261898875874,0.943005228156223,0.954153054582234
21.3909825128001,0.910557743063767,0.90625370462106,0.032421547607691,0.0478504877322067,0.878136195456076,0.858403216888853,0.942979290671458,0.954104192353266
21.3970491556001,0.910640182025045,0.90629971797632,0.0323129521032925,0.0477554015522437,0.878327229921753,0.858544316424076,0.942953134128337,0.954055119528564
21.4031157984001,0.910722403187787,0.90634551690122,0.0322043558713118,0.0476603199224005,0.878518047316475,0.85868519697882,0.942926759059099,0.954005836823621
21.4091824412001,0.910804406075951,0.906391101320619,0.0320957591852845,0.0475652426345426,0.878708646890666,0.858825858686077,0.942900165261235,0.953956343955162
21.4152490840001,0.910886191082432,0.906436471546903,0.0319871623205639,0.04747017019075,0.878899028761868,0.858966301356153,0.942873353402995,0.953906641737653
21.4213157268001,0.910967757881764,0.906481627443904,0.0318785655515333,0.0473751026965168,0.879089192330231,0.859106524747387,0.942846323433298,0.953856730140421
21.4273823696001,0.911049106572786,0.90652656930964,0.0317699691527771,0.0472800402438062,0.879279137420009,0.859246529065834,0.942819075725563,0.953806609553447
21.4334490124001,0.911130237124196,0.906571297028935,0.0316613733987102,0.0471849833385508,0.879468863725486,0.859386313690384,0.942791610522906,0.953756280367486
21.4395156552001,0.91121114934056,0.906615810809787,0.031552778564623,0.0470899317719508,0.879658370775937,0.859525879037836,0.942763927905183,0.953705742581738
21.4455822980001,0.911291843480104,0.906660110758349,0.0314441849235204,0.0469948861543805,0.879847658556584,0.859665224603968,0.942736028403625,0.953654996912729
21.4516489408001,0.911372319067463,0.906704196800419,0.031335592752774,0.0468998462800683,0.880036726314689,0.859804350520351,0.942707911820237,0.953604043080487
21.4577155836001,0.911452576493617,0.906748069247598,0.0312270023239411,0.0468048126463155,0.880225574169676,0.859943256601282,0.942679578817558,0.953552881893913
21.4637822264001,0.911532615435205,0.906791727966256,0.0311184139139016,0.0467097853603687,0.880414201521303,0.860081942605887,0.942651029349106,0.953501513326625
21.4698488692001,0.911612435988771,0.906835174431966,0.0310098277960428,0.0466147628440861,0.880602608192728,0.86022041158788,0.942622263784814,0.953449937276052
21.4759155120001,0.911692038125496,0.906878461862046,0.0309012442446776,0.0465196701841055,0.880790793880818,0.86035879167794,0.942593282370173,0.953398132046152
21.4819821548001,0.911771421647275,0.906921634312666,0.0307926635364974,0.0464244451574339,0.880978758110778,0.860497189155232,0.942564085183773,0.9533460794701
21.4880487976001,0.911850586813952,0.906964690495493,0.0306840859418684,0.0463290903474551,0.881166500872083,0.860635600148038,0.94253467275582,0.953293780842948
21.4941154404001,0.911929533150839,0.907007628941685,0.030575511741977,0.0462336075244115,0.881354021408862,0.860774021417274,0.942505044892816,0.953241236466097
21.5001820832001,0.912008261046998,0.907050448692002,0.0304669412046272,0.0461379989769737,0.88154131984237,0.860912449715028,0.942475202251625,0.953188447668976
21.5062487260001,0.912086770181173,0.907093148109513,0.0303583746091531,0.0460422669436978,0.88172839557202,0.861050881165815,0.942445144790326,0.95313541505321
21.5123153688001,0.912165060647615,0.907135726292873,0.0302498122277873,0.0459464132031376,0.881915248419827,0.861189313089735,0.942414872875402,0.95308213949601
21.5183820116001,0.912243132419987,0.907178181616152,0.0301412543346972,0.0458504404062207,0.88210187808529,0.861327741209931,0.942384386754684,0.953028622022373
21.5244486544001,0.912320985297512,0.907220513009972,0.0300327012080203,0.0457543501436317,0.882288284089492,0.86146616286634,0.942353686505533,0.952974863153603
21.5305152972001,0.912398619541652,0.90726271918923,0.0299241531154607,0.0456581449950679,0.882474466426191,0.861604574194162,0.942322772657112,0.952920864184298
21.5365819400001,0.912476034678401,0.907304798688735,0.0298156103419982,0.0455618267293005,0.882660424336403,0.861742971959434,0.942291645020399,0.952866625418035
21.5426485828001,0.912553231094893,0.907346750539541,0.0297070731517276,0.0454653976428735,0.882846157943165,0.861881352896667,0.942260304246621,0.952812148182414
21.5487152256001,0.91263020847199,0.907388573118168,0.0295985418263927,0.0453688599606252,0.883031666645598,0.862019713157543,0.942228750298383,0.952757433078793
21.5547818684001,0.912706966901636,0.907430265506999,0.0294900166371157,0.0452722154793651,0.88321695026452,0.862158050027634,0.942196983538752,0.952702480986364
21.5608485112001,0.912783506359989,0.907471826095114,0.0293814978578758,0.0451754668330031,0.883402008502114,0.862296359262111,0.942165004217865,0.952647292928117
21.5669151540001,0.912859826643591,0.907513253803824,0.029272985768297,0.0450786156219264,0.883586840875294,0.862434638181897,0.942132812411888,0.95259186942575
21.5729817968001,0.912935928015523,0.907554547351153,0.0291644806334027,0.0449816644222717,0.88377144738212,0.862572882928881,0.942100408648926,0.952536211773425
21.5790484396001,0.913011810002468,0.907595705275654,0.0290559827419431,0.044884615001204,0.883955827260524,0.86271109027445,0.942067792744411,0.952480320276858
21.5851150824001,0.913087472989623,0.907636726598589,0.0289474923543474,0.0447874696632819,0.884139980635276,0.862849256935307,0.942034965343971,0.952424196261871
21.5911817252001,0.913162916659976,0.907677609709963,0.0288390097547258,0.044690230619558,0.88432390690525,0.862987379090405,0.942001926414701,0.952367840329521
21.5972483680001,0.913238141103157,0.907718353675953,0.0287305352131333,0.0445928996850251,0.884507605890023,0.863125453990928,0.94196867631629,0.952311253360978
21.6033150108001,0.913313146297824,0.907758956900541,0.0286220690033168,0.0444954794767063,0.884691077294508,0.863263477423835,0.941935215301141,0.952254436377247
21.6093816536001,0.913387932037832,0.90779941829583,0.0285136114064327,0.0443979716045743,0.8848743206314,0.863401446691256,0.941901543444265,0.952197389900404
21.6154482964001,0.913462498587887,0.90783973658287,0.0284051626847989,0.0443003786413216,0.885057335903088,0.863539357941549,0.941867661272686,0.952140115224192
21.6215149392001,0.91353684547536,0.907879910304052,0.0282967231309167,0.0442027023523764,0.885240122344444,0.863677207951675,0.941833568606277,0.952082612656428
21.6275815820001,0.91361097308351,0.907919938470755,0.0281882930015916,0.0441049450504543,0.885422680081919,0.8638149934203,0.941799266085102,0.952024883521209
21.6336482248001,0.91368488109745,0.907959819486508,0.0280798725832572,0.0440071089327518,0.885605008514193,0.863952710553756,0.941764753680707,0.951966928419259
21.6397148676001,0.913758569604497,0.907999552401344,0.0279714621449453,0.043909195832373,0.885787107459551,0.864090356568971,0.941730031749442,0.951908748233717
21.6457815104001,0.913832038585812,0.90803913563404,0.0278630619601265,0.0438112083495867,0.885968976625685,0.864227927284453,0.941695100545938,0.951850343983627
21.6518481532001,0.913905287832557,0.908078568087599,0.0277546723115322,0.04371314810383,0.886150615521024,0.864365419983769,0.941659960144089,0.951791716191429
21.6579147960001,0.913978317611064,0.90811784848599,0.0276462934587552,0.0436150176644734,0.886332024152309,0.864502830821517,0.941624611069819,0.951732866150464
21.6639814388001,0.914051127449399,0.908156975375535,0.0275379256980239,0.0435168187950742,0.886513201751375,0.86464015658046,0.941589053147423,0.951673794170609
21.6700480816001,0.914123717728873,0.908195947757646,0.0274295692825653,0.0434185538166458,0.886694148446308,0.864777393941,0.941553287011438,0.951614501574291
21.6761147244001,0.914196088136735,0.908234764049408,0.0273212245010925,0.0433202249124623,0.886874863635642,0.864914539136946,0.941517312637827,0.951554988961871
21.6821813672001,0.914268238757977,0.908273423284778,0.0272128916216566,0.0432218339336635,0.88705534713632,0.865051589351115,0.941481130379633,0.951495257218442
21.6882480100001,0.914340169576273,0.90831192389722,0.0271045709174094,0.0431233834638996,0.887235598658863,0.86518854043332,0.941444740493682,0.951435307361119
21.6943146528001,0.914411880380084,0.908350264780738,0.0269962626727009,0.0430248751319499,0.887415617707383,0.865325389648788,0.941408143052785,0.951375139912688
21.7003812956001,0.914483371437375,0.908388444662121,0.0268879671443765,0.0429263115039826,0.887595404292998,0.865462133158138,0.941371338581751,0.951314756166104
21.7064479384001,0.914554642276905,0.908426462091712,0.0267796846323703,0.0428276943415517,0.887774957644535,0.86559876775016,0.941334326909275,0.951254156433263
21.7125145812001,0.914625693278033,0.908464316064442,0.0266714153863738,0.0427290259690607,0.887954277891659,0.865735290095381,0.941297108664407,0.951193342033503
21.7185812240001,0.914696524379759,0.908502005572634,0.0265631593443347,0.0426303077615045,0.888133365035424,0.865871697811129,0.941259683724094,0.951132313334138
21.7246478668001,0.914767155740295,0.908539549054747,0.0264548883822538,0.042531514123229,0.888312267358042,0.866008034931518,0.941222044122549,0.951071063177976
21.7307145096001,0.914837600126955,0.908576958122642,0.0263465846976845,0.0424326290049506,0.88849101542927,0.866144329117691,0.941184184824639,0.951009587127592
21.7367811524001,0.914907857149525,0.908614231398667,0.0262382488254945,0.0423336544162737,0.888669608324031,0.866280576982393,0.94114610597502,0.95094788581494
21.7428477952001,0.914977926829579,0.908651367449446,0.0261298813705213,0.042234593150631,0.888848045459057,0.866416774298815,0.9411078082001,0.950885960600077
21.7489144380001,0.915047808558252,0.908688364609637,0.0260214828320008,0.0421354472782872,0.889026325726251,0.86655291733135,0.941069291390252,0.950823811887924
21.7549810808001,0.915117502449443,0.908725221655138,0.0259130538287782,0.0420362194276443,0.889204448620665,0.866689002227494,0.941030556278221,0.950761441082783
21.7610477236001,0.91518700803206,0.908761936852414,0.025804594883989,0.0419369120054276,0.889382413148071,0.866825024846986,0.940991602916049,0.950698848857842
21.7671143664001,0.915256325166858,0.908798508958581,0.0256961065743777,0.0418375272449404,0.889560218592481,0.866960981713641,0.940952431741236,0.950636036203522
21.7731810092001,0.915325453636537,0.908834936293843,0.0255875894636757,0.0417380678982593,0.889737864172861,0.867096868395584,0.940913043100213,0.950573004192102
21.7792476520001,0.91539439304741,0.908871217474542,0.0254790440895357,0.041638535980151,0.889915348957874,0.867232681494391,0.940873437136945,0.950509753454693
21.7853142948001,0.915463143424492,0.908907351068047,0.0253704710514478,0.0415389342837263,0.890092672373045,0.86736841678432,0.94083361447594,0.950446285351773
21.7913809376001,0.915531704156683,0.908943335414173,0.0252618708564689,0.041439264875641,0.890269833300214,0.867504070538532,0.940793575013152,0.950382600289814
21.7974475804001,0.915600075358944,0.90897916927856,0.0251532441157124,0.0413395303930644,0.890446831243232,0.867639638885496,0.940753319474657,0.950318699671625
21.8035142232001,0.915668256560264,0.90901485094045,0.0250445913573938,0.0412397332298448,0.890623665202871,0.867775117710605,0.940712847917658,0.950254584170295
21.8095808660001,0.915736247620172,0.909050379142881,0.024935913155829,0.0411398756345491,0.890800334464343,0.867910503508332,0.940672160776001,0.950190254777431
21.8156475088001,0.915804048323739,0.909085752217676,0.024827210074527,0.0410399603469193,0.890976838249212,0.868045791870756,0.940631258398266,0.950125712564595
21.8217141516001,0.915871658273762,0.909120968775259,0.024718482654014,0.040939989386787,0.891153175619748,0.868180979388472,0.940590140927776,0.950060958162046
21.8277807944001,0.915939077498723,0.909156027383661,0.0246097314883881,0.0408399655470384,0.891329346010335,0.868316061836622,0.940548808987111,0.949995992930699
21.8338474372001,0.916006305385299,0.909190926387927,0.0245009570924836,0.0407398908906124,0.891505348292815,0.868451035497315,0.940507262477782,0.94993081727854
21.8399140800001,0.916073342049478,0.90922566454337,0.02439216006977,0.040639768063561,0.891681181979708,0.868585896479809,0.940465502119248,0.949865432606931
21.8459807228001,0.916140187020368,0.909260240142026,0.0242833409534545,0.0405395994468114,0.891856846066914,0.868720640695215,0.940423527973823,0.949799839588838
21.8520473656001,0.916206840156235,0.909294651912931,0.0241745003155133,0.0404393873041103,0.892032339840722,0.868855264608821,0.940381340471748,0.949734039217041
21.8581140084001,0.916273301244556,0.909328898199425,0.0240656387191433,0.0403391343629857,0.892207662525413,0.868989763836439,0.9403389399637,0.949668032562411
21.8641806512001,0.916339569884579,0.909362977606105,0.0239567567078344,0.0402388426482376,0.892382813176744,0.869124134957868,0.940296326592413,0.949601820254343
21.8702472940001,0.916405646108266,0.909396888701572,0.023847854870248,0.040138514952624,0.892557791238018,0.869258373748948,0.940253500978514,0.949535403654196
21.8763139368001,0.916471529300095,0.909430629836185,0.0237389337289502,0.040038153335256,0.892732595571145,0.869392476500929,0.940210463029045,0.949468783171441
21.8823805796001,0.916537219577041,0.909464199754852,0.0236299938798563,0.0399377604511889,0.892907225697185,0.869526439303663,0.940167213456897,0.949401960206041
21.8884472224001,0.916602716468369,0.909497596762428,0.0235210358610769,0.0398373386683833,0.893081680607292,0.869660258094045,0.940123752329446,0.949334935430812
21.8945138652001,0.916668019831043,0.909530819574015,0.0234120602423356,0.0397368902656803,0.893255959588708,0.869793929308334,0.940080080073379,0.949267709839695
21.9005805080001,0.916733129454987,0.909563866544375,0.0233030675864308,0.0396364179585151,0.893430061868556,0.86992744858586,0.940036197041418,0.94920028450289
21.9066471508001,0.916798044935857,0.909596736272363,0.0231940584399028,0.0395359237765587,0.893603986495954,0.870060812495805,0.93999210337576,0.949132660048922
21.9127137936001,0.916862766309119,0.909629427327067,0.0230850333859325,0.0394354105125379,0.893777732923186,0.870194016814529,0.939947799695051,0.949064837839605
21.9187804364001,0.916927292957069,0.90966193806423,0.0229759929547738,0.0393348802216275,0.893951300002296,0.870327057842603,0.939903285911843,0.948996818285858
21.9248470792001,0.916991624997631,0.909694267218291,0.0228669377348767,0.0392343355680048,0.894124687262754,0.870459931650286,0.939858562732507,0.948928602786296
21.9309137220001,0.917055761960264,0.90972641310694,0.0227578682691658,0.0391337789066164,0.894297893691099,0.870592634200324,0.93981363022943,0.948860192013556
21.9369803648001,0.917119703700594,0.909758374431417,0.0226487851252017,0.0390332125313147,0.894470918575393,0.870725161900103,0.939768488825796,0.948791586962732
21.9430470076001,0.917183450011028,0.90979014955781,0.0225396888652947,0.0389326391455631,0.894643761145734,0.870857510412247,0.939723138876323,0.948722788703373
21.9491136504001,0.917247000483595,0.909821737079319,0.0224305800391242,0.0388320607838061,0.894816420444471,0.870989676295512,0.939677580522719,0.948653797863125
21.9551802932001,0.91731035515728,0.909853135565429,0.0223214592243467,0.0387314802388359,0.894988895932933,0.871121655326593,0.939631814381627,0.948584615804265
21.9612469360001,0.917373513412219,0.909884343377348,0.0222123269588604,0.0386308995617834,0.895161186453358,0.871253443815564,0.939585840371079,0.948515242939131
21.9673135788001,0.917436475367244,0.909915359238972,0.0221031838237365,0.0385303214260639,0.895333291543508,0.871385037812908,0.939539659190981,0.948445680665036
21.9733802216001,0.917499240552051,0.909946181480846,0.0219940303666268,0.0384297481735662,0.895505210185424,0.87151643330728,0.939493270918678,0.948375929654412
21.9794468644001,0.917561808820885,0.909976808790424,0.021884867153017,0.0383291821130688,0.895676941667868,0.871647626677355,0.939446675973902,0.948305990903493
21.9855135072001,0.917624179968677,0.910007242972535,0.02177569474464,0.0382286307834288,0.895848485224037,0.871778612189106,0.939399874713317,0.948235873755964
21.9915801500001,0.917686353583789,0.910037533331947,0.0216665136944041,0.0381281679486273,0.896019839889384,0.87190936538332,0.939352867278193,0.948165701280575
21.9976467928001,0.917748329708746,0.910067694913426,0.0215573245743967,0.0380278197007369,0.896191005134349,0.872039875212689,0.939305654283142,0.948095514614163
22.0037134356001,0.91781010772154,0.910097725037647,0.0214481279301149,0.0379275866073693,0.896361979791425,0.872170138430278,0.939258235651655,0.948025311645017
22.0097800784001,0.917871687741878,0.910127621541535,0.0213389243353416,0.0378274701119379,0.896532763406537,0.872300151429597,0.93921061207722,0.947955091653473
22.0158467212001,0.917933069299726,0.910157381817328,0.0212297143423654,0.0377274711980541,0.89670335495736,0.872429910619274,0.939162783642091,0.947884853015382
22.0219133640001,0.917994252247913,0.910187003570031,0.0211204985146866,0.0376275908193443,0.896873753733226,0.872559412750686,0.9391147507626,0.947814594389375
22.0279800068001,0.918055236383931,0.910216484326759,0.0210112774133722,0.0375278304375969,0.897043958970558,0.872688653889162,0.939066513797303,0.947744314764355
22.0340466496001,0.918116021292436,0.910245821629021,0.0209020515946482,0.0374281906248214,0.897213969697787,0.8728176310042,0.939018072887084,0.947674012253843
22.0401132924001,0.918176607019513,0.910275013224053,0.0207928216249876,0.0373286730106266,0.897383785394525,0.872946340213426,0.938969428644501,0.94760368623468
22.0461799352001,0.918236992941031,0.910304056449011,0.0206835880574429,0.0372292781737264,0.897553404883589,0.873074778275285,0.938920580998474,0.947533334622737
22.0522465780001,0.91829717917753,0.910332949123706,0.0205743514585968,0.0371300075579171,0.897722827718934,0.873202941565789,0.938871530636127,0.947462956681623
22.0583132208001,0.918357165259287,0.910361688655264,0.0204651123852869,0.0370308621364814,0.897892052874,0.873330826518783,0.938822277644573,0.947392550791745
22.0643798636001,0.918416951037675,0.910390272737489,0.0203558713991162,0.0369318428812544,0.898061079638559,0.873458429856235,0.938772822436791,0.947322115618743
22.0704465064001,0.918476536312786,0.910418698901647,0.0202466290603968,0.0368329512326931,0.89822990725239,0.873585747668954,0.938723165373183,0.947251650134341
22.0765131492001,0.918535920665533,0.91044696469391,0.0201373859287613,0.0367341877815064,0.898398534736772,0.873712776912403,0.938673306594294,0.947181152475416
22.0825797920001,0.918595104145579,0.910475067849678,0.0200281425650244,0.0366355541407251,0.898566961580555,0.873839513708953,0.938623246710604,0.947110621990403
22.0886464348001,0.918654086126689,0.910503005722516,0.0199188995297496,0.0365370508998473,0.89873518659694,0.873965954822669,0.938572985656439,0.947040056622363
22.0947130776001,0.918712866730198,0.9105307761152,0.0198096573824079,0.0364386795033802,0.89890320934779,0.87409209661182,0.938522524112606,0.94696945561858
22.1007797204001,0.91877144548673,0.910558376449615,0.0197004166842969,0.0363404409140208,0.899071028802433,0.874217935535595,0.938471862171027,0.946898817363636
22.1068463632001,0.918829822246169,0.910585804408584,0.0195911779952105,0.03624233612194,0.899238644250958,0.874343468286644,0.938421000241379,0.946828140530524
22.1129130060001,0.918887996811241,0.910613057527278,0.0194819418746195,0.0361443665461739,0.899406054936622,0.874468690981104,0.93836993868586,0.946757424073452
22.1189796488001,0.918945968759078,0.91064013335669,0.0193727088856494,0.0360465327961397,0.899573259873429,0.874593600560551,0.938318677644727,0.94668666615283
22.1250462916001,0.919003738142942,0.910667029620378,0.0192634795834134,0.0359488364684906,0.899740258559528,0.874718193151887,0.938267217726355,0.946615866088868
22.1311129344001,0.919061304334511,0.910693743688239,0.0191542545359405,0.0358512781631897,0.899907049798571,0.87484246552505,0.938215558870451,0.946545021851429
22.1371795772001,0.919118667455877,0.910720273346095,0.0190450342956799,0.0357538593257834,0.900073633160198,0.874966414020311,0.938163701751557,0.946474132671878
22.1432462200001,0.919175827038054,0.910746616030459,0.0189358194283002,0.035656580908129,0.900240007609753,0.87509003512233,0.938111646466354,0.946403196938588
22.1493128628001,0.919232782929391,0.910772769413393,0.0188266104918761,0.0355594439188589,0.900406172437514,0.875213325494534,0.938059393421267,0.946332213332252
22.1553795056001,0.919289534935292,0.910798731033728,0.0187174080449453,0.0354624497554971,0.900572126890346,0.875336281278231,0.938006942980237,0.946261180789225
22.1614461484001,0.919346082629067,0.91082449844744,0.0186082126542177,0.0353655990461783,0.90073786997485,0.875458899401261,0.937954295283285,0.946190097493618
22.1675127912001,0.919402426067598,0.910850069366229,0.0184990248690591,0.0352688933713787,0.900903401198539,0.87558117599485,0.937901450936657,0.946118962737608
22.1735794340001,0.919458564620493,0.910875441176258,0.0183898452649212,0.0351723333412098,0.901068719355572,0.875703107835048,0.937848409885415,0.946047774517468
22.1796460768001,0.919514498410566,0.910900611646467,0.0182806743873188,0.0350759204025853,0.901233824023248,0.875824691243881,0.937795172797885,0.945976532049052
22.1857127196001,0.919570226969255,0.910925578227871,0.018171512806203,0.0349796554962641,0.901398714163052,0.875945922731607,0.937741739775457,0.945905233724135
22.1917793624001,0.919625750143338,0.910950338581992,0.0180623610780175,0.034883539649467,0.901563389065321,0.876066798932525,0.937688111221356,0.945833878231459
22.1978460052001,0.919681067740936,0.910974890251073,0.0179532197602798,0.0347875742381191,0.901727847980656,0.876187316012954,0.937634287501215,0.945762464489193
22.2039126480001,0.919736179331499,0.910999230796235,0.0178440894233711,0.034691759909078,0.901892089908128,0.876307470887157,0.93758026875487,0.945690990705313
22.2099792908001,0.919791084975544,0.911023357917309,0.0177349706108669,0.034596098226847,0.902056114364677,0.876427259690462,0.937526055586411,0.945619456144156
22.2160459336001,0.919845784040634,0.91104726901665,0.0176258639055967,0.0345005898113654,0.902219920135037,0.876546679205284,0.937471647946231,0.945547858828015
22.2221125764001,0.919900276650262,0.911070961846393,0.0175167698462293,0.0344052361112412,0.902383506804033,0.876665725735152,0.937417046496491,0.945476197957634
22.2281792192001,0.919954562336329,0.911094433871929,0.0174076890069104,0.0343100380558824,0.902546873329419,0.876784395816047,0.93736225134324,0.945404471927812
22.2342458620001,0.920008640944009,0.911117682744459,0.0172986219425403,0.034214996691222,0.902710019001469,0.876902686053237,0.937307262886549,0.945332679435681
22.2403125048001,0.92006251228417,0.911140706009392,0.0171895692095283,0.0341201133714972,0.902872943074642,0.877020592637895,0.937252081493699,0.945260819380889
22.2463791476001,0.920116175922369,0.911163501233154,0.0170805313820159,0.0340253887622976,0.903035644540354,0.877138112470856,0.937196707304385,0.945188889995451
22.2524457904001,0.920169631922777,0.911186066103696,0.016971508997743,0.0339308244123527,0.903198122925034,0.877255241691343,0.93714114092052,0.945116890516048
22.2585124332001,0.92022287965093,0.91120839803949,0.0168625026468729,0.0338364209511135,0.903360377004057,0.877371977088377,0.937085382297803,0.945044818990604
22.2645790760001,0.920275919230962,0.911230494775951,0.0167535128613175,0.0337421798292092,0.903522406369644,0.877488314946742,0.937029432092279,0.94497267460516
22.2706457188001,0.920328750195276,0.91125235379271,0.0166445402193273,0.033648101964441,0.903684209975948,0.877604251828269,0.936973290414603,0.944900455757151
22.2767123616001,0.920381372387399,0.911273972730871,0.0165355852743499,0.0335541884215807,0.903845787113049,0.87771978430929,0.936916957661749,0.944828161152452
22.2827790044001,0.920433785620993,0.91129534913876,0.0164266485815964,0.0334604405330886,0.904007137039396,0.877834908605671,0.936860434202589,0.944755789671848
22.2888456472001,0.920485989457676,0.911316480588272,0.016317730719057,0.033366858983293,0.904168258738619,0.877949621604978,0.936803720176733,0.944683339571565
22.2949122900001,0.920537983965296,0.911337364755464,0.0162088322185924,0.0332734453053533,0.904329151746703,0.878063919450111,0.936746816183888,0.944610810060817
22.3009789328001,0.920589768507378,0.911357999074857,0.0160999536776545,0.0331802001379104,0.904489814829724,0.878177798936947,0.936689722185033,0.944538199212768
22.3070455756001,0.920641343208662,0.911378381265217,0.0159910956214881,0.0330871249339458,0.904650247587174,0.878291256331271,0.93663243883015,0.944465506199162
22.3131122184001,0.920692707602091,0.911398508820291,0.0158822586323599,0.0329942205993971,0.904810448969731,0.878404288220894,0.936574966234451,0.944392729419688
22.3191788612001,0.920743861529507,0.911418379371304,0.0157734432623518,0.0329014882180005,0.904970418267155,0.878516891153303,0.936517304791859,0.944319867589304
22.3252455040001,0.9207948048074,0.911437990469254,0.0156646500653888,0.0328089291003493,0.905130154742011,0.878629061368905,0.936459454872788,0.944246919569604
22.3313121468001,0.920845536993416,0.911457339691666,0.0155558796233997,0.0327165439495218,0.905289657370017,0.878740795742144,0.936401416616816,0.944173883641188
22.3373787896001,0.920896058159096,0.911476424702693,0.0154471324623202,0.0326243342833051,0.905448925696776,0.878852090419387,0.936343190621416,0.944100758985998
22.3434454324001,0.920946367665976,0.911495242952827,0.0153384091868478,0.0325323007492141,0.905607958479128,0.878962942203613,0.936284776852824,0.944027543702041
22.3495120752001,0.92099646563936,0.911513792144268,0.0152297103156471,0.0324404448029089,0.905766755323713,0.879073347341359,0.936226175955007,0.943954236947177
22.3555787180001,0.921046351612771,0.911532069784749,0.0151210364349133,0.0323487673382079,0.905925315177858,0.879183302446541,0.936167388047685,0.943880837122957
22.3616453608001,0.921096025426329,0.911550073495835,0.0150123880954513,0.0322572694579379,0.906083637330878,0.879292804037897,0.93610841352178,0.943807342953773
22.3677120036001,0.921145486899388,0.911567800830952,0.0149037658498114,0.0321659524507377,0.906241721049577,0.879401848380215,0.9360492527492,0.94373375328169
22.3737786464001,0.921194735585587,0.911585249373415,0.0147951702839493,0.0320748170384409,0.906399565301638,0.879510432334974,0.935989905869536,0.943660066411856
22.3798452892001,0.921243771560176,0.911602416775457,0.0146866019178321,0.0319838647236655,0.906557169642343,0.879618552051792,0.935930373478008,0.943586281499123
22.3859119320001,0.92129259418272,0.911619300503477,0.0145780613633575,0.0318930961624814,0.906714532819363,0.879726204340996,0.935870655546078,0.943512396665959
22.3919785748001,0.921341203579054,0.911635898243181,0.0144695491326996,0.0318025128135547,0.906871654446355,0.879833385429627,0.935810752711754,0.943438411056736
22.3980452176001,0.921389599283315,0.91165220751616,0.0143610658158921,0.03171211555833,0.907028533467423,0.87994009195783,0.935750665099207,0.94336432307449
22.4041118604001,0.921437781133862,0.911668225934542,0.0142526119625541,0.0316219055188509,0.907185169171308,0.880046320415691,0.935690393096416,0.943290131453393
22.4101785032001,0.921485698850246,0.911683900951221,0.0141441172678379,0.0315318131057783,0.907341581582408,0.880152087845442,0.935629816118084,0.943215714056999
22.4162451460001,0.921533255109046,0.911699133282454,0.0140354453226916,0.031441702060587,0.907497809786354,0.880257431221867,0.935568700431737,0.943140835343041
22.4223117888001,0.921580449235944,0.911713919815248,0.0139265955757445,0.0313515728056026,0.907653853660199,0.880362347009646,0.935507044811688,0.943065492620851
22.4283784316001,0.921627281974905,0.911728259418181,0.0138175706066446,0.0312614279657243,0.90780971136826,0.880466831452457,0.93544485258155,0.942989687383905
22.4344450744001,0.921673755362309,0.911742151670603,0.0137083736223934,0.0311712717041833,0.907965381739916,0.880570879966419,0.935382128984703,0.942913423374786
22.4405117172001,0.921719870442935,0.911755595617818,0.0135990073522174,0.031081107025235,0.908120863090718,0.880674488592583,0.935318877795153,0.942836702643053
22.4465783600001,0.921765628766149,0.911768590575546,0.0134894747669106,0.0309909374925412,0.908276153999239,0.880777653083005,0.93525510353306,0.942759528068087
22.4526450028001,0.921811031859935,0.911781135804101,0.0133797788240995,0.0309007667586547,0.908431253035836,0.880880369045447,0.935190810684035,0.942681902562756
22.4587116456001,0.921856080794263,0.911793230423334,0.0132699222739847,0.0308105977388707,0.908586158520278,0.880982632684463,0.935126003068247,0.942603828162205
22.4647782884001,0.921900777517279,0.911804873927024,0.0131599082625586,0.0307204345441691,0.908740869254721,0.881084439382855,0.935060685779838,0.942525308471193
22.4708449312001,0.921945122793449,0.911816065221936,0.0130497394083042,0.0306302798390903,0.908895383385144,0.881185785382846,0.934994862201753,0.942446345061027
22.4769115740001,0.921989118638178,0.911826803849664,0.0129394188816131,0.0305401377602302,0.909049699756565,0.881286666089434,0.934928537519791,0.942366941609894
22.4829782168001,0.922032766110506,0.911837088882677,0.0128289494345586,0.0304500113181452,0.909203816675948,0.881387077564532,0.934861715545065,0.942287100200822
22.4890448596001,0.922076066752253,0.91184691962199,0.0127183340288501,0.0303599040878899,0.909357732723402,0.8814870155341,0.934794400781103,0.94220682370988
22.4951115024001,0.922119022092235,0.911856295327454,0.0126075756174366,0.0302698196967584,0.909511446474798,0.881586475630695,0.934726597709671,0.942126115024212
22.5011781452001,0.922161633206301,0.911865215135198,0.0124966769689588,0.0301797610929738,0.909664956237342,0.881685454042224,0.93465831017526,0.942044976228172
22.5072447880001,0.922203902029648,0.911873678510329,0.0123856411996609,0.0300897323493032,0.909818260829987,0.881783946161026,0.934589543229309,0.941963410859632
22.5133114308001,0.922245829347124,0.911881684397596,0.0122744709666272,0.0299997361694212,0.909971358380497,0.881881948228175,0.934520300313751,0.941881420567017
22.5193780736001,0.92228741715339,0.911889232301175,0.0121631694041024,0.0299097766639917,0.910124247749288,0.881979455637183,0.934450586557493,0.941799008965167
22.5254447164001,0.92232866652152,0.911896321320309,0.0120517392865449,0.0298198568492408,0.910276927234975,0.882076464471068,0.934380405808064,0.94171617816955
22.5315113592001,0.922369578986009,0.91190295074179,0.011940183567041,0.0297299803121171,0.910429395418968,0.882172970429673,0.93430976255305,0.941632931053907
22.5375780020001,0.922410156076288,0.9119091198245,0.0118285051934005,0.0296401506541925,0.910581650882887,0.882268969170308,0.934238661269688,0.941549270478692
22.5436446448001,0.922450398874304,0.911914827721269,0.0117167069531657,0.0295503708569993,0.910733691921139,0.88236445686427,0.93416710582747,0.941465198578269
22.5497112876001,0.922490309302193,0.911920073868387,0.0116047919326016,0.0294606449551071,0.910885517369591,0.88245942891328,0.934095101234795,0.941380718823494
22.5557779304001,0.922529888165074,0.911924857248384,0.0114927628271653,0.0293709756908211,0.911037125337909,0.882553881557563,0.93402265099224,0.941295832939205
22.5618445732001,0.922569137437089,0.911929177328359,0.0113806227354126,0.0292813671495699,0.911188514701677,0.882647810178789,0.933949760172502,0.941210544477929
22.5679112160001,0.922608058205119,0.911933033233936,0.0112683744537279,0.0291918223526253,0.911339683751391,0.882741210881311,0.933876432658847,0.941124855586562
22.5739778588001,0.922646651996564,0.911936424238171,0.0111560209270351,0.0291023448993257,0.911490631069529,0.882834079338846,0.933802672923599,0.941038769137497
22.5800445016001,0.922684920341237,0.911939349598463,0.0110435650975434,0.0290129383650609,0.911641355243693,0.882926411233402,0.93372848543878,0.940952287963523
22.5861111444001,0.922722864327415,0.91194180848477,0.0109310097721578,0.0289236057650518,0.911791854555258,0.883018202719718,0.933653874099573,0.940865414249822
22.5921777872001,0.922760485864057,0.911943800304421,0.0108183580069338,0.0288343510956849,0.911942127857123,0.883109449208736,0.933578843870991,0.940778151400106
22.5982444300001,0.922797785776443,0.911945324077522,0.0107056125354698,0.0287451771373923,0.912092173240974,0.88320014694013,0.933503398311913,0.940690501214914
22.6043110728001,0.922834766018418,0.911946379234438,0.0105927764210957,0.0286560879510692,0.912241989597323,0.883290291283369,0.933427542439514,0.940602467185507
22.6103777156001,0.922871427690447,0.911946964926782,0.0104798524816602,0.0285670865624029,0.912391575208787,0.88337987836438,0.933351280172107,0.940514051489185
22.6164443584001,0.922907772313059,0.911947080414355,0.0103668436543838,0.0284781765836195,0.912540928658675,0.883468903830736,0.933274615967442,0.940425256997975
22.6225110012001,0.922943801416225,0.911946724952566,0.0102537528754173,0.0283893615634673,0.912690048540808,0.883557363389098,0.933197554291643,0.940336086516033
22.6285776440001,0.922979516094778,0.911945897728924,0.0101405829714867,0.028300644551234,0.912838933123291,0.88364525317769,0.933120099066264,0.940246542280158
22.6346442868001,0.923014918244383,0.911944598735094,0.0100273369682084,0.0282120286376031,0.912987581276175,0.883732570097491,0.933042255212592,0.940156627372697
22.6407109296001,0.923050008710374,0.911942857212567,0.00991401763709344,0.0281234739539938,0.913135991073281,0.883819383258573,0.932964026347467,0.940066331166561
22.6467775724001,0.92308478942652,0.911940708719446,0.00980062800670352,0.0280349333936558,0.913284161419816,0.88390577532579,0.932885417433224,0.939975642113102
22.6528442152001,0.923119261506647,0.911938154154153,0.00968717091589287,0.0279464075519066,0.913432090590755,0.883991746602246,0.93280643242254,0.939884561706059
22.6589108580001,0.923153426464637,0.911935194607979,0.00957364929463928,0.0278578974461789,0.913579777169998,0.8840772971618,0.932727075759276,0.939793092054157
22.6649775008001,0.923187285830397,0.911931830959135,0.00946006607257349,0.0277694042995918,0.913727219757824,0.884162426659543,0.932647351902971,0.939701235258727
22.6710441436001,0.923220840705534,0.911928064196902,0.00934642409670435,0.0276809286732144,0.913874416608829,0.884247135523687,0.932567264802238,0.939608992870116
22.6771107864001,0.923254092972316,0.911923895387167,0.00923272636197788,0.0275924720590352,0.914021366610338,0.884331423328132,0.932486819334294,0.939516367446202
22.6831774292001,0.92328704349601,0.911919325312327,0.00911897567758758,0.0275040349253936,0.914168067818422,0.884415290386934,0.932406019173597,0.939423360237721
22.6892440720001,0.923319694190538,0.911914355148152,0.00900517503778824,0.0274156187153783,0.91431451915275,0.884498736432773,0.932324869228326,0.93932997386353
22.6953107148001,0.923352046182863,0.911908985700315,0.00889132730197815,0.0273272241942827,0.914460718880885,0.884581761506032,0.932243373484841,0.939236209894597
22.7013773576001,0.923384100980442,0.91190321806794,0.00877743539335342,0.0272388523649661,0.914606665587089,0.884664365702973,0.932161536373796,0.939142070432906
22.7074440004001,0.923415860112894,0.911897053109341,0.00866350223456485,0.0271505044468674,0.91475235787833,0.884746548662474,0.932079362347459,0.939047557556209
22.7135106432001,0.923447324688827,0.91189049184127,0.00854953069336252,0.0270621810230527,0.914897793995465,0.884828310818218,0.93199685538219,0.938952672864323
22.7195772860001,0.923478496576997,0.911883535298969,0.00843552373379376,0.0269738835491499,0.915042972843203,0.884909651749819,0.93191402031079,0.938857418848119
22.7256439288001,0.923509376662492,0.911876184295239,0.00832148420250457,0.0268856125393924,0.915187892459988,0.884990571755847,0.931830860864997,0.938761796834632
22.7317105716001,0.923539966839615,0.911868439984586,0.00820741505990121,0.0267973693939953,0.915332551779714,0.885071070590591,0.931747381899517,0.938665809378581
22.7377772144001,0.923570268248237,0.911860303178559,0.00809331918546825,0.0267091549075728,0.915476949062769,0.885151148270986,0.931663587433706,0.938569458086132
22.7438438572001,0.923600282389617,0.911851774984528,0.00797919949607802,0.0266209700690077,0.915621082893539,0.88523080491552,0.931579481885695,0.938472745053535
22.7499105000001,0.923630010792861,0.911842856240542,0.00786505890694221,0.0265328160933969,0.915764951885919,0.885310040147145,0.931495069699803,0.938375672333939
22.7559771428001,0.923659454573801,0.911833547991107,0.00775090030701313,0.0264446935863846,0.915908554266788,0.885388854404723,0.931410354880814,0.938278241577492
22.7620437856001,0.923688615587569,0.911823851240816,0.00763672662920866,0.026356603967055,0.916051888958361,0.885467247273761,0.931325342216778,0.938180455207871
22.7681104284001,0.923717494738967,0.911813766832532,0.00752254075739548,0.0262685477952252,0.916194953981571,0.885545219037307,0.931240035496362,0.938082314627757
22.7741770712001,0.923746093902895,0.911803295899977,0.00740834561859485,0.0261805264287424,0.9163377482843,0.885622769471235,0.93115443952149,0.937983822328719
22.7802437140001,0.923774414231913,0.911792439260115,0.00729414411191418,0.0260925406910107,0.916480270119999,0.885699898569105,0.931068558343828,0.937884979951126
22.7863103568001,0.923802457221305,0.911781198028972,0.00717993914836518,0.0260045915575381,0.91662251807294,0.885776606471434,0.93098239636967,0.93778578958651
22.7923769996001,0.92383022439944,0.911769573023967,0.0070657336352576,0.025916680238416,0.916764490764182,0.885852892785551,0.930895958034697,0.937686253262383
22.7984436424001,0.923857716889599,0.911757565317642,0.00695153048320834,0.0258288073624457,0.916906186406391,0.885928757955197,0.930809247372807,0.937586372680088
22.8045102852001,0.923884936533177,0.911745175883937,0.00683733259377356,0.0257409743119844,0.917047603939403,0.886004201571952,0.930722269126951,0.937486150195921
22.8105769280001,0.923911884254575,0.911732405595435,0.00672314288781321,0.0256531816921279,0.917188741366762,0.886079223903307,0.930635027142389,0.937385587287563
22.8166435708001,0.92393856190952,0.911719255565555,0.00660896425942071,0.0255654308188546,0.9173295976501,0.8861538247467,0.930547526168941,0.937284686384409
22.8227102136001,0.923964970663034,0.911705726616212,0.0064947996268688,0.0254777225438334,0.917470171036165,0.886228004072379,0.930459770289903,0.937183449160046
22.8287768564001,0.92399111200465,0.911691819872502,0.00638065189576652,0.0253900578297933,0.917610460108883,0.886301762042709,0.930371763900416,0.937081877702296
22.8348434992001,0.924016987461774,0.911677536130846,0.00626652396506381,0.0253024378811602,0.91775046349671,0.886375098249686,0.930283511426838,0.936979974012006
22.8409101420001,0.924042598165363,0.911662876492104,0.00615241876749948,0.0252148633504702,0.917890179397864,0.886448013141633,0.930195016932863,0.936877739842574
22.8469767848001,0.924067945942963,0.911647841899559,0.00603833917304121,0.0251273355831747,0.918029606769921,0.886520506316385,0.930106285116004,0.936775177482734
22.8530434276001,0.924093031738461,0.911632433255177,0.00592428813930883,0.0250398552293351,0.918168743599153,0.886592578025842,0.93001731987777,0.936672288484512
22.8591100704001,0.924117857388635,0.911616651652548,0.0058102685279308,0.0249524235635674,0.918307588860704,0.886664228088981,0.929928125916565,0.936569075216116
22.8651767132001,0.924142424070743,0.91160049791808,0.00569628327588328,0.0248650414652749,0.918446140794859,0.886735456452805,0.929838707346626,0.936465539383355
22.8712433560001,0.924166733268793,0.911583973186347,0.00558233528383422,0.0247777098850083,0.918584397984959,0.886806263301339,0.929749068552627,0.936361683071356
22.8773099988001,0.924190786509007,0.911567078232407,0.00546842744191169,0.0246904300208645,0.918722359067095,0.886876648211542,0.929659213950918,0.936257508253271
22.8833766416001,0.924214584930238,0.911549814185721,0.00535456270543902,0.0246032025496948,0.918860022224799,0.886946611636026,0.929569147635677,0.936153016735416
22.8894432844001,0.92423813034607,0.911532181958915,0.00524074391256227,0.0245160287798599,0.918997386433508,0.887016153179055,0.929478874258632,0.936048210738775
22.8955099272001,0.924261423719768,0.911514182482988,0.00512697405743459,0.0244289094060825,0.919134449662333,0.887085273076906,0.929388397777203,0.93594309188907
22.9015765700001,0.924284466869381,0.911495817273634,0.00501325596967714,0.0243418450378139,0.919271210899704,0.88715397223582,0.929297722839058,0.935837662311448
22.9076432128001,0.924307283387115,0.911477108838909,0.00489956092197857,0.0242548059248835,0.919407722465137,0.887222302914025,0.929206844309094,0.935731914763792
22.9137098556001,0.92432991024225,0.911458093906049,0.00478584161927635,0.024167742684626,0.919544068622974,0.887290351221423,0.929115751861527,0.935625836590675
22.9197764984001,0.92435234940722,0.911438773948381,0.00467210030938143,0.0240806554899113,0.919680249097839,0.887358118458469,0.929024449716601,0.935519429438292
22.9258431412001,0.924374602094774,0.911419150027777,0.00455833987764558,0.0239935451789208,0.919816262217128,0.887425604848857,0.928932941972419,0.935412695206698
22.9319097840001,0.924396670014233,0.91139922308709,0.00444456325770788,0.0239064129366317,0.919952106756526,0.887492810150458,0.928841233271941,0.935305636023722
22.9379764268001,0.924418554254102,0.911378994064923,0.00433077333015308,0.0238192595319449,0.920087780923949,0.887559734532978,0.928749327584255,0.935198253596867
22.9440430696001,0.9244402565229,0.911358464002157,0.00421697302178589,0.0237320861787572,0.920223283501114,0.8876263778234,0.928657229544686,0.935090550180915
22.9501097124001,0.924461778075461,0.911337633787276,0.00410316522957072,0.023644893733316,0.92035861284589,0.88769274005396,0.928564943305032,0.934982527520592
22.9561763552001,0.924483120373116,0.911316504493074,0.00398935286306176,0.0235576832395423,0.920493767510054,0.887758821253532,0.928472473236178,0.934874187732617
22.9622429980001,0.924504284914076,0.911295076956656,0.00387553882867083,0.0234704557311538,0.920628746085405,0.887824621225502,0.928379823742747,0.93476553268781
22.9683096408001,0.924525272920107,0.911273352269395,0.00376172603430743,0.0233832120713347,0.920763546885799,0.887890140198061,0.928286998954414,0.93465656434073
22.9743762836001,0.924546086086002,0.911251331343144,0.00364791738181403,0.0232959534080801,0.920898168704188,0.887955377935064,0.928194003467816,0.934547284751224
22.9804429264001,0.924566725519098,0.911229015145192,0.00353411578829453,0.0232086805538596,0.921032609730803,0.888020334591332,0.928100841307392,0.934437695699051
22.9865095692001,0.924587192910288,0.911206404697697,0.00342032414855147,0.0231213946831923,0.921166868761736,0.888085010014505,0.928007517058839,0.934327799380889
22.9925762120001,0.924607489525315,0.911183500892593,0.0033065453777953,0.0230340966779898,0.92130094414752,0.888149404214603,0.92791403490311,0.934217597570583
22.9986428548001,0.924627616821318,0.911160304813209,0.00319278238108959,0.0229467875720439,0.921434834440229,0.888213517241165,0.927820399202408,0.934107092385253
23.0047094976001,0.924647576293985,0.911136817274025,0.0030790380555816,0.0228594683909855,0.921568538238403,0.888277348883039,0.927726614349566,0.93399628566501
23.0107761404001,0.924667369174319,0.911113039396197,0.00296531533220106,0.0227721400235813,0.921702053842118,0.888340899372616,0.92763268450652,0.933885179419778
23.0168427832001,0.924686997142477,0.911088972060572,0.00285161708076211,0.0226848035806609,0.921835380061715,0.888404168479912,0.927538614223239,0.933773775641233
23.0229094260001,0.924706461324516,0.911064616262788,0.00273794625465773,0.0225974599179555,0.921968515069858,0.888467156344833,0.927444407579173,0.933662076180743
23.0289760688001,0.924725763393925,0.911039973006757,0.00262430571714825,0.0225101101711083,0.922101457676776,0.888529862835649,0.927350069111073,0.933550083177865
23.0350427116001,0.924744904627134,0.9110150431874,0.00251069840123161,0.0224227552471673,0.922234206225902,0.888592287940233,0.927255603028365,0.933437798434568
23.0411093544001,0.924763886477312,0.910989827898996,0.00239712720793878,0.0223353961703934,0.922366759269373,0.888654431728603,0.927161013685251,0.933325224069389
23.0471759972001,0.9247827104374,0.910964327933028,0.00228359502469442,0.0222480339576702,0.922499115412705,0.888716293975358,0.927066305462094,0.933212361890699
23.0532426400001,0.924801377747865,0.910938544440723,0.00217010480590626,0.0221606695239236,0.922631272941959,0.8887778749168,0.926971482553772,0.933099213964647
23.0593092828001,0.924819890074113,0.910912478271918,0.00205665938913145,0.0220733039426377,0.922763230684982,0.88883917432928,0.926876549463245,0.932985782214556
23.0653759256001,0.92483824856081,0.910886130450254,0.00194326176382241,0.0219859381124959,0.922894986796988,0.888900192337758,0.926781510324632,0.932872068562749
23.0714425684001,0.924856454864265,0.910859501961878,0.00182991476215611,0.0218985731307681,0.923026540102109,0.88896092883111,0.926686369626422,0.932758075092647
23.0775092112001,0.924874510271372,0.91083259370424,0.00171662133445876,0.021811209929111,0.923157888936913,0.889021383775129,0.926591131605831,0.932643803633351
23.0835758540001,0.924892416231553,0.910805406782975,0.00160338437818926,0.0217238495228542,0.923289031853364,0.889081557260121,0.926495800609742,0.932529256305829
23.0896424968001,0.924910174234776,0.910777941966209,0.00149020677058804,0.0216364929194699,0.923419967464188,0.889141449046739,0.926400381005364,0.932414434885678
23.0957091396001,0.924927785531201,0.910750200435515,0.0013770914900022,0.0215491410606243,0.923550694041199,0.889201059374891,0.926304877021204,0.932299341496139
23.1017757824001,0.924945251771367,0.910722183009721,0.00126404134150168,0.0214617949822733,0.923681210429865,0.889260388027448,0.926209293112868,0.932183977991995
23.1078424252001,0.924962574118437,0.910693890740129,0.00115105935036733,0.021374455625743,0.92381151476807,0.889319435114386,0.926113633468804,0.932068346365872
23.1139090680001,0.924979754211766,0.910665324595602,0.00103814831815478,0.0212871240504344,0.923941605893611,0.889378200545168,0.926017902529921,0.931952448646036
23.1199757108001,0.924996793348485,0.910636485475652,0.000925311212056374,0.0211998012120838,0.924071482136428,0.889436684263568,0.925922104560541,0.931836286687736
23.1260423536001,0.925013692974496,0.910607374497688,0.000812550926419738,0.0211124881176884,0.924201142048076,0.88949488638,0.925826243900916,0.931719862615376
23.1321089964001,0.925030454576571,0.910577992406106,0.000699870327841961,0.0210251857646482,0.924330584248729,0.889552806641458,0.925730324904413,0.931603178170754
23.1381756392001,0.925047079414782,0.910548340413114,0.000587272419068267,0.0209378951219464,0.924459806995714,0.889610445291168,0.925634351833851,0.93148623553506
23.1442422820001,0.925063569124693,0.910518419306524,0.000474759972451498,0.0208506171878292,0.924588809152241,0.889667802118695,0.925538329097144,0.931369036494353
23.1503089248001,0.925079924887851,0.910488230164957,0.000362336048872535,0.0207633529459595,0.924717588838978,0.889724877218998,0.925442260936723,0.931251583110916
23.1563755676001,0.925096148326881,0.910457793881369,0.000250003419723324,0.0206761316190605,0.924846144907158,0.889781662262308,0.925346151746605,0.931133925500429
23.1624422104001,0.925112240748927,0.910427143406631,0.000137765068604246,0.0205889995116168,0.924974475680323,0.889838143895014,0.925250005817532,0.931016142918248
23.1685088532001,0.925128203596597,0.91039628146666,2.56238872100844e-05,0.0205019598804372,0.925102579709386,0.889894321586223,0.925153827483807,0.930898241347097
23.1745754960001,0.925144038353238,0.910365210098846,8.64172689648991e-05,0.0204150155748322,0.925057621084273,0.889950194524013,0.925230455622203,0.930780225673678
23.1806421388001,0.925159746289063,0.910333931687508,0.000198355372316048,0.0203281692055766,0.924961390916747,0.890005762481931,0.925358101661379,0.930662100893084
23.1867087816001,0.925175329024546,0.910302448318866,0.00031018768343852,0.0202414236131174,0.924865141341107,0.890061024705748,0.925485516707984,0.930543871931983
23.1927754244001,0.925190787759508,0.910270762265345,0.000421911106083058,0.0201547814732846,0.924768876653425,0.89011598079206,0.925612698865591,0.930425543738629
23.1988420672001,0.925206124100067,0.91023887573235,0.000533522898558686,0.0200682455668417,0.924672601201508,0.890170630165508,0.925739646998626,0.930307121299191
23.2049087100001,0.925221339363156,0.910206790867439,0.000645020061319164,0.0199818186572152,0.924576319301836,0.890224972210224,0.925866359424475,0.930188609524654
23.2109753528001,0.92523643498831,0.910174510000679,0.000756399704860379,0.0198955034164525,0.924480035283449,0.890279006584226,0.92599283469317,0.930070013417131
23.2170419956001,0.925251412455233,0.910142035158323,0.000867658985252351,0.0198093027013126,0.924383753469981,0.89033273245701,0.926119071440485,0.929951337859635
23.2231086384001,0.9252662730445,0.910109368740492,0.000978794849571504,0.0197232191292712,0.924287478194928,0.89038614961122,0.926245067894071,0.929832587869763
23.2291752812001,0.925281018361382,0.91007651281607,0.00108980459159031,0.0196372555220565,0.924191213769792,0.890439257294014,0.926370822952973,0.929713768338127
23.2352419240001,0.925295649623863,0.910043469674215,0.00120068507991973,0.0195514145832125,0.924094964543943,0.890492055091003,0.926496334703782,0.929594884257428
23.2413085668001,0.925310168421778,0.910010241508531,0.00131143360211232,0.0194656990628641,0.923998734819666,0.890544542445667,0.92662160202389,0.929475940571395
23.2473752096001,0.925324576081624,0.909976830469066,0.00142204714313406,0.0193801117494918,0.92390252893849,0.890596718719575,0.926746623224759,0.929356942218558
23.2534418524001,0.925338874040091,0.909943238891229,0.00153252281521249,0.0192946552977649,0.923806351224879,0.890648583593464,0.926871396855304,0.929237894188994
23.2595084952001,0.925353063773011,0.909909468789964,0.00164285778644139,0.0192093325715093,0.923710205986569,0.890700136218454,0.926995921559452,0.929118801361473
23.2655751380001,0.925367146571547,0.909875522581378,0.00175304897811846,0.019124146195339,0.923614097593428,0.890751376386039,0.927120195549665,0.928999668776717
23.2716417808001,0.925381124025657,0.909841402316921,0.00186309371742391,0.0190390989719439,0.923518030308233,0.890802303344977,0.927244217743081,0.928880501288865
23.2777084236001,0.925394997371371,0.909807110302333,0.00197298883805863,0.0189541936325502,0.923422008533312,0.890852916669783,0.927367986209429,0.928761303934883
23.2837750664001,0.92540876818247,0.909772648719703,0.0020827316563578,0.0188694328968721,0.923326036526112,0.890903215822831,0.927491499838828,0.928642081616575
23.2898417092001,0.925422437794789,0.909738019721304,0.00219231914226058,0.0187848195781905,0.923230118652529,0.890953200143114,0.92761475693705,0.928522839299495
23.2959083520001,0.925436007642396,0.909703225648101,0.00230174840926653,0.0187003563141203,0.923134259233129,0.891002869333981,0.927737756051663,0.928403581962221
23.3019749948001,0.925449479197027,0.909668268503558,0.00241101663795268,0.0186160459751662,0.923038462559075,0.891052222528392,0.92786049583498,0.928284314478725
23.3080416376001,0.92546285376066,0.909633150719957,0.00252012072337792,0.0185318911935241,0.922942733037282,0.891101259526433,0.927982974484038,0.928165041913481
23.3141082804001,0.925476132907824,0.909597874331206,0.00262905802635938,0.0184478947525249,0.922847074881465,0.891149979578681,0.928105190934184,0.928045769083731
23.3201749232001,0.925489317892487,0.909562441659487,0.00273782534591965,0.0183640594110438,0.922751492546568,0.891198382248443,0.928227143238407,0.927926501070531
23.3262415660001,0.925502410272598,0.909526854875654,0.00284642002671578,0.0182803878586104,0.922655990245882,0.891246467017044,0.928348830299313,0.927807242734265
23.3323082088001,0.925515411393105,0.909491116133941,0.00295483902412009,0.0181968829330556,0.922560572368985,0.891294233200885,0.928470250417225,0.927687999066996
23.3383748516001,0.925528322685679,0.909455227781083,0.00306307945244348,0.0181135472552616,0.922465243233236,0.891341680525822,0.928591402138123,0.927568775036345
23.3444414944001,0.925541145617738,0.909419191808897,0.003171138505207,0.0180303837020278,0.922370007112531,0.891388808106869,0.928712284122945,0.927449575510924
23.3505081372001,0.925553881502294,0.909383010666018,0.00327901305077008,0.017947394913571,0.922274868451524,0.891435615752447,0.928832894553064,0.927330405579589
23.3565747800001,0.925566531898341,0.909346686368716,0.00338670048381818,0.0178645836535421,0.922179831414523,0.891482102715174,0.928953232382159,0.927211270022258
23.3626414228001,0.925579098077668,0.909310221255467,0.00349419756892386,0.0177819527084364,0.922084900508744,0.89152826854703,0.929073295646592,0.927092173963903
23.3687080656001,0.925591581582617,0.909273617486175,0.00360150167860703,0.0176995047378232,0.92199007990401,0.891574112748352,0.929193083261224,0.926973122223998
23.3747747084001,0.925603983767027,0.909236877216766,0.00370860975413258,0.0176172426038319,0.921895374012895,0.891619634612934,0.92931259352116,0.926854119820598
23.3808413512001,0.925616306060396,0.909200002799966,0.00381551891016373,0.0175351689109336,0.921800787150233,0.891664833889033,0.92943182497056,0.9267351717109
23.3869079940001,0.925628549925597,0.909162996215767,0.00392222635362422,0.0174532865418388,0.921706323571973,0.891709709673928,0.929550776279221,0.926616282757606
23.3929746368001,0.925640716686905,0.90912585992935,0.00402872892571577,0.0173715981452239,0.921611987761189,0.891754261784126,0.92966944561262,0.926497458074574
23.3990412796001,0.925652807887661,0.909088595939241,0.00413502405522059,0.0172901064647408,0.921517783832441,0.8917984894745,0.929787831942882,0.926378702403981
23.4051079224001,0.925664824817368,0.909051206600063,0.00424110847249186,0.0172088143144724,0.921423716344876,0.89184239228559,0.92990593328986,0.926260020914535
23.4111745652001,0.925676769002983,0.909013694061054,0.00434697957745199,0.0171277243242545,0.921329789425531,0.8918859697368,0.930023748580435,0.926141418385309
23.4172412080001,0.925688641807011,0.90897606047957,0.00445263429771871,0.017046839380264,0.921236007509292,0.891929221099306,0.93014127610473,0.926022899859834
23.4233078508001,0.925700444657003,0.908938308214539,0.00455806974784801,0.0169661620708807,0.921142374909155,0.891972146143658,0.930258514404851,0.925904470285419
23.4293744936001,0.925712179011061,0.908900439233961,0.00466328314862621,0.0168856952843422,0.921048895862435,0.892014743949618,0.930375462159687,0.925786134518303
23.4354411364001,0.925723846204947,0.908862456019743,0.004768271313636,0.0168054416782266,0.920955574891311,0.892057014341516,0.930492117518583,0.92566789769797
23.4415077792001,0.925735447766241,0.908824360552569,0.00487303170598706,0.0167254039758654,0.920862416060254,0.892098956576704,0.930608479472228,0.925549764528435
23.4475744220001,0.925746985002042,0.908786155203064,0.00497756102204377,0.0166455850188962,0.920769423979998,0.892140570184167,0.930724546024085,0.92543174022196
23.4536410648001,0.92575845942415,0.908747842110082,0.00508185668867181,0.0165659874076483,0.920676602735479,0.892181854702434,0.930840316112822,0.92531382951773
23.4597077076001,0.925769872403512,0.908709423432142,0.0051859156203002,0.0164866140520944,0.920583956783212,0.892222809380047,0.930955788023812,0.925196037484236
23.4657743504001,0.925781225365954,0.908670901534591,0.00528973493091686,0.0164074675248468,0.920491490435037,0.892263434009744,0.931070960296871,0.925078369059438
23.4718409932001,0.925792519764584,0.908632278373265,0.00539331185563223,0.0163285507192833,0.920399207908952,0.892303727653982,0.931185831620216,0.924960829092549
23.4779076360001,0.925803756946877,0.908593556446986,0.0054966431799504,0.0162498663023241,0.920307113766926,0.892343690144662,0.931300400126827,0.92484342274931
23.4839742788001,0.925814938424535,0.908554737718491,0.0055997264015385,0.0161714169766596,0.920215212022997,0.892383320741831,0.931414664826074,0.92472615469515
23.4900409216001,0.925826065522145,0.90851582457426,0.00570255818300099,0.0160932056114522,0.920123507339144,0.892422618962807,0.931528623705146,0.924609030185712
23.4961075644001,0.925837139736575,0.908476819143048,0.00580513597768607,0.0160152347777498,0.920032003758889,0.892461584365298,0.931642275714261,0.924492053920798
23.5021742072001,0.925848162446985,0.908437723584271,0.00590745668729606,0.0159375074090693,0.919940705759689,0.892500216175201,0.931755619134282,0.92437523099334
23.5082408500001,0.925859135077704,0.908398540269912,0.00600951742479078,0.0158600260625764,0.919849617652914,0.892538514207336,0.931868652502495,0.924258566332489
23.5143074928001,0.925870059076623,0.908359271143472,0.00611131544006381,0.0157827936364062,0.919758743636559,0.892576477507066,0.931981374516686,0.924142064779878
23.5203741356001,0.925880935803149,0.908319918720869,0.00621284749008062,0.01570581280726,0.919668088313068,0.892614105913609,0.932093783293229,0.92402573152813
23.5264407784001,0.925891766752999,0.908280484946795,0.00631411110729543,0.015629086256868,0.919577655645704,0.892651398689927,0.932205877860295,0.923909571203664
23.5325074212001,0.925902553268134,0.908240972223439,0.00641510292078364,0.0155526168818843,0.91948745034735,0.892688355341555,0.932317656188918,0.923793589105323
23.5385740640001,0.925913296830712,0.908201382669741,0.00651582040991615,0.0154764072243025,0.919397476420796,0.892724975445439,0.932429117240628,0.923677789894044
23.5446407068001,0.925923998827886,0.908161718445747,0.00661626046412767,0.0154004602409318,0.919307738363758,0.892761258204815,0.932540259292014,0.923562178686678
23.5507073496001,0.92593466068271,0.908121981930292,0.0067164201948907,0.0153247784738137,0.919218240487819,0.892797203456479,0.932651080877601,0.923446760404106
23.5567739924001,0.925945283837631,0.90808217505437,0.00681629686734118,0.0152493648254551,0.91912898697029,0.892832810228914,0.932761580704972,0.923331539879825
23.5628406352001,0.925955869664218,0.908042300351182,0.0069158872094466,0.0151742219827789,0.919039982454771,0.892868078368403,0.932871756873665,0.923216522333961
23.5689072780001,0.925966419642089,0.908002359747273,0.00701518878867844,0.0150993526062347,0.91895123085341,0.892903007141038,0.932981608430767,0.923101712353508
23.5749739208001,0.925976913712104,0.907962334242035,0.00711422849094551,0.0150247293298039,0.918862685221159,0.892937604912231,0.93309114220305,0.922987063571839
23.5810405636001,0.925987144144117,0.907922016747052,0.00721329967158232,0.0149500588162507,0.918773844472534,0.892971957930801,0.933200443815699,0.922872075563303
23.5871072064001,0.925997058605423,0.907881355695112,0.00731247519054926,0.0148752680630935,0.918684583414873,0.893006087632019,0.933309533795972,0.922756623758206
23.5931738492001,0.926006658492692,0.907840353446786,0.00741175219319646,0.0148003595617436,0.918594906299496,0.893039993885043,0.933418410685888,0.92264071300853
23.5992404920001,0.926015945375549,0.907799012053232,0.00751112777249578,0.0147253364065636,0.918504817603053,0.893073675646669,0.933527073148045,0.922524348459796
23.6053071348001,0.926024920229011,0.907757333656184,0.00761059920527813,0.0146502007168164,0.918414321023733,0.893107132939368,0.933635519434289,0.922407534373001
23.6113737776001,0.926033584944716,0.90771532059217,0.00771016348864836,0.0145749557369638,0.918323421456067,0.893140364855206,0.933743748433364,0.922290276329134
23.6174404204001,0.926041940371246,0.90767297476657,0.00780981793171968,0.0144996036721432,0.918232122439527,0.893173371094427,0.933851758302966,0.922172578438713
23.6235070632001,0.92604998831726,0.907630298634784,0.00790955956213969,0.0144241475093052,0.91814042875512,0.893206151125479,0.933959547879399,0.922054446144089
23.6295737060001,0.926057729937572,0.907587294109678,0.00800938559641291,0.0143485899008668,0.918048344341159,0.893238704208812,0.934067115533985,0.921935884010545
23.6356403488001,0.926065166624829,0.907543963555908,0.00810929318200723,0.0142729333192317,0.917955873442822,0.893271030236676,0.934174459806836,0.92181689687514
23.6417069916001,0.926072299946161,0.907500309015178,0.00820927942325081,0.0141971808671733,0.917863020522911,0.893303128148005,0.934281579369412,0.921697489882351
23.6477736344001,0.926079130885597,0.907456332643281,0.00830934157214382,0.0141213346699686,0.917769789313454,0.893334997973313,0.934388472457741,0.92157766731325
23.6538402772001,0.926085661320548,0.907412036760488,0.00840947665830431,0.0140453979531213,0.917676184662244,0.893366638807367,0.934495137978852,0.921457434713609
23.6599069200001,0.926091892117738,0.907367423288556,0.00850968195644132,0.0139693729507313,0.917582210161296,0.893398050337825,0.934601574074179,0.921336796239288
23.6659735628001,0.926097825068983,0.907322494671114,0.00860995452281552,0.0138932626174028,0.917487870546167,0.893429232053712,0.934707779591798,0.921215757288517
23.6720402056001,0.926103461339423,0.907277252823869,0.00871029155879164,0.0138170696323426,0.917393169780632,0.893460183191526,0.934813752898215,0.921094322456211
23.6781068484001,0.926108802317899,0.907231700115768,0.00881069021350414,0.0137407964492619,0.917298112104394,0.893490903666506,0.934919492531403,0.92097249656503
23.6841734912001,0.926113849568828,0.907185838578902,0.00891114760308735,0.013664446178968,0.91720270196574,0.893521392399934,0.935024997171915,0.92085028475787
23.6902401340001,0.926118604085468,0.907139670383297,0.00901166095426253,0.0135880209531813,0.917106943131206,0.893551649430116,0.935130265039731,0.920727691336478
23.6963067768001,0.926123067730894,0.907093197832871,0.00911222732938444,0.0135115239781336,0.91701084040151,0.893581673854737,0.935235295060279,0.920604721811004
23.7023734196001,0.926127241389866,0.907046422865616,0.00921284396898321,0.0134349575168603,0.916914397420882,0.893611465348756,0.935340085358849,0.920481380382476
23.7084400624001,0.926131126837573,0.906999347913664,0.00931350795748273,0.0133583244918355,0.91681761888009,0.893641023421828,0.935444634795055,0.920357672405499
23.7145067052001,0.926134725249263,0.906951974895304,0.00941421648155805,0.0132816276088143,0.916720508767705,0.89367034728649,0.935548941730821,0.920233602504118
23.7205733480001,0.926138038010187,0.906904306183988,0.00951496669155981,0.0132048693031265,0.916623071318627,0.893699436880862,0.935653004701747,0.920109175487115
23.7266399908001,0.926141066681834,0.906856343802024,0.0096157557158798,0.0131280526932383,0.916525310965955,0.893728291108786,0.935756822397714,0.919984396495262
23.7327066336001,0.92614381226691,0.906808089933853,0.00971658075550769,0.0130511799177458,0.916427231511403,0.893756910016107,0.935860393022418,0.919859269851599
23.7387732764001,0.926146276614042,0.90675954686694,0.00981743890576199,0.0129742541632926,0.91632883770828,0.893785292703647,0.935963715519805,0.919733801030233
23.7448399192001,0.926148460625916,0.906710716555369,0.00991832737321898,0.0128972777218222,0.916230133252697,0.893813438833547,0.936066787999135,0.919607994277191
23.7509065620001,0.926150366061316,0.906661601420053,0.010019243270015,0.0128202534838947,0.916131122791301,0.893841347936159,0.936169609331331,0.919481854903948
23.7569732048001,0.926151994105378,0.906612203381606,0.0101201837685861,0.012743184181573,0.916031810336792,0.893869019200032,0.936272177873964,0.919355387563179
23.7630398476001,0.926153346139981,0.906562524818189,0.0102211460200477,0.012666072232117,0.915932200119933,0.893896452586072,0.936374492160029,0.919228597050306
23.7691064904001,0.926154423723468,0.906512567742165,0.0103221271655004,0.0125889207612767,0.915832296557968,0.893923646980889,0.936476550888969,0.919101488503442
23.7751731332001,0.92615522786821,0.90646233435257,0.0104231243797528,0.0125117319149539,0.915732103488458,0.893950602437616,0.936578352247963,0.918974066267524
23.7812397760001,0.926155760408279,0.906411826920316,0.0105241347913101,0.01243450885989,0.915631625616969,0.893977318060426,0.936679895199589,0.918846335780206
23.7873064188001,0.926156022264177,0.906361047415438,0.010625155573022,0.0123572539169078,0.915530866691155,0.89400379349853,0.936781177837199,0.918718301332346
23.7933730616001,0.9261560151785,0.906309998247904,0.0107261838642847,0.0122799699448728,0.915429831314216,0.894030028303032,0.936882199042785,0.918589968192777
23.7994397044001,0.926155740346055,0.906258681340394,0.0108272168237479,0.0122026597019105,0.915328523522307,0.894056021638484,0.936982957169803,0.918461341042305
23.8055063472001,0.926155199145568,0.906207099075992,0.0109282516028409,0.0121253255875247,0.915226947542727,0.894081773488467,0.937083450748409,0.918332424663516
23.8115729900001,0.926154393132017,0.906155253456948,0.0110292853558226,0.0120479707343749,0.915125107776195,0.894107282722573,0.93718367848784,0.918203224191323
23.8176396328001,0.926153323327655,0.906103145697665,0.0111303152308701,0.0119705987094696,0.915023008096785,0.894132546988196,0.937283638558525,0.918073744407135
23.8237062756001,0.926151991551891,0.906050729771501,0.0112313383899019,0.0118932809388445,0.914920653161989,0.894157448832656,0.937383329941793,0.917944010710346
23.8297729184001,0.926150398742935,0.905997881663882,0.0113323519722648,0.0118161979636705,0.91481804677067,0.894181683700212,0.9374827507152,0.917814079627553
23.8358395612001,0.926148546627413,0.905944597315841,0.0114333531441661,0.0117393617447081,0.914715193483246,0.894205235571133,0.937581899771579,0.917683959060549
23.8419062040001,0.926146436409581,0.905890880320222,0.0115343390509173,0.0116627727064891,0.914612097358664,0.894228107613733,0.937680775460499,0.917553653026711
23.8479728468001,0.926144069465235,0.905836734151989,0.0116353068438125,0.011586431694176,0.914508762621422,0.894250302457813,0.937779376309047,0.917423165846165
23.8540394896001,0.926141447345767,0.905782162405256,0.0117362536907199,0.011510339581195,0.914405193655047,0.894271822824061,0.937877701036487,0.917292501986451
23.8601061324001,0.926138571083532,0.905727168571514,0.0118371767127334,0.0114344967435775,0.914301394370799,0.894292671827937,0.937975747796265,0.917161665315091
23.8661727752001,0.926135442483166,0.90567175626069,0.0119380731054108,0.0113589043664284,0.914197369377755,0.894312851894262,0.938073515588577,0.917030660627118
23.8722394180001,0.926132062500477,0.905615928963216,0.012038939974821,0.0112835627225903,0.914093122525656,0.894332366240626,0.938171002475298,0.916899491685807
23.8783060608001,0.926128432846339,0.905559690216465,0.0121397745135313,0.0112084729840222,0.913988658332807,0.894351217232443,0.93826820735987,0.916768163200487
23.8843727036001,0.926124554734244,0.905503043599709,0.0122405738539673,0.0111336356222163,0.913883980880277,0.894369407977493,0.938365128588211,0.916636679221926
23.8904393464001,0.926120429537268,0.905445992609166,0.0123413351468355,0.0110590514426978,0.913779094390433,0.894386941166468,0.938461764684104,0.916505044051864
23.8965059892001,0.926116058803005,0.905388540815271,0.0124420555740648,0.0109847213437739,0.91367400322894,0.894403819471497,0.93855811437707,0.916373262159045
23.9025726320001,0.926111443574127,0.905330691731661,0.0125427322292154,0.0109106457001484,0.913568711344912,0.894420046031513,0.938654175803343,0.916241337431809
23.9086392748001,0.92610658564039,0.90527244895062,0.0126433623417095,0.010836825677205,0.91346322329868,0.894435623273415,0.938749947982099,0.916109274627825
23.9147059176001,0.92610148597509,0.90521381597268,0.0127439429845628,0.0107632615842534,0.913357542990527,0.894450554388426,0.938845428959653,0.915977077556933
23.9207725604001,0.926096146273566,0.905154796336802,0.0128444713762542,0.0106899545456581,0.913251674897312,0.894464841791144,0.938940617649821,0.91584475088246
23.9268392032001,0.926090567758329,0.905095393608372,0.0129449446367708,0.010616905079711,0.913145623121558,0.894478488528661,0.9390355123951,0.915712298688083
23.9329058460001,0.926084751799955,0.905035611305013,0.0130453599157834,0.0105441139526909,0.913039391884172,0.894491497352322,0.939130111715738,0.915579725257704
23.9389724888001,0.926078699942018,0.90497545297343,0.0131457144097307,0.0104715820872524,0.912932985532287,0.894503870886178,0.939224414351749,0.915447035060683
23.9450391316001,0.926072413237728,0.904914922149475,0.0132460051841895,0.0103993098573591,0.912826408053539,0.894515612292116,0.939318418421918,0.915314232006834
23.9511057744001,0.92606589346185,0.904854022407799,0.0133462295026715,0.0103272984082024,0.912719663959178,0.894526723999597,0.939412122964521,0.915181320816001
23.9571724172001,0.92605914160506,0.904792757258782,0.0134463844053646,0.0102555480856869,0.912612757199696,0.894537209173095,0.939505526010425,0.915048305344469
23.9632390600001,0.926052159347383,0.90473113024336,0.0135464671362072,0.0101840599666446,0.912505692211175,0.894547070276716,0.93959862648359,0.914915190210005
23.9693057028001,0.926044947920124,0.904669144912719,0.0136464748032011,0.0101128346160015,0.912398473116923,0.894556310296717,0.939691422723325,0.91478197952872
23.9753723456001,0.926037508691582,0.904606804806039,0.0137464045545291,0.0100418727611843,0.912291104137053,0.894564932044855,0.939783913246111,0.914648677567224
23.9814389884001,0.926029843201093,0.904544113446244,0.0138462536015909,0.00997117534865855,0.912183589599502,0.894572938097586,0.939876096802684,0.914515288794903
23.9875056312001,0.926021952512622,0.904481074391466,0.0139460189815289,0.0099007427522381,0.912075933531093,0.894580331639228,0.939967971494151,0.914381817143704
23.9935722740001,0.926013838385833,0.904417691198736,0.0140456979921692,0.00983057609644972,0.911968140393664,0.894587115102287,0.940059536378002,0.914248267295186
23.9996389168001,0.926005501828676,0.904353967388031,0.0141452876410989,0.00976067576392001,0.911860214187577,0.894593291624111,0.940150789469774,0.914114643151951
24.0057055596001,0.925996944506074,0.904289906502648,0.014244785197264,0.00969104278400926,0.91175215930881,0.894598863718639,0.940241729703338,0.913980949286658
24.0117722024001,0.925988167657916,0.904225512079258,0.0143441877571312,0.00962167776811612,0.911643979900785,0.894603834311142,0.940332355415047,0.913847189847374
24.0178388452001,0.925979172650437,0.904160787678753,0.0144434924669459,0.00955258140520555,0.911535680183491,0.894608206273547,0.940422665117383,0.913713369083959
24.0239054880001,0.925969961018517,0.90409573680022,0.0145426965535181,0.00948375466502106,0.911427264464999,0.894611982135199,0.940512657572035,0.913579491465241
24.0299721308001,0.925960533837095,0.904030363024142,0.0146417970251065,0.00941519792181406,0.911318736811989,0.894615165102328,0.940602330862202,0.913445560945956
24.0360387736001,0.925950892850626,0.90396466988994,0.0147407912140765,0.00934691227897502,0.91121010163655,0.894617757610965,0.940691684064702,0.913311582168915
24.0421054164001,0.925941039084222,0.903898660926935,0.0148396760956389,0.00927889815598091,0.911101362988584,0.894619762770954,0.940780715179861,0.913177559082916
24.0481720592001,0.925930974187927,0.903832339681175,0.0149384489632974,0.00921115653478145,0.91099252522463,0.894621183146393,0.940869423151224,0.913043496215956
24.0542387020001,0.925920699409992,0.903765709674499,0.0150371069024346,0.00914368807308343,0.910883592507557,0.894622021601415,0.940957806312426,0.912909397747582
24.0603053448001,0.925910216114805,0.903698774489663,0.0151356470569066,0.00907649342178344,0.910774569057899,0.894622281067879,0.941045863171712,0.912775267911446
24.0663719876001,0.925899525832576,0.903631537452202,0.0152340666693859,0.00900957378502691,0.910665459163191,0.894621963667176,0.941133592501962,0.912641111237229
24.0724386304001,0.925888622316947,0.903563994996787,0.015332352349092,0.00894293967549704,0.910556269967855,0.89462105532129,0.941220974666039,0.912506934672284
24.0785052732001,0.925877488075318,0.903496131540827,0.0154304742795169,0.00887661919269987,0.910447013795801,0.894619512348127,0.941307962354834,0.912372750733526
24.0845719160001,0.925866123933314,0.903427950294696,0.015528429097484,0.00881061325700627,0.91033769483583,0.894617337037689,0.941394553030798,0.912238563551702
24.0906385588001,0.925854532499253,0.903359455757192,0.0156262154965451,0.00874492146005919,0.910228317002707,0.894614534297133,0.941480747995798,0.912104377217251
24.0967052016001,0.925842715952868,0.903290652347312,0.0157238318572453,0.00867954321552128,0.910118884095623,0.894611109131791,0.941566547810114,0.911970195562834
24.1027718444001,0.925830676594566,0.903221544645354,0.0158212766466292,0.0086144777570121,0.910009399947937,0.894607066888342,0.941651953241195,0.911836022402366
24.1088384872001,0.925818416905773,0.903152137001406,0.0159185484758264,0.00854972482809232,0.909899868429947,0.894602412173314,0.9417369653816,0.911701861829498
24.1149051300001,0.925805938891421,0.903082434014292,0.0160156455772202,0.00848528342899793,0.909790293314201,0.894597150585294,0.941821584468641,0.91156771744329
24.1209717728001,0.925793245241425,0.903012440108149,0.0161125667334956,0.00842115331850449,0.90968067850793,0.894591286789645,0.941905811974921,0.911433593426654
24.1270384156001,0.925780337919982,0.902942159774198,0.0162093101357695,0.0083573336551989,0.909571027784213,0.894584826118999,0.941989648055752,0.911299493429397
24.1331050584001,0.925767219512377,0.902871597512102,0.0163058744891069,0.00829382398719175,0.90946134502327,0.894577773524911,0.942073094001483,0.911165421499294
24.1391717012001,0.925753892210413,0.90280075773233,0.0164022581697279,0.00823062376432767,0.909351634040685,0.894570133968002,0.942156150380141,0.911031381496658
24.1452383440001,0.925740358313389,0.90272964502754,0.016498459641814,0.00816773219681277,0.909241898671574,0.894561912830727,0.942238817955203,0.910897377224352
24.1513049868001,0.925726620292878,0.902658263735154,0.0165944775265472,0.00810514903386515,0.909132142766331,0.894553114701289,0.942321097819425,0.910763412769019
24.1573716296001,0.925712680174625,0.902586618466551,0.0166903100390686,0.00804287329206022,0.909022370135557,0.894543745174491,0.942402990213694,0.910629491758611
24.1634382724001,0.92569854062179,0.902514713634051,0.0167859559814076,0.0079809046994852,0.908912584640383,0.894533808934565,0.942484496603198,0.910495618333536
24.1695049152001,0.925684203626251,0.902442553735948,0.0168814135283214,0.00791924245409777,0.90880279009793,0.89452331128185,0.942565617154572,0.910361796190045
24.1755715580001,0.925669671750628,0.902370143273087,0.0169766813961481,0.00785788606064359,0.90869299035448,0.894512257212443,0.942646353146776,0.91022802933373
24.1816382008001,0.925654947198429,0.902297486647165,0.0170717579570236,0.00779683500487812,0.908583189241405,0.894500651642287,0.942726705155453,0.910094321652044
24.1877048436001,0.925640032268209,0.902224588463319,0.0171666416720246,0.00773608847404105,0.908473390596185,0.894488499989278,0.942806673940234,0.90996067693736
24.1937714864001,0.925624929421323,0.902151453046213,0.0172613311726266,0.00767564622252885,0.908363598248697,0.894475806823684,0.94288626059395,0.909827099268742
24.1998381292001,0.925609640704699,0.902078085019924,0.017355824656489,0.00761550728373381,0.90825381604821,0.894462577736191,0.942965465361188,0.909693592303658
24.2059047720001,0.925594168754551,0.902004488784891,0.017450120945105,0.00755567135469166,0.908144047809446,0.894448817430199,0.943044289699656,0.909560160139583
24.2119714148001,0.925578515590259,0.901930668846306,0.0175442181969917,0.00749613767275324,0.908034297393267,0.894434531173552,0.943122733787251,0.909426806519059
24.2180380576001,0.925562683752146,0.901856629706505,0.017638115139521,0.00743690569946406,0.907924568612625,0.894419724007041,0.943200798891667,0.909293535405969
24.2241047004001,0.925546675455055,0.901782375758179,0.0177318101409841,0.00737797495622286,0.907814865314071,0.894404400801956,0.943278485596039,0.909160350714402
24.2301713432001,0.925530492997168,0.901707911619053,0.0178253016591139,0.00731934460774605,0.907705191338054,0.894388567011307,0.943355794656282,0.909027256226799
24.2362379860001,0.92551413882925,0.901633241600943,0.0179185883359178,0.00726101441313167,0.907595550493333,0.894372227187812,0.943432727165168,0.908894256014075
24.2423046288001,0.92549761501978,0.901558370340773,0.0180116683513339,0.00720298342306703,0.907485946668446,0.894355386917706,0.943509283371114,0.90876135376384
24.2483712716001,0.925480924177846,0.90148330222703,0.0181045405464396,0.00714525130317356,0.907376383631407,0.894338050923857,0.943585464724286,0.908628553530204
24.2544379144001,0.925464068350146,0.901408041771633,0.0181972030636331,0.00708781733021327,0.907266865286513,0.89432022444142,0.943661271413779,0.908495859101846
24.2605045572001,0.925447050055069,0.901332593478719,0.0182896546410781,0.0070306809227022,0.907157395413991,0.894301912556017,0.943736704696147,0.908363274401421
24.2665712000001,0.92542987151843,0.901256961731732,0.0183818936434622,0.00697384163741,0.907047977874968,0.894283120094322,0.943811765161893,0.908230803369142
24.2726378428001,0.925412535038402,0.901181151161102,0.018473918524933,0.00691729861697777,0.906938616513469,0.894263852544124,0.943886453563335,0.90809844977808
24.2787044856001,0.925395043054797,0.901105166065707,0.0185657279382729,0.00686105162472297,0.906829315116524,0.894244114440984,0.94396077099307,0.90796621769043
24.2847711284001,0.925377397658007,0.901029011095457,0.0186573200454556,0.00680509972910934,0.906720077612552,0.894223911366348,0.944034717703463,0.907834110824566
24.2908377712001,0.925359601429816,0.90095269062683,0.0187486937072648,0.00674944256397906,0.906610907722551,0.894203248062851,0.94410829513708,0.907702133190809
24.2969044140001,0.92534165644405,0.90087620917829,0.0188398470500975,0.00669407944552784,0.906501809393952,0.894182129732762,0.944181503494148,0.907570288623818
24.3029710568001,0.925323565197537,0.900799562697753,0.0189307788226712,0.0066389976460928,0.906392786374866,0.89416056505166,0.944254344020208,0.907438560343845
24.3090376996001,0.925305329926694,0.900722697473485,0.0190214873863095,0.00658411461197229,0.906283842540384,0.894138582861512,0.944326817313003,0.907306812085457
24.3151043424001,0.925286952930051,0.900645607411463,0.0191119711913346,0.00652941427938144,0.906174981738716,0.894116193132081,0.944398924121385,0.907175021690844
24.3211709852001,0.925268436636102,0.900568296848401,0.0192022289015433,0.00647489648731141,0.906066207734559,0.894093400361089,0.944470665537645,0.907043193335712
24.3272376280001,0.92524978315752,0.900490770780192,0.0192922586607062,0.0064205607932041,0.905957524496814,0.894070209986988,0.944542041818227,0.906911331573396
24.3333042708001,0.925230995048597,0.900413033644932,0.0193820593494314,0.00636640690297884,0.905848935699165,0.894046626741953,0.944613054398028,0.906779440547911
24.3393709136001,0.92521207441011,0.900335090225581,0.0194716290782375,0.00631243453733014,0.905740445331873,0.894022655688251,0.944683703488348,0.906647524762911
24.3454375564001,0.925193023717688,0.900256945198527,0.0195609666061528,0.00625864326639072,0.905632057111535,0.893998301932136,0.944753990323841,0.906515588464917
24.3515041992001,0.925173845217983,0.900178603082719,0.0196500702913789,0.00620503293566521,0.905523774926604,0.893973570147053,0.944823915509362,0.906383636018384
24.3575708420001,0.925154541210254,0.900100068804959,0.0197389385801716,0.00615160302769163,0.905415602630082,0.893948465777268,0.944893479790425,0.906251671832651
24.3636374848001,0.925135114111305,0.900021346690285,0.0198275701475818,0.00609835338676872,0.905307543963723,0.893922993303516,0.944962684258887,0.906119700077053
24.3697041276001,0.925115566056458,0.899942441745824,0.0199159631189382,0.00604528358618105,0.90519960293752,0.893897158159643,0.945031529175396,0.905987725332005
24.3757707704001,0.92509589957233,0.899863358399884,0.0200041163947926,0.00599239330266991,0.905091783177537,0.893870965097214,0.945100015967122,0.905855751702554
24.3818374132001,0.925076116786465,0.899784101439554,0.0200920280699048,0.00593968229348424,0.90498408871656,0.89384441914607,0.94516814485637,0.905723783733039
24.3879040560001,0.925056220153661,0.89970467554514,0.0201796969133753,0.00588715008789674,0.904876523240285,0.893817525457243,0.945235917067036,0.905591825633036
24.3939706988001,0.925036211930439,0.899625085225332,0.0202671212805221,0.00583479656555591,0.904769090649917,0.893790288659776,0.945303333210961,0.905459881790888
24.4000373416001,0.925016094417149,0.899545335419391,0.0203542996132955,0.00578262118742639,0.904661794803853,0.893762714231965,0.945370394030444,0.905327956606818
24.4061039844001,0.924995870018543,0.899465430440618,0.0204412305982413,0.00573062380267685,0.904554639420302,0.893734806637941,0.945437100616785,0.905196054243294
24.4121706272001,0.924975540892959,0.899385375307504,0.0205279123420038,0.005678804000894,0.904447628550955,0.89370657130661,0.945503453234963,0.905064179308398
24.4182372700001,0.924955109539153,0.89930517443849,0.0206143437652006,0.00562716142925569,0.904340765773952,0.893678013009234,0.945569453304353,0.904932335867745
24.4243039128001,0.924934578111254,0.899224832624647,0.0207005229469522,0.00557569588162849,0.904234055164302,0.893649136743018,0.945635101058207,0.904800528506275
24.4303705556001,0.924913949043594,0.899144354550479,0.0207864486661907,0.00552440684654841,0.904127500377403,0.893619947703931,0.945700397709785,0.904668761397027
24.4364371984001,0.924893224602199,0.899063744714211,0.0208721192755915,0.00547329423758234,0.904021105326608,0.893590450476629,0.945765343877791,0.904537038951793
24.4425038412001,0.924872407088876,0.898983008067647,0.0209575332125584,0.00542235749452451,0.903914873876317,0.893560650573122,0.945829940301434,0.904405365562171
24.4485704840001,0.924851498895957,0.898902148912287,0.021042689175373,0.00537159647097518,0.903808809720584,0.893530552441312,0.94589418807133,0.904273745383262
24.4546371268001,0.924830502205162,0.898821172278121,0.0211275852517552,0.00532101077328186,0.903702916953407,0.893500161504839,0.945958087456917,0.904142183051402
24.4607037696001,0.924809419487205,0.898740082573637,0.0212122203825076,0.00527060001867455,0.903597199104698,0.893469482554963,0.946021639869713,0.904010682592312
24.4667704124001,0.924788252922616,0.898658884593747,0.0212965926312318,0.00522036403769983,0.903491660291385,0.893438520556047,0.946084845553848,0.903879248631447
24.4728370552001,0.924767004925628,0.898577583027433,0.0213807007864517,0.00517030227828392,0.903386304139176,0.893407280749149,0.946147705712079,0.903747885305717
24.4789036980001,0.924745677771403,0.898496182362244,0.02146454319844,0.00512041468768238,0.903281134572963,0.893375767674562,0.946210220969843,0.903616597049927
24.4849703408001,0.924724273763573,0.898414687562614,0.0215481182998135,0.00507070068492254,0.90317615546376,0.893343986877691,0.946272392063387,0.903485388247536
24.4910369836001,0.924702795281686,0.898333102918182,0.0216314248008303,0.00502116012760055,0.903071370480855,0.893311942790582,0.946334220082516,0.903354263045783
24.4971036264001,0.924681244531206,0.898251433470561,0.0217144607700445,0.00497179263928218,0.902966783761162,0.893279640831279,0.946395705301251,0.903223226109843
24.5031702692001,0.924659623954626,0.898169683618214,0.0217972251685652,0.00492259780686489,0.902862398786061,0.893247085811349,0.946456849123191,0.903092281425079
24.5092369120001,0.92463793575869,0.898087858159741,0.0218797160445957,0.00487357549763762,0.902758219714094,0.893214282662103,0.946517651803286,0.902961433657379
24.5153035548001,0.9246161823379,0.898005961788889,0.0219619321960097,0.00482472511904183,0.90265425014189,0.893181236669848,0.94657811453391,0.902830686907931
24.5213701976001,0.924594365976189,0.89792399898232,0.0220438719709183,0.00477604665179444,0.902550494005271,0.893147952330525,0.946638237947108,0.902700045634114
24.5274368404001,0.92457248897938,0.89784197471718,0.0221255337969119,0.00472753949456016,0.902446955182468,0.89311443522262,0.946698022776292,0.90256951421174
24.5335034832001,0.924550553713867,0.897759893271189,0.0222069163964644,0.00467920350849146,0.902343637317403,0.893080689762698,0.946757470110332,0.902439096779681
24.5395701260001,0.92452856240923,0.897677759697713,0.0222880178187239,0.00463103833483306,0.902240544590506,0.89304672136288,0.946816580227954,0.902308798032546
24.5456367688001,0.924506517479553,0.897595578385108,0.0223688370452265,0.00458304352976411,0.902137680434327,0.893012534855344,0.94687535452478,0.902178621914873
24.5517034116001,0.924484421157614,0.897513354135519,0.0224493721088963,0.00453521899737855,0.902035049048718,0.892978135138141,0.946933793266511,0.902048573132898
24.5577700544001,0.92446227581855,0.897431091647736,0.0225296218167175,0.00448756410475932,0.901932654001832,0.892943527542977,0.946991897635267,0.901918655752495
24.5638366972001,0.924440083754696,0.897348795387325,0.0226095845148803,0.00444007886585545,0.901830499239816,0.892908716521469,0.947049668269577,0.90178887425318
24.5699033400001,0.924417847274435,0.897266470344233,0.0226892586257071,0.00439276265937341,0.901728588648728,0.89287370768486,0.947107105900142,0.901659233003607
24.5759699828001,0.92439556873064,0.897184120784197,0.0227686428841277,0.00434561534958602,0.901626925846512,0.892838505434611,0.947164211614768,0.901529736133783
24.5820366256001,0.924373250377373,0.897101751772465,0.0228477353196461,0.00429863659587215,0.901525515057727,0.892803115176593,0.947220985697019,0.901400388368337
24.5881032684001,0.924350894600126,0.897019367687208,0.0229265349343433,0.00425182592331024,0.901424359665783,0.892767541763898,0.94727742953447,0.901271193610519
24.5941699112001,0.924328503657528,0.896936973333968,0.0230050397459857,0.00420518327286143,0.901323463911543,0.892731790061106,0.947333543403514,0.901142156606829
24.6002365540001,0.924306079905716,0.89685457341686,0.0230832485704274,0.00415870797137497,0.901222831335288,0.892695865445486,0.947389328476143,0.901013281388235
24.6063031968001,0.924283625645064,0.896772172390148,0.0231611597521778,0.0041124000658043,0.901122465892886,0.892659772324343,0.947444785397242,0.900884572455952
24.6123698396001,0.924261143186877,0.896689775256662,0.0232387717080502,0.00406625891530176,0.901022371478827,0.89262351634136,0.947499914894928,0.900756034171964
24.6184364824001,0.924238634870144,0.896607386270094,0.023316083185673,0.00402028438682201,0.900922551684471,0.892587101883272,0.947554718055817,0.900627670656916
24.6245031252001,0.924216102973774,0.896525010507704,0.0233930921946629,0.00397447615833738,0.900823010779111,0.892550534349367,0.947609195168437,0.900499486666042
24.6305697680001,0.924193549854484,0.896442652337401,0.0234697977577682,0.00392883372344154,0.900723752096716,0.89251381861396,0.947663347612252,0.900371486060843
24.6366364108001,0.924170977796571,0.896360316567975,0.0235461978777164,0.00388335706002367,0.900624779918854,0.892476959507951,0.947717175674287,0.900243673627998
24.6427030536001,0.924148389137537,0.896278007909151,0.0236222913789918,0.00383804545482624,0.900526097758546,0.892439962454325,0.947770680516529,0.900116053363977
24.6487696964001,0.924125786185431,0.896195730803676,0.0236980766046626,0.00379289898757879,0.900427709580768,0.892402831816097,0.947823862790093,0.899988629791255
24.6548363392001,0.924103171254845,0.896113490267353,0.0237735519657941,0.00374791699828235,0.900329619289051,0.892365573269071,0.947876723220639,0.899861407265635
24.6609029820001,0.924080546670518,0.896031290541766,0.0238487162229522,0.0037030993561374,0.900231830447566,0.892328191185629,0.94792926289347,0.899734389897904
24.6669696248001,0.924057914736572,0.895949136716319,0.0239235673656266,0.00365844575816734,0.900134347370945,0.892290690958152,0.947981482102198,0.899607582474487
24.6730362676001,0.924035277780766,0.895867033148575,0.023998104437353,0.00361395566609565,0.900037173343413,0.89225307748248,0.948033382218119,0.899480988814671
24.6791029104001,0.92401263811288,0.895784984650429,0.0240723254259407,0.0035696290948036,0.89994031268694,0.892215355555625,0.948084963538821,0.899354613745232
24.6851695532001,0.923989998052154,0.895702995937496,0.0241462291642623,0.00352546529105172,0.899843768887891,0.892177530646444,0.948136227216416,0.899228461228547
24.6912361960001,0.923967359913935,0.895621071440798,0.0242198139941872,0.00348146436711709,0.899747545919748,0.892139607073681,0.948187173908123,0.899102535807915
24.6973028388001,0.923944726016479,0.895539216189196,0.024293078320791,0.00343762564425362,0.899651647695688,0.892101590544942,0.94823780433727,0.89897684183345
24.7033694816001,0.923922098669901,0.895457434412103,0.0243660209178172,0.00339394899347059,0.899556077752083,0.892063485418633,0.948288119587718,0.898851383405574
24.7094361244001,0.923899480203905,0.895375731211198,0.0244386397543902,0.00335043413129895,0.899460840449515,0.892025297079899,0.948338119958295,0.898726165342497
24.7155027672001,0.92387687291711,0.895294110933619,0.0245109338949501,0.00330708048721091,0.89936593902216,0.891987030446408,0.94838780681206,0.89860119142083
24.7215694100001,0.923854279144596,0.895212578394217,0.0245829013125104,0.0032638881131387,0.899271377832086,0.891948690281079,0.948437180457107,0.898476466507356
24.7276360528001,0.923831598454936,0.895131035582015,0.0246546861341637,0.00322071092991662,0.899176912320772,0.891910324652099,0.948486284589099,0.898351746511932
24.7337026956001,0.923808720613173,0.895049374358859,0.0247264458807998,0.00317738990216029,0.899082274732374,0.891871984456698,0.948535166493973,0.898226764261019
24.7397693384001,0.923785646937074,0.894967598762235,0.0247981803718588,0.00313392291218732,0.898987466565215,0.891833675850048,0.948583827308932,0.898101521674422
24.7458359812001,0.923762379138063,0.894885712425625,0.024869889219987,0.00309030900689303,0.898892489918076,0.891795403418732,0.94863226835805,0.897976021432518
24.7519026240001,0.923738918441121,0.894803719332436,0.0249415719727121,0.00304654632376426,0.898797346468409,0.891757173008672,0.948680490413833,0.897850265656201
24.7579692668001,0.923715266725987,0.894721623429751,0.0250132282664142,0.003002633708723,0.898702038459573,0.891718989721028,0.948728494992402,0.897724257138474
24.7640359096001,0.923691425229086,0.894639428411456,0.0250848576486859,0.00295856966155996,0.8986065675804,0.891680858749897,0.948776282877771,0.897597998073016
24.7701025524001,0.923667395690156,0.894557138461731,0.025156459737881,0.00291435258002672,0.898510935952275,0.891642785881704,0.948823855428037,0.897471491041757
24.7761691952001,0.923643179562975,0.894474757112436,0.0252280341117437,0.00286998140325671,0.898415145451231,0.891604775709179,0.948871213674719,0.897344738515693
24.7822358380001,0.923618778333311,0.894392288577901,0.0252995803518613,0.00282545422701023,0.898319197981449,0.89156683435089,0.948918358685172,0.897217742804911
24.7883024808001,0.923594193704797,0.894309736486872,0.0253710980738476,0.00278077010980826,0.898223095630949,0.891528966377063,0.948965291778645,0.89709050659668
24.7943691236001,0.923569426917459,0.894227104824023,0.0254425868203178,0.00273592719362774,0.898126840097141,0.891491177630395,0.949012013737777,0.896963032017651
24.8004357664001,0.923544479832695,0.894144397537017,0.0255140462330096,0.00269092430715739,0.898030433599685,0.89145347322986,0.949058526065704,0.896835321844175
24.8065024092001,0.923519353704609,0.894061618315157,0.0255854758552131,0.0026457599771113,0.897933877849396,0.891415858338045,0.949104829559822,0.896707378292268
24.8125690520001,0.923494050259217,0.893978771352794,0.0256568753080843,0.00260043256650168,0.897837174951133,0.891378338786293,0.949150925567302,0.896579203919296
24.8186356948001,0.923468570956768,0.893895860169708,0.0257282441685105,0.0025549410467041,0.897740326788258,0.891340919123004,0.949196815125279,0.896450801216412
24.8247023376001,0.923442917283811,0.893812888989562,0.0257995820169906,0.00250928349032017,0.89764333526682,0.891303605499242,0.949242499300801,0.896322172479882
24.8307689804001,0.923417090935944,0.893729861436434,0.0258708884721723,0.00246345896723371,0.897546202463771,0.8912664024692,0.949287979408116,0.896193320403668
24.8368356232001,0.923391093168482,0.893646781496269,0.0259421630716916,0.00241746562419551,0.89744893009679,0.891229315872073,0.949333256240174,0.896064247120464
24.8429022660001,0.923364925824358,0.893563653117294,0.0260134054626772,0.00237130227236383,0.897351520361681,0.89119235084493,0.949378331287035,0.895934955389657
24.8489689088001,0.923338590175239,0.893480479984138,0.0260846151841495,0.00232496746552468,0.897253974991089,0.891155512518613,0.949423205359388,0.895805447449663
24.8550355516001,0.923312087933657,0.893397266301491,0.0261557918600009,0.00227845953190463,0.897156296073656,0.891118806769586,0.949467879793658,0.895675725833395
24.8611021944001,0.923285420566089,0.893314015576958,0.0262269350663273,0.00223177747506554,0.897058485499762,0.891082238101893,0.949512355632416,0.895545793052024
24.8671688372001,0.92325858956011,0.893230732043505,0.0262980443824745,0.00218491934468007,0.896960545177635,0.891045812698825,0.949556633942584,0.895415651388185
24.8732354800001,0.92323159660304,0.893147419320597,0.0263691194301883,0.00213788422173292,0.896862477172852,0.891009535098865,0.949600716033228,0.89528530354233
24.8793021228001,0.923204442965725,0.893064081395459,0.0264401597420607,0.0020906702580301,0.896764283223665,0.890973411137429,0.949644602707786,0.895154751653489
24.8853687656001,0.923177130472513,0.892980722216864,0.0265111649706442,0.00204327624690485,0.896665965501869,0.890937445969959,0.949688295443157,0.895023998463769
24.8914354084001,0.923149660412511,0.892897345464686,0.0265821346507224,0.00199570076936435,0.896567525761788,0.890901644695321,0.949731795063233,0.89489304623405
24.8975020512001,0.923122034485009,0.892813955354106,0.0266530684088579,0.00194794211879842,0.896468966076151,0.890866013235307,0.949775102893867,0.894761897472904
24.9035686940001,0.923094254162473,0.892730555380474,0.0267239658204218,0.00189999933090416,0.896370288342051,0.89083055604957,0.949818219982895,0.894630554711378
24.9096353368001,0.923066320933744,0.892647149786014,0.02679482646354,0.00185187043265267,0.896271494470204,0.890795279353361,0.949861147397284,0.894499020218666
24.9157019796001,0.923038236477621,0.892563742185646,0.0268656499631224,0.00180355451586863,0.896172586514498,0.890760187669778,0.949903886440743,0.894367296701515
24.9217686224001,0.923010002080725,0.892480336567879,0.0269364358466524,0.00175504973769512,0.896073566234073,0.890725286830184,0.949946437927377,0.894235386305574
24.9278352652001,0.922981619548696,0.892396936882014,0.0270071837721382,0.00170635487334359,0.895974435776558,0.89069058200867,0.949988803320835,0.894103291755357
24.9339019080001,0.92295309018796,0.892313546803085,0.0270778932701584,0.0016574685311929,0.895875196917802,0.890656078271892,0.950030983458119,0.893971015334278
24.9399685508001,0.922924415684811,0.892230170556924,0.027148563969883,0.00160838896974596,0.895775851714928,0.890621781587178,0.950072979654694,0.89383855952667
24.9460351936001,0.922895597517457,0.892146811626538,0.0272191954460205,0.0015591152567832,0.895676402071436,0.890587696369754,0.950114792963478,0.893705926883321
24.9521018364001,0.922866637176249,0.892063474263373,0.0272897872754142,0.00150964539680159,0.895576849900835,0.890553828866572,0.950156424451663,0.893573119660175
24.9581684792001,0.922837536331223,0.891980162077866,0.0273603390862021,0.00145997849220368,0.895477197245021,0.890520183585662,0.950197875417425,0.893440140570069
24.9642351220001,0.922808296285017,0.891896879059813,0.0274308504006939,0.00141011270575324,0.895377445884323,0.89048676635406,0.950239146685711,0.893306991765566
24.9703017648001,0.922778918824443,0.891813629159028,0.027501320882386,0.00136004679424313,0.895277597942057,0.890453582364785,0.950280239706829,0.893173675953271
24.9763684076001,0.922749405273124,0.891730416045621,0.0275717500576854,0.00130977939357317,0.895177655215438,0.890420636652047,0.950321155330809,0.893040195439194
24.9824350504001,0.922719757304599,0.891647243252932,0.0276421375583034,0.00125930972192431,0.895077619746295,0.890387933531007,0.950361894862902,0.892906552974856
24.9885016932001,0.922689976402576,0.89156408033125,0.0277124829583513,0.00120868484964295,0.894977493444225,0.890355395481607,0.950402459360928,0.892772765180893
24.9945683360001,0.922660064059161,0.891480782953319,0.0277827858333243,0.00115811289398573,0.894877278225837,0.890322670059333,0.950442849892485,0.892638895847304
25.0006349788001,0.922630021935382,0.891397333972396,0.0278530458146545,0.00110762231649809,0.894776976120728,0.890289711655898,0.950483067750037,0.892504956288894
25.0067016216001,0.922599851350138,0.891313735910492,0.0279232624194124,0.00105721336344343,0.894676588930726,0.890256522547048,0.95052311376955,0.892370949273935
25.0127682644001,0.92256955407129,0.891229991308756,0.0279934353166155,0.00100688676575085,0.894576118754675,0.890223104543005,0.950562989387906,0.892236878074507
25.0188349072001,0.922539131439538,0.891146102628759,0.0280635640285305,0.000956642889037943,0.894475567411007,0.890189459739721,0.950602695468068,0.892102745517797
25.0249015500001,0.922508585115907,0.891062072437796,0.0281336481893454,0.000906482298204912,0.894374936926562,0.890155590139591,0.950642233305253,0.891968554736001
25.0309681928001,0.922477916589367,0.890977903178792,0.0282036873726407,0.000856405560665111,0.894274229216727,0.890121497618127,0.950681603962008,0.891834308739457
25.0370348356001,0.922447127354016,0.890893597426919,0.0282736811524976,0.000806413033184057,0.894173446201518,0.890087184393735,0.950720808506513,0.891700010460103
25.0431014784001,0.922416219061635,0.890809157646193,0.0283436291637067,0.000756505447396887,0.894072589897928,0.890052652198796,0.950759848225341,0.89156566309359
25.0491681212001,0.922385193047623,0.890724586356629,0.0284135309180351,0.000706683060414562,0.893971662129588,0.890017903296215,0.950798723965658,0.891431269417044
25.0552347640001,0.922354051060773,0.890639886096968,0.0284833860900528,0.000656946588233787,0.89387066497072,0.889982939508734,0.950837437150825,0.891296832685201
25.0613014068001,0.922322794458737,0.89055505933275,0.0285531941979205,0.000607296411474097,0.893769600260817,0.889947762921276,0.950875988656658,0.891162355744224
25.0673680496001,0.922291424890273,0.890470108627041,0.0286229548782371,0.00055773308171761,0.893668470012036,0.889912375545323,0.950914379768511,0.891027841708758
25.0734346924001,0.922259943849366,0.890385036427178,0.0286926677041167,0.00050825717424212,0.893567276145249,0.889876779252936,0.950952611553482,0.890893293601421
25.0795013352001,0.922228352832349,0.890299845303479,0.0287623322481615,0.000458869043768018,0.893466020584188,0.889840976259711,0.950990685080511,0.890758714347247
25.0855679780001,0.922196653481516,0.890214537725027,0.0288319481485862,0.000409569418478751,0.893364705332929,0.889804968306548,0.951028601630102,0.890624107143506
25.0916346208001,0.922164847149009,0.890129116209958,0.0289015149117891,0.000360358566458893,0.89326333223722,0.889768757643499,0.951066362060798,0.890489474776417
25.0977012636001,0.922132935564427,0.890043583294479,0.0289710322179263,0.000311237188630374,0.893161903346501,0.889732346105849,0.951103967782354,0.89035482048311
25.1037679064001,0.922100920102259,0.889957941448126,0.0290404995810831,0.000262205680611511,0.893060420521176,0.889695735767515,0.951141419683342,0.890220147128738
25.1098345492001,0.922068802399233,0.889872193229778,0.0291099166402052,0.00021326458077272,0.892958885759027,0.889658928649005,0.951178719039438,0.89008545781055
25.1159011920001,0.922036583954107,0.88978634109116,0.0291792829680058,0.00016441447212144,0.892857300986101,0.889621926619038,0.951215866922113,0.889950755563281
25.1219678348001,0.922004266265698,0.889700387597748,0.0292485981355431,0.000115655707485944,0.892755668130155,0.889584731890262,0.951252864401241,0.889816043305234
25.1280344776001,0.921971850966562,0.889614335223647,0.0293178617845201,6.69890114917691e-05,0.892653989182042,0.889547346212156,0.951289712751082,0.889681324235139
25.1341011204001,0.921939339425831,0.88952818648523,0.0293870734159021,1.84146633242793e-05,0.892552266009928,0.889509771821905,0.951326412841733,0.889546601148554
25.1401677632001,0.921906733353789,0.889441943916041,0.0294562327154624,3.00666513113809e-05,0.892450500638327,0.88941187726473,0.951362966069252,0.889472010567353
25.1462344060001,0.921874034141638,0.889355609989636,0.0295253391932453,7.84545218016486e-05,0.892348694948393,0.889277155467834,0.951399373334884,0.889434064511438
25.1523010488001,0.921841243414321,0.889269187260757,0.0295943924904774,0.000126748422882925,0.892246850923844,0.889142438837874,0.951435635904799,0.88939593568364
25.1583676916001,0.921808362675129,0.889182678185486,0.0296633921795355,0.000174947763948211,0.892144970495593,0.889007730421537,0.951471754854664,0.889357625949434
25.1644343344001,0.921775393425597,0.889096085324477,0.0297323378298693,0.000223052193914784,0.892043055595728,0.888873033130563,0.951507731255467,0.889319137518392
25.1705009772001,0.921742337288309,0.889009411156804,0.0298012290867357,0.000271060991815656,0.891941108201573,0.888738350164988,0.951543566375045,0.88928047214862
25.1765676200001,0.921709195649625,0.888922658197194,0.0298700654456006,0.000318973867241973,0.891839130204024,0.888603684329952,0.951579261095225,0.889241632064436
25.1826342628001,0.921675970200395,0.888835828976404,0.0299388465978887,0.000366790149843151,0.891737123602507,0.88846903882656,0.951614816798284,0.889202619126247
25.1887009056001,0.921642662348411,0.88874892597203,0.0300075720496342,0.000414509414017526,0.891635090298777,0.888334416558012,0.951650234398046,0.889163435386048
25.1947675484001,0.921609273707075,0.888661951734729,0.0300762414442806,0.000462131147501157,0.891533032262795,0.888199820587228,0.951685515151356,0.88912408288223
25.2008341912001,0.921575805783965,0.888574908724906,0.0301448543539331,0.000509654752219215,0.891430951430032,0.888065253972687,0.951720660137898,0.889084563477126
25.2069008340001,0.921542260083584,0.888487799498416,0.0302134103463676,0.000557079878685839,0.891328849737216,0.887930719619731,0.951755670429951,0.889044879377102
25.2129674768001,0.921508638218293,0.888400626539247,0.0302819090704601,0.000604405809696455,0.891226729147833,0.887796220729551,0.951790547288753,0.889005032348944
25.2190341196001,0.921474941591927,0.888313392360601,0.0303503500161123,0.000651632243491459,0.891124591575815,0.88766176011711,0.95182529160804,0.888965024604093
25.2251007624001,0.921441171875781,0.888226099490316,0.0304187328804322,0.000698758525217475,0.891022438995349,0.887527340965099,0.951859904756213,0.888924858015534
25.2311674052001,0.921407330494115,0.888138750410058,0.0304870571654771,0.000745784214287716,0.890920273328637,0.88739296619577,0.951894387659592,0.888884534624346
25.2372340480001,0.921373419049031,0.888051347666443,0.0305553225168422,0.000792708811334513,0.890818096532189,0.887258638855108,0.951928741565873,0.888844056477778
25.2433006908001,0.921339439052153,0.887963893724173,0.0306235285064259,0.000839531710943873,0.890715910545727,0.887124362013229,0.951962967558579,0.888803425435117
25.2493673336001,0.921305392011192,0.887876391051693,0.0306916747002652,0.000886252448235599,0.890613717310927,0.886990138603458,0.951997066711458,0.888762643499929
25.2554339764001,0.921271275546532,0.887788837994237,0.0307597551202034,0.000932864449897813,0.890511520426328,0.88685597354434,0.952031030666735,0.888721702444135
25.2615006192001,0.921237064672319,0.88770121124193,0.0308277319048085,0.000979330885346614,0.89040933276751,0.886721880356584,0.952064796577127,0.888680542127277
25.2675672620001,0.921202755515484,0.88761350741706,0.030895596943818,0.00102564276796297,0.890307158571666,0.886587864649097,0.952098352459302,0.888639150185023
25.2736339048001,0.921168348585484,0.88752572812986,0.0309633484184957,0.00107179840400068,0.890205000166988,0.88645392972586,0.952131697003979,0.888597526533861
25.2797005476001,0.921133844631177,0.88743787506769,0.0310309847854903,0.00111779609735286,0.890102859845686,0.886320078970337,0.952164829416667,0.888555671165043
25.2857671904001,0.9210992442804,0.887349949774834,0.0310985043613186,0.00116363392770088,0.890000739919082,0.886186315847133,0.952197748641719,0.888513583702535
25.2918338332001,0.921064548151177,0.887261953981992,0.0311659054471236,0.00120931039472562,0.889898642704053,0.886052643587267,0.9522304535983,0.888471264376718
25.2979004760001,0.92102975700042,0.887173889240216,0.0312331865193617,0.00125482345643423,0.889796570481059,0.885919065783782,0.952262943519782,0.88842871269665
25.3039671188001,0.920994871318835,0.887085757237057,0.0313003457148021,0.00130017162372009,0.889694525604033,0.885785585613337,0.952295217033637,0.888385928860777
25.3100337616001,0.92095989193893,0.886997559588106,0.0313673816116219,0.00134535299197219,0.889592510327308,0.885652206596134,0.952327273550552,0.888342912580078
25.3161004044001,0.920924819377504,0.88690929790785,0.0314342923746109,0.00139036585266253,0.889490527002894,0.885518932055187,0.952359111752115,0.888299663760512
25.3221670472001,0.920889654377983,0.886820973883518,0.0315010764700468,0.00143520852776219,0.889388577907936,0.885385765355756,0.95239073084803,0.888256182411281
25.3282336900001,0.920854397570537,0.886732589055818,0.0315677322126342,0.00147987907882818,0.889286665357902,0.885252709976989,0.952422129783171,0.888212468134646
25.3343003328001,0.920819049573955,0.886644145160726,0.0316342578975115,0.00152437602034194,0.889184791676443,0.885119769140384,0.952453307471466,0.888168521181068
25.3403669756001,0.920783611141283,0.886555643743608,0.0317006520149568,0.00156869730118885,0.889082959126326,0.884986946442419,0.95248426315624,0.888124341044796
25.3464336184001,0.920748082770197,0.886467086499369,0.0317669126801009,0.00161284143100677,0.888981170090096,0.884854245068362,0.952514995450298,0.888079927930375
25.3525002612001,0.920712465285092,0.886378475036094,0.0318330384935999,0.00165680651568984,0.888879426791492,0.884721668520404,0.952545503778692,0.888035281551784
25.3585669040001,0.920676759210061,0.886289810972479,0.0318990276038994,0.00170059083182987,0.888777731606161,0.88458922014065,0.95257578681396,0.887990401804309
25.3646335468001,0.920640965283197,0.886201095995745,0.0319648784866457,0.00174419271947311,0.888676086796551,0.884456903276272,0.952605843769842,0.887945288715218
25.3707001896001,0.920605084136899,0.886112331642916,0.0320305894549916,0.00178761022208043,0.888574494681908,0.884324721420836,0.952635673591891,0.887899941864997
25.3767668324001,0.920569116390831,0.886023519655346,0.0320961587978102,0.00183084186877843,0.888472957593021,0.884192677786568,0.952665275188641,0.887854361524125
25.3828334752001,0.920533062794063,0.885934661572571,0.032161585019462,0.00187388559966055,0.888371477774601,0.88406077597291,0.952694647813525,0.887808547172231
25.3889001180001,0.920496923851347,0.885845759097022,0.0322268662131786,0.00191673992270646,0.888270057638168,0.883929019174315,0.952723790064525,0.887762499019728
25.3949667608001,0.920460700378914,0.885756813829181,0.0322920010022257,0.00195940295461443,0.888168699376688,0.883797410874567,0.952752701381139,0.887716216783796
25.4010334036001,0.920424392908096,0.885667827391907,0.0323569875188353,0.00200187295700275,0.888067405389261,0.883665954434904,0.952781380426932,0.887669700348909
25.4071000464001,0.92038800217176,0.885578801472527,0.0324218242477608,0.00204414828798358,0.887966177923999,0.883534653184543,0.952809826419521,0.88762294976051
25.4131666892001,0.920351528804431,0.885489737604287,0.0324865095008644,0.00208622697295564,0.887865019303566,0.883403510631331,0.952838038305295,0.887575964577243
25.4192333320001,0.920314973426747,0.885400637534008,0.0325510415604936,0.0021281075555336,0.887763931866254,0.883272529978474,0.952866014987241,0.887528745089541
25.4252999748001,0.920278336783702,0.885311502795261,0.0326154189453515,0.00216978796734775,0.887662917838351,0.883141714827913,0.952893755729054,0.887481290762609
25.4313666176001,0.920241619387228,0.885222335098173,0.0326796397265092,0.00221126671431688,0.887561979660719,0.883011068383856,0.952921259113737,0.88743360181249
25.4374332604001,0.920204822045338,0.885133136035524,0.0327437025499732,0.00225254192424437,0.887461119495364,0.88288059411128,0.952948524595311,0.887385677959769
25.4434999032001,0.920167945296553,0.885043907234289,0.032807605531892,0.0022936118436789,0.887360339764661,0.88275029539061,0.952975550828445,0.887337519077968
25.4495665460001,0.920130989868616,0.884954650382021,0.0328713471658655,0.00233447484879207,0.887259642702751,0.882620175533229,0.953002337034482,0.887289125230813
25.4556331888001,0.920093956398075,0.884865367008087,0.0329349257627271,0.00237512894695294,0.887159030635348,0.882490238061134,0.953028882160802,0.88724049595504
25.4616998316001,0.920056845506647,0.884776058864869,0.032998339598035,0.00241557269610584,0.887058505908612,0.882360486168763,0.953055185104682,0.887191631560975
25.4677664744001,0.920019657935145,0.884686727460898,0.0330615872050981,0.00245580404653166,0.886958070730047,0.882230923414366,0.953081245140243,0.88714253150743
25.4738331172001,0.919982394202783,0.88459736688801,0.0331246666325664,0.00249583228669687,0.886857727570217,0.882101534601313,0.953107060835349,0.887093199174707
25.4798997600001,0.919945055109307,0.884507971589386,0.0331875765493158,0.00253566565583946,0.886757478559991,0.881972305933546,0.953132631658623,0.887043637245226
25.4859664028001,0.919907641200374,0.884418542382121,0.0332503150555438,0.00257530353644279,0.886657326144831,0.881843238845678,0.953157956255918,0.886993845918564
25.4920330456001,0.919870153198709,0.884329080132517,0.0333128806534337,0.00261474548464375,0.886557272545275,0.881714334647874,0.953183033852142,0.886943825617161
25.4980996884001,0.919832591742774,0.884239585530322,0.0333752716530523,0.00265399067158473,0.886457320089722,0.881585594858738,0.953207863395826,0.886893576201907
25.5041663312001,0.919794957455474,0.884150059535308,0.0334374863229083,0.00269303879830386,0.886357471132566,0.881457020737004,0.953232443778382,0.886843098333612
25.5102329740001,0.919757251073333,0.884060502808664,0.033499523211176,0.00273188899677381,0.886257727862157,0.88132861381189,0.953256774284509,0.886792391805438
25.5162996168001,0.919719473122955,0.883970916290859,0.0335613803438232,0.00277054087852788,0.886158092779132,0.881200375412331,0.953280853466778,0.886741457169386
25.5223662596001,0.919681624395764,0.883881300710672,0.0336230564127272,0.00280899379416098,0.886058567983037,0.881072306916511,0.953304680808491,0.886690294504833
25.5284329024001,0.919643705444503,0.883791656892556,0.0336845495022637,0.00284724710618284,0.88595915594224,0.880944409786373,0.953328254946767,0.886638903998739
25.5344995452001,0.919605716986979,0.883701985703838,0.0337458581229393,0.00288530038798317,0.88585985886404,0.880816685315855,0.953351575109919,0.886587286091822
25.5405661880001,0.919567659663471,0.883612287825728,0.0338069805843142,0.00292315279903818,0.885760679079157,0.88068913502669,0.953374640247785,0.886535440624767
25.5466328308001,0.91952953409817,0.883522564231787,0.0338679151475869,0.00296080404303741,0.885661618950583,0.88056176018875,0.953397449245756,0.886483368274825
25.5526994736001,0.91949134102321,0.883432815565521,0.0339286603760594,0.00299825326046736,0.885562680647151,0.880434562305054,0.95342000139927,0.886431068825989
25.5587661164001,0.919453080972687,0.883343042786592,0.0339892142727544,0.00303550004404863,0.885463866699932,0.880307542742544,0.953442295245441,0.886378542830641
25.5648327592001,0.919414754729652,0.883253246608688,0.0340495755526811,0.00307254376641663,0.885365179176971,0.880180702842272,0.953464330282333,0.886325790375105
25.5708994020001,0.919376362853883,0.883163427863445,0.0341097422845261,0.00310938377019775,0.885266620569356,0.880054044093248,0.953486105138409,0.886272811633643
25.5769660448001,0.919337906058372,0.883073587419459,0.0341697129868559,0.00314601964584264,0.885168193071516,0.879927567773617,0.953507619045228,0.886219607065302
25.5830326876001,0.919299384985109,0.882983725949175,0.0342294859689867,0.0031824505413772,0.885069899016123,0.879801275407798,0.953528870954096,0.886166176490552
25.5890993304001,0.919260800259677,0.882893844440102,0.0342890594845448,0.00321867616289394,0.884971740775133,0.879675168277208,0.953549859744222,0.886112520602996
25.5951659732001,0.919222152609718,0.882803943517988,0.0343484321122213,0.0032546956596316,0.884873720497497,0.879549247858357,0.95357058472194,0.88605863917762
25.6012326160001,0.919183442576921,0.88271402416173,0.034407601831833,0.00329050860527795,0.884775840745088,0.879423515556452,0.953591044408754,0.886004532767008
25.6072992588001,0.919144670935915,0.882624087069956,0.0344665673816519,0.00332611439462604,0.884678103554263,0.87929797267533,0.953611238317567,0.885950201464582
25.6133659016001,0.919105838253455,0.882534133081308,0.0345253268148041,0.00336151235050651,0.884580511438651,0.879172620730801,0.953631165068259,0.885895645431814
25.6194325444001,0.919066945237828,0.8824441630659,0.034583878657657,0.00339670208024073,0.884483066580171,0.87904746098566,0.953650823895485,0.885840865146141
25.6254991872001,0.919027992532631,0.882354177687182,0.0346422212195435,0.00343168272062132,0.884385771313087,0.878922494966561,0.953670213752175,0.885785860407804
25.6315658300001,0.91898898076494,0.882264177946771,0.0347003527462559,0.00346645397989369,0.884288628018684,0.878797723966877,0.953689333511196,0.885730631926665
25.6376324728001,0.918949910657801,0.882174164452584,0.0347582718321357,0.00350101501628558,0.884191638825665,0.878673149436299,0.953708182489937,0.88567517946887
25.6436991156001,0.918910782760601,0.882084138202792,0.0348159764335325,0.00353536538423498,0.884094806327069,0.878548772818557,0.953726759194134,0.885619503587026
25.6497657584001,0.918871597839494,0.881994099880994,0.0348734653121122,0.00356950450080753,0.883998132527382,0.878424595380187,0.953745063151606,0.885563604381802
25.6558324012001,0.918832356468164,0.881904050332663,0.0349307365055718,0.00360343166912839,0.883901619962592,0.878300618663534,0.953763092973736,0.885507482001791
25.6618990440001,0.918793059350293,0.881813990429681,0.0349877885478169,0.00363714651319721,0.883805270802476,0.878176843916483,0.953780847898109,0.885451136942878
25.6679656868001,0.91875370713098,0.881723920826269,0.0350446197484583,0.00367064815878967,0.883709087382521,0.87805327266748,0.953798326879438,0.885394568985059
25.6740323296001,0.918714300438901,0.881633842538314,0.0351012283451935,0.00370393631605491,0.883613072093707,0.877929906222259,0.953815528784094,0.885337778854369
25.6800989724001,0.918674839992401,0.881543756155829,0.0351576129482763,0.00373701015244828,0.883517227044124,0.87780674600338,0.953832452940677,0.885280766308277
25.6861656152001,0.91863532634867,0.881453662696295,0.0352137714903272,0.00376986920293923,0.883421554858342,0.877683793493356,0.953849097838997,0.885223531899235
25.6922322580001,0.918595760265332,0.881363562828321,0.0352697027565366,0.00380251290698097,0.883326057508796,0.87756104992134,0.953865463021869,0.885166075735302
25.6982989008001,0.918556142322951,0.881273457404029,0.0353254047693029,0.00383494054808254,0.883230737553648,0.877438516855946,0.953881547092254,0.885108397952111
25.7043655436001,0.918516473220707,0.881183347297319,0.0353808760698084,0.00386715176673091,0.883135597150898,0.877316195530588,0.953897349290515,0.88505049906405
25.7104321864001,0.918476753605098,0.881093233152955,0.0354361149682045,0.00389914567790108,0.883040638636893,0.877194087475054,0.953912868573302,0.884992378830856
25.7164988292001,0.918436984106502,0.88100311600125,0.0354911196938315,0.00393092199339739,0.88294586441267,0.877072194007853,0.953928103800334,0.884934037994647
25.7225654720001,0.918397165438461,0.880912996414241,0.035545888873117,0.00396247989013931,0.882851276565344,0.876950516524101,0.953943054311578,0.88487547630438
25.7286321148001,0.918357298166069,0.880822875428761,0.0356004204146909,0.00399381888340961,0.882756877751378,0.876829056545352,0.95395771858076,0.884816694312171
25.7346987576001,0.918317383038374,0.880732753698456,0.0356547131273985,0.00402493843516509,0.882662669910975,0.876707815263291,0.953972096165772,0.884757692133621
25.7407654004001,0.918277420642761,0.880642632081926,0.0357087650184707,0.00405583780938739,0.88256865562429,0.876586794272538,0.953986185661232,0.884698469891313
25.7468320432001,0.918237411674014,0.880552511455335,0.035762574636106,0.00408651666286119,0.882474837037908,0.876465994792474,0.95399998631012,0.884639028118197
25.7528986860001,0.918197356779928,0.880462392453759,0.0358161402912559,0.00411697409997475,0.882381216488673,0.876345418353784,0.954013497071184,0.884579366553733
25.7589653288001,0.918157256592687,0.880372276122097,0.035869460204644,0.0041472098339397,0.882287796388043,0.876225066288158,0.954026716797331,0.884519485956037
25.7650319716001,0.918117111820924,0.880282163014339,0.0359225330191309,0.0041772230513771,0.882194578801793,0.876104939962962,0.954039644840055,0.884459386065716
25.7710986144001,0.918076923037743,0.880192054186708,0.0359753566190968,0.00420701324766502,0.882101566418646,0.875985040939043,0.95405227965684,0.884399067434373
25.7771652572001,0.91803669098356,0.880101950277918,0.0360279298371718,0.00423657990737966,0.882008761146388,0.875865370370538,0.954064620820732,0.884338530185298
25.7832319000001,0.917996416252535,0.880011852152873,0.0360802506655494,0.00426592227506309,0.881916165586986,0.87574592987781,0.954076666918085,0.884277774427936
25.7892985428001,0.917956099535158,0.879921760690248,0.0361323176591829,0.00429504002360656,0.881823781875975,0.875626720666641,0.954088417194341,0.884216800713855
25.7953651856001,0.917915741480414,0.879831676515199,0.0361841291300862,0.00432393224702976,0.881731612350328,0.87550774426817,0.9540998706105,0.884155608762229
25.8014318284001,0.917875342722398,0.879741600687377,0.0362356832901038,0.00435259865970146,0.881639659432295,0.875389002027675,0.954111026012502,0.884094199347078
25.8074984712001,0.917834903964733,0.879651533742643,0.0362869787987926,0.00438103845818156,0.88154792516594,0.875270495284462,0.954121882763525,0.884032572200825
25.8135651140001,0.917794425788634,0.879561476756655,0.0363380135160189,0.00440925111772484,0.881456412272615,0.87515222563893,0.954132439304653,0.88397072787438
25.8196317568001,0.917753908925835,0.879471430353227,0.0363887862983296,0.00443723614564247,0.881365122627505,0.875034194207585,0.954142695224164,0.88390866649887
25.8256983996001,0.917713353977217,0.879381395403388,0.0364392951230126,0.00446499276712807,0.881274058854205,0.87491640263626,0.95415264910023,0.883846388170517
25.8317650424001,0.91767276162908,0.879291372788576,0.0364895385515132,0.00449252067098679,0.881183223077567,0.874798852117589,0.954162300180593,0.883783893459563
25.8378316852001,0.917632132531498,0.879201363123797,0.0365395148971697,0.00451981894108601,0.881092617634329,0.874681544182711,0.954171647428668,0.883721182064883
25.8438983280001,0.91759146732058,0.879111367483607,0.0365892223626856,0.00454688729270147,0.881002244957894,0.874564480190905,0.954180689683265,0.883658254776308
25.8499649708001,0.91755076669483,0.879021386385672,0.0366386596245749,0.00457372493257105,0.880912107070255,0.874447661453101,0.954189426319405,0.883595111318243
25.8560316136001,0.917510031243686,0.878931420925122,0.0366878245179308,0.00460033131560811,0.880822206725755,0.874331089609513,0.954197855761616,0.88353175224073
25.8620982564001,0.917469261690141,0.878841471710902,0.0367367159233462,0.00462670597197377,0.880732545766794,0.874214765738928,0.954205977613487,0.883468177682875
25.8681648992001,0.91742845864175,0.878751539619993,0.0367853318033338,0.00465284810760202,0.880643126838416,0.874098691512391,0.954213790445083,0.883404387727595
25.8742315420001,0.917387622780724,0.87866162553684,0.0368336707255705,0.00467875742702116,0.880553952055154,0.873982868109819,0.954221293506295,0.883340382963861
25.8802981848001,0.917346754758124,0.878571730066069,0.0368817310049794,0.00470443300416146,0.880465023753144,0.873867297061908,0.954228485763103,0.883276163070231
25.8863648276001,0.917305855212173,0.878481854297306,0.0369295108348622,0.00472987455495881,0.88037634437731,0.873751979742347,0.954235366047035,0.883211728852264
25.8924314704001,0.917264932317942,0.878392006211728,0.0369769983281133,0.00475507071572663,0.880287933989829,0.873636935496002,0.954241930646056,0.883147076927455
25.8984981132001,0.917224022941147,0.878302223191934,0.0370241400041501,0.00477996963017838,0.880199882936997,0.873522253561756,0.954248162945297,0.883082192822113
25.9045647560001,0.917183130439451,0.878212508475491,0.0370709310293336,0.00480456711303078,0.880112199410117,0.87340794136246,0.954254061468784,0.883017075588522
25.9106313988001,0.917142253033693,0.878122860551823,0.0371173727362118,0.00482886573572866,0.880024880297482,0.873293994816094,0.954259625769905,0.882951726287551
25.9166980416001,0.917101388909379,0.878033277815904,0.0371634672236798,0.00485286874357957,0.879937921685699,0.873180409072324,0.954264856133058,0.882886146559483
25.9227646844001,0.917060536266503,0.877943758409807,0.0372092162760789,0.00487657866836538,0.879851319990424,0.873067179741442,0.954269752542582,0.882820337078172
25.9288313272001,0.917019693307674,0.877854301000546,0.0372546215246717,0.00489999867405664,0.879765071783002,0.872954302326489,0.954274314832345,0.882754299674603
25.9348979700001,0.916978858220623,0.877764903568942,0.0372996852165348,0.00492313152432013,0.879679173004088,0.872841772044622,0.954278543437158,0.882688035093262
25.9409646128001,0.916938029215383,0.877675564853033,0.0373444085250923,0.0049459800213958,0.879593620690291,0.872729584831638,0.954282437740476,0.882621544874429
25.9470312556001,0.916897204478645,0.877586282913452,0.0373887939413756,0.00496854730344307,0.879508410537269,0.872617735610008,0.95428599842002,0.882554830216895
25.9530978984001,0.916856382213554,0.877497056220959,0.0374328428177254,0.00499083595713195,0.879423539395829,0.872506220263827,0.954289225031279,0.882487892178091
25.9591645412001,0.916815560615554,0.877407883187854,0.0374765572392043,0.00501284922357133,0.87933900337635,0.872395033964283,0.954292117854758,0.882420732411426
25.9652311840001,0.916774737883232,0.877318761943181,0.0375199389953535,0.00503458962812878,0.879254798887879,0.872284172315053,0.954294676878586,0.88235335157131
25.9712978268001,0.916733912212075,0.877229691159897,0.0375629897208681,0.00505606034829461,0.879170922491207,0.872173630811602,0.954296901932944,0.882285751508192
25.9773644696001,0.916693081805465,0.877140668821482,0.0376057116507601,0.00507726412881849,0.879087370154705,0.872063404692664,0.954298793456225,0.8822179329503
25.9834311124001,0.916652244849256,0.877051693652857,0.0376481059791505,0.00509820379719915,0.879004138870105,0.871953489855658,0.954300350828406,0.882149897450056
25.9894977552001,0.916611399554948,0.876962763733586,0.0376901751738457,0.00511888246712911,0.878921224381103,0.871843881266457,0.954301574728794,0.882081646200715
25.9955643980001,0.916570544108141,0.876873877515789,0.0377319206068345,0.00513930274031821,0.878838623501306,0.871734574775471,0.954302464714975,0.882013180256108
26.0016310408001,0.91652967671393,0.876785033428947,0.0377733443496363,0.00515946785403334,0.878756332364294,0.871625565574914,0.954303021063566,0.881944501282981
26.0076976836001,0.916488795569779,0.876696229589236,0.0378144481967032,0.0051793803268967,0.878674347373076,0.87151684926234,0.954303243766482,0.881875609916133
26.0137643264001,0.916447898863768,0.876607464675326,0.0378552337864517,0.00519904335021824,0.878592665077317,0.871408421325107,0.95430313265022,0.881806508025544
26.0198309692001,0.916406984815216,0.876518736673672,0.0378957033415401,0.00521845964951724,0.878511281473676,0.871300277024155,0.954302688156756,0.881737196323189
26.0258976120001,0.91636605158551,0.876430044295727,0.0379358580770753,0.00523763207788467,0.878430193508434,0.871192412217842,0.954301909662585,0.881667676373611
26.0319642548001,0.916325097411108,0.876341385640216,0.0379757004374943,0.00525656372438506,0.878349396973614,0.871084821915831,0.954300797848602,0.881597949364601
26.0380308976001,0.916284120460201,0.876252759140635,0.0380152318142899,0.00527525720558252,0.878268888645911,0.870977501935052,0.954299352274491,0.881528016346217
26.0440975404001,0.916243118947253,0.876164163243506,0.0380544542657265,0.00529371575526224,0.878188664681526,0.870870447488243,0.954297573212979,0.881457878998768
26.0501641832001,0.916202091068889,0.876075596052294,0.038093369590879,0.00531194188496594,0.87810872147801,0.870763654167328,0.954295460659768,0.88138753793726
26.0562308260001,0.916161035005498,0.875987056251154,0.0381319794321731,0.00532993880012356,0.878029055573325,0.87065711745103,0.954293014437671,0.881316995051278
26.0622974688001,0.91611994899262,0.875898541829833,0.0381702859996252,0.00534770920671294,0.877949662992994,0.87055083262312,0.954290234992245,0.881246251036546
26.0683641116001,0.916078831166891,0.875810051485965,0.0382082905296174,0.00536525598374783,0.877870540637274,0.870444795502218,0.954287121696509,0.881175307469713
26.0744307544001,0.916037679789869,0.875721583337663,0.0382459954430723,0.00538258219550703,0.877791684346797,0.870339001142156,0.954283675232942,0.88110416553317
26.0804973972001,0.915996493012479,0.875633135799818,0.0382834021508424,0.00539969047322183,0.877713090861636,0.870233445326596,0.954279895163321,0.88103282627304
26.0865640400001,0.915955269058268,0.875544707335851,0.0383205126982259,0.00541658404755451,0.877634756360042,0.870128123288297,0.954275781756494,0.880961291383406
26.0926306828001,0.915914006123307,0.875456296036677,0.0383573288886313,0.00543326542263211,0.877556677234676,0.870023030614044,0.954271335011939,0.880889561459309
26.0986973256001,0.915872702380012,0.875367900591704,0.0383938523687836,0.00544973781830682,0.877478850011228,0.869918162773398,0.954266554748795,0.880817638410011
26.1047639684001,0.915831356080424,0.875279518994288,0.0384300853357672,0.00546600392070239,0.877401270744656,0.869813515073586,0.954261441416191,0.88074552291499
26.1108306112001,0.915789965336147,0.875191149927895,0.0384660290475282,0.0054820666350862,0.877323936288619,0.869709083292809,0.954255994383675,0.880673216562981
26.1168972540001,0.915748528433978,0.875102791530251,0.0385016859013303,0.0054979290007911,0.877246842532648,0.86960486252946,0.954250214335309,0.880600720531042
26.1229638968001,0.915707043507721,0.875014442197661,0.0385370573272432,0.00551359366353255,0.877169986180478,0.869500848534129,0.954244100834964,0.880528035861194
26.1290305396001,0.915665508789721,0.874926100410306,0.0385721453578851,0.00552906385120586,0.877093363431836,0.8693970365591,0.954237654147606,0.880455164261512
26.1350971824001,0.915623922475781,0.874837764246706,0.0386069518007113,0.00554434206019155,0.87701697067507,0.869293422186515,0.954230874276492,0.880382106306898
26.1411638252001,0.915582282730053,0.874749432401299,0.0386414783070333,0.00555943152506488,0.87694080442302,0.869190000876234,0.954223761037087,0.880308863926363
26.1472304680001,0.915540587821373,0.874661102871359,0.0386757270607165,0.00557433491178138,0.876864860760657,0.869086767959577,0.954216314882089,0.88023543778314
26.1532971108001,0.915498835836022,0.874572774325838,0.038709699341558,0.00558905515219542,0.876789136494464,0.868983719173642,0.95420853517758,0.880161829478033
26.1593637536001,0.915457025086181,0.874484444922301,0.0387433975230203,0.00560359526053438,0.876713627563161,0.868880849661767,0.954200422609202,0.880088040182835
26.1654303964001,0.915415153688674,0.874396113202659,0.0387768230542426,0.00561795812898521,0.876638330634431,0.868778155073673,0.954191976742917,0.880014071331644
26.1714970392001,0.915373219884359,0.874307786096124,0.0388099779554553,0.00563215890827315,0.876563241928904,0.868675627187851,0.954183197839814,0.879939945004398
26.1775636820001,0.915331221869055,0.874219529931464,0.0388428640378699,0.00564629662442066,0.876488357831185,0.868573233307043,0.954174085906925,0.879865826555885
26.1836303248001,0.91528915779837,0.874131359654671,0.0388754829576736,0.00566039750341633,0.876413674840697,0.868470962151255,0.954164640756044,0.879791757158087
26.1896969676001,0.915247025958214,0.874043271238976,0.0389078368852237,0.00567446132230862,0.87633918907299,0.868368809916668,0.954154862843437,0.879717732561285
26.1957636104001,0.915204824409263,0.87395526142789,0.038939927122458,0.00568848833791101,0.876264897286805,0.868266773089979,0.954144751531721,0.879643749765801
26.2018302532001,0.915162551489224,0.873867326487783,0.0389717560188919,0.00570247883625379,0.876190795470332,0.868164847651529,0.954134307508115,0.879569805324037
26.2078968960001,0.915120205298082,0.873779462755205,0.0390033250425917,0.00571643263101681,0.876116880255491,0.868063030124188,0.954123530340674,0.879495895386222
26.2139635388001,0.915077784084927,0.873691666940258,0.0390346362016875,0.00573035039556846,0.876043147883239,0.867961316544689,0.954112420286614,0.879422017335826
26.2200301816001,0.915035286045877,0.873603935009853,0.039065691310858,0.00574423165790432,0.875969594735019,0.867859703351948,0.954100977356735,0.879348166667757
26.2260968244001,0.914992709327708,0.873516263844621,0.0390964920314553,0.00575807710459969,0.875896217296253,0.867758186740022,0.954089201359163,0.879274340949221
26.2321634672001,0.914950052233692,0.873428649435734,0.0391270405200396,0.00577188651083946,0.875823011713652,0.867656762924894,0.954077092753731,0.879200535946573
26.2382301100001,0.914907312798615,0.87334108850683,0.0391573381009792,0.00578566015410521,0.875749974697636,0.867555428352725,0.954064650899594,0.879126748660935
26.2442967528001,0.914864489385851,0.8732535773405,0.0391873870996971,0.00579939828923919,0.875677102286154,0.867454179051261,0.954051876485548,0.879052975629739
26.2503633956001,0.914821580078693,0.873166112267566,0.0392171890030418,0.00581310076195346,0.875604391075652,0.867353011505612,0.954038769081735,0.878979213029519
26.2564300384001,0.91477858313417,0.873078689992772,0.0392467458073321,0.00582676821324946,0.875531837326838,0.867251921779523,0.954025328941502,0.878905458206022
26.2624966812001,0.914735496748991,0.872991306495149,0.0392760593304262,0.00584040019636432,0.875459437418564,0.867150906298784,0.954011556079417,0.878831706691513
26.2685633240001,0.914692319060812,0.872903958639944,0.0393051312391295,0.00585399738560869,0.875387187821683,0.867049961254335,0.953997450299942,0.878757956025552
26.2746299668001,0.914649048390553,0.872816642436425,0.039333963675916,0.00586755955376853,0.875315084714637,0.866949082882657,0.953983012066469,0.878684201990194
26.2806966096001,0.914605682746824,0.872729354588168,0.0393625579878722,0.00588108699954482,0.875243124758952,0.866848267588623,0.953968240734696,0.878610441587713
26.2867632524001,0.91456222051881,0.872642091394054,0.0393909164761855,0.00589457994621555,0.875171304042625,0.866747511447838,0.953953136994996,0.878536671340269
26.2928298952001,0.914518659773252,0.87255484917935,0.0394190406463431,0.00590803827155576,0.875099619126909,0.866646810907794,0.953937700419595,0.878462887450905
26.2988965380001,0.914474998774836,0.872467624643148,0.0394469324831405,0.00592146258434056,0.875028066291696,0.866546162058808,0.953921931257977,0.878389087227489
26.3049631808001,0.914431235721143,0.872380413776832,0.0394745938073259,0.00593485246282425,0.874956641913817,0.866445561314008,0.953905829528469,0.878315266239656
26.3110298236001,0.914387368740429,0.872293213430119,0.0395020262914466,0.00594820856946607,0.874885342448983,0.866345004860653,0.953889395031876,0.878241421999585
26.3170964664001,0.914343396171544,0.87220601963053,0.0395292320636031,0.00596153067411848,0.874814164107941,0.866244488956412,0.953872628235147,0.878167550304649
26.3231631092001,0.914299315996637,0.872118829061384,0.0395562124938878,0.00597481909725392,0.874743103502749,0.866144009964131,0.953855528490524,0.878093648158638
26.3292297520001,0.914255126630846,0.872031638037926,0.039582969859109,0.00598807403020723,0.874672156771737,0.866043564007719,0.953838096489955,0.878019712068133
26.3352963948001,0.914210826124504,0.871944442880038,0.0396095056832468,0.0060012953828482,0.874601320441258,0.865943147497189,0.953820331807751,0.877945738262886
26.3413630376001,0.91416641274967,0.871857240280866,0.0396358219398629,0.00601448373186511,0.874530590809807,0.865842756549001,0.953802234689533,0.877871724012731
26.3474296804001,0.91412188470508,0.871770026244384,0.0396619204523071,0.00602763868030773,0.874459964252773,0.865742387564077,0.953783805157387,0.877797664924692
26.3534963232001,0.914077240109305,0.871682797604627,0.0396878028991576,0.0060407608791967,0.874389437210147,0.865642036725431,0.953765043008462,0.877723558483824
26.3595629660001,0.914032477319003,0.871595550407581,0.0397134713931331,0.00605385009484173,0.87431900592587,0.865541700312739,0.953745948712136,0.877649400502423
26.3656296088001,0.913987594290798,0.87150828131596,0.0397389273297771,0.00606690667025659,0.874248666961021,0.865441374645704,0.953726521620575,0.877575187986217
26.3716962516001,0.913942589464706,0.871420986661596,0.0397641729592178,0.00607993076423809,0.874178416505488,0.865341055897358,0.953706762423924,0.877500917425834
26.3777628944001,0.913897460875197,0.87133366275911,0.0397892098245041,0.00609292231885499,0.874108251050693,0.865240740440255,0.953686670699701,0.877426585077965
26.3838295372001,0.913852206801417,0.871246306295406,0.0398140398882505,0.0061058818788475,0.874038166913166,0.865140424416559,0.953666246689667,0.877352188174254
26.3898961800001,0.913806825443548,0.871158913287286,0.0398386649761217,0.00611880907183923,0.873968160467426,0.865040104215446,0.953645490419669,0.877277722359125
26.3959628228001,0.913761314910185,0.87107148055295,0.0398630867730139,0.00613170453782403,0.873898228137171,0.864939776015126,0.953624401683198,0.877203185090774
26.4020294656001,0.913715673575697,0.870984004156943,0.0398873073756097,0.00614456803912382,0.873828366200088,0.864839436117819,0.953602980951307,0.877128572196067
26.4080961084001,0.913669899372055,0.870896480741375,0.0399113282062912,0.00615739994157699,0.873758571165764,0.864739080799798,0.953581227578346,0.877053880682952
26.4141627512001,0.913623990763134,0.870808906608612,0.0399351514872634,0.00617020030637355,0.873688839275871,0.864638706302238,0.953559142250397,0.876979106914985
26.4202293940001,0.913577943587536,0.870721275702741,0.0399587756971181,0.0061829657623888,0.873619167890418,0.864538309940352,0.953536719284654,0.87690424146513
26.4262960368001,0.913531735675942,0.870633564778653,0.0399821738596972,0.00619566864367999,0.873549561816244,0.864437896134973,0.953513909535639,0.876829233422332
26.4323626796001,0.913485360928287,0.870545765237593,0.0400053417187822,0.00620830205636277,0.873480019209505,0.86433746318123,0.95349070264707,0.876754067293956
26.4384293224001,0.913438818390299,0.870457874891187,0.0400282823056853,0.00622086805733231,0.873410536084614,0.864237006833855,0.953467100695985,0.876678742948519
26.4444959652001,0.913392107453665,0.870369890748132,0.0400509991143673,0.00623336771350128,0.873341108339297,0.864136523034631,0.953443106568032,0.876603258461633
26.4505626080001,0.913345226942523,0.870281810425027,0.0400734948902867,0.00624580282059292,0.873271732052236,0.864036007604434,0.95341872183281,0.87652761324562
26.4566292508001,0.913298176357013,0.870193631238382,0.0400957732601698,0.0062581748186387,0.873202403096843,0.863935456419743,0.953393949617183,0.87645180605702
26.4626958936001,0.913250954636364,0.870105350456648,0.0401178371278366,0.00627048507656191,0.873133117508527,0.863834865380086,0.953368791764201,0.87637583553321
26.4687625364001,0.91320356105273,0.870016965734263,0.0401396898203703,0.00628273546284289,0.87306387123236,0.86373423027142,0.953343250873101,0.876299701197106
26.4748291792001,0.913155994775573,0.869928474051408,0.0401613345326721,0.00629492697871588,0.872994660242901,0.863633547072692,0.953317329308245,0.876223401030124
26.4808958220001,0.913108254844568,0.869839873192418,0.0401827743093058,0.00630706165509885,0.872925480535262,0.863532811537319,0.953291029153873,0.876146934847516
26.4869624648001,0.913060340660336,0.869751160195175,0.0402040126150922,0.00631914056911824,0.872856328045244,0.863432019626057,0.953264353275428,0.876070300764293
26.4930291076001,0.913012251036276,0.869662332647915,0.0402250522413115,0.00633116552792434,0.872787198794965,0.86333116711999,0.953237303277588,0.875993498175839
26.4990957504001,0.912963985482191,0.869573387886788,0.040245896768075,0.00634313794450755,0.872718088714116,0.86323024994228,0.953209882250266,0.875916525831295
26.5051623932001,0.912915542931606,0.869484323176385,0.0402665491307239,0.00635505922046226,0.872648993800882,0.863129263955923,0.95318209206233,0.875839382396848
26.5112290360001,0.91286692265842,0.869395136159099,0.0402870126399137,0.0063669311857887,0.872579910018506,0.86302820497331,0.953153935298333,0.875762067344888
26.5172956788001,0.91281812383431,0.86930582383797,0.0403072904918793,0.0063787548788076,0.87251083334243,0.862927068959162,0.953125414326189,0.875684578716778
26.5233623216001,0.912769145492773,0.869216383969856,0.0403273857449443,0.00639053230481917,0.872441759747829,0.862825851665037,0.953096531237718,0.875606916274675
26.5294289644001,0.91271998704343,0.869126813621821,0.0403473018345363,0.00640226455074486,0.872372685208893,0.862724549071076,0.953067288877966,0.875529078172566
26.5354956072001,0.912670647289003,0.869037110353987,0.0403670415975033,0.00641395343530622,0.8723036056915,0.862623156918681,0.953037688886507,0.875451063789293
26.5415622500001,0.912621125748828,0.868947271521775,0.0403866085678478,0.00642560034448353,0.87223451718098,0.862521671177291,0.953007734316676,0.875372871866258
26.5476288928001,0.91257142135086,0.868857294386286,0.0404060057119273,0.00643720671250993,0.872165415638933,0.862420087673776,0.952977427062788,0.875294501098795
26.5536955356001,0.912521533370605,0.868767176577492,0.0404252363244731,0.00644877433093644,0.872096297046132,0.862318402246555,0.952946769695079,0.875215950908428
26.5597621784001,0.912471460982095,0.868676915121612,0.0404443036025516,0.00646030427505846,0.872027157379544,0.862216610846553,0.952915764584647,0.87513721939667
26.5658288212001,0.912421203212513,0.868586507747835,0.0404632106187485,0.00647179852491418,0.871957992593764,0.862114709222921,0.952884413831261,0.875058306272749
26.5718954640001,0.912370759480543,0.868495951552402,0.0404819607788465,0.00648325817680158,0.871888798701696,0.8620126933756,0.952852720259389,0.874979209729203
26.5779621068001,0.912320128578301,0.868405244067576,0.0405005569650099,0.00649468506115965,0.871819571613291,0.861910559006417,0.952820685543311,0.874899929128736
26.5840287496001,0.912269310034522,0.868314382667674,0.0405190026656358,0.00650608053698772,0.871750307368886,0.861808302130686,0.952788312700157,0.874820463204662
26.5900953924001,0.912218302771722,0.868223364610679,0.0405373008775938,0.0065174460711256,0.871681001894128,0.861705918539553,0.952755603649316,0.874740810681805
26.5961620352001,0.912167106066885,0.868132187513773,0.040555454880197,0.00652878341670806,0.871611651186687,0.861603404097065,0.952722560947082,0.874660970930481
26.6022286780001,0.912115719096525,0.868040848426663,0.0405734678708362,0.00654009368588938,0.871542251225689,0.861500754740774,0.952689186967361,0.874580942112552
26.6082953208001,0.912064140881382,0.867949345050684,0.0405913429368655,0.00655137883380379,0.871472797944517,0.86139796621688,0.952655483818248,0.874500723884488
26.6143619636001,0.912012370849272,0.867857674511248,0.0406090834541702,0.00656263996570878,0.871403287395101,0.861295034545539,0.952621454303442,0.874420314476956
26.6204286064001,0.911960407781766,0.867765845869928,0.0406266923499783,0.00657386257995822,0.871333715431788,0.86119198328997,0.952587100131744,0.874339708449887
26.6264952492001,0.911908251216867,0.867673899037702,0.0406441730675861,0.0065849878788708,0.871264078149281,0.861088911158831,0.952552424284454,0.874258886916572
26.6325618920001,0.911855900071787,0.867581835135317,0.0406615286338713,0.00659601189520503,0.871194371437916,0.860985823240112,0.952517428705658,0.874177847030522
26.6386285348001,0.911803353624853,0.867489651616647,0.0406787623132317,0.00660693655604884,0.871124591311621,0.860882715060598,0.952482115938084,0.874096588172696
26.6446951776001,0.911750611055196,0.867397345485465,0.0406958773028802,0.00661776310892726,0.871054733752316,0.860779582376538,0.952446488358076,0.874015108594392
26.6507618204001,0.911697671376978,0.867304914197781,0.0407128767054429,0.00662849379170627,0.870984794671535,0.860676420406075,0.952410548082421,0.873933407989487
26.6568284632001,0.911644534027212,0.867212354884237,0.0407297638666547,0.00663912975203671,0.870914770160557,0.8605732251322,0.952374297893866,0.873851484636274
26.6628951060001,0.911591197776994,0.867119664797915,0.0407465417585556,0.00664967316132818,0.870844656018439,0.860469991636587,0.95233773953555,0.873769337959243
26.6689617488001,0.911537662173462,0.867026841276431,0.0407632137798464,0.00666012542846697,0.870774448393616,0.860366715847964,0.952300875953308,0.873686966704898
26.6750283916001,0.911483926128653,0.86693388142587,0.0407797829869064,0.00667048829298834,0.870704143141746,0.860263393132881,0.952263709115559,0.873604369718858
26.6810950344001,0.911429988922106,0.86684078268625,0.0407962526297252,0.00668076364407708,0.870633736292381,0.860160019042173,0.952226241551832,0.873521546330327
26.6871616772001,0.911375849735704,0.866747542085171,0.0408126259048315,0.00669095276630794,0.870563223830873,0.860056589318863,0.952188475640536,0.873438494851479
26.6932283200001,0.911321507576896,0.866654157051466,0.0408289059306275,0.00670105787185601,0.870492601646269,0.85995309917961,0.952150413507524,0.873355214923322
26.6992949628001,0.91126696189196,0.866560624742964,0.0408450960224475,0.00671108011929715,0.870421865869512,0.859849544623667,0.952112057914407,0.873271704862261
26.7053616056001,0.911212211441582,0.866466942387778,0.0408611991968894,0.00672102168917264,0.870351012244693,0.859745920698606,0.952073410638471,0.873187964076951
26.7114282484001,0.911157255781902,0.866373107339779,0.0408772188085636,0.00673088396563194,0.870280036973338,0.859642223374147,0.952034474590465,0.87310399130541
26.7174948912001,0.911102093819915,0.866279116703958,0.0408931579428468,0.00674066871943262,0.870208935877068,0.859538447984525,0.951995251762762,0.87301978542339
26.7235615340001,0.911046724836242,0.86618496790613,0.0409090198358247,0.00675037780186027,0.870137705000418,0.85943459010427,0.951955744672067,0.872935345707991
26.7296281768001,0.910991148015646,0.866090657998012,0.0409248076828362,0.0067600125344526,0.87006634033281,0.85933064546356,0.951915955698482,0.872850670532465
26.7356948196001,0.910935362358734,0.865996184381084,0.040940524618567,0.00676957510403854,0.869994837740167,0.859226609277045,0.951875886977301,0.872765759485122
26.7417614624001,0.910879367321112,0.865901544240364,0.0409561739276951,0.00677906667968296,0.869923193393417,0.859122477560681,0.951835541248807,0.872680610920047
26.7478281052001,0.910823161653126,0.865806734779233,0.0409717586711267,0.00678848945123612,0.869851402981999,0.859018245327997,0.951794920324252,0.872595224230469
26.7538947480001,0.910766744919782,0.86571175336746,0.0409872821598847,0.00679784477811101,0.869779462759898,0.858913908589349,0.951754027079667,0.872509598145571
26.7599613908001,0.91071011602317,0.865616597109297,0.0410027475078398,0.00680713446228412,0.86970736851533,0.858809462647013,0.95171286353101,0.872423731571581
26.7660280336001,0.910653274244857,0.865521263416003,0.0410181579376771,0.00681636031714348,0.869635116307179,0.858704903098859,0.951671432182534,0.872337623733146
26.7720946764001,0.910596218772618,0.865425749363704,0.0410335166430427,0.00682552370110695,0.869562702129575,0.858600225662597,0.95162973541566,0.872251273064811
26.7781613192001,0.910538948600086,0.865330052326348,0.0410488267754082,0.00683462677599784,0.869490121824678,0.85849542555035,0.951587775375494,0.872164679102346
26.7842279620001,0.910481463192265,0.865234169516153,0.0410640915885461,0.00684367072094054,0.869417371603719,0.858390498795212,0.951545554780811,0.872077840237093
26.7902946048001,0.910423761289222,0.865138098111994,0.0410793141874149,0.00685265773526497,0.869344447101807,0.858285440376729,0.951503075476636,0.871990755847259
26.7963612476001,0.9103658424647,0.865041835499191,0.0410944978399576,0.00686158915365043,0.869271344624743,0.858180246345541,0.951460340304658,0.871903424652841
26.8024278904001,0.910307705616014,0.864945378781604,0.0411096456880325,0.00687046680928854,0.869198059927982,0.858074911972315,0.951417351304047,0.871815845590892
26.8084945332001,0.910249350025545,0.864848725355583,0.0411247609414299,0.00687929247767321,0.869124589084115,0.85796943287791,0.951374110966975,0.871728017833257
26.8145611760001,0.910190774884215,0.864751872321962,0.0411398467915979,0.00688806755401685,0.869050928092617,0.857863804767945,0.951330621675813,0.871639939875979
26.8206278188001,0.91013197917855,0.864654817026976,0.0411549064072991,0.0068967941754808,0.868977072771251,0.857758022851495,0.951286885585849,0.871551611202456
26.8266944616001,0.910072962383015,0.864557556710046,0.0411699430111463,0.00690547353081504,0.868903019371869,0.857652083179231,0.951242905394161,0.871463030240861
26.8327611044001,0.910013723227466,0.864460088525779,0.041184959751901,0.00691410782900456,0.868828763475565,0.857545980696774,0.951198682979367,0.871374196354783
26.8388277472001,0.909954261294253,0.864362409874687,0.0411999598549292,0.00692269837999569,0.868754301439324,0.857439711494691,0.951154221149182,0.871285108254683
26.8448943900001,0.909894575476044,0.864264517860592,0.0412149464895725,0.00693124704819128,0.868679628986472,0.857333270812401,0.951109521965617,0.871195764908783
26.8509610328001,0.909834665055905,0.864166409864587,0.0412299228532305,0.00693975557119436,0.868604742202674,0.857226654293393,0.951064587909135,0.871106165435781
26.8570276756001,0.909774529228036,0.864068083012502,0.0412448921346491,0.00694822538092776,0.868529637093386,0.857119857631575,0.951019421362685,0.87101630839343
26.8630943184001,0.909714166971722,0.863969534622682,0.0412598575203865,0.00695665859023272,0.868454309451335,0.857012876032449,0.950974024492108,0.870926193212915
26.8691609612001,0.909653577770958,0.863870761961759,0.041274822201644,0.00696505639705257,0.868378755569314,0.856905705564707,0.950928399972602,0.870835818358812
26.8752276040001,0.909592760345455,0.863771762160301,0.041289789370733,0.00697342102020115,0.868302970974722,0.8567983411401,0.950882549716188,0.870745183180502
26.8812942468001,0.909531714286035,0.863672532633663,0.0413047622109471,0.00698175374489263,0.868226952075088,0.85669077888877,0.950836476496982,0.870654286378555
26.8873608896001,0.909470438480856,0.863573070485978,0.0413197439186064,0.00699005646673765,0.868150694562249,0.85658301401924,0.950790182399462,0.870563126952716
26.8934275324001,0.909408932213531,0.863473373082729,0.0413347376792259,0.00699833088545265,0.868074194534305,0.856475042197276,0.950743669892757,0.870471703968182
26.8994941752001,0.909347194681674,0.863373437575039,0.0413497466783434,0.00700657846958548,0.867997448003331,0.856366859105454,0.950696941360018,0.870380016044625
26.9055608180001,0.909285224857198,0.863273261253181,0.0413647741208175,0.00701480130799892,0.86792045073638,0.856258459945183,0.950649998978015,0.87028806256118
26.9116274608001,0.909223022233691,0.863172841411008,0.0413798231661865,0.00702300060739827,0.867843199067504,0.856149840803609,0.950602845399877,0.870195842018406
26.9176941036001,0.909160585520785,0.863072175155277,0.0413948970500574,0.00703117859659919,0.867765688470728,0.856040996558678,0.950555482570843,0.870103353751876
26.9237607464001,0.909097914317644,0.862971259915834,0.041409998914158,0.0070393365360865,0.867687915403486,0.855931923379748,0.950507913231802,0.870010596451921
26.9298273892001,0.909035007508045,0.862870092797477,0.0414251319812825,0.00704747635267452,0.867609875526763,0.855822616444802,0.950460139489328,0.869917569150151
26.9358940320001,0.908971864376022,0.862768671149726,0.041440299425564,0.00705559970819504,0.867531564950458,0.855713071441531,0.950412163801586,0.869824270857921
26.9419606748001,0.908908484122729,0.862666992149289,0.0414555044288282,0.00706370810773556,0.8674529796939,0.855603284041554,0.950363988551557,0.869730700257025
26.9480273176001,0.908844865712574,0.862565053058191,0.04147075021474,0.00707180361652581,0.867374115497834,0.855493249441665,0.950315615927314,0.869636856674716
26.9540939604001,0.908781008648809,0.862462851197507,0.04148603991092,0.0070798874495981,0.867294968737889,0.855382963747908,0.950267048559729,0.869542738647105
26.9601606032001,0.908716911631053,0.862360383650421,0.0415013767960221,0.00708796184594533,0.867215534835031,0.855272421804476,0.950218288427075,0.869448345496366
26.9662272460001,0.908652574266676,0.862257647860917,0.0415167639707099,0.00709602804132354,0.867135810295966,0.855161619819594,0.950169338237385,0.869353675902241
26.9722938888001,0.908587995435209,0.862154640934804,0.0415322046837471,0.00710408799374628,0.867055790751462,0.855050552941058,0.950120200118956,0.869258728928551
26.9783605316001,0.908523174420971,0.862051360205291,0.041547702098391,0.0071121433271652,0.86697547232258,0.854939216878126,0.950070876519362,0.869163503532456
26.9844271744001,0.908458110428794,0.861947802874967,0.0415632593922508,0.00712019558312384,0.866894851036543,0.854827607291844,0.950021369821045,0.869067998458091
26.9904938172001,0.908392802415447,0.861843966177424,0.0415788798083006,0.00712824680355807,0.866813922607147,0.854715719373866,0.949971682223748,0.868972212980982
26.9965604600001,0.90832724989391,0.861739847460972,0.041594566441993,0.00713629821139798,0.866732683451917,0.854603549249574,0.949921816335903,0.86887614567237
27.0026271028001,0.908261451553855,0.86163544378545,0.0416103226147741,0.0071443520559852,0.86665112893908,0.854491091729465,0.949871774168629,0.868779795841435
27.0086937456001,0.908195407010726,0.861530752608626,0.0416261513867496,0.00715240954834869,0.866569255623977,0.854378343060277,0.949821558397476,0.868683162156975
27.0147603884001,0.908129115139944,0.861425771037675,0.041642056032148,0.00716047267769901,0.866487059107796,0.854265298359976,0.949771171172092,0.868586243715375
27.0208270312001,0.908062575225977,0.861320496389142,0.0416580397038554,0.00716854303010999,0.866404535522122,0.854151953359032,0.949720614929833,0.868489039419252
27.0268936740001,0.907995786477467,0.861214925891788,0.0416741055747584,0.00717662218349588,0.866321680902708,0.854038303708293,0.949669892052225,0.868391548075284
27.0329603168001,0.907928747843413,0.861109056750597,0.0416902569076469,0.00718471215684219,0.866238490935767,0.853924344593755,0.94961900475106,0.86829376890744
27.0390269596001,0.907861460896958,0.861002888391488,0.041706493865892,0.00719281128088314,0.866154967031066,0.853810077110605,0.94956795476285,0.868195699672371
27.0450936024001,0.907794056078595,0.860896549611887,0.0417226334757098,0.00720073547771313,0.866071422602885,0.853695814134174,0.949516689554305,0.8680972850896
27.0511602452001,0.907726611999291,0.860790116870576,0.0417385670518464,0.00720837422833026,0.865988044947445,0.853581742642246,0.949465179051138,0.867998491098907
27.0572268880001,0.907659128300254,0.860683588046214,0.0417542968048707,0.00721572846451734,0.865904831495383,0.853467859581697,0.949413425105125,0.867899316510732
27.0632935308001,0.90759160468707,0.860576960859428,0.0417698252822815,0.00722279913895303,0.865821779404789,0.853354161720475,0.949361429969352,0.867799759998381
27.0693601736001,0.907524040854281,0.860470233047405,0.0417851549701467,0.00722958718424539,0.865738885884134,0.85324064586316,0.949309195824427,0.86769982023165
27.0754268164001,0.907456436453297,0.860363402496654,0.0418002881470402,0.00723609359223738,0.865656148306257,0.853127308904417,0.949256724600337,0.867599496088892
27.0814934592001,0.90738879122958,0.8602564668228,0.0418152275423337,0.00724231929936809,0.865573563687246,0.853014147523432,0.949204018771914,0.867498786122168
27.0875601020001,0.907321104790971,0.860149423977549,0.0418299752359651,0.0072482652498638,0.865491129555006,0.852901158727685,0.949151080026936,0.867397689227412
27.0936267448001,0.907253376899094,0.86004227157561,0.0418445340239869,0.00725393242085296,0.865408842875107,0.852788339154757,0.949097910923081,0.867296203996463
27.0996933876001,0.907185607193093,0.859935007499493,0.0418589061388992,0.00725932177278256,0.865326701054194,0.852675685726711,0.949044513331992,0.867194329272276
27.1057600304001,0.907117795379136,0.859827629453154,0.0418730941178578,0.0072644342194807,0.865244701261278,0.852563195233673,0.948990889496993,0.867092063672634
27.1118266732001,0.907049941152664,0.859720135197366,0.0418871004456851,0.0072692707342408,0.865162840706979,0.852450864463125,0.948937041598349,0.866989405931607
27.1178933160001,0.906982044162706,0.859612522595322,0.0419009274137885,0.00727383227864996,0.865081116748917,0.852338690316672,0.948882971576494,0.866886354873972
27.1239599588001,0.906914104158126,0.859504789283377,0.0419145777278374,0.00727811980497147,0.864999526430288,0.852226669478406,0.948828681885963,0.866782909088349
27.1300266016001,0.906846120742804,0.859396933196375,0.041928053501622,0.00728213426011686,0.864918067241182,0.852114798936259,0.948774174244426,0.866679067456492
27.1360932444001,0.906778093681864,0.859288951957575,0.041941357498062,0.00728587660240571,0.864836736183802,0.85200307535517,0.948719451179926,0.866574828559981
27.1421598872001,0.906710022612433,0.859180843453604,0.041954491971201,0.00728934782106129,0.864755530641232,0.851891495632543,0.948664514583634,0.866470191274665
27.1482265300001,0.906641907241211,0.859072605371475,0.0419674594482402,0.00729254879094664,0.864674447792971,0.851780056580528,0.948609366689451,0.866365154162421
27.1542931728001,0.906573747264591,0.858964235495764,0.0419802624123684,0.00729548052607466,0.864593484852223,0.851668754969689,0.94855400967696,0.866259716021838
27.1603598156001,0.906505542329167,0.858855731666247,0.0419929031682149,0.00729814395800184,0.864512639160952,0.851557587708245,0.948498445497382,0.866153875624249
27.1664264584001,0.906437292187234,0.858747091539977,0.042005384397552,0.00730054005443993,0.864431907789682,0.851446551485537,0.948442676584786,0.866047631594417
27.1724931012001,0.906368996438734,0.858638313035126,0.042017708247829,0.00730266976521995,0.864351288190905,0.851335643269906,0.948386704686563,0.865940982800346
27.1785597440001,0.906300654852239,0.85852939378323,0.0420298774492197,0.00730453402973529,0.864270777403019,0.851224859753494,0.948330532301458,0.865833927812965
27.1846263868001,0.906232267062912,0.858420331675303,0.042041894276925,0.00730613386610041,0.864190372785987,0.851114197809203,0.948274161339837,0.865726465541404
27.1906930296001,0.906163832777934,0.85831112438115,0.0420537612485773,0.00730747011009898,0.864110071529357,0.851003654271051,0.948217594026511,0.865618594491249
27.1967596724001,0.906095351694701,0.858201769709355,0.0420654808453456,0.00730854381649486,0.864029870849355,0.850893225892861,0.948160832540046,0.86551031352585
27.2028263152001,0.90602682345732,0.858092265476186,0.0420770553854681,0.00730935588703981,0.863949768071852,0.850782909589146,0.948103878842788,0.865401621363226
27.2088929580001,0.905958247821542,0.857982609359357,0.0420884875266264,0.00730990730452079,0.863869760294915,0.850672702054836,0.948046735348168,0.865292516663877
27.2149596008001,0.905889624383398,0.857872799260556,0.0420997794497342,0.00731019902191963,0.863789844933663,0.850562600238636,0.947989403833132,0.865182998282475
27.2210262436001,0.905820952914857,0.85776283281933,0.0421109338526088,0.00731023195958897,0.863710019062248,0.850452600859741,0.947931886767465,0.865073064778919
27.2270928864001,0.905752233049167,0.857652707931348,0.0421219530312193,0.00731000716464663,0.863630280017948,0.850342700766701,0.947874186080387,0.864962715095994
27.2331595292001,0.905683464493943,0.857542422248935,0.0421328394940179,0.00730952543368388,0.863550624999925,0.850232896815251,0.947816303987961,0.864851947682619
27.2392261720001,0.905614646947629,0.857431973604899,0.0421435957197653,0.00730878786224828,0.863471051227864,0.85012318574265,0.947758242667395,0.864740761467147
27.2452928148001,0.905545780051802,0.857321359791897,0.0421542240406964,0.00730779532251065,0.863391556011106,0.850013564469386,0.947700004092498,0.864629155114407
27.2513594576001,0.905476863565688,0.857210578508273,0.042164727090209,0.00730654881196133,0.863312136475479,0.849904029696312,0.947641590655897,0.864517127320234
27.2574261004001,0.905407897081433,0.857099627639423,0.0421751070824873,0.00730504928696333,0.863232789998946,0.84979457835246,0.94758300416392,0.864404676926387
27.2634927432001,0.905338880374356,0.856988504832634,0.0421853666833783,0.00730329764871393,0.863153513690978,0.84968520718392,0.947524247057734,0.864291802481348
27.2695593860001,0.905269813075838,0.856877207988495,0.0421955082092331,0.00730129497344792,0.863074304866605,0.849575913015048,0.947465321285071,0.864178502961943
27.2756260288001,0.905200694893876,0.856765734741588,0.0422055341597107,0.007299042018449,0.862995160734166,0.849466692723139,0.947406229053587,0.864064776760037
27.2816926716001,0.905131525528017,0.85665408294915,0.0422154470107765,0.00729653992008226,0.86291607851724,0.849357543029068,0.947346972538793,0.863950622869233
27.2877593144001,0.905062304617251,0.856542250380136,0.0422252491090489,0.0072937895211618,0.862837055508202,0.849248460858974,0.947287553726299,0.863836039901298
27.2938259572001,0.90499303192431,0.856430234753484,0.0422349430634481,0.00729079183350763,0.862758088860862,0.849139442919976,0.947227974987758,0.863721026586991
27.2998926000001,0.904923707037479,0.856318033938485,0.042244531121236,0.00728754781709736,0.862679175916243,0.849030486121388,0.947168238158715,0.863605581755582
27.3059592428001,0.904854329735374,0.856205645589899,0.0422540159166763,0.00728405835385704,0.862600313818698,0.848921587236042,0.94710834565205,0.863489703943756
27.3120258856001,0.904784899647562,0.856093067613503,0.0422633997861144,0.00728032454924966,0.862521499861447,0.848812743064253,0.947048299433676,0.863373392162753
27.3180925284001,0.904715416482372,0.855980297625866,0.0422726852208039,0.00727634712114058,0.862442731261568,0.848703950504725,0.946988101703176,0.863256644747006
27.3241591712001,0.9046458799405,0.855867333508868,0.0422818746935271,0.00727212724674265,0.862364005246973,0.848595206262125,0.946927754634027,0.86313946075561
27.3302258140001,0.904576289658305,0.855754173090382,0.042290970565674,0.00726766585672409,0.862285319092631,0.848486507233658,0.946867260223979,0.863021838947106
27.3362924568001,0.904506645402047,0.855640819561799,0.0422999754214931,0.00726297168700138,0.862206669980554,0.848377847874798,0.94680662082354,0.862903791248801
27.3423590996001,0.904436946756173,0.855527357978983,0.0423088915411294,0.00725816902433192,0.862128055215043,0.848269188954651,0.946745838297302,0.862785527003315
27.3484257424001,0.90436719350255,0.855413825740264,0.0423177215276519,0.00725331492697205,0.862049471974898,0.848160510813292,0.946684915030202,0.862667140667236
27.3544923852001,0.904297385268977,0.855300221977206,0.0423264677370125,0.00724841225553217,0.861970917531964,0.848051809721674,0.946623853005989,0.862548634232738
27.3605590280001,0.904227521764068,0.855186545898907,0.0423351326524465,0.00724346396637636,0.861892389111621,0.847943081932531,0.946562654416514,0.862430009865284
27.3666256708001,0.904157602689717,0.855072796530313,0.0423437187431663,0.00723847285898707,0.861813883946551,0.847834323671326,0.946501321432883,0.8623112693893
27.3726923136001,0.904087627679602,0.854958973149525,0.0423522283857202,0.00723344191985547,0.861735399293882,0.847725531229669,0.946439856065322,0.86219241506938
27.3787589564001,0.904017596503536,0.854845074778563,0.042360664139492,0.00722837397307396,0.861656932364044,0.847616700805489,0.946378260643028,0.862073448751636
27.3848255992001,0.903947508742153,0.854731100646065,0.0423690283173158,0.00722327195368838,0.861578480424837,0.847507828692377,0.946316537059469,0.861954372599753
27.3908922420001,0.903877364180521,0.854617049861689,0.0423773234914532,0.00721813874228651,0.861500040689067,0.847398911119403,0.946254687671974,0.861835188603976
27.3969588848001,0.903807162444721,0.85450292155112,0.0423855520370754,0.00721297721252466,0.861421610407646,0.847289944338596,0.946192714481796,0.861715898763645
27.4030255276001,0.903736903243602,0.854388714922812,0.042393716429787,0.00720779030644146,0.861343186813815,0.84718092461637,0.946130619673389,0.861596505229253
27.4090921704001,0.903666586280307,0.854274429008475,0.0424018191348424,0.00720258083855684,0.861264767145464,0.847071848169918,0.946068405415149,0.861477009847031
27.4151588132001,0.903596211185781,0.854160063074844,0.0424098625443367,0.00719735178453932,0.861186348641444,0.846962711290305,0.946006073730118,0.861357414859384
27.4212254560001,0.903525777733415,0.854045616157709,0.0424178491925937,0.00719210597218202,0.861107928540822,0.846853510185527,0.945943626926009,0.861237722129891
27.4272920988001,0.903455285500057,0.853931087470752,0.0424257814249442,0.00718684634165837,0.861029504075113,0.846744241129094,0.945881066925002,0.861117933812411
27.4333587416001,0.903384734273925,0.853816476135862,0.0424336617832295,0.00718157576181212,0.860951072490696,0.846634900374049,0.945818396057155,0.860998051897674
27.4394253844001,0.903314123679433,0.853701781273002,0.0424414926614525,0.00717629711930486,0.86087263101798,0.846525484153697,0.945755616340885,0.860878078392307
27.4454920272001,0.903243453425613,0.853587002089825,0.0424492765279744,0.00717101334189233,0.860794176897638,0.846415988747932,0.945692729953587,0.860758015431717
27.4515586700001,0.903172723216907,0.853472137624962,0.0424570158437044,0.00716572725908322,0.860715707373202,0.846306410365879,0.945629739060611,0.860637864884045
27.4576253128001,0.903101932681479,0.853357187133631,0.0424647130166713,0.00716044183587207,0.860637219664808,0.846196745297759,0.94556664569815,0.860517628969503
27.4636919556001,0.903031081596323,0.853242149665463,0.0424723705559468,0.00715515990353674,0.860558711040377,0.846086989761926,0.94550345215227,0.860397309569
27.4697585984001,0.902960169534525,0.853127024419269,0.0424799908391629,0.0071498844074523,0.860480178695362,0.845977140011817,0.945440160373687,0.860276908826721
27.4758252412001,0.902889196287401,0.853011810529005,0.042487576378129,0.0071446182047591,0.860401619909272,0.845867192324245,0.94537677266553,0.860156428733764
27.4818918840001,0.90281816147775,0.852896507109076,0.0424951295852919,0.00713936419508386,0.860323031892458,0.845757142913992,0.945313291063042,0.86003587130416
27.4879585268001,0.902747064814738,0.852781113366171,0.0425026529221572,0.00713412529193939,0.860244411892581,0.845646988074232,0.945249717736895,0.859915238658111
27.4940251696001,0.902675906004155,0.852665628346,0.0425101488449006,0.00712890433977819,0.860165757159254,0.845536724006222,0.945186054849055,0.859794532685779
27.5000918124001,0.902604684671335,0.852550051292109,0.0425176197778736,0.00712370429306607,0.860087064893461,0.845426346999043,0.945122304449208,0.859673755585175
27.5061584552001,0.902533400596898,0.852434381268051,0.0425250682046997,0.00711852798634867,0.860008332392198,0.845315853281702,0.945058468801598,0.8595529092544
27.5122250980001,0.902462053350192,0.85231861745784,0.0425324965351208,0.00711337837028165,0.859929556815071,0.845205239087558,0.944994549885313,0.859431995828122
27.5182917408001,0.902390642725586,0.852202759007344,0.0425399072513009,0.00710825829033935,0.859850735474286,0.845094500717004,0.944930549976887,0.859311017297683
27.5243583836001,0.90231916834431,0.852086805025567,0.042547302783742,0.00710317065907263,0.859771865560568,0.844983634366494,0.944866471128052,0.859189975684639
27.5304250264001,0.902247629915615,0.851970754718077,0.0425546855874835,0.00709811837579373,0.859692944328132,0.844872636342283,0.944802315503099,0.85906887309387
27.5364916692001,0.90217602714669,0.851854607137814,0.0425620581135797,0.0070931042998519,0.85961396903311,0.844761502837962,0.94473808526027,0.858947711437666
27.5425583120001,0.902104359659986,0.851738361516504,0.0425694228030912,0.00708813137533119,0.859534936856894,0.844650230141173,0.944673782463077,0.858826492891835
27.5486249548001,0.902032627239777,0.851622016931696,0.0425767821140018,0.00708320243982962,0.859455845125776,0.844538814491866,0.944609409353779,0.858705219371526
27.5546915976001,0.901960829451698,0.85150557255269,0.0425841384879666,0.00707832044935691,0.859376690963731,0.844427252103333,0.944544967939664,0.858583893002047
27.5607582404001,0.90188896609312,0.851389027537103,0.0425914943778928,0.0070734882377624,0.859297471715227,0.844315539299341,0.944480460471013,0.858462515774866
27.5668248832001,0.901817036783752,0.851272380988699,0.0425988522319521,0.00706870873048209,0.8592181845518,0.844203672258217,0.944415889015704,0.858341089719181
27.5728915260001,0.901745041232884,0.851155632111765,0.0426062144991024,0.00706398481266639,0.859138826733782,0.844091647299099,0.944351255731986,0.858219616924432
27.5789581688001,0.90167297914915,0.851038779966629,0.0426135836248909,0.00705931935851594,0.859059395524259,0.843979460608113,0.944286562774041,0.858098099325144
27.5850248116001,0.901600850152071,0.850921823773039,0.0426209620674736,0.00705471530187883,0.858979888084597,0.843867108471161,0.944221812219544,0.857976539074918
27.5910914544001,0.901528654029599,0.850804762622623,0.0426283522590008,0.00705017548318993,0.858900301770598,0.843754587139433,0.9441570062886,0.857854938105813
27.5971580972001,0.901456390343681,0.850687595918958,0.0426357566728486,0.00704570321590658,0.858820633670832,0.843641892703051,0.944092147016529,0.857733299134865
27.6032247400001,0.901384073085053,0.850570351159152,0.0426431978013314,0.00704134138399692,0.858740875283722,0.843529009775155,0.944027270886385,0.857611692543149
27.6092913828001,0.901312469889358,0.850453766355413,0.0426517642505252,0.00703813790726646,0.858660705638833,0.843415628448146,0.943964234139884,0.857491904262679
27.6153580256001,0.901242011802498,0.850338286033563,0.042662068465804,0.00703672543853877,0.858579943336694,0.843301560595024,0.943904080268302,0.857375011472102
27.6214246684001,0.901172681842412,0.850223894825893,0.0426740892804955,0.00703708645182595,0.858498592561916,0.843186808374067,0.943846771122907,0.857260981277719
27.6274913112001,0.901104464532506,0.850110573574471,0.0426878078253241,0.00703919789807288,0.858416656707182,0.843071375676398,0.94379227235783,0.857149771472544
27.6335579540001,0.901037341599637,0.849998306826333,0.0427032009589264,0.0070430420311608,0.85833414064071,0.842955264795172,0.943740542558563,0.857041348857494
27.6396245968001,0.900971298440614,0.849887076240249,0.0427202511588645,0.00704859709569405,0.85825104728175,0.842838479144555,0.943691549599479,0.856935673335943
27.6456912396001,0.900906316652993,0.849776865149391,0.0427389350739823,0.00705584349069059,0.858167381579011,0.842721021658701,0.943645251726975,0.856832708640082
27.6517578824001,0.900842380692356,0.849667656639272,0.0427592337453978,0.00706476152815157,0.858083146946958,0.84260289511112,0.943601614437753,0.856732418167423
27.6578245252001,0.900779473610463,0.849559432632129,0.0427811260538796,0.00707532962881675,0.857998347556583,0.842484103003313,0.943560599664342,0.856634762260946
27.6638911680001,0.900717578453265,0.849452177597963,0.0428045908638966,0.00708753004105838,0.857912987589368,0.842364647556905,0.943522169317161,0.856539707639021
27.6699578108001,0.900656679637579,0.849345872561903,0.0428296091775904,0.00710133998213067,0.857827070459989,0.842244532579772,0.94348628881517,0.856447212544033
27.6760244536001,0.900596759060767,0.849240501914219,0.0428561580632372,0.00711674146649995,0.85774060099753,0.842123760447719,0.943452917124004,0.856357243380719
27.6820910964001,0.900537801899878,0.849136047421766,0.0428842197240875,0.00713371291767639,0.85765358217579,0.84200233450409,0.943422021623965,0.856269760339443
27.6881577392001,0.900479789957567,0.849032492379571,0.0429137710669125,0.00715223465328765,0.857566018890654,0.841880257726283,0.943393561024479,0.856184727032859
27.6942243820001,0.900422707562893,0.848929819844656,0.042944792972344,0.00717228696454498,0.857477914590549,0.841757532880111,0.943367500535237,0.856102106809201
27.7002910248001,0.900366537815561,0.848828011834367,0.0429772643841945,0.00719384839513603,0.857389273431366,0.841634163439231,0.943343802199756,0.856021860229503
27.7063576676001,0.900311263792158,0.84872705265527,0.0430111642013317,0.00721690096591001,0.857300099590826,0.84151015168936,0.94332242799349,0.85594395362118
27.7124243104001,0.900256869800285,0.848626923516064,0.0430464732940563,0.00724142216151236,0.857210396506229,0.841385501354551,0.943303343094342,0.855868345677576
27.7184909532001,0.900203337909123,0.848527608650992,0.0430831689419136,0.00726739375771161,0.85712016896721,0.841260214893281,0.943286506851037,0.855795002408704
27.7245575960001,0.900150653077274,0.84842908993375,0.0431212330754714,0.00729479435512878,0.857029420001803,0.841134295578621,0.943271886152746,0.855723884288878
27.7306242388001,0.900098797309865,0.848331350622368,0.0431606428561682,0.00732360419189553,0.856938154453696,0.841007746430473,0.943259440166033,0.855654954814264
27.7366908816001,0.900047754812062,0.848234373744243,0.0432013790074109,0.00735380353655507,0.856846375804651,0.840880570207688,0.943249133819473,0.855588177280799
27.7427575244001,0.899997508728884,0.848138141412955,0.0432434205327962,0.00738537105760476,0.856754088196088,0.84075277035535,0.943240929261681,0.855523512470559
27.7488241672001,0.899948042170183,0.848042637770491,0.0432867463688487,0.00741828854648978,0.856661295801334,0.840624349224002,0.943234788539032,0.855460926316981
27.7548908100001,0.899899339331716,0.847947844209632,0.0433313372507698,0.00745253375632625,0.856568002080947,0.840495310453306,0.943230676582486,0.855400377965958
27.7609574528001,0.899851382455798,0.847853744809331,0.0433771706710031,0.0074880882249041,0.856474211784795,0.840365656584427,0.943228553126801,0.855341833034235
27.7670240956001,0.899804156283896,0.847760321548877,0.0434242282890627,0.00752493072815968,0.856379927994833,0.840235390820718,0.943228384572958,0.855285252277037
27.7730907384001,0.899757643020982,0.847667557650463,0.0434724875177978,0.00756304142662293,0.856285155503184,0.84010451622384,0.943230130538779,0.855230599077086
27.7791573812001,0.899711826750957,0.847575436110712,0.0435219289266468,0.00760240056429085,0.85618989782431,0.839973035546421,0.943233755677603,0.855177836675003
27.7852240240001,0.899666690661526,0.847483938938411,0.0435725315757323,0.00764298722222669,0.856094159085794,0.839840951716184,0.943239222237258,0.855126926160638
27.7912906668001,0.899622217898433,0.847393043783969,0.0436242744424948,0.00768479190671112,0.855997943455938,0.839708251877258,0.943246492340928,0.85507783569068
27.7973573096001,0.899578392542965,0.847302729949689,0.0436771381237784,0.00772779585783316,0.855901254419187,0.839574934091856,0.943255530666744,0.855030525807522
27.8034239524001,0.899535197011884,0.847212982339271,0.043731100326553,0.00777197899118696,0.855804096685331,0.839441003348084,0.943266297338437,0.854984961330458
27.8094905952001,0.899492615830835,0.847123784040034,0.0437861424409099,0.00781731883681652,0.855706473389925,0.839306465203218,0.943278758271745,0.854941102876851
27.8155572380001,0.899450631402009,0.847035119227977,0.0438422421278487,0.00786379408159517,0.85560838927416,0.839171325146381,0.943292873529858,0.854898913309572
27.8216238808001,0.899409227690668,0.846946971861634,0.0438993798060985,0.00791138353762337,0.85550984788457,0.839035588324011,0.943308607496767,0.854858355399258
27.8276905236001,0.899368387924578,0.846859325246132,0.0439575345890499,0.00796006472048478,0.855410853335529,0.838899260525647,0.943325922513628,0.854819389966617
27.8337571664001,0.899328095288001,0.846772164180177,0.0440166854983175,0.008009817558101,0.855311409789683,0.838762346622076,0.943344780786318,0.854781981738278
27.8398238092001,0.899288333745125,0.846685471423476,0.0440768129891294,0.00806061893344456,0.855211520755996,0.838624852490032,0.943365146734255,0.854746090356921
27.8458904520001,0.899249085888473,0.846599231737614,0.044137894984611,0.00811244850902517,0.855111190903862,0.838486783228588,0.943386980873084,0.854711680246639
27.8519570948001,0.899210336029185,0.846513428303648,0.0441999126070601,0.00816528399986514,0.855010423422125,0.838348144303782,0.943410248636245,0.854678712303513
27.8580237376001,0.89917206676404,0.846428045268704,0.044262843762368,0.00821910401241798,0.854909223001672,0.838208941256286,0.943434910526408,0.854647149281122
27.8640903804001,0.899134261942291,0.846343066558303,0.0443266687218143,0.00827388733043934,0.854807593220477,0.838069179227864,0.943460930664106,0.854616953888742
27.8701570232001,0.899096904829134,0.846258475572457,0.044391366648797,0.00832961160659893,0.854705538180337,0.837928863965859,0.943488271477931,0.854588087179056
27.8762236660001,0.899059978649979,0.846174256951306,0.0444569166123648,0.00838625652043206,0.854603062037614,0.837788000430874,0.943516895262344,0.854560513471738
27.8822903088001,0.899023467249288,0.846090393628429,0.0445232989228703,0.00844379924320867,0.854500168326418,0.83764659438522,0.943546766172159,0.854534192871637
27.8883569516001,0.898987353396659,0.84600687022395,0.0445904917212248,0.00850221918518324,0.854396861675434,0.837504651038767,0.943577845117883,0.854509089409133
27.8944235944001,0.898951621190038,0.845923670011585,0.0446584758635608,0.00856149424433922,0.854293145326477,0.837362175767246,0.943610097053599,0.854485164255924
27.9004902372001,0.898916253418168,0.845840777110579,0.044727229497404,0.00862160294882476,0.854189023920764,0.837219174161755,0.943643482915572,0.854462380059404
27.9065568800001,0.898881233816917,0.845758175412456,0.0447967327498408,0.00868252405195261,0.854084501067076,0.837075651360503,0.943677966566758,0.854440699464408
27.9126235228001,0.898846545686286,0.845675848413086,0.0448669648310209,0.00874423534556049,0.853979580855265,0.836931613067525,0.943713510517307,0.854420083758646
27.9186901656001,0.89881217229546,0.845593780593054,0.0449379048606838,0.00880671625869629,0.853874267434776,0.836787064334357,0.943750077156144,0.85440049685175
27.9247568084001,0.898778097366547,0.845511955060243,0.0450095330010488,0.00886994425211863,0.853768564365499,0.836642010808125,0.943787630367596,0.854381899312362
27.9308234512001,0.898744303847533,0.84543035629398,0.0450818276124424,0.00893389848465376,0.853662476235091,0.836496457809326,0.943826131459976,0.854364254778633
27.9368900940001,0.898710775624487,0.845348967659545,0.0451547692864597,0.00899855703523021,0.853556006338027,0.836350410624315,0.943865544910946,0.854347524694775
27.9429567368001,0.898677495675484,0.845267773249302,0.0452283364090039,0.00906389835580768,0.85344915926648,0.836203874893494,0.943905832084488,0.854331671605109
27.9490233796001,0.898644447625638,0.845186756919792,0.0453025089662267,0.00912990116715546,0.853341938659412,0.836056855752636,0.943946956591865,0.854316658086947
27.9550900224001,0.898611614807127,0.845105902263715,0.0453772662117697,0.00919654340236238,0.853234348595357,0.835909358861352,0.943988881018896,0.854302445666077
27.9611566652001,0.898578980535537,0.845025193601119,0.0454525873193221,0.00926380423788637,0.853126393216215,0.835761389363232,0.944031567854859,0.854288997839005
27.9672233080001,0.898546528407995,0.84494461421462,0.0455284522997124,0.00933166142516612,0.853018076108283,0.835612952789454,0.944074980707707,0.854276275639786
27.9732899508001,0.89851424155219,0.844864148443399,0.0456048397343102,0.00940009387242779,0.85290940181788,0.835464054570971,0.9441190812865,0.854264242315827
27.9793565936001,0.898482103643624,0.844783779743226,0.0456817299518043,0.00946907983753117,0.85280037369182,0.835314699905695,0.944163833595428,0.854252859580757
27.9854232364001,0.898450097847082,0.844703492180569,0.0457591015732153,0.00953859769835926,0.852690996273867,0.835164894482209,0.944209199420297,0.854242089878928
27.9914898792001,0.898418207679548,0.844623269576008,0.0458369344470188,0.00960862614104021,0.852581273232529,0.835014643434968,0.944255142126567,0.854231895717048
27.9975565220001,0.898386416502749,0.844543095620043,0.0459152078670905,0.00967914324199652,0.852471208635658,0.834863952378046,0.944301624369839,0.854222238862039
28.0036231648001,0.898354707681302,0.844462954471199,0.0459939010643277,0.00975012792299397,0.852360806616974,0.834712826548205,0.94434860874563,0.854213082394193
28.0096898076001,0.898323064684724,0.844382829587255,0.0460729938949086,0.00982155822734352,0.852250070789815,0.834561271359911,0.944396058579633,0.854204387814598
28.0157564504001,0.89829147082172,0.844302705167907,0.0461524651628766,0.00989341281349865,0.852139005658844,0.834409292354409,0.944443935984597,0.854196117981406
28.0218230932001,0.898259909558543,0.844222564758326,0.0462322949356426,0.00996567011623466,0.8520276146229,0.834256894642091,0.944492204494185,0.854188234874561
28.0278897360001,0.898228364244054,0.844142392400078,0.0463124620660855,0.0100383084414713,0.851915902177969,0.834104083958607,0.94454082631014,0.85418070084155
28.0339563788001,0.898196818289739,0.844062171876804,0.0463929462682645,0.0101113064385991,0.851803872021475,0.833950865438205,0.944589764558004,0.854173478315403
28.0400230216001,0.898165255084245,0.843981886977767,0.0464737268730309,0.0101846423294556,0.851691528211214,0.833797244648312,0.944638981957276,0.854166529307223
28.0460896644001,0.898133658043848,0.843901521698992,0.0465547831717479,0.0102582947790124,0.8515788748721,0.83364322691998,0.944688441215596,0.854159816478005
28.0521563072001,0.898102010507827,0.843821059673847,0.0466360948626854,0.0103322421236437,0.851465915645142,0.833488817550204,0.944738105370513,0.854153301797491
28.0582229500001,0.898070295967218,0.843740484963202,0.0467176409741887,0.0104064627728579,0.851352654993029,0.833334022190344,0.944787936941407,0.85414694773606
28.0642895928001,0.898038497680335,0.843659781200543,0.0467994013140214,0.0104809353363321,0.851239096366314,0.833178845864211,0.944837898994356,0.854140716536875
28.0703562356001,0.898006599177493,0.843578932403529,0.0468813549636623,0.0105556380501361,0.851125244213831,0.833023294353393,0.944887954141155,0.854134570453665
28.0764228784001,0.897974583767304,0.843497922317876,0.046963481506012,0.0106305495248247,0.851011102261292,0.832867372793052,0.944938065273316,0.854128471842701
28.0824895212001,0.897942434862708,0.843416734832588,0.0470457603056385,0.0107056481297314,0.850896674557069,0.832711086702856,0.944988195168346,0.854122382962319
28.0885561640001,0.897910135934267,0.843335353780197,0.04712817071763,0.0107809122709334,0.850781965216637,0.832554441509264,0.945038306651897,0.854116266051131
28.0946228068001,0.897877670188397,0.843253762970096,0.0472106922790898,0.0108563205790587,0.850666977909307,0.832397442391037,0.945088362467487,0.854110083549154
28.1006894496001,0.897845021299775,0.843171946324981,0.0472933042442946,0.0109318512154986,0.85055171705548,0.832240095109482,0.94513832554407,0.85410379754048
28.1067560924001,0.897812172320094,0.843089887565576,0.047375986162989,0.0110074829628178,0.850436186157105,0.832082404602758,0.945188158483083,0.854097370528394
28.1128227352001,0.897779106958492,0.843007570686619,0.0474587173419934,0.0110831939893467,0.850320389616498,0.831924376697273,0.945237824300485,0.854090764675966
28.1188893780001,0.897745808423335,0.842924979394924,0.0475414772363087,0.0111589628647098,0.850204331187026,0.831766016530214,0.945287285659644,0.854083942259634
28.1249560208001,0.89771226014923,0.8428420976802,0.0476242452409607,0.0112347681078161,0.850088014908269,0.831607329572384,0.945336505390191,0.854076865788017
28.1310226636001,0.897678445663653,0.842758909210511,0.0477070007780215,0.0113105878637487,0.849971444885632,0.831448321346763,0.945385446441675,0.85406949707426
28.1370893064001,0.897644348037526,0.842675397971698,0.0477897232201695,0.0113864010585815,0.849854624817356,0.831288996913116,0.945434071257695,0.854061799030279
28.1431559492001,0.897609951130485,0.842591547748944,0.0478723920492417,0.0114621856064135,0.849737559081243,0.831129362142531,0.945482343179727,0.854053733355358
28.1492225920001,0.897575237788912,0.842507342349122,0.0479549865585921,0.0115379204606819,0.84962025123032,0.83096942188844,0.945530224347504,0.854045262809804
28.1552892348001,0.897540191898142,0.842422765745046,0.048037486277126,0.0116135837240946,0.849502705621016,0.830809182020952,0.945577678175268,0.854036349469141
28.1613558776001,0.897504796568925,0.842337801603646,0.0481198705352017,0.0116891539232462,0.849384926033723,0.830648647680399,0.945624667104127,0.854026955526892
28.1674225204001,0.897469035254904,0.842252434016305,0.0482021187550451,0.0117646097287029,0.849266916499859,0.830487824287602,0.945671154009949,0.854017043745008
28.1734891632001,0.897432891543098,0.842166646485634,0.0482842104289704,0.0118399290224517,0.849148681114127,0.830326717463182,0.945717101972068,0.854006575508085
28.1795558060001,0.897396348366307,0.842080423174351,0.0483661247619722,0.0119150910272034,0.849030223604334,0.830165332147148,0.945762473128279,0.853995514201554
28.1856224488001,0.89735938977044,0.841993747730788,0.0484478414650772,0.0119900734105933,0.848911548305363,0.830003674320195,0.945807231235517,0.853983821141381
28.1916890916001,0.897321998397882,0.841906604046881,0.0485293395768791,0.0120648552949186,0.848792658821003,0.829841748751962,0.945851337974761,0.853971459341799
28.1977557344001,0.897284158307538,0.841818976074509,0.0486105988451081,0.0121394147193725,0.84867355946243,0.829679561355137,0.945894757152646,0.853958390793882
28.2038223772001,0.897245852515167,0.841730847439739,0.0486915984787391,0.0122137301654266,0.848554254036428,0.829517117274312,0.945937450993906,0.853944577605165
28.2098890200001,0.897207063725237,0.841642201571012,0.0487723190066435,0.0122877815400872,0.848434744718593,0.829354420030925,0.94597938273188,0.853929983111099
28.2159556628001,0.897167774495829,0.841553020713397,0.0488527415376896,0.0123615480031992,0.84831503295814,0.829191472710197,0.946020516033519,0.853914568716596
28.2220223056001,0.897127969615314,0.841463291203238,0.0489328422827109,0.0124350062520835,0.848195127332603,0.829028284951154,0.946060811898025,0.853898297455321
28.2280889484001,0.897087635471458,0.841372998706937,0.049012598136956,0.0125081306621386,0.848075037334502,0.828864868044798,0.946100233608414,0.853881129369076
28.2341555912001,0.897046756666704,0.841282129363156,0.0490919848273095,0.0125808974639311,0.847954771839394,0.828701231899225,0.946138741494013,0.853863026827087
28.2402222340001,0.89700531958018,0.841190669253114,0.0491709792775203,0.0126532815957065,0.84783434030266,0.828537387657408,0.9461762988577,0.853843950848821
28.2462888768001,0.896963309297094,0.841098604122843,0.0492495575211808,0.0127252584344567,0.847713751775913,0.828373345688387,0.946212866818275,0.8538238625573
28.2523555196001,0.896920711457354,0.841005920426054,0.0493276959759968,0.0127968039111554,0.847593015481357,0.828209116514899,0.946248407433351,0.85380272433721
28.2584221624001,0.896877511924174,0.840912603480733,0.0494053712450674,0.0128678923358253,0.847472140679107,0.828044711144907,0.946282883169242,0.853780495816558
28.2644888052001,0.896833695520669,0.840818639979081,0.0494825591131274,0.0129385004529081,0.847351136407541,0.827880139526173,0.946316254633796,0.853757140431989
28.2705554480001,0.896789248799346,0.840724015427802,0.0495592367420353,0.0130086024271512,0.847230012057311,0.827715413000651,0.946348485541381,0.853732617854954
28.2766220908001,0.896744156187813,0.840628716074989,0.0496353795696543,0.0130781746164369,0.847108776618158,0.827550541458553,0.946379535757467,0.853706890691426
28.2826887336001,0.896698404210894,0.840532727960293,0.0497109647640234,0.0131471919317011,0.846987439446871,0.827385536028592,0.946409368974918,0.853679919891994
28.2887553764001,0.896651977876475,0.840436036799332,0.0497859682263191,0.0132156296830721,0.846866009650156,0.82722040711626,0.946437946102794,0.853651666482404
28.2948220192001,0.896604862833412,0.840338629148194,0.0498603663947886,0.0132834639625353,0.846744496438624,0.827055165185658,0.946465229228201,0.853622093110729
28.3008886620001,0.896557045004344,0.840240490148459,0.049934135963864,0.0133506688220342,0.84662290904048,0.826889821326425,0.946491180968208,0.853591158970493
28.3069553048001,0.896508509084588,0.840141606688707,0.0500072525150726,0.0134172212804727,0.846501256569516,0.826724385408234,0.946515761599661,0.85355882796918
28.3130219476001,0.896459241792541,0.840041964116427,0.0500796934787537,0.0134830952930141,0.846379548313787,0.826558868823413,0.946538935271294,0.853525059409441
28.3190885904001,0.896409227382112,0.83994154878789,0.0501514340056184,0.0135482673430849,0.846257793376493,0.826393281444805,0.94656066138773,0.853489816130975
28.3251552332001,0.89635845252154,0.83984034670251,0.050222451504256,0.0136127123159403,0.846136001017284,0.82622763438657,0.946580904025796,0.85345305901845
28.3312218760001,0.896306902143671,0.839738343544173,0.050292721747167,0.0136764054532319,0.846014180396504,0.826061938090941,0.946599623890838,0.853414748997404
28.3372885188001,0.896254561904027,0.83963552597265,0.0503622211894,0.0137393230095533,0.845892340714627,0.825896202963097,0.946616783093427,0.853374848982203
28.3433551616001,0.896201417786955,0.839531878951796,0.0504309266204612,0.0138014387771524,0.845770491166494,0.825730440174644,0.946632344407416,0.853333317728949
28.3494218044001,0.89614745435769,0.839427389567337,0.0504988134149286,0.0138627300501044,0.845648640942761,0.825564659517232,0.946646267772618,0.853290119617441
28.3554884472001,0.896092658501658,0.839322043008031,0.0505658592734927,0.0139231705750537,0.845526799228165,0.825398872432978,0.94665851777515,0.853245213583085
28.3615550900001,0.896037014300217,0.839215825737079,0.0506320390615836,0.0139827369592014,0.845404975238634,0.825233088777878,0.946669053361801,0.853198562696281
28.3676217328001,0.895980508562733,0.839108723714986,0.0506973304245993,0.0140414040637495,0.845283178138134,0.825067319651237,0.946677838987333,0.853150127778736
28.3736883756001,0.895923126149299,0.83900072259257,0.050761709010107,0.0140991470602392,0.845161417139192,0.824901575532331,0.946684835159406,0.853099869652809
28.3797550184001,0.895864852719814,0.838891809134645,0.0508251512862133,0.0141559423675364,0.845039701433601,0.824735866767109,0.946690004006027,0.853047751502182
28.3858216612001,0.895805674322622,0.838781968125966,0.0508876341412406,0.0142117635165069,0.844918040181381,0.824570204609459,0.946693308463863,0.852993731642473
28.3918883040001,0.895745575390588,0.838671186850191,0.0509491327390767,0.0142665880771295,0.844796442651512,0.824404598773062,0.946694708129665,0.852937774927321
28.3979549468001,0.895684542977312,0.838559450337837,0.0510096250526337,0.0143203895885963,0.844674917924678,0.824239060749241,0.946694168029946,0.852879839926434
28.4040215896001,0.895622560992745,0.838446745157778,0.0510690856639316,0.0143731447801133,0.844553475328813,0.824073600377665,0.946691646656676,0.852819889937891
28.4100882324001,0.895559616385089,0.838333057232942,0.0511274924514353,0.0144248284904541,0.844432123933654,0.823908228742488,0.946687108836524,0.852757885723396
28.4161548752001,0.895495693943973,0.838218372179731,0.05118482094152,0.0144754158193992,0.844310873002453,0.823742956360332,0.946680514885493,0.85269378799913
28.4222215180001,0.895430779331389,0.8381026768694,0.0512410476116096,0.0145248833518101,0.844189731719779,0.82357779351759,0.946671826942998,0.85262756022121
28.4282881608001,0.89536485866196,0.837985955906188,0.0512961494525837,0.0145732043554234,0.844068709209377,0.823412751550765,0.946661008114544,0.852559160261612
28.4343548036001,0.895297916233899,0.837868196772491,0.0513501014138986,0.0146203566768741,0.843947814820001,0.823247840095617,0.946648017647798,0.852488553449365
28.4404214464001,0.89522993927012,0.837749384341065,0.0514028817425585,0.0146663136489685,0.843827057527561,0.823083070692097,0.946632821012678,0.852415697990034
28.4464880892001,0.89516091151031,0.837629505285207,0.0514544647390438,0.0147110521211471,0.843706446771266,0.82291845316406,0.946615376249354,0.852340557406354
28.4525547320001,0.895090820039223,0.837508545491599,0.051504828511146,0.0147545469113835,0.843585991528077,0.822753998580216,0.946595648550369,0.852263092402982
28.4586213748001,0.895019649578309,0.837386490540902,0.0515539484677879,0.0147967730460765,0.843465701110521,0.822589717494826,0.946573598046097,0.852183263586978
28.4646880176001,0.894947385789367,0.837263327412136,0.0516018010919711,0.0148377072777014,0.843345584697396,0.822425620134434,0.946549186881338,0.852101034689837
28.4707546604001,0.894874014855586,0.837139040527685,0.0516483634808723,0.0148773226092286,0.843225651374714,0.822261717918456,0.946522378336458,0.852016363136914
28.4768213032001,0.894799520938238,0.837013617569458,0.0516936103657759,0.0149155971646649,0.843105910572463,0.822098020404793,0.946493131304014,0.851929214734123
28.4828879460001,0.894723891430697,0.836887043252937,0.0517375202696487,0.0149525040714962,0.842986371161049,0.821934539181441,0.946461411700346,0.851839547324433
28.4889545888001,0.894647109903528,0.836759304354588,0.0517800672133021,0.0149880202976293,0.842867042690226,0.821771284056959,0.94642717711683,0.851747324652218
28.4950212316001,0.894569163575752,0.836630386726179,0.0518212295301122,0.0150221206418611,0.842747934045639,0.821608266084317,0.946390393105864,0.85165250736804
28.5010878744001,0.894490037102924,0.836500275911305,0.0518609825152921,0.015054780055597,0.842629054587632,0.821445495855708,0.946351019618216,0.851555055966902
28.5071545172001,0.894409716144363,0.836368958998073,0.0518993026536785,0.0150859754605358,0.842510413490685,0.821282983537537,0.946309018798042,0.851454934458609
28.5132211600001,0.894328186954115,0.836236420225677,0.051936167152488,0.015115679593249,0.842392019801627,0.821120740632428,0.946264354106603,0.851352099818926
28.5192878028001,0.894245433554221,0.836102647205173,0.0519715505210899,0.0151438704723786,0.842273883033131,0.820958776732794,0.946216984075311,0.851246517677552
28.5253544456001,0.894161443509659,0.835967613942901,0.0520054315602858,0.0151705060978785,0.842156011949373,0.820797107845023,0.946166875069945,0.85113812004078
28.5314210884001,0.894076200223014,0.835831296572078,0.0520377840130878,0.0151955483583865,0.842038416209927,0.820635748213692,0.946113984236102,0.851026844930465
28.5374877312001,0.893989691045289,0.835693681345494,0.0520685864347164,0.0152189726497842,0.841921104610573,0.82047470869571,0.946058277480005,0.850912653995279
28.5435543740001,0.893901900568432,0.835554754257227,0.0520978140104146,0.0152407545382239,0.841804086558017,0.820313999719003,0.945999714578847,0.850795508795451
28.5496210168001,0.893812814446994,0.835414502929605,0.0521254432231145,0.0152608717156156,0.84168737122388,0.820153631213989,0.945938257670109,0.850675374645221
28.5556876596001,0.893722419008162,0.835272911918124,0.0521514513938122,0.0152792973587682,0.84157096761435,0.819993614559356,0.945873870401974,0.850552209276893
28.5617543024001,0.893630698132463,0.835129969743561,0.0521758128062228,0.0152960107673222,0.841454885326241,0.819833958976239,0.945806510938686,0.850425980510883
28.5678209452001,0.893537639557621,0.834985661283007,0.0521985065408521,0.0153109853326527,0.841339133016769,0.819674675950354,0.945736146098473,0.850296646615659
28.5738875880001,0.893443226519385,0.834839973977979,0.0522195060647827,0.0153241989083125,0.841223720454603,0.819515775069666,0.945662732584168,0.850164172886291
28.5799542308001,0.893347446498452,0.83469289406533,0.0522387901513396,0.0153356268973401,0.841108656347112,0.81935726716799,0.945586236649791,0.85002852096267
28.5860208736001,0.893250284025449,0.834544407495366,0.0522563338795367,0.0153452447819155,0.840993950145912,0.819199162713451,0.945506617904986,0.849889652277282
28.5920875164001,0.893151724747875,0.834394502008351,0.05227211372666,0.0153530304351774,0.840879611021215,0.819041471573174,0.945423838474535,0.849747532443529
28.5981541592001,0.893051755068343,0.834243161967648,0.0522861071312268,0.015358956755398,0.840765647937117,0.81888420521225,0.94533786219957,0.849602118723046
28.6042208020001,0.892950358723581,0.834090376100068,0.0522982881475561,0.0153630033276712,0.840652070576024,0.818727372772397,0.945248646871137,0.84945337942774
28.6102874448001,0.892847523625198,0.833936129124757,0.0523086361377284,0.015365143338241,0.84053888748747,0.818570985786516,0.945156159762927,0.849301272462998
28.6163540876001,0.892743232843256,0.833780408582701,0.0523171242947686,0.0153653547538975,0.840426108548487,0.818415053828804,0.945060357138025,0.849145763336599
28.6224207304001,0.892637473985855,0.833623200681846,0.0523237316063638,0.0153636129662336,0.840313742379491,0.818259587715613,0.944961205592219,0.84898681364808
28.6284873732001,0.892530231524591,0.833464491327384,0.0523284330490404,0.0153598933718169,0.840201798475551,0.818104597955568,0.944858664573631,0.848824384699201
28.6345540160001,0.892421491097622,0.833304268378815,0.0523312050906972,0.0153541740266001,0.840090286006924,0.817950094352215,0.944752696188319,0.848658442405415
28.6406206588001,0.892311239185274,0.833142516006071,0.0523320252911133,0.0153464275487372,0.839979213894161,0.817796088457334,0.944643264476387,0.848488943554808
28.6466873016001,0.892199459378188,0.832979223142736,0.052330867471471,0.0153366338094388,0.839868591906717,0.817642589333298,0.944530326849659,0.848315856952175
28.6527539444001,0.892086139763007,0.832814374350532,0.0523277112772967,0.0153247657909347,0.83975842848571,0.817489608559597,0.944413851040304,0.848139140141466
28.6588205872001,0.891971263245242,0.832647957268627,0.0523225296294271,0.015310801571432,0.839648733615815,0.817337155697195,0.944293792874669,0.847958758840059
28.6648872300001,0.891854817558114,0.832479958077424,0.0523153017261705,0.0152947165327561,0.839539515831944,0.817185241544668,0.944170119284285,0.84777467461018
28.6709538728001,0.891736787116473,0.832310362635663,0.0523060024453072,0.0152764859842194,0.839430784671166,0.817033876651443,0.94404278956178,0.847586848619882
28.6770205156001,0.891617157546849,0.832139158923377,0.0522946082416074,0.0152560881661744,0.839322549305242,0.816883070757203,0.943911765788457,0.847395247089551
28.6830871584001,0.89149591540957,0.831966330915772,0.0522810967998534,0.0152334954150765,0.839214818609716,0.816732835500696,0.943777012209423,0.847199826330849
28.6891538012001,0.891373044146901,0.831791867753946,0.05226544170435,0.0152086878889165,0.839107602442551,0.81658317986503,0.943638485851251,0.847000555642863
28.6952204440001,0.891248532021663,0.831615753842711,0.0522476228859384,0.0151816383670238,0.839000909135724,0.816434115475688,0.943496154907601,0.846797392209735
28.7012870868001,0.891122361775959,0.831437976918136,0.0522276129951396,0.0151523250372067,0.838894748780819,0.81628565188093,0.943349974771098,0.846590301955343
28.7073537296001,0.890994521265845,0.831258523134443,0.0522053914371412,0.0151207232731967,0.838789129828704,0.816137799861247,0.943199912702987,0.84637924640764
28.7134203724001,0.890864994851711,0.83107737830258,0.0521809329947187,0.0150868082954127,0.838684061856992,0.815990570007167,0.94304592784643,0.846164186597993
28.7194870152001,0.890733768146174,0.830894530524417,0.0521542141057725,0.0150505585301903,0.838579554040401,0.815843971994227,0.942887982251946,0.845945089054607
28.7255536580001,0.890600827791846,0.830709963579134,0.0521252125838291,0.015011946030707,0.838475615208017,0.815698017548427,0.942726040375676,0.845721909609841
28.7316203008001,0.890466157080336,0.830523666816078,0.0520939017725741,0.0149709512423942,0.838372255307762,0.815552715573683,0.94256005885291,0.845494618058472
28.7376869436001,0.890329744451781,0.830335624483676,0.0520602618900357,0.0149275467428001,0.838269482561745,0.815408077740876,0.942390006341816,0.845263171226476
28.7437535864001,0.890191572486022,0.83014582441361,0.0520242653182881,0.0148817108275126,0.838167307167734,0.815264113586097,0.94221583780431,0.845027535241122
28.7498202292001,0.890051629159664,0.829954252735285,0.0519858916656578,0.0148334188638478,0.838065737494006,0.815120833871437,0.942037520825322,0.844787671599133
28.7558868720001,0.88990989878092,0.829760895210518,0.0519451156236565,0.0147826459816884,0.837964783157264,0.814978249228829,0.941855014404577,0.844543541192206
28.7619535148001,0.88976636694621,0.829565740064315,0.0519019136095734,0.0147293707949384,0.837864453336637,0.814836369269376,0.941668280555783,0.844295110859253
28.7680201576001,0.889621020382719,0.82936879446535,0.0518562635694213,0.0146735984287132,0.837764756813298,0.814695196036637,0.941477283952141,0.844042392894063
28.7740868004001,0.889474801144808,0.829170960037156,0.0518094947141124,0.014616599471519,0.837665306430696,0.814554360565637,0.94128429585892,0.843787559508675
28.7801534432001,0.889328677251706,0.82897322464829,0.0517629726323861,0.0145597658538644,0.837565704619319,0.814413458794425,0.941091649884092,0.843532990502154
28.7862200860001,0.889182642523765,0.82877558432559,0.0517166855640804,0.0145030874336088,0.837465956959685,0.814272496891981,0.940899328087846,0.843278671759198
28.7922867288001,0.88903669016717,0.828578033388254,0.0516706205454166,0.0144465511886003,0.837366069621753,0.814131482199653,0.940707310712586,0.843024584576854
28.7983533716001,0.888890813567168,0.828380566133401,0.0516247650877982,0.0143901442986712,0.83726604847937,0.81399042183473,0.940515578654966,0.842770710432073
28.8044200144001,0.888745006045758,0.828183176614624,0.0515791065359259,0.0143338536337577,0.837165899509832,0.813849322980867,0.940324112581684,0.842517030248382
28.8104866572001,0.888599260890288,0.827985859359018,0.0515336321266716,0.0142776664355389,0.837065628763616,0.813708192923479,0.940132893016959,0.842263525794557
28.8165533000001,0.88845357150274,0.827788608299753,0.0514883294453208,0.0142215696166685,0.83696524205742,0.813567038683085,0.939941900948061,0.842010177916422
28.8226199428001,0.888307931122439,0.827591417917477,0.0514431855705771,0.0141655502651415,0.836864745551862,0.813425867652336,0.939751116693016,0.841756968182619
28.8286865856001,0.888162333153388,0.827394282292064,0.0513981881150064,0.0141095954579623,0.836764145038382,0.813284686834101,0.939560521268395,0.841503877750026
28.8347532284001,0.888016770866049,0.827197195721488,0.0513533242373777,0.0140536921711318,0.836663446628671,0.813143503550356,0.939370095103427,0.84125088789262
28.8408198712001,0.887871237612972,0.827000152484898,0.0513085813863895,0.0139978275385247,0.836562656226583,0.813002324946374,0.939179818999362,0.840997980023423
28.8468865140001,0.887725726717273,0.826803146693083,0.0512639469096057,0.0139419885238829,0.836461779807667,0.8128611581692,0.938989673626879,0.840745135216966
28.8529531568001,0.887580231496763,0.826606172777464,0.051219408100875,0.0138861622282895,0.836360823395888,0.812720010549174,0.938799639597638,0.840492335005753
28.8590197996001,0.887434745291382,0.826409224776657,0.0511749524286659,0.013830335705312,0.836259792862716,0.812578889071345,0.938609697720048,0.840239560481969
28.8650864424001,0.887289261418581,0.826212297086349,0.0511305671193511,0.0137744959433067,0.836158694299229,0.812437801143042,0.938419828537932,0.839986793029655
28.8711530852001,0.887143773203646,0.826015383843226,0.0510862396359643,0.0137186300722004,0.836057533567682,0.812296753771026,0.93823001283961,0.839734013915426
28.8772197280001,0.886998273980262,0.825818479324787,0.0510419572578182,0.0136627250669404,0.835956316722444,0.812155754257846,0.93804023123808,0.839481204391727
28.8832863708001,0.886852757069336,0.825621577791481,0.0509977073729067,0.0136067680146743,0.83585504969643,0.812014809776807,0.937850464442243,0.839228345806155
28.8893530136001,0.886707215794047,0.825424673411985,0.0509534773296585,0.0135507459736714,0.835753738464389,0.811873927438313,0.937660693123706,0.838975419385656
28.8954196564001,0.886561643503724,0.825227760521365,0.0509092544808996,0.0134946459037108,0.835652389022824,0.811733114617654,0.937470897984623,0.838722406425076
28.9014862992001,0.886416033475207,0.825030833264109,0.0508650261762788,0.0134384549994901,0.835551007298929,0.811592378264619,0.937281059651486,0.838469288263599
28.9075529420001,0.886270379104605,0.824833885951145,0.0508207797908409,0.0133821601504028,0.835449599313764,0.811451725800743,0.937091158895446,0.838216046101548
28.9136195848001,0.886124673639013,0.824636912775319,0.0507765026390847,0.0133257485383645,0.835348170999929,0.811311164236954,0.936901176278098,0.837962661313683
28.9196862276001,0.885978910474283,0.82443990799439,0.050732182118868,0.0132692071380658,0.835246728355415,0.811170700856324,0.936711092593151,0.837709115132455
28.9257528704001,0.885833082900736,0.824242865849389,0.050687805559482,0.0132125229891604,0.835145277341254,0.811030342860228,0.936520888460218,0.837455388838549
28.9318195132001,0.885687184240555,0.82404578056757,0.0506433603082162,0.0131556832451639,0.835043823932339,0.810890097322406,0.936330544548771,0.837201463812734
28.9378861560001,0.885541207875645,0.823848643325383,0.0505988337788761,0.0130986790535713,0.834942374096769,0.810749964271811,0.936140041654521,0.836947322378954
28.9439527988001,0.885395147018692,0.823651442668824,0.0505542132002913,0.0130415058182135,0.834840933818401,0.81060993685061,0.935949360218984,0.836692948487037
28.9500194416001,0.885248995144987,0.823454171706821,0.0505094860971771,0.0129841519105053,0.83473950904781,0.810470019796316,0.935758481242164,0.836438323617326
28.9560860844001,0.885102745423965,0.823256823672929,0.0504646396364993,0.0129266059985519,0.834638105787466,0.810330217674377,0.935567385060465,0.836183429671481
28.9621527272001,0.884956391312587,0.823059391777213,0.0504196613326594,0.0128688565123873,0.834536729979928,0.810190535264826,0.935376052645247,0.835928248289601
28.9682193700001,0.884809926071645,0.822861869211119,0.050374538458246,0.0128108918992511,0.834435387613399,0.810050977311868,0.935184464529891,0.83567276111037
28.9742860128001,0.884663343021272,0.822664249249869,0.0503292583574102,0.0127527008388172,0.834334084663862,0.809911548411051,0.934992601378682,0.835416950088686
28.9803526556001,0.884516635577002,0.822466524984179,0.050283808506937,0.0126942714904872,0.834232827070065,0.809772253493691,0.934800444083939,0.835160796474666
28.9864192984001,0.884369796886312,0.822268689774742,0.0502381760128351,0.012635592741565,0.834131620873476,0.809633097033177,0.934607972899147,0.834904282516307
28.9924859412001,0.884222820504203,0.822070736713583,0.0501923485504914,0.0125766527704821,0.834030471953711,0.809494083943101,0.934415169054694,0.834647389484065
28.9985525840001,0.884075699522977,0.821872659096369,0.0501463131403399,0.0125174402851817,0.833929386382637,0.809355218811187,0.934222012663317,0.834390099381551
29.0046192268001,0.88392842745965,0.821674450112492,0.0501000574113239,0.0124579437204637,0.833828370048327,0.809216506392028,0.934028484870974,0.834132393832956
29.0106858696001,0.88378099754654,0.821476102930103,0.0500535685813309,0.012398151477965,0.833727428965209,0.809077951452138,0.933834566127871,0.833874254408068
29.0167525124001,0.883633403100673,0.821277610891658,0.0500068339893717,0.012338052323758,0.833626569111301,0.8089395585679,0.933640237090044,0.833615663215416
29.0228191552001,0.883485637572269,0.821078966977348,0.0499598411772129,0.0122776342909665,0.833525796395056,0.808801332686382,0.933445478749482,0.833356601268315
29.0288857980001,0.88333769404254,0.820880164668306,0.0499125771260411,0.0122168863898662,0.833425116916499,0.80866327827844,0.933250271168581,0.833097051058172
29.0349524408001,0.883189566146726,0.820681196961627,0.0498650296629155,0.0121557967172122,0.83332453648381,0.808525400244414,0.933054595809641,0.832836993678839
29.0410190836001,0.883041246900524,0.820482057214276,0.0498171856627378,0.0120943540200829,0.833224061237786,0.808387703194193,0.932858432563262,0.832576411234359
29.0470857264001,0.882892729879947,0.820282738595872,0.0497690328669928,0.0120325467386106,0.833123697012954,0.808250191857261,0.93266176274694,0.832315285334483
29.0531523692001,0.882744008289895,0.820083234250389,0.0497205584408673,0.011970363228291,0.833023449849027,0.808112871022098,0.932464566730762,0.83205359747868
29.0592190120001,0.882595075443233,0.819883537588368,0.0496717497162329,0.0119077923420863,0.832923325727,0.807975745246282,0.932266825159466,0.831791329930454
29.0652856548001,0.882445924825923,0.81968364147863,0.0496225943018358,0.0118448219863628,0.832823330524087,0.807838819492267,0.932068519127758,0.831528463464993
29.0713522976001,0.882296549451854,0.819483539523252,0.0495730790520413,0.0117814412944722,0.832723470399812,0.80770209822878,0.931869628503895,0.831264980817725
29.0774189404001,0.882146943037033,0.819283224624691,0.0495231919465807,0.0117176382820494,0.832623751090452,0.807565586342641,0.931670134983613,0.83100086290674
29.0834855832001,0.881997098521081,0.819082690200386,0.0494729197158242,0.0116534017346087,0.832524178805257,0.807429288465778,0.931470018236905,0.830736091934995
29.0895522260001,0.881847009537952,0.818881929401091,0.0494222502117976,0.0115887200981811,0.832424759326155,0.80729320930291,0.93126925974975,0.830470649499272
29.0956188688001,0.881696669266185,0.818680935345715,0.0493711705489875,0.0115235816815831,0.832325498717198,0.807157353664132,0.931067839815173,0.830204517027298
29.1016855116001,0.881546071013427,0.818479701513735,0.0493196680501244,0.0114579754251547,0.832226402963303,0.807021726088581,0.930865739063551,0.82993767693889
29.1077521544001,0.881395208302437,0.818278220661762,0.0492677303929371,0.0113918891080298,0.8321274779095,0.806886331553732,0.930662938695374,0.829670109769791
29.1138187972001,0.881244074078727,0.818076486513319,0.0492153443029668,0.0113253119867351,0.83202872977576,0.806751174526584,0.930459418381693,0.829401798500054
29.1198854400001,0.881092662139598,0.817874491876513,0.0491624979136182,0.0112582319963461,0.83193016422598,0.806616259880167,0.930255160053216,0.829132723872859
29.1259520828001,0.880940965349123,0.817672230228438,0.0491091778117309,0.0111906379601122,0.831831787537392,0.806481592268326,0.930050143160854,0.82886286818855
29.1320187256001,0.880788977398141,0.817469694701886,0.0490553719578692,0.0111225183305287,0.831733605440272,0.806347176371358,0.929844349356011,0.828592213032415
29.1380853684001,0.880636691439886,0.817266878389818,0.0490010674178229,0.0110538613691943,0.831635624022064,0.806213017020624,0.929637758857709,0.828320739759013
29.1441520112001,0.88048410077573,0.817063774841498,0.0489462515031781,0.0109846561043173,0.831537849272552,0.80607911873718,0.929430352278908,0.828048430945815
29.1502186540001,0.880331198966287,0.816860376700481,0.0488909119626482,0.0109148901873201,0.831440287003639,0.805945486513161,0.929222110928936,0.827775266887801
29.1562852968001,0.880177978887634,0.816656677812243,0.0488350353909492,0.0108445529980087,0.831342943496685,0.805812124814235,0.929013014278584,0.827501230810252
29.1623519396001,0.880024434418897,0.816452670890831,0.04877861007616,0.0107736323914565,0.831245824342737,0.805679038499374,0.928803044495057,0.827226303282287
29.1684185824001,0.879870558349125,0.81624834947217,0.0487216224625897,0.0107021172279478,0.831148935886535,0.805546232244222,0.928592180811715,0.826950466700118
29.1744852252001,0.87971634442499,0.816043706671997,0.0486640606173402,0.0106299959670069,0.83105228380765,0.80541371070499,0.92838040504233,0.826673702639003
29.1805518680001,0.879561785775473,0.815838735556437,0.0486059115595047,0.0105572568224778,0.830955874215968,0.805281478733959,0.928167697334978,0.826395992378915
29.1866185108001,0.879406875694618,0.815633429745393,0.048547162587525,0.0104838889109267,0.830859713107093,0.805149540834466,0.927954038282143,0.826117318656319
29.1926851536001,0.879251607781949,0.815427781768525,0.0484878015231004,0.0104098797555879,0.830763806258849,0.805017902012937,0.927739409305049,0.825837661524113
29.1987517964001,0.879095974843052,0.815221785593764,0.04842781482812,0.0103352188596466,0.830668160014932,0.804886566734118,0.927523789671172,0.825557004453411
29.2048184392001,0.878939970839404,0.815015433841382,0.0483671909463371,0.0102598939987333,0.830572779893067,0.804755539842648,0.927307161785741,0.825275327840115
29.2108850820001,0.878783588485563,0.814808720105319,0.0483059161805312,0.0101838940694677,0.830477672305032,0.804624826035851,0.927089504666094,0.824992614174787
29.2169517248001,0.878626821582972,0.814601637485159,0.0482439787023415,0.0101072075389688,0.83038284288063,0.80449442994619,0.926870800285314,0.824708845024128
29.2230183676001,0.878469663237421,0.814394179019308,0.0481813654861644,0.010029822572787,0.830288297751256,0.804364356446521,0.926651028723585,0.824424001592095
29.2290850104001,0.878312106734565,0.814186338399159,0.0481180638152975,0.00995172837633694,0.830194042919268,0.804234610022822,0.926430170549863,0.824138066775496
29.2351516532001,0.878154145713897,0.813978108039632,0.0480540615864252,0.0098729123441855,0.830100084127472,0.804105195695447,0.926208207300322,0.823851020383818
29.2412182960001,0.877995772909455,0.813769482031619,0.0479893451266107,0.0097933641030018,0.830006427782844,0.803976117928617,0.925985118036065,0.82356284613462
29.2472849388001,0.877836982365595,0.813560452901904,0.0479239030362817,0.00971307134953091,0.829913079329313,0.803847381552373,0.925760885401877,0.823273524251435
29.2533515816001,0.877677766722911,0.813351014301623,0.0478577214776876,0.00963202301602622,0.829820045245223,0.803718991285597,0.925535488200598,0.822983037317649
29.2594182244001,0.877518119836563,0.813141159315112,0.0477907887250044,0.00955020757776806,0.829727331111559,0.803590951737344,0.925308908561568,0.82269136689288
29.2654848672001,0.877358034790204,0.812930880952171,0.0477230917099335,0.00946761315147502,0.829634943080271,0.803463267800696,0.925081126500138,0.822398494103646
29.2715515100001,0.877197504860047,0.812720172976534,0.0476546176986264,0.009384229031901,0.829542887161421,0.803335943944633,0.924852122558674,0.822104402008435
29.2776181528001,0.877036523726606,0.812509027687541,0.0475853546647545,0.00930004248446743,0.829451169061852,0.803208985203073,0.92462187839136,0.821809070172008
29.2836847956001,0.876875084051317,0.812297439299545,0.047515288798553,0.00921504325942835,0.829359795252764,0.803082396040117,0.92439037284987,0.821512482558973
29.2897514384001,0.876713179961945,0.812085400246135,0.0474444088581242,0.00912921897520109,0.829268771103821,0.802956181270934,0.924157588820069,0.821214619221336
29.2958180812001,0.876550804025644,0.811872904234821,0.0473727008661899,0.00904255859897602,0.829178103159454,0.802830345635844,0.923923504891834,0.820915462833797
29.3018847240001,0.876387950150239,0.811659944335592,0.0473001531974607,0.0089550506147577,0.829087796952778,0.802704893720834,0.9236881033477,0.820614994950349
29.3079513668001,0.876224611398299,0.811446513528762,0.0472267527429437,0.00886668308989614,0.828997858655355,0.802579830438866,0.923451364141243,0.820313196618658
29.3140180096001,0.876060781035539,0.811232605651255,0.0471524867496433,0.00877744540897219,0.828908294285896,0.802455160242283,0.923213267785182,0.820010051060227
29.3200846524001,0.875896452784552,0.811018212885987,0.0470773432702195,0.0086873247077861,0.828819109514332,0.802330888178201,0.922973796054771,0.819705537593773
29.3261512952001,0.875731619233115,0.81080332957128,0.0470013083560777,0.00859631086027878,0.828730310877038,0.802207018711001,0.922732927589193,0.819399640431559
29.3322179380001,0.875566274592929,0.810587948047813,0.0469243709239969,0.00850439140709811,0.828641903668932,0.802083556640715,0.922490645516926,0.819092339454911
29.3382845808001,0.875400411358239,0.810372062078649,0.0468465168581702,0.00841155534967113,0.828553894500068,0.801960506728977,0.922246928216409,0.81878361742832
29.3443512236001,0.875234023488474,0.810155664720338,0.0467677346318416,0.00831779118129122,0.828466288856633,0.801837873539046,0.922001758120316,0.818473455901629
29.3504178664001,0.87506710402618,0.809938748922819,0.0466880110973263,0.00822308691940292,0.828379092928853,0.801715662003417,0.921755115123506,0.818161835842222
29.3564845092001,0.874899633941554,0.809721296313098,0.0466073508526251,0.00812744941104943,0.828292283088929,0.801593846902049,0.921506984794179,0.817848745724148
29.3625511520001,0.874731475779033,0.809503167735534,0.0465259276063167,0.00803105123686049,0.828205548172716,0.801472116498674,0.92125740338535,0.817534218972395
29.3686177948001,0.874562585776705,0.809284321377945,0.0464437785695381,0.00793393369512846,0.828118807207167,0.801350387682816,0.921006364346244,0.817218255073073
29.3746844376001,0.874392958344026,0.80906474960168,0.0463608926585257,0.00783608408906994,0.8280320656855,0.80122866551261,0.920753851002551,0.81690083369075
29.3807510804001,0.874222585411863,0.808844445733539,0.0462772563143184,0.00773749214802348,0.827945329097544,0.801106953585516,0.920499841726181,0.816581937881563
29.3868177232001,0.874051461006922,0.808623402834265,0.0461928580830382,0.00763814635148113,0.827858602923884,0.800985256482784,0.920244319089961,0.816261549185746
29.3928843660001,0.873879577855802,0.808401613525561,0.0461076852002977,0.00753803508643425,0.827771892655504,0.800863578439127,0.919987263056099,0.815939648611996
29.3989510088001,0.873706928973762,0.808179071566997,0.0460217251888243,0.0074371482386066,0.827685203784938,0.80074192332839,0.919728654162587,0.815616219805604
29.4050176516001,0.873533508117299,0.807955768852693,0.0459349663408085,0.00733547275867449,0.82759854177649,0.800620296094019,0.919468474458107,0.815291241611368
29.4110842944001,0.873359307253321,0.807731699500035,0.045847395089216,0.00723299943348051,0.827511912164105,0.800498700066554,0.919206702342537,0.814964698933515
29.4171509372001,0.873184320879755,0.807506855781517,0.0457590005060395,0.00712971548466751,0.827425320373715,0.800377140296849,0.918943321385794,0.814636571266184
29.4232175800001,0.873008540854375,0.807281231076614,0.0456697688975459,0.00702561067616655,0.827338771956829,0.800255620400447,0.918678309751921,0.81430684175278
29.4292842228001,0.872831961253028,0.807054818434082,0.0455796889048891,0.00692067349838825,0.827252272348139,0.800134144935693,0.918411650157917,0.81397549193247
29.4353508656001,0.8726545747857,0.806827610444785,0.0454887477271465,0.00681489228550051,0.827165827058553,0.800012718159285,0.918143322512846,0.813642502730286
29.4414175084001,0.872476374451733,0.806599600941783,0.0453969328650838,0.00670825701770919,0.827079441586649,0.799891343924074,0.917873307316817,0.813307857959492
29.4474841512001,0.872297354056072,0.80637078170345,0.0453042326913504,0.00660075451010511,0.826993121364722,0.799770027193345,0.917601586747423,0.812971536213555
29.4535507940001,0.872117505484647,0.806141146968497,0.0452106334999551,0.00649237567940099,0.826906871984691,0.799648771289096,0.917328138984602,0.812633522647898
29.4596174368001,0.871936823324396,0.805910688920866,0.0451161245196265,0.00638310766620036,0.826820698804769,0.799527581254666,0.917052947844022,0.812293796587067
29.4656840796001,0.871755299360544,0.805679400991903,0.0450206919228365,0.00627294026830567,0.826734607437708,0.799406460723598,0.916775991283381,0.811952341260209
29.4717507224001,0.871572927716992,0.805447276219251,0.0449243244438144,0.0061618619876546,0.826648603273177,0.799285414231596,0.916497252160806,0.811609138206905
29.4778173652001,0.871389701088203,0.805214307162082,0.0448270092470598,0.00604986110501031,0.826562691841143,0.799164446057072,0.916216710335262,0.811264168267092
29.4838840080001,0.87120561245651,0.804980487727762,0.0447287338094187,0.00593692769559384,0.826476878647091,0.799043560032168,0.915934346265929,0.810917415423356
29.4899506508001,0.871020655676397,0.804745809578111,0.0446294865859576,0.00582304843839001,0.82639116909044,0.798922761139721,0.915650142262355,0.810568858016501
29.4960172936001,0.870834822551725,0.804510267073636,0.0445292537297714,0.00570821438012802,0.826305568821954,0.798802052693508,0.915364076281496,0.810218481453764
29.5020839364001,0.870648107758991,0.804273852310033,0.0444280246273016,0.00559241258090545,0.826220083131689,0.798681439729128,0.915076132386292,0.809866264890939
29.5081505792001,0.870460503011414,0.804036558769714,0.044325785318205,0.00547563287167755,0.826134717693209,0.798560925898036,0.914786288329619,0.809512191641391
29.5142172220001,0.870272002479857,0.803798379480078,0.0442225246278294,0.00535786376651734,0.826049477852028,0.798440515713561,0.914494527107687,0.809156243246595
29.5202838648001,0.870082598844352,0.803559306967757,0.0441182296880523,0.00523909349220074,0.8259643691563,0.798320213475556,0.914200828532405,0.808798400459958
29.5263505076001,0.869892285069135,0.803319335215239,0.0440128879498443,0.00511931221949771,0.82587939711929,0.798200022995742,0.913905173018979,0.808438647434737
29.5324171504001,0.869701055059316,0.803078455766981,0.043906487952645,0.00499850649076606,0.825794567106671,0.798079949276215,0.913607543011961,0.808076962257747
29.5384837932001,0.869508900535599,0.80283666310576,0.0437990157066794,0.00487666748289736,0.82570988482892,0.797959995622862,0.913307916242278,0.807713330588657
29.5445504360001,0.869315816264584,0.802593949239324,0.0436904607570809,0.0047537821760208,0.825625355507503,0.797840167063304,0.913006277021664,0.807347731415345
29.5506170788001,0.869121793888026,0.802350307700351,0.0435808090116672,0.00462984043352039,0.825540984876359,0.797720467266831,0.912702602899693,0.806980148133872
29.5566837216001,0.868926827622668,0.80210573150687,0.0434700493849489,0.00450483078221264,0.825456778237719,0.797600900724657,0.912396877007617,0.806610562289082
29.5627503644001,0.868730910135192,0.801860213152116,0.0433581689781391,0.00437874139430844,0.825372741157053,0.797481471757807,0.912089079113331,0.806238954546424
29.5688170072001,0.868534034370652,0.801613746694521,0.0432451552143765,0.00425156253665815,0.825288879156276,0.797362184157863,0.911779189585028,0.80586530923118
29.5748836500001,0.868336194285872,0.801366323560367,0.0431309967194282,0.00412328061447035,0.825205197566444,0.797243042945896,0.911467191005301,0.805489604174837
29.5809502928001,0.868137381517312,0.801117938355172,0.043015679358695,0.00399388693494786,0.825121702158617,0.797124051420224,0.911153060876007,0.80511182529012
29.5870169356001,0.867937590922217,0.800868582999045,0.0428991928369785,0.00386336839878252,0.825038398085238,0.797005214600262,0.910836783759195,0.804731951397827
29.5930835784001,0.867736814071425,0.800618251074121,0.0427815229312374,0.00373171490106996,0.824955291140187,0.796886536173051,0.910518337002662,0.804349965975191
29.5991502212001,0.867535045226466,0.800366935589931,0.0426626586431888,0.00359891498197846,0.824872386583277,0.796768020607953,0.910197703869654,0.80396585057191
29.6052168640001,0.867332277041765,0.800114629005464,0.0425425870453357,0.0034649567585709,0.824789689996429,0.796649672246893,0.909874864087101,0.803579585764035
29.6112835068001,0.867128502442104,0.799861325455913,0.0424212955310294,0.00332983059431179,0.824707206911074,0.796531494861601,0.909549797973133,0.803191156050225
29.6173501496001,0.866923715437109,0.799607016248574,0.0422987728143225,0.00319352275674015,0.824624942622787,0.796413493491834,0.909222488251432,0.802800539005314
29.6234167924001,0.866717907577907,0.79935169611218,0.042175004613833,0.0030560246835152,0.824542902964074,0.796295671428665,0.908892912191741,0.802407720795695
29.6294834352001,0.866511073812934,0.7990953568795,0.0420499807950105,0.00291732319642855,0.824461093017923,0.796178033683071,0.908561054607944,0.802012680075928
29.6355500780001,0.866303205642652,0.798837992181329,0.0419236870049315,0.00277740822156455,0.824379518637721,0.796060583959765,0.908226892647584,0.801615400402894
29.6416167208001,0.866094297372295,0.798579595019569,0.0417961123305643,0.00263626831305231,0.824298185041731,0.795943326706517,0.907890409702859,0.801215863332621
29.6476833636001,0.865884341645115,0.798320157818109,0.0416672438176572,0.00249389153222531,0.824217097827457,0.795826266285883,0.907551585462772,0.800814049350334
29.6537500064001,0.865673331364534,0.798059674789722,0.0415370688278194,0.00235026833969621,0.824136262536715,0.795709406450025,0.907210400192353,0.800409943129418
29.6598166492001,0.86546126059407,0.797798137121908,0.0414055761653431,0.00220538486481194,0.824055684428727,0.795592752257096,0.906866836759413,0.80000352198672
29.6658832920001,0.865248120798428,0.797535539667089,0.0412727514001088,0.00205923267583726,0.823975369398319,0.795476306991252,0.906520872198537,0.799594772342926
29.6719499348001,0.865033907017778,0.797271874170996,0.0411385845591913,0.0019117985161946,0.823895322458586,0.795360075654801,0.906172491576969,0.799183672687191
29.6780165776001,0.864818610682752,0.797007134312281,0.0410030611607643,0.0017630723422403,0.823815549521988,0.795244061970041,0.905821671843517,0.798770206654521
29.6840832204001,0.864602226141198,0.796741313250109,0.0408661703750897,0.00161304295463155,0.823736055766108,0.795128270295478,0.905468396516288,0.798354356204741
29.6901498632001,0.864384746026283,0.796474409565113,0.0407278992231187,0.00146170711618478,0.823656846803165,0.795012702448928,0.905112645249402,0.797936116681298
29.6962165060001,0.864166163218985,0.796206425931232,0.040588235032761,0.00130906724021876,0.823577928186224,0.794897358691013,0.904754398251746,0.79751549317145
29.7022831488001,0.863946471837797,0.795937352644554,0.0404471667005045,0.00115510822727953,0.823499305137293,0.794782244417274,0.904393638538302,0.797092460871833
29.7083497916001,0.863725663259917,0.795667183856967,0.0403046796455373,0.000999820610094718,0.82342098361438,0.794667363246872,0.904030342905454,0.796667004467062
29.7144164344001,0.863503732617792,0.795395910380798,0.0401607640575373,0.000843189856878378,0.823342968560254,0.794552720523919,0.903664496675329,0.796239100237676
29.7204830772001,0.863280671272768,0.795123525099994,0.0400154053267514,0.000685204763111198,0.823265265946017,0.794438320336883,0.903296076599519,0.795808729863106
29.7265497200001,0.863056473614218,0.794850020172099,0.0398685927047809,0.000525852736443229,0.823187880909437,0.794324167435655,0.902925066318999,0.795375872908542
29.7326163628001,0.862831132266315,0.794575387094474,0.0397203131897361,0.00036512051759156,0.823110819076579,0.794210266576882,0.902551445456051,0.794940507612065
29.7386830056001,0.862604640086501,0.794299619414091,0.0395705540738693,0.000202997598579896,0.823034086012632,0.794096621815511,0.90217519416037,0.794502617012671
29.7447496484001,0.862376991249334,0.794022707220901,0.0394193043478229,3.94686209019735e-05,0.822957686901511,0.793983238599999,0.901796295597157,0.794062175841803
29.7508162912001,0.862148177043417,0.793744644784845,0.0392665492781341,0.00012547576112027,0.822881627765283,0.793619169023725,0.901414726321551,0.793870120545966
29.7568829340001,0.861918192694018,0.79346542283464,0.0391122792180627,0.000291850152579207,0.822805913475956,0.793173572682061,0.901030471912081,0.793757272987219
29.7629495768001,0.861687029493742,0.793185034301418,0.0389564794309082,0.000459665727845554,0.822730550062834,0.792725368573572,0.900643508924651,0.793644700029263
29.7690162196001,0.861454681872398,0.792903471333001,0.0387991392476534,0.000628935070137287,0.822655542624745,0.792274536262864,0.900253821120052,0.793532406403138
29.7750828624001,0.861221142446253,0.792620725397037,0.0386402456455236,0.000799671484982506,0.822580896800729,0.791821053912055,0.899861388091776,0.79342039688202
29.7811495052001,0.860986404048124,0.792336790109819,0.0384797858791599,0.000971885396759505,0.822506618168964,0.79136490471306,0.899466189927284,0.793308675506579
29.7872161480001,0.860750460909724,0.792051655449339,0.0383177490353132,0.00114559228921187,0.822432711874411,0.790906063160127,0.899068209945038,0.793197247738551
29.7932827908001,0.860513304229972,0.791765315804131,0.0381541202259142,0.00132080138617873,0.822359184004058,0.790444514417952,0.898667424455886,0.79308611719031
29.7993494336001,0.860274929327502,0.791477761819541,0.0379888899687832,0.00149752736562099,0.822286039358719,0.78998023445392,0.898263819296285,0.792975289185162
29.8054160764001,0.860035327426719,0.791188986473146,0.0378220434012494,0.00167578137238606,0.822213284025469,0.78951320510076,0.897857370827968,0.792864767845532
29.8114827192001,0.859794492996782,0.790898981903857,0.0376535699317218,0.00185557598004716,0.82214092306506,0.789043405923809,0.897448062928504,0.792754557883904
29.8175493620001,0.859552418647139,0.790607739548784,0.0374834565184971,0.00203692454090865,0.822068962128642,0.788570815007875,0.897035875165636,0.792644664089692
29.8236160048001,0.859309097184898,0.790315253094395,0.0373116903766477,0.00221983739517263,0.82199740680825,0.788095415699222,0.896620787561545,0.792535090489567
29.8296826476001,0.85906452290001,0.790021512405846,0.0371382606909902,0.00240433015243511,0.82192626220902,0.787617182253411,0.896202783591,0.792425842558281
29.8357492904001,0.858818686900625,0.789726511990804,0.0369631524168931,0.00259041191445338,0.821855534483731,0.787136100076351,0.895781839317518,0.792316923905258
29.8418159332001,0.858571584599284,0.789430242411479,0.0367863562377135,0.00277809743162009,0.821785228361571,0.786652144979859,0.895357940836998,0.792208339843099
29.8478825760001,0.85832320715274,0.78913269669116,0.0366078571657905,0.0029673978198829,0.821715349986949,0.786165298871277,0.89493106431853,0.792100094511042
29.8539492188001,0.858073549068412,0.788833866960644,0.0364276446850016,0.0031583256426584,0.821645904383411,0.785675541317985,0.894501193753414,0.791992192603302
29.8600158616001,0.857822602950018,0.788533744625693,0.0362457057366717,0.00335089429955926,0.821576897213346,0.785182850326134,0.894068308686689,0.791884638925252
29.8660825044001,0.857570361577865,0.788232323443797,0.0360620274943482,0.00354511404603079,0.821508334083516,0.784687209397766,0.893632389072213,0.791777437489828
29.8721491472001,0.857316819301236,0.7879295931664,0.0358765992428696,0.00374100061813921,0.821440220058366,0.784188592548261,0.893193418544105,0.79167059378454
29.8782157900001,0.857061967136418,0.787625548420844,0.0356894057790857,0.00393856299531608,0.821372561357332,0.783686985425528,0.892751372915504,0.79156411141616
29.8842824328001,0.856805800590409,0.787320179686434,0.0355004379528696,0.0041378159999482,0.82130536263754,0.783182363686486,0.892306238543279,0.791457995686382
29.8903490756001,0.856548310752848,0.787013480031437,0.0353096806525463,0.00433877071970814,0.821238630100302,0.782674709311729,0.891857991405395,0.791352250751145
29.8964157184001,0.856289492168332,0.786705441579342,0.0351171234355085,0.0045414397073431,0.821172368732823,0.782164001871999,0.89140661560384,0.791246881286686
29.9024823612001,0.856029337435931,0.786396055703743,0.0349227532280625,0.00474583641030723,0.821106584207869,0.781650219293436,0.890952090663994,0.79114189211405
29.9085490040001,0.855767839308069,0.786085316234005,0.0347265571602768,0.00495197099870622,0.821041282147792,0.781133345235299,0.890494396468345,0.791037287232712
29.9146156468001,0.855504992194443,0.785773212806982,0.0345285246189664,0.00515985933569681,0.820976467575476,0.780613353471285,0.890033516813409,0.790933072142679
29.9206822896001,0.855240787018395,0.78545974017023,0.0343286402405074,0.00536951027813994,0.820912146777888,0.78009022989209,0.889569427258903,0.79082925044837
29.9267489324001,0.854975219381919,0.785144888720385,0.0341268950422662,0.00558093871997812,0.820848324339653,0.779563950000407,0.889102114424186,0.790725827440363
29.9328155752001,0.854708280308088,0.784828651569958,0.0339232737895327,0.00579415572123366,0.820785006518555,0.779034495848724,0.888631554097621,0.790622807291191
29.9388822180001,0.854439964377584,0.784511020835931,0.0337177661112567,0.00600917382347452,0.820722198266328,0.778501847012457,0.888157730488841,0.790520194659406
29.9449488608001,0.854170264185923,0.784191987858914,0.0335103589206848,0.00622600652252395,0.820659905265238,0.77796598133639,0.887680623106608,0.790417994381438
29.9510155036001,0.853899172456552,0.78387153568298,0.033301039302448,0.00644467925812968,0.820598133154104,0.777426856424851,0.887200211759,0.79031621494111
29.9570821464001,0.853626252159177,0.783549234509339,0.033089186512024,0.00666580102943186,0.820537065647153,0.776883433479907,0.886715438671201,0.790215035538771
29.9631487892001,0.85335046485875,0.783224059781448,0.0328733294237507,0.00689082225493271,0.820477135435,0.776333237526515,0.886223794282501,0.790114882036381
29.9692154320001,0.85307179624954,0.782895978649255,0.0326534450767111,0.00711979065889577,0.820418351172829,0.775776187990359,0.885725241326251,0.790015769308151
29.9752820748001,0.852790270398497,0.782565020660539,0.0324295649386079,0.00735266580859696,0.820360705459889,0.775212354851942,0.885219835337105,0.789917686469136
29.9813487176001,0.85250591877933,0.782231213163151,0.0322017308331148,0.00758941040187414,0.820304187946215,0.774641802761277,0.884707649612445,0.789820623565025
29.9874153604001,0.852218768795154,0.781894582039977,0.0319699788912436,0.00782998908549493,0.82024878990391,0.774064592954482,0.884188747686397,0.789724571125472
29.9934820032001,0.851928848104745,0.781555158229234,0.0317343455987633,0.00807435958421743,0.820194502505982,0.773480798645016,0.883663193703508,0.789629517813451
29.9995486460001,0.851636187849705,0.781212964054221,0.0314948723235679,0.00832249146377412,0.820141315526137,0.772890472590447,0.883131060173273,0.789535455517995
30.0056152888001,0.851340812026769,0.780868032303666,0.0312515904155668,0.00857433987912939,0.820089221611202,0.772293692424537,0.882592402442336,0.789442372182795
30.0116819316001,0.851042754063148,0.780520386910383,0.0310045444519836,0.00882987220587947,0.820038209611165,0.771690514704503,0.882047298515132,0.789350259116262
30.0177485744001,0.850742038346389,0.780170057283748,0.030753766325436,0.0090890482411187,0.819988272020953,0.77108100904263,0.881495804671825,0.789259105524867
30.0238152172001,0.850438696111025,0.779817070789936,0.0304992975410394,0.00935183063764097,0.819939398569986,0.770465240152295,0.880937993652065,0.789168901427577
30.0298818600001,0.85013275486459,0.779461453411936,0.0302411743702805,0.00961818390111893,0.819891580494309,0.769843269510817,0.88037392923487,0.789079637313055
30.0359485028001,0.849824242296198,0.779103235869734,0.0299794333365373,0.00988806608311885,0.819844808959661,0.769215169786615,0.879803675632735,0.788991301952852
30.0420151456001,0.849513189382356,0.778742440824242,0.029714115592011,0.0101614462350774,0.819799073790345,0.768580994589165,0.879227304974367,0.78890388705932
30.0480817884001,0.849199620419652,0.778379100718293,0.0294452528803872,0.0104382800501323,0.819754367539265,0.767940820668161,0.878644873300039,0.788817380768426
30.0541484312001,0.84888356848436,0.778013239730092,0.0291728893163651,0.0107185345111702,0.819710679167995,0.767294705218922,0.878056457800725,0.788731774241262
30.0602150740001,0.848565058282373,0.777644887132724,0.0288970572145,0.011002169641703,0.819668001067873,0.766642717491021,0.877462115496873,0.788647056774427
30.0662817168001,0.848244120813552,0.777274070308669,0.028617797767305,0.0112891480529569,0.819626323046247,0.765984922255712,0.876861918580857,0.788563218361626
30.0723483596001,0.847920783685345,0.776900815342999,0.0283351473807853,0.0115794341060895,0.81958563630456,0.76532138123691,0.876255931066131,0.788480249449089
30.0784150024001,0.847595074621712,0.77652515273555,0.028049142621884,0.0118729861828117,0.819545931999828,0.764652166552739,0.875644217243596,0.788398138918362
30.0844816452001,0.847267024429555,0.776147105486768,0.0277598244211539,0.0121697728169259,0.819507200008402,0.763977332669842,0.875026848850709,0.788316878303694
30.0905482880001,0.846936657709824,0.775766705692694,0.0274672249220121,0.0124697502415261,0.819469432787811,0.763296955451167,0.874403882631836,0.78823645593422
30.0966149308001,0.846604007185602,0.775383977775746,0.0271713877736558,0.0127728850483521,0.819432619411946,0.762611092727394,0.873775394959258,0.788156862824098
30.1026815736001,0.846269097878874,0.774998956083426,0.0268723457096004,0.0130791448499985,0.819396752169273,0.761919811233428,0.873141443588474,0.788078100933425
30.1087482164001,0.845931960559338,0.774611725507906,0.0265701396157114,0.0133885735303857,0.819361820943627,0.76122315197752,0.87250210017505,0.788000299038292
30.1148148592001,0.845592622929847,0.774222328289701,0.0262648060265581,0.0137011580028149,0.819327816903288,0.760521170286886,0.871857428956405,0.787923486292516
30.1208815020001,0.845251112753712,0.773830794544019,0.0259563815586031,0.0140168567525847,0.819294731195109,0.759813937791435,0.871207494312315,0.787847651296604
30.1269481448001,0.844907460663729,0.773437147705578,0.0256449069147967,0.014335637923794,0.819262553748932,0.759101509781784,0.870552367578525,0.787772785629372
30.1330147876001,0.84456169156971,0.773041419305069,0.0253304146442417,0.014657457983444,0.819231276925468,0.758383961321624,0.869892106213952,0.787698877288513
30.1390814304001,0.8442138378393,0.772643634054293,0.0250129479276558,0.0149822831992407,0.819200889911644,0.757661350855052,0.869226785766956,0.787625917253533
30.1451480732001,0.843863924808317,0.772243820841815,0.024692539914537,0.0153100738700715,0.81917138489378,0.756933746971743,0.868556464722854,0.787553894711886
30.1512147160001,0.843511983020807,0.771842007019347,0.0243692311900589,0.0156407924533866,0.819142751830748,0.75620121456596,0.867881214210866,0.787482799472733
30.1572813588001,0.84315804027052,0.771438218869521,0.0240430584113996,0.015974402993317,0.81911498185912,0.755463815876204,0.867201098681919,0.787412621862838
30.1633480016001,0.842802124364624,0.771032486283229,0.0237140582504953,0.0163108643115077,0.819088066114129,0.754721621971721,0.86651618261512,0.787343350594737
30.1694146444001,0.842444265757302,0.770624833038597,0.0233822711767392,0.0166501440278086,0.819061994580563,0.753974689010789,0.865826536934041,0.787274977066406
30.1754812872001,0.842084489671737,0.770215290318158,0.0230477301508758,0.0169921991533244,0.819036759520861,0.753223091164834,0.865132219822613,0.787207489471482
30.1815479300001,0.841722828117878,0.769803883074536,0.0227104778821653,0.0173369955662824,0.819012350235713,0.752466887508254,0.864433306000044,0.787140878640819
30.1876145728001,0.84135930674313,0.769390640067528,0.02237054793311,0.0176844937834799,0.81898875881002,0.751706146284048,0.86372985467624,0.787075133851008
30.1936812156001,0.840993955870386,0.768975588658198,0.0220279805941474,0.0180346562299477,0.818965975276238,0.750940932428251,0.863021936464533,0.787010244888146
30.1997478584001,0.840626803379789,0.768558755237807,0.021682812639109,0.0183874467959085,0.81894399074068,0.750171308441898,0.862309616018898,0.786946202033715
30.2058145012001,0.840257877126874,0.76814016947102,0.0213350808013608,0.0187428246427008,0.818922796325514,0.749397344828319,0.861592957928235,0.786882994113721
30.2118811440001,0.8398872073827,0.767719855481284,0.0209848253107821,0.0191007568625788,0.818902382071918,0.748619098618705,0.860872032693482,0.786820612343862
30.2179477868001,0.83951481968833,0.767297844102083,0.0206320795457145,0.0194612010125377,0.818882740142615,0.747836643089545,0.860146899234044,0.786759045114621
30.2240144296001,0.839140745693764,0.766874160525692,0.0202768857409839,0.0198241225828953,0.81886385995278,0.747050037942797,0.859417631434747,0.786698283108587
30.2300810724001,0.838765011355737,0.766448833385238,0.0199192778691203,0.020189482304946,0.818845733486617,0.746259351080292,0.858684289224857,0.786638315690184
30.2361477152001,0.838387646780499,0.766021890049133,0.0195592959317775,0.020557242574791,0.818828350848722,0.745464647474342,0.857946942712277,0.786579132623924
30.2422143580001,0.838008679930081,0.765593357019229,0.0191969768134869,0.0209273671253117,0.818811703116594,0.744665989893917,0.857205656743568,0.78652072414454
30.2482810008001,0.837628138712888,0.765163263732064,0.0188323573149989,0.0212998154608877,0.818795781397889,0.743863448271177,0.856460496027887,0.786463079192952
30.2543476436001,0.837246053212349,0.76473163465831,0.0184654774207256,0.0216745541428267,0.818780575791624,0.743057080515483,0.855711530633075,0.786406188801136
30.2604142864001,0.836862449291914,0.764298500281515,0.0180963709325585,0.0220515412758066,0.818766078359355,0.742246959005708,0.854958820224472,0.786350041557321
30.2664809292001,0.836477358239381,0.763863886032431,0.0177250796079126,0.0224307419638011,0.818752278631468,0.74143314406863,0.854202437847294,0.786294627996232
30.2725475720001,0.836090806318563,0.763427820419615,0.0173516378263665,0.0228121171491932,0.818739168492197,0.740615703270421,0.85344244414493,0.786239937568808
30.2786142148001,0.835702823423573,0.76299033081682,0.016976085306749,0.0231956292026389,0.818726738116824,0.739794701614181,0.852678908730322,0.786185960019459
30.2846808576001,0.835313437593822,0.762551443838459,0.0165984590383332,0.0235812416962491,0.818714978555488,0.73897020214221,0.851911896632155,0.786132685534708
30.2907475004001,0.83492267679509,0.762111188691033,0.0162187958952105,0.0239689144807904,0.818703880899879,0.738142274210243,0.8511414726903,0.786080103171824
30.2968141432001,0.834530570918675,0.761669590194346,0.0158371356103691,0.0243586135832757,0.818693435308306,0.73731097661107,0.850367706529044,0.786028203777622
30.3028807860001,0.834137146154915,0.761226678481125,0.0154535124152073,0.0247502976578534,0.818683633739708,0.736476380823272,0.849590658570123,0.785976976138979
30.3089474288001,0.833742433427156,0.760782479219426,0.0150679675867508,0.0251439314237229,0.818674465840405,0.735638547795703,0.848810401013907,0.785926410643148
30.3150140716001,0.833346459304035,0.760337020795331,0.0146805359086502,0.0255394760309431,0.818665923395385,0.734797544764388,0.848026995212686,0.785876496826274
30.3210807144001,0.832949253472034,0.759890330585935,0.0142912568228622,0.0259368938282137,0.818657996649171,0.733953436757721,0.847240510294896,0.785827224414148
30.3271473572001,0.832550844043436,0.759442435983478,0.0139001674174486,0.0263361472853834,0.818650676625987,0.733106288698095,0.846451011460884,0.785778583268861
30.3330479999999,0.832162208817613,0.759020821106877,0.0135180786796511,0.0267047710733751,0.818644130137962,0.732316050033502,0.845680287497264,0.785725592180252
