"TimeMin","Mean_with epithelium","Mean_without epithelium","SD_with epithelium","SD_without epithelium","Lower_with epithelium","Lower_without epithelium","Upper_with epithelium","Upper_without epithelium"
0,0,0,0,0,0,0,0,0
0.0055333198,-9.87540229624514e-05,-1.36949181206106e-05,9.8804890181036e-05,5.92811505460182e-05,-0.000197558913143487,-7.29760686666287e-05,5.08672185845291e-08,4.55862324254076e-05
0.0110666396,-0.000197516734248757,-3.20348490222109e-05,0.000198421482078304,0.000125694634011266,-0.000395938216327061,-0.000157729483033477,9.04747829546962e-07,9.36597849890553e-05
0.0165999594,-0.000296256777482265,-4.9445281460929e-05,0.000298797828404581,0.000190109374140102,-0.000595054605886846,-0.000239554655601031,2.54105092231628e-06,0.000140664092679173
0.0221332792,-0.000394942718042785,-6.48184445886985e-05,0.000399882610515488,0.000250644954870899,-0.000794825328558273,-0.000315463399459598,4.93989247270384e-06,0.000185826510282201
0.027666599,-0.000493543137263604,-7.83885003700424e-05,0.000501623677757343,0.000307644800560553,-0.000995166815020946,-0.000386033300930596,8.080540493739e-06,0.000229256300190511
0.0331999188,-0.000592026718243706,-9.03901515642476e-05,0.000603968655746452,0.000361458088200538,-0.00119599537399016,-0.000451848239764785,1.19419375027463e-05,0.00027106793663629
0.0387332386,-0.000690362069831789,-0.00010105641118377,0.000706865812002257,0.000412430071792601,-0.00139722788183405,-0.000513486482976371,1.65037421704674e-05,0.000311373660608831
0.0442665584,-0.000788517553238848,-0.000110619538714886,0.000810263884808812,0.000460902070105556,-0.00159878143804766,-0.000571521608820442,2.17463315699635e-05,0.000350282531390669
0.0497998782,-0.000886462028217284,-0.000119314692848681,0.000914110321533022,0.000507219773541014,-0.00180057234975031,-0.000626534466389695,2.7648293315738e-05,0.000387905080692332
0.055333198,-0.000984164138390378,-0.000127375100092044,0.00101835340592953,0.000551722300964191,-0.00200251754431991,-0.000679097401056235,3.41892675391493e-05,0.000424347200872146
0.0608665178,-0.00108180892810233,-0.000135033796289216,0.00112275191780586,0.000594745054470497,-0.00220456084590819,-0.000729778850759713,4.09429897035309e-05,0.000459711258181281
0.0663998376,-0.0011808447057165,-0.00014252473754702,0.00122595480569039,0.000636624026657256,-0.00240679951140689,-0.000779148764204276,4.51100999738848e-05,0.000494099289110237
0.0719331574,-0.00128150565447327,-0.000150081363104757,0.00132767808919654,0.000677692390209756,-0.00260918374366981,-0.000827773753314513,4.61724347232679e-05,0.000527611027104999
0.0774664772,-0.00138374323719468,-0.000157937105325439,0.00142789704358336,0.000718280797642112,-0.00281164028077804,-0.000876217902967551,4.41538063886749e-05,0.000560343692316673
0.082999797,-0.00148750955754634,-0.000166326117891757,0.00152659409484761,0.00075871928811724,-0.00301410365239394,-0.000925045406008996,3.90845373012712e-05,0.000592393170225483
0.0885331168,-0.00159275350433831,-0.00017548124594724,0.00162376019176534,0.000799337352582875,-0.00321651369610364,-0.000974818598530115,3.10066874270284e-05,0.000623856106635634
0.0940664366,-0.0016994259487825,-0.000185635715999727,0.00171938787182796,0.000840463885369257,-0.00341881382061045,-0.00102609960136898,1.99619230454599e-05,0.00065482816936953
0.0995997564,-0.00180747950199472,-0.000197024666115203,0.00181346992765256,0.000882430015307648,-0.00362094942964728,-0.00107945468142285,5.99042565783774e-06,0.000685405349192445
0.1051330762,-0.0019168034418618,-0.000209880580853911,0.00190605929004433,0.000925566626111205,-0.00382286273190613,-0.00113544720696512,-1.07441518174621e-05,0.000715686045257294
0.110666396,-0.00202707542840251,-0.000224436268779098,0.00199740807605674,0.000970206659753445,-0.00402448350445925,-0.00119464292853254,-2.96673523457712e-05,0.000745770390974347
0.1161997158,-0.00213822454319201,-0.000240926214450667,0.00208754766932032,0.00101668746515973,-0.00422577221251233,-0.00125761367961039,-5.06768738716911e-05,0.00077576125070906
0.1217330356,-0.0022502155706109,-0.000259585200056601,0.00217647848801089,0.00106535039356669,-0.0044266940586218,-0.00132493559362329,-7.37370826000105e-05,0.000805765193510091
0.1272663554,-0.00236301203271615,-0.000286415299320269,0.00226420378587875,0.00110876317945985,-0.00462721581859491,-0.00139517847878012,-9.88082468374035e-05,0.000822347880139582
0.1327996752,-0.00247657838445378,-0.000332752781445602,0.00235072563862093,0.00113281170993298,-0.0048273040230747,-0.00146556449137858,-0.00012585274583285,0.000800058928487376
0.138332995,-0.00259088013056211,-0.000398130937844139,0.00243604387133735,0.00114031731498771,-0.00502692400189945,-0.00153844825283185,-0.000154836259224759,0.000742186377143575
0.1438663148,-0.00270588066809684,-0.000481666195874993,0.00252016224086532,0.0011355554209442,-0.00522604290896216,-0.00161722161681919,-0.00018571842723152,0.00065388922506921
0.1493996346,-0.00282154434554398,-0.000582499505029454,0.00260308240056801,0.00112372429614634,-0.00542462674611198,-0.00170622380117579,-0.000218461944975973,0.000541224791116884
0.1549329544,-0.00293783607681336,-0.000699786652760355,0.00268480409975924,0.00111098990663419,-0.0056226401765726,-0.00181077655939455,-0.000253031977054129,0.00041120325387384
0.1604662742,-0.00305472028964241,-0.000832670816904922,0.00276532753635837,0.00110436627814932,-0.00582004782600078,-0.00193703709505424,-0.000289392753284034,0.000271695461244397
0.165999594,-0.00317216089266432,-0.000980281390241414,0.00284465386440333,0.00111121605686053,-0.00601681475706765,-0.00209149744710194,-0.000327507028260987,0.000130934666619112
0.1715329138,-0.00329012236446266,-0.00114171013856811,0.00292278220708988,0.00113837660965424,-0.00621290457155253,-0.00228008674822234,-0.00036734015737278,-3.33352891386919e-06
0.1770662336,-0.00340856985245165,-0.00131558290762073,0.00299970856686182,0.00119166505391529,-0.00640827841931347,-0.00250724796153602,-0.000408861285589833,-0.000123917853705434
0.1825995534,-0.00352746698091341,-0.00150090097887161,0.00307543350747851,0.00127384118316789,-0.00660290048839192,-0.0027747421620395,-0.000452033473434903,-0.00022705979570372
0.1881328732,-0.00364677820479444,-0.00169761740974111,0.00314995443089149,0.00138564782066709,-0.00679673263568593,-0.0030832652304082,-0.000496823773902949,-0.000311969589074024
0.193666193,-0.00376646831162192,-0.00190786660340088,0.00322326649398063,0.0015278424771442,-0.00698973480560255,-0.00343570908054508,-0.000543201817641284,-0.000380024126256678
0.1991995128,-0.00388650156538892,-0.00213038723709903,0.00329536648179587,0.00169515406576246,-0.00718186804718479,-0.00382554130286149,-0.000591135083593054,-0.000435233171336572
0.2047328326,-0.00400684216485514,-0.00236352089256198,0.00336625144994789,0.0018821565420541,-0.00737309361480303,-0.00424567743461608,-0.000640590714907245,-0.000481364350507884
0.2102661524,-0.00412745462225173,-0.00260562034098373,0.00343591643684005,0.00208421061161359,-0.00756337105909177,-0.00468983095259732,-0.000691538185411679,-0.000521409729370141
0.2157994722,-0.00424830360118887,-0.00285504202735613,0.00350435439444352,0.00229745667427843,-0.00775265799563239,-0.00515249870163456,-0.000743949206745349,-0.000557585353077702
0.221332792,-0.00436935317610553,-0.00311012441286115,0.0035715627348077,0.0025186616745665,-0.00794091591091324,-0.00562878608742765,-0.000797790441297827,-0.000591462738294647
0.2268661118,-0.00449056780194782,-0.00336921849482203,0.00363753612565053,0.00274510052411805,-0.00812810392759834,-0.00611431901894009,-0.00085303167629729,-0.000624117970703979
0.2323994316,-0.00461191204341158,-0.00363067612530438,0.00370226683036721,0.00297441784188684,-0.00831417887377879,-0.00660509396719121,-0.000909645213044372,-0.000656258283417536
0.2379327514,-0.00473335019364362,-0.00389284326892651,0.00376575060124449,0.00320452729971914,-0.00849910079488811,-0.00709737056864564,-0.000967599592399126,-0.000688315969207367
0.2434660712,-0.00485484664508159,-0.00415406978637224,0.00382798292541415,0.0034335536241719,-0.00868282957049574,-0.00758762341054414,-0.00102686371966744,-0.000720516162200339
0.248999391,-0.00497636584715495,-0.00441270482923139,0.00388895759825436,0.00365978160247051,-0.00886532344540931,-0.0080724864317019,-0.00108740824890059,-0.000752923226760887
0.2545327108,-0.00509787217256777,-0.00466709275904665,0.00394866789496911,0.0038816220104566,-0.00904654006753688,-0.00854871476950325,-0.00114920427759865,-0.000785470748590051
0.2600660306,-0.00521933004946649,-0.00491558774005259,0.00400711154510733,0.00409760750741951,-0.00922644159457382,-0.0090131952474721,-0.00121221850435916,-0.000817980232633081
0.2655993504,-0.00534070393279725,-0.00515654076957147,0.00406428427572601,0.004306368781299,-0.00940498820852326,-0.00946290955087047,-0.00127641965707124,-0.000850171988272472
0.2711326702,-0.00546195806797594,-0.0053882881815085,0.00412017941111849,0.00450662051191683,-0.00958213747909443,-0.00989490869342534,-0.00134177865685746,-0.000881667669591665
0.27666599,-0.00558305697020045,-0.00560918765414989,0.0041747961694469,0.00469719792544109,-0.00975785313964735,-0.010306385579591,-0.00140826080075355,-0.000911989728708805
0.2821993098,-0.00570396512913739,-0.00581759285267256,0.00422813296702855,0.00487703849537418,-0.00993209809616594,-0.0106946313480467,-0.00147583216210885,-0.000940554357298388
0.2877326296,-0.00582464683496592,-0.00601184483460117,0.00428018709670529,0.00504518582899841,-0.0101048339316712,-0.0110570306635996,-0.00154445973826063,-0.000966659005602755
0.2932659494,-0.00594506636238171,-0.00619028482695313,0.00433095741990086,0.00520081789400256,-0.0102760237822826,-0.0113911027209557,-0.00161410894248085,-0.000989466932950578
0.2987992692,-0.00606518839678998,-0.00635127822255363,0.00438044727600012,0.00534328867305512,-0.0104456356727901,-0.0116945668956088,-0.00168474112078986,-0.00100798954949851
0.304332589,-0.0061849773931372,-0.0064931760187265,0.00442865909116233,0.00547212013592946,-0.0106136364842995,-0.011965296154656,-0.00175631830197487,-0.00102105588279704
0.3098659088,-0.0063043971811083,-0.00661429455674966,0.00447559308441436,0.0055870202283967,-0.0107799902655227,-0.0122013147851464,-0.00182880409669394,-0.00102727432835297
0.3153992286,-0.00642341269085267,-0.00671301217750419,0.00452125834851816,0.0056880044933245,-0.0109446710393708,-0.0124010166708287,-0.00190215434233451,-0.00102500768417969
0.3209325484,-0.00654198841281644,-0.00678768187619758,0.00456566267460544,0.00577537125506814,-0.0111076510874219,-0.0125630531312657,-0.001976325738211,-0.00101231062112945
0.3264658682,-0.00666008838147828,-0.00683663214182769,0.00460881362308848,0.00584976486300041,-0.0112689020045668,-0.0126863970048281,-0.0020512747583898,-0.000986867278827283
0.331999188,-0.00677767696642434,-0.00685821001581106,0.00465072301818813,0.00591228059896932,-0.0114283999846125,-0.0127704906147804,-0.00212695394823621,-0.000945929416841738
0.3375325078,-0.00689471901386964,-0.0068507876451012,0.00469140726355121,0.00596454859111744,-0.0115861262774209,-0.0128153362362186,-0.00220331175031843,-0.000886239053983757
0.3430658276,-0.00701117891858975,-0.00681271288047438,0.0047308831439865,0.00600879089139328,-0.0117420620625763,-0.0128215037718677,-0.00228029577460325,-0.000803921989081102
0.3485991474,-0.0071270201786024,-0.00674228703576281,0.00476916677327706,0.00604791432647498,-0.0118961869518795,-0.0127902013622378,-0.00235785340532534,-0.000694372709287835
0.3541324672,-0.00724220815139436,-0.00664024169602726,0.00480628521417332,0.00608898119654985,-0.0120484933655677,-0.0127292228925771,-0.00243592293722104,-0.000551260499477407
0.359665787,-0.00735670729191195,-0.00651466797019208,0.00484226491518509,0.00614678213043631,-0.012198972207097,-0.0126614501006284,-0.00251444237672685,-0.000367885839755771
0.3651991068,-0.00747048128248532,-0.00637188260035624,0.00487713319598495,0.00622822325669798,-0.0123476144784703,-0.0126001058570542,-0.00259334808650037,-0.000143659343658256
0.3707324266,-0.00758349478048927,-0.00621246012474579,0.00491092501602127,0.00633789847942525,-0.0124944197965105,-0.012550358604171,-0.00267256976446799,0.000125438354679461
0.3762657464,-0.00769571269649894,-0.0060368219585314,0.00494368020053656,0.00647985811640404,-0.0126393928970355,-0.0125166800749354,-0.00275203249596237,0.000443036157872643
0.3817990662,-0.007807099233171,-0.00584537432542572,0.00497544052589595,0.00665745891924942,-0.012782539759067,-0.0125028332446751,-0.00283165870727505,0.000812084593823703
0.387332386,-0.007917617856252,-0.00563851233435279,0.00500625032987582,0.00687324046314924,-0.0129238681861278,-0.012511752797502,-0.00291136752637618,0.00123472812879645
0.3928657058,-0.00802723414761886,-0.00541666809327896,0.00503616572845095,0.00712884671561938,-0.0130633998760698,-0.0125455148088983,-0.00299106841916792,0.00171217862234042
0.3983990256,-0.00813591256221783,-0.00518025230784896,0.00506524445710283,0.00742505146463606,-0.0132011570193207,-0.012605303772485,-0.003070668105115,0.0022447991567871
0.4039323454,-0.00824361633378091,-0.00492965902611966,0.00509354648301347,0.00776183980183961,-0.0133371628167944,-0.0126914988279593,-0.00315006985076745,0.00283218077571995
0.4094656652,-0.00835031060036994,-0.00466531077644082,0.00512114339267615,0.0081385033408947,-0.0134714539930461,-0.0128038141173355,-0.00322916720769379,0.00347319256445388
0.414998985,-0.00845596024047156,-0.00438762442300917,0.00514811216510608,0.00855379749981532,-0.0136040724055776,-0.0129414219228245,-0.00330784807536547,0.00416617307680615
0.4205323048,-0.00856085428107243,-0.00409700460205351,0.00517489245609772,0.00900609270167233,-0.0137357467371702,-0.0131030973037258,-0.00338596182497471,0.00490908809961882
0.4260656246,-0.00866596908046131,-0.0037938544100235,0.00520263110083044,0.00949349930547586,-0.0138686001812917,-0.0132873537154994,-0.00346333797963086,0.00569964489545236
0.4315989444,-0.00877137437149727,-0.00347860071529168,0.00523141624774889,0.0100139563787958,-0.0140027906192462,-0.0134925570940875,-0.00353995812374837,0.00653535566350409
0.4371322642,-0.00887707061969271,-0.00315197383681587,0.00526125246867051,0.0105652318757341,-0.0141383230883632,-0.0137172057125499,-0.0036158181510222,0.00741325803891819
0.442665584,-0.00898305870055146,-0.00281457223292353,0.00529213920171573,0.0111452246693954,-0.0142751979022672,-0.0139597969023189,-0.00369091949883573,0.00833065243647183
0.4481989038,-0.00908933874141033,-0.00246673057877502,0.00532407618213607,0.0117519561121804,-0.0144134149235464,-0.0142186866909554,-0.00376526255927427,0.0092852255334054
0.4537322236,-0.00919584975326009,-0.00210877303503844,0.00535716510508648,0.0123834840089792,-0.0145530148583466,-0.0144922570440176,-0.00383868464817361,0.0102747109739408
0.4592655434,-0.00930238231655173,-0.0017410147373401,0.00539176121444563,0.0130379215494184,-0.0146941435309974,-0.0147789362867585,-0.00391062110210611,0.0112969068120783
0.4647988632,-0.00940890067114404,-0.00136377524533465,0.0054279163777741,0.0137134371141633,-0.0148368170489181,-0.0150772123594979,-0.00398098429336995,0.0123496618688286
0.470332183,-0.00951538454244532,-0.000977385594529932,0.00546565273174771,0.0144082546503112,-0.014981037274193,-0.0153856402448411,-0.0040497318106976,0.0134308690557812
0.4758655028,-0.00962181366151218,-0.00058216734973072,0.0055049874736114,0.0151206718493327,-0.0151268011351236,-0.0157028391990634,-0.00411682618790078,0.0145385044996019
0.4813988226,-0.00972816760769915,-0.000178428982766099,0.00554593247963703,0.015849058882639,-0.0152741000873362,-0.0160274878654051,-0.00418223512806211,0.0156706298998729
0.4869321424,-0.0098344261948677,0.000233494216913223,0.00558849812384317,0.0165918282882336,-0.0154229243187109,-0.0163583340713204,-0.00424592807102453,0.0168253225051469
0.4924654622,-0.00994056915764564,0.00065328027979829,0.00563268957033343,0.0173474592546672,-0.0155732587279791,-0.0166941789748689,-0.00430787958731221,0.0180007395344655
0.497998782,-0.0100465760910446,0.00108061394113378,0.00567850739790624,0.0181144859017237,-0.0157250834889508,-0.01703387196059,-0.00436806869313834,0.0191950998428575
0.5035321018,-0.0101524266915204,0.00151517213149549,0.00572594912528453,0.0188914850875651,-0.0158783758168049,-0.0173763129560696,-0.00442647756623582,0.0204066572190606
0.5090654216,-0.0102581007954492,0.00195662745427334,0.00577500903862335,0.0196770760588481,-0.0160331098340726,-0.0177204486045747,-0.00448309175682587,0.0216337035131214
0.5145987414,-0.0103635781021729,0.00240465925856976,0.0058256771432483,0.020469919643197,-0.0161892552454212,-0.0180652603846272,-0.00453790095892457,0.0228745789017667
0.5201320612,-0.0104688380133962,0.00285895388142116,0.005877939133907,0.0212687102898928,-0.0163467771473032,-0.0184097564084716,-0.00459089887948922,0.024127664171314
0.525665381,-0.010573860555916,0.00331917990589888,0.00593177940320696,0.0220721730529096,-0.016505639959123,-0.0187529931470107,-0.00464208115270905,0.0253913529588085
0.5311987008,-0.0106786254607888,0.00378605487375288,0.00598717808024794,0.0228777354396308,-0.0166658035410367,-0.0190916805658779,-0.00469144738054084,0.0266637903133836
0.5367320206,-0.0107831121414878,0.0042605295001375,0.00604411152908709,0.0236826273869907,-0.0168272236705749,-0.0194220978868532,-0.00473900061240072,0.0279431568871282
0.5422653404,-0.0108873004200391,0.00474184154555742,0.00610255431872964,0.024486303629576,-0.0169898547387688,-0.0197444620840186,-0.00478474610130947,0.0292281451751335
0.5477986602,-0.0109911701887868,0.00522921280177165,0.0061624783601978,0.0252882279025142,-0.0171536485489846,-0.0200590151007426,-0.00482869182858902,0.0305174407042859
0.55333198,-0.0110947010567885,0.00572187100372721,0.00622385237968471,0.0260878450046699,-0.0173185534364732,-0.0203659740009427,-0.00487084867710375,0.0318097160083971
0.5588652998,-0.0111978723688111,0.00621904520949934,0.00628664228513762,0.0268845817658434,-0.0174845146539487,-0.0206655365563441,-0.00491123008367343,0.0331036269753427
0.5643986196,-0.011300664298874,0.00671995473524264,0.00635081331932285,0.0276778680380564,-0.0176514776181969,-0.0209579133028138,-0.00494985097955117,0.0343978227732991
0.5699319394,-0.0114030565780332,0.00722382578197871,0.00641632776627005,0.0284671135848174,-0.0178193843443032,-0.0212432878028387,-0.00498672881176312,0.0356909393667962
0.5754652592,-0.0115050283832252,0.00772988634584886,0.00648314512537991,0.0292517064385599,-0.0179881735086051,-0.0215218200927111,-0.0050218832578453,0.0369815927844088
0.580998579,-0.0116065597720433,0.00823735918198909,0.0065512246241184,0.0300310406673776,-0.0181577843961616,-0.0217936814853885,-0.00505533514792485,0.0382683998493667
0.5865318988,-0.0117076306378013,0.00874546964829799,0.00662052356092378,0.0308044974176474,-0.0183281541987251,-0.0220590277693494,-0.00508710707687752,0.0395499670659454
0.5920652186,-0.0118082204442743,0.00926785148383056,0.00669099712824835,0.0315959980758364,-0.0184992175725226,-0.0223281465920058,-0.00511722331602591,0.0408638495596669
0.5975985384,-0.0119083085892875,0.00982329523556886,0.00676259915376097,0.0324384200489918,-0.0186709077430484,-0.0226151248134229,-0.00514570943552649,0.0422617152845606
0.6031318582,-0.0120078753390847,0.010410046684987,0.00683528351308543,0.0333297000461876,-0.0188431588521702,-0.0229196533612006,-0.00517259182599932,0.0437397467311747
0.608665178,-0.0121069004247219,0.0110262324420443,0.0069090022362398,0.0342675016778832,-0.0190159026609617,-0.023241269235839,-0.00519789818848212,0.0452937341199275
0.6141984978,-0.0122053627315999,0.0116700164960691,0.00698370531023753,0.0352494906849497,-0.0191890680418375,-0.0235794741888805,-0.0052216574213624,0.0469195071810188
0.6197318176,-0.0123032426628762,0.012339487345914,0.00705934394298828,0.0362731710339467,-0.0193625866058645,-0.0239336836880327,-0.00524389871988794,0.0486126583798607
0.6252651374,-0.0124005200578361,0.0130327662954901,0.00713586784840803,0.0373360528271313,-0.0195363879062442,-0.0243032865316412,-0.00526465220942809,0.0503688191226214
0.6307984572,-0.0124971741799735,0.0137479945547598,0.00721322539858129,0.0384356412337748,-0.0197103995785548,-0.024687646679015,-0.00528394878139225,0.0521836357885347
0.636331777,-0.0125931845901686,0.0144832982242111,0.00729136484671677,0.0395693885085851,-0.0198845494368854,-0.025086090284374,-0.00530181974345185,0.0540526867327962
0.6418650968,-0.0126885315918917,0.0152367837854861,0.00737023493420404,0.040734690160368,-0.0200587665260957,-0.0254979063748819,-0.00531829665768761,0.055971473945854
0.6473984166,-0.0127831949154008,0.016006577864892,0.00744978332488855,0.0419289533186305,-0.0202329782402894,-0.0259223754537385,-0.00533341159051227,0.0579355311835226
0.6529317364,-0.0128771531019553,0.0167908277731302,0.00752995596979421,0.0431496059028919,-0.0204071090717496,-0.0263587781297616,-0.00534719713216114,0.0599404336760221
0.6584650562,-0.0129703870078813,0.0175876333652836,0.0076107014366933,0.0443939835866715,-0.0205810884445746,-0.0268063502213879,-0.00535968557118797,0.0619816169519551
0.663998376,-0.0130628763642345,0.0183951212513117,0.00769196676704227,0.045659457975331,-0.0207548431312768,-0.0272643367240193,-0.00537090959719223,0.0640545792266426
0.6695316958,-0.013154600179229,0.019211426895755,0.00777369805556452,0.0469434128398561,-0.0209282982347935,-0.0277319859441011,-0.00538090212366451,0.066154839735611
0.6750650156,-0.0132455382867977,0.0200346613605395,0.00785584235687285,0.0482431856493601,-0.0211013806436706,-0.0282085242888206,-0.00538969592992489,0.0682778470098996
0.6805983354,-0.0133356709726378,0.0208629577032777,0.00793834727013694,0.0495561480672845,-0.0212740182427747,-0.0286931903640068,-0.00539732370250083,0.0704191057705623
0.6861316552,-0.0134249778029824,0.0216944385048184,0.00802115959215354,0.050879656491517,-0.021446137395136,-0.0291852179866986,-0.00540381821082888,0.0725740949963354
0.691664975,-0.0135134374096345,0.0225272225487816,0.00810422511074814,0.052211069027135,-0.0216176625203827,-0.0296838464783534,-0.00540921229888641,0.0747382915759167
0.6971982948,-0.0136010307224016,0.0233594385114669,0.00818749246065749,0.0535477508113847,-0.0217885231830591,-0.0301883122999178,-0.00541353826174413,0.0769071893228516
0.7027316146,-0.0136877374723395,0.0241891948371828,0.00827090901473292,0.0548870823189545,-0.0219586464870724,-0.0306978874817717,-0.00541682845760661,0.0790762771561373
0.7082649344,-0.0137735363573844,0.0250114754720622,0.00835442111061735,0.0562293600645712,-0.0221279574680018,-0.0312178845925089,-0.00541911524676708,0.0812408355366334
0.7137982542,-0.0138584075945183,0.0258220177718568,0.00843797708979075,0.0575740565179444,-0.022296384684309,-0.0317520387460875,-0.00542043050472754,0.0833960742898012
0.719331574,-0.013942331396667,0.0266175083735358,0.0085215255199362,0.0589195447809646,-0.0224638569166032,-0.0323020364074289,-0.00542080587673081,0.0855370531545004
0.7248648938,-0.0140252871110399,0.0273969347229189,0.00860501419249515,0.0602624073105244,-0.0226303013035351,-0.0328654725876055,-0.00542027291854479,0.0876593420334433
0.7303982136,-0.0141072535699811,0.0281595131277405,0.0086883905476522,0.0615990739878643,-0.0227956441176333,-0.0334395608601238,-0.00541886302232892,0.0897585871156047
0.7359315334,-0.0141882117217804,0.0289044712739814,0.00877160481593615,0.0629259624446401,-0.0229598165377165,-0.0340214911706587,-0.00541660690584425,0.0918304337186215
0.7414648532,-0.0142681412974946,0.0296310126025595,0.00885460607422662,0.0642394919182959,-0.0231227473717213,-0.0346084793157364,-0.005413535223268,0.0938705045208554
0.746998173,-0.0143470206297827,0.0303383625200686,0.00893734202219167,0.0655361484272288,-0.0232843626519743,-0.0351977859071602,-0.00540967860759101,0.0958745109472975
0.7525314928,-0.0144248304286732,0.0310257475563643,0.00901976350423394,0.0668123902845907,-0.0234445939329071,-0.0357866427282264,-0.00540506692443924,0.0978381378409551
0.7580648126,-0.014501550779322,0.0316923674936936,0.00910182093631141,0.0680646511862352,-0.0236033717156334,-0.0363722836925416,-0.0053997298430106,0.0997570186799288
0.7635981324,-0.0145771607549164,0.0323374483624635,0.00918346383302696,0.0692894262199675,-0.0237606245879433,-0.0369519778575039,-0.0053936969218894,0.101626874582431
0.7691314522,-0.0146516394983377,0.0329602168215144,0.00926464210456165,0.0704832112264443,-0.0239162816028994,-0.0375229944049299,-0.00538699739377606,0.103443428047959
0.774664772,-0.0147249679213614,0.0335598851664449,0.0093453081281194,0.0716424722860534,-0.0240702760494808,-0.0380825871196085,-0.00537965979324195,0.105202357452498
0.7801980918,-0.0147971257550433,0.0341356530061185,0.00942541318286336,0.0727636675902324,-0.0242225389379066,-0.0386280145841139,-0.0053717125721799,0.106899320596351
0.7857314116,-0.0148680909117675,0.0346867646159125,0.00950490664461563,0.0738433345165339,-0.0243729975563831,-0.0391565699006213,-0.00536318426715185,0.108530099132446
0.7912647314,-0.0149378447046056,0.0352124409688903,0.0095837423682799,0.0748779693888597,-0.0245215870728855,-0.0396655284199694,-0.00535410233632568,0.11009041035775
0.7967980512,-0.0150063670359462,0.0357118608211536,0.00966187281992089,0.0758640034185747,-0.024668239855867,-0.0401521425974211,-0.00534449421602526,0.111575864239728
0.802331371,-0.0150742542744674,0.036184273353182,0.00973859649917959,0.0767979869762054,-0.024812850773647,-0.0406137136230234,-0.00533565777528784,0.112982260329387
0.8078646908,-0.015142888889404,0.0366289067877059,0.00981242374039502,0.0776764370537827,-0.024955312629799,-0.0410475302660768,-0.00533046514900895,0.114305343841489
0.8133980106,-0.0152122325251365,0.0370449559106099,0.00988340534169546,0.0784958262596549,-0.025095637866832,-0.041450870349045,-0.00532882718344109,0.115540782170265
0.8189313304,-0.0152821863986536,0.0374316254469454,0.0099516517166746,0.079252642401487,-0.0252338381153282,-0.0418210169545416,-0.00533053468197898,0.116684267848432
0.8244646502,-0.015352652328022,0.03779703949427,0.0100172655911087,0.0799587992003644,-0.0253699179191307,-0.0421617597060943,-0.00533538673691335,0.117755838694634
0.82999797,-0.0154235305342446,0.0381521951118662,0.0100803581758344,0.0806312350639724,-0.025503888710079,-0.0424790399521062,-0.00534317235841027,0.118783430175839
0.8355312898,-0.015494722208825,0.0384983531852756,0.0101410321037642,0.0812700141553511,-0.0256357543125891,-0.0427716609700755,-0.00535369010506081,0.119768367340627
0.8410646096,-0.0155661286566309,0.0388368009567916,0.0101993838940247,0.0818752303260064,-0.0257655125506557,-0.0430384293692147,-0.0053667447626062,0.120712031282798
0.8465979294,-0.0156376507818353,0.0391687930656949,0.0102555112788929,0.0824469503890261,-0.0258931620607282,-0.0432781573233312,-0.00538213950294235,0.121615743454721
0.8521312492,-0.0157091896314553,0.0394955661603802,0.0103095098889756,0.0829852300610055,-0.0260186995204309,-0.0434896639006253,-0.00539967974247967,0.122480796221386
0.857664569,-0.0157806463529736,0.0398183789695769,0.0103614689926307,0.0834901509440982,-0.0261421153456043,-0.0436717719745213,-0.00541917736034284,0.123308529913675
0.8631978888,-0.0158519217456512,0.0401385113805344,0.0104114716598129,0.0839618104974042,-0.0262633934054642,-0.0438232991168698,-0.00544045008583832,0.124100321877939
0.8687312086,-0.0159229171188029,0.0404572014045505,0.0104596052089149,0.0844003190983334,-0.0263825223277178,-0.0439431176937829,-0.00546331190988799,0.124857520502884
0.8742645284,-0.0159935336639311,0.0407756859971187,0.0105059488208816,0.0848057597486695,-0.0264994824848126,-0.0440300737515508,-0.0054875848430495,0.125581445745788
0.8797978482,-0.0160636719034357,0.0410952161224399,0.0105505744973488,0.0851783134670259,-0.0266142464007845,-0.0440830973445861,-0.00551309740608686,0.126273529589466
0.885331168,-0.0161332331486102,0.0414150029919841,0.0105935557009441,0.0855198870589546,-0.0267267888495543,-0.0441048840669706,-0.00553967744766606,0.126934890050939
0.8908644878,-0.0162021188218195,0.0417343348310146,0.0106349611440099,0.0858322766957052,-0.0268370799658293,-0.0440979418646906,-0.00556715767780962,0.12756661152672
0.8963978076,-0.0162702297329309,0.0420533736187733,0.0106748527824596,0.0861165604915384,-0.0269450825153905,-0.0440631868727651,-0.00559537695047137,0.128169934110312
0.9019311274,-0.0163374661986202,0.0423722849802,0.010713287497096,0.0863738112578429,-0.0270507536957162,-0.0440015262776429,-0.00562417870152424,0.128746096238043
0.9074644472,-0.0164037303484027,0.0426912038163219,0.0107503231905095,0.086605097382185,-0.0271540535389122,-0.0439138935658631,-0.0056534071578932,0.129296301198507
0.912997767,-0.0164689233737813,0.0430102723237455,0.0107860100110434,0.0868114605319843,-0.0272549333848247,-0.0438011882082388,-0.00568291336273785,0.12982173285573
0.9185310868,-0.0165329447465761,0.0433296680100264,0.0108203901332271,0.0869939644647565,-0.0273533348798032,-0.0436642964547301,-0.00571255461334907,0.130323632474783
0.9240644066,-0.0165956967214232,0.0436495311477997,0.0108535075403536,0.0871536631412725,-0.0274492042617768,-0.0435041319934728,-0.00574218918106968,0.130803194289072
0.9295977264,-0.0166570808279245,0.0439700000509384,0.0108853995278741,0.08729157905091,-0.0275424803557986,-0.0433215789999716,-0.00577168130005047,0.131261579101848
0.9351310462,-0.0167169972702204,0.0442912393234503,0.0109160964362939,0.0874087513965072,-0.0276330937065143,-0.0431175120730569,-0.00580090083392648,0.131699990719957
0.940664366,-0.016775346418624,0.0446134062194426,0.0109456246131,0.0875062056982806,-0.027720971031724,-0.042892799478838,-0.00582972180552401,0.132119611917723
0.9461976858,-0.0168320309547396,0.0449366394279211,0.0109740091756882,0.0875849569404155,-0.0278060401304278,-0.0426483175124944,-0.00585802177905143,0.132521596368337
0.9517310056,-0.0168869520700708,0.0452610868961872,0.0110012679886029,0.0876460041261837,-0.0278882200586737,-0.0423849172299965,-0.00588568408146791,0.132907091022371
0.9572643254,-0.0169400079177477,0.0455869194511116,0.0110274104608664,0.0876903468555532,-0.0279674183786141,-0.0421034274044416,-0.00591259745688136,0.133277266306665
0.9627976452,-0.0169911022319696,0.0459142765547735,0.0110524486255969,0.0877189811556575,-0.0280435508575665,-0.041804704600884,-0.00593865360637269,0.133633257710431
0.968330965,-0.0170401363814649,0.0462433013998085,0.0110763864955505,0.0877328715025518,-0.0281165228770154,-0.0414895701027432,-0.00596374988591431,0.13397617290236
0.9738642848,-0.0170870096965375,0.0465741492936387,0.0110992212241134,0.0877330009441727,-0.0281862309206509,-0.0411588516505339,-0.00598778847242416,0.134307150237811
0.9793976046,-0.0171316231373571,0.0469067749449271,0.011120947340057,0.0877205142119146,-0.0282525704774141,-0.0408137392669875,-0.00601067579730005,0.134627289156842
0.9849309244,-0.0171738796695084,0.0472410580320855,0.0111415567442437,0.087696610287528,-0.0283154364137521,-0.0404555522554424,-0.00603232292526464,0.134937668319613
0.9904642442,-0.017213680232736,0.0475769105892815,0.0111610346128239,0.0876624602286594,-0.0283747148455599,-0.0400855496393778,-0.00605264561991213,0.135239370817941
0.995997564,-0.0172509221486451,0.0479142539227238,0.0111793584296951,0.0876192307681543,-0.0284302805783401,-0.0397049768454305,-0.00607156371894999,0.135533484690878
1.0015308838,-0.017285510411944,0.0482529912463581,0.0111965084637778,0.0875680888678405,-0.0284820188757218,-0.0393150976214824,-0.00608900194816625,0.135821080114199
1.0070642036,-0.0173173462141357,0.0485930307035367,0.0112124569869081,0.0875101828391837,-0.0285298032010438,-0.0389171521356469,-0.00610488922722757,0.13610321354272
1.0125975234,-0.0173463277435767,0.0489342910424362,0.0112271695942008,0.0874466661498693,-0.0285734973377775,-0.0385123751074331,-0.00611915814937588,0.136380957192306
1.0181308432,-0.0173723570865148,0.0492766812806305,0.0112406111564921,0.0873786833436591,-0.0286129682430069,-0.0381020020630286,-0.00613174593002263,0.13665536462429
1.023664163,-0.0173953372244038,0.0496201101880475,0.011252743140579,0.0873073719359881,-0.0286480803649829,-0.0376872617479406,-0.0061425940838248,0.136927482124036
1.0291974828,-0.0174151683998944,0.0499644906823484,0.011263520892038,0.0872338646872315,-0.0286786892919324,-0.0372693740048831,-0.00615164750785649,0.13719835536958
1.0347308026,-0.0174317481709635,0.050309735165322,0.0112728940513967,0.0871592879400634,-0.0287046422223601,-0.0368495527747414,-0.00615885411956681,0.137469023105385
1.0402641224,-0.0174449819930417,0.0506527708418304,0.0112808146197485,0.0870796182041726,-0.0287257966127902,-0.0364268473623422,-0.00616416737329317,0.137732389046003
1.0457974422,-0.017454771057632,0.0509828678224666,0.0112872277815047,0.0869743321674029,-0.0287419988391367,-0.0359914643449362,-0.00616754327612727,0.137957199989869
1.051330762,-0.017461012143033,0.0513128764481742,0.0112920722546813,0.0868325955865421,-0.0287530843977143,-0.035519719138368,-0.00616893988835174,0.138145472034716
1.0568640818,-0.017463608997792,0.0516460471333761,0.0112952886078005,0.0866538713902435,-0.0287588976055925,-0.0350078242568674,-0.00616832038999145,0.13829991852362
1.0623974016,-0.0174624643511213,0.051981712610424,0.0112968135514892,0.0864404686050376,-0.0287592779026105,-0.0344587559946135,-0.0061656507996321,0.138422181215462
1.0679307214,-0.0174574774804661,0.0523192435437816,0.0112965785233966,0.086194722114804,-0.0287540560038627,-0.0338754785710224,-0.00616089895706955,0.138513965658586
1.0734640412,-0.0174485467163977,0.0526580090089428,0.011294511685963,0.085918957588366,-0.0287430584023607,-0.0332609485794231,-0.00615403503043477,0.138576966597309
1.078997361,-0.0174355578247299,0.0529973428272677,0.0112905706472658,0.0856154876042347,-0.0287261284719957,-0.0326181447769671,-0.00614498717746411,0.138612830431502
1.0845306808,-0.0174169965124245,0.053336591475208,0.0112866185089938,0.0852865897752298,-0.0287036150214183,-0.0319499983000218,-0.00613037800343066,0.138623181250438
1.0900640006,-0.017391888929388,0.0536751368147262,0.0112838079879585,0.0849345559861235,-0.0286756969173465,-0.0312594191713973,-0.00610808094142952,0.13860969280085
1.0955973204,-0.0173601793141469,0.0540123203304738,0.0112820670792826,0.0845616501088326,-0.0286422463934295,-0.0305493297783588,-0.00607811223486425,0.138573970439306
1.1011306402,-0.0173218059718718,0.0543474839270197,0.0112813182314057,0.0841700846551769,-0.0286031242032775,-0.0298226007281572,-0.00604048774046605,0.138517568582197
1.10666396,-0.0172767010229483,0.0546799956261392,0.0112814781151047,0.0837620765840279,-0.0285581791380529,-0.0290820809578887,-0.00599522290784359,0.138442072210167
1.1121972798,-0.017224799112636,0.0550092121437583,0.0112824574046227,0.0833398047031517,-0.0285072565172587,-0.0283305925593934,-0.00594234170801335,0.13834901684691
1.1177305996,-0.0171660434770956,0.05533447937666,0.0112841611612369,0.0829054058603363,-0.0284502046383325,-0.0275709264836764,-0.00588188231585875,0.138239885236996
1.1232639194,-0.0171003708515614,0.0556551505467571,0.0112864891555106,0.082460980380148,-0.0283868600070721,-0.0268058298333909,-0.00581388169605077,0.138116130926905
1.1287972392,-0.0170282198877367,0.0559705874562013,0.0112892724586951,0.0820086076878682,-0.0283174923464318,-0.0260380202316669,-0.00573894742904164,0.13797919514407
1.134330559,-0.0169507423154148,0.0562801421723425,0.0112922901208571,0.0815503158696205,-0.0282430324362719,-0.0252701736972779,-0.00565845219455768,0.137830458041963
1.1398638788,-0.0168680146150569,0.0565831640222198,0.0112954837368132,0.0810880790763878,-0.0281634983518701,-0.024504915054168,-0.00557253087824373,0.137671243098608
1.1453971986,-0.0167800654421875,0.0568790113432163,0.0112988008063054,0.0806238527926407,-0.0280788662484929,-0.0237448414494244,-0.00548126463588213,0.137502864135857
1.1509305184,-0.016686928584493,0.057167037283141,0.011302190073612,0.0801595364681285,-0.0279891186581049,-0.0229924991849875,-0.00538473851088102,0.137326573751269
1.1564638382,-0.016588641255279,0.0574465980644532,0.0113056016900229,0.0796969776500543,-0.0278942429453019,-0.0222503795856011,-0.0052830395652561,0.137143575714507
1.161997158,-0.0164852358890367,0.0577170488802166,0.0113089860204342,0.079237985793747,-0.0277942219094709,-0.0215209369135304,-0.00517624986860253,0.136955034673964
1.1675304778,-0.0163767388564624,0.0579777334620394,0.0113122930684085,0.0787843346929702,-0.0276890319248709,-0.0208066012309309,-0.00506444578805392,0.13676206815501
1.1730637976,-0.0162631910088854,0.0582280177488707,0.0113154765694218,0.0783377360580623,-0.0275786675783071,-0.0201097183091915,-0.0049477144394636,0.136565753806933
1.1785971174,-0.0161446255294949,0.0584672579854641,0.011318490013151,0.077899867920489,-0.0274631155426459,-0.0194326099350248,-0.00482613551634398,0.136367125905953
1.1841304372,-0.0160210703176318,0.0586947957844521,0.0113212867033643,0.0774723768891706,-0.0273423570209961,-0.0187775811047185,-0.00469978361426755,0.136167172673623
1.189663757,-0.0158925610621844,0.0589099895165297,0.0113238229415279,0.0770568611302827,-0.0272163840037122,-0.018146871613753,-0.0045687381206565,0.135966850646812
1.1951970768,-0.0157591338314402,0.0591122039800866,0.0113260566377133,0.0766548885211759,-0.0270851904691535,-0.0175426845410893,-0.00443307719372697,0.135767092501262
1.2007303966,-0.01562082015431,0.0593007893257922,0.0113279459516146,0.0762680043151502,-0.0269487661059246,-0.016967214989358,-0.00429287420269546,0.135568793640942
1.2062637164,-0.0154776486014849,0.0594750799216802,0.0113294495251317,0.0758977353759027,-0.0268070981266166,-0.0164226554542225,-0.00414819907635328,0.135372815297583
1.2117970362,-0.0153304792598104,0.0596344531858355,0.0113317134947828,0.0755455752375186,-0.0266621927545932,-0.015911122051683,-0.0039987657650276,0.135180028423354
1.217330356,-0.0151810323339874,0.0597782709061927,0.0113370921001958,0.0752130314610596,-0.0265181244341832,-0.0154347605548669,-0.00384394023379152,0.134991302367252
1.2228636758,-0.0150294026735802,0.059907344864993,0.0113455694243347,0.0749008885953469,-0.0263749720979149,-0.014993543730354,-0.00368383324924546,0.13480823346034
1.2283969956,-0.0148756375049457,0.0600316456649485,0.0113570479949103,0.0746056003969106,-0.026232685499856,-0.0145739547319622,-0.00351858951003538,0.134637246061859
1.2339303154,-0.0147197828953431,0.0601536963557166,0.0113714302392156,0.0743273529762497,-0.0260912131345587,-0.0141736566205331,-0.00334835265612746,0.134481049331966
1.2394636352,-0.014561883003573,0.0602741453711115,0.0113886191429418,0.0740672276783741,-0.0259505021465148,-0.0137930823072626,-0.00317326386063112,0.134341373049486
1.244996955,-0.0144019820011997,0.0603936403990536,0.0114085166314911,0.073826310195331,-0.0258104986326908,-0.0134326697962774,-0.0029934653697086,0.134219950594385
1.2505302748,-0.0142401273868277,0.0605128510118778,0.011431021083426,0.0736056933102898,-0.0256711484702537,-0.013092842298412,-0.00280910630340176,0.134118544322168
1.2560635946,-0.014076364388192,0.0606339288492255,0.0114560321239114,0.0734046780195752,-0.0255323965121034,-0.0127707491703497,-0.00262033226428065,0.134038606868801
1.2615969144,-0.0139107355877395,0.0607603308128324,0.0114834507720078,0.0732209017558358,-0.0253941863597472,-0.0124605709430034,-0.0024272848157317,0.133981232568668
1.2671302342,-0.0137432886476079,0.0608928041828036,0.0115131737190584,0.0730553406970229,-0.0252564623666663,-0.0121625365142194,-0.00223011492854959,0.133948144879827
1.272663554,-0.0135740691521818,0.061028843212866,0.0115450990127681,0.0729037477171371,-0.0251191681649499,-0.0118749045042711,-0.00202897013941373,0.133932590930003
1.2781968738,-0.013403121103732,0.06115944817534,0.0115791255799162,0.0727510378805075,-0.0249822466836481,-0.0115915897051675,-0.0018239955238158,0.133910486055848
1.2837301936,-0.0132304895168505,0.061284117783122,0.011615151482099,0.0725963627676717,-0.0248456409989495,-0.0113122449845496,-0.00161533803475145,0.133880480550794
1.2892635134,-0.0130562212036441,0.0614029610872642,0.0116530736959971,0.0724398930367572,-0.0247092948996412,-0.011036931949493,-0.00140314750764693,0.133842854124021
1.2947968332,-0.0128803613883441,0.0615160836549821,0.0116927904018794,0.072281806417392,-0.0245731517902235,-0.0107657227624099,-0.00118757098646463,0.133797890072374
1.300330153,-0.0127029528337227,0.0616235862140141,0.0117342012749302,0.072122290870996,-0.0244371541086528,-0.0104987046569819,-0.000968751558792518,0.13374587708501
1.3058634728,-0.0125240433817457,0.0617255817421455,0.0117772034568078,0.0719615338054475,-0.0243012468385535,-0.010235952063302,-0.000746839924937811,0.133687115547593
1.3113967926,-0.0123436782601475,0.0618221744910346,0.01182169600952,0.0717997256100006,-0.0241653742696674,-0.009977551118966,-0.000521982250627485,0.133621900101035
1.3169301124,-0.0121619014373916,0.0619134685486865,0.0118675789466867,0.0716370680484622,-0.0240294803840783,-0.00972359949977565,-0.000294322490704949,0.133550536597149
1.3224634322,-0.0119787585256535,0.0619995709338319,0.0119147519867682,0.0714737627987812,-0.0238935105124217,-0.00947419186494931,-6.40065388853098e-05,0.133473333732613
1.327996752,-0.011794295773264,0.0620805899384932,0.0119631152784616,0.0713100129975079,-0.0237574110517256,-0.00922942305901462,0.00016881950519764,0.133390602936001
1.3335300718,-0.0116085581670241,0.0621566309490402,0.012012570110316,0.0711460275735841,-0.0236211282773401,-0.00898939662454393,0.00040401194329193,0.133302658522624
1.3390633916,-0.011421589474535,0.0622277957330869,0.0120630186343825,0.0709820210198841,-0.0234846081089175,-0.00875422528679721,0.000641429159847483,0.133209816752971
1.3445967114,-0.0112334367703636,0.0622941961688167,0.012114362912727,0.070818205438612,-0.0233477996830907,-0.00852400926979535,0.000880926142363427,0.133112401607429
1.3501300312,-0.0110441452822449,0.0623559374582513,0.012166506323018,0.0706547958601162,-0.0232106516052629,-0.00829885840186497,0.00112236104077307,0.133010733318368
1.355663351,-0.010853759067557,0.0624131223018117,0.0122193530311226,0.0704920144218395,-0.0230731120986796,-0.00807889212002777,0.00136559396356563,0.132905136723651
1.3611966708,-0.0106623240906138,0.0624658590947822,0.0122728078067404,0.070330080631723,-0.0229351318973543,-0.00786422153694079,0.00161048371612658,0.132795939726505
1.3667299906,-0.0104698861586924,0.0625142556577994,0.0123267764249819,0.0701692149414341,-0.0227966625836743,-0.00765495928363466,0.00185689026628954,0.132683470599234
1.3722633104,-0.0102764901438864,0.0625584168019059,0.0123811654675466,0.0700096416463795,-0.022657655611433,-0.00745122484447361,0.00210467532366015,0.132568058448285
1.3777966302,-0.0100821805731811,0.0625984454414295,0.0124358821256879,0.0698515869318222,-0.022518062698869,-0.00725314149039265,0.0023537015525068,0.132450032373252
1.38332995,-0.00988700387646706,0.0626344525059021,0.0124908350159834,0.0696952733406607,-0.0223778388924504,-0.00706082083475854,0.00260383113951631,0.132329725846563
1.3888632698,-0.00969100528147861,0.0626640397335613,0.0125459334509011,0.069542053591887,-0.0222369387323797,-0.00687801385832565,0.00285492816942247,0.132206093325448
1.3943965896,-0.00949422905723286,0.0626796750974824,0.012601086944745,0.0693956251273053,-0.0220953160019779,-0.00671595002982286,0.00310685788751214,0.132075300224788
1.3999299094,-0.00929672127473577,0.0626815796158771,0.012656206901685,0.0692562396943571,-0.0219529281764208,-0.00657466007848001,0.00335948562694928,0.131937819310234
1.4054632292,-0.00909852742293392,0.0626705764957226,0.0127112054803426,0.0691238913824175,-0.0218097329032765,-0.00645331488669484,0.00361267805740868,0.13179446787814
1.410996549,-0.00889969238193594,0.0626474769339156,0.0127659951442919,0.068998586652783,-0.0216656875262279,-0.00635110971886735,0.003866302762356,0.131646063586699
1.4165298688,-0.00870026119266581,0.0626130948303078,0.0128204891694761,0.0688803335112416,-0.0215207503621419,-0.00626723868093383,0.00412022797681025,0.131493428341549
1.4220631886,-0.00850027976306011,0.0625682615378629,0.0128746029685462,0.0687691303989141,-0.0213748827316063,-0.00620086886105115,0.00437432320548611,0.131337391936777
1.4275965084,-0.00829979332085371,0.0625137955743949,0.0129282521166359,0.0686649780703489,-0.0212280454374896,-0.00615118249595396,0.00462845879578216,0.131178773644744
1.4331298282,-0.00809884646942392,0.0624505012770766,0.0129813514973372,0.068567874904961,-0.0210801979667611,-0.00611737362788434,0.0048825050279133,0.131018376182038
1.438663148,-0.00789748514102446,0.0623792107296716,0.0130338196358476,0.0684777935853045,-0.020931304776872,-0.00609858285563286,0.00513633449482314,0.130857004314976
1.4441964678,-0.00769575462899348,0.0623007444523064,0.013085574864863,0.0683947016564342,-0.0207813294938564,-0.00609395720412779,0.00538982023586947,0.130695446108741
1.4497297876,-0.00749369994417716,0.0622159146240571,0.0131365352549621,0.0683185509882423,-0.0206302351991392,-0.00610263636418522,0.00564283531078492,0.130534465612299
1.4552631074,-0.00729136639599376,0.0621255401548093,0.0131866204222161,0.0682492721155452,-0.0204779868182099,-0.00612373196073597,0.00589525402622236,0.130374812270355
1.4607964272,-0.00708879949314807,0.0620304460280493,0.0132357521480667,0.0681867730164722,-0.0203245516412147,-0.0061563269884229,0.00614695265491861,0.130217219044521
1.466329747,-0.00688604445609306,0.0619314505391213,0.0132838519385971,0.0681309436267529,-0.0201698963946901,-0.0061994930876316,0.00639780748250402,0.130062394165874
1.4718630668,-0.00668314636713509,0.0618293652301358,0.0133308398062578,0.068081652864997,-0.0200139861733929,-0.00625228763486114,0.00664769343912268,0.129911018095133
1.4773963866,-0.00648004602653087,0.0617250160557183,0.0133765672487542,0.0680387369512327,-0.019856613275285,-0.00631372089551446,0.0068965212222233,0.129763753006951
1.4829297064,-0.00627661151411979,0.0616192232873055,0.0134208292096863,0.0680020178567898,-0.0196974407238061,-0.0063827945694843,0.00714421769556649,0.129621241144095
1.4884630262,-0.00607286914977735,0.0615126598602262,0.0134635284678575,0.0679710477534165,-0.0195363976176349,-0.0064583878931903,0.00739065931808017,0.129483707613643
1.493996346,-0.00586884804561679,0.0614044252949577,0.0135045722348615,0.0679426730807856,-0.0193734202804783,-0.00653824778582783,0.00763572418924467,0.129347098375743
1.4995296658,-0.00566457736456188,0.0612948113579679,0.0135438691156594,0.0679157354112083,-0.0192084464802213,-0.00662092405324037,0.00787929175109753,0.129210546769176
1.5050629856,-0.00546008601516704,0.0611846197462987,0.0135813263603899,0.067889923233519,-0.019041412375557,-0.00670530348722029,0.00812124034522288,0.129074542979818
1.5105963054,-0.00525540278476495,0.0610746546836312,0.01361684949905,0.0678649059592046,-0.0188722522838149,-0.00679025127557346,0.00836144671428501,0.128939560642836
1.5161296252,-0.00505055693717649,0.0609657414554038,0.0136503502982022,0.0678403041689446,-0.0187009072353787,-0.00687456271354074,0.00859979336102571,0.128806045624348
1.521662945,-0.00484557742786393,0.0608588940043652,0.0136817379721987,0.0678155118923277,-0.0185273154000627,-0.00695661788796251,0.0088361605443348,0.128674405896693
1.5271962648,-0.00464049312363178,0.0607551183025353,0.0137109192070643,0.0677899301702278,-0.0183514123306961,-0.00703481186769243,0.00907042608343248,0.128545048472763
1.5327295846,-0.00443533311161995,0.0606553970589347,0.0137378056710339,0.0677629700095571,-0.0181731387826538,-0.00710757295062234,0.00930247255941392,0.128418367068492
1.5382629044,-0.00423012639759184,0.0605607115414438,0.0137623091620827,0.067734037237814,-0.0179924355596746,-0.00717332569637019,0.0095321827644909,0.128294748779258
1.5437962242,-0.00402490194187378,0.0604720483621857,0.0137843394976389,0.067702533558527,-0.0178092414395127,-0.00723048519634135,0.00975943755576517,0.128174581920713
1.549329544,-0.00381968876754884,0.0603903982642537,0.0138038058440002,0.0676678577823334,-0.0176234946115491,-0.00727745951807971,0.00998411707645141,0.128058256046587
1.5548628638,-0.00361451585091605,0.0603167368712174,0.0138206234629325,0.0676294181063982,-0.0174351393138485,-0.00731268123518078,0.0102061076120164,0.127946154977616
1.5603961836,-0.00340941214743709,0.0602520474801598,0.0138347047533315,0.0675866258093626,-0.0172441169007686,-0.00733457832920274,0.0104252926058945,0.127838673289522
1.5659295034,-0.00320440678461982,0.0601935020786429,0.0138459582775328,0.0675412303249243,-0.0170503650621526,-0.00734772824628149,0.010641551492913,0.127734732403567
1.5714628232,-0.00299952866749204,0.0601348116526906,0.0138543004491833,0.0674971386681174,-0.0168538291166753,-0.00736232701542677,0.0108547717816912,0.127631950320808
1.576996143,-0.00279480672322644,0.06007589119634,0.0138596458755554,0.0674545025172767,-0.0166544525987818,-0.00737861132093669,0.0110648391523289,0.127530393713617
1.5825294628,-0.00259027004248904,0.0600167798229159,0.0138619065719566,0.0674134002446849,-0.0164521766144457,-0.007396620421769,0.0112716365294676,0.127430180067601
1.5880627826,-0.00238594772697693,0.0599575166430708,0.0138609956615796,0.0673739118956697,-0.0162469433885565,-0.00741639525259888,0.0114750479346026,0.12733142853874
1.5935961024,-0.00218186854403488,0.0598981417474384,0.0138568315546765,0.067336118591783,-0.0160387000987114,-0.00743797684434462,0.0116749630106416,0.127234260339221
1.5991294222,-0.00197806144912519,0.0598386949685999,0.0138493297409871,0.0673001045691178,-0.0158273911901123,-0.00746140960051791,0.0118712682918619,0.127138799537718
1.604662742,-0.00177455590902671,0.0597792144109423,0.0138384003749782,0.0672659556503176,-0.0156129562840049,-0.00748674123937528,0.0120638444659515,0.12704517006126
1.6101960618,-0.00157138048951879,0.0597197402416292,0.0138239650217233,0.0672337571246546,-0.0153953455112421,-0.00751401688302536,0.0122525845322045,0.126953497366284
1.6157293816,-0.00136856411775084,0.0596603129559992,0.0138059408710307,0.0672035987307546,-0.0151745049887815,-0.00754328577475541,0.0124373767532798,0.126863911686754
1.6212627014,-0.00116613609329831,0.0596009707583326,0.0137842419552932,0.0671755693761335,-0.0149503780485915,-0.00757459861780089,0.0126181058619948,0.126776540134466
1.6267960212,-0.000964125439334255,0.0595417528705782,0.0137587858866218,0.0671497593698081,-0.014722911325956,-0.00760800649922984,0.0127946604472875,0.126691512240386
1.632329341,-0.000762560792818636,0.0594826998789962,0.0137294941290227,0.0671262608759861,-0.0144920549218413,-0.00764356099698991,0.0129669333362041,0.126608960754982
1.6378626608,-0.00056147115944793,0.0594238514872694,0.0136962850322142,0.0671051674255944,-0.0142577561916621,-0.00768131593832496,0.0131348138727662,0.126529018912864
1.6433959806,-0.000360886273138394,0.0593652452059006,0.0136590716417566,0.0670865726309848,-0.014019957914895,-0.00772132742508416,0.0132981853686182,0.126451817836885
1.6489293004,-0.00016083435398496,0.0593069215553099,0.0136177801681229,0.0670705701877232,-0.0137786145221078,-0.00776364863241324,0.0134569458141379,0.126377491743033
1.6544626202,3.86556425494827e-05,0.059248921884573,0.0135723309755729,0.0670572593188895,-0.0135336753330235,-0.00780833743431648,0.0136109866181224,0.126306181203462
1.65999594,0.000237554129412805,0.0591912830496235,0.0135226403748546,0.0670467347408592,-0.0132850862454418,-0.00785545169123566,0.0137601945042674,0.126238017790483
1.6655292598,0.000435832319093352,0.0591340447160439,0.0134686314775722,0.0670390940351138,-0.0130327991584789,-0.00790504931906996,0.0139044637966656,0.126173138751158
1.6710625796,0.000633461626447201,0.0590772480726841,0.0134102292450892,0.0670344378673506,-0.012776767618642,-0.00795718979466651,0.0140436908715364,0.126111685940035
1.6765958994,0.000830412888662696,0.0590209322037747,0.0133473551064615,0.0670328663508838,-0.0125169422177988,-0.00801193414710912,0.0141777679951242,0.126053798554659
1.6821292192,0.00102665634676036,0.0589651345120321,0.0132799273811173,0.0670344796089891,-0.0122532710343569,-0.00806934509695705,0.0143065837278776,0.125999614121021
1.687662539,0.0012221639628231,0.0589098959273025,0.0132078767087426,0.0670393795709372,-0.0119857127459195,-0.00812948364363465,0.0144300406715657,0.12594927549824
1.6931958588,0.00141690678138914,0.0588552580305769,0.0131311281653498,0.0670476735273147,-0.0117142213839607,-0.00819241549673786,0.014548034946739,0.125902931557892
1.6987291786,0.0016108548493592,0.0588012567453035,0.0130496014939495,0.0670594632850096,-0.0114387466445903,-0.00825820653970617,0.0146604563433087,0.125860720030313
1.7042624984,0.00180397977202079,0.0587479322279834,0.0129632272938388,0.0670748547211307,-0.011159247521818,-0.00832692249314732,0.0147672070658595,0.125822786949114
1.7097958182,0.00199625293747755,0.058695326377018,0.0128719355664677,0.0670939590022398,-0.0108756826289902,-0.00839863262522182,0.0148681885039453,0.125789285379258
1.715329138,0.00218764494723364,0.0586434772178853,0.0127756526095545,0.0671168845480813,-0.0105880076623208,-0.008473407330196,0.0149632975567881,0.125760361765967
1.7208624578,0.00237816025260448,0.0585924745142347,0.0126743635363257,0.0671438309114214,-0.0102962032837212,-0.00855135639718665,0.0150525237889302,0.125736305425656
1.7263957776,0.00256849991793552,0.0585427084156782,0.0125692631034036,0.0671755106734971,-0.0100007631854681,-0.00863280225781893,0.0151377630213391,0.125718219089175
1.7319290974,0.00275898227717076,0.0584945576696547,0.0124608809356852,0.0672116346952925,-0.00970189865851446,-0.00871707702563786,0.015219863212856,0.125706192364947
1.7374624172,0.00294964403416444,0.0584484590910873,0.0123492559370333,0.0672516290975252,-0.00939961190286881,-0.00880317000643787,0.0152988999711977,0.125700088188613
1.742995737,0.00314052144823252,0.0584044608977611,0.0122344371201544,0.0672951827956032,-0.00909391567192189,-0.00889072189784203,0.0153749585683869,0.125699643693364
1.7485290568,0.00333165087802883,0.0583626125707072,0.0121164711835006,0.0673419897896023,-0.00878482030547174,-0.00897937721889502,0.0154481220615294,0.12570460236031
1.7540623766,0.00352306894601882,0.0583229591583257,0.0119954027750263,0.0673917357313743,-0.0084723338290075,-0.00906877657304859,0.0155184717210451,0.1257146948897
1.7595956964,0.00371481222890933,0.058285547321898,0.0118712791695329,0.0674441088023905,-0.00815646694062359,-0.00915856148049248,0.0155860913984422,0.125729656124288
1.7651290162,0.00390691684935279,0.0582504246480663,0.0117441531397071,0.0674988011331387,-0.00783723629035428,-0.00924837648507238,0.0156510699890599,0.125749225781205
1.770662336,0.00409941920885062,0.0582176386425606,0.0116140755303203,0.0675555038791095,-0.00751465632146966,-0.00933786523654887,0.0157134947391709,0.12577314252167
1.7761956558,0.00429235646097451,0.0581872360062721,0.0114810934642642,0.0676139021668778,-0.0071887370032897,-0.00942666616060576,0.0157734499252387,0.12580113817315
1.7817289756,0.00448576439215084,0.0581592625501186,0.011345266109658,0.067673687764862,-0.00685950171750718,-0.00951442521474337,0.0158310305018089,0.125832950314981
1.7872622954,0.00467967938420599,0.0581337669058446,0.0112066493610227,0.0677345541527418,-0.0065269699768167,-0.00960078724689717,0.0158863287452287,0.125868321058586
1.7927956152,0.00487413834543657,0.058110795467136,0.011065298123216,0.0677961870794062,-0.00619115977777939,-0.00968539161227012,0.0159394364686525,0.125906982546542
1.798328935,0.00506917770743153,0.0580904534009868,0.0109212725679652,0.0678582165111108,-0.00585209486053364,-0.00976776311012394,0.0159904502753967,0.125948669912098
1.8038622548,0.00526514160269762,0.0580727301609036,0.0107742950662661,0.0679203945216478,-0.00550915346356848,-0.00984766436074421,0.0160394366689637,0.125993124682551
1.8093955746,0.00546251380156131,0.0580575054912668,0.0106239201613382,0.067982583084013,-0.00516140635977685,-0.00992507759274623,0.0160864339628995,0.12604008857528
1.8149288944,0.00566129174610024,0.0580446603790734,0.0104702340964877,0.0680446393831718,-0.00480894235038745,-0.00999997900409847,0.0161315258425879,0.126089299762245
1.8204622142,0.00586146281037366,0.0580340720314701,0.01031334447195,0.0681064250111934,-0.0044518816615763,-0.0100723529797233,0.0161748072823236,0.126140497042664
1.825995534,0.00606301648590042,0.0580256207497259,0.0101533570084574,0.068167798311605,-0.00409034052255696,-0.0101421775618791,0.0162163734943578,0.126193419061331
1.8315288538,0.00626594371881374,0.0580191868649646,0.0099903779878923,0.0682286112995159,-0.00372443426907856,-0.0102094244345513,0.016256321706706,0.12624779816448
1.8370621736,0.00647023330478878,0.0580146492202783,0.00982452405841495,0.0682887182571796,-0.00335429075362617,-0.0102740690369013,0.0162947573632037,0.126303367477458
1.8425954934,0.00667587394270479,0.0580118866302578,0.00965591707436916,0.0683479717290099,-0.00298004313166438,-0.0103360850987521,0.0163317910170739,0.126359858359268
1.8481288132,0.00688285557909753,0.0580107789778989,0.00948468126075071,0.0684062202771841,-0.00260182568165318,-0.0103954412992853,0.0163675368398482,0.126416999255083
1.853662133,0.00709116896420336,0.058011207251913,0.00931094511562151,0.0684633099842113,-0.00221977615141815,-0.0104521027322983,0.0164021140798249,0.126474517236124
1.8591954528,0.00730080184193791,0.0580130490096388,0.00913485115507267,0.0685190882132369,-0.00183404931313476,-0.0105060392035981,0.0164356529970106,0.126532137222876
1.8647287726,0.00751174370381977,0.0580161834207244,0.00895654501132788,0.0685733977724103,-0.00144480130750811,-0.0105572143516859,0.0164682887151477,0.126589581193135
1.8702620924,0.00772398566687779,0.0580204922274111,0.00877617698467357,0.0686260790854819,-0.00105219131779578,-0.0106055868580707,0.0165001626515514,0.126646571312893
1.8757954122,0.00793751606186023,0.0580258537253267,0.00859391302408356,0.0686769731044444,-0.000656396962223336,-0.0106511193791177,0.0165314290859438,0.126702826829771
1.881328732,0.00815232388167784,0.0580321462108738,0.00840992775503378,0.0687259168562237,-0.000257603873355945,-0.0106937706453499,0.0165622516367116,0.126758063067097
1.8868620518,0.00836839929107267,0.0580392502660108,0.00822440486574197,0.0687727459666324,0.000143994425330708,-0.0107334957006216,0.0165928041568146,0.126811996232643
1.8923953716,0.00858573248073204,0.0580470466473717,0.00803754117236131,0.0688172945163582,0.00054819130837073,-0.0107702478689865,0.0166232736530933,0.12686434116373
1.8979286914,0.00880431153591474,0.058055412935931,0.00784955235644111,0.0688593955653165,0.000954759179473633,-0.0108039826293855,0.0166538638923558,0.126914808501247
1.9034620112,0.00902412594813853,0.0580642697844731,0.00766066765645541,0.0688988467819069,0.00136345829168312,-0.0108345769974338,0.0166847936045939,0.12696311656638
1.908995331,0.00924516697681378,0.0580757768165081,0.00747113185722023,0.0689337729581167,0.00177403511959354,-0.0108579961416086,0.016716298834034,0.127009549774625
1.9145286508,0.00946742254479045,0.0580907601584841,0.00728121701337245,0.0689632725489803,0.002186205531418,-0.0108725123904962,0.0167486395581629,0.127054032707464
1.9200619706,0.00969088191049644,0.0581086062661059,0.0070912164600737,0.0689875149124931,0.00259966545042274,-0.0108789086463872,0.0167820983705701,0.127096121178599
1.9255952904,0.00991553542836569,0.0581287080121966,0.00690144886096121,0.069006677775429,0.00301408656740448,-0.0108779697632324,0.0168169842893269,0.127135385787626
1.9311286102,0.0101413727865656,0.0581504546024925,0.00671226478113558,0.0690209446654235,0.00342910800543003,-0.010870490062931,0.0168536375677012,0.127171399267916
1.93666193,0.0103683823831829,0.0581732402451,0.0065240512703674,0.0690305191003173,0.00384433111281551,-0.0108572788552173,0.0168924336535503,0.127203759345417
1.9421952498,0.0105965537136479,0.0581978933742927,0.00633723282163378,0.0690380785902619,0.00425932089201411,-0.0108401852159692,0.0169337865352817,0.127235971964555
1.9477285696,0.0108258781395008,0.0582249004132061,0.00615227605580033,0.0690457093181735,0.00467360208370044,-0.0108208089049674,0.0169781541953011,0.12727060973138
1.9532618894,0.0110563432444584,0.0582537103603398,0.0059697018506178,0.0690537216245039,0.00508664139384059,-0.0108000112641641,0.0170260450950762,0.127307431984844
1.9587952092,0.0112879385200394,0.0582837766018245,0.00579008409929488,0.0690624275418193,0.00549785442074452,-0.0107786509399949,0.0170780226193343,0.127346204143644
1.964328529,0.011520654481856,0.0583145505100955,0.00561405761636356,0.0690721391008295,0.00590659686549242,-0.010757588590734,0.0171347120982195,0.127386689610925
1.9698618488,0.0117544803725834,0.0583454833926131,0.00544232642455008,0.0690831726964791,0.00631215394803335,-0.010737689303866,0.0171968067971335,0.127428656089092
1.9753951686,0.011989404874622,0.0583760280137314,0.00527566852647902,0.069095846649345,0.00671373634814299,-0.0107198186356136,0.017265073401101,0.127471874663076
1.9809284884,0.0122254176918914,0.0584056364820178,0.00511494013238489,0.0691104809525909,0.00711047755950647,-0.0107048444705731,0.0173403578242763,0.127516117434609
1.9864618082,0.012462509645818,0.0584337578015579,0.00496108006825425,0.0691273995366293,0.00750142957756377,-0.0106936417350713,0.0174235897140723,0.127561157338187
1.991995128,0.0127006686517436,0.0584598465041165,0.00481511178890934,0.0691469243791527,0.00788555686283425,-0.0106870778750362,0.0175157804406529,0.127606770883269
1.9975284478,0.0129398842011863,0.0584833554605709,0.00467813942612432,0.0691693816034617,0.008261744775062,-0.0106860261428907,0.0176180236273106,0.127652737064033
2.0030617676,0.0131801469424227,0.0585037324869949,0.00455134147061787,0.0691951015098791,0.00862880547180486,-0.0106913690228842,0.0177314884130406,0.127698833996874
2.0085950874,0.0134214457296643,0.0585204310490999,0.00443595598544598,0.069224412749699,0.00898548974421835,-0.0107039817005991,0.0178574017151103,0.127744843798799
2.0141284072,0.0136637695011111,0.0585329055581213,0.00433325830194205,0.0692576454493458,0.00933051119916909,-0.0107247398912246,0.0179970278030532,0.127790551007467
2.019661727,0.0139071081406576,0.058540606348745,0.00424453091346693,0.0692951347711592,0.00966257722719071,-0.0107545284224142,0.0181516390541246,0.127835741119904
2.0251950468,0.0141514519866447,0.0585429802934235,0.00417102381069373,0.0693372212606064,0.00998042817595094,-0.0107942409671829,0.0183224757973384,0.12788020155403
2.0307283666,0.0143967892575248,0.0585394860354312,0.00411390348742797,0.069384238317056,0.0102828857700968,-0.0108447522816248,0.0185106927449528,0.127923724352487
2.0362616864,0.0146431094448164,0.0585295759877002,0.0040742040888152,0.0694365269609755,0.0105689053560012,-0.0109069509732753,0.0187173135336316,0.127966102948676
2.0417950062,0.0148904033009453,0.0585126931155204,0.00405277659714781,0.0694944395616693,0.0108376267037975,-0.0109817464461489,0.0189431798980931,0.12800713267719
2.047328326,0.0151386593486877,0.0584882957017241,0.0040502367144619,0.0695583189933185,0.0110884226342258,-0.0110700232915945,0.0191888960631496,0.128046614695043
2.0528616458,0.0153878667535296,0.0584558383190067,0.004066935367894,0.0696285141154889,0.0113209313856356,-0.0111726757964822,0.0194548021214236,0.128084352434496
2.0583949656,0.0156380155508263,0.0584147684152119,0.00410294318403745,0.0697053846219691,0.0115350723667888,-0.0112906162067572,0.0197409587348637,0.128120153037181
2.0639282854,0.0158890956528602,0.0583645333295388,0.00415805141350449,0.0697892947803739,0.0117310442393557,-0.0114247614508351,0.0200471470663647,0.128153828109913
2.0694616052,0.0161410955526817,0.0583045943313544,0.00423178987868431,0.0698806013674233,0.0119093056739974,-0.011576007036069,0.020372885431366,0.128185195698778
2.074994925,0.0163940047418087,0.0582340649036683,0.00432347004834134,0.0699799873191215,0.0120705346934674,-0.0117459224154532,0.0207174747901501,0.12821405222279
2.0805282448,0.0166478140483029,0.0581505594625505,0.00443223370937133,0.0700895125005186,0.0122155803389315,-0.011938953037968,0.0210800477576742,0.128240071963069
2.0860615646,0.0169025117205329,0.0580525951259207,0.00455709234423708,0.0702102984443205,0.0123454193762959,-0.0121577033183999,0.02145960406477,0.128262893570241
2.0915948844,0.0171580871227566,0.0579404600352558,0.004696986908203,0.0703420116920129,0.0124611002145536,-0.012401551656757,0.0218550740309596,0.128282471727269
2.0971282042,0.0174145304132756,0.0578149131548109,0.00485083108879607,0.0704839406479759,0.0125636993244795,-0.012669027493165,0.0222653615020716,0.128298853802787
2.102661524,0.0176718311353437,0.0576767232892135,0.00501754289854588,0.0706353604072978,0.0126542882367978,-0.0129586371180842,0.0226893740338896,0.128312083696511
2.1081948438,0.0179299780280933,0.0575266689144819,0.00519607131330343,0.0707955316762635,0.0127339067147898,-0.0132688627617816,0.0231260493413967,0.128322200590745
2.1137281636,0.0181889606260393,0.0573655170213973,0.0053854207735463,0.0709637202302267,0.012803539852493,-0.0135982032088293,0.0235743813995856,0.128329237251624
2.1192614834,0.0184487696753747,0.0571940226623854,0.00558466494308683,0.0711391991731382,0.0128641047322878,-0.0139451765107528,0.0240334346184615,0.128333221835524
2.1247948032,0.0187093933360791,0.0570129701873744,0.00579294048817721,0.0713212091227658,0.0129164528479019,-0.0143082389353915,0.0245023338242563,0.12833417931014
2.130328123,0.0189708210996713,0.0568231260070315,0.00600946226711963,0.0715089963989083,0.0129613588325517,-0.0146858703918769,0.024980283366791,0.12833212240594
2.1358614428,0.0192330432188857,0.0566252529930504,0.00623352056711197,0.0717018110131667,0.0129995226517737,-0.0150765580201163,0.0254665637859977,0.128327064006217
2.1413947626,0.0194960489249744,0.0564201229849471,0.00646447204656095,0.0718988860412843,0.0130315768784135,-0.0154787630563372,0.0259605209715354,0.128319009026231
2.1469280824,0.0197598271746387,0.0562085077224081,0.00670173797295795,0.0720994459382928,0.0130580892016807,-0.0158909382158847,0.0264615651475966,0.128307953660701
2.1524614022,0.0200249670199587,0.0559911740288222,0.00694434658558697,0.0723027153504736,0.0130806204343717,-0.0163115413216514,0.0269693136055456,0.128293889379296
2.157994722,0.0202921335807708,0.0557688875231798,0.00719140095592062,0.0725079159568839,0.0131007326248502,-0.0167390284337041,0.0274835345366915,0.128276803480064
2.1635280418,0.0205613594895998,0.055542422414167,0.00744255876473438,0.0727142535859912,0.0131188007248654,-0.0171718311718242,0.0280039182543342,0.128256676000158
2.1690613616,0.020832679306767,0.0553125417986677,0.00769751533401217,0.0729209260422635,0.0131351639727549,-0.0176083842435958,0.0285301946407792,0.128233467840931
2.1745946814,0.0211061301133714,0.055079915265588,0.00795599845993948,0.0731269655468663,0.013150131653432,-0.0180470502812783,0.0290621285733109,0.128206880812454
2.1801280012,0.0213817450827787,0.0548453427254572,0.00821776031125852,0.0733316159308606,0.0131639847715202,-0.0184862732054034,0.0295995053940373,0.128176958656318
2.185661321,0.0216595577528752,0.0546096988780477,0.00848257749796534,0.0735342508306568,0.0131769802549098,-0.0189245519526091,0.0301421352508405,0.128143949708704
2.1911946408,0.0219396036802385,0.0543738605193998,0.00875024926883041,0.0737342426719283,0.013189354411408,-0.0193603821525285,0.0306898529490689,0.128108103191328
2.1967279606,0.0222219192340681,0.0541387067394057,0.00902059411772526,0.0739309578196367,0.0132013251163429,-0.019792251080231,0.0312425133517934,0.128069664559042
2.2022612804,0.0225065362809375,0.0539051112531722,0.00929344448982001,0.074123760860853,0.0132130917911175,-0.0202186496076808,0.0317999807707576,0.128028872114025
2.2077946002,0.022793489381168,0.0536739484480787,0.0095686493585465,0.0743120111093934,0.0132248400226215,-0.0206380626613146,0.0323621387397145,0.127985959557472
2.21332792,0.0230828163638058,0.0534461019186809,0.00984607259036747,0.0744950630947459,0.0132367437734384,-0.021048961176065,0.0329288889541733,0.127941165013427
2.2188612398,0.023374549311292,0.0532224439045281,0.0101255865248761,0.0746722755147252,0.0132489627864159,-0.021449831610197,0.0335001358361681,0.127894719419253
2.2243945596,0.0236687221044899,0.0530038475007364,0.0104070750023964,0.0748430022268027,0.0132616471020934,-0.0218391547260663,0.0340757971068863,0.127846849727539
2.2299278794,0.0239653708923287,0.0527911935772947,0.0106904322933127,0.0750065939153754,0.013274938599016,-0.0222154003380807,0.0346558031856414,0.12779778749267
2.2354611992,0.0242645312642762,0.0525853624176421,0.0109755606083152,0.0751624001633663,0.0132889706559611,-0.0225770377457242,0.0352400918725914,0.127747762581008
2.240994519,0.0245662352742859,0.0523872221915603,0.0112623679622493,0.0753097800165446,0.0133038673120366,-0.0229225578249842,0.0358286032365352,0.127697002208105
2.2465278388,0.0248705174826792,0.0521976479552511,0.0115507702979007,0.0754480876899535,0.0133197471847785,-0.0232504397347024,0.03642128778058,0.127645735645205
2.2520611586,0.0251774165602278,0.0520175324385048,0.0118406912685911,0.0755766659813095,0.0133367252916367,-0.0235591335428047,0.0370181078288189,0.127594198419814
2.2575944784,0.0254869633108931,0.0518463534288892,0.0121320565683435,0.0756961338889832,0.0133549067425496,-0.023849780460094,0.0376190198792367,0.127542487317872
2.2631277982,0.0257991920522929,0.0516733544121232,0.0124247983676859,0.0758163573715195,0.013374393684607,-0.0241430029593963,0.0382239904199787,0.127489711783643
2.268661118,0.0261141396194842,0.0514967252707792,0.0127188542167188,0.0759391716184485,0.0133952854027654,-0.0244424463476692,0.038832993836203,0.127435896889228
2.2741944378,0.0264318406346495,0.0513173137251516,0.0130141647829223,0.0760640188431805,0.0134176758517272,-0.0247467051180289,0.0394460054175718,0.127381332568332
2.2797277576,0.0267523274328996,0.0511359680701357,0.0133106736180028,0.0761903415241185,0.0134416538148969,-0.0250543734539828,0.0400630010509024,0.127326309594254
2.2852610774,0.0270756348623833,0.0509535341186131,0.0136083285623876,0.0763175858405576,0.0134673062999956,-0.0253640517219445,0.0406839634247709,0.127271119959171
2.2907943972,0.0274018016658925,0.0507708589148232,0.0139070817300743,0.0764451975359716,0.0134947199358182,-0.0256743386211484,0.0413088833959668,0.127216056450795
2.296327717,0.027730858044837,0.0505887895957756,0.0142068852353378,0.0765726204545805,0.0135239728094992,-0.0259838308588048,0.0419377432801747,0.127161410050356
2.3018610368,0.0280628385595386,0.0504081720306734,0.0145076952528607,0.0766992991895679,0.0135551433066779,-0.0262911271588945,0.0425705338123993,0.127107471220241
2.3073943566,0.0283977808249598,0.0502298550294006,0.0148094711848172,0.076824674105169,0.0135883096401426,-0.0265948190757684,0.0432072520097769,0.12705452913457
2.3129276764,0.0287357183084428,0.0500546851798576,0.0151121733670504,0.0769481849039126,0.0136235449413924,-0.0268934997240549,0.0438478916754931,0.12700287008377
2.3184609962,0.0290766837200334,0.0498835070701262,0.0154157640144777,0.0770692710967543,0.0136609197055557,-0.0271857640266281,0.044492447734511,0.12695277816688
2.323994316,0.0294207125321892,0.0497171681003796,0.0157202079879172,0.0771873666675206,0.013700504544272,-0.027470198567141,0.0451409205201063,0.1269045347679
2.3295276358,0.0297678426440546,0.0495565209641256,0.0160254724398985,0.0773018971888478,0.0137423702041561,-0.0277453762247222,0.0457933150839532,0.126858418152973
2.3350609556,0.0301181044763782,0.0494024052835794,0.0163315243086921,0.0774122962111497,0.0137865801676861,-0.0280098909275703,0.0464496287850703,0.126814701494729
2.3405942754,0.0304715325894819,0.049255667483853,0.0166383331286971,0.0775179895050176,0.0138331994607848,-0.0282623220211647,0.047109865718179,0.126773656988871
2.3461275952,0.0308281654720103,0.0491171629800754,0.0169458706911334,0.0776183878554264,0.0138822947808769,-0.0285012248753511,0.0477740361631437,0.126735550835502
2.351660915,0.0311880352489111,0.0489877120910788,0.0172541087057343,0.0777129278965568,0.0139339265431768,-0.028725215805478,0.0484421439546454,0.126700639987636
2.3571942348,0.031551175098942,0.0488603746913539,0.017563020438998,0.0778071288343759,0.013988154659944,-0.0289467541430221,0.0491141955379399,0.12666750352573
2.3627275546,0.0319172863421774,0.0487295000134286,0.0178730151182677,0.0779054020585525,0.0140442712239097,-0.0291759020451238,0.0497903014604452,0.126634902071981
2.3682608744,0.0322830611657415,0.0485962898980319,0.0181884084565778,0.0780067570494385,0.0140946527091636,-0.0294104671514066,0.0504714696223193,0.12660304694747
2.3737941942,0.0326476999017523,0.0484619514716556,0.0185102621597171,0.0781102196765157,0.0141374377420351,-0.0296482682048601,0.0511579620614694,0.126572171148171
2.379327514,0.0330119093776864,0.0483276875557277,0.0188395567273873,0.0782148367387707,0.0141723526502991,-0.029887149183043,0.0518514661050737,0.126542524294498
2.3848608338,0.0333769433263427,0.0481947010103864,0.0191781799874391,0.0783196649444752,0.0141987633389036,-0.0301249639340888,0.0525551233137818,0.126514365954862
2.3903941536,0.0337428652045802,0.048064195456751,0.0195260440344352,0.0784237829376863,0.014216821170145,-0.0303595874809353,0.0532689092390154,0.126487978394437
2.3959274734,0.0341097090692785,0.047937374192145,0.0198830202925965,0.078526288930346,0.014226688776682,-0.030588914738201,0.053992729361875,0.126463663122491
2.4014607932,0.0344775098556539,0.0478154126725206,0.0202489882443492,0.0786262394392913,0.0142285216113046,-0.0308108267667707,0.0547264981000031,0.126441652111812
2.406994113,0.0348463021810254,0.0476989360735726,0.0206238233209444,0.0787217546295974,0.014222478860081,-0.0310228185560248,0.0554701255019698,0.12642069070317
2.4125274328,0.0352161193830285,0.0475888523454878,0.0210073898630926,0.0788114808083403,0.0142087295199359,-0.0312226284628525,0.0562235092461211,0.126400333153828
2.4180607526,0.0355869957215814,0.0474862842992908,0.0213995605664115,0.0788944409985687,0.0141874351551699,-0.0314081566992779,0.0569865562879929,0.12638072529786
2.4235940724,0.0359589672618086,0.0473903287350392,0.0218002211496704,0.0789715961154782,0.0141587461121382,-0.031581267380439,0.057759188411479,0.126361924850517
2.4291273922,0.0363320666171471,0.0472942884630601,0.0222092303304957,0.0790494013850575,0.0141228362866514,-0.0317551129219974,0.0585412969476428,0.126343689848118
2.434660712,0.0367063279992065,0.0471982738496619,0.0226264594976258,0.0791278198104909,0.0140798685015808,-0.031929545960829,0.0593327874968323,0.126326093660153
2.4401940318,0.0370817867451408,0.047103132995758,0.0230517870286505,0.0792061087982914,0.0140299997164903,-0.0321029758025334,0.0601335737737913,0.126309241794049
2.4457273516,0.0374584770698449,0.0470097150937257,0.0234850828772893,0.0792835245148576,0.0139733941925556,-0.0322738094211319,0.0609435599471342,0.126293239608583
2.4512606714,0.0378364323114413,0.0469188671088585,0.0239262116227406,0.0793593239781054,0.0139102206887008,-0.0324404568692469,0.0617626439341819,0.126278191086964
2.4567939912,0.0382156869292328,0.0468314368909292,0.0243750448550001,0.0794327608542102,0.0138406420742327,-0.0326013239632811,0.0625907317842329,0.126264197745139
2.462327311,0.0385962770393329,0.0467482784628781,0.0248314626455703,0.0795030807748858,0.0137648143937626,-0.0327548023120077,0.0634277396849032,0.126251359237764
2.4678606308,0.0389782349564967,0.046670234287201,0.0252953233705994,0.0795695381601246,0.0136829115858973,-0.0328993038729236,0.0642735583270961,0.126239772447326
2.4733939506,0.0393615949406419,0.0465981518661249,0.0257664965794035,0.0796313811944908,0.0135950983612384,-0.0330332293283659,0.0651280915200455,0.126229533060616
2.4789272704,0.0397436905162895,0.046532886176039,0.0262456845451547,0.0796878477685917,0.0134980059711348,-0.0331549615925527,0.0659893750614442,0.126220733944631
2.4844605902,0.0401219117149093,0.0464752830739379,0.0267335433521943,0.0797381822088503,0.0133883683627149,-0.0332628991349123,0.0668554550671036,0.126213465282788
2.48999391,0.0404964997522136,0.0464261860763362,0.0272298569535897,0.0797816286715046,0.0132666427986238,-0.0333554425951684,0.0677263567058033,0.126207814747841
2.4955272298,0.0408676939917231,0.0463864458387297,0.0277344257151659,0.0798174222147287,0.0131332682765571,-0.033430976375999,0.068602119706889,0.126203868053458
2.5010605496,0.0412357323222758,0.0463569209204686,0.0282470619997911,0.079844788623538,0.0129886703224847,-0.0334878677030693,0.0694827943220669,0.126201709544007
2.5065938694,0.0416008596036002,0.0463384465207706,0.0287675660240398,0.0798629717441805,0.0128332935795604,-0.0335245252234099,0.0703684256276399,0.126201418264951
2.5121271892,0.0419633162814125,0.0463318699255051,0.0292957533894511,0.0798712026163961,0.0126675628919614,-0.033539332690891,0.0712590696708636,0.126203072541901
2.517660509,0.0423233400313032,0.0463380554260849,0.0298314524025355,0.0798686949772343,0.0124918876287677,-0.0335306395511493,0.0721547924338387,0.126206750403319
2.5231938288,0.0426811739141855,0.0463578408042605,0.0303744776669408,0.0798546834560003,0.0123066962472447,-0.0334968426517398,0.0730556515811264,0.126212524260261
2.5287271486,0.043037059305643,0.0463920684267439,0.0309246494661852,0.0798283964967577,0.0121124098394578,-0.0334363280700137,0.0739617087718282,0.126220464923502
2.5342604684,0.043391235862703,0.0464415941963087,0.0314817953741421,0.0797890487795639,0.0119094404885608,-0.0333474545832552,0.0748730312368451,0.126230642975873
2.5397937882,0.0437439437046814,0.0465072764681824,0.032045742946557,0.0797358510249333,0.0116982007581244,-0.0332285745567509,0.0757896866512384,0.126243127493116
2.545327108,0.044095425167322,0.0465899454772832,0.0326163082012128,0.0796680362735458,0.0114791169661092,-0.0330780907962625,0.0767117333685348,0.126257981750829
2.5508604278,0.0444459206963417,0.0466904483881733,0.0331933139249926,0.0795848211339782,0.011252606771349,-0.0328943727458048,0.0776392346213343,0.126275269522151
2.5563937476,0.044795669995799,0.0468096611062676,0.0337765903133109,0.079485396339011,0.0110190796824881,-0.0326757352327434,0.0785722603091099,0.126295057445279
2.5619270674,0.045144914887161,0.046948408645065,0.034365949076748,0.0793689949166438,0.010778965810413,-0.0324205862715788,0.0795108639639089,0.126317403561709
2.5674603872,0.0454938959569886,0.0471075345204535,0.0349612070243483,0.0792348322793705,0.0105326889326403,-0.032127297758917,0.0804551029813369,0.126342366799824
2.572993707,0.0458428538082504,0.0472879023240375,0.0355621839851013,0.0790821062875978,0.0102806698231492,-0.0317942039635603,0.0814050377933517,0.126370008611635
2.5785270268,0.0461920294858711,0.0474903654663918,0.0361686941472061,0.0789100226291398,0.010023335338665,-0.031419657162748,0.0823607236330773,0.126400388095532
2.5840603466,0.0465416634540451,0.0477157515171116,0.0367805436847064,0.0787178082878411,0.00976111976933865,-0.0310020567707295,0.0833222071387515,0.126433559804953
2.5895936664,0.0468919961627464,0.0479649077270132,0.037397541493066,0.0785046729685128,0.00949445466968041,-0.0305397652414996,0.0842895376558124,0.126469580695526
2.5951269862,0.0472432699841643,0.0482387235769595,0.0380195015588406,0.0782697906783058,0.00922376842532369,-0.0300310671013463,0.0852627715430049,0.126508514255265
2.600660306,0.0475957242082223,0.0485349045485213,0.0386462196521921,0.0780151566995879,0.00894950455603021,-0.0294802521510666,0.0862419438604145,0.126550061248109
2.6061936258,0.0479495992806376,0.0488461341102608,0.0392774973437196,0.0777472066811609,0.00867210193691796,-0.0289010725709001,0.0872270966243572,0.126593340791422
2.6117269456,0.0483051374027516,0.0491731331446323,0.0399131375589447,0.0774652523878614,0.0083919998438069,-0.028292119243229,0.0882182749616963,0.126638385532494
2.6172602654,0.048662579240232,0.0495145015388197,0.0405529359053974,0.0771704010355735,0.00810964333483464,-0.0276558994967538,0.0892155151456293,0.126684902574393
2.6227935852,0.0490221640381564,0.0498639643008534,0.0411966840786085,0.0768678935365342,0.00782547995954792,-0.0270039292356809,0.0902188481167648,0.126731857837388
2.628326905,0.0493841327623445,0.0502216941575378,0.0418441754091667,0.0765575201772233,0.00753995735317783,-0.0263358260196855,0.0912283081715112,0.126779214334761
2.6338602248,0.0497487295707851,0.0505883184213615,0.042495204478142,0.0762387509913765,0.00725352509264317,-0.025650432570015,0.0922439340489271,0.126827069412738
2.6393935446,0.0501161914517568,0.0509648418087298,0.043149554937727,0.0759117744104552,0.00696663651402981,-0.0249469326017254,0.0932657463894838,0.126876616219185
2.6449268644,0.0504867588509762,0.051352013423293,0.0438070139789054,0.0755763032321028,0.00667974487207084,-0.0242242898088098,0.0942937728298816,0.126928316655396
2.6504601842,0.0508606762205934,0.051750436236561,0.0444673701486388,0.0752317620284803,0.00639330607195461,-0.0234813257919193,0.0953280463692322,0.126982198265041
2.655993504,0.0512381825421505,0.0521606954248229,0.0451304056549266,0.0748775896777172,0.00610777688722392,-0.0227168942528943,0.0963685881970771,0.12703828510254
2.6615268238,0.0516195164940421,0.0525833757296065,0.045795902117455,0.0745132234200816,0.0058236143765871,-0.0219298476904751,0.0974154186114971,0.127096599149688
2.6670601436,0.0520049202103685,0.0530190727007568,0.0464636423541734,0.0741380876027678,0.00554127785619509,-0.021119014902011,0.0984685625645418,0.127157160303525
2.6725934634,0.0523946383300486,0.0534683894079201,0.0471334088166204,0.0737515969219755,0.00526122951342818,-0.0202832075140554,0.0995280471466691,0.127219986329896
2.6781267832,0.0527889061921509,0.0539319001560783,0.0478049793137496,0.0733531882502359,0.00498392687840132,-0.0194212880941577,0.100593885505901,0.127285088406314
2.683660103,0.0531879642423915,0.0544101954292204,0.0484781338502491,0.072942281493063,0.00470983039214234,-0.0185320860638426,0.101666098092641,0.127352476922283
2.6891934228,0.0535920598361631,0.0549038862479584,0.0491526535524785,0.0725182749253785,0.00443940628368456,-0.0176143886774201,0.102744713388642,0.127422161173337
2.6947267426,0.0540014289660136,0.0554135492429326,0.0498283162704682,0.0720805945431872,0.00417311269554541,-0.0166670453002547,0.103829745236482,0.12749414378612
2.7002600624,0.0544163103960897,0.055939769755836,0.0505049011534772,0.0716286566883341,0.00391140924261242,-0.0156888869324981,0.104921211549567,0.12756842644417
2.7057933822,0.0548369480812048,0.0564831484551899,0.0511821882885371,0.0711618622328088,0.00365475979266764,-0.0146787137776189,0.106019136369742,0.127645010687999
2.711326702,0.0552635858363419,0.057044285427806,0.0518599576638378,0.0706796116962088,0.00340362817250408,-0.0136353262684028,0.10712354350018,0.127723897124015
2.7168600218,0.0556964580037913,0.057623752920807,0.0525379894126265,0.0701813300251146,0.00315846859116478,-0.0125575771043077,0.108234447416418,0.127805082945922
2.7223933416,0.05613580502927,0.0582221412835806,0.0532160651711794,0.0696664272419261,0.00291973985809055,-0.0114442859583456,0.109351870200449,0.127888568525507
2.7279266614,0.0565818778238468,0.0588400711878179,0.053893966971923,0.0691342889971515,0.00268791085192378,-0.0102942178093336,0.11047584479577,0.127974360184969
2.7334599812,0.0570349080862079,0.0594781074205567,0.0545714784871446,0.0685843538725194,0.00246342959906333,-0.00910624645196272,0.111606386573353,0.128062461293076
2.738993301,0.0574951353186852,0.0601368375256333,0.0552483849043772,0.0680160456455983,0.00224675041430803,-0.00787920811996501,0.112743520223062,0.128152883171232
2.7445266208,0.0579628059492405,0.0608168690332203,0.0559244721423635,0.0674287781873038,0.00203833380687701,-0.00661190915408345,0.113887278091604,0.128245647220524
2.7500599406,0.0584381616640511,0.0615187957023415,0.0565995280833692,0.0668219870642241,0.00183863358068188,-0.00530319136188265,0.11503768974742,0.128340782766566
2.7555932604,0.0589214364610648,0.0622431893242385,0.0572733438616174,0.0661951391266836,0.00164809259944742,-0.00395194980244519,0.116194780322682,0.128438328450922
2.7611265802,0.0594128712332338,0.062990641474266,0.0579457119548056,0.0655476988049461,0.00146715927842819,-0.00255705733068007,0.117358583188039,0.128538340279212
2.7666599,0.0599127197580318,0.0637654809113213,0.0586164243691324,0.0648758004960549,0.00129629538889942,-0.00111031958473358,0.118529144127164,0.128641281407376
2.7721932198,0.0604212094771203,0.064571962342448,0.0592852808788788,0.0641757078787677,0.00113592859824155,0.000396254463680273,0.119706490355999,0.128747670221216
2.7777265396,0.0609385808362159,0.0654087622223035,0.0599520816851943,0.0634487393670124,0.000986499151021607,0.00196002285529112,0.12089066252141,0.128857501589316
2.7832598594,0.061465083388862,0.0662745586264043,0.060616627523065,0.0626962415420333,0.000848455865797036,0.00357831708437097,0.122081710911927,0.128970800168438
2.7887931792,0.0620009553875631,0.0671679905329867,0.0612787249279716,0.0619196168937101,0.000722230459591487,0.00524837363927662,0.123279680315535,0.129087607426697
2.794326499,0.0625464311383584,0.0680876888596309,0.0619381851233166,0.0611202908291018,0.000608246015041822,0.00696739803052916,0.124484616261675,0.129207979688733
2.7998598188,0.063101753577253,0.0690323102086407,0.0625948206169475,0.0602996780919669,0.000506932960305517,0.00873263211667388,0.1256965741942,0.129331988300608
2.8053931386,0.0636671752131049,0.0700005304885984,0.0632484445547106,0.0594591836670041,0.000418730658394303,0.0105413468215944,0.126915619767815,0.129459714155602
2.8109264584,0.0642429227131376,0.070990965235726,0.0638988820933327,0.0586002655338239,0.00034404061980492,0.0123906997019021,0.12814180480647,0.12959123076955
2.8164597782,0.0648292365230683,0.0720022647516968,0.0645459585901457,0.0577243467681836,0.000283277932922626,0.0142779179835132,0.129375195113214,0.12972661151988
2.821993098,0.0654263248277402,0.0730331018057781,0.0651895166097564,0.0568328250268228,0.000236808217983858,0.0162002767789553,0.130615841437497,0.129865926832601
2.8275264178,0.0660286846651219,0.0740821107400348,0.0658315673568341,0.0559271164754464,0.000197117308287836,0.0181549942645884,0.131860252021956,0.130009227215481
2.8330597376,0.0666324740235493,0.0751479324133138,0.0664734389618713,0.0550086123989948,0.000159035061678067,0.020139320014319,0.133105912985421,0.130156544812309
2.8385930574,0.0672379283847771,0.076229224081023,0.0671148961202022,0.0540786683886346,0.000123032264574968,0.0221505556923884,0.134352824504979,0.130307892469658
2.8441263772,0.0678452843247804,0.0773246450607593,0.0677557070989575,0.053138610576853,8.95772258229094e-05,0.0241860344839062,0.135600991423738,0.130463255637612
2.849659697,0.0684547744784164,0.0784328269218663,0.068395645637754,0.0521897550559247,5.91288406623924e-05,0.0262430718659416,0.13685042011617,0.130622581977791
2.8551930168,0.0690666334911329,0.0795524775541685,0.0690344882246659,0.0512334630503779,3.21452664670402e-05,0.0283190145037906,0.138101121715799,0.130785940604546
2.8607263366,0.0696810998646055,0.0806823355895007,0.0696720122233245,0.0502710734781215,9.08764128103312e-06,0.0304112621113792,0.13935311208793,0.130953409067622
2.8662596564,0.0702984058878519,0.0818210654037444,0.070308000943713,0.0493038172834302,-9.5950558611918e-06,0.0325172481203142,0.140606406831565,0.131124882687175
2.8717929762,0.070918785462766,0.0829673418342704,0.0709422393826216,0.0483328630848574,-2.34539198555872e-05,0.034634478749413,0.141861024845388,0.131300204919128
2.877326296,0.0715424754812756,0.0841198465965649,0.0715745128452926,0.0473593171829435,-3.20373640170235e-05,0.0367605294136214,0.143116988326568,0.131479163779508
2.8828596158,0.0721697124485342,0.0852772569547408,0.0722046085943867,0.0463842268035778,-3.48961458525449e-05,0.038893030151163,0.144374321042921,0.131661483758319
2.8883929356,0.0728007276600478,0.0864382444013638,0.0728323188288301,0.045408578251065,-3.15911687822634e-05,0.0410296661502987,0.145633046488878,0.131846822652429
2.8939262554,0.0734357557612643,0.0876017410418256,0.07345743512868,0.0444330134009567,-2.1679367415664e-05,0.0431687276408689,0.146893190889944,0.132034754442782
2.8994595752,0.0740750383571416,0.0887730965493005,0.0740797456052721,0.0434512440855742,-4.70724813048107e-06,0.0453218524637263,0.148154783962414,0.132224340634875
2.904992895,0.0747188042796567,0.0899535840671523,0.0746990479021582,0.0424609499661491,1.97563774984866e-05,0.0474926341010032,0.149417852181815,0.132414534033301
2.9105262148,0.0753672877844617,0.0911414158557069,0.0753151370572627,0.0414629451440502,5.21507271989408e-05,0.0496784707116567,0.150682424841724,0.132604360999757
2.9160595346,0.0760207278103523,0.0923348090657235,0.075927805631462,0.0404579965314977,9.29221788902729e-05,0.0518768125342258,0.151948533441814,0.132792805597221
2.9215928544,0.0766793595182705,0.0935319729235638,0.0765368494162165,0.039446844998557,0.000142510102054003,0.0540851279250069,0.153216208934487,0.132978817922121
2.9271261742,0.077343413501066,0.0947311161878391,0.0771420680465948,0.0384302061605515,0.000201345454471286,0.0563009100272876,0.154485481547661,0.133161322348391
2.932659494,0.0780131250048441,0.0959304522734193,0.0777432584249699,0.0374087633183582,0.000269866579874198,0.0585216889550612,0.155756383429814,0.133339215591777
2.9381928138,0.0786887375725676,0.0971284053114785,0.0783402118733057,0.0363830598192321,0.000348525699261915,0.0607453454922465,0.157028949445873,0.133511465130711
2.9437261336,0.0793704771077554,0.0983462972067487,0.0789327327978843,0.0353412545687437,0.000437744309871188,0.0630050426380051,0.15830320990564,0.133687551775492
2.9492594534,0.0800585782558552,0.0995978658768692,0.0795206197225097,0.0342766163266551,0.000537958533345428,0.0653212495502141,0.159579197978365,0.133874482203524
2.9547927732,0.0807532826392262,0.100880721791115,0.0801036663514974,0.0331915837505189,0.000649616287728846,0.0676891380405961,0.160856948990724,0.134072305541634
2.960326093,0.0814548228012083,0.102192427685446,0.0806816733345101,0.0320886984482823,0.000773149466698153,0.0701037292371637,0.162136496135718,0.134281126133728
2.9658594128,0.0821634292686894,0.103530544495984,0.0812544431792511,0.0309705704579853,0.000908986089438249,0.0725599740379985,0.16341787244794,0.134501114953969
2.9713927326,0.0828793389149246,0.10489265927683,0.0818217740243728,0.029839858428129,0.0010575648905518,0.075052800848701,0.164701112939297,0.134732517704959
2.9769260524,0.0836027947781026,0.106276370948685,0.082383459685208,0.0286992810210216,0.00121933509289458,0.0775770899276635,0.165986254463311,0.134975651969707
2.9824593722,0.0843340216393671,0.107679227633873,0.0829393080342377,0.0275516665711742,0.00139471360512941,0.0801275610626991,0.167273329673605,0.135230894205048
2.987992692,0.0850732541441658,0.109098809865251,0.0834891199936349,0.0263998962073173,0.00158413415053095,0.0826989136579334,0.168562374137801,0.135498706072568
2.9935260118,0.0858207372351167,0.110532712916231,0.0840326891073741,0.0252469228600863,0.00178804812774268,0.085285790056145,0.169853426342491,0.135779635776318
2.9990593316,0.0865766995645664,0.111978501188471,0.0845698217526074,0.0240958161210172,0.00200687781195898,0.0878826850674541,0.171146521317174,0.136074317309489
3.0045926514,0.087340872241792,0.113433749077062,0.0851009703271531,0.0229497435559041,0.00223990191463889,0.0904840055211577,0.172441842568945,0.136383492632966
3.0101259712,0.0881106187238616,0.114896039507848,0.0856296594870466,0.0218119853626962,0.00248095923681499,0.0930840541451523,0.173740278210908,0.136708024870545
3.015659291,0.0888856639936508,0.116362951132765,0.0861563629460843,0.0206859626797201,0.00272930104756652,0.0956769884530449,0.175042026939735,0.137048913812485
3.0211926108,0.0896661786355793,0.117832056425641,0.0866809714088642,0.0195752723191442,0.00298520722671507,0.0982567841064972,0.176347150044443,0.137407328744785
3.0267259306,0.0904523391542058,0.119300936011945,0.0872033762154886,0.0184836975290372,0.0032489629387172,0.100817238482908,0.177655715369694,0.137784633540982
3.0322592504,0.0912443305035859,0.120767163399358,0.0877234682889484,0.0174152469911372,0.00352086221463746,0.103351916408221,0.178967798792534,0.138182410390495
3.0377925702,0.0920423226862997,0.122228317841511,0.0882411479439167,0.0163742168053515,0.00380117474238297,0.10585410103616,0.180283470630216,0.138602534646863
3.04332589,0.0928464908282487,0.123681980627591,0.0887563171067783,0.0153652242196977,0.00409017372147041,0.108316756407894,0.181602807935027,0.139047204847289
3.0488592098,0.0936570158928867,0.125125723908016,0.0892688791023526,0.0143932631262443,0.00438813679053415,0.110732460781772,0.182925894995239,0.139518987034261
3.0543925296,0.0944740766136883,0.126557119277998,0.0897787423095831,0.013463766168125,0.00469533430410519,0.113093353109873,0.184252818923271,0.140020885446123
3.0599258494,0.0952978433762623,0.127973756997999,0.0902858232203363,0.0125826636418919,0.00501202015592597,0.115391093356107,0.185583666596599,0.140556420639891
3.0654591692,0.096128492685168,0.129373217731233,0.090790040471032,0.0117563980483248,0.00533845221413598,0.117616819682908,0.1869185331562,0.141129615779558
3.070992489,0.0969662126374801,0.130753046654778,0.0912913125575607,0.0109918851428993,0.00567490007991943,0.119761161511879,0.188257525195041,0.141744931797677
3.0765258088,0.0978111690179818,0.132110851058848,0.0917895732819617,0.010296472850757,0.00602159573602006,0.121814378208091,0.189600742299944,0.142407323909605
3.0820591286,0.0986635380273521,0.133444215538309,0.0922847575404566,0.00967765765717634,0.00637878048689547,0.123766557881133,0.190948295567809,0.143121873195486
3.0875924484,0.0995235029774102,0.134751027460598,0.0927768030040491,0.00914281130563744,0.00674669997336107,0.125608216154961,0.192300305981459,0.143893838766235
3.0931257682,0.100391239973142,0.13602905573937,0.0932656569446974,0.0086981464601357,0.00712558302844464,0.127330909279234,0.193656896917839,0.144727202199506
3.098659088,0.10126691968028,0.13727584460499,0.0937512758297614,0.00834804065810892,0.00751564385051837,0.128927803946881,0.195018195510041,0.145623885263099
3.1041924078,0.102150719853214,0.138489513142003,0.0942336199359415,0.00809535742467541,0.00791709991727226,0.130394155717327,0.196384339789155,0.146584870566678
3.1097257276,0.103042828461478,0.139683671398719,0.0947126522382823,0.00796585451449334,0.00833017622319608,0.131717816884225,0.197755480699761,0.147649525913212
3.1152590474,0.103943409863686,0.1408645405558,0.0951883543109871,0.00797268248678817,0.008755055552699,0.132891858069012,0.199131764174673,0.148837223042589
3.1207923672,0.104852640564396,0.142031607567934,0.0956607102828475,0.00811212646531445,0.00919193028154802,0.133919481102619,0.200513350847243,0.150143734033248
3.126325687,0.105770706702726,0.143184341878091,0.0961297083787852,0.00837409192587395,0.00964099832394043,0.134810249952217,0.201900415081511,0.151558433803965
3.1318590068,0.106697780797306,0.144322236128227,0.0965953519758714,0.00874407564986735,0.0101024288214343,0.13557816047836,0.203293132773177,0.153066311778095
3.1373923266,0.107634034272925,0.145444785367136,0.0970576542210566,0.00920556115323875,0.0105763800518683,0.136239224213898,0.204691688493982,0.154650346520375
3.1429256464,0.108579646916619,0.146551470103849,0.0975166341353633,0.00974206362616452,0.0110630127812554,0.136809406477684,0.206096281051982,0.156293533730013
3.1484589662,0.109534804700874,0.147641759795233,0.0979723180934507,0.0103384510538217,0.0115624866074232,0.137303308741411,0.207507122794325,0.157980210849054
3.153992286,0.110499671948706,0.148715161786372,0.0984247527599595,0.0109815908365972,0.012074919188746,0.137733570949774,0.208924424708665,0.159696752622969
3.1595256058,0.111474425164673,0.149777351784722,0.0988739902092431,0.0116615557958508,0.0126004349554295,0.138115795988871,0.210348415373916,0.161438907580572
3.1650589256,0.112459253794126,0.150836999757416,0.0993200882127308,0.0123736053346076,0.0131391655813954,0.138463394422808,0.211779342006857,0.163210605092023
3.1705922454,0.113454298912453,0.151893890782428,0.0997631325096691,0.0131142098099152,0.0136911664027835,0.138779680972513,0.213217431422122,0.165008100592343
3.1761255652,0.114458708333571,0.152947719384974,0.100203456424899,0.0138804215199825,0.0142552519086716,0.139067297864992,0.214662164758469,0.166828140904957
3.181658885,0.11547187409,0.153998177321918,0.100641318306158,0.0146697780728518,0.0148305557838412,0.139328399249066,0.216113192396158,0.16866795539477
3.1871922048,0.116493625046741,0.155044955774414,0.101076866990342,0.0154802223147087,0.0154167580563986,0.139564733459706,0.217570492037083,0.170525178089123
3.1927255246,0.11752377586459,0.156087751953178,0.101510258466904,0.0163100368282162,0.0160135173976855,0.139777715124962,0.219034034331494,0.172397788781394
3.1982588444,0.118562150897023,0.157126259265077,0.101941644215828,0.0171577602286026,0.0166205066811948,0.139968499036475,0.220503795112852,0.17428401949368
3.2037921642,0.119608585979769,0.15816016503846,0.102371169780679,0.0180221365657257,0.0172374161990903,0.140138028472735,0.221979755760448,0.176182301604186
3.209325484,0.120662894931297,0.159189167967202,0.10279899087083,0.0189020977177056,0.0178639040604672,0.140287070249497,0.223461885802127,0.178091265684908
3.2148588038,0.12172490059174,0.160212961968501,0.103225257987677,0.019796708137611,0.0184996426040629,0.14041625383089,0.224950158579417,0.180009670106112
3.2203921236,0.122794432690798,0.161231237172155,0.10365011698726,0.020705138400406,0.0191443157035378,0.140526098771749,0.226444549678057,0.181936375572561
3.2259254434,0.123871316512951,0.162243685829068,0.104073714460352,0.0216266521041746,0.0197976020525988,0.140617033724894,0.227945030973302,0.183870337933243
3.2314587632,0.12495536953835,0.163250005920927,0.104496199360742,0.0225605897062918,0.0204591701776073,0.140689416214635,0.229451568899092,0.185810595627219
3.236992083,0.126046416159085,0.164249890773089,0.104917715197835,0.0235063459097766,0.02112870096125,0.140743544863313,0.230964131356919,0.187756236682866
3.2425254028,0.12714429158881,0.165243024244044,0.105338397421854,0.024463355518925,0.0218058941669556,0.140779668725119,0.232482689010664,0.189706379762969
3.2480587226,0.128248808716112,0.166229109641148,0.10575839096747,0.0254311023115779,0.0224904177486419,0.14079800732957,0.234007199683581,0.191660211952726
3.2535920424,0.129359791894466,0.167207839477063,0.106177832078357,0.0264090963991338,0.023181959816109,0.14079874307793,0.235537623972823,0.193616935876197
3.2591253622,0.130477071138133,0.168178901809719,0.106596850886143,0.0273968653166257,0.02388022025199,0.140782036493093,0.237073922024276,0.195575767126345
3.264658682,0.131600469104284,0.169141991235681,0.10701557847588,0.0283939602863099,0.0245848906284044,0.140748030949371,0.238616047580164,0.197535951521991
3.2701920018,0.132729805615819,0.170096805676498,0.107434144384676,0.0293999500695645,0.0252956612311433,0.140696855606933,0.240163950000496,0.199496755746062
3.2757253216,0.133864906140179,0.171043037123683,0.107852671448397,0.0304144110983465,0.0260122346917822,0.140628626025337,0.241717577588577,0.20145744822203
3.2812586414,0.135005601682127,0.171979256724209,0.108271275318837,0.0314364481699325,0.0267343263632904,0.140542808554276,0.243276877000964,0.203415704894141
3.2867919612,0.13615170826379,0.172895345590793,0.108690076979388,0.0324618349482804,0.0274616312844011,0.140433510642513,0.244841785243178,0.205357180539073
3.292325281,0.137303050238642,0.173789506228687,0.109109188435947,0.0334905404663953,0.0281938618026947,0.140298965762292,0.246412238674589,0.207280046695082
3.2978586008,0.138459457428899,0.174662457219786,0.109528713818533,0.0345235294035333,0.0289307436103656,0.140138927816252,0.247988171247432,0.209185986623319
3.3033919206,0.139620750817635,0.17551504515079,0.109948758673675,0.0355614797799819,0.0296719921439607,0.139953565370808,0.24956950949131,0.211076524930772
3.3089252404,0.140786752093893,0.176348288821435,0.110369423821889,0.0366046396563329,0.0304173282720035,0.139743649165102,0.251156175915782,0.212952928477768
3.3144585602,0.141957287323858,0.177163001379103,0.110790802447031,0.0376534198782384,0.0311664848768272,0.139509581500864,0.25274808977089,0.214816421257341
3.31999188,0.143132184256615,0.177959979197104,0.111212981511204,0.0387081071215913,0.0319192027454111,0.139251872075512,0.25434516576782,0.216668086318695
3.3255251998,0.144311261571224,0.178740053084703,0.111636050032249,0.0397688655626295,0.0326752115389748,0.138971187522074,0.255947311603474,0.218508918647332
3.3310585196,0.14549434362116,0.179504031117082,0.112060087960916,0.0408357223991539,0.033434255660244,0.138668308717928,0.257554431582077,0.220339753516236
3.3365918394,0.146681259559989,0.180252705051867,0.112485165937603,0.041908570520781,0.0341960936223856,0.138344134531086,0.259166425497592,0.222161275572648
3.3421251592,0.147871829649896,0.180986899519576,0.112911356892969,0.0429871971422795,0.0349604727569274,0.137999702377297,0.260783186542865,0.223974096661856
3.347658479,0.149065876969462,0.18170742743032,0.113338726404707,0.0440712747291689,0.0357271505647554,0.137636152701151,0.262404603374169,0.225778702159489
3.3531917988,0.150263227707015,0.182415091461339,0.113767331744518,0.0451603631459029,0.0364958959624962,0.137254728315437,0.264030559451533,0.227575454607242
3.3587251186,0.151463707309167,0.183110697064766,0.114197225150901,0.0462539239917008,0.0372664821582658,0.136856773073065,0.265660932460068,0.229364621056466
3.3642584384,0.152667136635309,0.183795065721794,0.114628458372337,0.0473513361810038,0.0380386782629723,0.13644372954079,0.267295595007646,0.231146401902798
3.3697917582,0.153873340038916,0.184469005909235,0.115061074203458,0.0484518886148797,0.0388122658354575,0.136017117294355,0.268934414242374,0.232920894524115
3.375325078,0.155082145528296,0.185133314672507,0.115495104915027,0.0495547811242116,0.0395870406132686,0.135578533548296,0.270577250443323,0.234688095796719
3.3808583978,0.156293373597961,0.18578881460889,0.115930586564808,0.0506591616327474,0.0403627870331523,0.135129652976143,0.272223960162769,0.236447976241638
3.3863917176,0.157506848239421,0.186436315136654,0.116367545556231,0.0517641084968281,0.0411393026831905,0.134672206639826,0.273874393795652,0.238200423633482
3.3919250374,0.158722395286541,0.187076621089062,0.11680599954017,0.0528686342399896,0.0419163957463715,0.134207986849073,0.275528394826711,0.239945255329052
3.3974583572,0.159939838836676,0.187710542793034,0.117245962732938,0.0539717062974243,0.0426938761037381,0.133738836495609,0.277185801569613,0.241682249090458
3.402991677,0.161159001452937,0.188338894596412,0.117687446837728,0.0550722575849914,0.0434715546152092,0.133266637011421,0.278846448290664,0.243411152181404
3.4085249968,0.162379707563163,0.188962485060691,0.118130454756725,0.0561691764814206,0.044249252806438,0.13279330857927,0.280510162319888,0.245131661542112
3.4140583166,0.163601783330713,0.189582119293833,0.118574978504283,0.0572613037340316,0.0450268048264303,0.132320815559802,0.282176761834996,0.246843423027865
3.4195916364,0.164825050658722,0.19019861301401,0.11902101510151,0.0583474869410998,0.0458040355572117,0.13185112607291,0.283846065760232,0.24854609995511
3.4251249562,0.166049333900663,0.190812774535714,0.119468550419795,0.0594265405760898,0.046580783480868,0.131386233959624,0.285517884320459,0.250239315111804
3.430658276,0.167274458059332,0.19142541285755,0.119917561119676,0.0604972517457213,0.0473568969396559,0.130928161111828,0.287192019179008,0.251922664603271
3.4361915958,0.168500246836034,0.19203764505242,0.120368022631602,0.0615589017969759,0.0481322242044321,0.130478743255444,0.288868269467637,0.253596546849396
3.4417249156,0.169726524021001,0.192653067218656,0.120819906112403,0.0626147362935182,0.0489066179085982,0.130038330925138,0.290546430133404,0.255267803512174
3.4472582354,0.170953114001791,0.193273472057689,0.12127317376809,0.0636651518073164,0.049679940233701,0.129608320250373,0.292226287769881,0.256938623865006
3.4527915552,0.172179840964134,0.19390005780061,0.12172777873275,0.0647095870451639,0.0504520622313841,0.129190470755446,0.293907619696884,0.258609644845774
3.458324875,0.173406528829073,0.194531352639968,0.122183678100834,0.0657481421273176,0.0512228507282388,0.12878321051265,0.295590206929907,0.260279494767285
3.4638581948,0.174633001950082,0.195156258627503,0.122640818294207,0.0667833636179503,0.051992183655875,0.128372895009553,0.297273820244289,0.261939622245454
3.4693915146,0.17585908402228,0.195773638929055,0.12309913563048,0.0678156368157434,0.0527599483918,0.127958002113311,0.298958219652759,0.263589275744798
3.4749248344,0.177084599304137,0.196383812188048,0.123558568194993,0.0688450221308293,0.0535260311091432,0.127538790057219,0.30064316749913,0.265228834318877
3.4804581542,0.178309372336396,0.196987094783285,0.124019048005263,0.0698715758779547,0.0542903243311324,0.12711551890533,0.302328420341659,0.266858670661239
3.485991474,0.17953322698973,0.19758379705734,0.124480498068207,0.0708953470982137,0.0550527289215232,0.126688449959127,0.304013725057937,0.268479144155554
3.4915247938,0.180755986425452,0.198174227927541,0.124942834667756,0.0719163808704081,0.0558131517576959,0.126257847057133,0.305698821093208,0.27009060879795
3.4970581136,0.181977476105907,0.198758708150022,0.125405977170909,0.0729347276217269,0.0565714989349985,0.125823980528295,0.307383453276816,0.271693435771749
3.5025914334,0.18319752038457,0.199337550709358,0.125869834908676,0.0739504298576804,0.057327685475895,0.125387120851678,0.309067355293246,0.273287980567039
3.5081247532,0.184415941172278,0.199911061795708,0.126334306090645,0.0749635222113949,0.0580816350816325,0.124947539584313,0.310750247262923,0.274874584007103
3.513658073,0.185632564237876,0.200479560654526,0.126799294655143,0.0759740462135426,0.0588332695827322,0.124505514440984,0.312431858893019,0.276453606868069
3.5191913928,0.186847857994804,0.201043361843211,0.127264948397809,0.0769820375109379,0.0595829095969947,0.124061324332273,0.314112806392613,0.278025399354149
3.5247247126,0.188072554107012,0.201602775704256,0.127735692862076,0.0779875260621764,0.0603368612449362,0.12361524964208,0.315808246969088,0.279590301766433
3.5302580324,0.189313820735782,0.202158114282982,0.128217926128862,0.0789905405705584,0.0610958946069195,0.123167573712424,0.317531746864644,0.281148654853541
3.5357913522,0.190572737715551,0.202708338747089,0.12871377562744,0.079992879047228,0.0618589620881116,0.122715459699861,0.319286513342991,0.282701217794317
3.541324672,0.191848793051428,0.203251394430679,0.129223320055077,0.0809976251504866,0.0626254729963517,0.122253769280193,0.321072113106505,0.284249019581166
3.5468579918,0.193141499825954,0.203787743234083,0.12974662998959,0.0820045544697797,0.0633948698363634,0.121783188764303,0.322888129815544,0.285792297703863
3.5523913116,0.194450320823285,0.204317908651256,0.130283731204032,0.0830133881769659,0.0641665896192523,0.121304520474291,0.324734052027317,0.287331296828222
3.5579246314,0.195774742541924,0.204842405224294,0.130834638537261,0.0840238511665324,0.0649401040046632,0.120818554057762,0.326609381079185,0.288866256390827
3.5634579512,0.19711426507781,0.205361753461022,0.131399350887389,0.0850356583323831,0.0657149141904204,0.120326095128639,0.328513615965199,0.290397411793406
3.568991271,0.198468375013643,0.205876472888625,0.131977837341051,0.0860485346079856,0.0664905376725921,0.119827938280639,0.330446212354694,0.291925007496611
3.5745245908,0.199836548035987,0.206387082198728,0.132570037569016,0.0870622125697592,0.0672665104669712,0.119324869628968,0.332406585605004,0.293449294768487
3.5800579106,0.201218273494051,0.206894099540681,0.133175873719848,0.0880764227478571,0.0680423997742037,0.118817676792824,0.334394147213899,0.294970522288538
3.5855912304,0.20261305728933,0.20739804392016,0.133795251933258,0.0890908921672758,0.0688178053560712,0.118307151752884,0.336408309222588,0.296488936087435
3.5911245502,0.204020366536321,0.20789943589679,0.134428033593232,0.0901053609533556,0.0695923329430888,0.117794074943434,0.338448400129552,0.298004796850145
3.59665787,0.205439689240131,0.208398791796088,0.135074065720633,0.0911195696604596,0.0703656235194975,0.117279222135628,0.340513754960764,0.299518361456548
3.6021911898,0.206870524653047,0.20889663230321,0.135733176234195,0.0921332529391088,0.0711373484188518,0.116763379364101,0.342603700887242,0.301029885242319
3.6077245096,0.208312355045626,0.209393476419984,0.136405159171025,0.0931461544045817,0.0719071958746011,0.116247322015402,0.344717514216651,0.302539630824565
3.6132578294,0.209764661260227,0.209889842159576,0.137089782855443,0.0941580206163784,0.0726748784047838,0.115731821543198,0.34685444411567,0.304047862775954
3.6187911492,0.211226934107497,0.210386248595129,0.137786796160205,0.0951685965119054,0.0734401379472925,0.115217652083224,0.349013730267702,0.305554845107035
3.624324469,0.212698670566607,0.210883215793492,0.138495926765316,0.0961776274914765,0.0742027438012912,0.114705588302015,0.351194597331923,0.307060843284968
3.6298577888,0.21417934521294,0.211381261317382,0.139216866400607,0.097184866548598,0.0749624788123332,0.114196394768784,0.353396211613547,0.30856612786598
3.6353911086,0.215668446051603,0.211880568202476,0.139949290200409,0.0981902042132547,0.0757191558511933,0.113690363989221,0.355617736252012,0.310070772415731
3.6409244284,0.217165470101966,0.212380447495476,0.140692854662664,0.0991939012880468,0.0764726154393023,0.113186546207429,0.35785832476463,0.311574348783523
3.6464577482,0.218669898100974,0.212881047688018,0.141447185053813,0.100195883243357,0.0772227130471609,0.112685164444662,0.360117083154787,0.313076930931375
3.651991068,0.220181214657513,0.21338259445525,0.142211886563287,0.101196045651883,0.0779693280942259,0.112186548803367,0.3623931012208,0.314578640107133
3.6575243878,0.221698910654406,0.213885312212389,0.142986545923287,0.102194288501676,0.0787123647311194,0.111691023710713,0.364685456577692,0.316079600714064
3.6630577076,0.22322247692703,0.214389424897641,0.143770728666692,0.103190516183833,0.079451748260338,0.111198908713808,0.366993205593722,0.317579941081475
3.6685910274,0.224753253011016,0.214895157602268,0.14456077400947,0.104184635921341,0.0801924790015466,0.110710521680927,0.369314027020486,0.31907979352361
3.6741243472,0.226292893742372,0.215402736840693,0.145352465600579,0.105176555604725,0.0809404281417922,0.110226181235968,0.371645359342951,0.320579292445419
3.679657667,0.227840823688598,0.21591238501529,0.146145416860021,0.106166191667517,0.0816954068285768,0.109746193347774,0.373986240548619,0.322078576682807
3.6851909868,0.229396438496785,0.216424326537893,0.1469392513451,0.107153461343548,0.0824571871516853,0.109270865194346,0.376335689841885,0.323577787881441
3.6907243066,0.230959142678889,0.216938789388143,0.147733573235582,0.108138280278918,0.0832255694433076,0.108800509109225,0.378692715914471,0.325077069667062
3.6962576264,0.232528346738023,0.217455985576558,0.148527966867278,0.109120557002284,0.0840003798707448,0.108335428574274,0.3810563136053,0.326576542578842
3.7017909462,0.234103457421237,0.217974599054875,0.149322004740401,0.110097643145245,0.0847814526808361,0.10787695590963,0.383425462161638,0.32807224220012
3.707324266,0.235683874951014,0.218493844478494,0.150115254385432,0.111067768097304,0.085568620565582,0.10742607638119,0.385799129336446,0.329561612575797
3.7128575858,0.23726900578921,0.219014095320297,0.150907265154191,0.11203110220829,0.0863617406350192,0.106982993112006,0.388176270943401,0.331045197528587
3.7183909056,0.238858262071758,0.219535715947813,0.151697562648683,0.112987823226018,0.0871606994230751,0.106547892721795,0.39055582472044,0.33252353917383
3.7239242254,0.240451042846132,0.220059081411161,0.152485683924654,0.113938116301209,0.0879653589214782,0.106120965109952,0.392936726770786,0.33399719771237
3.7294575452,0.242046754401572,0.220584569515872,0.153271145188188,0.114882158159006,0.0887756092133842,0.105702411356866,0.39531789958976,0.335466727674878
3.734990865,0.243644804735733,0.221112544921317,0.154053445092585,0.115820142852653,0.0895913596431479,0.105292402068664,0.397698249828319,0.33693268777397
3.7405241848,0.24524459865163,0.221643378777296,0.154832080598659,0.116752264929237,0.0904125180529708,0.104891113848059,0.40007667925029,0.338395643706532
3.7460575046,0.246845540821238,0.222177447591638,0.155606546246528,0.117678717505491,0.0912389945747101,0.104498730086147,0.402452087067767,0.339856165097129
3.7515908244,0.24844703770055,0.222714759528447,0.156376321002769,0.118600139137159,0.0920707166977812,0.104114620391287,0.404823358703319,0.341314898665606
3.7571241442,0.250048494654894,0.223253266847074,0.157140864639238,0.119519641115056,0.0929076300156563,0.103733625732018,0.407189359294132,0.34277290796213
3.762657464,0.251649317335595,0.223792677164786,0.157899657326218,0.12043821282825,0.0937496600093772,0.103354464336536,0.409548974661813,0.344230889993037
3.7681907838,0.25324891220451,0.224333101227191,0.158652159584646,0.12135635664322,0.0945967526198642,0.10297674458397,0.411901071789156,0.345689457870411
3.7737241036,0.254846683143311,0.224874642660866,0.159397814836042,0.12227458685478,0.0954488683072686,0.102600055806086,0.414244497979353,0.347149229515646
3.7792574234,0.256442036232029,0.225417409859206,0.160136077957688,0.123193412866667,0.0963059582743409,0.102223996992539,0.416578114189718,0.348610822725873
3.7847907432,0.258034378981607,0.225961512751685,0.160866401347476,0.124113342524998,0.0971679776341311,0.101848170226688,0.418900780329084,0.350074855276683
3.790324063,0.259623116404266,0.226507058310812,0.161588223649758,0.125034890694634,0.0980348927545074,0.101472167616179,0.421211340054024,0.351541949005446
3.7958573828,0.261207649797926,0.227054152908932,0.162300972490158,0.125958578015082,0.0989066773077679,0.10109557489385,0.423508622288085,0.353012730924014
3.8013907026,0.262787390325093,0.227599707083823,0.163004100819387,0.126886529501948,0.0997832895057052,0.100713177581875,0.42579149114448,0.35448623658577
3.8069240224,0.264361744447622,0.228139238228285,0.163697044684041,0.127821627120528,0.10066469976358,0.100317611107758,0.428058789131663,0.355960865348813
3.8124573422,0.265930110320673,0.228673553586008,0.164379221761484,0.128764126604783,0.101550888559189,0.0999094269812248,0.430309332082158,0.35743768019079
3.817990662,0.267491898522352,0.22920355008901,0.165050077601193,0.129714220928347,0.102441820921159,0.099489329160663,0.432541976123546,0.358917771017357
3.8235239818,0.26904651779204,0.229730121202207,0.16570905201936,0.130672098703385,0.10333746577268,0.099058022498822,0.4347555698114,0.360402219905592
3.8290573016,0.270593370087656,0.230254153003427,0.166355572510366,0.131637952666725,0.10423779757729,0.0986162003367022,0.436948942598022,0.361892105670152
3.8345906214,0.272131855860772,0.230776533799728,0.166989066663504,0.132611966795256,0.105142789197269,0.0981645670044719,0.439120922524276,0.363388500594983
3.8401239412,0.273661390174543,0.23129815778251,0.167608989485238,0.13359429832392,0.106052400689305,0.0977038594585901,0.44127037965978,0.364892456106429
3.845657261,0.275182626427088,0.231819915050927,0.168215961921492,0.134585103427176,0.106966664505596,0.0972348116237508,0.44339858834858,0.366405018478103
3.8511905808,0.27670812498964,0.232342693375052,0.168821933031065,0.135584544230345,0.107886191958575,0.0967581491447078,0.445530058020705,0.367927237605397
3.8567239006,0.27824101119145,0.23286738395459,0.169430088385224,0.136592743527731,0.108810922806226,0.0962746404268584,0.447671099576674,0.369460127482321
3.8622572204,0.279780926808437,0.233394877680452,0.170040322516816,0.137609819838406,0.109740604291621,0.0957850578420456,0.449821249325253,0.371004697518857
3.8677905402,0.281327519694703,0.23392606438042,0.170652526334272,0.138635891764278,0.110674993360431,0.0952901726161416,0.451980046028975,0.372561956144698
3.87332386,0.282880433380479,0.234461835348157,0.171266586324078,0.139671058771876,0.111613847056401,0.0947907765762808,0.454147019704557,0.374132894120032
3.8788571798,0.284439305000882,0.235003078198738,0.171882384846228,0.140715395742804,0.112556920154654,0.0942876824559338,0.45632168984711,0.375718473941543
3.8843904996,0.286003777814657,0.235550682381266,0.172499800694569,0.141768973880697,0.113503977120089,0.0937817085005681,0.458503578509226,0.377319656261963
3.8899238194,0.287573503027366,0.236105546888711,0.173118708430969,0.14283186927217,0.114454794596397,0.0932736776165408,0.460692211458334,0.378937416160881
3.8954571392,0.289148114694152,0.236668552293946,0.173738978953633,0.14390411269706,0.115409135740518,0.0927644395968858,0.462887093647785,0.380572664991006
3.900990459,0.29072725603812,0.237240589285062,0.17436047940148,0.144985736454792,0.11636677663664,0.0922548528302699,0.465087735439599,0.382226325739853
3.9065237788,0.292310573821838,0.237822554141689,0.174983072572672,0.146076773715657,0.117327501249167,0.0917457804260324,0.46729364639451,0.383899327857347
3.9120570986,0.293897709577973,0.238415336030024,0.17560661783857,0.147177233555718,0.118291091739403,0.0912381024743062,0.469504327416544,0.385592569585743
3.9175904184,0.295488303530742,0.239019818400995,0.17623097140671,0.148287108184936,0.119257332124032,0.0907327102160584,0.471719274937451,0.387306926585931
3.9231237382,0.297081999453625,0.239636892672527,0.176855985322704,0.149406389278587,0.120226014130921,0.0902305033939401,0.473937984776328,0.389043281951113
3.928657058,0.298678443342075,0.240267464195472,0.177481506773177,0.150535069620546,0.121196936568898,0.0897323945749258,0.476159950115253,0.390802533816018
3.9341903778,0.30027727394661,0.240912405253506,0.178107382154487,0.151673106280546,0.122169891792123,0.0892392989729601,0.478384656101096,0.392585511534053
3.9397236976,0.301878134490332,0.241572606084524,0.178733453194214,0.152820460611262,0.123144681296118,0.0887521454732624,0.480611587684547,0.394393066695786
3.9452570174,0.303480669676185,0.242248972355724,0.179359556521034,0.15397710007355,0.124121113155151,0.088271872282174,0.48284022619722,0.396226072429274
3.9507903372,0.305084520975453,0.242942385913818,0.179985527763882,0.155142967691446,0.12509899321157,0.0877994182223718,0.485070048739335,0.398085353605264
3.956323657,0.306689330733358,0.243653728457766,0.18061119956816,0.156318000715689,0.126078131165198,0.0873357277420771,0.487300530301518,0.399971729173456
3.9618569768,0.308294742270031,0.244383896076216,0.181236399943506,0.15750214153258,0.127058342326525,0.0868817545436359,0.489531142213537,0.401886037608795
3.9673902966,0.309900398306997,0.245133795363821,0.181860952657359,0.158695333122502,0.128039445649639,0.0864384622413192,0.491761350964356,0.403829128486322
3.9729236164,0.311505941322053,0.245904292849969,0.182484682895988,0.15989749543516,0.129021258426065,0.0860067974148087,0.493990624218041,0.405801788285129
3.9784569362,0.313111014538303,0.246696711438569,0.183107410701046,0.161119224913666,0.130003603837257,0.0855774865249028,0.496218425239349,0.407815936352234
3.983990256,0.314715259630972,0.24752172423696,0.183728949953361,0.162386972135988,0.130986309677611,0.0851347521009715,0.498444209584333,0.409908696372948
3.9895235758,0.316318319946144,0.248381930728479,0.184349117466388,0.163697071579797,0.131969202479756,0.0846848591486823,0.500667437412532,0.412079002308276
3.9950568956,0.317919838981961,0.249276401872008,0.18496772623594,0.165046528205066,0.132952112746021,0.0842298736669423,0.502887565217901,0.414322930077074
4.0005902154,0.319519458637105,0.250203896296344,0.185584584210703,0.166432742712351,0.133934874426402,0.0837711535839932,0.505104042847807,0.416636639008695
4.0061235352,0.321116820295359,0.251163168550877,0.186199497049518,0.167853094276207,0.134917323245842,0.0833100742746697,0.507316317344877,0.419016262827083
4.011656855,0.32271156919371,0.252152934580228,0.186812273135977,0.169304895530164,0.135899296057733,0.0828480390500635,0.509523842329687,0.421457830110392
4.0171901748,0.32430334855526,0.253171941609807,0.187422715667751,0.170785492569778,0.136880632887509,0.0823864490400284,0.511726064223011,0.423957434179585
4.0227234946,0.325891796059427,0.254218967148451,0.188030620225017,0.172292268581115,0.137861175834409,0.0819266985673358,0.513922416284444,0.426511235729566
4.0282568144,0.327476558863277,0.255292720501974,0.188635790819492,0.173822510613685,0.138840768043785,0.0814702098882893,0.516112349682769,0.429115231115658
4.0337901342,0.329057280649777,0.256391947025809,0.189238025605232,0.175373535216439,0.139819255044545,0.08101841180937,0.518295306255009,0.431765482242249
4.039323454,0.330633600928074,0.257515404927775,0.189837117305041,0.176942676956692,0.140796483623033,0.0805727279710821,0.520470718233115,0.434458081884467
4.0448567738,0.33220516168039,0.25866183809006,0.190432859725895,0.178527242353929,0.141772301954495,0.0801345957361317,0.522638021406285,0.437189080443989
4.0503900936,0.333771609934808,0.259829974370236,0.191025049600806,0.180124518274264,0.142746560334002,0.0797054560959721,0.524796659535614,0.439954492644499
4.0559234134,0.335332588591029,0.261018560295418,0.191613478622271,0.181731806139135,0.143719109968758,0.0792867541562832,0.5269460672133,0.442750366434552
4.0614567332,0.336887731334778,0.262226364239089,0.192197930017747,0.183346414200304,0.144689801317031,0.0788799500387846,0.529085661352525,0.445572778439392
4.066990053,0.338436690100079,0.263452102128483,0.192778200964495,0.184965618226693,0.145658489135583,0.0784864839017899,0.531214891064574,0.448417720355176
4.0725233728,0.339979108110036,0.264694521209411,0.193354080458336,0.186586708522989,0.1466250276517,0.0781078126864219,0.533333188568372,0.4512812297324
4.0780566926,0.341514621516168,0.265952377355629,0.19392535143186,0.188206976141487,0.147589270084308,0.0777454012141421,0.535439972948027,0.454159353497116
4.0835900124,0.343042874835318,0.267224409099538,0.194491802769777,0.189823705471507,0.148551072065541,0.0774007036280316,0.537534677605095,0.457048114571045
4.0891233322,0.344563515918576,0.268509352807324,0.195053225228519,0.191434187450292,0.149510290690056,0.0770751653570321,0.539616741147095,0.459943540257616
4.094656652,0.346076185914287,0.269805955846254,0.195609404185568,0.193035713165158,0.150466781728718,0.0767702426810959,0.541685590099855,0.462841669011412
4.1001899718,0.347580517830253,0.271112972417298,0.196160119100865,0.194625561140761,0.151420398729388,0.0764874112765374,0.543740636931119,0.465738533558059
4.1057232916,0.349076166029778,0.272429132525996,0.196705164733838,0.196201043048012,0.15237100129594,0.0762280894779836,0.545781330763616,0.468630175574008
4.1112566114,0.350562773735965,0.27375318133124,0.197244327783636,0.197759463827716,0.153318445952329,0.0759937175035243,0.547807101519601,0.471512645158956
4.1167899312,0.352039972774613,0.275083870488335,0.197777387320038,0.199298107937439,0.154262585454574,0.0757857625508957,0.549817360094651,0.474381978425775
4.122323251,0.353507412133371,0.276419938487735,0.198304134777751,0.20081430081482,0.155203277355619,0.0756056376729152,0.551811546911122,0.477234239302556
4.1278565708,0.354964739518241,0.277760126799918,0.198824361061646,0.202305378445481,0.156140378456595,0.0754547483544372,0.553789100579888,0.480065505245399
4.1333898906,0.356411593358124,0.279103181719221,0.199337851395286,0.203768662231657,0.157073741962839,0.0753345194875632,0.55574944475341,0.482871843950878
4.1389232104,0.357847607919082,0.280448342926841,0.199844389131005,0.205201132467507,0.158003218788077,0.075247210459334,0.557691997050087,0.485649475394349
4.1444565302,0.359272439025603,0.28181278030496,0.200343772965564,0.206587695103212,0.158928666060039,0.0752250852017478,0.559616211991166,0.488400475408173
4.14998985,0.360685729900793,0.283202048817121,0.20083579417728,0.207921187480177,0.159849935723512,0.0752808613369441,0.561521524078073,0.491123236297297
4.1555231698,0.362087107076639,0.284611207495692,0.201320234432991,0.209201566820669,0.160766872643647,0.075409640675023,0.56340734150963,0.49381277431636
4.1610564896,0.363476225947777,0.286035259488248,0.201796895744553,0.210428963164355,0.161679330203224,0.0756062963238938,0.565273121692329,0.496464222652603
4.1665898094,0.364852733107034,0.287469231459965,0.202265575819521,0.211603489125719,0.162587157287513,0.0758657423342457,0.567118308926554,0.499072720585685
4.1721231292,0.36621626329577,0.288908161026398,0.202726066465598,0.212725212582292,0.163490196830171,0.0761829484441059,0.568942329761368,0.501633373608691
4.177656449,0.367566453974491,0.290347074112267,0.203178163225982,0.213794214473983,0.164388290748509,0.0765528596382835,0.570744617200472,0.50414128858625
4.1831897688,0.368902961460782,0.291780997622113,0.203621675679743,0.214810643731179,0.165281285781038,0.0769703538909342,0.572524637140525,0.506591641353291
4.1887230886,0.370225428977747,0.293204964777014,0.204056407217204,0.215774573267853,0.166169021760543,0.0774303915091602,0.574281836194951,0.508979538044867
4.1942564084,0.371534143950534,0.294613986930591,0.204482905656276,0.216685954062673,0.167051238294257,0.0779280328679187,0.57601704960681,0.511299940993264
4.1997897282,0.372833323872368,0.296003109038681,0.204906159151553,0.217544876637659,0.167927164720815,0.0784582324010215,0.577739483023921,0.51354798567634
4.205323048,0.374123699957567,0.297367362650156,0.205327221451981,0.21835131845528,0.168796478505586,0.0790160441948767,0.579450921409549,0.515718681105436
4.2108563678,0.375405177718116,0.298701760297665,0.205746219055911,0.219105149874237,0.169658958662205,0.0795966104234279,0.581151396774027,0.517806910171902
4.2163896876,0.376677670041198,0.300001974131855,0.206163281266239,0.219805543428601,0.170514388774959,0.0801964307032541,0.582840951307437,0.519807517560455
4.2219230074,0.377941097145112,0.301265873168016,0.206578539532544,0.220449307118488,0.171362557612568,0.0808165660495277,0.584519636677657,0.521715180286504
4.2274563272,0.37919537103296,0.302488941266766,0.206992124190354,0.221035666907742,0.172203246842606,0.0814532743590237,0.586187495223314,0.523524608174508
4.232989647,0.38044039124002,0.303666281377393,0.207404164464598,0.221564048272526,0.173036226775421,0.082102233104867,0.587844555704618,0.525230329649919
4.2385229668,0.381676084845379,0.304793133863874,0.20781479492403,0.222033999775268,0.173861289921349,0.0827591340886061,0.589490879769408,0.526827133639142
4.2440562866,0.382902364815026,0.305864675734654,0.208224148218227,0.222444925280774,0.174678216596799,0.08341975045388,0.591126513033253,0.528309601015429
4.2495896064,0.384119134297779,0.30687601758007,0.208632356625719,0.222796114185615,0.17548677767206,0.0840799033944554,0.592751490923498,0.529672131765685
4.2551229262,0.385326309887312,0.307822649358257,0.209039554885638,0.223087405982552,0.176286755001673,0.0847352433757055,0.59436586477295,0.530910055340809
4.260656246,0.3865238104586,0.308711122981755,0.209445878317187,0.223337440687322,0.177077932141413,0.0853736822944331,0.595969688775787,0.532048563669077
4.2661895658,0.387711546043421,0.309544141081656,0.20985146195135,0.223558269445809,0.17786008409207,0.0859858716358469,0.597563007994771,0.533102410527465
4.2717228856,0.388889419099857,0.3103190963896,0.210256441213406,0.223752909449903,0.178632977886451,0.0865661869396969,0.599145860313263,0.534072005839503
4.2772562054,0.390057355755516,0.311033521516937,0.21066095347144,0.223924416845875,0.179396402284076,0.0871091046710624,0.600718309226956,0.534957938362811
4.2827895252,0.391215268976388,0.311684874110621,0.211065135645251,0.224075792081242,0.180150133331138,0.087609082029379,0.602280404621639,0.535760666191862
4.288322845,0.39236305931196,0.312270530085042,0.211469125116167,0.224210013769271,0.180893934195793,0.0880605163157709,0.603832184428127,0.536480543854313
4.2938561648,0.393500647534719,0.312787994006476,0.211873060278375,0.224330110580076,0.181627587256344,0.0884578834263997,0.605373707813095,0.537118104586552
4.2993894846,0.394627950940159,0.313234751428217,0.212277079670758,0.22443912447315,0.182350871269401,0.0887956269550674,0.606905030610917,0.537673875901367
4.3049228044,0.395744904454202,0.313608223551056,0.212681276340063,0.224540128205095,0.18306362811414,0.0890680953459614,0.608426180794265,0.538148351756151
4.3104561242,0.396855784653577,0.313905813543776,0.213078361476411,0.224636259837927,0.183777423177166,0.0892695537058494,0.609934146129987,0.538542073381703
4.315989444,0.397963723476038,0.314126738376898,0.213463023124446,0.224729784425215,0.184500700351591,0.0893969539516832,0.611426746600484,0.538856522802114
4.3215227638,0.399068645381209,0.314289457950894,0.213835380737584,0.224811967173756,0.185233264643625,0.0894774907771378,0.612904026118792,0.53910142512465
4.3270560836,0.400170470358975,0.314401587325662,0.214195536835569,0.224880251963874,0.185974933523406,0.0895213353617871,0.614366007194544,0.539281839289536
4.3325894034,0.401269126370015,0.314465544437588,0.214543625639808,0.224935190660643,0.186725500730207,0.0895303537769444,0.615812752009823,0.539400735098231
4.3381227232,0.402364538599175,0.314483694828859,0.2148797697562,0.224977337414026,0.187484768842975,0.089506357414833,0.617244308355375,0.539461032242886
4.343656043,0.403456629179824,0.314458366223473,0.215204080987502,0.225007243900677,0.188252548192322,0.0894511223227959,0.618660710167325,0.539465610124151
4.3491893628,0.404545321464821,0.31439190801974,0.215516676287695,0.225025475940738,0.189028645177126,0.0893664320790019,0.620061997752516,0.539417383960478
4.3547226826,0.405630543103349,0.31428671552228,0.215817686998402,0.225032619185826,0.189812856104947,0.0892540963364545,0.621448230101751,0.539319334708106
4.3602560024,0.406712218555031,0.31414514300266,0.216107233159487,0.225029246765547,0.190604985395543,0.0891158962371123,0.622819451714518,0.539174389768207
4.3657893222,0.407790266347066,0.313969496732679,0.216385416825277,0.225015909415397,0.191404849521789,0.0889535873172819,0.624175683172342,0.538985406148077
4.371322642,0.408864616480339,0.313762187273996,0.216652376104886,0.224993189441541,0.192212240375453,0.088768997832455,0.625516992585226,0.538755376715537
4.3768559618,0.409935193562177,0.313525569245256,0.216908231652954,0.224961643848953,0.193026961909224,0.0885639253963032,0.626843425215131,0.538487213094209
4.3823892816,0.411001918603357,0.313261977970913,0.217153094134003,0.224921806287513,0.193848824469354,0.0883401716833997,0.628155012737361,0.538183784258426
4.3879226014,0.412064716316755,0.312973776959721,0.217387085325783,0.224874208999796,0.194677630990972,0.0880995679599251,0.629451801642538,0.537847985959517
4.3934559212,0.413123514114128,0.312663339991075,0.217610333954172,0.224819375724328,0.195513180159956,0.0878439642667476,0.630733848068299,0.537482715715403
4.398989241,0.414178235820305,0.312333019128947,0.217822958723508,0.22475780325639,0.196355277096797,0.0875752158725569,0.632001194543813,0.537090822385337
4.4045225608,0.415228800199205,0.311985152464,0.21802506607127,0.224689958988381,0.197203734127936,0.0872951934756187,0.633253866270475,0.536675111452381
4.4100558806,0.41627513779749,0.311622122634625,0.218216792227099,0.224616316024619,0.198058345570391,0.0870058066100061,0.634491930024589,0.536238438659244
4.4155892004,0.417317173074783,0.311246282373455,0.218398257542061,0.224537315546333,0.198918915532723,0.0867089668271223,0.635715430616844,0.535783597919788
4.4211225202,0.418354825714298,0.31085998118134,0.218569571589438,0.22445336526133,0.19978525412486,0.0864066159200103,0.636924397303736,0.53531334644267
4.42665584,0.419388022198874,0.310465583612393,0.218730860058128,0.224364865423515,0.200657162140746,0.0861007181888784,0.638118882257001,0.534830449035908
4.4321891598,0.420416689497868,0.310065448310359,0.218882249121166,0.22427219556919,0.201534440376702,0.0857932527411685,0.639298938619035,0.534337643879549
4.4377224796,0.421440750448643,0.30966193050625,0.219023855754634,0.224175705074677,0.202416894694008,0.085486225431573,0.640464606203277,0.533837635580926
4.4432557994,0.422460124904888,0.309257391046697,0.219155791278033,0.224075717887688,0.203304333626855,0.0851816731590091,0.64161591618292,0.533333108934385
4.4487891192,0.423474743310961,0.308854391188138,0.219278188736877,0.223972332734519,0.204196554574084,0.0848820584536193,0.642752932047838,0.532826723922657
4.454322439,0.424484530126487,0.308455932524387,0.219391168410211,0.223865148049034,0.205093361716276,0.0845907844753529,0.643875698536698,0.532321080573421
4.4598557588,0.42548940350214,0.308064460405192,0.219494838876347,0.223754351666136,0.205994564625793,0.0843101087390556,0.644984242378487,0.531818812071328
4.4653890786,0.426489292100671,0.307682359502671,0.219589328871312,0.22364017480203,0.206899963229359,0.0840421847006407,0.646078620971983,0.531322534304701
4.4709223984,0.427484122244065,0.307312012819021,0.219674762124455,0.223522830116923,0.20780936011961,0.0837891827020973,0.647158884368519,0.530834842935944
4.4764557182,0.42847381557724,0.306955816813571,0.219751253997392,0.223402510265337,0.208722561579848,0.0835533065482338,0.648225069574632,0.530358327078908
4.481989038,0.429458293453607,0.306608811422801,0.219818919843242,0.223284247261167,0.209639373610365,0.0833245641616337,0.649277213296849,0.529893058683968
4.4875223578,0.430437486010247,0.306226515896957,0.219877889649156,0.223199292668647,0.21055959636109,0.0830272232283097,0.650315375659403,0.529425808565605
4.4930556776,0.431411317706783,0.305804295227503,0.219928283429392,0.223152983534068,0.21148303427739,0.0826513116934351,0.651339601136175,0.528957278761572
4.4985889974,0.432379704956378,0.305346116167346,0.21997020889957,0.223145055062145,0.212409496056808,0.0822010611052009,0.652349913855948,0.528491171229491
4.5041223172,0.433342579011642,0.304856042201554,0.220003797016333,0.223175149717459,0.213338781995308,0.0816808924840941,0.653346376027975,0.528031191919013
4.509655637,0.434299865342212,0.304338090299456,0.220029169208866,0.223242942146549,0.214270696133346,0.0810951481529067,0.654329034551078,0.527581032446004
4.5151889568,0.435251484195593,0.303796258673966,0.220046439370523,0.223348113403029,0.21520504482507,0.0804481452709361,0.655297923566116,0.527144372076995
4.5207222766,0.436196843461223,0.30323456498908,0.220055147889905,0.223490289434255,0.216141695571318,0.0797442755548252,0.656251991351129,0.526724854423335
4.5262555964,0.437132637615436,0.302657041236899,0.220051795681076,0.223669014851264,0.217080841934361,0.0789880263856348,0.657184433296512,0.526326056088163
4.5317889162,0.438058334700016,0.302067698487262,0.220035998876482,0.223883809129345,0.218022335823533,0.0781838893579172,0.658094333576498,0.525951507616607
4.537322236,0.43897398092052,0.301457453789369,0.220008021526074,0.224111618710926,0.218965959394446,0.0773458350784434,0.658982002446594,0.525569072500295
4.5428555558,0.439879655274998,0.300792974798104,0.21996816774002,0.224287340160897,0.219911487534979,0.0765056346372072,0.659847823015018,0.525080314959001
4.5483888756,0.440775420224817,0.300076952736953,0.219916721169246,0.2244079013659,0.220858699055571,0.075669051371053,0.660692141394062,0.524484854102853
4.5539221954,0.441661329153166,0.299314479130623,0.219853955095938,0.224474297404726,0.221807374057228,0.0748401817258972,0.661515284249104,0.523788776535349
4.5594555152,0.442537446729428,0.298510703433487,0.2197801560567,0.224487519534612,0.222757290672728,0.0740231838988755,0.662317602786128,0.522998222968099
4.564988835,0.443403842486435,0.297670785580316,0.219695615590293,0.22444851376352,0.223708226896142,0.0732222718167956,0.663099458076727,0.522119299343836
4.5705221548,0.444260576950459,0.296799848423438,0.219600614754272,0.22435809862506,0.224659962196188,0.072441749798378,0.663861191704731,0.521157947048498
4.5760554746,0.445107700770021,0.295902998802554,0.219495424108579,0.224216963307658,0.225612276661442,0.0716860354948955,0.664603124878601,0.520119962110212
4.5815887944,0.445945290355735,0.294985407980245,0.219380341467585,0.224025874655003,0.22656494888815,0.0709595333252425,0.66532563182332,0.519011282635248
4.5871221142,0.446773408168966,0.294052202573254,0.219255649004576,0.223785451391218,0.22751775916439,0.0702667511820358,0.666029057173542,0.517837653964473
4.592655434,0.447592106188077,0.29310850681796,0.21912161814702,0.223496185975916,0.228470488041057,0.0696123208420446,0.666713724335097,0.516604692793876
4.5981887538,0.448401452624015,0.29215946526579,0.218978536421845,0.22315860277511,0.229422916202171,0.0690008624906802,0.66737998904586,0.5153180680409
4.6037220736,0.449201514872876,0.291210209928915,0.218826689575715,0.222773165832098,0.230374825297161,0.0684370440968171,0.668028204448591,0.513983375761014
4.6092553934,0.449992351774892,0.290265873392366,0.218666354517127,0.222340240552283,0.231325997257765,0.0679256328400827,0.668658706292019,0.512606113944649
4.6147887132,0.450774018082572,0.289331603814546,0.218497804249152,0.221860127286194,0.23227621383342,0.0674714765283516,0.669271822331724,0.51119173110074
4.620322033,0.451546587788581,0.288412521448582,0.218321328586788,0.221333197750933,0.233225259201793,0.0670793236976496,0.669867916375369,0.509745719199515
4.6258553528,0.452310123354285,0.287513753182181,0.218137205854256,0.220759734982989,0.234172917500029,0.0667540181991913,0.670447329208541,0.50827348816517
4.6313886726,0.453064675522703,0.286640469617081,0.217945704070272,0.220139941077678,0.23511897145243,0.0665005285394026,0.671010379592975,0.506780410694759
4.6369219924,0.453810315707378,0.285797782609427,0.217747108085043,0.219474127222455,0.236063207622335,0.0663236553869719,0.67155742379242,0.505271909831882
4.6424553122,0.454547109337153,0.284990810163118,0.217541696507024,0.218762581382266,0.237005412830129,0.0662282287808518,0.672088805844178,0.503753391545384
4.647988632,0.455275113735705,0.284224708586054,0.21732974082198,0.218005568846762,0.237945372913725,0.0662191397392916,0.672604854557685,0.502230277432816
4.6535219518,0.455994387420563,0.283504639450849,0.217111513063091,0.217203399967451,0.238882874357472,0.0663012394833977,0.673105900483654,0.5007080394183
4.6590552716,0.456705002135928,0.282834030459557,0.21688729398319,0.216357863492817,0.239817708152738,0.0664761669667402,0.673592296119117,0.499191893952375
4.6645885914,0.457407020343165,0.282209691165124,0.216657356323941,0.215476228431791,0.240749664019224,0.0667334627333327,0.674064376667106,0.497685919596915
4.6701219112,0.458100491719435,0.281630174017285,0.2164219637623,0.214564482982318,0.241678527957135,0.067065691034967,0.674522455481734,0.496194656999603
4.675655231,0.458785490541907,0.281094623001995,0.21618139546942,0.213628148720137,0.242604095072486,0.0674664742818586,0.674966886011327,0.494722771722132
4.6811885508,0.459462080441657,0.280602350510767,0.215935922204304,0.21267265724727,0.243526158237353,0.0679296932634971,0.675398002645961,0.493275007758037
4.6867218706,0.46013031739529,0.280152713163488,0.215685809389734,0.211703472486847,0.244444508005556,0.0684492406766403,0.675816126785023,0.491856185650335
4.6922551904,0.460790291009211,0.279745033939258,0.215431342640311,0.210726116851944,0.245358948368901,0.0690189170873135,0.676221633649522,0.490471150791202
4.6977885102,0.461443110720531,0.279378594688139,0.21517344504712,0.209746142079053,0.246269665673411,0.0696324526090865,0.676616555767651,0.489124736767192
4.70332183,0.462089406133446,0.279052718242059,0.214912744683742,0.208769104630817,0.247176661449704,0.0702836136112413,0.677002150817188,0.487821822872876
4.7088551498,0.462729270399286,0.278766788749776,0.214649536829444,0.207800587475092,0.248079733569842,0.0709662012746843,0.67737880722873,0.486567376224868
4.7143884696,0.463362816704169,0.278520060420522,0.214384124675906,0.206846153466233,0.248978692028263,0.0716739069542891,0.677746941380076,0.485366213886756
4.7199217894,0.463990147869286,0.278311852176604,0.214116805912473,0.205911362002596,0.249873341956813,0.0724004901740081,0.678106953781759,0.484223214179201
4.7254551092,0.46461136084669,0.278141524227489,0.213847875987176,0.205001781923932,0.250763484859514,0.0731397423035576,0.678459236833865,0.483143306151421
4.730988429,0.46522656056673,0.27800838384629,0.213577632416222,0.204122939394412,0.251648928150507,0.0738854444518779,0.678804192982952,0.482131323240701
4.7365217488,0.46583585394196,0.27791172480551,0.213306371996076,0.203280312866118,0.252529481945884,0.0746314119393921,0.679142225938035,0.481192037671628
4.7420550686,0.46643934236638,0.277850877166334,0.213034389338863,0.20247937324631,0.253404953027517,0.075371503920024,0.679473731705243,0.480330250412644
4.7475883884,0.46703712232317,0.277825202674077,0.212761978189576,0.201725602913071,0.254275144133594,0.076099599761006,0.679799100512747,0.479550805587148
4.7531217082,0.467629304730105,0.277833970588847,0.212489433159352,0.201024326686282,0.255139871570753,0.0768096439025648,0.680118737889457,0.478858297275128
4.758655028,0.468215992408376,0.277876500522773,0.212217046668885,0.200380880922461,0.255998945739491,0.0774956196003119,0.68043303907726,0.478257381445234
4.7641883478,0.468797281988446,0.277952153697823,0.211945110844307,0.19980063018076,0.256852171144139,0.0781515235170628,0.680742392832753,0.477752783878582
4.7697216676,0.469373280248681,0.278060225845464,0.21167391693978,0.19928878420233,0.257699363308901,0.0787714416431336,0.68104719718846,0.477349010047794
4.7752549874,0.469944092575205,0.278200020817735,0.211403754800716,0.198850508679197,0.25854033777449,0.0793495121385383,0.681347847375921,0.477050529496932
4.7807883072,0.470509819577516,0.278370873711464,0.211134914082333,0.198490987938215,0.259374905495182,0.0798798857732488,0.681644733659849,0.476861861649679
4.786321627,0.471070560512642,0.278572127905043,0.210867684579087,0.198215399991762,0.260202875933554,0.0803567279132806,0.681938245091729,0.476787527896805
4.7918549468,0.471626424309014,0.278803065795892,0.21060235238506,0.198028719762839,0.261024071923955,0.0807743460330529,0.682228776694074,0.476831785558731
4.7973882666,0.472177513787824,0.279062125841034,0.210339203964078,0.197934458865652,0.261838309823746,0.0811276669753822,0.682516717751902,0.476996584706686
4.8029215864,0.472723925536946,0.279338385025135,0.210078528259046,0.197920007954452,0.2626453972779,0.0814183770706824,0.682802453795991,0.477258392979587
4.8084549062,0.473265767624759,0.279625750369714,0.209820608156218,0.19798097758805,0.263445159468541,0.0816447727816638,0.683086375780977,0.477606727957764
4.813988226,0.473803144189965,0.279920449658141,0.209565726866091,0.198117006264039,0.264237417323874,0.0818034433941011,0.683368871056056,0.47803745592218
4.8195215458,0.474336155336549,0.280218716281642,0.209314169454573,0.19832779994063,0.265021985881976,0.0818909163410123,0.683650324791123,0.478546516222272
4.8250548656,0.474864902537397,0.280516774729748,0.209066219862151,0.198613054980059,0.265798682675246,0.0819037197496886,0.683931122399547,0.479129829709806
4.8305881854,0.475389493010592,0.280810853541708,0.208822156227589,0.198972387214083,0.266567336783003,0.0818384663276246,0.684211649238181,0.479783240755791
4.8361215052,0.475910029577327,0.281106267553023,0.208582258896291,0.199398831285638,0.267327770681037,0.0817074362673852,0.684492288473618,0.480505098838661
4.841654825,0.476426609061884,0.28142278980838,0.208346814299523,0.199874938023965,0.268079794762361,0.081547851784415,0.684773423361407,0.481297727832346
4.8471881448,0.476939340264662,0.281760422020083,0.208116095439503,0.200397658344078,0.268823244825159,0.0813627636760051,0.685055435704165,0.482158080364161
4.8527214646,0.477448326355935,0.282118213113101,0.207890379779893,0.200964742243983,0.269557946576043,0.081153470869118,0.685338706135828,0.483082955357085
4.8582547844,0.477953667213178,0.282495229835383,0.207669948756107,0.201573978419919,0.27028371845707,0.080921251415464,0.685623615969285,0.484069208255303
4.8637881042,0.478455465967132,0.282890520640175,0.207455079198709,0.202223118508093,0.271000386768423,0.0806674021320828,0.68591054516584,0.485113639148268
4.869321424,0.478952533448162,0.2833031208699,0.207244700108957,0.202909887601667,0.271707833339205,0.0803932332682325,0.686197233557119,0.486213008471567
4.8748547438,0.47943930736128,0.283732083370817,0.207033229137002,0.203632049667051,0.272406078224278,0.0801000337037667,0.686472536498282,0.487364133037868
4.8803880636,0.479915197049521,0.284176479740816,0.206820269492168,0.204387410221316,0.273094927557353,0.0797890695194997,0.686735466541689,0.488563889962132
4.8859213834,0.480380318082437,0.284635335891718,0.206606129129064,0.205173677655028,0.273774188953374,0.0794616582366897,0.686986447211501,0.489809013546746
4.8914547032,0.480834769138175,0.285107703186032,0.206391112792088,0.205988615393671,0.274443656346087,0.0791190877923612,0.687225881930263,0.491096318579702
4.896988023,0.481278638157478,0.285592416928839,0.206175524469455,0.206830238853788,0.275103113688023,0.0787621780750509,0.687454162626932,0.492422655782627
4.9025213428,0.481712028312189,0.286086647226817,0.205959669569875,0.20769815861124,0.275752358742315,0.0783884886155775,0.687671697882064,0.493784805838057
4.9080546626,0.482135044842194,0.28658907640355,0.205743852796511,0.208590482482136,0.276391192045684,0.077998593921414,0.687878897638705,0.495179558885686
4.9135879824,0.482547783382301,0.287098836561021,0.205528378058819,0.209504903642369,0.277019405323481,0.0775939329186514,0.68807616144112,0.49660374020339
4.9191213022,0.482950332135352,0.287615065202057,0.205313549624356,0.210439123531204,0.277636782510996,0.0771759416708525,0.688263881759708,0.498054188733261
4.924654622,0.483342803616168,0.288136878210736,0.205099670533405,0.211390804222141,0.278243133082763,0.0767460739885953,0.688442474149573,0.499527682432877
4.9301879418,0.483725296502895,0.288663402472812,0.2048870432959,0.212357636375768,0.278838253206995,0.0763057660970448,0.688612339798795,0.50102103884858
4.9357212616,0.484097897549858,0.289193775087367,0.204675971567617,0.213337317019804,0.279421925982241,0.0758564580675632,0.688773869117476,0.502531092107171
4.9412545814,0.484460713458029,0.28972711861416,0.204466756375119,0.214327521558077,0.27999395708291,0.0753995970560825,0.688927469833149,0.504054640172237
4.9467879012,0.484813882890983,0.29026255821994,0.204259636255706,0.21532593535578,0.280554246635277,0.0749366228641602,0.689073519146689,0.505588493575721
4.952321221,0.485158576753244,0.29079922458367,0.204053055884116,0.216330247398903,0.281105520869128,0.0744689771847673,0.689211632637361,0.507129471982572
4.9578545408,0.485495472808748,0.291336246267963,0.203846306790739,0.217338142846799,0.281649166018009,0.0739981034211643,0.689341779599488,0.508674389114761
4.9633878606,0.485824778685707,0.291872748976045,0.203639514843059,0.218347305673897,0.282185263842648,0.0735254433021486,0.689464293528767,0.510220054649942
4.9689211804,0.486146692804869,0.292407861045359,0.203432804023203,0.219355425482217,0.282713888781666,0.0730524355631418,0.689579496828072,0.511763286527576
4.9744545002,0.486461403701472,0.29294070919702,0.203226296954832,0.22036018127738,0.28323510674664,0.0725805279196401,0.689687700656304,0.513300890474399
4.97998782,0.486769118642884,0.293470422255454,0.203020116099939,0.221359263236887,0.283749002542945,0.0721111590185669,0.689789234742823,0.51482968549234
4.9855211398,0.487070037728238,0.293996128921031,0.20281438227835,0.222350362382507,0.284255655449887,0.0716457665385236,0.689884420006588,0.516346491303538
4.9910544596,0.487364354984582,0.294516955102249,0.202609215133809,0.223331158865199,0.284755139850773,0.0711857962370506,0.689973570118391,0.517848113967448
4.9965877794,0.487652267538441,0.295032026132629,0.202404733310695,0.224299333986009,0.285247534227746,0.0707326921466193,0.690057000849135,0.519331360118638
5.0021210992,0.487933980137978,0.295540475170861,0.202201053948054,0.225252588401169,0.285732926189924,0.070287886769692,0.690135034086033,0.520793063572031
5.007654419,0.488209691203943,0.296041431350241,0.201998292899409,0.226188612555877,0.286211398304533,0.0698528187943644,0.690207984103352,0.522230043906117
5.0131877388,0.488479590148304,0.296532884680558,0.201796565538337,0.227105883180521,0.286683024609967,0.0694270015000368,0.69027615568664,0.52363876786108
5.0187210586,0.488743884810019,0.297012377863109,0.201595984584005,0.228003283761387,0.287147900226014,0.0690090941017212,0.690339869394023,0.525015661624496
5.0242543784,0.489002773839898,0.297478867596988,0.201396661841718,0.228878630243729,0.287606111998181,0.0686002373532585,0.690399435681616,0.526357497840717
5.0297876982,0.4892564512484,0.297931302996057,0.201198708459603,0.22972971055326,0.288057742788797,0.0682015924427971,0.690455159708002,0.527661013549316
5.035321018,0.489505116520285,0.298368645996504,0.201002233584909,0.230554333126084,0.288502882935376,0.0678143128704207,0.690507350105194,0.528922979122588
5.0408543378,0.489748972062073,0.298789871355895,0.200807344193964,0.23135032621568,0.288941627868109,0.0674395451402151,0.690556316256037,0.530140197571575
5.0463876576,0.489988215614656,0.299193939566094,0.200614146518851,0.232115495152221,0.289374069095805,0.0670784444138737,0.690602362133507,0.531309434718315
5.0519209774,0.490223040044704,0.299579785496373,0.200422746810482,0.23284760463477,0.289800293234222,0.0667321808616029,0.690645786855186,0.532427390131143
5.0574542972,0.490453650646393,0.299946399064512,0.20023324657017,0.23354451025715,0.290220404076224,0.0664018888073613,0.690686897216563,0.533490909321662
5.062987617,0.490680245840472,0.300292745338619,0.20004574731118,0.234204020844431,0.290634498529291,0.0660887244941885,0.690725993151652,0.53449676618305
5.0685209368,0.490903020159203,0.30061776023492,0.1998603506393,0.234823905606382,0.291042669519903,0.0657938546285386,0.690763370798503,0.535441665841302
5.0740542566,0.491122174368786,0.300920415636995,0.199677154460063,0.235401990254174,0.291445019908723,0.0655184253828208,0.690799328828849,0.53632240589117
5.0795875764,0.491337909072496,0.301211144516135,0.199496254801649,0.235955865882519,0.291841654270847,0.0652552786336162,0.690834163874146,0.537167010398653
5.0851208962,0.491550421639709,0.301506970633787,0.199317747568502,0.236514495744223,0.292232674071206,0.0649924748895645,0.690868169208211,0.53802146637801
5.090654216,0.491759908005178,0.30180802833034,0.199141728364832,0.237077711627221,0.292618179640346,0.0647303167031184,0.69090163637001,0.538885739957561
5.0961875358,0.491966570766513,0.302114236831225,0.198968287076909,0.237644969497837,0.292998283689604,0.0644692673333878,0.690934857843423,0.539759206329063
5.1017208556,0.492170608344462,0.30242552222632,0.198797514246011,0.238215732053463,0.293373094098451,0.0642097901728567,0.690968122590473,0.540641254279783
5.1072541754,0.492372216331497,0.302741808763441,0.198629501606389,0.238789473275901,0.293742714725108,0.0639523354875402,0.691001717937886,0.541531282039342
5.1127874952,0.49257159569845,0.303062911654356,0.198464334877092,0.239365758656145,0.294107260821358,0.0636971529982106,0.691035930575542,0.542428670310501
5.118320815,0.492768945783754,0.303382630653767,0.198302099104182,0.239950173746439,0.294466846679572,0.0634324569073284,0.691071044887936,0.543332804400206
5.1238541348,0.492964464123669,0.303697546187756,0.198142879906425,0.240545533882666,0.294821584217245,0.0631520123050899,0.691107344030094,0.544243080070422
5.1293874546,0.493158348644232,0.304007932432833,0.197986761611132,0.241150961912499,0.2951715870331,0.0628569705203337,0.691145110255365,0.545158894345331
5.1349207744,0.493350799784885,0.304314054151772,0.197833822839532,0.241765582072728,0.295516976945353,0.0625484720790441,0.691184622624417,0.5460796362245
5.1404540942,0.493542015966376,0.304616177510917,0.19768414332865,0.242388524290767,0.295857872637726,0.0622276532201508,0.691226159295025,0.547004701801684
5.145987414,0.493732194379788,0.304914581598467,0.197537805436524,0.243018910205749,0.296194388943263,0.0618956713927183,0.691269999816313,0.547933491804216
5.1515207338,0.493921535123782,0.305209533867761,0.197394882654904,0.243655862706532,0.296526652468878,0.0615536711612287,0.691316417778686,0.548865396574292
5.1570540536,0.494110236810352,0.305501298607551,0.197255449865647,0.244298512751994,0.296854786944705,0.0612027858555573,0.691365686675999,0.549799811359545
5.1625873734,0.494298497681043,0.305790151421686,0.197119583310102,0.244945981188954,0.297178914370942,0.0608441702327317,0.691418080991145,0.550736132610639
5.1681206932,0.494486516576372,0.306076362960425,0.196987356353519,0.245597391180258,0.297499160222853,0.0604789717801669,0.69147387292989,0.551673754140684
5.173654013,0.494674492316014,0.306360215692636,0.19685883759183,0.246251857173912,0.297815654724183,0.0601083585187235,0.691533329907844,0.552612072866548
5.1791873328,0.494862623323925,0.306642972879483,0.196734097080262,0.246907788396917,0.298128526243664,0.0597351844825668,0.691596720404187,0.5535507612764
5.1847206526,0.495051108918581,0.30692537216861,0.196613209125303,0.247563971064462,0.298437899793278,0.0593614011041477,0.691664318043884,0.554489343233072
5.1902539724,0.495240147259288,0.307207469620744,0.19649623602741,0.248219684123148,0.298743911231878,0.0589877854975964,0.691736383286698,0.555427153743892
5.1957872922,0.495428931939929,0.307489323692237,0.196382342897294,0.248874203472644,0.299046589042634,0.0586151202195933,0.691811274837223,0.556363527164881
5.201320612,0.495613396340039,0.307770995884943,0.196267788962422,0.249526797726272,0.299345607377617,0.0582441981586709,0.691881185302461,0.557297793611214
5.2068539318,0.495793190485062,0.308052544587203,0.196152185715062,0.250176738470854,0.29964100477,0.0578758061163498,0.691945376200125,0.558229283058057
5.2123872516,0.495968443241123,0.308334029547789,0.196035573665698,0.250823296810662,0.299932869575425,0.0575107327371265,0.692004016906821,0.559157326358451
5.2179205714,0.496139279168707,0.308615510947878,0.195917991402894,0.251465739079208,0.300221287765812,0.0571497718686702,0.692057270571601,0.560081250027086
5.2234538912,0.496305818603203,0.308897045434563,0.195799475530469,0.252103327131439,0.300506343072734,0.0567937183031243,0.692105294133672,0.561000372566002
5.228987211,0.496468193344478,0.309178693775281,0.195680066112736,0.25273533019423,0.300788127231742,0.0564433635810519,0.692148259457214,0.561914023969511
5.2345205308,0.496626528823027,0.309460519390485,0.19555980050502,0.253361007058395,0.301066728318007,0.0560995123320906,0.692186329328047,0.56282152644888
5.2400538506,0.49678094621473,0.309742575506289,0.195438713972296,0.253979616750356,0.301342232242433,0.0557629587559331,0.692219660187026,0.563722192256645
5.2455871704,0.496931573561198,0.310024922058133,0.195316843662209,0.254590421200504,0.301614729898989,0.0554345008576291,0.692248417223406,0.564615343258637
5.2511204902,0.49707853834068,0.310307623824159,0.195194225983889,0.255192677018237,0.301884312356792,0.0551149468059218,0.692272764324569,0.565500300842396
5.25665381,0.497221964630845,0.310590738145848,0.195070895506252,0.255785639795961,0.302151069124592,0.0548050983498865,0.692292860137097,0.566376377941809
5.2621871298,0.497361975202485,0.310874317644854,0.194946885649917,0.256368563255512,0.302415089552568,0.0545057543893421,0.692308860852402,0.567242880900365
5.2677204496,0.497498699902881,0.311158427851003,0.194822231929593,0.256940708020639,0.302676467973288,0.0542177198303637,0.692320931832474,0.568099135871643
5.2732537694,0.497632264162528,0.31144313492991,0.194696967571584,0.25750132248154,0.302935296590944,0.0539418124483696,0.692329231734111,0.56894445741145
5.2787870892,0.497762789579544,0.31172848367717,0.194571123573256,0.258049660406688,0.303191666006288,0.0536788232704819,0.6923339131528,0.569778144083859
5.284320409,0.497890404820831,0.31201453789336,0.19444473311134,0.258584982810856,0.303445671709492,0.0534295550825039,0.692335137932171,0.570599520704217
5.2898537288,0.498015236317111,0.312301367546902,0.194317827838723,0.259106538639359,0.303697408478388,0.0531948289075426,0.692333064155833,0.571407906186261
5.2953870486,0.498137408003577,0.312589023498548,0.194190437652545,0.259613584862007,0.303946970351033,0.0529754386365414,0.692327845656122,0.572202608360555
5.3009203684,0.498257044405736,0.312877557824638,0.194062591945908,0.260105378831898,0.304194452459828,0.0527721789927405,0.692319636351644,0.572982936656536
5.3064536882,0.498374273758627,0.313167040978295,0.193934321102214,0.260581183562884,0.304439952656413,0.0525858574154105,0.692308594860841,0.573748224541179
5.311987008,0.498489221492746,0.313457539335667,0.193805653569291,0.261040253967468,0.304683567923455,0.0524172853681989,0.692294875062037,0.574497793303134
5.3175203278,0.498602009968798,0.313749089422742,0.193676615490549,0.261481852245875,0.304925394478249,0.0522672371768668,0.692278625459347,0.575230941668617
5.3230536476,0.498712767798279,0.31404176111804,0.193547235353299,0.261905256951969,0.30516553244498,0.0521365041660709,0.692260003151578,0.575947018070009
5.3285869674,0.498821620704729,0.314335629741175,0.193417539542102,0.262309725750729,0.305404081162627,0.0520259039904453,0.692239160246831,0.576645355491904
5.3341202872,0.49892869282122,0.314630736031137,0.19328755277248,0.26269453857342,0.30564114004874,0.0519361974577167,0.692216245593701,0.577325274604556
5.339653607,0.499034109747271,0.314927553370802,0.193157299739726,0.263059698454959,0.305876810007545,0.0518678549158437,0.692191409486997,0.577987251825761
5.3451869268,0.499137998446032,0.315228069022007,0.193026805262838,0.263408332146221,0.306111193183193,0.0518197368757861,0.69216480370887,0.578636401168228
5.3507202466,0.499240484274207,0.315523184373937,0.19289609246666,0.263750547882639,0.306344391807547,0.0517726364912983,0.692136576740867,0.579273732256576
5.3562535664,0.499341690916807,0.315808297909547,0.192765182362302,0.264091308575834,0.306576508554504,0.0517169893337128,0.692106873279109,0.579899606485381
5.3617868862,0.499441746027856,0.316084280569415,0.192634098053716,0.264430064885153,0.30680764797414,0.0516542156842621,0.692075844081573,0.580514345454569
5.367320206,0.499540775037851,0.316351859557128,0.192502860352195,0.264766355593432,0.307037914685657,0.0515855039636952,0.692043635390046,0.58111821515056
5.3728535258,0.499638902618089,0.31661176179277,0.192371488435823,0.265099710434431,0.307267414182266,0.0515120513583396,0.692010391053912,0.581711472227201
5.3783868456,0.499736254761407,0.316864719199421,0.192240001820933,0.265429669222107,0.307496252940473,0.0514350499773146,0.69197625658234,0.582294388421528
5.3839201654,0.499832957499411,0.317111465462731,0.192108419488858,0.26575577419459,0.307724538010553,0.0513556912681414,0.691941376988269,0.582867239657322
5.3894534852,0.499929136162321,0.31735272973035,0.191976758826555,0.266077563574428,0.307952377335767,0.0512751661559217,0.691905894988876,0.583430293304778
5.394986805,0.500024915957886,0.317589235857189,0.191845035720393,0.266394573889927,0.308179880237494,0.0511946619672619,0.691869951678279,0.583983809747116
5.4005201248,0.500120423043878,0.317821721229093,0.191713267270907,0.266706353461056,0.308407155772972,0.0511153677680373,0.691833690314785,0.584528074690149
5.4060534446,0.500215782850793,0.318050918235152,0.191581468618866,0.267012443004786,0.308634314231927,0.0510384752303663,0.69179725146966,0.585063361239938
5.4115867644,0.500311120928499,0.318277549272331,0.191449653216069,0.267312384531531,0.30886146771243,0.0509651647407994,0.691760774144568,0.585589933803862
5.4171200842,0.500406562982458,0.31850234740651,0.191317835122623,0.267605727335997,0.309088727859834,0.0508966200705125,0.691724398105081,0.586108074742507
5.422653404,0.50050223445308,0.318726047947366,0.191186027380825,0.267892017345933,0.309316207072255,0.0508340306014334,0.691688261833905,0.586618065293299
5.4281867238,0.500598260984448,0.31894937817446,0.191054241542748,0.268170802444331,0.3095440194417,0.0507785757301291,0.691652502527196,0.58712018061879
5.4337200436,0.500694768626352,0.319173063267536,0.190922488151846,0.268441632374652,0.309772280474506,0.050731430892884,0.691617256778198,0.587614695642188
5.4392533634,0.500791882380661,0.319397838952969,0.190790778297462,0.268704062860534,0.310001104083199,0.0506937760924354,0.691582660678123,0.588101901813504
5.4447866832,0.50088972767787,0.319624440453469,0.190659121397721,0.268957642399526,0.310230606280149,0.0506667980539433,0.69154884907559,0.588582082852996
5.450320003,0.500988431286766,0.319853587318566,0.190527525169377,0.269201928078071,0.310460906117389,0.0506516592404952,0.691515956456143,0.589055515396638
5.4558533228,0.50108811794474,0.320086012555282,0.190395998156214,0.269436482622171,0.310692119788526,0.0506495299331114,0.691484116100954,0.589522495177453
5.4613866426,0.501188912841354,0.320322455076265,0.190264547543957,0.269660859075705,0.310924365297398,0.0506615960005599,0.691453460385311,0.58998331415197
5.4669199624,0.501290942274901,0.320563638289215,0.190133179138269,0.269874622694856,0.311157763136633,0.0506890155943589,0.69142412141317,0.590438260984071
5.4724532822,0.50139433245652,0.320810288723537,0.190001898143829,0.270077340324978,0.311392434312691,0.0507329483985589,0.691396230600349,0.590887629048515
5.477986602,0.50149920757252,0.32106314242508,0.189870709819705,0.270268579719722,0.311628497752815,0.0507945627053581,0.691369917392225,0.591331722144802
5.4835199218,0.501605693053397,0.321322934795029,0.189739618011267,0.270447906090657,0.311866075042129,0.050875028704372,0.691345311064664,0.591770840885685
5.4890532416,0.501713917227205,0.321590384514428,0.189608624884102,0.270614896925538,0.312105292343103,0.0509754875888896,0.691322542111307,0.592205281439966
5.4945865614,0.501824003182569,0.321866223228688,0.189477733633656,0.270769135337041,0.312346269548913,0.0510970878916475,0.691301736816225,0.592635358565729
5.5001198812,0.50193607619855,0.322151195432377,0.1893469458665,0.270910187896215,0.31258913033205,0.0512410075361615,0.69128302206505,0.593061383328592
5.505653201,0.502050263567998,0.322446018657567,0.189216261927476,0.271037647823679,0.312834001640522,0.0514083708338877,0.691266525495474,0.593483666481245
5.5111865208,0.502166690982705,0.322751420808143,0.189085681919618,0.271151106021986,0.313081009063087,0.0516003147861567,0.691252372902323,0.593902526830129
5.5167198406,0.50228548215377,0.323067808096469,0.188955205651487,0.27125039755502,0.313330276502283,0.0518174105414486,0.691240687805258,0.594318205651489
5.5222531604,0.502406762790103,0.323393260301574,0.188824831700716,0.27133710064465,0.313581931089386,0.0520561596569235,0.691231594490819,0.594730360946224
5.5277864802,0.502530662284132,0.32372788620659,0.188694557241284,0.271411299957048,0.313836105042848,0.0523165862495419,0.691225219525416,0.595139186163638
5.5333198,0.50265730223026,0.324072390982011,0.188564380352877,0.271472651416703,0.314092921877383,0.0525997395653075,0.691221682583137,0.595545042398714
5.5388531198,0.502786808058983,0.324427497230268,0.18843429760238,0.271520795334925,0.314352510456602,0.0529067018953432,0.691221105661363,0.595948292565193
5.5443864396,0.502918614253773,0.324793881385242,0.18830380701094,0.271555422345137,0.314614807242833,0.0532384590401047,0.691222421264713,0.596349303730379
5.5499197594,0.503050751659844,0.325172244767902,0.188171415757835,0.271576212482867,0.314879335902009,0.0535960322850351,0.691222167417679,0.596748457250768
5.5554530792,0.503183158712108,0.325563302866454,0.188037010799002,0.271582841492488,0.315146147913106,0.0539804613739666,0.69122016951111,0.597146144358942
5.560986399,0.503315912886094,0.325967753537565,0.18790057644124,0.271575009392076,0.315415336444855,0.0543927441454895,0.691216489327334,0.597542762929641
5.5665197188,0.503449092120875,0.326385159640668,0.187762094841643,0.271553515331294,0.315686997279232,0.0548316443093742,0.691211186962519,0.597938674971963
5.5720530386,0.503582773295729,0.326814021536722,0.187621554445394,0.27152017813684,0.315961218850335,0.0552938433998813,0.691204327741124,0.598334199673562
5.5775863584,0.503717033758854,0.327254231856406,0.187478940009963,0.271475468123937,0.316238093748892,0.0557787637324683,0.691195973768817,0.598729699980343
5.5831196782,0.503851951752605,0.327705667169348,0.187334232807679,0.271419868578608,0.316517718944926,0.0562857985907396,0.691186184560284,0.599125535747956
5.588652998,0.503987363240936,0.328168225361997,0.187187834337665,0.271353844164217,0.316799528903272,0.0568143811977801,0.691175197578601,0.599522069526215
5.5941863178,0.504120355670681,0.3286418160935,0.187044874627608,0.271277845752774,0.317075481043073,0.0573639703407257,0.691165230298289,0.599919661846274
5.5997196376,0.50425010765544,0.329126328508773,0.186906880009494,0.271192340825256,0.317343227645946,0.057933987683517,0.691156987664935,0.60031866933403
5.6052529574,0.5043767051284,0.329621653137661,0.186773814529212,0.271097793459585,0.317602890599188,0.0585238596780764,0.691150519657612,0.600719446597246
5.6107862772,0.504500239642593,0.330127691077373,0.186645634269539,0.270994655531184,0.317854605373055,0.0591330355461887,0.691145873912132,0.601122346608557
5.616319597,0.504620799021358,0.330644340299842,0.186522299971639,0.270883358657031,0.318098499049719,0.0597609816428106,0.691143098992997,0.601527698956873
5.6218529168,0.504738467128304,0.331169967845165,0.186403777866066,0.270761739249752,0.318334689262238,0.0604082285954133,0.69114224499437,0.601931707094918
5.6273862366,0.504853335359138,0.331703305484095,0.186290023142044,0.270628225360017,0.318563312217094,0.0610750801240777,0.691143358501181,0.602331530844112
5.6329195564,0.504965492207597,0.332244241088508,0.186180994692768,0.270483209517263,0.318784497514829,0.0617610315712459,0.691146486900365,0.602727450605771
5.6384528762,0.50507502375301,0.332792639300518,0.186076654800801,0.270327095516622,0.31899836895221,0.0624655437838962,0.691151678553811,0.60311973481714
5.643986196,0.505182017332674,0.333348372229726,0.185976963702374,0.270160278432007,0.3192050536303,0.0631880937977189,0.691158981035048,0.603508650661733
5.6495195158,0.50528656328302,0.333911321649402,0.185881876520981,0.26998314679084,0.319404686762039,0.0639281748585613,0.691168439804,0.603894468440242
5.6550528356,0.505388749427382,0.334481366370038,0.185791351923113,0.269796080633053,0.319597397504269,0.064685285736985,0.691180101350496,0.60427744700309
5.6605861554,0.505488660075565,0.33505837133511,0.185705354378928,0.269599458287209,0.319783305696637,0.0654589130479009,0.691194014454493,0.604657829622319
5.6661194752,0.505586386759987,0.335642213764295,0.18562383587376,0.269393658861708,0.319962550886226,0.0662485549025866,0.691210222633747,0.605035872626003
5.671652795,0.505682017391481,0.336232779528912,0.185546754040124,0.269179038970216,0.320135263351357,0.0670537405586964,0.691228771431605,0.605411818499128
5.6771861148,0.505775638100171,0.336829933469887,0.18547406959457,0.268955963191269,0.320301568505601,0.0678739702786181,0.691249707694741,0.605785896661156
5.6827194346,0.505867337150859,0.337433550351479,0.185405739196363,0.268724785987959,0.320461597954496,0.0687087643635207,0.691273076347222,0.606158336339438
5.6882527544,0.505957203901676,0.33804351050745,0.185341716912743,0.268485853131474,0.320615486988933,0.0695576573759756,0.691298920814419,0.606529363638925
5.6937860742,0.506045325918854,0.338659565484058,0.185281959903895,0.268239610055651,0.320763366014958,0.0704199554284068,0.691327285822749,0.606899175539709
5.699319394,0.506131788967999,0.339280994413436,0.185226429136099,0.267986901923827,0.320905359831899,0.0712940924896087,0.691358218104098,0.607267896337263
5.7048527138,0.506216683470328,0.339907416978078,0.185175075312373,0.267728293627759,0.321041608157955,0.0721791233503198,0.691391758782701,0.607635710605837
5.7103860336,0.506300097249178,0.340538507580318,0.185127854182517,0.267464292972867,0.321172243066661,0.073074214607451,0.691427951431696,0.608002800553185
5.7159193534,0.506382116723767,0.341173923959507,0.185084724824321,0.267195414508958,0.321297391899446,0.0739785094505492,0.691466841548088,0.608369338468465
5.7214526732,0.5064628306098,0.341813333250448,0.185045640611466,0.266922167553977,0.321417189998334,0.0748911656964714,0.691508471221266,0.608735500804425
5.726985993,0.506542327525408,0.342456406362315,0.185010554505881,0.266645054470372,0.321531773019527,0.0758113518919435,0.69155288203129,0.609101460832687
5.7325193128,0.506620694930525,0.343102808181918,0.184979422260575,0.26636457544928,0.32164127266995,0.0767382327326385,0.691600117191101,0.609467383631198
5.7380526326,0.506698019832451,0.34375220225515,0.184952201200388,0.266081226100649,0.321745818632063,0.0776709761545006,0.69165022103284,0.6098334283558
5.7435859524,0.506774391517009,0.34440425688336,0.18492884116348,0.265795501367886,0.321845550353529,0.0786087555154746,0.691703232680488,0.610199758251246
5.7491192722,0.506849897807534,0.345058641845644,0.184909295959304,0.265507886249749,0.321940601848229,0.0795507555958949,0.691759193766838,0.610566528095394
5.754652592,0.506924625650645,0.345715018770751,0.184893522998101,0.265218864695046,0.322031102652544,0.0804961540757054,0.691818148648746,0.610933883465797
5.7601859118,0.506998663736342,0.346373055095451,0.184881472711808,0.264928917689314,0.322117191024534,0.0814441374061368,0.69188013644815,0.611301972784765
5.7657192316,0.507072100181062,0.34703241989464,0.184873096949664,0.264638518549257,0.322199003231397,0.0823939013453828,0.691945197130726,0.611670938443898
5.7712525514,0.507145022576742,0.347692777787437,0.184868350049779,0.264348137250589,0.322276672526963,0.0833446405368483,0.69201337262652,0.612040915038026
5.7767858712,0.507217518695768,0.348353794336181,0.184867186050881,0.264058238504583,0.322350332644887,0.084295555831598,0.692084704746649,0.612412032840764
5.782319191,0.507289676926874,0.34901513750743,0.184869553938857,0.263769283671503,0.322420122988016,0.0852458538359261,0.692159230865731,0.612784421178933
5.7878525108,0.507361585093394,0.349676474161416,0.18487540571376,0.263481727398107,0.322486179379633,0.0861947467633091,0.692236990807154,0.613158201559523
5.7933858306,0.50743333090765,0.350337468912555,0.184884697126418,0.263196018767307,0.322548633781232,0.0871414501452483,0.692318028034068,0.613533487679862
5.7989191504,0.507505002557331,0.351004644580592,0.184897376055455,0.262907312104841,0.322607626501876,0.0880973324757506,0.692402378612786,0.613911956685433
5.8044524702,0.507576687895482,0.351685089681353,0.184913393264225,0.262610474099581,0.322663294631257,0.0890746155817725,0.692490081159707,0.614295563780934
5.80998579,0.507648474884348,0.352378218074217,0.184932701701592,0.262306374975799,0.322715773182756,0.0900718430984175,0.69258117658594,0.614684593050016
5.8155191098,0.507720451584795,0.353083441573871,0.184955252516864,0.261995883142898,0.322765199067931,0.0910875584309723,0.692675704101659,0.615079324716769
5.8210524296,0.507792705726768,0.353800184396977,0.184980993886738,0.261679853500154,0.32281171184003,0.0921203308968231,0.692773699613506,0.615480037897131
5.8265857494,0.507865325138223,0.354527866169084,0.185009876190532,0.261359137896552,0.322855448947692,0.093168728272533,0.692875201328755,0.615887004065636
5.8321190692,0.507938398521627,0.355265889008627,0.185041853481683,0.261034594465273,0.322896545039944,0.0942312945433537,0.69298025200331,0.6163004834739
5.837652389,0.508012013099613,0.356013670466218,0.185076871584833,0.260707064260217,0.32293514151478,0.0953066062060002,0.693088884684446,0.616720734726435
5.8431857088,0.50808580292173,0.35677064139664,0.185114360276478,0.260377370167113,0.322971442645252,0.0963932712295266,0.693200163198208,0.617148011563753
5.8487190286,0.508157946761148,0.357536201632948,0.185152075219349,0.260046349707706,0.323005871541799,0.0974898519252422,0.693310021980497,0.617582551340653
5.8542523484,0.508228323111826,0.358309766454329,0.185189707676271,0.259714820287596,0.323038615435555,0.0985949461667334,0.693418030788097,0.618024586741925
5.8597856682,0.508297027546662,0.359090857128416,0.185227196957572,0.25938348365036,0.32306983058909,0.0997073734780556,0.693524224504235,0.618474340778776
5.865318988,0.508364154004666,0.359879206216416,0.185264481990381,0.25905280954766,0.323099672014285,0.100826396668756,0.693628635995047,0.618932015764075
5.8708523078,0.508429795061212,0.36067436455734,0.185301501019911,0.258723435443027,0.323128294041301,0.101950929114313,0.693731296081123,0.619397800000367
5.8763856276,0.508494047230157,0.361475880012244,0.185338194739404,0.258395987760567,0.323155852490753,0.103079892251677,0.693832241969561,0.619871867772812
5.8819189474,0.508557004753005,0.362282450683177,0.185374502981329,0.258069601903627,0.323182501771676,0.104212848779551,0.693931507734334,0.620352052586804
5.8874522672,0.508618760626891,0.363091503412815,0.185410364716656,0.25774126267027,0.323208395910235,0.105350240742544,0.694029125343546,0.620832766083085
5.892985587,0.508678987182456,0.363902512275818,0.185445498078322,0.25741143408301,0.323233489104133,0.106491078192808,0.694124485260778,0.621313946358829
5.8985189068,0.508736873099001,0.364715056820491,0.185479372636607,0.257080736133231,0.323257500462393,0.107634320687259,0.694216245735608,0.621795792953722
5.9040522266,0.508792470416775,0.365528707086009,0.185511917310972,0.256749772600106,0.323280553105803,0.108778934485903,0.694304387727747,0.622278479686115
5.9095855464,0.508845860969554,0.36634303231034,0.185543076435392,0.256419128037727,0.323302784534162,0.109923904272613,0.694388937404946,0.622762160348066
5.9151188662,0.508897131153374,0.367157610531073,0.185572798391631,0.25608937437803,0.323324332761743,0.111068236153042,0.694469929545004,0.623246984909103
5.920652186,0.508946364510257,0.367972017004247,0.185601029446056,0.255761059880527,0.323345335064202,0.11221095712372,0.694547393956313,0.623733076884774
5.9261855058,0.508993642117302,0.368785819311142,0.185627713320774,0.255434712564595,0.323365928796527,0.113351106746547,0.694621355438076,0.624220531875737
5.9317188256,0.509039049609195,0.36959859388283,0.185652798424068,0.255110846647927,0.323386251185127,0.114487747234903,0.694691848033263,0.624709440530756
5.9372521454,0.509082671169473,0.370409915321146,0.18567623207445,0.254789954270878,0.323406439095023,0.115619961050268,0.694758903243922,0.625199869592023
5.9427854652,0.509124589382617,0.371219355142458,0.185697959785811,0.254472505478823,0.323426629596806,0.116746849663635,0.694822549168428,0.625691860621282
5.948318785,0.509164887223384,0.372026486679032,0.185717927380665,0.254158949820383,0.323446959842718,0.117867536858648,0.694882814604049,0.626185436499415
5.9538521048,0.509203650027855,0.372830884939954,0.185736084163236,0.253849721115277,0.323467565864619,0.118981163824677,0.694939734191091,0.626680606055231
5.9593854246,0.509240961338055,0.373632121503709,0.185752377326085,0.253545230045916,0.32348858401197,0.120086891457793,0.694993338664139,0.627177351549625
5.9649187444,0.509276902752859,0.374429770170156,0.18576675063228,0.253245860269486,0.323510152120579,0.12118390990067,0.695043653385139,0.627675630439642
5.9704520642,0.509311559842323,0.375223406856122,0.185779154634632,0.252951983154512,0.323532405207691,0.12227142370161,0.695090714476956,0.628175390010634
5.975985384,0.509345016332836,0.376012600061034,0.185789537226936,0.252663948556011,0.3235554791059,0.123348651505023,0.695134553559772,0.628676548617045
5.9815187038,0.50937735495454,0.376796926220434,0.185797844162193,0.252382078384502,0.323579510792347,0.124414847835932,0.695175199116732,0.629179004604936
5.9870520236,0.509408659369796,0.377575960474846,0.185804022980774,0.252106676643528,0.323604636389023,0.125469283831319,0.69521268235057,0.629682637118374
5.9925853434,0.509439014081422,0.37834927364891,0.18580802375775,0.251838030956088,0.323630990323672,0.126511242692822,0.695247037839172,0.630187304604999
5.9981186632,0.509468502585344,0.379116436694099,0.185809794431284,0.251576405481315,0.32365870815406,0.127540031212784,0.695278297016628,0.630692842175414
6.003651983,0.509497207367193,0.379877028517134,0.185809279121759,0.251322036901709,0.323687928245434,0.128554991615425,0.695306486488952,0.631199065418843
6.0091853028,0.509525213340731,0.380630623722974,0.185806430279862,0.251075150700123,0.32371878306087,0.129555473022851,0.695331643620593,0.631705774423097
6.0147186226,0.509552604047982,0.381376783567435,0.185801196374605,0.250835955119811,0.323751407673377,0.130540828447624,0.695353800422586,0.632212738687245
6.0202519424,0.509579462591433,0.382115092847217,0.185793523243991,0.250604625865629,0.323785939347442,0.131510466981588,0.695372985835423,0.632719718712846
6.0257852622,0.509605872867683,0.382845126225063,0.185783360363065,0.250381326976004,0.323822512504618,0.132463799249059,0.695389233230747,0.633226453201067
6.031318582,0.509631918772965,0.383573128092845,0.185770658417686,0.250163176417616,0.323861260355279,0.13340995167523,0.695402577190652,0.633736304510461
6.0368519018,0.509657683799434,0.384305239032079,0.185755365621238,0.249947994670565,0.323902318178195,0.134357244361514,0.695413049420672,0.634253233702644
6.0423852216,0.509683251419195,0.385040516916328,0.185737427601428,0.249737122338973,0.323945823817768,0.135303394577354,0.695420679020623,0.634777639255301
6.0479185414,0.50970870556331,0.385778865876258,0.185716797607876,0.249530863417876,0.323991907955434,0.136248002458381,0.695425503171186,0.635309729294134
6.0534518612,0.509734129773801,0.386520199765861,0.185693424958273,0.249329502637137,0.324040704815528,0.137190697128724,0.695427554732074,0.635849702402998
6.058985181,0.509759607752188,0.387264422560201,0.185667255414832,0.249133320104982,0.324092352337356,0.138131102455219,0.69542686316702,0.636397742665183
6.0645185008,0.509785223175934,0.388011444373907,0.18563824059432,0.248942582842347,0.324146982581614,0.13906886153156,0.695423463770253,0.636954027216254
6.0700518206,0.509811059561376,0.388761177543589,0.185606331627451,0.248757546862143,0.324204727933925,0.140003630681446,0.695417391188827,0.637518724405732
6.0755851404,0.509837200623579,0.389513530035663,0.185571476838322,0.248578460449932,0.324265723785257,0.140935069585731,0.6954086774619,0.638091990485596
6.0811184602,0.509863730367756,0.390268410433196,0.185533623568728,0.248405561813257,0.324330106799028,0.141862848619939,0.695397353936484,0.638673972246454
6.08665178,0.50989073196895,0.391025728714945,0.185492725697895,0.248239076096154,0.324398006271054,0.142786652618791,0.695383457666845,0.639264804811098
6.0921850998,0.509918288969184,0.391785395724623,0.1854487333484,0.248079218463867,0.324469555620784,0.143706177260757,0.695367022317584,0.63986461418849
6.0977184196,0.509946485895696,0.392547319747806,0.185401592041468,0.247926196155434,0.324544893854227,0.144621123592372,0.695348077937164,0.64047351590324
6.1032517394,0.50997540575344,0.393311409842708,0.185351255735269,0.247780201940063,0.324624150018171,0.145531207902645,0.695326661488709,0.64109161178277
6.1087850592,0.510005131905545,0.394077576373781,0.185297675835762,0.247641417885171,0.324707456069783,0.14643615848861,0.695302807741307,0.641718994258952
6.114318379,0.510035748516672,0.39484572848439,0.185240800609764,0.247510016776107,0.324794947906908,0.147335711708283,0.695276549126435,0.642355745260497
6.1198516988,0.510067339671766,0.395615776224268,0.185180579313358,0.247386159540595,0.324886760358408,0.148229616683673,0.695247918985124,0.643001935764863
6.1253850186,0.510099988016542,0.396387628006952,0.185116966283243,0.247269993731064,0.324983021733298,0.149117634275888,0.695216954299785,0.643657621738016
6.1309183384,0.510133777093022,0.397161192965764,0.18504991239937,0.247161656872944,0.325083864693652,0.14999953609282,0.695183689492392,0.644322849838708
6.1364516582,0.510168792480847,0.397936383451533,0.184979362774274,0.247061277354284,0.325189429706573,0.150875106097249,0.695148155255121,0.644997660805816
6.141984978,0.510205116059093,0.39871310665669,0.1849052739019,0.246968967477751,0.325299842157192,0.151744139178939,0.695110389960993,0.645682074134441
6.1475182978,0.510242831264363,0.39949127072827,0.184827597291988,0.246884830354215,0.325415233972374,0.152606440374055,0.695070428556351,0.646376101082486
6.1530516176,0.510282022937601,0.400270787691157,0.184746280984367,0.246808958636228,0.325535741953234,0.153461829054929,0.695028303921969,0.647079746327386
6.1585849374,0.510322774790117,0.401051464843783,0.184661276344936,0.246741266547322,0.325661498445181,0.154310198296461,0.694984051135053,0.647792731391105
6.1641182572,0.510365169164977,0.401831125498121,0.18457253799464,0.246678469685071,0.325792631170337,0.155152655813049,0.694937707159617,0.648509595183192
6.169651577,0.510409289798948,0.402608828348523,0.184480017087177,0.24661928102802,0.325929272711771,0.155989547320503,0.694889306886125,0.649228109376542
6.1751848968,0.510455222966533,0.403384459866254,0.18438365945994,0.246563732625938,0.326071563506593,0.156820727240315,0.694838882426472,0.649948192492192
6.1807182166,0.510503049551782,0.404157905806353,0.184283423031274,0.246511855547994,0.326219626520508,0.157646050258358,0.694786472583056,0.650669761354347
6.1862515364,0.510552853096721,0.404929047189235,0.18417925967693,0.246463666708955,0.326373593419791,0.158465380480281,0.694732112773651,0.65139271389819
6.1917848562,0.51060471934526,0.405697773025274,0.184071117039754,0.246419167954381,0.326533602305506,0.159278605070893,0.694675836385014,0.652116940979656
6.197318176,0.510658731181698,0.406463968790803,0.183958948787927,0.246378356075795,0.326699782393771,0.160085612715008,0.694617679969625,0.652842324866598
6.2028514958,0.510714970873146,0.407227516615069,0.183842709653663,0.246341218942586,0.326872261219483,0.160886297672482,0.694557680526808,0.653568735557655
6.2083848156,0.510773522683216,0.407988302307015,0.183722350573046,0.246307730558975,0.327051172110171,0.16168057174804,0.694495873256262,0.65429603286599
6.2139181354,0.510834472811644,0.408747340149955,0.18359781926341,0.246276270254138,0.327236653548233,0.162471069895817,0.694432292075054,0.655023610404093
6.2194514552,0.5108979016904,0.409505415157133,0.183469073932792,0.246245510028282,0.327428827757608,0.163259905128851,0.694366975623192,0.655750925185415
6.224984775,0.510963892861509,0.410262101622436,0.183336067093072,0.246215800243069,0.327627825768437,0.164046301379367,0.69429995995458,0.656477901865505
6.2305180948,0.511032533198537,0.411016987707225,0.183198745820971,0.246187481200812,0.327833787377566,0.164829506506413,0.694231279019508,0.657204468908036
6.2360514146,0.511103904305402,0.411769650924816,0.183057066277686,0.246160901642833,0.328046838027715,0.165608749281983,0.694160970583088,0.65793055256765
6.2415847344,0.511177785519927,0.412519664552055,0.182910863233599,0.246136405534302,0.328266922286329,0.166383259017753,0.694088648753526,0.658656070086356
6.2471180542,0.511253794315507,0.41326661148016,0.182759904448595,0.246114329255787,0.328493889866912,0.167152282224372,0.694013698764103,0.659380940735947
6.252651374,0.511331227835703,0.414010074870065,0.182605412062322,0.246095006834722,0.328725815773382,0.167915068035343,0.693936639898025,0.660105081704787
6.2581846938,0.51140844484515,0.414749653048942,0.182450174903895,0.246078772878104,0.328958269941255,0.168670880170838,0.693858619749046,0.660828425927046
6.2637180136,0.511485414161978,0.415488791816311,0.182294310418929,0.246065569237105,0.329191103743049,0.169423222579206,0.693779724580907,0.661554361053416
6.2692513334,0.511562165083862,0.416229976198399,0.182137834357989,0.246055542672141,0.329424330725874,0.170174433526258,0.693699999441851,0.66228551887054
6.2747846532,0.511638727488334,0.416972853364026,0.18198076452701,0.246049172085364,0.329657962961324,0.170923681278663,0.693619492015344,0.66302202544939
6.280317973,0.511715130990917,0.417717072393404,0.181823118025555,0.246046931601138,0.329892012965362,0.171670140792265,0.693538249016472,0.663764003994542
6.2858512928,0.511791405087898,0.418462281718291,0.181664911360729,0.246049292730516,0.330126493727169,0.172412988987775,0.693456316448627,0.664511574448807
6.2913846126,0.511867579385161,0.419208129797888,0.181506161429851,0.246056725562663,0.33036141795531,0.173151404235225,0.693373740815013,0.665264855360551
6.2969179324,0.511943683571267,0.419954264823759,0.181346886002071,0.246069697064495,0.330596797569197,0.173884567759264,0.693290569573338,0.666023961888254
6.3024512522,0.512019747211363,0.420700335255947,0.181187102226202,0.246088671204901,0.330832644985162,0.174611664051046,0.693206849437565,0.666789006460847
6.307984572,0.512095799899595,0.421445989628861,0.181026826327042,0.246114112196228,0.331068973572553,0.175331877432633,0.693122626226638,0.667560101825089
6.3135178918,0.512171871266992,0.422190876669498,0.180866076581485,0.246146477103534,0.331305794685507,0.176044399565964,0.693037947848476,0.668337353773031
6.3190512116,0.512247990879109,0.422934644018052,0.180704870324878,0.246186221525954,0.331543120554231,0.176748422492097,0.692952861203987,0.669120865544006
6.3245845314,0.512324188395597,0.42367694052329,0.180543224437635,0.246233800954622,0.331780963957962,0.177443139568669,0.692867412833232,0.669910741477912
6.3301178512,0.512400493442052,0.424417414854188,0.180381156451504,0.246289665782541,0.332019336990548,0.178127749071646,0.692781649893556,0.670707080636729
6.335651171,0.512476935523958,0.425155715342922,0.180218684270183,0.246354260398516,0.332258251253776,0.178801454944405,0.692695619794141,0.671509975741438
6.3411844908,0.512553544237128,0.425891490147523,0.18005582533826,0.246428028819702,0.332497718898868,0.179463461327821,0.692609369575388,0.672319518967225
6.3467178106,0.512630349460409,0.42662438714549,0.179892596609978,0.246511418108668,0.332737752850431,0.180112969036822,0.692522946070387,0.673135805254158
6.3522511304,0.512707380509873,0.427354056896901,0.179729016465869,0.246604858724308,0.332978364044003,0.180749198172593,0.692436396975742,0.673958915621209
6.3577844502,0.512784666950666,0.428080145098317,0.179565102578203,0.246708783853423,0.333219564372463,0.181371361244894,0.692349769528869,0.67478892895174
6.36331777,0.512862238686026,0.428802301209752,0.179400872227026,0.24682363038793,0.333461366459,0.181978670821822,0.692263110913051,0.675625931597681
6.3688510898,0.512940125200814,0.429520174707926,0.179236343443423,0.246949822563175,0.333703781757391,0.182570352144751,0.692176468644236,0.6764699972711
6.3743844096,0.513018355897663,0.430233413112995,0.179071534290953,0.24708777947792,0.33394682160671,0.183145633635075,0.692089890188615,0.677321192590915
6.3799177294,0.513096960482863,0.430941664713319,0.178906462513507,0.247237922945801,0.334190497969357,0.183703741767518,0.69200342299637,0.67817958765912
6.3854510492,0.513175968960744,0.431644639533498,0.178741145732579,0.247400581347853,0.334434823228165,0.184244058185646,0.691917114693323,0.679045220881351
6.390984369,0.513255410411415,0.432344494979509,0.178575602387924,0.247572302354436,0.334679808023491,0.184772192625073,0.691831012799339,0.679916797333945
6.3965176888,0.513335314400027,0.433042346307725,0.178409850486494,0.247751201058751,0.334925463913533,0.185291145248975,0.691745164886521,0.680793547366476
6.4020510086,0.513415711153624,0.433738047317583,0.178243907737785,0.247937336991569,0.335171803415839,0.185800710326014,0.691659618891409,0.681675384309152
6.4075843284,0.513496629855887,0.434431445346176,0.178077792538796,0.248130758023556,0.335418837317091,0.18630068732262,0.691574422394682,0.682562203369732
6.4131176482,0.51357809988682,0.435122383917064,0.177911523141772,0.248331507608628,0.335666576745047,0.186790876308436,0.691489623028592,0.683453891525692
6.418650968,0.513660151143416,0.435810713983927,0.17774511762029,0.24853962780388,0.335915033523126,0.187271086180047,0.691405268763706,0.684350341787808
6.4241842878,0.513742813595037,0.436496286280598,0.177578594131947,0.24875515619779,0.336164219463091,0.187741130082808,0.691321407726984,0.685251442478388
6.4297176076,0.51382611616606,0.437178945979651,0.177411971205116,0.24897811918186,0.336414144960944,0.188200826797792,0.691238087371176,0.686157065161511
6.4352509274,0.513910088421632,0.437858537658219,0.177245267158386,0.249208541933099,0.336664821263245,0.188649995725119,0.691155355580018,0.687067079591318
6.4407842472,0.51399476099283,0.438534960499902,0.177078500163621,0.249446515119595,0.336916260829209,0.189088445380307,0.691073261156452,0.687981475619497
6.446317567,0.51408016260171,0.439208089768911,0.176911688851758,0.249692090752213,0.337168473749951,0.189515999016697,0.690991851453468,0.688900180521124
6.4518508868,0.514166322685869,0.439877635804407,0.176744851695698,0.24994509348666,0.337421470990172,0.189932542317747,0.690911174381567,0.689822729291067
6.4573842066,0.514253271413226,0.440543316278227,0.176578007132085,0.250205344436578,0.337675264281141,0.190337971841649,0.690831278545311,0.690748660714805
6.4629175264,0.514341038557731,0.441204844736381,0.176411173724724,0.250472660086357,0.337929864833007,0.190732184650025,0.690752212282454,0.691677504822738
6.4684508462,0.514429652968245,0.441861929018009,0.176244370123049,0.250746850028378,0.338185282845196,0.19111507898963,0.690674023091295,0.692608779046387
6.473984166,0.514519144220187,0.442514278809861,0.176077614936491,0.251027726288873,0.338441529283697,0.191486552520988,0.690596759156678,0.693542005098733
6.4795174858,0.514609543398084,0.44316253263029,0.175910926835218,0.2513152822082,0.338698616562866,0.19184725042209,0.690520470233302,0.694477814838489
6.4850508056,0.514700878632723,0.443808868142061,0.17574432455312,0.251609822252401,0.338956554079603,0.19219904588966,0.690445203185842,0.695418690394463
6.4905841254,0.51479317948925,0.444453250752124,0.175577826818589,0.251911269383633,0.339215352670661,0.192541981368492,0.690371006307839,0.696364520135757
6.4961174452,0.514886476486733,0.445095525639918,0.175411452467397,0.25221952890757,0.339475024019336,0.192875996732347,0.69029792895413,0.697315054547488
6.501650765,0.514980799043262,0.445735534459436,0.175245220340719,0.252534501633683,0.339735578702543,0.193201032825753,0.690226019383981,0.698270036093119
6.5071840848,0.515076176012411,0.446373116721919,0.175079149244185,0.252856086651473,0.339997026768227,0.193517030070446,0.690155325256596,0.699229203373391
6.5127174046,0.515172637187637,0.447008114003277,0.17491325808727,0.253184187779408,0.340259379100367,0.193823926223869,0.690085895274908,0.700192301782684
6.5182507244,0.515270213563826,0.44764036962197,0.174747565993022,0.253518713995811,0.340522647570803,0.19412165562616,0.690017779556848,0.701159083617781
6.5237840442,0.515368933143365,0.448269725207418,0.174582091752154,0.253859564157585,0.340786841391211,0.194410161049833,0.689951024895518,0.702129289365002
6.529317364,0.515468825491402,0.448896018597791,0.174416854357918,0.254206642564658,0.341051971133484,0.194689376033133,0.68988567984932,0.703102661162448
6.5348506838,0.515569921558375,0.449519094796289,0.174251873083618,0.254559860394149,0.341318048474757,0.19495923440214,0.689821794641993,0.704078955190439
6.5403840036,0.515672250246072,0.450138795632864,0.174087166919857,0.25491912204971,0.341585083326215,0.195219673583154,0.689759417165928,0.705057917682574
6.5459173234,0.515775840492997,0.450754960324728,0.173922754865966,0.25528433231418,0.341853085627031,0.195470628010548,0.689698595358963,0.706039292638908
6.5514506432,0.515880722390873,0.451367030526636,0.173758656170153,0.255656048508025,0.342122066220719,0.195710982018611,0.689639378561026,0.707023079034661
6.556983963,0.515986926684494,0.451970966548637,0.173594890282015,0.256040466840258,0.342392036402479,0.195930499708379,0.689581816966509,0.708011433388895
6.5625172828,0.516094481328075,0.452566033756774,0.173431476086877,0.256438452438632,0.342663005241198,0.196127581318141,0.689525957414952,0.709004486195406
6.5680506026,0.51620365242003,0.453152571923912,0.173268508924652,0.256849130561974,0.342935143495378,0.196303441361938,0.689472161344682,0.710001702485886
6.5735839224,0.516314792263275,0.453730921531099,0.173106110837069,0.25727163637957,0.343208681426206,0.196459285151529,0.689420903100344,0.711002557910669
6.5791172422,0.51642788968037,0.45430143148385,0.172944286756527,0.257705076691457,0.343483602923842,0.196596354792393,0.689372176436897,0.712006508175307
6.584650562,0.516542931351333,0.454864442773092,0.172783041058796,0.258148561594352,0.343759890292537,0.19671588117874,0.68932597241013,0.713013004367443
6.5901838818,0.516659905737869,0.455420298418513,0.172622378836865,0.258601206485533,0.344037526901004,0.19681909193298,0.689282284574734,0.714021504904045
6.5957172016,0.516778801021743,0.455969341872837,0.172462305341651,0.259062120420826,0.344316495680092,0.196907221452012,0.689241106363394,0.715031462293663
6.6012505214,0.516899602493059,0.456511918877904,0.172302825194818,0.259530399283096,0.344596777298241,0.196981519594809,0.689202427687877,0.716042318161
6.6067838412,0.517022297476627,0.457048370128013,0.172143943786381,0.2600051433799,0.344878353690246,0.197043226748113,0.689166241263007,0.717053513507913
6.612317161,0.51714687612276,0.457579039009439,0.171985667567984,0.260485456936288,0.345161208554776,0.197093582073151,0.689132543690744,0.718064495945727
6.6178504808,0.517273323141314,0.458104272674282,0.171828001535998,0.260970428205746,0.345445321605316,0.197133844468536,0.689101324677311,0.719074700880028
6.6233838006,0.517401625605693,0.458624409744794,0.171670951559874,0.261459147766171,0.345730674045818,0.197165261978623,0.689072577165567,0.720083557510965
6.6289171204,0.517531772279527,0.459139796150535,0.171514524226399,0.261950707667607,0.346017248053128,0.197189088482928,0.689046296505926,0.721090503818142
6.6344504402,0.517663750592204,0.459650776531517,0.171358725880378,0.262444194166796,0.346305024711826,0.19720658236472,0.689022476472582,0.722094970698313
6.63998376,0.517797546284279,0.460157692716751,0.171203562457826,0.262938690835025,0.346593983826454,0.197219001881726,0.689001108742105,0.723096383551776
6.6455170798,0.517933146788152,0.460660886553006,0.171049040593838,0.263433280847267,0.346884106194314,0.197227605705739,0.68898218738199,0.724094167400273
6.6510503996,0.518070542141836,0.461160705235909,0.170895167994901,0.263927043094463,0.347175374146935,0.197233662141446,0.688965710136736,0.725087748330372
6.6565837194,0.518209716808493,0.461657492107177,0.170741950581579,0.264419059189826,0.347467766226914,0.197238432917351,0.688951667390072,0.726076551297004
6.6621170392,0.518350658112932,0.462151584342196,0.170589395386212,0.264908405454208,0.34776126272672,0.197243178887988,0.688940053499145,0.727059989796404
6.667650359,0.518493355086316,0.462643332044339,0.170437510215411,0.26539415584653,0.348055844870905,0.197249176197809,0.688930865301727,0.72803748789087
6.6731836788,0.51863779447444,0.463133078846312,0.1702863021857,0.265875385539681,0.34835149228874,0.197257693306631,0.688924096660141,0.729008464385993
6.6787169986,0.51878396243392,0.46362116359495,0.170135778297641,0.266351170574328,0.348648184136279,0.197269993020622,0.688919740731561,0.729972334169278
6.6842503184,0.518931846721752,0.464107930213688,0.169985946277402,0.266820582361812,0.34894590044435,0.197287347851876,0.688917792999153,0.7309285125755
6.6897836382,0.519081436578228,0.464593728532147,0.169836814586717,0.267282684005204,0.34924462199151,0.197311044526943,0.688918251164945,0.731876412537351
6.695316958,0.519232716939633,0.465078897559304,0.169688390093511,0.267736556279251,0.349544326846122,0.197342341280053,0.688921107033144,0.732815453838555
6.7008502778,0.519385675130776,0.465563774886937,0.16954068071322,0.268181267652717,0.349844994417557,0.197382507234221,0.688926355843996,0.733745042539654
6.7063835976,0.519540300415961,0.466048714421563,0.169393695308999,0.268615877402733,0.350146605106963,0.19743283701883,0.68893399572496,0.734664591824297
6.7119169174,0.519696578926177,0.466532778962014,0.16924744155305,0.269038931818325,0.350449137373127,0.197493847143689,0.688944020479228,0.735571710780339
6.7174502372,0.519854497199706,0.46701416941996,0.169101927374007,0.269448706084411,0.350752569825699,0.197565463335549,0.688956424573712,0.736462875504371
6.722983557,0.520014043283748,0.467495015869374,0.168957161472438,0.269846207029676,0.35105688181131,0.197648808839698,0.688971204756186,0.737341222899049
6.7285168768,0.52017520568966,0.467975999996281,0.168813152901423,0.270231927780195,0.351362052788236,0.197744072216086,0.688988358591083,0.738207927776476
6.7340501966,0.520337969792458,0.468454598422565,0.168669909387275,0.270610479675921,0.351668060405183,0.197844118746644,0.689007879179733,0.739065078098486
6.7395835164,0.52050232291695,0.46893043337947,0.168527439638371,0.270982907869458,0.351974883278579,0.197947525510012,0.689029762555321,0.739913341248928
6.7451168362,0.520668254526187,0.469403669269249,0.16838575352692,0.271349394323853,0.352282500999267,0.198054274945396,0.689054008053106,0.740753063593102
6.750650156,0.520835750205139,0.469874453005156,0.168244859176687,0.271710136075266,0.352590891028453,0.19816431692989,0.689080609381826,0.741584589080421
6.7561834758,0.52100479683936,0.470342928103676,0.168104765425692,0.272065330525273,0.352900031413668,0.198277597578402,0.689109562265052,0.742408258628949
6.7617167956,0.521175382731865,0.47080925277436,0.16796548195037,0.272415183325357,0.353209900781495,0.198394069449003,0.689140864682235,0.743224436099717
6.7672501154,0.521347495733857,0.471273580899885,0.167827018345029,0.272759906761845,0.353520477388828,0.198513674138039,0.689174514078886,0.74403348766173
6.7727834352,0.521521121624692,0.471736058173027,0.167689383225277,0.273099722738706,0.353831738399415,0.198636335434322,0.689210504849969,0.744835780911733
6.778316755,0.521696247729178,0.472196833717396,0.167552586120837,0.27343485515207,0.354143661608341,0.198761978565326,0.689248833850014,0.745631688869466
6.7838500748,0.521872863674717,0.472656067245348,0.167416637986369,0.273765531478055,0.354456225688349,0.198890535767293,0.689289501661086,0.746421598723403
6.7893833946,0.522050954569051,0.473113905915757,0.16728154740981,0.27409199332711,0.354769407159241,0.199021912588647,0.689332501978861,0.747205899242867
6.7949167144,0.522230507610609,0.473570496080361,0.167147324242059,0.274414480321823,0.35508318336855,0.199156015758538,0.689377831852668,0.747984976402183
6.8004500342,0.522411511323827,0.474025995040327,0.167013979259755,0.274733238631294,0.355397532064072,0.199292756409033,0.689425490583582,0.748759233671621
6.805983354,0.522593952968544,0.474480554066107,0.16688152266697,0.275048520421613,0.355712430301574,0.199432033644494,0.689475475635514,0.749529074487721
6.8115166738,0.52277781869406,0.474934321005845,0.166749964123388,0.275360583718843,0.356027854570672,0.199573737287003,0.689527782817448,0.750294904724688
6.8170499936,0.522963095977292,0.475387447283602,0.166619314228015,0.275669689164127,0.356343781749277,0.199717758119476,0.689582410205307,0.751057136447729
6.8225833134,0.523149774119278,0.475840087884565,0.166489584927326,0.275976099664746,0.356660189191952,0.19986398821982,0.689639359046603,0.751816187549311
6.8281166332,0.523337838275637,0.476292391486388,0.166360785696135,0.276280089072698,0.356977052579502,0.20001230241369,0.689698623971772,0.752572480559085
6.833649953,0.523527275771177,0.476744507536811,0.166232927531348,0.276581930526333,0.357294348239829,0.200162577010478,0.689760203302525,0.753326438063144
6.8391832728,0.523718075317359,0.477196590369911,0.166106022561498,0.276881901227416,0.35761205275586,0.200314689142496,0.689824097878857,0.754078491597327
6.8447165926,0.523910223651445,0.477648790292858,0.165980081791081,0.277180284532955,0.357930141860365,0.200468505759904,0.689890305442526,0.754829074825813
6.8502499124,0.524103707258287,0.478101257718927,0.165855116206116,0.277477367924934,0.358248591052171,0.200623889793993,0.689958823464404,0.755578625643861
6.8557832322,0.524298513858893,0.478554144520926,0.165731137849225,0.277773441440349,0.358567376009669,0.200780703080577,0.690029651708118,0.756327585961275
6.861316552,0.524494632117593,0.479007601984809,0.165608159698694,0.278068797906429,0.358886472418899,0.20093880407838,0.690102791816286,0.757076399891239
6.8668498718,0.524692047582621,0.479461780679715,0.165486192660785,0.278363737721707,0.359205854921836,0.201098042958008,0.690178240243406,0.757825518401422
6.8723831916,0.524890747578788,0.479916833270936,0.165365249141465,0.278658563621749,0.359525498437323,0.201258269649188,0.690255996720253,0.758575396892685
6.8779165114,0.525090720970185,0.480372909561022,0.165245343004023,0.278953579780314,0.359845377966162,0.201419329780708,0.690336063974208,0.759326489341336
6.8834498312,0.525291954040285,0.480830160378047,0.165126486368014,0.279249097157329,0.360165467672271,0.201581063220719,0.690418440408299,0.760079257535376
6.888983151,0.525494433575098,0.481288739110182,0.165008691958425,0.279545431127577,0.360485741616672,0.201743307982605,0.690503125533523,0.760834170237759
6.8945164708,0.525698072943228,0.481749604352487,0.164892094469111,0.279841533096675,0.360805978474117,0.201908071255812,0.690590167412339,0.761591137449162
6.9000497906,0.525902753719847,0.482215346417506,0.164776880701627,0.280133596473619,0.361125873018219,0.202081749943888,0.690679634421474,0.762348942891125
6.9055831104,0.526108458577387,0.482686219694511,0.164663068488365,0.280421770666118,0.361445390089022,0.202264449028393,0.690771527065752,0.763107990360629
6.9111164302,0.526315172217268,0.483162308468794,0.164550676131811,0.28070649940048,0.361764496085457,0.202455809068314,0.690865848349078,0.763868807869275
6.91664975,0.526523702820827,0.48364369288105,0.164439949700554,0.280988219865995,0.362083753120273,0.202655473015055,0.69096365252138,0.764631912747045
6.9221830698,0.526734863045323,0.484130451205531,0.164331130312232,0.281267390070961,0.362403732733092,0.20286306113457,0.691065993357554,0.765397841276492
6.9277163896,0.526948636183507,0.484622485376289,0.164224230993982,0.281544371753009,0.362724405189525,0.20307811362328,0.691172867177489,0.766166857129298
6.9332497094,0.527165007726689,0.485118432007891,0.16411926663071,0.281818847185564,0.363045741095979,0.203299584822327,0.691284274357398,0.766937279193455
6.9387830292,0.527383962035686,0.485617621929479,0.164016251532945,0.282090862941945,0.363367710502741,0.203526758987534,0.69140021356863,0.767708484871424
6.944316349,0.527605480339289,0.486119596927205,0.163915197883463,0.282360581164968,0.363690282455826,0.203759015762237,0.691520678222752,0.768480178092174
6.9498496688,0.527829546348638,0.486623899399236,0.16381611984265,0.282628157306741,0.364013426505987,0.203995742092495,0.691645666191288,0.769252056705978
6.9553829886,0.528056147823945,0.487130069744729,0.163719034882554,0.282893738194984,0.36433711294139,0.204236331549745,0.691775182706499,0.770023807939713
6.9609163084,0.528285264466537,0.487637649001261,0.163623954544092,0.283157481633432,0.364661309922445,0.204480167367828,0.69190921901063,0.770795130634693
6.9664496282,0.528516879895794,0.488146180331575,0.16353089349679,0.283419538038758,0.364985986399003,0.204726642292817,0.692047773392584,0.771565718370333
6.971982948,0.52875098000207,0.488655203713108,0.163439868426319,0.283680051932815,0.365311111575752,0.204975151780293,0.692190848428389,0.772335255645923
6.9775162678,0.528987548157222,0.489164260218188,0.163350894260878,0.283939169627111,0.365636653896345,0.205225090591077,0.6923384424181,0.7731034298453
6.9830495876,0.529226566179957,0.489672751217809,0.163263984832895,0.284196876856955,0.365962581347062,0.205475874360854,0.692490551012852,0.773869628074763
6.9885829074,0.529468018162034,0.490180158917775,0.163179155995882,0.284453248799188,0.366288862166152,0.205726910118587,0.692647174157916,0.774633407716963
6.9941162272,0.529711891003316,0.490686117881544,0.163096426212427,0.284708531994459,0.366615464790888,0.205977585887085,0.692808317215743,0.775394649876003
6.999649547,0.529958164793098,0.491190266365336,0.163015808437074,0.284962975497012,0.366942356356024,0.206227290868324,0.692973973230172,0.776153241862347
7.0051828668,0.530206823242521,0.491692239547926,0.162937318830293,0.285216821231805,0.367269504412228,0.206475418316121,0.693144142072814,0.776909060779731
7.0107161866,0.530457549741282,0.492191672936451,0.16286056540585,0.285470309029578,0.367596984335432,0.206721363906872,0.693318115147132,0.777661981966029
7.0162495064,0.530709148029119,0.492688203718399,0.162783964103637,0.285723677054884,0.367925183925481,0.206964526663514,0.693493112132756,0.778411880773283
7.0217828262,0.530961466619635,0.493181467883584,0.162707345659199,0.285977158881689,0.368254120960436,0.207204309001896,0.693668812278834,0.779158626765273
7.027316146,0.531214471855385,0.493671101186784,0.162630699641169,0.286230985822137,0.368583772214216,0.207440115364647,0.693845171496554,0.77990208700892
7.0328494658,0.531468130399311,0.494156738974817,0.16255401569592,0.286485388128107,0.36891411470339,0.20767135084671,0.694022146095231,0.780642127102924
7.0383827856,0.531722407476824,0.494638019922057,0.16247728387884,0.28674059042207,0.369245123597984,0.207897429499987,0.694199691355665,0.781378610344126
7.0439161054,0.5319772692013,0.495114577496428,0.162400494273865,0.286996813399183,0.369576774927435,0.208117764097245,0.694377763475165,0.782111390895611
7.0494494252,0.53223268234368,0.495586047968626,0.162323636935293,0.287254281437785,0.369909045408387,0.20833176653084,0.694556319278974,0.782840329406411
7.054982745,0.532488612456984,0.496052069976279,0.162246702362331,0.287513210642052,0.370241910094653,0.208538859334227,0.694735314819315,0.783565280618332
7.0605160648,0.532745025448158,0.496512277305521,0.162169681154941,0.287773812339466,0.370575344293218,0.208738464966056,0.694914706603099,0.784286089644987
7.0660493846,0.533001887656854,0.496966306503703,0.162092563920329,0.288036300929342,0.370909323736525,0.208930005574361,0.695094451577182,0.785002607433045
7.0715827044,0.533259165354741,0.497414895895992,0.162015341397065,0.28829900585169,0.371243823957676,0.209115890044303,0.695274506751806,0.785713901747682
7.0771160242,0.533516824161406,0.497859615955706,0.16193800477269,0.288558824991614,0.371578819388716,0.209300790964091,0.695454828934096,0.78641844094732
7.082649344,0.533774830190224,0.498300252490283,0.161860545205645,0.288815694759572,0.371914284984579,0.209484557730711,0.695635375395869,0.787115947249855
7.0881826638,0.53403314996472,0.498736568281118,0.161782953701304,0.289069605767529,0.372250196263416,0.209666962513588,0.695816103666024,0.787806174048647
7.0937159836,0.53429174913567,0.499168321790059,0.161705221963681,0.289320546748098,0.372586527171989,0.209847775041961,0.695996971099351,0.788488868538157
7.0992493034,0.53455059375968,0.499595264724978,0.161627341645061,0.289568498513462,0.372923252114619,0.210026766211516,0.696177935404741,0.78916376323844
7.1047826232,0.53480965008155,0.500017159872954,0.161549304342286,0.289813446126003,0.373260345739264,0.210203713746952,0.696358954423836,0.789830605998957
7.110315943,0.535068884165576,0.500433766942713,0.161471101920529,0.290055371414142,0.373597782245047,0.210378395528572,0.696539986086105,0.790489138356855
7.1158492628,0.535328261933572,0.500844840862726,0.161392726664877,0.290294251548389,0.373935535268695,0.210550589314337,0.696720988598449,0.791139092411115
7.1213825826,0.535587749499855,0.501250137226349,0.16131417080946,0.290530061832672,0.374273578690394,0.210720075393677,0.696901920309315,0.791780199059021
7.1269159024,0.535847313045752,0.501649419689491,0.161235426317335,0.290762781499985,0.374611886728417,0.210886638189506,0.697082739363087,0.792412201189476
7.1324492222,0.536106918506525,0.502042446814983,0.16115648615533,0.290992384802828,0.374950432351195,0.211050062012156,0.697263404661855,0.793034831617811
7.137982542,0.536366531995549,0.502428966788475,0.161077343042935,0.29121883795334,0.375289188952615,0.211210128835135,0.697443875038484,0.793647804741815
7.1435158618,0.536626119570822,0.502808746585239,0.160997989593215,0.291442118678728,0.375628129977607,0.211366627906511,0.697624109164037,0.794250865263967
7.1490491816,0.536885647273167,0.503181545222993,0.160918418901716,0.291662198197233,0.375967228371452,0.21151934702576,0.697804066174883,0.794843743420226
7.1545825014,0.537145081234671,0.503547115194256,0.160838624392621,0.291879041993033,0.37630645684205,0.211668073201224,0.697983705627291,0.795426157187289
7.1601158212,0.537404387535414,0.503905366457559,0.160758599396174,0.292092717334737,0.37664578813924,0.211812649122822,0.698162986931589,0.795998083792296
7.165649141,0.537663532028124,0.504256972476207,0.16067833708224,0.29230378874382,0.376985194945884,0.211953183732387,0.698341869110364,0.796560761220027
7.1711824608,0.537922481010899,0.504602234550378,0.16059783164361,0.292512581433592,0.377324649367289,0.212089653116787,0.698520312654509,0.79711481598397
7.1767157806,0.538181200597116,0.504941366849065,0.160517077014587,0.292719368605514,0.377664123582528,0.212221998243551,0.698698277611703,0.797660735454579
7.1822491004,0.538439656566021,0.505274601166605,0.160436066929338,0.29292443960511,0.378003589636683,0.212350161561495,0.698875723495359,0.798199040771715
7.1877824202,0.538697815118862,0.505602160058001,0.160354795889215,0.293128077204993,0.378343019229648,0.212474082853008,0.699052611008077,0.798730237262993
7.19331574,0.538955642506052,0.505924260989877,0.160273258577638,0.293330562877497,0.378682383928414,0.21259369811238,0.699228901083689,0.799254823867374
7.1988490598,0.539213104681486,0.506241128822642,0.160191449556902,0.293532186988466,0.379021655124584,0.212708941834176,0.699404554238388,0.799773315811108
7.2043823796,0.539470167353185,0.506552989137154,0.160109363417285,0.293733243865812,0.3793608039359,0.212819745271342,0.69957953077047,0.800286233002966
7.2099156994,0.539726797090141,0.506860063406028,0.160026995728829,0.293934021777406,0.379699801361312,0.212926041628622,0.69975379281897,0.800794085183434
7.2154490192,0.539982960005728,0.507162569858048,0.159944341830076,0.294134811544991,0.380038618175651,0.213027758313057,0.699927301835804,0.80129738140304
7.220982339,0.540238621508495,0.507460736826405,0.15986139676259,0.29433591656567,0.380377224745905,0.213124820260735,0.700100018271084,0.801796653392074
7.2265156588,0.54049374814401,0.507754786983018,0.159778156682712,0.294537631389313,0.380715591461298,0.213217155593704,0.700271904826722,0.802292418372331
7.2320489786,0.540748306189064,0.508044938726852,0.159694617734655,0.294740250956098,0.381053688454409,0.213304687770755,0.700442923923719,0.80278518968295
7.2375822984,0.541002261644123,0.508331331743154,0.159610775985931,0.294944227118129,0.381391485658193,0.213387104625025,0.700613037630054,0.803275558861284
7.2431156182,0.541256038165999,0.508614206541078,0.159526721891713,0.295149835974956,0.381729316274286,0.213464370566122,0.700782760057712,0.803764042516034
7.248648938,0.541510066431127,0.508893947498641,0.159442545427005,0.295357096046663,0.382067521004122,0.213536851451978,0.700952611858132,0.804251043545304
7.2541822578,0.541764343248099,0.509170938520685,0.159358245868042,0.295566030656793,0.382406097380057,0.213604907863892,0.70112258911614,0.804736969177478
7.2597155776,0.542018865792089,0.509445428074691,0.15927382216203,0.295776524979748,0.38274504363006,0.213668903094943,0.701292687954119,0.80522195305444
7.2652488974,0.542273630527337,0.509717075528355,0.159189273943516,0.295987842194758,0.383084356583821,0.213729233333598,0.701462904470853,0.805704917723113
7.2707822172,0.542528634229915,0.509986105625906,0.159104600582759,0.296199844921888,0.383424033647156,0.213786260704018,0.701633234812674,0.806185950547794
7.276315537,0.542783873891546,0.510252842236206,0.159019801256282,0.296412500640073,0.383764072635265,0.213840341596133,0.701803675147828,0.806665342876279
7.2818488568,0.543039346329818,0.510517607442353,0.158934875327538,0.296625774772288,0.38410447100228,0.213891832670065,0.701974221657357,0.807143382214641
7.2873821766,0.543295048150907,0.510780722269439,0.158849822401328,0.296839631699536,0.38444522574958,0.213941090569904,0.702144870552235,0.807620353968975
7.2929154964,0.543550976177044,0.511042508275064,0.15876464188922,0.297054038969996,0.384786334287824,0.213988469305068,0.702315618066264,0.80809654724506
7.2984488162,0.543807127551245,0.511303288167074,0.158679332875587,0.297268967030302,0.385127794675658,0.214034321136772,0.702486460426832,0.808572255197376
7.303982136,0.544063498723749,0.511563383634421,0.158593895205444,0.297484383180217,0.385469603518305,0.214079000454204,0.702657393929193,0.809047766814639
7.3095154558,0.544320086503147,0.511823115704533,0.158508328371057,0.297700257263586,0.38581175813209,0.214122858440947,0.702828414874203,0.809523372968118
7.3150487756,0.544576887904292,0.51208280709666,0.158422631650085,0.297916561248077,0.386154256254207,0.214166245848583,0.702999519554377,0.809999368344737
7.3205820954,0.544833899661115,0.512342779372688,0.158336804653433,0.298133266391437,0.386497095007682,0.214209512981251,0.703170704314548,0.810476045764125
7.3261154152,0.545091118440319,0.512603354200326,0.158250847100758,0.298350345301164,0.386840271339561,0.214253008899161,0.703341965541077,0.81095369950149
7.331648735,0.545348541101634,0.512864853625253,0.158164758512227,0.298567771751873,0.387183782589406,0.21429708187338,0.703513299613861,0.811432625377126
7.3371820548,0.545606164675681,0.51312759964334,0.158078538213819,0.298785519302003,0.387527626461862,0.214342080341337,0.7036847028895,0.811913118945343
7.3427153746,0.545863985687595,0.513391913162764,0.157992186172681,0.299003563331542,0.387871799514914,0.214388349831222,0.703856171860276,0.812395476494306
7.3482486944,0.546122000945967,0.513658117538381,0.157905702040516,0.299221881200438,0.388216298905451,0.214436236337944,0.704027702986483,0.812879998738819
7.3537820142,0.546380207480121,0.51392653384052,0.157819085201055,0.299440447653648,0.388561122279066,0.214486086186871,0.704199292681176,0.813366981494168
7.359315334,0.54663860195765,0.51419748306225,0.157732335524975,0.299659240618356,0.388906266432675,0.214538242443894,0.704370937482624,0.813856723680607
7.3648486538,0.546897181097123,0.514471288385954,0.157645452851153,0.299878240618094,0.38925172824597,0.21459304776786,0.704542633948275,0.814349529004049
7.3703819736,0.54715594178711,0.514748271358368,0.157558436813442,0.300097426255104,0.389597504973668,0.214650845103263,0.704714378600552,0.814845697613472
7.3759152934,0.547414880963158,0.515028153135253,0.157471286992771,0.300316359991695,0.389943593970387,0.214711793143557,0.704886167955929,0.815344513126948
7.3814486132,0.547673995216637,0.51530101701231,0.15738400348293,0.300527922630952,0.390289991733707,0.214773094381357,0.705057998699566,0.815828939643262
7.386981933,0.547933281356137,0.515563751863484,0.157296586103001,0.300729682209972,0.390636695253136,0.214834069653512,0.705229867459138,0.816293434073456
7.3925152528,0.548192736416794,0.51581710525906,0.15720903434908,0.300921876872117,0.390983702067714,0.214895228386943,0.705401770765875,0.816738982131178
7.3980485726,0.548452357017183,0.516061805273717,0.15712134836437,0.301104743982328,0.391331008652813,0.21495706129139,0.705573705381553,0.817166549256045
7.4035818924,0.54871213991908,0.516298569764606,0.157033528112664,0.301278516312663,0.391678611806416,0.215020053451942,0.705745668031744,0.817577086077269
7.4091152122,0.548972082031234,0.516528138727404,0.156945573347963,0.301443443193002,0.392026508683272,0.215084695534401,0.705917655379197,0.817971581920406
7.414648532,0.549232180211437,0.516751181827666,0.156857483919948,0.301599884400626,0.392374696291489,0.21515129742704,0.706089664131385,0.818351066228292
7.4201818518,0.549492431108635,0.516968211310871,0.156769260054909,0.301748455233301,0.392723171053726,0.215219756077571,0.706261691163543,0.818716666544172
7.4257151716,0.549752831531418,0.517179721656262,0.156680901748321,0.301889806822749,0.393071929783096,0.215289914833513,0.706433733279739,0.819069528479011
7.4312484914,0.550013378512073,0.517386220669519,0.156592408616352,0.302024597472061,0.393420969895721,0.215361623197458,0.706605787128425,0.819410818141579
7.4367818112,0.550274068637476,0.517588203331255,0.156503781087921,0.30215348770304,0.393770287549555,0.215434715628215,0.706777849725397,0.819741691034294
7.442315131,0.550534898703951,0.51778616027139,0.156415019258831,0.302277131626849,0.39411987944512,0.215509028644541,0.706949917962781,0.82006329189824
7.4478484508,0.550795865631767,0.517980597027757,0.156326123011103,0.302396193115867,0.394469742620664,0.21558440391189,0.70712198864287,0.820376790143624
7.4533817706,0.551056966218279,0.518172011527477,0.15623709247746,0.302511333901888,0.394819873740819,0.215660677625588,0.707294058695739,0.820683345429365
7.4589150904,0.55131819716135,0.51836089838685,0.156147928023942,0.302623214916458,0.395170269137408,0.215737683470391,0.707466125185292,0.820984113303308
7.4644484102,0.551579555283192,0.518547755879743,0.156058629803566,0.302732498236815,0.395520925479626,0.215815257642928,0.707638185086758,0.821280254116558
7.46998173,0.551841037563718,0.518733084601726,0.155969197648673,0.302839847200335,0.395871839915045,0.215893237401391,0.707810235212392,0.821572931802061
7.4755150498,0.55210264061629,0.518917380977411,0.155879632200616,0.302945924833891,0.396223008415673,0.21597145614352,0.707982272816906,0.821863305811301
7.4810483696,0.552364361249497,0.519101142201027,0.155789933724711,0.303051392913187,0.396574427524785,0.21604974928784,0.708154294974208,0.822152535114213
7.4865816894,0.552626196386469,0.519284867531365,0.155700102240369,0.303156915013364,0.3969260941461,0.216127952518001,0.708326298626838,0.822441782544729
7.4921150092,0.552888142781445,0.51946905393764,0.155610138178114,0.3032631533071,0.397278004603331,0.21620590063054,0.708498280959559,0.822732207244739
7.497648329,0.553150197172543,0.519654200407412,0.155520042052441,0.30337077061448,0.397630155120102,0.216283429792932,0.708670239224984,0.823024971021892
7.5031816488,0.553412356399205,0.519840805293755,0.155429814161757,0.303480429770009,0.397982542237448,0.216360375523746,0.708842170560962,0.823321235063764
7.5087149686,0.553674617369491,0.520029364114899,0.155339454635574,0.30359279329948,0.398335162733917,0.216436570815419,0.709014072005064,0.823622157414379
7.5142482884,0.553936976751384,0.520220375430492,0.155248964271474,0.303708522695587,0.39868801247991,0.216511852734905,0.709185941022859,0.823928898126079
7.5197816082,0.554199431353478,0.520414358381869,0.155158343537754,0.303828300751873,0.399041087815724,0.216586057629996,0.709357774891232,0.824242659133741
7.525314928,0.554461978093101,0.520612237603083,0.155067592602124,0.303953232726895,0.399394385490977,0.216659004876188,0.709529570695226,0.824565470329978
7.5308482478,0.554724615065531,0.520814692033775,0.154976710076539,0.304084166617007,0.399747904988992,0.216730525416768,0.70970132514207,0.824898858650782
7.5363815676,0.554987845820103,0.521022207082023,0.154884906668229,0.304221751272035,0.400102939151874,0.216800455809987,0.709872752488333,0.825243958354058
7.5419148874,0.555252093760803,0.521235258607255,0.15479151934136,0.30436663297108,0.400460574419443,0.216868625636175,0.710043613102163,0.825601891578335
7.5474482072,0.555517338069769,0.521454320840729,0.154696578135043,0.304519459581861,0.400820759934726,0.216934861258868,0.710213916204812,0.82597378042259
7.552981527,0.555783556158331,0.521679876118307,0.154600116131364,0.304680879492574,0.401183440026966,0.216998996625733,0.710383672289695,0.826360755610882
7.5585148468,0.556050726605239,0.521912411198307,0.154502164440587,0.304851550370117,0.401548562164652,0.217060860828191,0.710552891045826,0.826763961568424
7.5640481666,0.556318829278633,0.522152392450821,0.154402751938449,0.305032125296882,0.401916077340184,0.217120267153938,0.710721581217082,0.827184517747703
7.5695814864,0.556587841611832,0.522400299541561,0.154301911727076,0.305223257787685,0.402285929884756,0.217177041753875,0.710889753338907,0.827623557329246
7.5751148062,0.556857741970588,0.522656625104733,0.154199675319087,0.305425617973721,0.402658066651501,0.217231007131012,0.711057417289675,0.828082243078454
7.580648126,0.557128509517779,0.52292183743376,0.154096072832393,0.305639868183807,0.403032436685386,0.217281969249953,0.711224582350171,0.828561705617568
7.5861814458,0.557400124358644,0.523196459548549,0.153991135248642,0.305866592836469,0.403408989110002,0.21732986671208,0.711391259607286,0.829063052385018
7.5917147656,0.557672690798121,0.523482031650268,0.153884908865816,0.306104654683648,0.403787781932305,0.21737737696662,0.711557599663938,0.829586686333916
7.5972480854,0.557946272038602,0.523779601928348,0.153777433155842,0.306353771106703,0.40416883888276,0.217425830821646,0.711723705194444,0.830133373035051
7.6027814052,0.558220847405866,0.524089809300147,0.153668735852629,0.306614321828231,0.404552111553237,0.217475487471916,0.711889583258495,0.830704131128378
7.608314725,0.558496393061476,0.524413180837739,0.153558849119955,0.306886606747622,0.40493754394152,0.217526574090117,0.712055242181431,0.83129978758536
7.6138480448,0.558772886732657,0.524748075058608,0.153447802930186,0.307169397824469,0.405325083802471,0.217578677234139,0.712220689662843,0.831917472883077
7.6193813646,0.559050306981048,0.525093442826214,0.153335626072254,0.307461884806552,0.405714680908794,0.217631558019662,0.712385933053302,0.832555327632766
7.6249146844,0.559328631402042,0.525448860348216,0.153222348689514,0.307763697754506,0.406106282712528,0.21768516259371,0.712550980091556,0.833212558102722
7.6304480042,0.559607837053176,0.525813913503694,0.153108001687623,0.30807447266273,0.406499835365553,0.217739440840964,0.7127158387408,0.833888386166424
7.635981324,0.559887901829235,0.526188179991748,0.152992614783861,0.308393841205149,0.406895287045374,0.217794338786599,0.712880516613095,0.834582021196898
7.6415146438,0.560168804564865,0.526571227899249,0.152876216342366,0.308721429141831,0.4072925882225,0.217849798757419,0.713045020907231,0.83529265704108
7.6470479636,0.560450521745206,0.526962636320947,0.152758838075342,0.309056864721283,0.407691683669865,0.217905771599664,0.713209359820548,0.83601950104223
7.6525812834,0.560733031132337,0.527361995562643,0.152640509871847,0.309399785489967,0.40809252126049,0.217962210072675,0.713373541004184,0.83676178105261
7.6581146032,0.561016311294992,0.527768868576073,0.152521260446861,0.309749808924004,0.408495050848131,0.218019059652069,0.713537571741852,0.837518677500076
7.663647923,0.561300339553791,0.528182833483593,0.152401120302851,0.310106559448067,0.40889921925094,0.218076274035526,0.713701459856642,0.838289392931661
7.6691812428,0.56158509323395,0.528603474909853,0.152280119936621,0.310469664271183,0.409304973297329,0.21813381063867,0.713865213170571,0.839073139181036
7.6747145626,0.561870550337465,0.529030367463918,0.1521582888551,0.310838741960057,0.409712261482365,0.218191625503861,0.714028839192565,0.839869109423975
7.6802478824,0.562156689223977,0.529463083651084,0.152035656022966,0.311213407165009,0.410121033201011,0.218249676486075,0.714192345246942,0.840676490816093
7.6857812022,0.562443486746416,0.52990120321244,0.151912252607077,0.311593275354537,0.410531234139339,0.218307927857902,0.714355739353493,0.841494478566977
7.691314522,0.562730920666863,0.530344309488362,0.151788108437554,0.311977962825619,0.41094281222931,0.218366346662742,0.714519029104417,0.842322272313981
7.6968478418,0.563018969500807,0.530791971527573,0.151663252205793,0.3123670726332,0.411355717295015,0.218424898894373,0.7146822217066,0.843159044160773
7.7023811616,0.56330761041478,0.531243767555997,0.15153771459645,0.312760210215563,0.41176989581833,0.218483557340434,0.714845325011231,0.84400397777156
7.7079144814,0.56359682094133,0.531699279798262,0.151411525747783,0.313156980987023,0.412185295193547,0.218542298811239,0.715008346689113,0.844856260785285
7.7134478012,0.563886579129328,0.532158082198295,0.151284715005597,0.313556980814957,0.412601864123732,0.218601101383338,0.715171294134925,0.845715063013252
7.718981121,0.564176862984088,0.532619750400509,0.151157311756139,0.313959802881599,0.413019551227949,0.218659947518911,0.715334174740227,0.846579553282108
7.7245144408,0.564467649665993,0.533083863646748,0.151029346670116,0.314365039426233,0.413438302995878,0.218718824220515,0.71549699633611,0.847448903072981
7.7300477606,0.564758916937125,0.533550000692281,0.150900849490898,0.314772278593142,0.413858067446227,0.218777722099138,0.715659766428022,0.848322279285423
7.7355810804,0.565050643199384,0.534017735537232,0.150771848932887,0.315181100356439,0.414278794266497,0.218836635180793,0.71582249213227,0.849198835893671
7.7411144002,0.565342805585897,0.534486646421942,0.150642375683317,0.315591084854805,0.41470042990258,0.218895561567137,0.715985181269214,0.850077731276747
7.74664772,0.565635381776206,0.534956312025436,0.15051245956852,0.316001808387285,0.415122922207686,0.218954503638152,0.716147841344726,0.850958120412721
7.7521810398,0.565928349805713,0.535426308051397,0.150382129818601,0.316412840332457,0.415546219987112,0.21901346771894,0.716310479624314,0.851839148383854
7.7577143596,0.566221687446088,0.535896212004043,0.150251416059607,0.316823747619632,0.41597027138648,0.219072464384411,0.716473103505695,0.852719959623676
7.7632476794,0.566515372104826,0.536365101017907,0.150120348511591,0.317234959269171,0.416395023593235,0.219130141748736,0.716635720616418,0.853600060287077
7.7687809992,0.566809381548121,0.536828662585514,0.149988956792782,0.317652756566981,0.416820424755339,0.219175906018533,0.716798338340902,0.854481419152495
7.774314319,0.567103693991609,0.537285905453457,0.149857269704622,0.31807767906384,0.417246424286987,0.219208226389617,0.716960963696231,0.855363584517296
7.7798476388,0.567398286668031,0.537736752617908,0.149725317733278,0.318508686625712,0.417672968934753,0.219228065992195,0.717123604401309,0.85624543924362
7.7853809586,0.567693137339465,0.538181114289602,0.149593130443092,0.318944744902559,0.418100006896373,0.219236369387044,0.717286267782557,0.857125859192161
7.7909142784,0.567988223967507,0.538618903208823,0.149460736989973,0.319384824329272,0.418527486977534,0.219234078879551,0.71744896095748,0.858003727538095
7.7964475982,0.568283524210864,0.539050035326678,0.149328167055268,0.319827882833997,0.418955357155596,0.21922215249268,0.717611691266133,0.858877918160675
7.801980918,0.568579015663803,0.539474462224529,0.149195450450103,0.320272906600941,0.4193835652137,0.219201555623588,0.717774466113906,0.85974736882547
7.8075142378,0.568874676118826,0.539892218890257,0.14906261657847,0.320718963648546,0.419812059540356,0.219173255241711,0.717937292697296,0.860611182538803
7.8130475576,0.569170483478372,0.540303274964552,0.148929694530567,0.321165058458221,0.420240788947805,0.219138216506331,0.71810017800894,0.861468333422773
7.8185808774,0.569466415262069,0.540707598781399,0.148796714243656,0.321610177929325,0.420669701018412,0.219097420852074,0.718263129505725,0.862317776710724
7.8241141972,0.569762449231996,0.541105146836389,0.148663705113412,0.322053303922879,0.421098744118583,0.219051842913509,0.718426154345408,0.863158450759268
7.829647517,0.570058563215599,0.541495890142119,0.148530696259098,0.322493427214306,0.421527866956501,0.219002462927813,0.718589259474697,0.863989317356425
7.8351808368,0.570354734879306,0.541879795014162,0.148397717230335,0.322929527569142,0.421957017648971,0.21895026744502,0.718752452109641,0.864809322583303
7.8407141566,0.570650941943812,0.542257781248392,0.148264797467287,0.323361344581487,0.422386144476526,0.218896436666904,0.718915739411099,0.865619125829879
7.8462474764,0.570947162167591,0.542639132306135,0.148131966196279,0.323795311840116,0.422815195971312,0.218843820466019,0.719079128363869,0.866434444146252
7.8517807962,0.571243373260561,0.543026251361737,0.14799925260688,0.324232414420638,0.423244120653681,0.218793836941099,0.719242625867441,0.867258665782375
7.857314116,0.571539552968899,0.543419202607056,0.147866686124516,0.324671778400264,0.423672866844383,0.218747424206792,0.719406239093415,0.86809098100732
7.8628474358,0.571835679054686,0.543818053252242,0.147734295936708,0.325112528224467,0.424101383117978,0.218705525027775,0.719569974991395,0.868930581476708
7.8683807556,0.572131729150877,0.544222861828585,0.147602111159772,0.325553770783002,0.424529617991105,0.218669091045583,0.719733840310649,0.869776632611587
7.8739140754,0.572427681052301,0.544633690338659,0.147470161022379,0.325994623637612,0.424957520029922,0.218639066701047,0.71989784207468,0.87062831397627
7.8794473952,0.572723512545742,0.545050605124324,0.147338474628083,0.326434203422391,0.425385037917659,0.218616401701933,0.720061987173826,0.871484808546715
7.884980715,0.573019201295301,0.545473667341407,0.147207081058418,0.326871612674081,0.425812120236883,0.218602054667326,0.720226282353719,0.872345280015487
7.8905140348,0.573314724939063,0.545902940502676,0.147076009410783,0.327305951794078,0.426238715528279,0.218596988708598,0.720390734349846,0.873208892296754
7.8960473546,0.573610061389411,0.546338485591808,0.146945288632402,0.327736330328421,0.426664772757009,0.218602155263387,0.720555350021813,0.874074815920229
7.9015806744,0.573905188408426,0.546780366293532,0.146814947660164,0.328161848564948,0.427090240748261,0.218618517728585,0.72072013606859,0.87494221485848
7.9071139942,0.57420008337423,0.547228649557352,0.146685015637532,0.328581587029395,0.427515067736698,0.218647062527957,0.720885099011761,0.875810236586747
7.912647314,0.574494728354114,0.547683392791036,0.14655552122397,0.328994648882979,0.427939207130143,0.218688743908057,0.721050249578084,0.876678041674015
7.9181806338,0.574789237695255,0.548144659581365,0.146426490917929,0.329400126108088,0.428362746777327,0.218744533473277,0.721215728613184,0.877544785689454
7.9237139536,0.575083656357755,0.548612515317522,0.146297951396687,0.32979709505145,0.428785704961068,0.218815420266072,0.721381607754442,0.878409610368971
7.9292472734,0.575377960822295,0.549087148352662,0.146169930003186,0.330184420866345,0.429208030819109,0.218902727486317,0.721547890825481,0.879271569219007
7.9347805932,0.575672127711258,0.549568720504989,0.146042453777253,0.330561012273159,0.429629673934005,0.219007708231829,0.72171458148851,0.880129732778148
7.940313913,0.575966133557599,0.550056573468993,0.145915549922658,0.33092719280524,0.430050583634941,0.219129380663752,0.721881683480257,0.880983766274233
7.9458472328,0.576259954585845,0.550549998411129,0.14578924611519,0.331283371799209,0.430470708470655,0.21926662661192,0.722049200701035,0.881833370210337
7.9513805526,0.576553567596271,0.551048268332558,0.145663568990428,0.331629987944213,0.430889998605842,0.219418280388345,0.722217136586699,0.882678256276771
7.9569138724,0.576846949133326,0.55155066400468,0.145538545608776,0.331967457533293,0.43130840352455,0.219583206471387,0.722385494742101,0.883518121537974
7.9624471922,0.577140075468302,0.552056473905134,0.145414203407434,0.332296189325592,0.431725872060868,0.219760284579542,0.722554278875736,0.884352663230727
7.967980512,0.577432923173832,0.552564978718096,0.145290569293702,0.332616599924835,0.43214235388013,0.219948378793261,0.722723492467533,0.885181578642931
7.9735138318,0.577725468963746,0.553075456145828,0.145167669932524,0.332929102457732,0.432557799031222,0.220146353688096,0.72289313889627,0.88600455860356
7.9790471516,0.578017689293203,0.553587189435156,0.145045532340262,0.333234101661211,0.432972156952941,0.220353087773944,0.723063221633465,0.886821291096367
7.9845804714,0.578309560267477,0.554099466294252,0.144924183982402,0.333531998044605,0.433385376285076,0.220567468249647,0.723233744249879,0.887631464338857
7.9901137912,0.578601058883893,0.554611564121923,0.144803650986388,0.333823200843405,0.433797407897505,0.220788363278518,0.723404709870281,0.888434764965328
7.995647111,0.5788921616869,0.555122760628267,0.144683960101592,0.334108104105819,0.434208201585308,0.221014656522448,0.723576121788492,0.889230864734086
8.0011804308,0.579182844700746,0.555632345661504,0.14456513875037,0.334387104945196,0.434617705950376,0.221245240716308,0.723747983451116,0.8900194506067
8.0067137506,0.579473084717304,0.556139599915281,0.144447213228198,0.334660600764192,0.435025871489106,0.221478999151089,0.723920297945502,0.890800200679473
8.0122470704,0.579762858478208,0.556643800260803,0.144330209865674,0.334928979975511,0.435432648612534,0.221714820285292,0.724093068343882,0.891572780236314
8.0177803902,0.580052142297174,0.557144231420328,0.144214155531284,0.335192632687281,0.43583798676589,0.221951598733047,0.724266297828458,0.892336864107609
8.02331371,0.580340912287515,0.557640178762762,0.144099077303287,0.335451949320045,0.436241834984228,0.222188229442718,0.724439989590803,0.893092128082807
8.0288470298,0.580629145579959,0.558130922083844,0.143985000842551,0.335707314477187,0.436644144737408,0.222423607606656,0.724614146422511,0.893838236561031
8.0343803496,0.580916818718956,0.558615738046,0.143871952555826,0.33595910578464,0.437044866163131,0.222656632261361,0.724788771274782,0.89457484383064
8.0399136694,0.581203907418066,0.559093915756895,0.143759959889653,0.33620771434467,0.437443947528413,0.222886201412225,0.724963867307719,0.895301630101564
8.0454469892,0.58149038881569,0.559564738017864,0.143649048353877,0.33645351950428,0.437841340461813,0.223111218513584,0.725139437169567,0.896018257522143
8.050980309,0.581776239617624,0.56002747892356,0.14353924398603,0.33669689139402,0.438236995631593,0.22333058752954,0.725315483603654,0.89672437031758
8.0565136288,0.582061435932491,0.560481425498156,0.143430573547063,0.336938214892809,0.438630862385429,0.223543210605347,0.725492009479554,0.897419640390964
8.0620469486,0.582345954008938,0.560925805578404,0.143323063553816,0.337177823903346,0.439022890455122,0.223747981675057,0.725669017562754,0.89810362948175
8.0675802684,0.582629771047449,0.561359395831028,0.14321673924333,0.337415657957587,0.439413031804119,0.223943737873441,0.725846510290779,0.898775053788615
8.0731135882,0.582912863592475,0.561781841086388,0.143111626650006,0.337652417855519,0.439801236942469,0.224129423230869,0.726024490242481,0.899434258941906
8.078646908,0.58319520698324,0.562195778551899,0.143007753284924,0.337891464430595,0.440187453698316,0.224304314121304,0.726202960268164,0.900087242982494
8.0841802278,0.58347677883197,0.562601475839603,0.14290514370195,0.338134049028505,0.44057163513002,0.224467426811098,0.72638192253392,0.900735524868108
8.0897135476,0.58375755574497,0.562998630309771,0.142803823688552,0.338380932672222,0.440953732056419,0.22461769763755,0.726561379433522,0.901379562981993
8.0952468674,0.584037513562134,0.56338694530386,0.142703819940292,0.338632894623541,0.441333693621842,0.22475405068032,0.726741333502425,0.902019839927401
8.1007801872,0.584316628794724,0.563766123482873,0.14260515824228,0.338890704936882,0.441711470552444,0.224875418545991,0.726921787037003,0.902656828419756
8.106313507,0.58459487864934,0.56413737208865,0.142507863452699,0.339152519951746,0.442087015196641,0.224984852136904,0.727102742102039,0.903289892040396
8.1118468268,0.584872239569156,0.564504451464657,0.142411961333045,0.339412080545914,0.442460278236112,0.225092370918743,0.727284200902201,0.903916532010571
8.1173801466,0.585148686759248,0.564867609004846,0.142317479123058,0.339669222314011,0.44283120763619,0.225198386690835,0.727466165882306,0.904536831318857
8.1229134664,0.585424198129122,0.565226889192118,0.142224440633571,0.339924124548809,0.443199757495551,0.22530276464331,0.727648638762693,0.905151013740927
8.1284467862,0.585698750223227,0.565582330623289,0.142132871321596,0.340176962990806,0.443565878901631,0.225405367632484,0.727831621544824,0.905759293614095
8.133980106,0.58597231854908,0.565933982241638,0.142042797862389,0.340427924750827,0.443929520686691,0.225506057490811,0.728015116411469,0.906361906992465
8.1395134258,0.586244880007852,0.566281888112221,0.141954245144147,0.340677191438376,0.444290634863705,0.225604696673844,0.728199125151999,0.906959079550597
8.1450467456,0.586516411748612,0.566626089774735,0.14186723769453,0.340924942353454,0.444649174054082,0.225701147421281,0.728383649443142,0.907551032128189
8.1505800654,0.586786889987756,0.566966631726581,0.141781801128723,0.341171361394756,0.445005088859033,0.225795270331825,0.728568691116479,0.908137993121338
8.1561133852,0.587056290109068,0.567303559287099,0.141697962013833,0.341416635442075,0.445358328095235,0.225886923845024,0.728754252122902,0.908720194729173
8.161646705,0.587324700865297,0.567636916791517,0.141615916296998,0.341660946300992,0.445708784568299,0.225975970490525,0.728940617162294,0.909297863092509
8.1671800248,0.587592230712171,0.56796674492041,0.141535894980858,0.341904475369662,0.446056335731313,0.226062269550748,0.729128125693029,0.909871220290071
8.1727133446,0.587858899372643,0.568293090544427,0.141457856575903,0.342147413226413,0.44640104279674,0.226145677318013,0.729316755948545,0.91044050377084
8.1782466644,0.588125745658251,0.568615998201413,0.141380299546454,0.342389944065109,0.446745446111797,0.226226054136304,0.729506045204705,0.911005942266522
8.1837799842,0.58839319669929,0.568935509591308,0.141302602556607,0.342632250561312,0.447090594142683,0.226303259029996,0.729695799255896,0.911567760152621
8.189313304,0.588661233463021,0.569251669711879,0.141224784192682,0.342874521315433,0.44743644927034,0.226377148396446,0.729886017655703,0.912126191027313
8.1948466238,0.588929836961464,0.569564523012055,0.141146863040148,0.343116945626785,0.447782973921316,0.226447577385271,0.730076700001613,0.91268146863884
8.2003799436,0.589198987208223,0.569874113789517,0.141068858399872,0.343359707484343,0.448130128808351,0.226514406305174,0.730267845608094,0.91323382127386
8.2059132634,0.589468664888341,0.570180484344549,0.140990789132746,0.34360299274065,0.448477875755595,0.2265774916039,0.730459454021087,0.913783477085199
8.2114465832,0.58973885138056,0.57048367956712,0.140912673653783,0.34384699512757,0.448826177726777,0.22663668443955,0.730651525034344,0.91433067469469
8.216979903,0.590009526729654,0.57078374472984,0.140834531314606,0.344091900068404,0.449174995415048,0.226691844661436,0.73084405804426,0.914875644798244
8.2225132228,0.590280671504993,0.571080721812101,0.140756381129993,0.344337893411032,0.449524290374999,0.22674282840107,0.731037052634986,0.915418615223133
8.2280465426,0.590552266689886,0.571374655694281,0.140678241860488,0.344585167611989,0.449874024829398,0.226789488082292,0.731230508550374,0.91595982330627
8.2335798624,0.59082429303793,0.571665590453446,0.140600132447848,0.344833913312839,0.450224160590082,0.226831677140607,0.731424425485779,0.916499503766286
8.2391131822,0.591096730805105,0.571953570468935,0.14052207218617,0.345084316552613,0.450574658618935,0.226869253916322,0.731618802991275,0.917037887021548
8.244646502,0.591369560676455,0.572238639169438,0.140444080103407,0.345336566576045,0.450925480573048,0.226902072593394,0.731813640779861,0.917575205745483
8.2501798218,0.591642763907399,0.572520839583447,0.140366174880726,0.345590860163594,0.451276589026673,0.226929979419854,0.732008938788125,0.918111699747041
8.2557131416,0.591916320563025,0.572800217971232,0.140288375996626,0.345847382778564,0.451627944566399,0.226952835192669,0.732204696559651,0.918647600749796
8.2612464614,0.592190216958874,0.573076816710843,0.140210701597355,0.346106323409359,0.451979515361519,0.226970493301485,0.73240091855623,0.919183140120202
8.2667797812,0.592464594610792,0.573350679947518,0.140133143039715,0.346367877679028,0.452331451571077,0.226982802268489,0.732597737650507,0.919718557626546
8.272313101,0.592739509908954,0.573620327880752,0.140055704950107,0.34663487471267,0.452683804958848,0.226985453168082,0.732795214859061,0.920255202593421
8.2778464208,0.593014945368638,0.573884121787244,0.139978404269609,0.346910416243513,0.453036541099029,0.22697370554373,0.732993349638247,0.920794538030757
8.2833797406,0.593290884003963,0.574142500306054,0.139901257700332,0.347194010851535,0.453389626303631,0.226948489454519,0.733192141704295,0.92133651115759
8.2889130604,0.593567309365982,0.574395886476486,0.139824281725206,0.347485142649132,0.453743027640776,0.226910743827354,0.733391591091187,0.921881029125618
8.2944463802,0.59384420364399,0.574643322791847,0.139747493310318,0.347781991576514,0.454096710333671,0.226861331215333,0.733591696954308,0.922425314368362
8.2999797,0.594121549774475,0.57488434755051,0.139670909097751,0.34808321013003,0.454450640676723,0.22680113742048,0.733792458872226,0.92296755768054
8.3055130198,0.594399331145101,0.575119373599986,0.139594545558502,0.348388264098252,0.454804785586599,0.226731109501733,0.733993876703603,0.923507637698238
8.3110463396,0.59467753043236,0.575348814584343,0.139518419373479,0.348696604574994,0.455159111058881,0.226652210009348,0.734195949805838,0.924045419159337
8.3165796594,0.594956130326564,0.575573080984681,0.139442547168178,0.349007681580584,0.455513583158385,0.226565399404097,0.734398677494742,0.924580762565266
8.3221129792,0.595235113893741,0.575792584312543,0.139366945421869,0.349320953669623,0.455868168471872,0.226471630642919,0.73460205931561,0.925113537982166
8.327646299,0.595514464381178,0.576007736693293,0.139291630553599,0.349635881791446,0.456222833827579,0.226371854901847,0.734806094934778,0.925643618484739
8.3331796188,0.595794164230028,0.576218951490045,0.139216619133848,0.349951916444443,0.45657754509618,0.226267035045602,0.735010783363876,0.926170867934488
8.3387129386,0.596074196376776,0.576426637139116,0.139141927564798,0.350268512308704,0.456932268811978,0.226158124830412,0.735216123941574,0.926695149447819
8.3442462584,0.596354544137875,0.576631170432721,0.139067572167159,0.350585102087527,0.457286971970716,0.226046068345193,0.735422116305034,0.927216272520248
8.3497795782,0.596635190132297,0.576832898530789,0.138993569335787,0.350901087895165,0.457641620796511,0.225931810635625,0.735628759468084,0.927733986425954
8.355312898,0.596916117179086,0.577032206416741,0.138919935373926,0.351215905527423,0.45799618180516,0.225816300889318,0.735836052553013,0.928248111944165
8.3608462178,0.597197308349881,0.577229483688141,0.138846686529873,0.35152899595091,0.458350621820008,0.22570048773723,0.736043994879754,0.928758479639051
8.3663795376,0.597478746680803,0.577425120115026,0.138773839039133,0.351839798603418,0.458704907641669,0.225585321511608,0.736252585719936,0.929264918718445
8.3719128574,0.597760414818559,0.577619502121217,0.138701409069705,0.35214775236886,0.459059005748854,0.225471749752357,0.736461823888264,0.929767254490076
8.3774461772,0.598042295699637,0.577813015781298,0.138629412738477,0.352452296177485,0.45941288296116,0.225360719603814,0.736671708438113,0.930265311958783
8.382979497,0.598324372522974,0.578006054116627,0.138557866205394,0.352752869121511,0.45976650631758,0.225253184995116,0.736882238728368,0.930758923238139
8.3885128168,0.598606627942624,0.578199003299273,0.138486785461082,0.353048913622974,0.460119842481542,0.225150089676299,0.737093413403706,0.931247916922246
8.3940461366,0.598889044860064,0.578392248092698,0.138416186477502,0.353339868709664,0.460472858382561,0.225052379383033,0.737305231337566,0.931732116802362
8.3995794564,0.599171606306241,0.578586180425708,0.138346085261418,0.353625174290034,0.460825521044823,0.224961006135674,0.737517691567659,0.932211354715742
8.4051127762,0.599454295198712,0.578781189732918,0.138276497744683,0.353904270164104,0.461177797454029,0.224876919568814,0.737730792943394,0.932685459897022
8.410646096,0.59973709434344,0.578977660199339,0.138207439683824,0.354176600475397,0.461529654659617,0.224801059723943,0.737944534027264,0.933154260674736
8.4161794158,0.600019986678034,0.579175978932381,0.138138926865564,0.35444160639186,0.46188105981247,0.224734372540521,0.738158913543598,0.933617585324241
8.4217127356,0.600302955234253,0.579376542226097,0.138070975270157,0.354698720316787,0.462231979964096,0.224677821909311,0.738373930504409,0.934075262542884
8.4272460554,0.600585982797197,0.579579731836098,0.138003600372067,0.354947393709969,0.46258238242513,0.224632338126128,0.738589583169264,0.934527125546067
8.4327793752,0.600869052303353,0.579785933026224,0.137936817798933,0.355187066625707,0.46293223450442,0.224598866400517,0.738805870102285,0.934972999651931
8.438312695,0.601152146696677,0.579995540668924,0.137870643303408,0.355417175449048,0.463281503393268,0.224578365219876,0.739022790000085,0.935412716117972
8.4438460148,0.601435248868763,0.580208939294177,0.137805092393811,0.355637168270273,0.463630156474952,0.224571771023904,0.739240341262574,0.93584610756445
8.4493793346,0.601718341738529,0.580425223507526,0.137740180404541,0.355848721835336,0.463978161333989,0.224576501672191,0.73945852214307,0.936273945342862
8.4549126544,0.602001408233414,0.580643286408862,0.137675922788288,0.356053865193402,0.464325485445126,0.22458942121546,0.739677331021702,0.936697151602264
8.4604459742,0.60228443120557,0.580862989988307,0.137612335198901,0.356252953884352,0.464672096006669,0.224610036103954,0.739896766404471,0.937115943872659
8.465979294,0.602567393629873,0.581084187217791,0.137549432609571,0.35644635514209,0.465017961020302,0.2246378320757,0.740116826239443,0.937530542359881
8.4715126138,0.602850278442811,0.581306734036075,0.137487230247125,0.356634427446247,0.465363048195686,0.224672306589829,0.740337508689936,0.937941161482322
8.4770459336,0.603133068455047,0.581530492377718,0.137425743596062,0.356817528605674,0.465707324858985,0.224712963772045,0.740558812051109,0.938348020983392
8.4825792534,0.603415746624814,0.581755317975896,0.137364987622294,0.356996021816704,0.46605075900252,0.224759296159193,0.740780734247107,0.9387513397926
8.4881125732,0.603698295937683,0.581981066208853,0.13730497722633,0.357170268395999,0.466393318711353,0.224810797812855,0.741003273164013,0.939151334604852
8.493645893,0.603980699264624,0.582207595797483,0.137245727513488,0.357340628022364,0.466734971751136,0.224866967775118,0.741226426778112,0.939548223819847
8.4991792128,0.604262939370782,0.582434765889013,0.137187253690759,0.357507460005532,0.467075685680023,0.224927305883482,0.741450193061541,0.939942225894545
8.5047125326,0.60454499937451,0.582662431650539,0.137129570219165,0.357671128214672,0.467415429155345,0.224991303435867,0.741674569593675,0.940333559865212
8.5102458524,0.604826862212295,0.58289044989619,0.137072691876585,0.357831992370638,0.46775417033571,0.225058457525551,0.741899554088881,0.940722442266828
8.5157791722,0.605108510515208,0.583118680404887,0.137016633864482,0.35799041215854,0.468091876650726,0.225128268246347,0.74212514437969,0.941109092563427
8.521312492,0.605389927400721,0.583346126463033,0.136961410489415,0.358145953563924,0.468428516911306,0.225200172899109,0.742351337890136,0.941492080026957
8.5268458118,0.605671095874759,0.583549676692993,0.136907036205817,0.358277516963945,0.468764059668942,0.225272159729048,0.742578132080576,0.941827193656938
8.5323791316,0.605951998705521,0.583720435002801,0.136853525757862,0.358377285488611,0.469098472947659,0.22534314951419,0.742805524463383,0.942097720491412
8.5379124514,0.606232618663746,0.583860370894881,0.136800893787402,0.358447611448541,0.469431724876344,0.225412759446339,0.743033512451148,0.942307982343422
8.5434457712,0.606512938964964,0.583971425495279,0.136749154232383,0.358490835701908,0.469763784732581,0.22548058979337,0.743262093197347,0.942462261197187
8.548979091,0.606792942545662,0.584055539473789,0.136698321374415,0.358509308315701,0.470094621171247,0.225546231158088,0.743491263920078,0.94256484778949
8.5545124108,0.607072611811016,0.584114699860587,0.13664841011698,0.358505431865674,0.470424201694037,0.225609267994914,0.743721021927996,0.942620131726261
8.5600457306,0.607351930130341,0.584150861278658,0.136599433993262,0.358481580468591,0.470752496137079,0.225669280810068,0.743951364123603,0.942632441747249
8.5655790504,0.607630880483614,0.584165952766358,0.136551406999796,0.358440105705783,0.471079473483819,0.225725847060575,0.74418228748341,0.942606058472141
8.5711123702,0.607909445489962,0.584161955191257,0.136504343506207,0.358383408080465,0.471405101983754,0.225778547110792,0.744413788996169,0.942545363271723
8.57664569,0.60818760801832,0.584140827342181,0.136458257474163,0.358313862615927,0.471729350544157,0.225826964726254,0.744645865492483,0.942454689958108
8.5821790098,0.608465351335094,0.584104516602079,0.136413162308426,0.358233824205878,0.472052189026667,0.225870692396201,0.74487851364352,0.942338340807958
8.5877123296,0.608742658348012,0.584054978717994,0.136369071782607,0.35814564963083,0.472373586565405,0.225909329087164,0.745111730130618,0.942200628348824
8.5932456494,0.609019511276331,0.583994178395511,0.136326000386511,0.358051701184065,0.47269351088982,0.225942477211446,0.745345511662841,0.942045879579576
8.5987789692,0.609295893747533,0.583924072552013,0.136283960871492,0.357954309516847,0.473011932876041,0.225969763035166,0.745579854619024,0.94187838206886
8.604312289,0.609571788698105,0.583846610698072,0.13624296673175,0.357855792191914,0.473328821966355,0.225990818506158,0.745814755429856,0.941702402889986
8.6098456088,0.609847172185389,0.58376387177204,0.136203034229036,0.35775827267696,0.473644137956353,0.22600559909508,0.746050206414426,0.941522144449
8.6153789286,0.610121938517523,0.583680547248471,0.136164208648911,0.357659309028229,0.473957729868612,0.226021238220242,0.746286147166435,0.941339856276699
8.6209122484,0.610396049862586,0.583599855858476,0.136126511463303,0.357559129120821,0.474269538399283,0.226040726737655,0.746522561325888,0.941158984979297
8.6264455682,0.610669498732757,0.583524212042134,0.136089953537714,0.35746022372535,0.474579545195044,0.226063988316785,0.746759452270471,0.940984435767484
8.631978888,0.610942277041012,0.583455716311579,0.136054546115142,0.357364812394647,0.47488773092587,0.226090903916932,0.746996823156154,0.940820528706227
8.6375122078,0.611214378391715,0.583396382069051,0.136020298574637,0.357275038951542,0.475194079817078,0.226121343117509,0.747234676966352,0.940671421020593
8.6430455276,0.611485795469234,0.583348240856085,0.135987220978107,0.35719304616328,0.475498574491127,0.226155194692805,0.747473016447341,0.940541287019365
8.6485788474,0.611756520135462,0.583313296482672,0.135955323982176,0.357120937853366,0.475801196153286,0.226192358629306,0.747711844117638,0.940434234336038
8.6541121672,0.612026545549296,0.583293562183562,0.135924616754673,0.357060821520398,0.476101928794624,0.226232740663164,0.747951162303969,0.94035438370396
8.659645487,0.612295864719467,0.583291071396782,0.135895108391504,0.357014813546408,0.476400756327962,0.226276257850374,0.748190973110971,0.94030588494319
8.6651788068,0.612564470005347,0.583307835542664,0.135866808410175,0.356985002553209,0.476697661595172,0.226322832989454,0.748431278415522,0.940292838095873
8.6707121266,0.612832353539803,0.583345859570399,0.135839726334323,0.356973467842519,0.47699262720548,0.226372391727879,0.748672079874126,0.940319327412918
8.6762454464,0.613099508860116,0.583407165346126,0.13581387007968,0.356982304591795,0.477285638780436,0.226424860754331,0.748913378939796,0.94038946993792
8.6817787662,0.613365928650652,0.583493795624094,0.135789248182579,0.357013626665717,0.477576680468073,0.226480168958377,0.749155176833231,0.94050742228981
8.687312086,0.613631604567711,0.583607734891928,0.135765869975955,0.357069500461207,0.477865734591755,0.226538234430721,0.749397474543666,0.940677235353135
8.6928454058,0.613896530095656,0.583750997014813,0.135743742760631,0.357152027570519,0.478152787335025,0.226598969444294,0.749640272856287,0.940903024585332
8.6983787256,0.614160698123345,0.583925638429267,0.135722874203104,0.357263359144109,0.478437823920241,0.226662279285158,0.749883572326449,0.941188997573376
8.7039120454,0.614424100837494,0.584133650229427,0.135703272441939,0.357405604233878,0.478720828395555,0.226728045995548,0.750127373279432,0.941539254463305
8.7094453652,0.614686730630561,0.584377034077794,0.135684945187645,0.357580902055754,0.479001785442916,0.226796132022041,0.750371675818207,0.941957936133548
8.714978685,0.614948580952894,0.584657825770157,0.135667898877657,0.357791445268557,0.479280682075237,0.2268663805016,0.75061647983055,0.942449271038714
8.7205120048,0.615209644488858,0.584978067601402,0.135652140483702,0.358039462845416,0.479557504005155,0.226938604755986,0.75086178497256,0.943017530446819
8.7260453246,0.615469912669307,0.585339730202538,0.135637677993363,0.358327157647525,0.479832234675944,0.227012572555014,0.751107590662669,0.943666887850063
8.7315786444,0.615729379343772,0.585744828809763,0.135624516773381,0.358656805722585,0.480104862570391,0.227088023087177,0.751353896117154,0.944401634532348
8.7371119642,0.61598803726139,0.58619544832383,0.135612663055525,0.359030793751362,0.480375374205865,0.227164654572467,0.751600700316916,0.945226242075192
8.742645284,0.616245878416367,0.586696376683808,0.135602123592234,0.35945401509931,0.480643754824133,0.227242361584499,0.7518480020086,0.946150391783118
8.7481786038,0.616502895500456,0.587251328613117,0.135592904219927,0.359930465179809,0.480909991280529,0.227320863433308,0.752095799720383,0.947181793792926
8.7537119236,0.616759081857218,0.587857501789252,0.135585009907117,0.360458276975315,0.481174071950101,0.227399224813937,0.752344091764335,0.948315778764567
8.7592452434,0.617014430076216,0.588511976186509,0.135578446142673,0.361035501328125,0.481435983933543,0.227476474858384,0.752592876218889,0.949547477514633
8.7647785632,0.617268931627419,0.589211777466252,0.135573219291749,0.36166015794095,0.48169571233567,0.227551619525302,0.752842150919168,0.950871935407202
8.770311883,0.617522580480815,0.589953984885854,0.135569333033785,0.362330305310505,0.48195324744703,0.227623679575348,0.7530919135146,0.952284290196359
8.7758452028,0.617775369320772,0.590735738977759,0.135566792092231,0.363044060566235,0.482208577228541,0.227691678411525,0.753342161413003,0.953779799543994
8.7813785226,0.618027289929136,0.591554041583352,0.135565601851474,0.363799407201743,0.482461688077662,0.227754634381609,0.753592891780609,0.955353448785095
8.7869118424,0.618278335336657,0.592405941901946,0.135565766247177,0.364594420362087,0.48271256908948,0.227811521539859,0.753844101583833,0.957000362264034
8.7924451622,0.618528498760259,0.593288390679451,0.135567288813893,0.365427395208121,0.482961209946366,0.227860995471331,0.754095787574152,0.958715785887572
8.797978482,0.618777772610081,0.594198645995236,0.1355701736551,0.366295956447504,0.483207598954981,0.227902689547733,0.754347946265181,0.96049460244274
8.8035118018,0.619026148629217,0.595134025857242,0.135574425301222,0.367197559319512,0.483451723327994,0.22793646653773,0.754600573930439,0.962331585176754
8.8090451216,0.619273620693955,0.5960918821931,0.135580045987104,0.36812963696342,0.48369357470685,0.227962245229679,0.754853666681059,0.96422151915652
8.8145784414,0.61952018148866,0.597069582010833,0.135587038893326,0.369089602761807,0.483933142595334,0.227979979249026,0.755107220381987,0.96615918477264
8.8201117612,0.619765822562971,0.598064431432167,0.13559540808055,0.370074771786362,0.484170414482421,0.227989659645805,0.755361230643521,0.968139203218529
8.825645081,0.620010537326334,0.599073776656528,0.135605155592094,0.371082437772574,0.48440538173424,0.227991338883953,0.755615692918428,0.970156214429102
8.8311784008,0.620254318849186,0.600094974893547,0.135616283589817,0.372109857263721,0.484638035259369,0.227985117629826,0.755870602439003,0.972204832157268
8.8367117206,0.620497321318897,0.601125355931432,0.135628601496563,0.373154212281906,0.484868719822334,0.227971143649526,0.75612592281546,0.974279568213338
8.8422450404,0.620740184461327,0.60216225615849,0.135641341554312,0.374212637852244,0.485098842907015,0.227949618306246,0.756381526015638,0.976374894010734
8.8477783602,0.620982974570473,0.603203022683023,0.135654424114277,0.375282219989276,0.485328550456196,0.227920802693748,0.75663739868475,0.978485242672299
8.85331168,0.621225690694113,0.604244996412707,0.135667849568558,0.376359989884148,0.485557841125555,0.227885006528559,0.756893540262671,0.980604986296855
8.8588449998,0.62146833177233,0.60528551378504,0.135681617972784,0.377442924389295,0.485786713799546,0.227842589395745,0.757149949745114,0.982728438174336
8.8643783196,0.621710896940548,0.606321920657853,0.1356957296058,0.378527951151728,0.486015167334747,0.227793969506126,0.757406626546348,0.984849871809581
8.8699116394,0.621953385263523,0.607351550259076,0.135710184475107,0.379611937688207,0.486243200788416,0.227739612570869,0.75766356973863,0.986963487947283
8.8754449592,0.622195795734444,0.608371746840888,0.13572498231829,0.380691714712018,0.486470813416154,0.22768003212887,0.757920778052734,0.989063461552905
8.880978279,0.62243812737848,0.609379856899267,0.135740122792573,0.38176406706557,0.486698004585907,0.227615789833698,0.758178250171053,0.991143923964837
8.8865115988,0.622680379317537,0.610373215517165,0.135755605590201,0.382825722942038,0.486924773727336,0.227547492575127,0.758435984907738,0.993198938459203
8.8920449186,0.622922550599393,0.611349152625068,0.135771430128102,0.383873364553634,0.487151120471291,0.227475788071434,0.758693980727495,0.995222517178702
8.8975782384,0.623164640138674,0.612305027770227,0.135787595443286,0.38490366435275,0.487377044695388,0.227401363417477,0.758952235581961,0.997208692122977
8.9031115582,0.623406647110559,0.613238572754238,0.135804100901734,0.38591351389051,0.487602546208825,0.227325058863728,0.759210748012293,0.999152086644748
8.908644878,0.623648570565506,0.614147549718872,0.135820945503432,0.386899772727607,0.487827625062074,0.227247776991265,0.759469516068938,1.00104732244648
8.9141781978,0.623890409475535,0.615029313234004,0.135838127966726,0.387859008077372,0.488052281508809,0.227170305156632,0.75972853744226,1.00288832131138
8.9197115176,0.624132162896994,0.615881189371061,0.135855647020476,0.38878773678827,0.488276515876518,0.227093452582791,0.75998780991747,1.00466892615933
8.9252448374,0.624373829941779,0.616700471252616,0.135873501352141,0.389682424788014,0.488500328589638,0.227018046464602,0.76024733129392,1.00638289604063
8.9307781572,0.624615409643467,0.61748447109205,0.135891689367513,0.390539541684549,0.488723720275954,0.226944929407501,0.760507099010979,1.0080240127766
8.936311477,0.624856900931246,0.618230542817629,0.135910209143199,0.391355586895789,0.488946691788048,0.22687495592184,0.760767110074445,1.00958612971342
8.9418447968,0.625098302982615,0.618936004480111,0.135929059061511,0.392127027366199,0.489169243921105,0.226808977113912,0.761027362044126,1.01106303184631
8.9473781166,0.625339614845351,0.619598103863966,0.135948237130738,0.39285025280966,0.489391377714612,0.226747851054306,0.761287851976089,1.01244835667363
8.9529114364,0.62558083546772,0.620214232826709,0.135967741037886,0.393521805284401,0.489613094429834,0.226692427542308,0.761548576505606,1.01373603811111
8.9584447562,0.625821911599327,0.620781712885691,0.13598759783885,0.394138171859476,0.489834313760478,0.226643541026215,0.761809509438177,1.01491988474517
8.963978076,0.626062394550531,0.621297577720458,0.136008057319309,0.394696201469414,0.490054337231222,0.226601376251044,0.762070451869841,1.01599377918987
8.9695113958,0.626302189795435,0.621757764769903,0.136029174398797,0.395194824773351,0.490273015396638,0.226562939996553,0.762331364194232,1.01695258954325
8.9750447156,0.626541308831905,0.622187521890514,0.136050944655631,0.395661163348784,0.490490364176274,0.22652635854173,0.762592253487536,1.0178486852393
8.9805780354,0.626779764654314,0.622618332647364,0.13607336303259,0.396128510679202,0.490706401621724,0.226489821968162,0.762853127686904,1.01874684332657
8.9861113552,0.627017569369535,0.623049627848854,0.136096424381665,0.396596282439168,0.49092114498787,0.226453345409686,0.7631139937512,1.01964591028802
8.991644675,0.627254734285315,0.623480745690542,0.136120123407464,0.397063793153276,0.491134610877851,0.226416952537266,0.763374857692778,1.02054453884382
8.9971779948,0.62749127210928,0.623911025267485,0.136144454222719,0.397530356387189,0.491346817886561,0.226380668880296,0.763635726332,1.02144138165467
9.0027113146,0.627727195185703,0.624339803269855,0.136169410719814,0.397995280259045,0.491557784465888,0.22634452301081,0.763896605905517,1.0223350835289
9.0082446344,0.627962515297648,0.624766418785741,0.136194986583955,0.398457872538652,0.491767528713693,0.226308546247089,0.764157501881604,1.02322429132439
9.0137779542,0.628197244253525,0.62519021183004,0.136221175172358,0.398917439487805,0.491976069081168,0.226272772342235,0.764418419425883,1.02410765131784
9.019311274,0.628431394821502,0.625610519876229,0.136247969385495,0.399373282648938,0.492183425436006,0.226237237227291,0.764679364206997,1.02498380252517
9.0248445938,0.628664979108452,0.626026677781718,0.13627536192602,0.399824698077087,0.492389617182432,0.226201979704631,0.764940341034472,1.0258513758588
9.0303779136,0.628898008425143,0.626438028885979,0.136303345268611,0.400270988348772,0.492594663156532,0.226167040537208,0.765201353693754,1.02670901723475
9.0359112334,0.629130495615027,0.626843912547594,0.136331911386592,0.400711450308479,0.492798584228435,0.226132462239116,0.765462407001619,1.02755536285607
9.0414445532,0.629362452883528,0.627243659171206,0.136361052030188,0.401145368947415,0.49300140085334,0.226098290223792,0.765723504913716,1.02838902811862
9.046977873,0.629593891962229,0.627636613056565,0.136390758667316,0.401572042179004,0.493203133294913,0.226064570877561,0.765984650629545,1.02920865523557
9.0525111928,0.629824824904373,0.628022115133843,0.136421022410709,0.401990762807955,0.493403802493664,0.226031352325888,0.766245847315081,1.0300128779418
9.0580445126,0.630055264284778,0.628399499565541,0.136451834041835,0.40240081503969,0.493603430242943,0.225998684525851,0.766507098326613,1.03080031460523
9.0635778324,0.630285222202876,0.628768100963055,0.136483184060059,0.402801482135926,0.493802038142817,0.225966618827129,0.766768406262935,1.03156958309898
9.0691111522,0.630514710027634,0.629127266032951,0.13651506262609,0.403192059217815,0.493999647401544,0.225935206815135,0.767029772653724,1.03231932525077
9.074644472,0.630743740650296,0.629476334572571,0.136547459594938,0.403571833440021,0.494196281055359,0.22590450113255,0.767291200245234,1.03304816801259
9.0801777918,0.630972326177738,0.629814628913594,0.13658036451695,0.403940072367504,0.494391961660788,0.225874556546091,0.767552690694688,1.0337547012811
9.0857111116,0.631200478322905,0.630141501866177,0.136613766583119,0.404296076067552,0.494586711739786,0.225845425798626,0.767814244906023,1.03443757793373
9.0912444314,0.631428209318177,0.630456293769769,0.136647654694791,0.404639131168408,0.494780554623386,0.225817162601361,0.768075864012969,1.03509542493818
9.0967777512,0.631655531577873,0.630758333683147,0.13668201748104,0.404968512287992,0.494973514096833,0.225789821395155,0.768337549058913,1.03572684597114
9.102311071,0.63188245712828,0.631046959254783,0.13671684321442,0.405283503799372,0.49516561391386,0.225763455455411,0.7685993003427,1.03633046305416
9.1078443908,0.632108997626516,0.6313215190993,0.136752119750507,0.405583402830774,0.495356877876009,0.225738116268526,0.768861117377023,1.03690492193007
9.1133777106,0.632335165748819,0.631581351898279,0.136787834852236,0.405867496746827,0.495547330896583,0.225713855151452,0.769123000601055,1.03744884864511
9.1189110304,0.632560973602061,0.631825774464866,0.136823975871106,0.406135050760813,0.495736997730955,0.225690723704053,0.769384949473167,1.03796082522568
9.1244443502,0.632786432913407,0.632054147182425,0.136860529703127,0.406385379169809,0.49592590321028,0.225668768012616,0.769646962616534,1.03843952635223
9.12997767,0.633011556028669,0.632265809705663,0.136897483125849,0.406617775837891,0.49611407290282,0.225648033867772,0.769909039154519,1.03888358554355
9.1355109898,0.633236355234516,0.632460084196891,0.136934822623459,0.406831518203335,0.496301532611057,0.225628565993556,0.770171177857974,1.03929160240023
9.1410443096,0.633460842516944,0.632636431585335,0.136972534246821,0.407025710162926,0.496488308270123,0.225610721422409,0.770433376763765,1.03966214174826
9.1465776294,0.63368502975552,0.632794551043248,0.137010603644277,0.407199065226005,0.496674426111243,0.225595485817243,0.770695633399798,1.03999361626925
9.1521109492,0.633908929444323,0.632933782613675,0.137049016516982,0.40735087526859,0.496859912927342,0.225582907345085,0.770957945961305,1.04028465788226
9.157644269,0.634132553690228,0.633053424079265,0.137087758074222,0.40748046132601,0.497044795616006,0.225572962753255,0.77122031176445,1.04053388540528
9.1631775888,0.634355914267465,0.633153043028055,0.137126812938027,0.407587338751727,0.497229101329438,0.225565704276328,0.771482727205492,1.04074038177978
9.1687109086,0.634579023569578,0.633232816727954,0.13716616590137,0.407671404407012,0.497412857668208,0.225561412320941,0.771745189470949,1.04090422113497
9.1742442284,0.634801893788437,0.633292128001562,0.137205801349077,0.407732048496832,0.497596092439359,0.22556007950473,0.772007695137514,1.04102417649839
9.1797775482,0.635024536902599,0.633330316979148,0.137245703153159,0.407768658849019,0.49777883374944,0.225561658130128,0.772270240055757,1.04109897582817
9.185310868,0.635246964948375,0.633346717830697,0.137285854903046,0.407780624662815,0.49796111004533,0.225566093167883,0.772532819851421,1.04112734249351
9.1908441878,0.63546919027054,0.633332780362377,0.137326240304951,0.407758836549158,0.498142949965589,0.225573943813219,0.772795430575491,1.04109161691153
9.1963775076,0.635691224975969,0.633258002365821,0.137366842523205,0.407670554521008,0.498324382452764,0.225587447844813,0.773058067499173,1.04092855688683
9.2019108274,0.635913080918809,0.633121949377537,0.137407643962976,0.407515577346292,0.498505436955833,0.225606372031245,0.773320724881785,1.04063752672383
9.2074441472,0.636134770474634,0.632927473952931,0.137448627619972,0.407297293904266,0.498686142854662,0.225630180048665,0.773583398094606,1.0402247678572
9.212977467,0.636356305773365,0.632677354867121,0.137489775859958,0.407019042662074,0.498866529913407,0.225658312205047,0.773846081633324,1.0396963975292
9.2185107868,0.636577698818974,0.632374515348687,0.137531070453501,0.406684339765871,0.499046628365472,0.225690175582816,0.774108769272475,1.03905885511456
9.2240441066,0.636798961738812,0.632021821902992,0.137572493126263,0.406296657058331,0.499226468612549,0.225725164844661,0.774371454865074,1.03831847896132
9.2295774264,0.637020106761199,0.631622097556797,0.137614025689478,0.405859430193785,0.499406081071721,0.225762667363012,0.774634132450678,1.03748152775058
9.2351107462,0.637241145986964,0.631178189078568,0.137655649370865,0.405376123439412,0.499585496616098,0.225802065639156,0.774896795357829,1.03655431251798
9.240644066,0.637462091401168,0.630692994965013,0.137697344526966,0.40485025339792,0.499764746874202,0.225842741567092,0.775159435928134,1.03554324836293
9.2461773858,0.637682955277566,0.630169368270556,0.137739092509423,0.404285281914376,0.499943862768143,0.22588408635618,0.775422047786989,1.03445465018493
9.2517107056,0.637903749723031,0.629610110021602,0.13778087380267,0.403684602379425,0.500122875920362,0.225925507642177,0.775684623525701,1.03329471240103
9.2572440254,0.638124486799798,0.629018132717055,0.13782266818453,0.403051708128007,0.500301818615268,0.225966424589048,0.775947154984328,1.03206984084506
9.2627773452,0.638345178660559,0.628396291119636,0.137864455754813,0.402390009295216,0.500480722905745,0.22600628182442,0.776209634415372,1.03078630041485
9.268310665,0.638565837450031,0.627747417659955,0.137906216559387,0.401702865910113,0.500659620890644,0.226044551749842,0.776472054009418,1.02945028357007
9.2738439848,0.638786475272796,0.627074374737184,0.137947929976948,0.400993638517273,0.500838545295847,0.226080736219911,0.776734405249744,1.02806801325446
9.2793773046,0.639007104248272,0.626380035590033,0.13798957467621,0.400265664308113,0.501017529572063,0.22611437128192,0.776996678924482,1.02664569989815
9.2849106244,0.639227685644123,0.625667251574105,0.138031168081282,0.39952221942075,0.501196517562841,0.226145032153355,0.777258853725405,1.02518947099485
9.2904439442,0.639447918656344,0.6249388603534,0.138072922131709,0.398766524656421,0.501374996524635,0.226172335696979,0.777520840788053,1.02370538500982
9.295977264,0.639667742066534,0.624197741259808,0.13811487252158,0.398001799893332,0.501552869544955,0.226195941366476,0.777782614588114,1.02219954115314
9.3015105838,0.639887145889305,0.623446747642404,0.138157018133254,0.397231191106214,0.501730127756051,0.22621555653619,0.778044164022559,1.02067793874862
9.3070439036,0.640106120061297,0.622688984907042,0.138199357779594,0.396457350701698,0.501906762281703,0.226231634205343,0.778305477840891,1.01914633560874
9.3125772234,0.640324654124271,0.621927683514566,0.138241890049177,0.395682699047054,0.502082764075095,0.226244984467512,0.778566544173448,1.01761038256162
9.3181105432,0.640542737468395,0.621165669707283,0.13828461345743,0.394910284355769,0.502258124010965,0.226255385351514,0.778827350925825,1.01607595406305
9.323643863,0.640760360364309,0.62040576344995,0.138327526957215,0.394143110431435,0.502432833407094,0.226262653018515,0.779087887321525,1.01454887388139
9.3291771828,0.640977614892016,0.619650793577129,0.138370806059745,0.393384134797588,0.502606808832271,0.226266658779542,0.77934842095176,1.01303492837472
9.3347105026,0.641194604949942,0.618903574449962,0.138414647629859,0.392636246069622,0.502779957320084,0.22626732838034,0.779609252579801,1.01153982051958
9.3402438224,0.641411323392114,0.618166924472144,0.138459055187719,0.391902285335325,0.502952268204395,0.226264639136819,0.779870378579833,1.01006920980747
9.3457771422,0.641627762663666,0.617443683031435,0.138504031994972,0.391185060882542,0.503123730668694,0.226258622148893,0.780131794658638,1.00862874391398
9.351310462,0.641843914947307,0.616736661410498,0.1385495814513,0.390487301696891,0.503294333496007,0.226249359713607,0.780393496398607,1.00722396310739
9.3568437818,0.642059772494332,0.616048671872801,0.138595706906136,0.389811688785168,0.503464065588196,0.226236983087633,0.780655479400469,1.00586036065797
9.3623771016,0.642275327964505,0.615382546791612,0.138642411455235,0.389160875568096,0.50363291650927,0.226221671223515,0.780917739419739,1.00454342235971
9.3679104214,0.642490573730606,0.614741125360975,0.13868969834729,0.388537477450346,0.503800875383317,0.22620364791063,0.781180272077896,1.00327860281132
9.3734437412,0.642705501656912,0.614127198736078,0.13873757112392,0.387944023539184,0.503967930532992,0.226183175196894,0.781443072780832,1.00207122227526
9.378977061,0.642920104574607,0.613543586368814,0.138786032735976,0.387383032665443,0.50413407183863,0.226160553703371,0.781706137310583,1.00092661903426
9.3845103808,0.643134374881998,0.612993160389982,0.138835086378039,0.386857042180429,0.504299288503959,0.226136118209553,0.781969461260037,0.999850202570411
9.3900437006,0.643348304659929,0.612478699913358,0.138884735426245,0.386368474481117,0.504463569233683,0.22611022543224,0.782233040086174,0.998847174394475
9.3955770204,0.643561886274049,0.6120030162475,0.138934983072471,0.385919761606368,0.504626903201578,0.226083254641132,0.78249686934652,0.997922777853868
9.4011103402,0.643775112371631,0.611568961821004,0.138985832321625,0.385513359016798,0.504789280050006,0.226055602804206,0.782760944693257,0.997082320837802
9.40664366,0.643987975283458,0.611179370256021,0.139037286359889,0.385151697506367,0.504950688923569,0.226027672749654,0.783025261643347,0.996331067762388
9.4121769798,0.644200466842906,0.610837017684953,0.139089348672978,0.384837156118239,0.505111118169929,0.225999861566714,0.783289815515884,0.995674173803192
9.4177102996,0.644412579979583,0.610544724530496,0.139142022051801,0.384572159882613,0.505270557927783,0.225972564647883,0.783554602031384,0.995116884413109
9.4232436194,0.644624307066271,0.610299217445236,0.139195309620649,0.384353459959231,0.505428997445623,0.225945757486005,0.78381961668692,0.994652677404468
9.4287769392,0.644835640061255,0.610083412255828,0.139249214754846,0.384164996703056,0.505586425306409,0.225918415552772,0.784084854816101,0.994248408958884
9.434310259,0.645046571485929,0.609895098361179,0.1393037404641,0.384004695851821,0.50574283102183,0.225890402509358,0.784350311950029,0.993899794212999
9.4398435788,0.645257093954381,0.609733171581786,0.139358889686188,0.383871540360435,0.505898204268192,0.225861631221351,0.784615983640569,0.99360471194222
9.4453768986,0.645467199709171,0.609596286106876,0.13941466558356,0.383764337038476,0.506052534125611,0.2258319490684,0.784881865292731,0.993360623145353
9.4509102184,0.645676880670745,0.609483221255134,0.139471071515849,0.383682011440914,0.506205809154896,0.22580120981422,0.785147952186594,0.993165232696049
9.4564435382,0.645886129769863,0.609392936882361,0.139528110184289,0.383623649453065,0.506358019585573,0.225769287429296,0.785414239954152,0.993016586335426
9.461976858,0.646094939379307,0.609324413484267,0.139585784635882,0.38358837560729,0.506509154743425,0.225736037876977,0.785680724015189,0.992912789091557
9.4675101778,0.646303301314107,0.609276563291387,0.139644098269059,0.38357526985562,0.506659203045048,0.225701293435768,0.785947399583165,0.992851833147007
9.4730434976,0.646511208292793,0.609248340189424,0.139703053888503,0.383583458246854,0.50680815440429,0.22566488194257,0.786214262181297,0.992831798436278
9.4785768174,0.646718725040465,0.609238719414456,0.139762589414127,0.383612099300174,0.506956135626338,0.225626620114282,0.786481314454593,0.99285081871463
9.4841101372,0.646926029899108,0.609246304671002,0.139822541282366,0.38366090445119,0.507103488616742,0.225585400219812,0.786748571181473,0.992907209122193
9.489643457,0.647133129518215,0.609269807822177,0.139882901411432,0.383729415521665,0.507250228106784,0.225540392300512,0.787016030929647,0.992999223343842
9.4951767768,0.647340021634584,0.609308381710596,0.139943670004981,0.383816471585952,0.507396351629603,0.225491910124643,0.787283691639565,0.993124853296548
9.5007100966,0.647546703753043,0.609361182022687,0.14000484737065,0.383920926006174,0.507541856382393,0.225440256016513,0.787551551123693,0.99328210802886
9.5062434164,0.647753173073089,0.609427325944568,0.140066433950656,0.384041607184807,0.507686739122434,0.22538571875976,0.787819607023745,0.993468933129375
9.5117767362,0.647959427348944,0.609505959829217,0.140128430026014,0.384177364564874,0.507830997322929,0.225328595264342,0.788087857374958,0.993683324394091
9.517310056,0.64816546413334,0.60959624390794,0.140190835973338,0.384327068324733,0.507974628160002,0.225269175583207,0.788356300106678,0.993923312232673
9.5228433758,0.648371280776632,0.609697304655867,0.140253652269471,0.384489562579811,0.50811762850716,0.225207742076056,0.788624933046103,0.994186867235678
9.5283766956,0.648576874720727,0.60980828041064,0.14031687938845,0.38466370214651,0.508259995332277,0.22514457826413,0.788893754109178,0.99447198255715
9.5339100154,0.648782243679816,0.609928321615938,0.140380517732678,0.38484835141223,0.508401725947138,0.225079970203708,0.789162761412494,0.994776673028168
9.5394433352,0.64898738515873,0.610056573677352,0.140444567806795,0.385042372906826,0.508542817351935,0.225014200770526,0.789431952965525,0.995098946584178
9.544976655,0.649192296287117,0.610192166676981,0.140509030284675,0.385244616053226,0.508683266002442,0.224947550623755,0.789701326571792,0.995436782730207
9.5505099748,0.649396974929654,0.610334245844518,0.140573905592999,0.385453938764425,0.508823069336655,0.224880307080093,0.789970880522653,0.995788184608942
9.5560432946,0.649601418598467,0.610481962397734,0.140639194315769,0.385669205552514,0.508962224282698,0.224812756845221,0.790240612914236,0.996151167950248
9.5615766144,0.649805624585295,0.610634448387516,0.140704897149955,0.385889260999232,0.50910072743534,0.224745187388284,0.79051052173525,0.996523709386748
9.5671099342,0.650009590420035,0.610790846424194,0.14077101472888,0.386112956136538,0.509238575691155,0.224677890287656,0.790780605148916,0.996903802560732
9.572643254,0.650213313787503,0.610950301796146,0.14083754765043,0.386339142334221,0.509375766137073,0.224611159461925,0.791050861437933,0.997289444130367
9.5781765738,0.650416792152444,0.611111955301519,0.140904496624769,0.386566663714192,0.509512295527675,0.224545291587327,0.791321288777212,0.997678619015712
9.5837098936,0.650620022688143,0.611274947544072,0.140971862507697,0.386794358919613,0.509648160180447,0.224480588624459,0.79159188519584,0.998069306463685
9.5892432134,0.650823003263021,0.611438421631861,0.141039645900954,0.387021068959719,0.509783357362067,0.224417352672142,0.791862649163975,0.99845949059158
9.5947765332,0.651025731381908,0.611601517550288,0.14110784757746,0.387245627259887,0.509917883804448,0.2243558902904,0.792133578959368,0.998847144810175
9.600309853,0.65122820427116,0.611763378963427,0.141176468452774,0.387466864383327,0.510051735818386,0.224296514580101,0.792404672723934,0.999230243346754
9.6058431728,0.651430419562203,0.611923148960318,0.141245509301326,0.387683610248171,0.510184910260878,0.224239538712147,0.792675928863529,0.999606759208488
9.6113764926,0.651632374903707,0.612079965348699,0.141314970913915,0.387894687517012,0.510317403989792,0.224185277831688,0.792947345817622,0.999974652865711
9.6169098124,0.651834067706267,0.612232970441536,0.14138485420718,0.38809891742935,0.510449213499087,0.224134053012186,0.793218921913448,1.00033188787089
9.6224431322,0.652035495222232,0.612381311643318,0.141455160193341,0.388295120369162,0.51058033502889,0.224086191274157,0.793490655415573,1.00067643201248
9.627976452,0.652236655295108,0.612524128439699,0.141525889654578,0.388482115486428,0.51071076564053,0.224042012953271,0.793762544949686,1.00100624392613
9.6335097718,0.652437605233733,0.612660552463079,0.141596990024842,0.388658708177151,0.510840615208891,0.224001844285928,0.794034595258575,1.00131926064023
9.6390430916,0.652638586712624,0.612789739481081,0.141668242698922,0.388823718263854,0.510970344013703,0.223966021217227,0.794306829411546,1.00161345774493
9.6445764114,0.652839616018531,0.612910808658414,0.141739629930645,0.388976000436599,0.511099986087886,0.223934808221816,0.794579245949175,1.00188680909501
9.6501097312,0.653040681808341,0.613022063115426,0.141811158693309,0.389115782380877,0.511229523115032,0.223906280734549,0.79485184050165,1.0021378454963
9.655643051,0.653241772768469,0.613126511879305,0.141882835935861,0.38924696425724,0.511358936832608,0.223879547622065,0.795124608704329,1.00237347613654
9.6611763708,0.653442877560965,0.613233017461627,0.141954668743795,0.389377946280543,0.51148820881717,0.223855071181083,0.79539754630476,1.00261096374217
9.6667096906,0.653643984837207,0.613341832740687,0.142026664534716,0.38950904747785,0.511617320302492,0.223832785262838,0.795670649371923,1.00285088021854
9.6722430104,0.653845083275972,0.613452901258247,0.1420988306773,0.389640293624859,0.511746252598672,0.223812607633388,0.795943913953273,1.00309319488311
9.6777763302,0.65404616151007,0.613566166274668,0.142171174505174,0.389771707318257,0.511874987004896,0.223794458956411,0.796217336015244,1.00333787359293
9.68330965,0.654247208224187,0.613681569140666,0.142243703768833,0.389903314495638,0.512003504455354,0.223778254645028,0.79649091199302,1.0035848836363
9.6888429698,0.65444821210067,0.613799053554322,0.142316426188885,0.39003514081291,0.512131785911785,0.223763912741412,0.796764638289554,1.00383419436723
9.6943762896,0.654649161769701,0.613918562281105,0.142389349522663,0.390167209299848,0.512259812247039,0.223751352981257,0.797038511292364,1.00408577158095
9.6999096094,0.654850045873135,0.614040038187084,0.142462481699103,0.390299543995771,0.512387564174032,0.223740494191313,0.797312527572238,1.00433958218286
9.7054429292,0.655050853138776,0.614163006669788,0.142535830814003,0.390431841949697,0.512515022324773,0.223731164720091,0.79758668395278,1.00459484861949
9.710976249,0.655251572243713,0.614286736290585,0.142609404995297,0.390563597440287,0.512642167248416,0.223723138850298,0.797860977239009,1.00485033373087
9.7165095688,0.655452191687904,0.614411113220778,0.142683212426992,0.390694788949548,0.512768979260913,0.223716324271231,0.798135404114896,1.00510590217033
9.7220428886,0.655652700294148,0.614536031838328,0.142757261526881,0.390825405196574,0.512895438767267,0.223710626641754,0.798409961821029,1.0053614370349
9.7275762084,0.655853086741218,0.614661387234058,0.142831560733082,0.390955433354045,0.513021526008137,0.223705953880013,0.7986846474743,1.0056168205881
9.7331095282,0.656053339572351,0.614787073603293,0.142906118584932,0.391084858815137,0.513147220987419,0.223702214788156,0.798959458157283,1.00587193241843
9.738642848,0.656253447470637,0.614912985547048,0.142980943747717,0.391213668446591,0.51327250372292,0.223699317100457,0.799234391218354,1.00612665399364
9.7441761678,0.656453399209595,0.61503901772825,0.143056044967261,0.39134184930046,0.513397354242334,0.223697168427789,0.799509444176855,1.00638086702871
9.7497094876,0.656653183430328,0.615165064678438,0.143131431087285,0.39146938737434,0.513521752343044,0.223695677304098,0.799784614517613,1.00663445205278
9.7552428074,0.6568527885721,0.615291020964997,0.143207111099515,0.391596268109385,0.513645677472585,0.223694752855612,0.800059899671615,1.00688728907438
9.7607761272,0.657052203554386,0.615416781280449,0.143283094005072,0.391722478500329,0.513769109549314,0.22369430278012,0.800335297559457,1.00713925978078
9.766309447,0.657251417055961,0.615542239898542,0.143359388931072,0.391848004022908,0.513892028124889,0.223694235875634,0.800610805987033,1.00739024392145
9.7718427668,0.65745041750239,0.615667291602546,0.143436005182167,0.391972830203952,0.514014412320224,0.223694461398594,0.800886422684557,1.0076401218065
9.7773760866,0.657649193679446,0.615791831119816,0.14351295205837,0.392096943071416,0.514136241621076,0.223694888048399,0.801162145737816,1.00788877419123
9.7829094064,0.657847734375635,0.615915752698524,0.14359023893709,0.392220327847561,0.514257495438545,0.223695424850963,0.801437973312725,1.00813608054608
9.7884427262,0.658046028165362,0.616038950970069,0.143667875363204,0.392342969804056,0.514378152802158,0.223695981166013,0.801713903528566,1.00838192077413
9.793976046,0.658244063488631,0.616161320684593,0.143745871040505,0.392464854362869,0.514498192448125,0.223696466321723,0.801989934529136,1.00862617504746
9.7995093658,0.658441829330874,0.616282756593855,0.143824235537053,0.392585966754727,0.514617593793821,0.223696789839128,0.802266064867927,1.00886872334858
9.8050426856,0.65863931437087,0.616403152475575,0.143902978628943,0.392706291046123,0.514736335741927,0.223696861429452,0.802542292999813,1.0091094435217
9.8105760054,0.658836506885793,0.616522403506313,0.143982110378429,0.39282581295424,0.514854396507364,0.223696590552072,0.802818617264222,1.00934821646055
9.8161093252,0.659033395825534,0.616640404668697,0.144061640623662,0.392944517347512,0.514971755201873,0.223695887321185,0.803095036449196,1.00958492201621
9.821642645,0.65922996996287,0.616757225534839,0.14414157936418,0.393062083250444,0.51508839059869,0.223695142284395,0.80337154932705,1.00981930878528
9.8271759648,0.659426217774788,0.616875657941457,0.144221936840163,0.393173487086565,0.515204280934626,0.223702170854892,0.803648154614951,1.01004914502802
9.8327092846,0.659622127763469,0.61699641389625,0.144302723376484,0.393277301231228,0.515319404386985,0.223719112665022,0.803924851139952,1.01027371512748
9.8382426044,0.659817688949587,0.617119097200055,0.144383949100521,0.39337401218335,0.515433739849065,0.223745085016705,0.804201638050108,1.0104931093834
9.8437759242,0.660012890011919,0.617243315190056,0.144465624404546,0.393464098489939,0.515547265607373,0.223779216700117,0.804478514416465,1.01070741367999
9.849309244,0.660207719048532,0.617368680960898,0.144547760109031,0.393548034296717,0.515659958939501,0.223820646664182,0.804755479157564,1.01091671525761
9.8548425638,0.660402165234875,0.617494798850547,0.144630366498208,0.393626306587438,0.515771798736667,0.223868492263108,0.805032531733082,1.01112110543798
9.8603758836,0.660596217297274,0.617621274676807,0.144713454192585,0.393699392979198,0.515882763104689,0.223921881697609,0.805309671489858,1.011320667656
9.8659092034,0.660789863584579,0.61774771940215,0.144797034129886,0.393767771893123,0.515992829454693,0.223979947509027,0.805586897714466,1.01151549129527
9.8714425232,0.660983092722588,0.61787374107924,0.144881117169281,0.393831923703186,0.516101975553307,0.224041817376054,0.805864209891869,1.01170566478243
9.876975843,0.661175893736496,0.617998945517342,0.144965713997906,0.393892328732955,0.51621017973859,0.224106616784387,0.806141607734402,1.0118912742503
9.8825091628,0.661368255275465,0.618122940400837,0.145050835617322,0.393949464900594,0.516317419658142,0.224173475500242,0.806419090892787,1.01207240530143
9.8880424826,0.661560165316581,0.61824523081723,0.145136493556583,0.394003711482801,0.516423671759999,0.224241519334429,0.806696658873164,1.01224894230003
9.8935758024,0.661751613233441,0.618365314078765,0.145222698515894,0.394055443947428,0.516528914717547,0.224309870131337,0.806974311749335,1.01242075802619
9.8991091222,0.66194258770482,0.618482974904774,0.145309461723877,0.394105309255979,0.516633125980943,0.224377665648795,0.807252049428696,1.01258828416075
9.904642442,0.662133076920709,0.618598011208877,0.145396794825497,0.394153969251997,0.516736282095212,0.22444404195688,0.807529871746206,1.01275198046087
9.9101757618,0.662323069691962,0.618710218057634,0.145484709131127,0.39420208261695,0.516838360560835,0.224508135440684,0.807807778823088,1.01291230067458
9.9157090816,0.662512555017576,0.618819389927871,0.145573215895474,0.394250305247,0.516939339122102,0.224569084680871,0.80808577091305,1.01306969517487
9.9212424014,0.662701521438825,0.618925322219844,0.145662326767894,0.394299296137104,0.517039194670931,0.22462602608274,0.80836384820672,1.01322461835695
9.9267757212,0.662889957015913,0.619027808993839,0.145752053825253,0.394349718811503,0.517137903190661,0.224678090182336,0.808642010841166,1.01337752780534
9.932309041,0.663077851147206,0.619126647759967,0.145842408275274,0.394402227949103,0.517235442871932,0.224724419810864,0.80892025942248,1.01352887570907
9.9378423608,0.66326519251148,0.61922163241876,0.145933401909386,0.394457480255638,0.517331790602094,0.224764152163122,0.809198594420866,1.0136791126744
9.9433756806,0.66345196910915,0.619312556796226,0.146025047096309,0.394516142057502,0.517426922012842,0.224796414738724,0.809477016205459,1.01382869885373
9.9489090004,0.663638169997563,0.619399217750398,0.146117355517681,0.394578869687606,0.517520814479882,0.224820348062792,0.809755525515244,1.013978087438
9.9544423202,0.6638237841188,0.619481411175324,0.146210339010302,0.394646318675495,0.517613445108498,0.224835092499829,0.810034123129102,1.01412772985082
9.95997564,0.66400882512951,0.619558931373642,0.146303984399632,0.394719151370861,0.517704840729879,0.224839780002781,0.810312809529142,1.0142780827445
9.9655089598,0.664193389582006,0.619631570664671,0.146398194545693,0.394798033136907,0.517795195036313,0.224833537527765,0.810591584127699,1.01442960380158
9.9710422796,0.664377494318524,0.619699128896599,0.146492952652786,0.394883615198912,0.517884541665739,0.224815513697686,0.81087044697131,1.01458274409551
9.9765755994,0.664561145518261,0.619761401247312,0.146588252436268,0.394976556152814,0.517972893081993,0.224784845094499,0.811149397954529,1.01473795740013
9.9821089192,0.664744348754563,0.61981821835786,0.146684087964055,0.395077560082821,0.518060260790509,0.22474065827504,0.811428436718618,1.01489577844068
9.987642239,0.664927110710266,0.619869862205289,0.14678045252373,0.395187403267729,0.518146658186536,0.22468245893756,0.811707563233996,1.01505726547302
9.9931755588,0.665109437686684,0.619917010075443,0.146877339613542,0.395305393096843,0.518232098073142,0.2246116169786,0.811986777300225,1.01522240317229
9.9987088786,0.665291335589624,0.619960070156921,0.146974742943511,0.39543105537124,0.518316592646113,0.224529014785681,0.812266078533135,1.01539112552816
10.0042421984,0.665472810463249,0.619999372205975,0.147072656085335,0.395564050386045,0.518400154377914,0.22443532181993,0.812545466548584,1.01556342259202
10.0097755182,0.665653868915087,0.620035250892877,0.147171072206376,0.395704029346227,0.518482796708711,0.22433122154665,0.812824941121462,1.0157392802391
10.015308838,0.665834517124332,0.620068037133039,0.147269984707491,0.395850651538184,0.518564532416841,0.224217385594855,0.813104501831823,1.01591868867122
10.0208421578,0.666014760646657,0.62009805671802,0.147369387333744,0.396003584451595,0.518645373312913,0.224094472266426,0.813384147980401,1.01610164116962
10.0263754776,0.666194606272654,0.620125645205207,0.147469273010897,0.396162477649476,0.518725333261757,0.22396316755573,0.813663879283551,1.01628812285468
10.0319087974,0.666374060213555,0.620151134391567,0.147569634988919,0.39632699091144,0.518804425224637,0.223824143480127,0.813943695202474,1.01647812530301
10.0374421172,0.666553128329674,0.620174852361488,0.147670466687523,0.396496786586616,0.518882661642151,0.223678065774872,0.814223595017197,1.0166716389481
10.042975437,0.666731816828568,0.620197130142083,0.147771761267994,0.396671522836072,0.518960055560575,0.223525607306011,0.814503578096562,1.01686865297816
10.0485087568,0.666910132199865,0.620218301005872,0.147873511682822,0.3968508563203,0.519036620517043,0.223367444685572,0.814783643882687,1.01706915732617
10.0540420766,0.667088080581483,0.62023869575644,0.147975711055932,0.397034447560366,0.519112369525551,0.223204248196074,0.815063791637414,1.01727314331681
10.0595753964,0.667265667652014,0.620258642185798,0.148078352732826,0.39722195882773,0.519187314919188,0.223036683358068,0.815344020384839,1.01748060101353
10.0651087162,0.667442900152445,0.620278473596019,0.148181429398383,0.397413045196891,0.519261470754062,0.222865428399127,0.815624329550828,1.01769151879291
10.070642036,0.66761978426197,0.620298522951074,0.148284934027987,0.397607369201769,0.519334850233983,0.222691153749305,0.815904718289957,1.01790589215284
10.0761753558,0.667796325812174,0.620319117956413,0.148388859747894,0.397804590237742,0.51940746606428,0.22251452771867,0.816185185560068,1.01812370819415
10.0817086756,0.667972531140478,0.620340590020309,0.148493199357234,0.398004367221186,0.519479331783244,0.222336222799123,0.816465730497711,1.0183449572415
10.0872419954,0.668148406635374,0.6203632719144,0.148597945592675,0.398206361579726,0.519550461042699,0.222156910334674,0.816746352228049,1.01856963349413
10.0927753152,0.668323958378231,0.620387494073991,0.14870309131943,0.398410234043,0.519620867058802,0.221977260030991,0.817027049697661,1.01879772811699
10.098308635,0.668499192233147,0.620413586147841,0.148808629470898,0.39861564333515,0.519690562762249,0.221797942812691,0.817307821704045,1.01902922948299
10.1038419548,0.668674114812152,0.620441678095146,0.148914552551674,0.398822056721782,0.519759562260478,0.221619621373364,0.817588667363826,1.01926373481693
10.1093752746,0.668848732294442,0.620470979588083,0.149020853258248,0.399028053470649,0.519827879036194,0.221442926117434,0.817869585552689,1.01949903305873
10.1149085944,0.669023050499637,0.620501545396546,0.14912752442123,0.399233024407334,0.519895526078406,0.221268520989212,0.818150574920867,1.01973456980388
10.1204419142,0.669196978100665,0.620533585680931,0.149234622706108,0.399436514427946,0.519962355394557,0.221097071252986,0.818431600806774,1.01997010010888
10.125975234,0.669370364210172,0.620567311102753,0.149342242948561,0.399638069420445,0.520028121261612,0.220929241682308,0.818712607158733,1.0202053805232
10.1315085538,0.669543217050628,0.620602932212392,0.149450374847607,0.399837231827938,0.520092842203022,0.220765700384454,0.818993591898235,1.02044016404033
10.1370418736,0.669715547277836,0.6206406602812,0.149559006495113,0.4000335427826,0.520156540782723,0.2206071174986,0.819274553772949,1.0206742030638
10.1425751934,0.669887366469485,0.620680704305389,0.149668125497772,0.400226550679648,0.520219240971713,0.220454153625741,0.819555491967257,1.02090725498504
10.1481085132,0.67005868559365,0.620723275000232,0.149777719807267,0.400415800786278,0.520280965786383,0.220307474213954,0.819836405400916,1.02113907578651
10.153641833,0.67022951493841,0.620768585138118,0.149887777730129,0.400600829731142,0.52034173720828,0.220167755406976,0.820117292668539,1.02136941486926
10.1591751528,0.670399866077488,0.620816842765224,0.14999828691833,0.400781187385574,0.520401579159158,0.22003565537965,0.820398152995819,1.0215980301508
10.1647084726,0.670569750088649,0.620866988190789,0.150109235298576,0.400958615190132,0.520460514790073,0.219908373000656,0.820678985387225,1.02182560338092
10.1702417924,0.670739177630263,0.620915064879624,0.150220611012417,0.40113985490073,0.520518566617846,0.219775209978894,0.82095978864268,1.02205491978035
10.1757751122,0.670908159582057,0.620960908121545,0.150332402095912,0.401325097941736,0.520575757486146,0.219635810179808,0.821240561677969,1.02228600606328
10.181308432,0.6710767073455,0.62100468303852,0.150444596354796,0.40151396905217,0.520632110990704,0.21949071398635,0.821521303700295,1.02251865209069
10.1868417518,0.671244831888663,0.621046551862812,0.150557181817012,0.401706096568493,0.520687650071651,0.219340455294318,0.821802013705675,1.02275264843131
10.1923750716,0.671412543531067,0.621086672583947,0.150670146799175,0.401901111291522,0.520742396731892,0.219185561292425,0.822082690330242,1.02298778387547
10.1979083914,0.671579853912078,0.621125211084867,0.150783479048406,0.402098637152505,0.520796374863672,0.219026573932362,0.822363332960484,1.02322384823737
10.2034417112,0.671746774012377,0.62116233018744,0.150897166622317,0.402298303127396,0.52084960739006,0.218864027060044,0.822643940634694,1.02346063331484
10.208975031,0.671913314472394,0.621198189744463,0.151011197721607,0.402499737689705,0.520902116750787,0.218698452054758,0.822924512194001,1.02369792743417
10.2145083508,0.67207948633626,0.621232952307395,0.15112556038987,0.402702568202249,0.52095392594639,0.218530384105145,0.823205046726131,1.02393552050964
10.2200416706,0.67224530085898,0.621266781573017,0.151240242612532,0.402906422619347,0.521005058246448,0.21836035895367,0.823485543471513,1.02417320419236
10.2255749904,0.672410768953915,0.621299839378606,0.151355232519823,0.40311092954441,0.521055536434092,0.218188909834197,0.823766001473738,1.02441076892302
10.2311083102,0.672575901165922,0.621332286164946,0.151470518364778,0.403315716341913,0.521105382801143,0.218016569823033,0.8240464195307,1.02464800250686
10.23664163,0.67274070897635,0.621364285795057,0.15158608810597,0.403520411595938,0.52115462087038,0.217843874199118,0.824326797082319,1.024884697391
10.2421749498,0.672905203353271,0.621396000981154,0.151701929893695,0.403724644872035,0.521203273459576,0.21767135610912,0.824607133246966,1.02512064585319
10.2477082696,0.673069394948938,0.621427609873886,0.151818031967581,0.40392805566933,0.521251362981357,0.217499554204556,0.824887426916519,1.02535566554322
10.2532415894,0.67323329491236,0.621459322443098,0.151934382440314,0.40413030852533,0.521298912472047,0.217329013917768,0.825167677352674,1.02558963096843
10.2587749092,0.673396914381843,0.621491349242166,0.1520509694561,0.404331069615292,0.521345944925742,0.217160279626874,0.825447883837943,1.02582241885746
10.264308229,0.673560264233185,0.621523900083837,0.15216778123204,0.404530002932462,0.521392483001145,0.216993897151375,0.825728045465226,1.0260539030163
10.2698415488,0.673723355214888,0.621557185255374,0.152284806001998,0.404726770199041,0.521438549212891,0.216830415056333,0.826008161216886,1.02628395545441
10.2753748686,0.673886198642218,0.621591414548851,0.152402031930994,0.404921039510812,0.521484166711224,0.216670375038039,0.826288230573212,1.02651245405966
10.2809081884,0.674048805483247,0.621626798239456,0.152519447262176,0.405112476364157,0.52152935822107,0.216514321875299,0.826568252745423,1.02673927460361
10.2864415082,0.674211186431809,0.621663547143316,0.152637040252449,0.405300740307133,0.52157414617936,0.216362806836183,0.826848226684258,1.02696428745045
10.291974828,0.674373352682272,0.621701870639615,0.152754799143462,0.40548549902289,0.521618553538809,0.216216371616725,0.827128151825734,1.0271873696625
10.2975081478,0.674535315286001,0.621741978615177,0.15287271221588,0.405666419315055,0.521662603070121,0.216075559300122,0.827408027501881,1.02740839793023
10.3030414676,0.674697085110998,0.621784081670989,0.152990767751318,0.40584316331528,0.52170631735968,0.215940918355709,0.827687852862316,1.02762724498627
10.3085747874,0.674858675441729,0.621828390958578,0.15310895136628,0.406015392568124,0.521749724075449,0.215812998390453,0.827967626808009,1.0278437835267
10.3141081072,0.675020097852596,0.621875114658725,0.153227250959593,0.406182777301684,0.521792846893003,0.215692337357041,0.828247348812189,1.02805789196041
10.319641427,0.675181350812754,0.62192446284485,0.153345668781847,0.406344982828609,0.521835682030907,0.215579480016241,0.828527019594601,1.02826944567346
10.3251747468,0.675342431930329,0.621976648975361,0.153464207795332,0.406501664729369,0.521878224134997,0.215474984245992,0.828806639725661,1.02847831370473
10.3307080666,0.675503339287199,0.622031880020041,0.153582871143742,0.40665249511423,0.521920468143457,0.215379384905811,0.829086210430941,1.02868437513427
10.3362413864,0.675664070777002,0.622090578858602,0.153701662005777,0.406797349691012,0.521962408771226,0.21529322916759,0.829365732782779,1.02888792854961
10.3417747062,0.675824624129193,0.622154563156053,0.153820583623137,0.406935920398045,0.522004040506056,0.215218642758008,0.82964520775233,1.0290904835541
10.347308026,0.67598499717392,0.622225165750651,0.153939639338441,0.407066111664745,0.522045357835479,0.215159054085906,0.82992463651236,1.0292912774154
10.3528413458,0.676145187935223,0.62230203112653,0.154058832584024,0.407188337728058,0.522086355351199,0.215113693398472,0.830204020519246,1.02949036885459
10.3583746656,0.67630519427323,0.622384746840192,0.15417816685178,0.407303108122754,0.52212702742145,0.215081638717438,0.83048336112501,1.02968785496295
10.3639079854,0.676465013747668,0.622472904656057,0.154297645716241,0.40741091808509,0.522167368031427,0.215061986570967,0.830762659463909,1.02988382274115
10.3694413052,0.676624644522325,0.622566084500175,0.154417272834202,0.407512290923811,0.522207371688123,0.215053793576364,0.831041917356527,1.03007837542399
10.374974625,0.67678408446071,0.622663875111777,0.154537051927687,0.407607736762779,0.522247032533023,0.215056138348998,0.831321136388398,1.03027161187456
10.3805079448,0.676943331243353,0.622765864543014,0.154656986810497,0.407697756565579,0.522286344432856,0.215068107977435,0.83160031805385,1.03046362110859
10.3860412646,0.677102382773218,0.622871638379491,0.154777081362341,0.407782861049943,0.522325301410877,0.215088777329548,0.831879464135559,1.03065449942943
10.3915745844,0.677261237050455,0.622980782135864,0.1548973395187,0.407863563034874,0.522363897531756,0.21511721910099,0.832158576569155,1.03084434517074
10.3971079042,0.677419891895885,0.623092883137444,0.155017765303949,0.407940368706629,0.522402126591936,0.215152514430816,0.832437657199834,1.03103325184407
10.402641224,0.677578344922813,0.623207529606215,0.155138362857163,0.408013780399617,0.52243998206565,0.215193749206599,0.832716707779976,1.03122131000583
10.4081745438,0.677736594280756,0.623324305563537,0.155259136298565,0.40808431145467,0.522477457982191,0.215239994108867,0.832995730579321,1.03140861701821
10.4137078636,0.677894637833223,0.623442798652273,0.155380089859289,0.408152468558384,0.522514547973935,0.215290330093889,0.833274727692512,1.03159526721066
10.4192411834,0.678052473206019,0.623562595906273,0.155501227901174,0.408218754765486,0.522551245304845,0.215343841140786,0.833553701107194,1.03178135067176
10.4247745032,0.678210098386522,0.623683283222904,0.155622554775476,0.408283678200414,0.522587543611046,0.21539960502249,0.833832653161999,1.03196696142332
10.430307823,0.678367511345192,0.623804447339875,0.155744074896088,0.408347745163687,0.522623436449105,0.215456702176188,0.83411158624128,1.03215219250356
10.4358411428,0.678524709857746,0.623925675005588,0.155865792798187,0.408411460070415,0.522658917059559,0.215514214935173,0.834390502655933,1.032337135076
10.4413744626,0.678681691602663,0.62404655236554,0.155987713125023,0.408475328347539,0.52269397847764,0.215571224018001,0.834669404727686,1.03252188071308
10.4469077824,0.678838454709391,0.624166666522848,0.156109840437902,0.408539854396983,0.522728614271489,0.215626812125864,0.834948295147293,1.03270652091983
10.4524411022,0.678994997041439,0.624285604220314,0.156232179444451,0.408605541255326,0.522762817596988,0.215680062964987,0.83522717648589,1.03289114547564
10.457974422,0.679151316164089,0.624402950673292,0.156354735039046,0.408672895413674,0.522796581125043,0.215730055259618,0.835506051203136,1.03307584608697
10.4635077418,0.679307410160729,0.624518293708353,0.156477511984648,0.408742418760766,0.522829898176081,0.215775874947586,0.835784922145377,1.03326071246912
10.4690410616,0.679463276966331,0.624631220166025,0.156600515157414,0.408814612206403,0.522862761808917,0.215816607959622,0.836063792123745,1.03344583237243
10.4745743814,0.679618911629134,0.624741315872086,0.156723745047862,0.408889980349766,0.522895166581273,0.21585133552232,0.836342656676996,1.03363129622185
10.4801077012,0.679774272232823,0.624848166361493,0.15684713944014,0.408969028083183,0.522927132792683,0.21587913827831,0.836621411672963,1.03381719444468
10.485641021,0.679929343980434,0.624951360698891,0.156970681478363,0.409052252171337,0.52295866250207,0.215899108527554,0.836900025458797,1.03400361287023
10.4911743408,0.680084125153243,0.625050485243362,0.157094377082304,0.409140152497888,0.522989748070939,0.215910332745475,0.837178502235547,1.03419063774125
10.4967076606,0.680238613585948,0.625145122271534,0.157218232293043,0.409233240407786,0.523020381292905,0.215911881863748,0.837456845878991,1.03437836267932
10.5022409804,0.68039280796378,0.625234863263299,0.157342253120988,0.409332008419501,0.523050554842792,0.215902854843798,0.837735061084768,1.0345668716828
10.5077743002,0.6805467066051,0.625319294041776,0.157466445668407,0.40943695357812,0.523080260936693,0.215882340463656,0.838013152273507,1.0347562476199
10.51330762,0.680700307553965,0.6253979991644,0.157590816149334,0.409548583035779,0.523109491404631,0.215849416128621,0.838291123703299,1.03494658220018
10.5188409398,0.680853609069587,0.62547188050399,0.157715370811974,0.409665129399849,0.523138238257613,0.215806751104141,0.838568979881561,1.03513700990384
10.5243742596,0.681006609686987,0.625542399354507,0.157840115902412,0.409783701433474,0.523166493784575,0.215758697921033,0.838846725589398,1.03532610078798
10.5299075794,0.6811593076671,0.625609275675979,0.157965057776865,0.409903873050945,0.523194249890234,0.215705402625034,0.839124365443965,1.03551314872692
10.5354408992,0.68131170082808,0.625672458755521,0.158090202975708,0.410025407592384,0.523221497852372,0.215647051163138,0.839401903803788,1.03569786634791
10.540974219,0.681463787929128,0.625731935535306,0.158215557858092,0.410148081383245,0.523248230071036,0.215583854152061,0.83967934578722,1.03588001691855
10.5465075388,0.681615567251519,0.625787686522357,0.158341128956086,0.410271672321886,0.523274438295433,0.21551601420047,0.839956696207606,1.03605935884424
10.5520408586,0.681767036769485,0.625839764750996,0.158466922964728,0.410396035222567,0.523300113804757,0.21544372952843,0.840233959734213,1.03623579997356
10.5575741784,0.68191819486175,0.625889468723116,0.158592946518957,0.410522271891042,0.523325248342793,0.215367196832074,0.840511141380707,1.03641174061416
10.5631074982,0.682069040013648,0.625937357863101,0.158719206265823,0.410650741756925,0.523349833747825,0.215286616106176,0.840788246279471,1.03658809962003
10.568640818,0.682219570424027,0.625983499877994,0.158845709008931,0.410781313881983,0.523373861415096,0.215202185996011,0.841065279432958,1.03676481375998
10.5741741378,0.682369784015077,0.626027961467853,0.158972461731881,0.410913859036084,0.523397322283196,0.21511410243177,0.841342245746959,1.03694182050394
10.5797074576,0.682519679504051,0.62607081288157,0.159099471161019,0.411048242597501,0.523420208343032,0.215022570284069,0.84161915066507,1.03711905547907
10.5852407774,0.682669255172223,0.626112121924813,0.159226744245611,0.411184332728321,0.523442510926613,0.214927789196493,0.841895999417834,1.03729645465313
10.5907740972,0.682818508919336,0.626151955606506,0.159354288173746,0.411322000082589,0.52346422074559,0.214829955523917,0.842172797093081,1.03747395568909
10.596307417,0.682967439252953,0.626190383091434,0.159482109923531,0.411461111594166,0.523485329329422,0.214729271497269,0.842449549176485,1.0376514946856
10.6018407368,0.68311604460406,0.626227472802377,0.15961021655425,0.411601534591372,0.52350582804981,0.214625938211005,0.842726261158309,1.03782900739375
10.6073740566,0.68326432310475,0.626263292509928,0.159738615330685,0.411743138127458,0.523525707774065,0.21452015438247,0.843002938435435,1.03800643063739
10.6129073764,0.683412272790581,0.626297909925238,0.159867313640289,0.411885791391633,0.523544959150292,0.214412118533605,0.84327958643087,1.03818370131687
10.6184406962,0.68355989233219,0.626331394270428,0.159996318589559,0.41202936100034,0.52356357374263,0.214302033270088,0.843556210921749,1.03836075527077
10.623974016,0.683707180010853,0.626363813357593,0.160125637542405,0.412173714991869,0.523581542468448,0.214190098365724,0.843832817553258,1.03853752834946
10.6295073358,0.683854133647158,0.626395234784265,0.160255278198743,0.412318723108119,0.523598855448416,0.214076511676146,0.844109411845901,1.03871395789238
10.6350406556,0.684000797914932,0.626425727578821,0.160385193444477,0.412464252437743,0.523615604470456,0.213961475141078,0.844385991359409,1.03888998001656
10.6405739754,0.68414729963166,0.62645535962869,0.160515238671294,0.412610170607103,0.523632060960366,0.213845189021587,0.844662538302954,1.03906553023579
10.6461072952,0.684293650936544,0.626484199039368,0.160645404364766,0.412756346407532,0.523648246571778,0.213727852631836,0.844939055301311,1.0392405454469
10.651640615,0.684439856893173,0.626512314076949,0.160775689458297,0.412902648086854,0.523664167434876,0.213609665990095,0.84521554635147,1.0394149621638
10.6571739348,0.684585922754459,0.626539773121581,0.160906092926888,0.41304894315732,0.523679829827571,0.213490829964261,0.845492015681346,1.0395887162789
10.6627072546,0.684731853623371,0.626566644049487,0.161036613767669,0.413195099606619,0.523695239855702,0.213371544442867,0.845768467391041,1.03976174365611
10.6682405744,0.684877654407097,0.626592995231607,0.161167250987653,0.413340985923381,0.523710403419444,0.213252009308226,0.846044905394749,1.03993398115499
10.6737738942,0.685023330410685,0.626618895132613,0.161298003657545,0.413486470019532,0.52372532675314,0.213132425113081,0.846321334068229,1.04010536515215
10.679307214,0.685168886747256,0.626644376831742,0.161428870863016,0.413631478835575,0.52374001588424,0.213012897996167,0.846597757610272,1.04027585566732
10.6848405338,0.685314328427614,0.626667435511889,0.161559851705159,0.413779452493429,0.523754476722455,0.21288798301846,0.846874180132773,1.04044688800532
10.6903738536,0.68545966057125,0.626687026845801,0.161690945325405,0.41393217518728,0.523768715245844,0.212754851658522,0.847150605896655,1.04061920203308
10.6959071734,0.685604888373226,0.626703391907936,0.161822150907799,0.414089215782246,0.523782737465427,0.21261417612569,0.847427039281024,1.04079260769018
10.7014404932,0.685750016925636,0.62671676905709,0.161953467651972,0.414250148274406,0.523796549273664,0.212466620782684,0.847703484577608,1.0409669173315
10.706973813,0.685895051207064,0.626727394577002,0.162084894761616,0.414414551504277,0.523810156445448,0.212312843072724,0.847979945968681,1.04114194608128
10.7125071328,0.68603999647219,0.62673551110309,0.162216431523524,0.414581992655314,0.523823564948666,0.212153518447776,0.848256427995713,1.0413175037584
10.7180404526,0.686184857823983,0.626741356590173,0.162348077227369,0.414752044690886,0.523836780596614,0.211989311899287,0.848532935051352,1.04149340128106
10.7235737724,0.686329640289039,0.626745169155821,0.16247983116964,0.414924284449797,0.523849809119399,0.211820884706024,0.848809471458679,1.04166945360562
10.7291070922,0.686474349015059,0.626747188743801,0.162611692705749,0.415098283726347,0.52386265630931,0.211648905017454,0.849086041720808,1.04184547247015
10.734640412,0.686618989153104,0.626747654570412,0.162743661226379,0.41527361430102,0.523875327926725,0.211474040269392,0.849362650379483,1.04202126887143
10.7401737318,0.686763565788085,0.626746805267227,0.162875736131394,0.415449850434067,0.523887829656691,0.21129695483316,0.849639301919479,1.04219665570129
10.7457070516,0.686908083972745,0.626744879826053,0.163007916831158,0.415626566610184,0.523900167141587,0.211118313215869,0.849916000803903,1.04237144643624
10.7512403714,0.687052548894786,0.626742117949338,0.16314020282365,0.415803334844232,0.523912346071136,0.210938783105106,0.850192751718436,1.04254545279357
10.7567736912,0.687196964377919,0.626738757675692,0.163272594210261,0.415979728412785,0.523924370167658,0.210759029262907,0.85046955858818,1.04271848608848
10.762307011,0.68734105984992,0.62673503903565,0.163405220465385,0.416155321269598,0.523935839384535,0.210579717766052,0.850746280315306,1.04289036030525
10.7678403308,0.687484628889137,0.626731201109871,0.163538179390848,0.41632968686056,0.523946449498289,0.210401514249311,0.851022808279986,1.04306088797043
10.7733736506,0.687627676184166,0.626727481904275,0.163671468609849,0.41650239872601,0.523956207574317,0.210225083178265,0.851299144794015,1.04322988063029
10.7789069704,0.687770205944455,0.626724121057559,0.163805085963656,0.416673030326439,0.5239651199808,0.21005109073112,0.851575291908111,1.043397151384
10.7844402902,0.687912222318561,0.62672128117742,0.163939029350966,0.416841074275581,0.523973192967595,0.209880206901839,0.851851251669527,1.043562355453
10.78997361,0.68805373036502,0.626718357938398,0.164073296348615,0.417005242132471,0.523980434016405,0.209713115805927,0.852127026713635,1.04372360007087
10.7955069298,0.688194734551214,0.626715428782581,0.164207884794454,0.41716494132383,0.52398684975676,0.209550487458751,0.852402619345668,1.04388037010641
10.8010402496,0.688335238640247,0.62671282746543,0.164342792835162,0.417319834865365,0.523992445805085,0.209392992600065,0.85267803147541,1.04403266233079
10.8065735694,0.688475247706737,0.626710607670029,0.164478018134711,0.41746940261799,0.523997229572025,0.209241205052039,0.852953265841448,1.04418001028802
10.8121068892,0.688614766329502,0.626708907218865,0.164613558581514,0.417613179518709,0.524001207747988,0.209095727700156,0.853228324911016,1.04432208673757
10.817640209,0.688753798640452,0.626708063553579,0.164749412272012,0.417750834633836,0.52400438636844,0.208957228919743,0.853503210912464,1.04445889818742
10.8231735288,0.688892348995571,0.626708412521744,0.16488557724576,0.417882037445835,0.524006771749811,0.208826375075909,0.85377792624133,1.04459044996758
10.8287068486,0.689030422323507,0.626710285515715,0.165022051343869,0.418006463196346,0.524008370979638,0.208703822319369,0.854052473667376,1.04471674871206
10.8342401684,0.689168023091643,0.626714016331585,0.165158832620362,0.418123783084306,0.524009190471282,0.208590233247279,0.854326855712005,1.04483779941589
10.8397734882,0.689305155017778,0.626719946027436,0.165295919462134,0.418233659170743,0.524009235555643,0.208486286856693,0.854601074479913,1.04495360519818
10.845306808,0.689441823319486,0.626728404044355,0.165433309681837,0.418335772840611,0.524008513637649,0.208392631203744,0.854875133001322,1.04506417688497
10.8508401278,0.689578032477935,0.626739723247604,0.165571001416661,0.418429795124064,0.524007031061273,0.20830992812354,0.855149033894596,1.04516951837167
10.8563734476,0.689713786559614,0.626754212249324,0.165708993002724,0.418515445227206,0.524004793556889,0.208238767022118,0.855422779562338,1.04526965747653
10.8619067674,0.689849090103693,0.626771367372771,0.165847282613384,0.418593837737537,0.524001807490309,0.208177529635234,0.855696372717077,1.04536520511031
10.8674400872,0.689983947921054,0.626790824669221,0.165985868337728,0.418665845695975,0.523998079583326,0.208124978973246,0.855969816258782,1.0454566703652
10.872973407,0.690118364407333,0.6268124940306,0.166124748463183,0.418731871863374,0.52399361594415,0.208080622167227,0.856243112870517,1.04554436589397
10.8785067268,0.690252343462383,0.626836288436542,0.166263921513215,0.41879231414735,0.523988421949168,0.208043974289192,0.856516264975598,1.04562860258389
10.8840400466,0.690385890207257,0.626862113108937,0.166403385530823,0.418847584195537,0.523982504676434,0.208014528913401,0.856789275738079,1.04570969730447
10.8895733664,0.690519009109335,0.626889877035516,0.166543138857262,0.418898085337032,0.523975870252074,0.207991791698484,0.857062147966597,1.04578796237255
10.8951066862,0.690651704181812,0.626919492218406,0.166683180054346,0.418944217782352,0.523968524127467,0.207975274436054,0.857334884236158,1.04586371000076
10.900640006,0.690783980122798,0.626950866528306,0.166823507422598,0.418986388222449,0.5239604727002,0.207964478305857,0.857607487545396,1.04593725475076
10.9061733258,0.690915841637531,0.626983908144609,0.166964119284359,0.419025002917306,0.523951722353172,0.207958905227303,0.857879960921889,1.04600891106191
10.9117066456,0.691047293048236,0.627018527090249,0.167105014152181,0.419060465018584,0.523942278896055,0.207958062071666,0.858152307200417,1.04607899210883
10.9172399654,0.691178338453934,0.627054633680623,0.167246190664006,0.419093176560057,0.523932147789928,0.207961457120566,0.85842452911794,1.04614781024068
10.9227732852,0.69130898284992,0.627092135304353,0.167387647095278,0.419123545862809,0.523921335754642,0.207968589441543,0.858696629945197,1.04621568116716
10.928306605,0.691439230703575,0.627130941742907,0.167529381974825,0.419151977608035,0.52390984872875,0.207978964134872,0.8589686126784,1.04628291935094
10.9338399248,0.691569085986919,0.627170962953205,0.16767139407769,0.419178873749816,0.523897691909229,0.207992089203389,0.859240480064608,1.04634983670302
10.9393732446,0.691698553532758,0.627212107132349,0.16781368182538,0.419204641037759,0.523884871707377,0.20800746609459,0.859512235358138,1.04641674817011
10.9449065644,0.691827637952808,0.627254283972179,0.167956243760318,0.419229685341234,0.52387139419249,0.208024598630944,0.859783881713126,1.04648396931341
10.9504398842,0.691956343508008,0.62729740271794,0.168099078607869,0.419254410644953,0.523857264900139,0.208042992072988,0.860055422115878,1.04655181336289
10.955973204,0.692084674472301,0.627341372175536,0.168242185115447,0.41927922163918,0.523842489356854,0.208062150536356,0.860326859587747,1.04662059381472
10.9615065238,0.692212635727346,0.627386101654275,0.168385561777939,0.419304524459208,0.523827073949406,0.208081577195066,0.860598197505285,1.04669062611348
10.9670398436,0.692340231740525,0.627431501287593,0.16852920730198,0.419330724730508,0.523811024438545,0.208100776557085,0.860869439042505,1.0467622260181
10.9725731634,0.692467466454804,0.627477478741162,0.168673120664852,0.419358227289487,0.523794345789952,0.208119251451674,0.861140587119656,1.04683570603065
10.9781064832,0.692594344813443,0.627523943472337,0.16881730040336,0.419387437267219,0.523777044410083,0.208136506205119,0.861411645216803,1.04691138073956
10.983639803,0.692720795013298,0.627570806439369,0.168961840502788,0.419418761300585,0.52375895451051,0.208152045138784,0.861682635516086,1.04698956773995
10.9891731228,0.692846677632739,0.627617975201112,0.169106919430085,0.419452604671261,0.523739758202654,0.208165370529851,0.861953597062824,1.04707057987237
10.9947064426,0.69297200249551,0.627665358208718,0.169252529893454,0.419489373285381,0.523719472602056,0.208175984923337,0.862224532388964,1.0471547314941
11.0002397624,0.693096784103998,0.627712865886308,0.169398659023274,0.419529471675935,0.523698125080724,0.208183394210373,0.862495443127272,1.04724233756224
11.0057730822,0.693221036436359,0.627759499232439,0.169545294344211,0.419572358312498,0.523675742092149,0.208187140919941,0.86276633078057,1.04733185754494
11.011306402,0.69334477267524,0.627804252112184,0.169692423975102,0.41961749000951,0.523652348700138,0.208186762102674,0.863037196650342,1.04742174212169
11.0168397218,0.693468007669158,0.627846987042709,0.169840034741895,0.419665214992621,0.523627972927263,0.208181772050088,0.863308042411053,1.04751220203533
11.0223730416,0.693590755406195,0.627887959763529,0.169988114120067,0.4197152043337,0.523602641286128,0.208172755429828,0.863578869526263,1.04760316409723
11.0279063614,0.693713029442993,0.627930048492148,0.170136649896549,0.419762623876627,0.523576379546444,0.208167424615521,0.863849679339542,1.04769267236877
11.0334396812,0.693834843909722,0.627973761876855,0.170285629407908,0.419806711921758,0.523549214501814,0.208167049955097,0.864120473317629,1.04778047379861
11.038973001,0.693956213128891,0.628018977473626,0.170435039835808,0.419847791165366,0.523521173293083,0.208171186308259,0.8643912529647,1.04786676863899
11.0445063208,0.694077150999714,0.62806557472337,0.170584868667671,0.419886181574257,0.523492282332043,0.208179393149113,0.864662019667385,1.04795175629763
11.0500396406,0.694197671026632,0.628113434227191,0.170735103666082,0.419922201376194,0.52346256736055,0.208191232850998,0.864932774692714,1.04803563560339
11.0555729604,0.694317787815313,0.628162432876508,0.170885731766611,0.419956174632492,0.523432056048702,0.208206258244015,0.865203519581924,1.048118607509
11.0611062802,0.694437515353836,0.628212449736038,0.171036740351785,0.419988421693658,0.523400775002051,0.20822402804238,0.865474255705621,1.0482008714297
11.0666396,0.694556867220832,0.628263364847189,0.171188117084859,0.420019261715566,0.523368750135973,0.208244103131624,0.86574498430569,1.04828262656275
11.0721729198,0.694675857666403,0.628315056395209,0.171339849128447,0.42004901653896,0.523336008537957,0.208266039856249,0.86601570679485,1.04836407293417
11.0777062396,0.694794500871139,0.628367403074358,0.171491923687791,0.420078007331045,0.523302577183349,0.208289395743313,0.86628642455893,1.0484454104054
11.0832395594,0.694912810693264,0.628420132435219,0.171644328185027,0.420106452872317,0.523268482508236,0.208313679562902,0.866557138878291,1.04852658530754
11.0887728792,0.695030800883106,0.628472528276488,0.171797050099296,0.420134276175667,0.523233750783809,0.208338252100821,0.866827850982402,1.04860680445215
11.094306199,0.695148485841434,0.62852443281894,0.171950076448353,0.420161775260104,0.523198409393081,0.208362657558836,0.867098562289787,1.04868620807904
11.0998395188,0.695265879556328,0.628575752447445,0.172103394527609,0.420189290041254,0.523162485028719,0.208386462406191,0.867369274083938,1.0487650424887
11.1053728386,0.695382995666363,0.628626391730247,0.172256991848377,0.420217160390098,0.523126003817986,0.208409231340149,0.86763998751474,1.04884355212035
11.1109061584,0.695499848465663,0.628676257455381,0.172410855472946,0.420245726342346,0.523088992992716,0.208430531113035,0.867910703938609,1.04892198379773
11.1164394782,0.695616452030851,0.628725256417486,0.172564972602437,0.420275327739945,0.523051479428414,0.208449928677541,0.868181424633288,1.04900058415743
11.121972798,0.695732820217118,0.628773293749977,0.172719330565682,0.420306304602181,0.523013489651436,0.208466989147796,0.8684521507828,1.04907959835216
11.1275061178,0.695848966944769,0.628820274557741,0.17287391663172,0.420338997385126,0.522975050313049,0.208481277172615,0.868722883576489,1.04915927194287
11.1330394376,0.69596490644763,0.628866106503831,0.173028717873019,0.420373744530589,0.522936188574611,0.208492361973242,0.868993624320649,1.04923985103442
11.1385727574,0.696080652713781,0.628910696060294,0.173183721503859,0.420410885605455,0.522896931209922,0.208499810454839,0.869264374217639,1.04932158166575
11.1441060772,0.696196219479695,0.628953946020542,0.173338914855313,0.420450763093913,0.522857304624382,0.208503182926629,0.869535134335009,1.04940470911446
11.149639397,0.696311621007609,0.628995764776767,0.173494284963434,0.420493713504002,0.522817336044175,0.208502051272765,0.869805905971042,1.04948947828077
11.1551727168,0.696426871308134,0.629036059440598,0.17364981899745,0.420540076349409,0.522777052310684,0.20849598309119,0.870076690305583,1.04957613579001
11.1607060366,0.696541984271385,0.629074733792304,0.17380550416479,0.420590192702142,0.522736480106594,0.208484541090162,0.870347488436175,1.04966492649445
11.1662393564,0.69665697391173,0.629111693404614,0.173961327598176,0.420644402197424,0.522695646313554,0.20846729120719,0.870618301509906,1.04975609560204
11.1717726762,0.696771854334009,0.629146846680198,0.174117276397197,0.420703041393309,0.522654577936812,0.208443805286889,0.870889130731206,1.04984988807351
11.177305996,0.696886639520781,0.629180099821549,0.174273337701614,0.420766449540142,0.522613301819167,0.208413650281408,0.871159977222394,1.04994654936169
11.1828393158,0.697001343360937,0.629211354135893,0.17442949863213,0.420834971686405,0.522571844728807,0.208376382449488,0.871430841993067,1.0500463258223
11.1883726356,0.697115979992349,0.62924051976126,0.174585746274732,0.420908939978905,0.522530233717617,0.208331579782355,0.871701726267081,1.05014945974017
11.1939059554,0.697230563403097,0.629267504052675,0.17474206773826,0.420988694159947,0.522488495664837,0.208278809892727,0.871972631141356,1.05025619821262
11.1994392752,0.697345107556172,0.629292372013173,0.174898450080497,0.421074296990753,0.522446657475675,0.20821807502242,0.87224355763667,1.05036666900393
11.204972595,0.697459626484097,0.629315977516111,0.175054880371959,0.421164460286102,0.522404746112138,0.208151517230009,0.872514506856056,1.05048043780221
11.2105059148,0.697574134200679,0.629338620971335,0.175211345711578,0.421258847949008,0.522362788489102,0.208079773022326,0.872785479912257,1.05059746892034
11.2160392346,0.69768864469838,0.629360491839773,0.175367833148611,0.421357312335621,0.522320811549769,0.208003179504151,0.873056477846991,1.05071780417539
11.2215725544,0.697803172010196,0.629381777967889,0.175524329630818,0.421459707313865,0.522278842379378,0.207922070654024,0.873327501641014,1.05084148528175
11.2271058742,0.697917730119992,0.629402671617283,0.175680822302824,0.421565880392679,0.522236907817169,0.207836791224604,0.873598552422816,1.05096855200996
11.232639194,0.698032333015848,0.629423363827232,0.175837298206942,0.421675684489254,0.522195034808906,0.207747679337978,0.87386963122279,1.05109904831649
11.2381725138,0.698146994771589,0.629444010701314,0.175993744222863,0.42178893904563,0.522153250548726,0.207655071655684,0.874140738994453,1.05123294974694
11.2437058336,0.698261729361979,0.629464733908607,0.176150147433255,0.421905419992136,0.522111581928724,0.207559313916471,0.874411876795234,1.05137015390074
11.2492391534,0.69837655074775,0.629485659036352,0.176306494908363,0.422024908895562,0.522070055839387,0.20746075014079,0.874683045656113,1.05151056793191
11.2547724732,0.69849147296922,0.629506909605675,0.176462773578599,0.422147187523596,0.52202869939062,0.207359722082079,0.87495424654782,1.05165409712927
11.260305793,0.698606510127582,0.629528609349631,0.176618970292797,0.422272037593971,0.521987539834785,0.207256571755661,0.875225480420379,1.0518006469436
11.2658391128,0.698721676090647,0.629550883362494,0.176775072226281,0.422399238559855,0.521946603864366,0.207151644802639,0.875496748316928,1.05195012192235
11.2713724326,0.698836984846496,0.62957385651265,0.176931066360711,0.422528572341442,0.521905918485784,0.207045284171208,0.875768051207207,1.05210242885409
11.2769057524,0.698952450617744,0.629597652315214,0.177086939368985,0.422659820157861,0.521865511248759,0.206937832157353,0.876039389986729,1.05225747247308
11.2824390722,0.699068087245484,0.629622395160513,0.177242678420441,0.422792761449472,0.521825408825043,0.206829633711041,0.876310765665925,1.05241515660998
11.287972392,0.699183908675328,0.629648210014638,0.177398270528319,0.422927177622768,0.521785638147009,0.20672103239187,0.876582179203647,1.05257538763741
11.2935057118,0.699299929033409,0.629675220906833,0.177553702475559,0.423062848947211,0.52174622655785,0.206612371959622,0.876853631508969,1.05273806985404
11.2990390316,0.699416162413202,0.629703552392265,0.177708961086242,0.423199555476195,0.52170720132696,0.20650399691607,0.877125123499443,1.05290310786846
11.3045723514,0.699532622604422,0.629733328384879,0.177864033538134,0.423337077495551,0.521668589066287,0.206396250889328,0.877396656142556,1.05307040588043
11.3101056712,0.699649323595149,0.629764673318427,0.178018906757955,0.423475195641757,0.521630416837194,0.20628947767667,0.877668230353103,1.05323986896018
11.315638991,0.699766279794745,0.629797712899807,0.178173567182806,0.423613688907393,0.521592712611939,0.206184023992414,0.877939846977551,1.0534114018072
11.3211723108,0.69988350483472,0.629832569806084,0.178328002143323,0.423752337463664,0.521555502691397,0.20608023234242,0.878211506978042,1.05358490726975
11.3267056306,0.700001012683523,0.629869368719217,0.178482198567087,0.423890921991552,0.521518814116436,0.205978446727665,0.878483211250611,1.05376029071077
11.3322389504,0.700118705583945,0.629908234784617,0.178636288801118,0.424029220992919,0.521482416782827,0.205879013791697,0.878754994385063,1.05393745577754
11.3377722702,0.700236438551079,0.629949292434497,0.17879046697953,0.424167013803979,0.521445971571549,0.205782278630518,0.879026905530608,1.05411630623848
11.34330559,0.700354217731923,0.629992646501296,0.178944730781551,0.424304069312763,0.521409486950372,0.205688577188533,0.879298948513474,1.05429671581406
11.3488389098,0.700472050377611,0.630038088243081,0.179099076512931,0.42443995367748,0.52137297386468,0.205598134565601,0.879571126890542,1.05447804192056
11.3543722296,0.700589943830443,0.630085580758257,0.179253500479859,0.424574339184051,0.521336443350584,0.205511241574206,0.879843444310302,1.05465991994231
11.3599055494,0.700707905252486,0.630135196300029,0.179407999009717,0.424706977097786,0.521299906242769,0.205428219202243,0.880115904262204,1.05484217339782
11.3654388692,0.70082594188779,0.630186913960186,0.179562568441539,0.424837780993707,0.521263373446251,0.205349132966479,0.88038851032933,1.05502469495389
11.370972189,0.700944061073296,0.630240439540142,0.179717205106754,0.424967132093451,0.521226855966541,0.205273307446691,0.88066126618005,1.05520757163359
11.3765055088,0.701062270033805,0.630295578053004,0.179871905364373,0.425095240826919,0.521190364669432,0.205200337226085,0.880934175398178,1.05539081887992
11.3820388286,0.701180575963076,0.630352143223156,0.180026665595175,0.425222302621518,0.5211539103679,0.205129840601638,0.881207241558251,1.05557444584467
11.3875721484,0.701298986139748,0.630409949941651,0.180181482173229,0.425348511411709,0.521117503966519,0.205061438529942,0.881480468312977,1.05575846135336
11.3931054682,0.701417507935992,0.630468813573594,0.180336351455893,0.425474060987119,0.521081156480099,0.204994752586475,0.881753859391885,1.05594287456071
11.398638788,0.701536148456497,0.630528547203275,0.180491269882304,0.425599146732051,0.521044878574193,0.204929400471224,0.882027418338801,1.05612769393533
11.4041721078,0.701654914945315,0.630588965386766,0.180646233868726,0.425723962540753,0.521008681076589,0.204865002846013,0.882301148814041,1.05631292792752
11.4097054276,0.70177381481916,0.630649883323358,0.180801239788868,0.425848702572083,0.520972575030292,0.204801180751275,0.882575054608028,1.05649858589544
11.4152387474,0.701892855228168,0.630711114907088,0.180956284106453,0.425973561179289,0.520936571121715,0.2047375537278,0.882849139334622,1.05668467608638
11.4207720672,0.70201203976588,0.630772474373361,0.181111364442258,0.426098731939772,0.520900675323622,0.204673742433589,0.883123404208137,1.05687120631313
11.426305387,0.70213134497427,0.630833776383427,0.181266487067666,0.426224408989486,0.520864857906603,0.204609367393941,0.883397832041936,1.05705818537291
11.4318387068,0.702250764497987,0.630894835336672,0.181421652667787,0.42635078705376,0.5208291118302,0.204544048282912,0.883672417165774,1.05724562239043
11.4373720266,0.702370297343868,0.630955465662809,0.181576860179175,0.426478058808295,0.520793437164693,0.204477406854514,0.883947157523042,1.0574335244711
11.4429053464,0.702489942650101,0.63101548172554,0.181732108468863,0.42660641737439,0.520757834181238,0.20440906435115,0.884222051118964,1.05762189909993
11.4484386662,0.702609699712576,0.631074697581133,0.1818873963158,0.426736059000415,0.520722303396775,0.204338638580719,0.884497096028376,1.05781075658155
11.453971986,0.70272956753378,0.631132928210641,0.182042722584262,0.42686717552758,0.520686844949518,0.204265752683061,0.884772290118042,1.05800010373822
11.4595053058,0.702849545227126,0.6311899878576,0.182198086073062,0.426999959257879,0.520651459154064,0.204190028599722,0.885047631300188,1.05818994711548
11.4650386256,0.702969632006272,0.631245698015819,0.182353485512896,0.427134613309236,0.520616146493377,0.204111084706584,0.885323117519168,1.05838031132506
11.4705719454,0.703089827034507,0.631300477229767,0.18250891962714,0.427271987388513,0.520580907407367,0.204028489841254,0.885598746661648,1.05857246461828
11.4761052652,0.703210129346673,0.631354544403144,0.182664387171631,0.42741271070444,0.520545742175042,0.203941833698705,0.885874516518304,1.05876725510758
11.481638585,0.703330538080958,0.63140772453961,0.182819886833018,0.427556988764884,0.52051065124794,0.203850735774726,0.886150424913977,1.05896471330449
11.4871719048,0.703451052544941,0.6314598391117,0.182975417188385,0.42770503167918,0.520475635356557,0.203754807432519,0.886426469733326,1.05916487079088
11.4927052246,0.703571671707633,0.631510715152408,0.183130976952143,0.427857039939984,0.52044069475549,0.203653675212425,0.886702648659777,1.05936775509239
11.4982385444,0.703692394704235,0.631560178152372,0.183286564736113,0.428013219251145,0.520405829968121,0.203546958901226,0.886978959440348,1.05957339740352
11.5037718642,0.703813220763973,0.631608050338079,0.183442179075748,0.428173777591304,0.520371041688225,0.203434272746775,0.887255399839721,1.05978182792938
11.509305184,0.703934149008899,0.631654156371633,0.183597818535537,0.428338919871266,0.520336330473361,0.203315236500367,0.887531967544436,1.0599930762429
11.5148385038,0.704055178499522,0.63169832285704,0.183753481691537,0.428508848377384,0.520301696807986,0.203189474479656,0.887808660191059,1.06020717123442
11.5203718236,0.704176308390493,0.63174037414458,0.183909167043885,0.428683768718606,0.520267141346608,0.203056605425973,0.888085475434378,1.06042414286319
11.5259051434,0.704297537949359,0.631780130994059,0.184064872996998,0.428863892022091,0.520232664952362,0.202916238971967,0.888362410946357,1.06064402301615
11.5314384632,0.704418866165713,0.631817421889289,0.184220598097701,0.429049416262318,0.520198268068012,0.20276800562697,0.888639464263414,1.06086683815161
11.536971783,0.704540292177743,0.631852072039585,0.184376340781827,0.429240546530612,0.520163951395915,0.202611525508973,0.88891663295957,1.0610926185702
11.5425051028,0.704661815227907,0.631883438789292,0.18453209939024,0.429438285939927,0.520129715837667,0.202445152849364,0.889193914618147,1.06132172472922
11.5480384226,0.704783434401698,0.631910968460922,0.184687872340388,0.42964348617567,0.52009556206131,0.202267482285253,0.889471306742086,1.06155445463659
11.5535717424,0.704905148782953,0.63193489672443,0.184843658030724,0.429855649095721,0.52006149075223,0.202079247628709,0.889748806813677,1.06179054582015
11.5591050622,0.705026957543433,0.631955459883316,0.184999454775119,0.430074274855615,0.520027502768314,0.201881185027701,0.890026412318553,1.06202973473893
11.564638382,0.705148859906367,0.631972892848994,0.185155260821453,0.430298865987292,0.519993599084914,0.201674026861702,0.890304120727821,1.06227175883629
11.5701717018,0.705270854888556,0.631987437827651,0.185311074547841,0.430528912933119,0.519959780340715,0.201458524894532,0.890581929436397,1.06251635076077
11.5757050216,0.705392941628188,0.631999332523617,0.185466894221567,0.43076391427012,0.519926047406621,0.201235418253497,0.890859835849754,1.06276324679374
11.5812383414,0.705515119378614,0.632008811450461,0.185622717990762,0.431003373225887,0.519892401387851,0.201005438224574,0.891137837369376,1.06301218467635
11.5867716612,0.705637387193442,0.632016115016776,0.185778544139946,0.431246783568486,0.519858843053496,0.20076933144829,0.891415931333388,1.06326289858526
11.592304981,0.705759744177503,0.632021481785153,0.1859343708933,0.431493642465369,0.519825373284202,0.200527839319784,0.891694115070803,1.06351512425052
11.5978383008,0.705882189517327,0.632025148461671,0.186090196381282,0.431743449935337,0.519791993136046,0.200281698526334,0.891972385898609,1.06376859839701
11.6033716206,0.706004722396503,0.632027352391268,0.186246018709291,0.431995705086391,0.519758703687212,0.200031647304877,0.892250741105793,1.06402305747766
11.6089049404,0.706127341856699,0.632028333048279,0.186401836091038,0.432249903705975,0.519725505765662,0.199778429342304,0.892529177947737,1.06427823675425
11.6144382602,0.706250047036107,0.632028327960195,0.186557646632742,0.432505544727832,0.519692400403365,0.199522783232363,0.892807693668849,1.06453387268803
11.61997158,0.706372837196629,0.632027574117126,0.186713448292806,0.432762128010535,0.519659388903823,0.199265446106592,0.893086285489435,1.06478970212766
11.6255048998,0.706495711364669,0.632026706264747,0.186869239239082,0.433019393378768,0.519626472125586,0.19900731288598,0.893364950603751,1.06504609964351
11.6310382196,0.706618668663708,0.632026769198407,0.187025017525911,0.433277333907886,0.519593651137797,0.198749435290521,0.893643686189619,1.06530410310629
11.6365715394,0.706741708292712,0.632027987595236,0.187180781104277,0.433535438499972,0.519560927188435,0.198492549095264,0.893922489396989,1.06556342609521
11.6421048592,0.706864830171003,0.632030558087448,0.187336529201061,0.433793178195089,0.519528300969942,0.198237379892358,0.894201359372064,1.06582373628254
11.647638179,0.70698804291933,0.632034675247381,0.187492275338291,0.434050025004185,0.519495767581039,0.197984650243196,0.894480318257622,1.06608470025157
11.6531714988,0.707111347642057,0.63204053484944,0.187648020635335,0.434305451310592,0.519463327006722,0.197735083538848,0.894759368277393,1.06634598616003
11.6587048186,0.707234742427788,0.632048336761152,0.187803760956222,0.434558926435701,0.519430981471566,0.19748941032545,0.895038503384009,1.06660726319685
11.6642381384,0.70735822507471,0.632058273673678,0.187959492394073,0.4348099252864,0.519398732680637,0.197248348387278,0.895317717468784,1.06686819896008
11.6697714582,0.707481793530444,0.632070540990275,0.188115210904323,0.435057920404486,0.519366582626121,0.197012620585789,0.895597004434767,1.06712846139476
11.675304778,0.707605445982074,0.632085337779806,0.188270912119555,0.435302381865306,0.519334533862518,0.1967829559145,0.895876358101629,1.06738771964511
11.6808380978,0.707729354155671,0.632102859768218,0.188426357812823,0.435542782649562,0.519302996342848,0.196560077118655,0.896155711968494,1.06764564241778
11.6863714176,0.707853667344728,0.632123300521985,0.188581339522245,0.435778598208585,0.519272327822483,0.1963447023134,0.896435006866974,1.06790189873057
11.6919047374,0.707978362774402,0.632146856637357,0.18873588044164,0.436009300999053,0.519242482332762,0.196137555638305,0.896714243216042,1.06815615763641
11.6974380572,0.70810341798888,0.632173750754273,0.188890003367491,0.436234381595839,0.519213414621388,0.195939369158435,0.896993421356371,1.06840813235011
11.702971377,0.708228809589835,0.632204829911196,0.189043732413549,0.436454043276439,0.519185077176286,0.195750786634757,0.897272542003384,1.06865887318764
11.7085046968,0.708354514725488,0.632240588835341,0.189197091009137,0.436668090001092,0.519157423716351,0.195572498834249,0.897551605734626,1.06890867883643
11.7140380166,0.708480510848094,0.63228120500358,0.18935010218674,0.436875969102376,0.519130408661354,0.195405235901204,0.897830613034835,1.06915717410596
11.7195713364,0.708606774876934,0.632324782591065,0.189502789767045,0.43708067084226,0.519103985109889,0.195244111748805,0.898109564643978,1.06940545343332
11.7251046562,0.708733283811488,0.632369378301753,0.189655177515263,0.437285267468269,0.519078106296225,0.195084110833485,0.89838846132675,1.06965464577002
11.730637976,0.708860014881248,0.632414921500044,0.189807288898401,0.437489630761215,0.519052725982847,0.194925290738828,0.898667303779648,1.06990455226126
11.7361712958,0.708986945353958,0.632461341730586,0.189959147339591,0.437693632066942,0.519027798014367,0.194767709663643,0.898946092693549,1.07015497379753
11.7417046156,0.709114052103401,0.632508567746899,0.190110776931157,0.437897144749118,0.519003275172244,0.194611422997781,0.899224829034557,1.07040571249602
11.7472379354,0.709241312277795,0.632556529116989,0.190262201385598,0.438100041490736,0.518979110892197,0.194456487626253,0.899503513663393,1.07065657060772
11.7527712552,0.709368703168843,0.632605155449157,0.190413444165886,0.438302192993323,0.518955259002957,0.194302962455834,0.899782147334729,1.07090734844248
11.758304575,0.70949620174916,0.63265437561604,0.190564529349468,0.438503472684048,0.518931672399692,0.194150902931992,0.900060731098628,1.07115784830009
11.7638378948,0.709623785125446,0.632704118944823,0.190715480837417,0.438703753588164,0.518908304288029,0.194000365356659,0.900339265962863,1.07140787253299
11.7693712146,0.709751430469521,0.632754314880147,0.190866322404609,0.438902907396565,0.518885108064912,0.193851407483583,0.90061775287413,1.07165722227671
11.7749045344,0.7098791148967,0.632804892875772,0.191017077938149,0.439100806016024,0.518862036958551,0.193704086859748,0.900896192834849,1.0719056988918
11.7804378542,0.710006815490864,0.632855781892059,0.19116777154375,0.439297323451458,0.518839043947114,0.193558458440601,0.901174587034614,1.07215310534352
11.785971174,0.710134509400236,0.632906911191907,0.191318427187621,0.439492332354334,0.518816082212615,0.193414578837573,0.901452936587857,1.07239924354624
11.7915044938,0.710262173693954,0.632958210589463,0.191469068801981,0.439685703132887,0.518793104891973,0.193272507456576,0.901731242495935,1.07264391372235
11.7970378136,0.710389785521984,0.633009609044769,0.191619720559552,0.439877310705036,0.518770064962432,0.193132298339733,0.902009506081535,1.07288691974981
11.8025711334,0.710517322036237,0.633061035582425,0.191770406536131,0.44006702783018,0.518746915500106,0.192994007752245,0.902287728572368,1.07312806341261
11.8081044532,0.710644760288855,0.633112419890484,0.191921150854982,0.440254726185598,0.518723609433873,0.192857693704886,0.902565911143837,1.07336714607608
11.813637773,0.710772077366737,0.633163691360215,0.192071977708802,0.440440278571341,0.518700099657936,0.192723412788874,0.902844055075539,1.07360396993156
11.8191710928,0.71089925050186,0.633214778967254,0.192222911257283,0.44062355931507,0.518676339244577,0.192591219652185,0.903122161759142,1.07383833828232
11.8247044126,0.711026256829337,0.633265611912205,0.192373975703158,0.440804441185516,0.518652281126179,0.192461170726689,0.903400232532495,1.07407005309772
11.8302377324,0.71115307317306,0.633316120004529,0.192525195470595,0.440982794428541,0.518627877702464,0.192333325575988,0.903678268643655,1.07429891443307
11.8357710522,0.711279676945038,0.633366232457283,0.192676594691682,0.441158495480772,0.518603082253355,0.19220773697651,0.90395627163672,1.07452472793805
11.841304372,0.711406045293493,0.63341587779459,0.192828197654005,0.441331416670905,0.518577847639488,0.192084461123685,0.904234242947499,1.07474729446549
11.8468376918,0.711532155088884,0.633464986111082,0.192980028874924,0.441501429755478,0.518552126213959,0.191963556355604,0.904512183963808,1.07496641586656
11.8523710116,0.711657983513705,0.633513486763944,0.193132112698166,0.441668408769254,0.518525870815539,0.19184507799469,0.90479009621187,1.0751818955332
11.8579043314,0.71178350788602,0.633561308552514,0.193284473383131,0.441832228057718,0.518499034502889,0.191729080494797,0.905067981269151,1.07539353661023
11.8634376512,0.711908705262143,0.633608380813245,0.193437135407694,0.441992760409455,0.518471569854449,0.19161562040379,0.905345840669837,1.0756011412227
11.868970971,0.712033552355794,0.633654633274384,0.193590123561792,0.442149876837793,0.518443428794002,0.191504756436591,0.905623675917586,1.07580451011218
11.8745042908,0.712158026767956,0.63369999531303,0.193743461958335,0.442303454417706,0.518414564809621,0.191396540895324,0.90590148872629,1.07600344973074
11.8800376106,0.712282105646849,0.633744395161346,0.193897175087297,0.442453365560533,0.518384930559553,0.191291029600814,0.906179280734146,1.07619776072188
11.8855709304,0.71240576561924,0.633787818602427,0.194051287910496,0.442599514659527,0.518354477708743,0.1911883039429,0.906457053529736,1.07638733326195
11.8911042502,0.712528984087235,0.63383067421194,0.194205824771517,0.442741898277636,0.518323159315718,0.191088775934304,0.906734808858752,1.07657257248958
11.89663757,0.712651738392978,0.633875456107922,0.194360810079792,0.44287635898905,0.518290928313186,0.190999097118872,0.907012548472771,1.07675181509697
11.9021708898,0.712774005451975,0.633923107825261,0.194516268639999,0.443001230300734,0.518257736811976,0.190921877524527,0.907290274091974,1.076924338126
11.9077042096,0.712895761991791,0.633973260569786,0.194672225459095,0.443117083979847,0.518223536532696,0.19085617658994,0.907567987450886,1.07709034454963
11.9132375294,0.713016985740371,0.634025538137745,0.194828704682408,0.443224505159384,0.518188281057963,0.190801032978361,0.907845690422779,1.07725004329713
11.9187708492,0.713137653845938,0.634080185762078,0.19498573098821,0.44332475710755,0.518151922857727,0.190755428654528,0.908123384834148,1.07740494286963
11.924304169,0.713257742629557,0.634137884439172,0.195143329837318,0.443419579645533,0.518114412792239,0.190718304793639,0.908401072466875,1.0775574640847
11.9298374888,0.713377229836962,0.634198267412664,0.195301525424997,0.443509566338208,0.518075704411965,0.190688701074457,0.908678755261958,1.07770783375087
11.9353708086,0.713496092772369,0.634260952817285,0.195460342365156,0.443595284353211,0.518035750407213,0.190665668464073,0.908956435137525,1.0778562371705
11.9409041284,0.713614308148467,0.634325559337909,0.19561980584495,0.443677295605575,0.517994502303517,0.190648263732335,0.909234113993418,1.07800285494348
11.9464374482,0.713731852830683,0.634391704861974,0.195779940942403,0.443756164556729,0.517951911888281,0.190635540305246,0.909511793773086,1.0781478694187
11.951970768,0.713848704611918,0.634459006311553,0.195940771890807,0.44383245963619,0.51790793272111,0.190626546675363,0.909789476502725,1.07829146594774
11.9575040878,0.713964840640393,0.634527082045899,0.196102323546119,0.443906744705117,0.517862517094273,0.190620337340782,0.910067164186512,1.07843382675102
11.9630374076,0.714080236869469,0.634595550020223,0.19626462192644,0.443979581323995,0.517815614943029,0.190615968696228,0.91034485879591,1.07857513134422
11.9685707274,0.714194871512518,0.634664027676561,0.196427690933192,0.444051536259939,0.517767180579326,0.190612491416622,0.91062256244571,1.0787155639365
11.9741040472,0.714308721773824,0.634732133335737,0.196591555442888,0.444123172506824,0.517717166330936,0.190608960828913,0.910900277216713,1.07885530584256
11.979637367,0.714421764101253,0.6347994843116,0.196756241084443,0.444195053138662,0.51766552301681,0.190604431172938,0.911178005185697,1.07899453745026
11.9851706868,0.714533975622105,0.634865698201299,0.196921772863444,0.444267741841384,0.51761220275866,0.190597956359914,0.911455748485549,1.07913344004268
11.9907040066,0.714645334132229,0.634930393831216,0.197088175160241,0.444341800174089,0.517557158971988,0.190588593657127,0.911733509292469,1.0792721940053
11.9962373264,0.714755816673969,0.634993189160298,0.197255473104063,0.444417789796255,0.517500343569906,0.190575399364043,0.912011289778032,1.07941097895655
12.0017706462,0.714865399432376,0.635053699201552,0.197423692548365,0.444496276871804,0.517441706884011,0.190557422329748,0.91228909198074,1.07954997607336
12.007303966,0.714974267870961,0.635111544956526,0.197592571627674,0.444577819048897,0.517381696243287,0.190533725907629,0.912566839498634,1.07968936400542
12.0128372858,0.715082602628852,0.635166344142353,0.197761854198438,0.444662976086467,0.517320748430413,0.190503368055886,0.91284445682729,1.07982932022882
12.0183706056,0.715190401316307,0.635217712101514,0.197931536103688,0.444752314012617,0.517258865212619,0.190465398088898,0.913121937419996,1.07997002611413
12.0239039254,0.715297662327003,0.635265267774015,0.198101612647209,0.444846392039484,0.517196049679794,0.190418875734532,0.913399274974212,1.0801116598135
12.0294372452,0.715404384154508,0.635308630854987,0.198272079064319,0.444945766281014,0.517132305090189,0.190362864573973,0.913676463218826,1.080254397136
12.034970565,0.715510564797519,0.635347418325376,0.198442930897278,0.445050998039986,0.517067633900241,0.19029642028539,0.913953495694798,1.08039841636536
12.0405038848,0.715616201865051,0.635381243832221,0.198614163907046,0.445162654933369,0.517002037958004,0.190218588898852,0.914230365772097,1.08054389876559
12.0460372046,0.715721294246894,0.635409730964033,0.198785773047114,0.445281286723963,0.51693552119978,0.19012844424007,0.914507067294008,1.080691017688
12.0515705244,0.715825840110851,0.635432497086193,0.198957753714064,0.44540745049724,0.516868086396787,0.190025046588952,0.914783593824915,1.08083994758343
12.0571038442,0.715929836947295,0.635449221259664,0.199130101687031,0.445541603431244,0.516799735260264,0.189907617828419,0.915059938634326,1.08099082469091
12.062637164,0.716033357791836,0.635460642050039,0.19930279655279,0.44568239672539,0.516730561239046,0.18977824532465,0.915336154344626,1.08114303877543
12.0681704838,0.716136746231574,0.635467249939017,0.199475762039026,0.445828900888827,0.516660984192547,0.18963834905019,0.9156125082706,1.08129615082784
12.0737038036,0.716240043727875,0.635469275343162,0.199648985612012,0.445980633204468,0.516591058115863,0.189488642138695,0.915889029339886,1.08144990854763
12.0792371234,0.716343247520058,0.635466948903931,0.199822463986167,0.446137110885902,0.51652078353389,0.189329838018028,0.916165711506225,1.08160405978983
12.0847704432,0.716446355016323,0.635460506060808,0.199996193482609,0.446297840234542,0.516450161533715,0.189162665826265,0.916442548498932,1.08175834629535
12.090303763,0.716549363521136,0.635450177474067,0.200170170650822,0.446462333945887,0.516379192870315,0.18898784352818,0.916719534171958,1.08191251141995
12.0958370828,0.716652270190274,0.635436192995442,0.200344392304022,0.446630113258196,0.516307877886252,0.188806079737246,0.916996662494296,1.08206630625364
12.1013704026,0.716755072445735,0.635418787873063,0.200518854704073,0.446800685830595,0.516236217741662,0.188618102042468,0.917273927149808,1.08221947370366
12.1069037224,0.716857767614449,0.635398192654409,0.200693554299081,0.446973562618068,0.516164213315368,0.188424630036341,0.91755132191353,1.08237175527248
12.1124370422,0.716960352922279,0.635374639223137,0.200868487693376,0.447148260792166,0.516091865228904,0.18822637843097,0.917828840615655,1.0825229000153
12.117970362,0.717062825639604,0.635348360030403,0.201043651379174,0.447324294488436,0.51601917426043,0.188024065541967,0.918106477018777,1.08267265451884
12.1235036818,0.717165183174886,0.635319587481896,0.201219041610962,0.447501173581018,0.515946141563924,0.187818413900877,0.918384224785848,1.08282076106291
12.1290370016,0.717267422832591,0.635288552471941,0.201394654804468,0.447678411098063,0.515872768028123,0.187610141373879,0.918662077637059,1.08296696357
12.1345703214,0.717369541717724,0.635255487859911,0.201570487634511,0.447855524598322,0.515799054083213,0.18739996326159,0.918940029352236,1.08311101245823
12.1401036412,0.717471537322243,0.635220626624649,0.201746536192014,0.448032024883007,0.515725001130229,0.187188601741641,0.919218073514257,1.08325265150766
12.145636961,0.717573406953889,0.635184197951781,0.201922796829445,0.448207423049618,0.515650610124444,0.186976774902163,0.919496203783335,1.0833916210014
12.1511702808,0.717675147799892,0.635146473491839,0.202099266027849,0.448381277714144,0.515575881772042,0.186765195777696,0.919774413827741,1.08352775120598
12.1567036006,0.717776757176314,0.63510779508741,0.202275940073412,0.448553226248226,0.515500817102902,0.186554568839183,0.920052697249726,1.08366102133564
12.1622369204,0.71787823248457,0.635068493792676,0.202452815140647,0.448722895754913,0.515425417343923,0.186345598037763,0.920331047625216,1.08379138954759
12.1677702402,0.717979571005901,0.635028453210783,0.202629887533001,0.448889661056719,0.515349683472899,0.186138792154065,0.920609458538902,1.0839181142675
12.17330356,0.718080769856895,0.634987520619592,0.202807153698341,0.449052874432198,0.515273616158554,0.185934646187394,0.920887923555235,1.08404039505179
12.1788368798,0.718181826544427,0.634946021943659,0.202984609649609,0.449212164578946,0.515197216894818,0.185733857364713,0.921166436194036,1.0841581865226
12.1843701996,0.718282738372963,0.634904282272722,0.203162251606147,0.449367156250401,0.515120486766816,0.185537126022321,0.92144498997911,1.08427143852312
12.1899035194,0.718383502483779,0.634862632788563,0.203340075912816,0.449517475220164,0.515043426570963,0.185345157568399,0.921723578396596,1.08438010800873
12.1954368392,0.718484116253256,0.634821400466921,0.203518078668604,0.449662749503875,0.514966037584652,0.185158650963046,0.92200219492186,1.0844841499708
12.200970159,0.718584577068442,0.634780910487702,0.203696255956545,0.449802606936382,0.514888321111898,0.184978303551321,0.922280833024987,1.08458351742408
12.2065034788,0.718684882176764,0.634741491343923,0.203874603960828,0.44993667373278,0.514810278215936,0.184804817611143,0.922559486137592,1.0846781650767
12.2120367986,0.718785028730853,0.634703473858293,0.204053118907201,0.450064573001557,0.514731909823651,0.184638900856736,0.922838147638054,1.08476804685985
12.2175701184,0.718885014235356,0.634667181992034,0.204231796734594,0.450185937844243,0.514653217500762,0.184481244147792,0.923116810969949,1.08485311983628
12.2231034382,0.718984835994738,0.6346329417489,0.204410633524027,0.450300394728274,0.51457420247071,0.184332547020626,0.923395469518765,1.08493333647717
12.228636758,0.719084491097011,0.634601086419618,0.204589625473011,0.450407564761225,0.514494865624,0.184193521658393,0.923674116570021,1.08500865118084
12.2341700778,0.719183976993499,0.63457152885596,0.204768768514728,0.45050778042926,0.514415208478771,0.1840637484267,0.923952745508227,1.08507930928522
12.2397033976,0.719283291049571,0.634541946994399,0.204948058630939,0.450605169240463,0.514335232418632,0.183936777753936,0.92423134968051,1.08514711623486
12.2452367174,0.719382430471526,0.634511968311383,0.205127491876507,0.450700549508078,0.514254938595019,0.183811418803306,0.924509922348033,1.08521251781946
12.2507700372,0.719481392462666,0.634481652210997,0.20530706427674,0.45079400476411,0.514174328185926,0.183687647446886,0.924788456739407,1.08527565697511
12.256303357,0.719580174518097,0.634451056587293,0.205486771687843,0.450885619362993,0.514093402830254,0.183565437224299,0.925066946205939,1.08533667595029
12.2618366768,0.719678773942281,0.634420239692776,0.20566661005402,0.450975476367246,0.514012163888261,0.183444763325531,0.925345383996301,1.08539571606002
12.2673699966,0.719777187762653,0.634389261890312,0.205846575415886,0.451063659069001,0.513930612346767,0.183325602821311,0.925623763178539,1.08545292095931
12.2729033164,0.719875413520109,0.634358181250164,0.20602666356466,0.451150252355845,0.513848749955448,0.183207928894319,0.925902077084769,1.08550843360601
12.2784366362,0.719973448551024,0.634327055675747,0.206206870372625,0.451235339211039,0.513766578178399,0.183091716464709,0.92618031892365,1.08556239488679
12.283969956,0.720071290013255,0.634295944974263,0.206387191756822,0.451319003473044,0.513684098256433,0.182976941501219,0.926458481770076,1.08561494844731
12.2895032758,0.720168935175403,0.634264908118175,0.206567623566199,0.45140132894649,0.513601311609205,0.182863579171685,0.926736558741602,1.08566623706467
12.2950365956,0.720266381515717,0.634234003083783,0.206748161567064,0.451482399802926,0.513518219948654,0.182751603280857,0.927014543082781,1.08571640288671
12.3005699154,0.720363626334266,0.634203288543208,0.206928801571282,0.451562299687921,0.513434824762983,0.182640988855286,0.927292427905548,1.08576558823113
12.3061032352,0.720460666603775,0.634172824583566,0.207109539451051,0.451641111712206,0.513351127152723,0.18253171287136,0.927570206054826,1.08581393629577
12.311636555,0.720557499956155,0.634142668975051,0.207290370885288,0.45171892084054,0.513267129070866,0.182423748134511,0.927847870841443,1.08586158981559
12.3171698748,0.72065412369587,0.634112880114315,0.207471291628907,0.451795810486865,0.513182832066963,0.18231706962745,0.928125415324777,1.08590869060118
12.3227031946,0.720750534925018,0.634083517726693,0.207652297454106,0.45187186435631,0.513098237470912,0.182211653370383,0.928402832379125,1.085955382083
12.3282365144,0.720846730992132,0.634054640414698,0.207833384059835,0.45194716648812,0.513013346932296,0.182107473926578,0.928680115051967,1.08600180690282
12.3337698342,0.720942709351286,0.634026306396154,0.208014547116764,0.452021801085861,0.512928162234522,0.182004505310293,0.928957256468049,1.08604810748202
12.339303154,0.721038467258928,0.633998574627915,0.208195782312568,0.452095851997628,0.51284268494636,0.181902722630287,0.929234249571497,1.08609442662554
12.3448364738,0.721134001743443,0.633971504724825,0.208377085334993,0.45216940259912,0.51275691640845,0.181802102125705,0.929511087078436,1.08614090732394
12.3503697936,0.72122930668778,0.633945154456518,0.20855845705578,0.45224253752979,0.512670849632,0.181702616926729,0.929787763743559,1.08618769198631
12.3559031134,0.721324102596444,0.633919582727218,0.208740283393047,0.452315340899797,0.512583819203397,0.181604241827421,0.93006438598949,1.08623492362702
12.3614364332,0.721418219387295,0.633894848985789,0.208922796061339,0.452387896090552,0.512495423325956,0.181506952895237,0.930341015448634,1.08628274507634
12.366969753,0.721511668399023,0.633870576137088,0.209105971636298,0.452459788765232,0.512405696762725,0.181410787371857,0.930617640035321,1.08633036490232
12.3725030728,0.721604460870482,0.633845435073396,0.2092897867714,0.452529513611209,0.512314674099082,0.181315921462187,0.930894247641882,1.08637494868461
12.3780363926,0.721696607434416,0.633819407221391,0.209474218630121,0.452597064304105,0.512222388804295,0.181222342917286,0.931170826064537,1.0864164715255
12.3835697124,0.721788118479421,0.633792583017329,0.209659244516152,0.452662558964514,0.512128873963268,0.181130024052814,0.931447362995573,1.08645514198184
12.3891030322,0.721879005696266,0.633765049860116,0.209844840570182,0.452726114693324,0.512034165126083,0.181038935166792,0.931723846266448,1.08649116455344
12.394636352,0.721969279977285,0.633736895148629,0.210030983598413,0.452787847224094,0.511938296378872,0.180949047924535,0.932000263575698,1.08652474237272
12.4001696718,0.722058951429094,0.633708936531212,0.210217650971752,0.452846643684537,0.511841300457342,0.180862292846675,0.932276602400846,1.08655558021575
12.4057029916,0.722148031573915,0.633683296033086,0.210404818877394,0.452899168881706,0.511743212696521,0.180784127151379,0.93255285045131,1.08658246491479
12.4112363114,0.72223653149502,0.633659994230062,0.210592463837365,0.452945652264568,0.511644067657655,0.180714341965494,0.932828995332385,1.08660564649463
12.4167696312,0.722324461748163,0.633638913741971,0.210780562716257,0.452986565465219,0.511543899031907,0.180652348276752,0.93310502446442,1.08662547920719
12.422302951,0.722411833003552,0.633619935683285,0.210969092220918,0.453022380959731,0.511442740782634,0.180597554723554,0.93338092522447,1.08664231664302
12.4278362708,0.722498656747333,0.633602906233795,0.211158028466931,0.453053559277869,0.511340628280402,0.180549346955926,0.933656685214264,1.08665646551166
12.4333695906,0.72258494387184,0.633587585698221,0.211347347955202,0.453080507363516,0.511237595916639,0.180507078334705,0.933932291827042,1.08666809306174
12.4389029104,0.722670704485296,0.633573809238467,0.211537027591959,0.45310366869203,0.511133676893337,0.180470140546438,0.934207732077256,1.0866774779305
12.4444362302,0.722755950234344,0.633561411640638,0.211727043308058,0.453123498228345,0.511028906926286,0.180437913412293,0.934482993542402,1.08668490986898
12.44996955,0.722840692076228,0.633550230286602,0.211917371437348,0.453140445761981,0.510923320638879,0.180409784524621,0.934758063513576,1.08669067604858
12.4555028698,0.72292494051927,0.633540105589891,0.212107988488982,0.453154961507141,0.510816952030288,0.18038514408275,0.935032929008251,1.08669506709703
12.4610361896,0.723008706456175,0.633530875648671,0.212298870708011,0.453167496818127,0.510709835748164,0.180363378830543,0.935307577164187,1.0866983724668
12.4665695094,0.723092001198026,0.633522377327908,0.21248999413286,0.453178503399034,0.510602007065166,0.180343873928873,0.935581995330885,1.08670088072694
12.4721028292,0.723174835605592,0.633514449204478,0.212681334981347,0.453188431779164,0.510493500624245,0.180326017425314,0.935856170586939,1.08670288098364
12.477636149,0.723257219912947,0.633506930687638,0.212872869610427,0.453197732960436,0.51038435030252,0.180309197727202,0.936130089523374,1.08670466364807
12.4831694688,0.723339165737355,0.63349965882831,0.213064573869517,0.453206858575214,0.510274591867838,0.180292800253096,0.936403739606872,1.08670651740352
12.4887027886,0.723420683971151,0.633492472049261,0.213256423845497,0.45321625914051,0.510164260125654,0.180276212908751,0.936677107816647,1.08670873118977
12.4942361084,0.72350178510478,0.633485208767617,0.21344839564409,0.453226386616861,0.51005338946069,0.180258822150756,0.93695018074887,1.08671159538448
12.4997694282,0.723582480194336,0.633477706918425,0.213640465193878,0.453237692176627,0.509942015000459,0.180240014741798,0.937222945388214,1.08671539909505
12.505302748,0.723662780405389,0.633469805180699,0.213832608412356,0.45325062617682,0.509830171993033,0.180219179003879,0.937495388817746,1.08672043135752
12.5108360678,0.723742696531795,0.633461341898685,0.214024801229709,0.453265640034062,0.509717895302086,0.180195701864623,0.937767497761503,1.08672698193275
12.5163693876,0.72382223906909,0.6334521538274,0.214217019483902,0.45328318741771,0.509605219585188,0.18016896640969,0.938039258552992,1.08673534124511
12.5219027074,0.723901419439992,0.633442080563064,0.214409239020822,0.453303716571768,0.50949218041917,0.180138363991296,0.938310658460813,1.08674579713483
12.5274360272,0.723980248536833,0.633430961289224,0.214601435665024,0.453327679064412,0.509378812871809,0.180103282224812,0.938581684201858,1.08675864035364
12.532969347,0.724058736861738,0.633418631565312,0.214793585078645,0.453355529298296,0.509265151783093,0.180063102267015,0.938852321940384,1.08677416086361
12.5385026668,0.724136895575079,0.633404930597396,0.214985663028533,0.453387716422397,0.509151232546546,0.180017214174998,0.939122558603612,1.08679264701979
12.5440359866,0.724214735726468,0.633389698440171,0.215177645275009,0.453424690638366,0.509037090451459,0.179965007801805,0.939392381001478,1.08681438907854
12.5495693064,0.724292268072401,0.633372772142236,0.215369507424373,0.45346690472528,0.508922760648028,0.179905867416956,0.939661775496774,1.08683967686752
12.5551026262,0.724369503310772,0.633353987305755,0.215561224952589,0.453514813264374,0.508808278358183,0.179839174041381,0.939930728263361,1.08686880057013
12.560635946,0.7244464526993,0.633333185629971,0.215752773669544,0.453568862307716,0.508693679029756,0.179764323322254,0.940199226368844,1.08690204793769
12.5661692658,0.72452312713032,0.63331020665449,0.215944129169022,0.453629503990304,0.508578997961298,0.179680702664186,0.940467256299342,1.08693971064479
12.5717025856,0.724599537147191,0.633284882630975,0.216135266636587,0.453697196347452,0.508464270510604,0.179587686283523,0.940734803783778,1.08698207897843
12.5772359054,0.724675693955449,0.633257724936298,0.216326161840677,0.453771248669613,0.508349532114772,0.179486476266685,0.941001855796126,1.08702897360591
12.5827692252,0.724751608518308,0.633230123810882,0.216516790355036,0.453849484332972,0.508234818163272,0.17938063947791,0.941268398873344,1.08707960814385
12.588302545,0.724827291584457,0.633202221618008,0.216707127432682,0.453931836340676,0.508120164151775,0.179270385277332,0.941534419017139,1.08713405795868
12.5938358648,0.724902753995036,0.633174116785785,0.216897148352952,0.45401831353723,0.508005605642084,0.179155803248554,0.941799902347988,1.08719243032301
12.5993691846,0.724978006872324,0.633145880032746,0.217086828863785,0.45410888724147,0.507891178008539,0.179036992791276,0.942064835736109,1.08725476727422
12.6049025044,0.725053061108657,0.633117443655579,0.217276144366815,0.454203373799904,0.507776916741841,0.178914069855674,0.942329205475472,1.08732081745548
12.6104358242,0.725127927318182,0.633088744557705,0.217465069544679,0.454301601013531,0.507662857773503,0.178787143544175,0.94259299686286,1.08739034557124
12.615969144,0.72520261669249,0.633059729853808,0.217653580338533,0.454403396050154,0.507549036353957,0.178656333803655,0.942856197031023,1.08746312590396
12.6215024638,0.725277140137952,0.633030345956451,0.217841652112431,0.454508591159809,0.507435488025522,0.178521754796642,0.943118792250383,1.08753893711626
12.6270357836,0.725351508425007,0.633000534982054,0.218029259743053,0.454617016971748,0.507322248681955,0.178383518010306,0.94338076816806,1.0876175519538
12.6325691034,0.725425732478927,0.632970241671501,0.218216378486152,0.454728503651959,0.507209353992775,0.178241738019542,0.943642110965079,1.08769874532346
12.6381024232,0.725499823316109,0.63293941256887,0.218402984007778,0.454842880868836,0.507096839308331,0.178096531700034,0.943902807323887,1.08778229343771
12.643635743,0.725573791815633,0.632907992303406,0.218589051492709,0.45495997942348,0.506984740322925,0.177948012879925,0.944162843308342,1.08786797172689
12.6491690628,0.725647648731755,0.63287592307072,0.218774555310066,0.455079631341238,0.506873093421689,0.177796291729481,0.944422204041822,1.08795555441196
12.6547023826,0.725721405143248,0.632843151787778,0.218959471542397,0.455201664439598,0.506761933600851,0.177641487348179,0.944680876685645,1.08804481622738
12.6602357024,0.725795071942446,0.632809624042089,0.219143775396668,0.455325910156368,0.506651296545778,0.177483713885721,0.944938847339114,1.08813553419846
12.6657690222,0.725868659951096,0.632775282346406,0.219327441356147,0.455452199330799,0.506541218594949,0.177323083015607,0.945196101307243,1.0882274816772
12.671302342,0.72594218011949,0.632740072129327,0.219510444833071,0.455580361645262,0.506431735286419,0.177159710484064,0.945452624952561,1.08832043377459
12.6768356618,0.726015641552298,0.632703939206868,0.219692764027961,0.45571022691252,0.506322877524337,0.176993712294348,0.945708405580259,1.08841416611939
12.6823689816,0.726088929234387,0.6326668277935,0.219874554348523,0.455841625665991,0.506214374885864,0.176825202127509,0.94596348358291,1.08850845345949
12.6879023014,0.726161958701451,0.632628681329626,0.220055926945119,0.455974389114033,0.506106031756333,0.176654292215593,0.94621788564657,1.08860307044366
12.6934356212,0.726234717209604,0.632589446252541,0.220236892109889,0.456108345963637,0.505997825099714,0.176481100288905,0.946471609319493,1.08869779221618
12.698968941,0.726307191688277,0.632549067245036,0.220417459552153,0.456243326398129,0.505889732136123,0.176305740846907,0.94672465124043,1.08879239364316
12.7045022608,0.726379416307099,0.632507498206264,0.22059763264933,0.456379167357367,0.505781783657769,0.176128330848898,0.946977048956429,1.08888666556363
12.7100355806,0.726451490561001,0.63246493179888,0.220777407796527,0.456515831431954,0.505674082764474,0.175949100366925,0.947228898357528,1.08898076323083
12.7155689004,0.72652341227095,0.632421434198609,0.220956793825012,0.456653213292009,0.505566618445938,0.1757682209066,0.947480206095962,1.08907464749062
12.7211022202,0.726595174844317,0.632376971849493,0.221135799740503,0.456791155109551,0.505459375103814,0.175585816739942,0.94773097458482,1.08916812695904
12.72663554,0.726666771653754,0.63233151136311,0.221314434538386,0.456929499141288,0.505352337115367,0.175402012221822,0.94798120619214,1.0892610105044
12.7321688598,0.726738196371821,0.632285020037171,0.221492707909542,0.457068085765004,0.505245488462279,0.175216934272168,0.948230904281363,1.08935310580218
12.7377021796,0.726809442489705,0.632237464018745,0.221670629110634,0.457206755871848,0.505138813379071,0.175030708146897,0.948480071600339,1.08944421989059
12.7432354994,0.726880503225466,0.632187157727728,0.221848206918016,0.45734815302173,0.50503229630745,0.174839004705999,0.948728710143481,1.08953531074946
12.7487688192,0.726951372281753,0.632132540596099,0.222025451073074,0.457494707252218,0.504925921208679,0.174637833343882,0.948976823354827,1.08962724784832
12.754302139,0.727022043190441,0.632073787561969,0.222202370962816,0.457645903614741,0.504819672227625,0.174427883947228,0.949224414153257,1.08971969117671
12.7598354588,0.72709250929492,0.632011072839117,0.222378975687882,0.457801233258872,0.504713533607038,0.174209839580245,0.949471484982802,1.08981230609799
12.7653687786,0.727162764019531,0.631944572161917,0.222555274532601,0.45796018384092,0.504607489486929,0.173984388320997,0.949718038552132,1.08990475600284
12.7709020984,0.727232801049124,0.631874463407647,0.222731277165431,0.458122236972957,0.504501523883693,0.17375222643469,0.949964078214555,1.0899967003806
12.7764354182,0.727302613874888,0.631800921479519,0.222906992958684,0.45828687907173,0.504395620916203,0.173514042407789,0.950209606833572,1.09008780055125
12.781968738,0.727372195603936,0.631724120073408,0.223082430843738,0.4584536035056,0.504289764760198,0.173270516567807,0.950454626447674,1.09017772357901
12.7875020578,0.727441540084538,0.631644238516126,0.223257600702785,0.458621891381084,0.504183939381753,0.173022347135042,0.950699140787323,1.09026612989721
12.7930353776,0.727510684200206,0.631561450337658,0.223432579406218,0.458791227445838,0.504078104793988,0.172770222891819,0.950943263606425,1.0903526777835
12.7985686974,0.727579761292988,0.631475931849505,0.223607593870673,0.458961102514177,0.503972167422314,0.172514829335328,0.951187355163661,1.09043703436368
12.8041020172,0.727648775013888,0.631387859610246,0.223782669261222,0.459131002844157,0.503866105752667,0.17225685676609,0.95143144427511,1.0905188624544
12.809635337,0.727717718135405,0.631297408925579,0.2239578137223,0.459300412699519,0.503759904413104,0.17199699622606,0.951675531857705,1.0905978216251
12.8151686568,0.72778658337355,0.631204917127556,0.224133035456855,0.459469006975017,0.503653547916695,0.171735910152538,0.951919618830405,1.09067392410257
12.8207019766,0.727855363334121,0.631112001372549,0.224308342782925,0.459637943010252,0.503547020551197,0.171474058362296,0.952163706117046,1.0907499443828
12.8262352964,0.727924050862739,0.631019214574391,0.22448374382554,0.459807143615148,0.503440307037199,0.171212070959243,0.952407794688278,1.09082635818954
12.8317686162,0.727992638689688,0.630926773460039,0.224659246821565,0.459976144469892,0.503333391868123,0.170950628990147,0.952651885511254,1.09090291792993
12.837301936,0.728061119421119,0.630834895065904,0.224834860139678,0.460144479422894,0.503226259281441,0.17069041564301,0.952895979560797,1.0909793744888
12.8428352558,0.728129485828251,0.630743796261347,0.225010592011779,0.460311683500748,0.503118893816471,0.170432112760598,0.95314007784003,1.09105547976209
12.8483685756,0.728197730701144,0.630653693354881,0.225186450662664,0.460477292676161,0.50301128003848,0.17017640067872,0.953384181363809,1.09113098603104
12.8539018954,0.728265846720923,0.630564803344883,0.225362444434599,0.460640841483585,0.502903402286325,0.169923961861298,0.953628291155522,1.09120564482847
12.8594352152,0.728333826477981,0.630477344621933,0.22553858177504,0.460801862329109,0.502795244702941,0.169675482292824,0.953872408253021,1.09127920695104
12.864968535,0.728401662868232,0.630391532156754,0.225714870844459,0.460959893406372,0.502686792023772,0.169431638750382,0.954116533712691,1.09135142556313
12.8705018548,0.728469348621961,0.630307582315601,0.225891319976825,0.461114470069486,0.502578028645137,0.169193112246115,0.954360668598786,1.09142205238509
12.8760351746,0.728536876257973,0.630225714941155,0.226067937733226,0.461265122700926,0.502468938524747,0.168960592240229,0.954604813991198,1.09149083764208
12.8815684944,0.728604238636993,0.630146145052072,0.22624473234397,0.461411389521354,0.502359506293023,0.168734755530718,0.954848970980963,1.09155753457343
12.8871018142,0.728671428546922,0.630069088096139,0.226421712122486,0.461552807177066,0.502249716424435,0.168516280919073,0.955093140669408,1.0916218952732
12.892635134,0.728738438614267,0.629994762511914,0.226598885559349,0.461688908383604,0.502139553054917,0.168305854128311,0.955337324173616,1.09168367089552
12.8981684538,0.728805261453469,0.629923387251412,0.226776261171598,0.461819225103936,0.502029000281871,0.168104162147475,0.955581522625067,1.09174261235535
12.9037017736,0.72887188999101,0.629855175449624,0.226953847164369,0.461943298306498,0.501918042826641,0.167911877143126,0.95582573715538,1.09179847375612
12.9092350934,0.728938316957177,0.629790343312058,0.227131651955591,0.462060663272869,0.501806665001587,0.16772968003919,0.956069968912768,1.09185100658493
12.9147684132,0.729004534763702,0.629729067230102,0.227309684309515,0.462170925031023,0.501694850454187,0.167558142199079,0.956314219073216,1.09189999226113
12.920301733,0.729070536400268,0.629669499899954,0.227487952395819,0.462277114925404,0.501582584004449,0.16739238497455,0.956558488796087,1.09194661482536
12.9258350528,0.72913631463289,0.62961054445751,0.227666464627565,0.462380991048627,0.501469850005326,0.167229553408883,0.956802779260455,1.09199153550614
12.9313683726,0.729201862013733,0.62955215007126,0.227845229655288,0.462482543042881,0.501356632358445,0.167069607028378,0.957047091669021,1.09203469311414
12.9369016924,0.729267171220737,0.629494264925182,0.228024256007932,0.462581761262486,0.501242915212805,0.166912503662696,0.957291427228669,1.09207602618767
12.9424350122,0.729332235191227,0.629436835579007,0.228203551947205,0.462678637140468,0.501128683244022,0.166758198438538,0.957535787138432,1.09211547271948
12.947968332,0.729397046649604,0.629379809662669,0.228383125970644,0.462773160597343,0.50101392067896,0.166606649065325,0.957780172620249,1.09215297026001
12.9535016518,0.729461597898459,0.629323137301991,0.228562987040003,0.462865320137431,0.500898610858456,0.166457817164561,0.958024584938461,1.09218845743942
12.9590349716,0.729525882078229,0.629266764747325,0.228743143226425,0.462955108686384,0.500782738851804,0.166311656060941,0.958269025304654,1.09222187343371
12.9645682914,0.729589891919203,0.629210638719142,0.228923603049854,0.463042515112731,0.500666288869349,0.166168123606411,0.958513494969056,1.09225315383187
12.9701016112,0.729653619879475,0.629154709062187,0.229104375334964,0.463127529472698,0.500549244544511,0.166027179589488,0.95875799521444,1.09228223853489
12.975634931,0.729717058739939,0.629098923501754,0.229285468567012,0.46321014251086,0.500431590172926,0.165888780990894,0.959002527306951,1.09230906601261
12.9811682508,0.729780201429035,0.629043228545888,0.229466891078721,0.46329034464195,0.500313310350314,0.165752883903938,0.959247092507757,1.09233357318784
12.9867015706,0.729843040609827,0.628987583460291,0.229648651499723,0.463368131646389,0.500194389110105,0.165619451813902,0.95949169210955,1.09235571510668
12.9922348904,0.729905568622397,0.62893195973541,0.229830758822574,0.463443504505499,0.500074809799823,0.165488455229912,0.959736327444971,1.09237546424091
12.9977682102,0.72996777863103,0.628876295100977,0.230013221147532,0.46351645059733,0.499954557483497,0.165359844503647,0.959980999778562,1.09239274569831
13.00330153,0.730029663366012,0.62882052597386,0.230196047056624,0.463586953021842,0.499833616309388,0.165233572952018,0.960225710422636,1.0924074789957
13.0088348498,0.730091215171646,0.62876459271124,0.230379245565235,0.463654996941922,0.49971196960641,0.165109595769318,0.960470460736881,1.09241958965316
13.0143681696,0.730152426971227,0.628708432631809,0.230562825061355,0.463720568039808,0.499589601909871,0.164987864592001,0.960715252032582,1.09242900067162
13.0199014894,0.730213291664588,0.628651982039352,0.230746793965571,0.463783650430672,0.499466497699017,0.16486833160868,0.960960085630159,1.09243563247002
13.0254348092,0.730273803570995,0.628595179524698,0.230931158543826,0.463844228895529,0.499342645027169,0.164750950629169,0.961204962114821,1.09243940842023
13.030968129,0.730334001980126,0.628537964277611,0.231115859951493,0.463902288180063,0.499218142028633,0.164635676097548,0.96144986193162,1.09244025245767
13.0365014488,0.730393910197771,0.628480272862931,0.231300862705335,0.46395781413775,0.499093047492435,0.164522458725181,0.961694772903106,1.09243808700068
13.0420347686,0.73045353327228,0.628422041804879,0.231486157581592,0.464010789988469,0.498967375690688,0.16441125181641,0.961939690853873,1.09243283179335
13.0475680884,0.730512875886123,0.628363134219845,0.231671735712744,0.464061111185882,0.498841140173379,0.164302023033963,0.962184611598867,1.09242424540573
13.0531014082,0.730571943381293,0.628302892086608,0.231857587577839,0.464108071544438,0.498714355803454,0.16419482054217,0.962429530959133,1.09241096363105
13.058634728,0.730630740894658,0.628241218435852,0.232043703866896,0.464151615832315,0.498587037027762,0.164089602603536,0.962674444761553,1.09239283426817
13.0641680478,0.730689273317638,0.628178170012892,0.232230075502628,0.464191866035422,0.498459197815009,0.16398630397747,0.962919348820266,1.09237003604831
13.0697013676,0.730747545595762,0.62811380250944,0.232416693348282,0.464228943364628,0.49833085224748,0.163884859144812,0.963164238944044,1.09234274587407
13.0752346874,0.730805563053409,0.628048169024546,0.232603547923038,0.464262968420487,0.498202015130371,0.163785200604059,0.963409110976447,1.09231113744503
13.0807680072,0.730863330738932,0.627981323157899,0.232790630005929,0.464294060662484,0.498072700733003,0.163687262495416,0.963653960744862,1.09227538382038
13.086301327,0.730920853335377,0.62791332236944,0.232977930686313,0.464322341930007,0.497942922649064,0.163590980439432,0.96389878402169,1.09223566429945
13.0918346468,0.730978136242736,0.627844325584148,0.23316544043058,0.464347756255369,0.497812695812156,0.163496569328779,0.964143576673316,1.09219208183952
13.0973679666,0.731035184539299,0.627776331490402,0.233353149993013,0.46436712720836,0.497682034546286,0.163409204282042,0.964388334532312,1.09214345869876
13.1029012864,0.731092003094339,0.627710001459884,0.233541050294499,0.464379553712724,0.49755095279984,0.163330447747159,0.964633053388838,1.09208955517261
13.1084346062,0.731148596956837,0.627645203719768,0.233729132103181,0.464385473051535,0.497419464853657,0.163259730668233,0.964877729060018,1.0920306767713
13.113967926,0.731204971369869,0.62758180306288,0.233917386043793,0.464385325051623,0.497287585326076,0.163196478011257,0.965122357413662,1.0919671281145
13.1195012458,0.731261131366846,0.627519667729506,0.23410580290885,0.464379545565755,0.497155328457996,0.163140122163751,0.965366934275697,1.09189921329526
13.1250345656,0.731317081689914,0.627458670191489,0.234294373688104,0.464368567037595,0.49702270800181,0.163090103153894,0.965611455378017,1.09182723722908
13.1305678854,0.731372827724843,0.62739867481639,0.234483088916837,0.464352832449149,0.496889738808006,0.163045842367241,0.96585591664168,1.09175150726554
13.1361012052,0.731428374519986,0.627339548433731,0.234671939378256,0.464332776484259,0.49675643514173,0.163006771949472,0.966100313898242,1.09167232491799
13.141634525,0.731483726936165,0.627281162279326,0.234860915966661,0.464308834830935,0.496622810969504,0.162972327448391,0.966344642902826,1.09158999711026
13.1471678448,0.73153889009842,0.627223383605575,0.235050009404896,0.464281445589473,0.496488880693524,0.162941938016102,0.966588899503316,1.09150482919505
13.1527011646,0.731593869182217,0.627166079034097,0.235239210398477,0.464251046307108,0.49635465878374,0.162915032726989,0.966833079580695,1.09141712534121
13.1582344844,0.731648669189791,0.627109117263295,0.235428509754606,0.464218073214314,0.496220159435185,0.162891044048981,0.967077178944397,1.09132719047761
13.1637678042,0.7317032949848,0.627052367525407,0.235617898335284,0.464182962238463,0.496085396649516,0.162869405286944,0.967321193320084,1.09123532976387
13.169301124,0.731757751862681,0.626995696650355,0.235807366797844,0.464146152157206,0.495950385064837,0.162849544493148,0.967565118660525,1.09114184880756
13.1748344438,0.731812044871786,0.626938972481572,0.235996905928506,0.464108078838913,0.49581513894328,0.16283089364266,0.967808950800292,1.09104705132049
13.1803677636,0.731866178878184,0.626882063855901,0.236186506570198,0.464069179271772,0.495679672307986,0.162812884584129,0.968052685448382,1.09095124312767
13.1859010834,0.731920159055576,0.626824838475317,0.236376159450245,0.464029890814984,0.495543999605331,0.162794947660333,0.968296318505821,1.0908547292903
13.1914344032,0.731973990525522,0.626767164432684,0.236565855330146,0.46399064990624,0.495408135195376,0.162776514526444,0.968539845855668,1.09075781433892
13.196967723,0.732027678272771,0.626708909877072,0.236755585006994,0.463951893569299,0.495272093265778,0.162757016307773,0.968783263279765,1.09066080344637
13.2025010428,0.732081227255104,0.626649942166115,0.236945339264809,0.463914059592557,0.495135887990294,0.162735882573558,0.969026566519913,1.09056400175867
13.2080343626,0.732134642691318,0.626590130194231,0.237135108858169,0.463877583677136,0.494999533833149,0.162712546517095,0.969269751549486,1.09046771387137
13.2135676824,0.732187929629767,0.62652934250644,0.237324884576353,0.46384290250496,0.494863045053414,0.16268644000148,0.969512814206119,1.0903722450114
13.2191010022,0.732241092955463,0.626467445062121,0.237514657186114,0.463810455401572,0.49472643576935,0.162656989660549,0.969755750141577,1.09027790046369
13.224634322,0.732294137863375,0.626404307201505,0.237704417469007,0.463780677163584,0.494589720394367,0.162623630037921,0.969998555332382,1.09018498436509
13.2301676418,0.732347069434849,0.626339798131152,0.237894156217696,0.463754004300075,0.494452913217154,0.162585793831076,0.970241225652545,1.09009380243123
13.2357009616,0.732399892650855,0.626273784443349,0.23808386419435,0.463730875054678,0.494316028456505,0.162542909388672,0.970483756845205,1.09000465949803
13.2412342814,0.732452612535892,0.626206132986125,0.238273532154757,0.463711727465145,0.494179080381136,0.162494405520981,0.970726144690649,1.08991786045127
13.2467676012,0.732505234245821,0.626136714360845,0.238463150925903,0.463696995341703,0.494042083319919,0.162439719019142,0.970968385171724,1.08983370970255
13.252300921,0.732557762828995,0.626065397380847,0.23865271130016,0.463687115679184,0.493905051528835,0.162378281701663,0.971210474129155,1.08975251306003
13.2578342408,0.732610203203071,0.625992044770499,0.238842203943283,0.46368253132933,0.493767999259788,0.162309513441169,0.971452407146354,1.08967457609983
13.2633675606,0.732662560556883,0.625916531600497,0.239031619740782,0.463683674228535,0.493630940816101,0.162232857371962,0.971694180297665,1.08960020582903
13.2689008804,0.732714839945268,0.6258389571652,0.239220949491647,0.463690722720907,0.493493890453621,0.162148234444293,0.971935789436915,1.08952967988611
13.2744342002,0.73276704635911,0.625760617906428,0.239410183898294,0.463701756940473,0.493356862460816,0.162058860965955,0.972177230257404,1.0894623748469
13.27996752,0.732819184862234,0.625681710934245,0.239599313737997,0.463716080569808,0.493219871124236,0.161965630364437,0.972418498600231,1.08939779150405
13.2855008398,0.732871260561259,0.625601187680815,0.239788329885308,0.46373229373964,0.493082930675951,0.161868893941176,0.972659590446567,1.08933348142046
13.2910341596,0.73292327849821,0.62551895546534,0.23997722311937,0.463750112143792,0.49294605537884,0.161768843321548,0.97290050161758,1.08926906760913
13.2965674794,0.732975243656074,0.625435104137071,0.240165984029089,0.463769467881719,0.492809259626984,0.161665636255353,0.973141227685163,1.08920457201879
13.3021007992,0.733027161171168,0.625349726977474,0.240354603604643,0.463790287076667,0.492672557566525,0.161559439900807,0.97338176477581,1.08914001405414
13.307634119,0.733079036091845,0.625262914808256,0.240543072642828,0.463812498469879,0.492535963449017,0.161450416338377,0.973622108734673,1.08907541327814
13.3131674388,0.733130873432603,0.625174758243352,0.24073138176146,0.463836033380998,0.492399491671143,0.161338724862354,0.973862255194063,1.08901079162435
13.3187007586,0.733182678269194,0.625085349114757,0.240919521808996,0.463860820089655,0.492263156460198,0.161224529025102,0.97410220007819,1.08894616920441
13.3242340784,0.733234455672698,0.624994779159545,0.241107483682694,0.463886786659892,0.492126971990003,0.161107992499653,0.974341939355392,1.08888156581944
13.3297673982,0.733286210686022,0.624903139426776,0.241295258118321,0.463913862786339,0.491990952567701,0.160989276640437,0.974581468804344,1.08881700221312
13.335300718,0.733337948349539,0.624810520518399,0.241482835693503,0.463941978838198,0.491855112656036,0.160868541680201,0.974820784043042,1.0887524993566
13.3408340378,0.733389673741297,0.624717014848306,0.241670207462343,0.463971062284454,0.491719466278954,0.160745952563852,0.97505988120364,1.08868807713276
13.3463673576,0.733441199773001,0.624622713589389,0.241857380985555,0.464001042280812,0.491583818787446,0.160621671308577,0.975298580758556,1.0886237558702
13.3519006774,0.733492233146072,0.624527707363785,0.242044398610691,0.464031849156117,0.491447834535381,0.160495858207668,0.975536631756762,1.0885595565199
13.3574339972,0.73354251563661,0.624432088053896,0.242231637477883,0.464063411183795,0.491310878158727,0.160368676870101,0.975774153114493,1.08849549923769
13.362967317,0.733591976213533,0.624335947187386,0.242419206026791,0.464095657252699,0.491172770186742,0.160240289934687,0.976011182240324,1.08843160444009
13.3685006368,0.733640630757891,0.624239375824602,0.242607085493346,0.464128516861179,0.491033545264545,0.160110858963423,0.976247716251238,1.08836789268578
13.3740339566,0.73368849508759,0.624142465051248,0.242795257115803,0.464161919279318,0.490893237971788,0.159980545771929,0.976483752203393,1.08830438433057
13.3795672764,0.733735586401182,0.624045306661144,0.242983701645275,0.464195793116903,0.490751884755907,0.159849513544241,0.976719288046457,1.08824109977805
13.3851005962,0.733781920980345,0.623947992027657,0.243172400189165,0.464230067759154,0.490609520791179,0.159717924268503,0.97695432116951,1.08817805978681
13.390633916,0.733827514072752,0.62385061202863,0.243361334166802,0.464264672345578,0.49046617990595,0.159585939683052,0.977188848239554,1.08811528437421
13.3961672358,0.733872382884692,0.623753258252579,0.243550484381769,0.464299535699684,0.490321898502924,0.159453722552895,0.977422867266461,1.08805279395226
13.4017005556,0.733916543859712,0.623656022265255,0.243739831908112,0.46433458734298,0.490176711951599,0.159321434922275,0.977656375767824,1.08799060960823
13.4072338754,0.733960012805905,0.623558995159733,0.243929357987152,0.464369756125627,0.490030654818753,0.159189239034106,0.977889370793056,1.08792875128536
13.4127671952,0.734002805877873,0.623462268236531,0.244119043750447,0.464404970872114,0.489883762127426,0.159057297364417,0.97812184962832,1.08786723910865
13.418300515,0.734044940010428,0.623365932916901,0.244308870173221,0.464440161150454,0.489736069837208,0.158925771766447,0.978353810183649,1.08780609406736
13.4238338348,0.734086431485248,0.623270080623976,0.244498818402637,0.464475256412815,0.489587613082611,0.158794824211161,0.978585249887885,1.08774533703679
13.4293671546,0.734127295594533,0.623174802738805,0.244688869725804,0.464510184433176,0.489438425868729,0.158664618305629,0.978816165320337,1.08768498717198
13.4349004744,0.734167549646304,0.623079881524059,0.244879005108016,0.464545397772136,0.489288544538288,0.158534483751923,0.97904655475432,1.0876252792962
13.4404337942,0.734207209937847,0.622984020865361,0.245069205709732,0.464583176232867,0.489138004228116,0.158400844632494,0.979276415647579,1.08756719709823
13.445967114,0.734246292248483,0.622887177230716,0.245259452722817,0.464623675578747,0.488986839525666,0.158263501651968,0.979505744971299,1.08751085280946
13.4515004338,0.734284812981149,0.622789486437466,0.245449727269953,0.464666749379859,0.488835085711196,0.158122737057606,0.979734540251101,1.08745623581733
13.4570337536,0.734322788851095,0.622691085359679,0.245640010495502,0.464712250807741,0.488682778355593,0.157978834551938,0.979962799346597,1.08740333616742
13.4625670734,0.734360236053531,0.622592109358439,0.245830283577385,0.464760034621668,0.488529952476145,0.157832074736772,0.980190519630916,1.08735214398011
13.4681003932,0.734397170228771,0.622492692344209,0.246020527630957,0.464809956376128,0.488376642597815,0.157682735968081,0.980417697859728,1.08730264872034
13.473633713,0.734433608438801,0.622392971368396,0.246210723865771,0.464861868009121,0.48822288457303,0.157531103359275,0.980644332304572,1.08725483937752
13.4791670328,0.734469566965297,0.622293082807543,0.246400853478964,0.464915625028616,0.488068713486334,0.157377457778927,0.980870420444261,1.08720870783616
13.4847003526,0.734505061602982,0.622193160579523,0.246590897558282,0.464971081653755,0.4879141640447,0.157222078925768,0.981095959161264,1.08716424223328
13.4902336724,0.734540108914774,0.622093340681694,0.246780837315383,0.465028091389663,0.487759271599392,0.157065249292032,0.981320946230157,1.08712143207136
13.4957669922,0.734574725440541,0.621993759583672,0.246970654009005,0.465086508908114,0.487604071431536,0.156907250675558,0.981545379449546,1.08708026849179
13.501300312,0.73460892731759,0.621894552478644,0.247160328795708,0.465146188562352,0.487448598521882,0.156748363916292,0.981769256113298,1.087040741041
13.5068336318,0.734642730492824,0.621795854334067,0.247349842709521,0.465206984150627,0.487292887783303,0.15658887018344,0.981992573202345,1.08700283848469
13.5123669516,0.734676151779541,0.621697751351586,0.247539177157106,0.46526869180401,0.487136974622435,0.156429059547576,0.982215328936647,1.0869664431556
13.5179002714,0.734709207459418,0.621600157369071,0.247728313366008,0.465330908164311,0.48698089409341,0.15626924920476,0.982437520825427,1.08693106553338
13.5234335912,0.73474191338676,0.621503137321238,0.247917232265392,0.465393404786228,0.486824681121368,0.156109732535009,0.982659145652152,1.08689654210747
13.528966911,0.734774286196107,0.621406623534168,0.248105915253821,0.46545589674173,0.486668370942285,0.155950726792437,0.982880201449928,1.0868625202759
13.5345002308,0.734806342296122,0.621310519493329,0.248294343649869,0.465518084460938,0.486511998646253,0.155792435032391,0.98310068594599,1.08682860395427
13.5400335506,0.734838097810392,0.621214923016748,0.248482498534302,0.465579769918428,0.48635559927609,0.15563515309832,0.983320596344694,1.08679469293518
13.5455668704,0.734869568904048,0.621119933081865,0.248670360957918,0.465640755320918,0.48619920794613,0.155479177760948,0.983539929861965,1.08676068840278
13.5511001902,0.73490077218588,0.621025648533814,0.248857912469983,0.465700845345672,0.486042859715897,0.155324803188142,0.983758684655863,1.08672649387949
13.55663351,0.734931723937567,0.620932168391306,0.249045134324897,0.46575984368375,0.48588658961267,0.155172324707556,0.983976858262464,1.08669201207506
13.5621668298,0.734962440117174,0.620839592059444,0.24923200723899,0.465817550576644,0.485730432878183,0.155022041482799,0.984194447356164,1.08665714263609
13.5677001496,0.734992937342503,0.620748017794632,0.249418512895776,0.465873771346779,0.485574424446727,0.154874246447853,0.984411450238279,1.08662178914141
13.5732334694,0.735023231935195,0.620657544646008,0.249604632619356,0.465928310139451,0.485418599315839,0.154729234506557,0.98462786455455,1.08658585478546
13.5787667892,0.735053340049294,0.620568271880782,0.249790347360503,0.465980968273109,0.485262992688791,0.154587303607673,0.984843687409797,1.08654924015389
13.584300109,0.7350832779798,0.62048029866557,0.249975638284979,0.466031548388804,0.485107639694821,0.154448750276766,0.985058916264778,1.08651184705437
13.5898334288,0.735113062175176,0.620393723072504,0.250160487030405,0.466079856053717,0.484952575144771,0.154313867018787,0.985273549205581,1.08647357912622
13.5953667486,0.735142708914219,0.620308643959758,0.250344874863261,0.466125694707868,0.484797834050958,0.154182949251889,0.985487583777479,1.08643433866763
13.6009000684,0.73517223431158,0.620225162409521,0.250528782267255,0.466168862750745,0.484643452044325,0.154056299658776,0.985701016578834,1.08639402516027
13.6064333882,0.73520165487132,0.620143375095332,0.250712191274794,0.466209168040873,0.484489463596526,0.153934207054458,0.985913846146114,1.08635254313621
13.611966708,0.735230986875117,0.620063197371564,0.25089508317286,0.466246725015089,0.484335903702257,0.153816472356475,0.986126070047977,1.08630992238665
13.6175000278,0.735260246551653,0.619984188115398,0.25107743872826,0.466282250145222,0.484182807823393,0.153701937970177,0.986337685279913,1.08626643826062
13.6230333476,0.735289450237437,0.619906261667993,0.251259239320055,0.466315859219022,0.484030210917382,0.153590402448971,0.986548689557491,1.08622212088702
13.6285666674,0.735318614264785,0.619829352536844,0.251440466620219,0.466347634047105,0.483878147644566,0.153481718489739,0.986759080885004,1.08617698658395
13.6340999872,0.735347754913829,0.619753396079599,0.251621101794164,0.46637765448152,0.483726653119664,0.153375741598078,0.986968856707993,1.08613105056112
13.639633307,0.735376888487335,0.619678328463275,0.251801125369171,0.466405998887922,0.483575763118164,0.153272329575353,0.987178013856506,1.0860843273512
13.6451666268,0.735406031299915,0.61960408358726,0.251980519494894,0.466432750057672,0.483425511805021,0.153171333529588,0.987386550794809,1.08603683364493
13.6506999466,0.735435199633245,0.619530596580345,0.25215926547737,0.466457988102644,0.483275934155874,0.153072608477701,0.987594465110615,1.08598858468299
13.6562332664,0.735464409834826,0.619457803495109,0.252337343845707,0.466481791811926,0.483127065989119,0.152976011683183,0.987801753680533,1.08593959530704
13.6617665862,0.735493678194316,0.61938563898929,0.252514736290757,0.466504242440964,0.482978941903559,0.152881396548327,0.988008414485072,1.08588988143025
13.667299906,0.735523020972065,0.619314037771727,0.252691424465094,0.466525420683805,0.482831596506971,0.152788617087923,0.988214445437159,1.08583945845553
13.6728332258,0.735552454493717,0.619242935294845,0.252867389379396,0.466545406270354,0.482685065114321,0.152697529024491,0.988419843873113,1.0857883415652
13.6783665456,0.735581995161797,0.61917226723801,0.253042611703146,0.466564278816182,0.482539383458651,0.152607988421827,0.988624606864943,1.08573654605419
13.6838998654,0.735611659145644,0.619101967993596,0.253217073649567,0.466582119624478,0.482394585496078,0.152519848369118,0.988828732795211,1.08568408761807
13.6894331852,0.735641462726936,0.619031972536917,0.253390756540909,0.466599008464156,0.482250706186027,0.15243296407276,0.989032219267846,1.08563098100107
13.694966505,0.735671422416169,0.618962216868633,0.253563640615078,0.466615024944688,0.482107781801091,0.152347191923945,0.989235063031247,1.08557724181332
13.7004998248,0.735701547944634,0.618892635665861,0.253735717331251,0.46663024991044,0.481965830613383,0.152262385755421,0.989437265275884,1.0855228855763
13.7060331446,0.735731794521922,0.618823163663005,0.253907057171289,0.466644763142741,0.481824737350632,0.152178400520264,0.989638851693211,1.08546792680575
13.7115664644,0.735762147804451,0.61875373641251,0.254077685743708,0.466658644670079,0.481684462060742,0.152095091742431,0.989839833548159,1.08541238108259
13.7170997842,0.735792604937261,0.618684289276622,0.254247612022313,0.466671974710268,0.481544992914947,0.152012314566354,0.990040216959574,1.08535626398689
13.722633104,0.73582316291554,0.618614756964932,0.25441684600563,0.466684833300195,0.481406316909909,0.151929923664737,0.99024000892117,1.08529959026513
13.7281664238,0.735853818845448,0.618545103623967,0.254585396950867,0.466697334087781,0.481268421894581,0.151847769536186,0.990439215796315,1.08524243771175
13.7336997436,0.735884569973752,0.61847587285886,0.254753273099871,0.466710266935852,0.48113129687388,0.151765605923008,0.990637843073623,1.08518613979471
13.7392330634,0.735915413268202,0.618407239130188,0.254920484668548,0.46672399139567,0.480994928599654,0.151683247734518,0.99083589793675,1.08513123052586
13.7447663832,0.735946345823439,0.618339130289024,0.255087040990634,0.466738578956406,0.480859304832805,0.151600551332618,0.991033386814073,1.08507770924543
13.750299703,0.735977364812308,0.618271473009231,0.255252950807264,0.466754100146925,0.480724414005044,0.151517372862306,0.991230315619572,1.08502557315616
13.7558330228,0.73600846733811,0.618204194354688,0.255418223357182,0.466770625880055,0.480590243980928,0.151433568474633,0.991426690695292,1.08497482023474
13.7613663426,0.736039650433857,0.618137221801862,0.255582868433149,0.466788226781808,0.480456782000708,0.151348995020054,0.991622518867006,1.08492544858367
13.7668996624,0.736070911211131,0.618070482636153,0.255746895233712,0.46680697364838,0.480324015977419,0.151263508987772,0.991817806444844,1.08487745628453
13.7724329822,0.736102246883466,0.618003903498394,0.255910312099948,0.466826938226991,0.480191934783518,0.151176965271403,0.992012558983414,1.08483084172538
13.777966302,0.736133654434903,0.617938867231759,0.256073129242089,0.466845727760451,0.480060525192814,0.151093139471308,0.992206783676993,1.08478459499221
13.7834996218,0.736165130971603,0.617876976479377,0.25623535589463,0.466860579678319,0.479929775076973,0.151016396801059,0.992400486866233,1.0847375561577
13.7890329416,0.736196673662472,0.617818011238819,0.256397000721113,0.466871813522253,0.479799672941359,0.150946197716567,0.992593674383584,1.08468982476107
13.7945662614,0.736228279584779,0.617761741576748,0.256558073167943,0.466879765867385,0.479670206416836,0.150881975709363,0.992786352752722,1.08464150744413
13.8000995812,0.736259945801507,0.617707937269311,0.256718582840918,0.466884773765952,0.479541362960589,0.150823163503359,0.992978528642425,1.08459271103526
13.805632901,0.736291669433328,0.617656344461614,0.256878538817798,0.466887157374811,0.47941313061553,0.150769187086803,0.993170208251126,1.08454350183642
13.8111662208,0.736323447641686,0.61760654494563,0.257037949729121,0.466887148777264,0.479285497912565,0.150719396168366,0.993361397370808,1.08449369372289
13.8166995406,0.736355277453623,0.617558255527759,0.257196825555709,0.466885059054507,0.479158451897914,0.150673196473252,0.993552103009332,1.08444331458227
13.8222328604,0.736387155975298,0.617511231779243,0.257355175511514,0.466881214227381,0.479031980463784,0.150630017551862,0.993742331486812,1.08439244600662
13.8277661802,0.736419080363827,0.617465230156007,0.257513008205276,0.466875938915148,0.478906072158552,0.150589291240859,0.993932088569103,1.08434116907116
13.8332995,0.736451047686152,0.617420005059971,0.257670333239661,0.466869560861661,0.478780714446492,0.15055044419831,0.994121380925813,1.08428956592163
13.8388328198,0.736483055027374,0.617375311509232,0.257827160058044,0.46686240653458,0.478655894969331,0.150512904974652,0.994310215085418,1.08423771804381
13.8443661396,0.736515099509403,0.617330905128444,0.257983497642665,0.466854801784699,0.478531601866737,0.150476103343745,0.994498597152068,1.08418570691314
13.8498994594,0.736547178257298,0.617286541214586,0.258139354864481,0.466847073255749,0.478407823392817,0.150439467958837,0.994686533121778,1.08413361447034
13.8554327792,0.736579288333246,0.617241974844863,0.258294741501898,0.466839547091669,0.478284546831348,0.150402427753194,0.994874029835144,1.08408152193653
13.860966099,0.73661142684341,0.617196961371557,0.258449666751004,0.466832548798958,0.478161760092406,0.150364412572599,0.995061093594413,1.08402951017051
13.8664994188,0.73664359092526,0.61715125562359,0.258604139194138,0.466826406358104,0.478039451731122,0.150324849265486,0.995247730119398,1.08397766198169
13.8720327386,0.736675777651116,0.617104613319233,0.258758168544534,0.466821444930956,0.477917609106582,0.150283168388277,0.99543394619565,1.08392605825019
13.8775660584,0.736707984120344,0.617056789788395,0.25891176411324,0.46681798945852,0.477796220007104,0.150238800329875,0.995619748233584,1.08387477924691
13.8830993782,0.73674020744824,0.617007539923544,0.259064934817794,0.466816367466965,0.477675272630446,0.15019117245658,0.995805142266034,1.08382390739051
13.888632698,0.736772444739184,0.616956618477528,0.259217689726163,0.466816906378211,0.477554755013022,0.150139712099317,0.995990134465347,1.08377352485574
13.8941660178,0.736804693082658,0.616903781939764,0.259370038446827,0.466819929376833,0.477434654635831,0.150083852562931,0.996174731529485,1.0837237113166
13.8996993376,0.736836949584822,0.616848785607386,0.259521990166199,0.466825761711633,0.477314959418623,0.150023023895752,0.996358939751021,1.08367454731902
13.9052326574,0.736869211355654,0.616791382019101,0.259673553474103,0.466834735688092,0.477195657881551,0.14995664633101,0.996542764829757,1.08362611770719
13.9107659772,0.736901475488553,0.616731329372141,0.259824738154171,0.466847172021474,0.477076737334382,0.149884157350667,0.996726213642725,1.08357850139362
13.916299297,0.736933739089301,0.616668382645016,0.259975553420637,0.466863395119447,0.476958185668664,0.149804987525569,0.996909292509938,1.08353177776446
13.9218326168,0.736965999258726,0.616602295580516,0.260126008162564,0.466883735479078,0.476839991096162,0.149718560101438,0.99709200742129,1.08348603105959
13.9273659366,0.736998253096232,0.616532823468058,0.26027611160702,0.466908519383786,0.476722141489212,0.149624304084272,0.997274364703252,1.08344134285184
13.9328992564,0.737030497710743,0.616459723546067,0.260425873230378,0.466938068096716,0.476604624480366,0.149521655449352,0.997456370941121,1.08339779164278
13.9384325762,0.737062730206602,0.616382750798336,0.260575302183731,0.466972707715455,0.476487428022871,0.149410043082881,0.997638032390333,1.08335545851379
13.943965896,0.737094947663895,0.616301656076145,0.260724407221285,0.467012773697893,0.47637054044261,0.149288882378251,0.997819354885179,1.08331442977404
13.9494992158,0.737127147207351,0.616216201641872,0.260873198044613,0.467058579918969,0.476253949162737,0.149157621722903,0.998000345251964,1.08327478156084
13.9550325356,0.737159325943131,0.616126742743039,0.26102168385114,0.467109434584684,0.476137642091991,0.149017308158356,0.998181009794271,1.08323617732772
13.9605658554,0.737191514923084,0.616033777525294,0.261169925885327,0.467164388621867,0.476021589037758,0.148869388903427,0.998361440808411,1.08319816614716
13.9660991752,0.73722381316008,0.615937344367591,0.261318090501064,0.467223080104545,0.475905722659016,0.148714264263046,0.998541903661145,1.08316042447214
13.971632495,0.737256225804502,0.615837592304511,0.261466199456342,0.46728527612348,0.47579002634816,0.148552316181032,0.998722425260844,1.08312286842799
13.9771658148,0.737288751314209,0.615734702286361,0.261614263979896,0.467350788176021,0.475674487334313,0.14838391411034,0.998903015294106,1.08308549046238
13.9826991346,0.737321388222047,0.615628854310438,0.261762295302179,0.467419430518095,0.475559092919868,0.148209423792343,0.999083683524226,1.08304828482853
13.9882324544,0.737354134800699,0.615520232744643,0.261910304728485,0.467491007337583,0.475443830072214,0.14802922540706,0.999264439529184,1.08301124008223
13.9937657742,0.737386989472988,0.615409018215792,0.262058303509483,0.467565327752953,0.475328685963505,0.147843690462839,0.999445292982471,1.08297434596874
13.999299094,0.737419950791338,0.615295391082157,0.262206302914892,0.467642206731349,0.475213647876446,0.147653184350808,0.99962625370623,1.08293759781351
14.0048324138,0.737452995408502,0.615179534475786,0.262354316067658,0.467721451115007,0.475098679340844,0.147458083360779,0.999807311476161,1.08290098559079
14.0103657336,0.737485698783903,0.615061629949499,0.262502390123542,0.467802868931629,0.474983308660361,0.147258761017869,0.999988088907446,1.08286449888113
14.0158990534,0.737517891653816,0.614941858666237,0.262650550570885,0.467886271881993,0.474867341082931,0.147055586784244,1.0001684422247,1.08282813054823
14.0214323732,0.737549569938696,0.614820401811391,0.262798808903064,0.467971471297826,0.474750761035632,0.146848930513565,1.00034837884176,1.08279187310922
14.026965693,0.737580730470419,0.614697442166753,0.262947176432015,0.468058274125214,0.474633554038404,0.146639168041539,1.00052790690243,1.08275571629197
14.0324990128,0.737611369500482,0.614573160871062,0.263095664570193,0.468146490114933,0.474515704930289,0.146426670756128,1.00070703407067,1.08271965098599
14.0380323326,0.737641482524825,0.614447738868505,0.263244284936607,0.468235931869582,0.474397197588218,0.146211806998923,1.00088576746143,1.08268367073809
14.0435656524,0.737671066424176,0.614321358767752,0.263393048808321,0.468326407014959,0.474278017615855,0.145994951752793,1.0010641152325,1.08264776578271
14.0490989722,0.737700200018605,0.614194201844274,0.263541847535648,0.468417724877476,0.474158352482957,0.145776476966798,1.00124204755425,1.08261192672175
14.054632292,0.737729341676822,0.614066449630619,0.263690019348765,0.468509696292977,0.474039322328057,0.145556753337643,1.00141936102559,1.0825761459236
14.0601656118,0.73775855315259,0.613938283851136,0.263837480174484,0.468602130944207,0.473921072978105,0.145336152906929,1.00159603332707,1.08254041479534
14.0656989316,0.737787821942957,0.613809888333287,0.263984254764852,0.468694838999598,0.473803567178105,0.145115049333689,1.00177207670781,1.08250472733289
14.0712322514,0.737817135622382,0.613681589368041,0.264130367186406,0.46878770603646,0.473686768435976,0.14489388333158,1.00194750280879,1.0824692954045
14.0767655712,0.737846481798213,0.613553648555241,0.264275840515302,0.468880583222242,0.473570641282911,0.144673065332999,1.00212232231352,1.08243423177748
14.082298891,0.737875847972744,0.613426231777729,0.264420699889472,0.46897327215303,0.473455148083272,0.144452959624699,1.00229654786222,1.08239950393076
14.0878322108,0.737905221719663,0.613299505464985,0.26456496940785,0.469065575038142,0.473340252311813,0.144233930426843,1.00247019112751,1.08236508050313
14.0933655306,0.737934590598055,0.613173636769574,0.264708672672887,0.469157293128065,0.473225917925168,0.144016343641509,1.00264326327094,1.08233092989764
14.0988988504,0.737963942153962,0.613048792188509,0.264851833915508,0.469248227963749,0.473112108238454,0.14380056422476,1.00281577606947,1.08229702015226
14.1044321702,0.737993263965587,0.612925137616808,0.264994477654756,0.469338182238109,0.472998786310831,0.143586955378699,1.00298774162034,1.08226331985492
14.10996549,0.738022543598112,0.612802839708703,0.265136627908243,0.469426957776457,0.472885915689869,0.143375881932245,1.00315917150635,1.08222979748516
14.1154988098,0.738051768532607,0.612681879781631,0.26527830820482,0.469514669631869,0.472773460327787,0.143167210149762,1.00333007673743,1.0821965494135
14.1210321296,0.738080926406149,0.612558444135108,0.265419543372925,0.469607850643536,0.472661383033225,0.142950593491572,1.00350046977907,1.08216629477864
14.1265654494,0.738110004793197,0.612431217449122,0.265560357514018,0.469708810580991,0.472549647279179,0.142722406868131,1.00367036230721,1.08214002803011
14.1320987692,0.738138991154674,0.612300548806694,0.265700774322911,0.469817041623257,0.472438216831764,0.142483507183437,1.00383976547759,1.08211759042995
14.137632089,0.738167873087347,0.612166794255739,0.265840818164907,0.469932024747408,0.472327054922439,0.142234769508331,1.00400869125225,1.08209881900315
14.1431654088,0.738196638216854,0.612030309735208,0.26598051336178,0.470053242508731,0.472216124855074,0.141977067226477,1.00417715157863,1.08208355224394
14.1486987286,0.73822527406616,0.611891447617816,0.266119883903976,0.470180182275463,0.472105390162184,0.141711265342353,1.00434515797014,1.08207162989328
14.1542320484,0.738253768055174,0.611750559214839,0.26625895366075,0.470312332508019,0.471994814394425,0.14143822670682,1.00451272171592,1.08206289172286
14.1597653682,0.738282107924353,0.611608001695484,0.266397747144724,0.470449172459272,0.471884360779629,0.141158829236211,1.00467985506908,1.08205717415476
14.165298688,0.738310281248155,0.611464129185934,0.266536288450144,0.470590188648944,0.471773992798011,0.14087394053699,1.0048465696983,1.08205431783488
14.1708320078,0.738338275355627,0.611319292550711,0.266674601405662,0.470734868701921,0.471663673949965,0.14058442384879,1.00501287676129,1.08205416125263
14.1763653276,0.73836607796169,0.611173847237875,0.266812710357705,0.47088269435741,0.471553367603984,0.140291152880466,1.0051787883194,1.08205654159529
14.1818986474,0.738393676705706,0.611027819790513,0.266950639474569,0.471032767615073,0.471443037231137,0.139995052175439,1.00534431618027,1.08206058740559
14.1874319672,0.738421059034702,0.61088120028411,0.267088412764406,0.471184150267441,0.471332646270296,0.13969705001667,1.00550947179911,1.08206535055155
14.192965287,0.73844821237486,0.610734302038339,0.267226054286934,0.471336279661628,0.471222158087926,0.139398022376712,1.00567426666179,1.08207058169997
14.1984986068,0.738475124536302,0.610587438867211,0.267363588286162,0.471488592953033,0.47111153625014,0.139098845914178,1.00583871282246,1.08207603182024
14.2040319266,0.738501783093484,0.610440923880032,0.267501038832062,0.471640528596721,0.471000744261422,0.138800395283311,1.00600282192555,1.08208145247675
14.2095652464,0.73852817520986,0.610295071302391,0.267638429936342,0.47179152243802,0.470889745273518,0.138503548864371,1.0061666051462,1.08208659374041
14.2150985662,0.738554288785939,0.610150193980865,0.267775785781206,0.471941013152054,0.470778503004733,0.138209180828811,1.00633007456715,1.08209120713292
14.220631886,0.738580111441089,0.610006604986131,0.267913130433036,0.472088439332776,0.470666981008053,0.137918165653356,1.00649324187412,1.08209504431891
14.2261652058,0.738605630512685,0.609864618622434,0.268050487970239,0.472233236624281,0.470555142542446,0.137631381998152,1.00665611848292,1.08209785524672
14.2316985256,0.738630833500614,0.609724548896217,0.268187882500841,0.472374841407139,0.470442950999773,0.137349707489078,1.00681871600145,1.08209939030336
14.2372318454,0.738655708250943,0.609586707555476,0.268325338055128,0.472512694389592,0.470330370195815,0.137074013165883,1.00698104630607,1.08209940194507
14.2427651652,0.738680242329331,0.609451407745562,0.268462878672109,0.472646233648277,0.470217363657222,0.136805174097285,1.00714312100144,1.08209764139384
14.248298485,0.738704422726321,0.60931896732018,0.2686005285952,0.472774888321238,0.470103894131121,0.136544078998942,1.00730495132152,1.08209385564142
14.2538318048,0.738728237569041,0.609189695343976,0.268738311712911,0.472898103729472,0.46998992585613,0.136291591614504,1.00746654928195,1.08208779907345
14.2593651246,0.738751674431951,0.609063905011662,0.268876252046111,0.473015318168315,0.46987542238584,0.136048586843347,1.00762792647806,1.08207922317998
14.2648984444,0.738774720509057,0.608941912999847,0.269014373803496,0.473125962740545,0.469760346705561,0.135815950259302,1.00778909431255,1.08206787574039
14.2704317642,0.738797363441381,0.608824032155308,0.269152701006916,0.473229475880965,0.469644662434465,0.135594556274343,1.0079500644483,1.08205350803627
14.275965084,0.738819591077223,0.608710573009434,0.269291257535312,0.473325300494756,0.469528333541911,0.135385272514678,1.00811084861254,1.08203587350419
14.2814984038,0.738841390894817,0.608601849682312,0.269430067449901,0.473412872760295,0.469411323444916,0.135188976922017,1.00827145834472,1.08201472244261
14.2870317236,0.738862749913956,0.608498181674964,0.269569155124749,0.473491618908129,0.469293594789207,0.135006562766835,1.00843190503871,1.08198980058309
14.2925650434,0.738883656319944,0.608399833192774,0.269708544189919,0.473561060536088,0.469175112130024,0.134838772656686,1.00859220050986,1.08196089372886
14.2980983632,0.738904097687238,0.608306559806875,0.269848258632164,0.473621579502647,0.469055839055073,0.134684980304228,1.0087523563194,1.08192813930952
14.303631683,0.738924061032764,0.608218012416693,0.269988322857849,0.473673733107141,0.468935738174915,0.134544279309552,1.00891238389061,1.08189174552383
14.3091650028,0.738943534206109,0.608133876826804,0.2701287606757,0.473718021246442,0.468814773530409,0.134415855580361,1.00907229488181,1.08185189807325
14.3146983226,0.73896250502409,0.608053840179537,0.27026959588299,0.473754941897438,0.4686929091411,0.134298898282099,1.00923210090708,1.08180878207698
14.3202316424,0.738980960843799,0.607977593193946,0.270410852633719,0.473784985902946,0.46857010821008,0.134192607291,1.00939181347752,1.08176257909689
14.3257649622,0.738998888781713,0.607904827313642,0.270552555308655,0.473808642433054,0.468446333473058,0.134096184880588,1.00955144409037,1.0817134697467
14.331298282,0.739016277047593,0.607835227411193,0.270694727352261,0.473826413778317,0.468321549695332,0.134008813632876,1.00971100439985,1.08166164118951
14.3368316018,0.739033113215898,0.607768482976654,0.270837392725731,0.473838793722005,0.468195720490167,0.133929689254649,1.00987050594163,1.08160727669866
14.3423649216,0.739049384092753,0.607704286064279,0.270980576107689,0.473846269697132,0.468068807985063,0.133858016367148,1.01002996020044,1.08155055576141
14.3478982414,0.739065077803744,0.607642479102165,0.271124300974166,0.473849423373768,0.467940776829578,0.133793055728397,1.01018937877791,1.08149190247593
14.3534315612,0.73908018210049,0.607583299620307,0.271268591117576,0.47384903809803,0.467811590982913,0.133734261522277,1.01034877321807,1.08143233771834
14.358964881,0.739094684185224,0.607526482774289,0.271413470862427,0.473845629149054,0.467681213322797,0.133680853625235,1.01050815504765,1.08137211192334
14.3644982008,0.739108571338539,0.607471713651742,0.271558964479559,0.473839687624656,0.46754960685898,0.133632026027086,1.0106675358181,1.0813114012764
14.3700315206,0.739121831760937,0.607418674973642,0.271705095307731,0.47383170808917,0.467416736453206,0.133586966884471,1.01082692706867,1.08125038306281
14.3755648404,0.739134453026878,0.6073670518139,0.271851887298257,0.473822181845883,0.467282565728621,0.133544869968017,1.01098634032513,1.08118923365978
14.3810981602,0.739146421697972,0.607316530057281,0.271999365483713,0.473811598848511,0.467147056214259,0.13350493120877,1.01114578718168,1.08112812890579
14.38663148,0.739157726243235,0.607266792772938,0.272147552894992,0.473800452809036,0.467010173348243,0.133466339963902,1.01130527913823,1.08106724558197
14.3921647998,0.73916835431537,0.6072175250083,0.272296473403448,0.473789235245726,0.466871880911922,0.133428289762574,1.01146482771882,1.08100676025403
14.3976981196,0.739178328123909,0.607168411393998,0.272446100429454,0.473778437769578,0.466732227694456,0.133389973624421,1.01162442855336,1.08094684916358
14.4032314394,0.739187785150649,0.607119136126979,0.272596240038828,0.473768552709139,0.466591545111821,0.13335058341784,1.01178402518948,1.08088768883612
14.4087647592,0.739196754394951,0.607069388040013,0.272746856195253,0.473760075476382,0.466449898199697,0.133309312563631,1.0119436105902,1.08082946351639
14.414298079,0.739205250959996,0.607019403989638,0.272897932841166,0.473754141877219,0.46630731811883,0.133265262112419,1.01210318380116,1.08077354586686
14.4198313988,0.739213289322493,0.606969218511989,0.273049454527615,0.473751658243264,0.466163834794878,0.133217560268726,1.01226274385011,1.08072087675525
14.4253647186,0.739220885361941,0.606918450625562,0.273201404446031,0.473753034309406,0.46601948091591,0.133165416316156,1.01242228980797,1.08067148493497
14.4308980384,0.739228054215206,0.60686671923791,0.273353766513606,0.473758684117485,0.465874287701599,0.133108035120425,1.01258182072881,1.0806254033554
14.4364313582,0.739234810624676,0.606813637924401,0.273506525027609,0.473769022516762,0.465728285597067,0.133044615407639,1.01274133565228,1.08058266044116
14.441964678,0.739241169901726,0.606758824251121,0.273659663738873,0.473784461726399,0.465581506162853,0.132974362524722,1.0129008336406,1.08054328597752
14.4474979978,0.739247147451981,0.606701897768149,0.273813166313407,0.473805412370441,0.465433981138574,0.132896485397708,1.01306031376539,1.08050731013859
14.4530313176,0.739252758318345,0.606642474887017,0.27396701676651,0.473832288060203,0.465285741551835,0.132810186826815,1.01321977508486,1.08047476294722
14.4585646374,0.739258017275454,0.60658016822257,0.274121199365613,0.473865507736569,0.465136817909841,0.132714660486001,1.01337921664107,1.08044567595914
14.4640979572,0.739262939965155,0.60651459973114,0.274275697562776,0.473905476637028,0.464987242402379,0.132609123094112,1.01353863752793,1.08042007636817
14.469631277,0.739267541524318,0.606446094164772,0.274430495291276,0.473951412133184,0.464837046233042,0.132494682031588,1.01369803681559,1.08039750629796
14.4751645968,0.739271836744273,0.606378240722336,0.274585576804238,0.473997005808781,0.464686259940036,0.132381234913554,1.01385741354851,1.08037524653112
14.4806979166,0.739275841015879,0.606311446182183,0.274740925799704,0.47404133525857,0.464534915216175,0.132270110923613,1.01401676681558,1.08035278144075
14.4862312364,0.739279569616333,0.60624552376574,0.274896526087281,0.474084482642306,0.464383043529052,0.132161041123434,1.01417609570361,1.08033000640805
14.4917645562,0.739283037569334,0.606180286841423,0.275052361709679,0.474126528256948,0.464230675859656,0.132053758584476,1.01433539927901,1.08030681509837
14.497297876,0.739286259865299,0.606115548763056,0.275208416736085,0.474167552565213,0.464077843129214,0.131947996197843,1.01449467660138,1.08028310132827
14.5028311958,0.7392892519495,0.60605112235147,0.2753646748337,0.474207638187475,0.463924577115801,0.131843484163995,1.0146539267832,1.08025876053895
14.5083645156,0.739292028958807,0.605986820890122,0.275521119950044,0.474246866021036,0.463770909008763,0.131739954869087,1.01481314890885,1.08023368691116
14.5138978354,0.739294605774565,0.605922457673226,0.27567773624873,0.474285316391513,0.463616869525835,0.131637141281713,1.0149723420233,1.08020777406474
14.5194311552,0.739296997784971,0.60585784587886,0.275834507460349,0.474323071386025,0.463462490324622,0.131534774492836,1.01513150524532,1.08018091726488
14.524964475,0.739299220179869,0.605792798563092,0.2759914174927,0.474360211772862,0.463307802687169,0.13143258679023,1.01529063767257,1.08015301033595
14.5304977948,0.739301288004827,0.605727128958189,0.276148450370544,0.474396818641866,0.463152837634283,0.131330310316323,1.01544973837537,1.08012394760006
14.5360311146,0.739303216383893,0.605660650179233,0.276305590050241,0.474432973445477,0.462997626333651,0.131227676733756,1.01560880643413,1.08009362362471
14.5415644344,0.739305020606839,0.6055931757216,0.27646282036874,0.474468757029013,0.462842200238099,0.131124418692587,1.01576784097558,1.08006193275061
14.5470977542,0.739306715810534,0.605524518606179,0.276620125286056,0.474504249859243,0.462686590524478,0.131020268746935,1.01592684109659,1.08002876846542
14.552631074,0.739308317007414,0.605454491309679,0.276777488831011,0.474539534398572,0.462530828176403,0.130914956911107,1.01608580583843,1.07999402570825
14.5581643938,0.739309839500866,0.60538290828156,0.276934894852139,0.474574691160018,0.462374944648727,0.130808217121542,1.016244734353,1.07995759944158
14.5636977136,0.739311298434454,0.605309581906327,0.277092327310129,0.474609799712511,0.462218971124324,0.130699782193816,1.01640362574458,1.07991938161884
14.5692310334,0.739312708916685,0.605234325315693,0.277249770166538,0.474644942773452,0.462062938750147,0.130589382542241,1.01656247908322,1.07987926808915
14.5747643532,0.739314086123098,0.605156951856609,0.277407207350365,0.474680201701636,0.461906878772733,0.130476750154973,1.01672129347346,1.07983715355824
14.580297673,0.739315445229035,0.605077275192789,0.277564622823029,0.474715655784509,0.461750822406006,0.13036161940828,1.01688006805206,1.0797929309773
14.5858309928,0.739316801372853,0.604995108242771,0.277722000548762,0.474751385677872,0.461594800824091,0.130243722564899,1.01703880192162,1.07974649392064
14.5913643126,0.739318169734684,0.604910262762507,0.277879324396267,0.474787475641032,0.461438845338417,0.130122787121475,1.01719749413095,1.07969773840354
14.5968976324,0.739319565455427,0.604822554511062,0.278036578397634,0.474824004336175,0.461282987057793,0.129998550174887,1.01735614385306,1.07964655884724
14.6024309522,0.739321003671949,0.604731794926258,0.278193746527867,0.474861050226541,0.461127257144082,0.129870744699718,1.01751475019982,1.0795928451528
14.607964272,0.739322499596773,0.604637800679501,0.278350812640167,0.474898700410047,0.460971686956605,0.129739100269454,1.01767331223694,1.07953650108955
14.6134975918,0.739324068374778,0.604540447426641,0.278507760721704,0.474937067250267,0.460816307653074,0.129603380176374,1.01783182909648,1.07947751467691
14.6190309116,0.739325725107951,0.604439596241537,0.278664574813205,0.474976253632422,0.460661150294745,0.129463342609115,1.01799029992116,1.07941584987396
14.6245642314,0.739327484970513,0.604335093292557,0.278821238842162,0.475016358732382,0.460506246128351,0.129318734560175,1.01814872381267,1.07935145202494
14.6300975512,0.739329363248237,0.604227009045853,0.278977736590257,0.475057748471607,0.46035162665798,0.129169260574245,1.01830709983849,1.07928475751746
14.635630871,0.739331374940516,0.604115816550644,0.279134052240504,0.475101246800125,0.460197322700013,0.129014569750519,1.01846542718102,1.07921706335077
14.6411641908,0.739333535184219,0.604001477618296,0.279290169776534,0.475147086530783,0.460043365407685,0.128854391087513,1.01862370496075,1.07914856414908
14.6466975106,0.739335842143443,0.603883496303216,0.279446074406265,0.475196194673206,0.459889767737178,0.128687301630009,1.01878191654971,1.07907969097642
14.6522308304,0.739338145748137,0.603760702897251,0.279601764724459,0.47525063691374,0.459736381023678,0.128510065983512,1.0189399104726,1.07901133981099
14.6577641502,0.739340415691027,0.6036332694338,0.279757228732711,0.475310207598766,0.459583186958315,0.128323061835034,1.01909764442374,1.07894347703257
14.66329747,0.739342662268089,0.603501454016852,0.279912450651489,0.475374557698034,0.4594302116166,0.128126896318818,1.01925511291958,1.07887601171489
14.6688307898,0.739344895795513,0.603365514753454,0.280067414636195,0.475443337895098,0.459277481159317,0.127922176858356,1.01941231043171,1.07880885264855
14.6743641096,0.739347126602308,0.603225715248139,0.280222105310967,0.475516189670074,0.459125021291341,0.127709525578065,1.01956923191328,1.07874190491821
14.6798974294,0.739349364991131,0.603082314599646,0.280376507022158,0.475592760479628,0.458972857968972,0.127489554120018,1.01972587201329,1.07867507507927
14.6854307492,0.739351621304689,0.602935569287922,0.280530603655929,0.475672704205632,0.45882101764876,0.12726286508229,1.01988222496062,1.07860827349355
14.690964069,0.739353905842673,0.602785742695202,0.280684379896795,0.475755663311075,0.458669525945878,0.127030079384127,1.02003828573947,1.07854140600628
14.6964973888,0.739356228903859,0.602633094354286,0.28083782015168,0.475841284206328,0.458518408752179,0.126791810147958,1.02019404905554,1.07847437856061
14.7020307086,0.739358600832445,0.602477882954309,0.280990908500991,0.475929217167586,0.458367692331454,0.126548665786723,1.02034950933344,1.0784071001219
14.7075640284,0.7393610319689,0.602320368261482,0.281143629158214,0.476019110062191,0.458217402810687,0.126301258199291,1.02050466112711,1.07833947832367
14.7130973482,0.739363532569733,0.602160811545954,0.281295966791222,0.476110607919075,0.458067565778511,0.126050203626879,1.02065949936095,1.07827141946503
14.718630668,0.739366112937599,0.601999472180105,0.281447905734095,0.476203358540367,0.457918207203504,0.125796113639738,1.02081401867169,1.07820283072047
14.7241639878,0.73936865195178,0.601836608609652,0.281599621054863,0.476297011953676,0.457769030896917,0.125539596655976,1.02096827300664,1.07813362056333
14.7296973076,0.739370667130064,0.601672482583648,0.281751814487591,0.476391213375556,0.457618852642473,0.125281269208092,1.02112248161766,1.0780636959592
14.7352306274,0.739372126654582,0.601507353173026,0.281904531727576,0.476485610189318,0.457467594927006,0.125021742983708,1.02127665838216,1.07799296336234
14.7407639472,0.739373046212159,0.601341480193365,0.282057749097137,0.476579850765247,0.457315297115022,0.124761629428118,1.0214307953093,1.07792133095861
14.746297267,0.739373442077201,0.60117512382458,0.282211442360685,0.476673582197107,0.457161999716516,0.124501541627473,1.02158488443789,1.07784870602169
14.7518305868,0.739373330810026,0.601008543706598,0.282365587038544,0.476766452057102,0.457007743771482,0.124242091649496,1.02173891784857,1.0777749957637
14.7573639066,0.739372728485908,0.600841999466274,0.282520159091899,0.476858108101298,0.456852569394009,0.123983891364976,1.02189288757781,1.07770010756757
14.7628972264,0.73937165067098,0.600675751951028,0.282675134893135,0.476948196180257,0.456696515777845,0.12372755577077,1.02204678556412,1.07762394813128
14.7684305462,0.739370114245386,0.600510060234476,0.282830489702623,0.477036365596347,0.456539624542763,0.123473694638129,1.02220060394801,1.07754642583082
14.773963866,0.739368135365617,0.60034518357264,0.282986199407012,0.477122263992403,0.456381935958605,0.123222919580237,1.02235433477263,1.07746744756504
14.7794971858,0.739365729740538,0.600181383416641,0.283142240224462,0.477205536639264,0.456223489516077,0.122975846777377,1.022507969965,1.07738692005591
14.7850305056,0.739362913789797,0.60001891912537,0.283298587808139,0.477285831968798,0.456064325981658,0.122733087156572,1.02266150159794,1.07730475109417
14.7905638254,0.739359703906431,0.599858049412692,0.283455217854238,0.477362799147265,0.455904486052193,0.122495250265427,1.02281492176067,1.07722084855996
14.7960971452,0.739356116115012,0.599699034675075,0.283612106324172,0.477436084783006,0.455744009790839,0.122262949892069,1.02296822243918,1.07713511945808
14.801630465,0.739352166272396,0.599542136994669,0.283769229257466,0.47750533258224,0.455582937014929,0.122036804412429,1.02312139552986,1.07704746957691
14.8071637848,0.739347871018705,0.599387613350673,0.283926562195192,0.477570195046098,0.455421308823513,0.121817418304575,1.0232744332139,1.07695780839677
14.8126971046,0.739343246510432,0.599234765344381,0.284084081004258,0.477631939975492,0.455259165506174,0.121602825368889,1.02342732751469,1.07686670531987
14.8182304244,0.739338308522319,0.599081929435016,0.284241761723869,0.477693467487961,0.45509654679845,0.121388461947054,1.02358007024619,1.07677539692298
14.8237637442,0.739333073531576,0.598929138091466,0.284399580018361,0.477754809641664,0.454933493513215,0.121174328449802,1.02373265354994,1.07668394773313
14.829297064,0.739327557807801,0.59877646890205,0.284557511686058,0.47781592217955,0.454770046121742,0.120960546722501,1.02388506949386,1.0765923910816
14.8348303838,0.739321777368703,0.598623999572165,0.284715532615241,0.477876760586472,0.454606244753462,0.120747238985693,1.02403730998394,1.07650076015864
14.8403637036,0.73931574827418,0.598471807886147,0.284873618636291,0.477937280167667,0.454442129637889,0.12053452771848,1.02418936691047,1.07640908805381
14.8458970234,0.739309486968175,0.598319971251047,0.285031745498677,0.477997436973052,0.454277741469498,0.120322534277995,1.02434123246685,1.0763174082241
14.8514303432,0.73930300960718,0.598168567326092,0.285189889043171,0.478057186794041,0.454113120564009,0.120111380532052,1.02449289865035,1.07622575412013
14.856963663,0.739296332075654,0.598017674241584,0.285348025058388,0.478116484228051,0.453948307017266,0.119901190013534,1.02464435713404,1.07613415846963
14.8624969828,0.739289470820692,0.597866886475932,0.285506129345573,0.478174720891382,0.453783341475118,0.11969216558455,1.02479560016627,1.07604160736731
14.8680303026,0.739282442032289,0.597715386917118,0.285664177734604,0.47823080587003,0.453618264297685,0.119484581047088,1.02494661976689,1.07594619278715
14.8735636224,0.739275261765134,0.597563271976462,0.285822145970395,0.478284715678398,0.453453115794739,0.119278556298064,1.02509740773553,1.07584798765486
14.8790969422,0.739267946194487,0.597410659864886,0.285980009801167,0.478336453002397,0.45328793639332,0.119074206862489,1.02524795599565,1.07574711286728
14.884630262,0.73926051161195,0.597257667067129,0.286137745115605,0.478386020363478,0.453122766496345,0.118871646703651,1.02539825672755,1.07564368743061
14.8901635818,0.739252974171757,0.597104376880757,0.286295327720445,0.478433402254254,0.452957646451312,0.118670974626503,1.0255483018922,1.07553777913501
14.8956969016,0.739245349918698,0.596950833555147,0.286452733099064,0.478478561201398,0.452792616819633,0.118472272353749,1.02569808301776,1.07542939475655
14.9012302214,0.739237655175298,0.596797131075595,0.286609937304659,0.478521489701054,0.452627717870639,0.11827564137454,1.02584759247996,1.07531862077665
14.9067635412,0.73922990609805,0.596643364712789,0.286766916135769,0.478562177910482,0.452462989962281,0.118081186802307,1.02599682223382,1.07520554262327
14.912296861,0.739222118822459,0.596489633033838,0.286923645126721,0.478600617565642,0.452298473695738,0.117889015468196,1.02614576394918,1.07509025059948
14.9178301808,0.73921430955147,0.596336032461896,0.287080100073739,0.478636800451924,0.452134209477731,0.117699232009971,1.02629440962521,1.07497283291382
14.9233635006,0.739206494468183,0.596182658415102,0.287236256938535,0.478670718492895,0.451970237529648,0.117511939922207,1.02644275140672,1.074853376908
14.9288968204,0.739198689734909,0.596029607721042,0.287392091426448,0.478702363044571,0.451806598308461,0.117327244676471,1.02659078116136,1.07473197076561
14.9344301402,0.739190911569603,0.595876978572,0.287547578851395,0.478731724096118,0.451643332718208,0.117145254475881,1.026738490421,1.07460870266812
14.93996346,0.739183176113548,0.595724866093599,0.287702695449213,0.47875879539328,0.451480480664335,0.116966070700318,1.02688587156276,1.07448366148688
14.9454967798,0.739175499523237,0.595573366273992,0.287857416989626,0.478783567898948,0.451318082533611,0.116789798375045,1.02703291651286,1.07435693417294
14.9510300996,0.739167898058832,0.595422577529763,0.28801171873206,0.478806031697944,0.451156179326772,0.11661654583182,1.02717961679089,1.07422860922771
14.9565634194,0.739160387863282,0.595272595734187,0.288165576653973,0.47882617933512,0.45099481120931,0.116446416399067,1.02732596451726,1.07409877506931
14.9620967392,0.739152985055026,0.595123516649682,0.288318966726797,0.478844003076048,0.45083401832823,0.116279513573634,1.02747195178182,1.07396751972573
14.967630059,0.739145705848295,0.594975437459045,0.288471864491454,0.478859493754529,0.450673841356841,0.116115943704516,1.02761757033975,1.07383493121357
14.9731633788,0.739138566546523,0.594828455818801,0.288624245226754,0.478872641038957,0.450514321319769,0.115955814779844,1.02776281177328,1.07370109685776
14.9786966986,0.739131583153595,0.59468266676456,0.288776085289144,0.478883439056102,0.450355497864451,0.115799227708458,1.02790766844274,1.07356610582066
14.9842300184,0.739124771826003,0.59453816689267,0.288927360423445,0.478891879436773,0.450197411402557,0.115646287455898,1.02805213224945,1.07343004632944
14.9897633382,0.739118148992406,0.594394247163772,0.28907804555268,0.47889931568979,0.450040103439726,0.115494931473981,1.02819619454509,1.07329356285356
14.995296658,0.739111730648077,0.594250190314897,0.289228116971734,0.478907115649817,0.449883613676344,0.11534307466508,1.02833984761981,1.07315730596471
15.0008299778,0.739105532890635,0.594106102284208,0.289377550601215,0.478915255755367,0.44972798228942,0.115190846528841,1.02848308349185,1.07302135803958
15.0063632976,0.739099572030067,0.59396208873096,0.28952632175738,0.478923711646637,0.449573250272687,0.115038377084323,1.02862589378745,1.0728858003776
15.0118966174,0.739093864367611,0.59381825539034,0.289674405821212,0.478932458709791,0.449419458546399,0.114885796680549,1.02876827018882,1.07275071410013
15.0174299372,0.739088425813592,0.593674708447659,0.28982177921046,0.478941472912765,0.449266646603132,0.114733235534893,1.02891020502405,1.07261618136042
15.022963257,0.739083272524501,0.593531554096443,0.289968417651731,0.478950730469106,0.44911485487277,0.114580823627337,1.02905169017623,1.07248228456555
15.0284965768,0.739078421141333,0.593388897745173,0.290114295672879,0.478960205899433,0.448964125468454,0.114428691845741,1.02919271681421,1.07234910364461
15.0340298966,0.739073887424009,0.593246845252701,0.290259390025255,0.478969875290566,0.448814497398754,0.114276969962135,1.02933327744926,1.07221672054327
15.0395632164,0.739069687493163,0.593105503356354,0.290403676520784,0.478979715550036,0.448666010972379,0.114125787806318,1.02947336401395,1.07208521890639
15.0450965362,0.739065837798379,0.592964977359629,0.290547130193502,0.478989701110082,0.448518707604877,0.113975276249547,1.02961296799188,1.07195467846971
15.050629856,0.739062354551022,0.592825373014646,0.29068972666668,0.478999807308351,0.448372627884343,0.113825565706295,1.0297520812177,1.071825180323
15.0561631758,0.739059253611694,0.592686796574977,0.290831442362692,0.479010011165909,0.448227811249001,0.113676785409069,1.02989069597439,1.07169680774089
15.0616964956,0.739056551167885,0.592549354213942,0.290972252929806,0.479020288839826,0.448084298238079,0.113529065374116,1.03002880409769,1.07156964305377
15.0672298154,0.739054264023769,0.592413151497445,0.291112132653192,0.479030613558909,0.447942131370577,0.113382537938536,1.03016639667696,1.07144376505635
15.0727631352,0.739052361736549,0.592278293773089,0.291251125715893,0.479040962641499,0.447801236020656,0.113237331131589,1.03030348745244,1.07131925641459
15.078296455,0.739050724101417,0.592144888585862,0.291389406700799,0.479051314033799,0.447661317400618,0.113093574552063,1.03044013080222,1.07119620261966
15.0838297748,0.73904933389239,0.592013040681332,0.291526999701694,0.47906164046214,0.447522334190696,0.112951400219191,1.03057633359408,1.07107468114347
15.0893630946,0.739048180090577,0.591882855743697,0.291663920200287,0.479071918071844,0.44738425989029,0.112810937671853,1.03071210029086,1.07095477381554
15.0948964144,0.739047251625489,0.59175415419402,0.291800183858325,0.479081790238647,0.447247067767164,0.112672363955372,1.03084743548381,1.07083594443267
15.1004297342,0.739046537642224,0.591626601798399,0.291935805723798,0.479090717534115,0.447110731918426,0.112535884264284,1.03098234336602,1.07071731933251
15.105963054,0.739046027071149,0.591500228145673,0.29207079978667,0.479098583803039,0.44697522728448,0.112401644342635,1.03111682685782,1.07059881194871
15.1114963738,0.739045671126778,0.591375064342942,0.292205124341115,0.479105280820186,0.446840546785664,0.112269783522756,1.03125079546789,1.07048034516313
15.1170296936,0.739045433785197,0.591251142895427,0.292338755979909,0.479110698855642,0.446706677805288,0.112140444039785,1.03138418976511,1.07036184175107
15.1225630134,0.739045305195317,0.59112849584398,0.292471710595279,0.479114724055878,0.446573594600037,0.112013771788102,1.0315170157906,1.07024321989986
15.1280963332,0.739045275288796,0.591007154561963,0.292604005393881,0.479117247203789,0.446441269894915,0.111889907358174,1.03164928068268,1.07012440176575
15.133629653,0.73904533404746,0.59088715103036,0.292735657364816,0.4791181593295,0.446309676682644,0.11176899170086,1.03178099141228,1.07000531035986
15.1391629728,0.739045471534602,0.590768517273088,0.29286668290724,0.479117348607654,0.446178788627362,0.111651168665434,1.03191215444184,1.06988586588074
15.1446962926,0.739045677810778,0.590651285655175,0.29299709829794,0.479114702425183,0.446048579512838,0.111536583229992,1.03204277610872,1.06976598808036
15.1502296124,0.739045942814535,0.590535515517124,0.293126920961684,0.479110065162395,0.445919021852851,0.111425450354729,1.03217286377622,1.06964558067952
15.1557629322,0.73904625657738,0.590422098515296,0.293256167583332,0.479101873700866,0.445790088994049,0.11132022481443,1.03230242416071,1.06952397221616
15.161296252,0.739046609170874,0.590311340944962,0.293384854098341,0.479089551043622,0.445661755072533,0.11122178990134,1.03243146326922,1.06940089198858
15.1668295718,0.739046990564571,0.590203055756948,0.293512997850638,0.479073296545527,0.445533992713933,0.111129759211421,1.03255998841521,1.06927635230248
15.1723628916,0.739047390779751,0.590096757230978,0.293640615676179,0.479053149166739,0.445406775103572,0.111043608064239,1.03268800645593,1.06914990639772
15.1778962114,0.739047799847236,0.589992223242088,0.293767723941073,0.479029279983932,0.445280075906163,0.110962943258155,1.03281552378831,1.06902150322602
15.1834295312,0.739048207775718,0.589889336648759,0.293894339208621,0.479001916953188,0.445153868567097,0.110887419695571,1.03294254698434,1.06889125360195
15.188962851,0.739048604588081,0.589787979030161,0.294020478674272,0.478971293239521,0.445028125913809,0.11081668579064,1.03306908326235,1.06875927226968
15.1944961708,0.739048980315831,0.589688033331594,0.294146159030313,0.478937637867611,0.444902821285518,0.110750395463983,1.03319513934614,1.06862567119921
15.2000294906,0.739049324926129,0.589589383386923,0.294271396298412,0.478901174632537,0.444777928627717,0.110688208754386,1.03332072122454,1.06849055801946
15.2055628104,0.739049628480519,0.589491910327461,0.294396207866922,0.478862137513373,0.444653420613597,0.110629772814088,1.03344583634744,1.06835404784083
15.2110961302,0.739049881012694,0.589395497263297,0.294520610461871,0.478820755955428,0.444529270550823,0.110574741307869,1.03357049147456,1.06821625321872
15.21662945,0.739050072493951,0.589300027105873,0.294644620459702,0.478777256397105,0.444405452034249,0.110522770708769,1.03369469295365,1.06807728350298
15.2221627698,0.739050192935217,0.589205382318022,0.294768254617829,0.478731868191271,0.444281938317388,0.110473514126751,1.03381844755305,1.06793725050929
15.2276960896,0.739050232416663,0.589111445317441,0.294891529946001,0.478684822114845,0.444158702470661,0.110426623202596,1.03394176236266,1.06779626743229
15.2332294094,0.739050180957337,0.589018098940039,0.295014463102206,0.478636346601111,0.444035717855131,0.110381752338928,1.03406464405954,1.06765444554115
15.2387627292,0.739050028430325,0.588925225964361,0.295137070358868,0.478586668345842,0.443912958071457,0.110338557618519,1.03418709878919,1.0675118943102
15.244296049,0.739049765005888,0.588832708628459,0.29525936893627,0.478536018422758,0.443790396069619,0.110296690205701,1.03430913394216,1.06736872705122
15.2498293688,0.739049380715534,0.588740429997083,0.295381375534894,0.478484625584293,0.44366800518064,0.110255804412789,1.03443075625043,1.06722505558138
15.2553626886,0.739048865443994,0.588648272400911,0.295503106585862,0.478432717340894,0.443545758858131,0.110215555060016,1.03455197202986,1.0670809897418
15.2608960084,0.739048209258521,0.588556118428799,0.295624578949225,0.478380522857645,0.443423630309296,0.110175595571154,1.03467278820775,1.06693664128644
15.2664293282,0.739047402269527,0.588463851018956,0.295745809493606,0.478328270945697,0.443301592775922,0.11013558007326,1.03479321176313,1.06679212196465
15.271962648,0.739046434454372,0.5883713527621,0.295866814856346,0.478276189792139,0.443179619598027,0.110095162969961,1.03491324931072,1.06664754255424
15.2774959678,0.739045295652711,0.588278505696082,0.295987611562812,0.478224508119604,0.4430576840899,0.110053997576477,1.03503290721552,1.06650301381569
15.2830292876,0.739043976109924,0.588185193107128,0.296108216616937,0.478173453955892,0.442935759492987,0.110011739151236,1.03515219272686,1.06635864706302
15.2885626074,0.739042485647768,0.588091297868135,0.296228645171931,0.47812325535248,0.442813840475836,0.109968042515655,1.0352711308197,1.06621455322061
15.2940959272,0.739040895565055,0.587996701562998,0.296348907368186,0.478074141562548,0.442691988196869,0.109922560000451,1.03538980293324,1.06607084312555
15.299629247,0.739039203304012,0.587901287416892,0.296469019520612,0.478026340068588,0.442570183783401,0.109874947348304,1.03550822282462,1.06592762748548
15.3051625668,0.739037397123799,0.587804938570506,0.296588998561145,0.477980078239698,0.442448398562654,0.109824860330808,1.03562639568494,1.0657850168102
15.3106958866,0.739035465176399,0.58770753716398,0.296708861303804,0.477935584685934,0.442326603872595,0.109771952478046,1.0357443264802,1.06564312184991
15.3162292064,0.73903339557336,0.587608965017885,0.296828624588214,0.477893088720301,0.442204770985146,0.109715876297583,1.03586202016157,1.06550205373819
15.3217625262,0.739031176679758,0.5875091061486,0.296948305413832,0.477852815893999,0.442082871265926,0.109656290254601,1.03597948209359,1.0653619220426
15.327295846,0.739028796717784,0.587408114572475,0.29706792064968,0.477814883772277,0.441960876068104,0.109593230800198,1.03609671736746,1.06522299834475
15.3328291658,0.739026243645762,0.587308410500852,0.2971874871199,0.477775697030914,0.441838756525862,0.109532713469938,1.03621373076566,1.06508410753177
15.3383624856,0.739023505874573,0.587210690652785,0.29730702178664,0.477734126248153,0.441716484087933,0.109476564404632,1.03633052766121,1.06494481690094
15.3438958054,0.73902057166362,0.587114821777612,0.297426541534006,0.477690442860718,0.441594030129614,0.109424378916894,1.03644711319763,1.06480526463833
15.3494291252,0.739017429080145,0.587020671433017,0.297546063250165,0.477644915643984,0.44147136582998,0.109375755789033,1.03656349233031,1.064665587077
15.354962445,0.739014066267169,0.586928106424417,0.297665603855163,0.477597815011403,0.441348462412007,0.109330291413013,1.03667967012233,1.06452592143582
15.3604957648,0.739010471643037,0.586836992321062,0.297785180225873,0.477549413324208,0.441225291417164,0.109287578996854,1.03679565186891,1.06438640564527
15.3660290846,0.739006633429939,0.586747196047073,0.297904809242745,0.477499980820588,0.441101824187195,0.109247215226486,1.03691144267268,1.06424717686766
15.3715624044,0.739002539416473,0.586658585633274,0.298024507927265,0.477449786125565,0.440978031489209,0.109208799507709,1.03702704734374,1.06410837175884
15.3770957242,0.738998178214963,0.586571026139367,0.298144293080319,0.477399101298778,0.440853885134644,0.109171924840589,1.03714247129528,1.06397012743815
15.382629044,0.738993538053096,0.586484384649617,0.29826418158664,0.477348196585022,0.440729356466456,0.109136188064595,1.03725771963974,1.06383258123464
15.3881623638,0.738988606881412,0.586398528191701,0.298384190457085,0.477297341623777,0.440604416424327,0.109101186567924,1.0373727973385,1.06369586981548
15.3936956836,0.738983372938324,0.586313323204533,0.298504336603475,0.477246806834557,0.44047903633485,0.109066516369976,1.0374877095418,1.06356013003909
15.3992290034,0.738977912596361,0.586228636191768,0.298624508461359,0.477196862164941,0.440353404135002,0.109031774026827,1.03760242105772,1.06342549835671
15.4047623232,0.738972445190757,0.586144334012038,0.298744385466515,0.477147777390413,0.440228059724242,0.108996556621625,1.03771683065727,1.06329211140245
15.410295643,0.738966979310115,0.58606028330822,0.298863954344706,0.477099823648337,0.440103024965409,0.108960459659883,1.03783093365482,1.06316010695656
15.4158289628,0.738961511753265,0.585976350585869,0.298983219881309,0.477053269420238,0.439978291871957,0.108923081165631,1.03794473163457,1.06302962000611
15.4213622826,0.738956039325901,0.585892402862081,0.299102186400853,0.477008384318932,0.439853852925049,0.108884018543149,1.03805822572675,1.06290078718101
15.4268956024,0.738950558821464,0.585808306362769,0.299220857909748,0.476965439716949,0.439729700911716,0.10884286664582,1.03817141673121,1.06277374607972
15.4324289222,0.738945067043121,0.585723927807421,0.299339238899932,0.476924704535116,0.439605828143189,0.108799223272305,1.03828430594305,1.06264863234254
15.437962242,0.738939560801049,0.585639134272794,0.299457333858343,0.476886447104926,0.439482226942706,0.108752687167868,1.03839689465939,1.06252558137772
15.4434955618,0.738934036893315,0.585553792280524,0.299575147006309,0.47685093760972,0.439358889887005,0.108702854670803,1.03850918389962,1.06240472989024
15.4490288816,0.738928492100267,0.58546741477155,0.299692682420881,0.476818269036052,0.439235809679386,0.108649145735498,1.03862117452115,1.0622856838076
15.4545622014,0.738922923250275,0.585379395944085,0.29980994478555,0.476788466889955,0.439112978464725,0.108590929054129,1.03873286803583,1.06216786283404
15.4600955212,0.738917327149033,0.585289578923504,0.299926938422194,0.476761788708372,0.43899038872684,0.108527790215131,1.03884426557123,1.06205136763188
15.465628841,0.738911700559044,0.585197806060594,0.300043667317073,0.47673849749392,0.438868033241971,0.108459308566674,1.03895536787612,1.06193630355451
15.4711621608,0.738906040307921,0.58510392413624,0.300160136044979,0.476718849181528,0.438745904262942,0.108385074954712,1.0390661763529,1.06182277331777
15.4766954806,0.738900343212333,0.585007779116725,0.300276349022054,0.476703101048688,0.438623994190279,0.108304678068037,1.03917669223439,1.06171088016541
15.4822288004,0.738894606053791,0.584909214721273,0.300392310429973,0.476691513893515,0.438502295623818,0.108217700827758,1.03928691648376,1.06160072861479
15.4877621202,0.738888825608326,0.584808074463606,0.300508024467474,0.476684348941613,0.438380801140851,0.108123725521993,1.0393968500758,1.06149242340522
15.49329544,0.738882998725181,0.584704381146894,0.300623495727761,0.476681564809607,0.438259502997421,0.108022816337286,1.03950649445294,1.0613859459565
15.4988287598,0.73887712221005,0.584599089530381,0.300738728529929,0.476681547283232,0.438138393680121,0.107917542247149,1.03961585073998,1.06128063681361
15.5043620796,0.738871192785829,0.584492414326058,0.300853726851681,0.476683931342321,0.438017465934149,0.107808482983737,1.03972491963751,1.06117634566838
15.5098953994,0.738865207321916,0.584384411461115,0.300968495327124,0.476688619769307,0.437896711994792,0.107695791691807,1.03983370264904,1.06107303123042
15.5154287192,0.738859162632802,0.584275135132628,0.301083038313226,0.476695518194073,0.437776124319576,0.107579616938556,1.03994220094603,1.0609706533267
15.520962039,0.738853055474772,0.584164638513148,0.301197359963628,0.476704534262652,0.437655695511144,0.107460104250496,1.0400504154384,1.0608691727758
15.5264953588,0.738846882636878,0.584052975610182,0.301311464575233,0.476715574152778,0.437535418061646,0.107337401457404,1.04015834721211,1.06076854976296
15.5320286786,0.738840640980569,0.583940201458026,0.301425356662608,0.476728541984267,0.437415284317961,0.107211659473758,1.04026599764318,1.06066874344229
15.5375619984,0.738834327309493,0.583826370002677,0.301539040536445,0.476743343838113,0.437295286773048,0.107083026164563,1.04037336784594,1.06056971384079
15.5430953182,0.738827938304408,0.583711651062245,0.301652520194205,0.476760027130905,0.437175418110202,0.10695162393134,1.04048045849861,1.06047167819315
15.548628638,0.738821470887692,0.583596489479216,0.301765800289171,0.476778955238873,0.437055670598521,0.106817534240344,1.04058727117686,1.06037544471809
15.5541619578,0.73881492186504,0.583480959294609,0.301878885136368,0.476800058131748,0.436936036728672,0.106680901162861,1.04069380700141,1.06028101742636
15.5596952776,0.738808287958844,0.583365099239885,0.301991778873076,0.476823226188158,0.436816509085767,0.106541873051727,1.04080006683192,1.06018832542804
15.5652285974,0.73880156598851,0.583248949680533,0.302104485870916,0.476848348569835,0.436697080117594,0.106400601110698,1.04090605185943,1.06009729825037
15.5707619172,0.738794752819026,0.583132551510259,0.302217010577524,0.476875314312271,0.436577742241501,0.106257237197987,1.04101176339655,1.06000786582253
15.576295237,0.738787845234527,0.58301594463152,0.302329357267805,0.476904013379382,0.436458487966722,0.106111931252139,1.04111720250233,1.0599199580109
15.5818285568,0.738780839917364,0.582899168324663,0.302441530052798,0.476934336487315,0.436339309864566,0.105964831837348,1.04122236997016,1.05983350481198
15.5873618766,0.738773733807835,0.582782263495332,0.302553533499445,0.476966171555871,0.43622020030839,0.105816091939462,1.04132726730728,1.0597484350512
15.5928951964,0.738766523711634,0.582665270590438,0.302665371919933,0.476999408761827,0.436101151791701,0.105665861828612,1.04143189563157,1.05966467935226
15.5984285162,0.738759206308593,0.582548228922745,0.302777049446905,0.477033938284731,0.435982156861687,0.105514290638015,1.0415362557555,1.05958216720748
15.603961836,0.738751778465809,0.582431178896855,0.302888570503321,0.477069649046536,0.435863207962487,0.105361529850319,1.04164034896913,1.05950082794339
15.6094951558,0.738744237043137,0.582314160948179,0.302999939481647,0.477106430503178,0.43574429756149,0.105207730445001,1.04174417652478,1.05942059145136
15.6150284756,0.738736578796537,0.582197214985916,0.303111160632757,0.477144172451869,0.43562541816378,0.105053042534048,1.04184773942929,1.05934138743779
15.6205617954,0.738728800427285,0.582080381023027,0.303222238157903,0.477182764771781,0.435506562269382,0.104897616251246,1.04195103858519,1.05926314579481
15.6260951152,0.738720898884932,0.581963699326437,0.303333176549476,0.477222096301791,0.435387722335456,0.104741603024645,1.04205407543441,1.05918579562823
15.631628435,0.73871287097517,0.581847210064193,0.303443980116902,0.477262056822672,0.435268890858268,0.104585153241521,1.04215685109207,1.05910926688686
15.6371617548,0.738704713326605,0.581730953354243,0.303554652999969,0.477302536158077,0.435150060326637,0.104428417196166,1.04225936632657,1.05903348951232
15.6426950746,0.738696422871359,0.581614969263132,0.303665199649663,0.477343423405739,0.435031223221696,0.104271545857393,1.04236162252102,1.05895839266887
15.6482283944,0.738687996455489,0.581499297876717,0.303775624415094,0.477384608149299,0.434912372040395,0.104114689727418,1.04246362087058,1.05888390602602
15.6537617142,0.738679430798109,0.581383979401642,0.303885931534913,0.477425979942836,0.434793499263196,0.103957999458806,1.04256536233302,1.05880995934448
15.659295034,0.738670722636757,0.581269054184036,0.303996125277293,0.477467428219753,0.434674597359464,0.103801625964283,1.04266684791405,1.05873648240379
15.6648283538,0.738661868921568,0.581154561960851,0.304106210071914,0.477508842447126,0.434555658849654,0.103645719513725,1.04276807899348,1.05866340440798
15.6703616736,0.738652866458234,0.581040276386267,0.304216190225579,0.477550561330318,0.434436676232655,0.103489715055949,1.04286905668381,1.05859083771658
15.6758949934,0.738643711815468,0.580925144718093,0.304326069897049,0.477594318458624,0.434317641918419,0.103330826259469,1.04296978171252,1.05851946317672
15.6814283132,0.738634402007747,0.580809089614129,0.3044358535421,0.477640200268527,0.434198548465647,0.103168889345602,1.04307025554985,1.05844928988266
15.686961633,0.738624933858668,0.580692151161384,0.304545545478348,0.477688095624627,0.43407938838032,0.103004055536756,1.04317047933702,1.05838024678601
15.6924949528,0.73861530404183,0.580574369038473,0.304655149944084,0.477737895504713,0.433960154097745,0.10283647353376,1.04327045398591,1.05831226454319
15.6980282726,0.738605509348366,0.580455783531522,0.304764671251177,0.477789489144505,0.433840838097189,0.102666294387017,1.04337018059954,1.05824527267603
15.7035615924,0.73859554672033,0.580336435270333,0.304874113778489,0.477842764007529,0.43372143294184,0.102493671262803,1.04346966049882,1.05817919927786
15.7090949122,0.738585412950183,0.580216432204805,0.304983481825029,0.477897643401366,0.433601931125154,0.102318788803438,1.04356889477521,1.05811407560617
15.714628232,0.738575104577766,0.580096073811702,0.305092779596507,0.477954149054091,0.433482324981258,0.102141924757612,1.04366788417427,1.05805022286579
15.7201615518,0.738564618677561,0.579975392234303,0.305202011514228,0.478012162976224,0.433362607163333,0.101963229258079,1.04376663019179,1.05798755521053
15.7256948716,0.738553952055261,0.579854388245012,0.305311181881592,0.478071554447033,0.433242770173669,0.10178283379798,1.04386513393685,1.05792594269204
15.7312281914,0.738543101330285,0.579733063384706,0.305420294948446,0.478132195179089,0.433122806381838,0.101600868205616,1.04396339627873,1.0578652585638
15.7367615112,0.738532063364699,0.579611418942284,0.305529355047194,0.478193954268599,0.433002708317505,0.101417464673685,1.04406141841189,1.05780537321088
15.742294831,0.738520835083804,0.579489455859547,0.30563836651783,0.478256700228114,0.432882468565974,0.101232755631433,1.04415920160163,1.05774615608766
15.7478281508,0.738509414391955,0.579367175343469,0.305747331967443,0.478320303265275,0.432762082424512,0.101046872078194,1.0442567463594,1.05768747860874
15.7533614706,0.738497801603683,0.579244578941503,0.305856250202666,0.478384634692686,0.432641551401017,0.100859944248817,1.04435405180635,1.05762921363419
15.7588947904,0.738485996675066,0.579121667768592,0.305965121368548,0.478449562668705,0.432520875306517,0.100672105099887,1.04445111804361,1.0575712304373
15.7644281102,0.738473999263721,0.578998442452527,0.306073945594783,0.478514956488539,0.432400053668938,0.100483485963989,1.0445479448585,1.05751339894107
15.76996143,0.738461808797514,0.578874904943108,0.306182722954377,0.478580687724079,0.432279085843136,0.100294217219029,1.04464453175189,1.05745559266719
15.7754947498,0.738449425074683,0.578751185681831,0.306291453610646,0.478646779013797,0.432157971464037,0.100104406668034,1.04474087868533,1.05739796469563
15.7810280696,0.738436847840875,0.578627614922392,0.306400137712948,0.478713490686333,0.432036710127928,0.0999141242360593,1.04483698555382,1.05734110560873
15.7865613894,0.738424076663736,0.578504225981091,0.306508775366834,0.478780731051306,0.431915301296902,0.0997234949297846,1.04493285203057,1.0572849570324
15.7920947092,0.73841111106049,0.578381037006209,0.306617366665601,0.478848390201055,0.431793744394889,0.0995326468051548,1.04502847772609,1.05722942720726
15.797628029,0.738397950918017,0.578258065715283,0.306725911790687,0.478916357500514,0.431672039127331,0.0993417082147696,1.0451238627087,1.0571744232158
15.8031613488,0.738384595893937,0.578135330023609,0.306834410867603,0.478984522925522,0.431550185026334,0.0991508070980868,1.04521900676154,1.05711985294913
15.8086946686,0.738371045375379,0.578012848323063,0.306942863957488,0.479052776552854,0.431428181417891,0.0989600717702084,1.04531390933287,1.05706562487592
15.8142279884,0.738357299238039,0.577890638289472,0.307051271236959,0.479121008084957,0.43130602800108,0.0987696302045155,1.045408570475,1.05701164637443
15.8197613082,0.738343357190842,0.577768717739237,0.307159632842206,0.479189107460445,0.431183724348636,0.0985796102787918,1.04550299003305,1.05695782519968
15.825294628,0.738329218762241,0.577647104891337,0.307267948866739,0.479256964561853,0.431061269895502,0.0983901403294841,1.04559716762898,1.05690406945319
15.8308279478,0.738314883543832,0.57752581788632,0.30737621941882,0.479324469128952,0.430938664125012,0.0982013487573671,1.04569110296265,1.05685028701527
15.8363612676,0.738300351387317,0.577404874289162,0.307484444666586,0.479391511367517,0.430815906720731,0.0980133629216452,1.0457847960539,1.05679638565668
15.8418945874,0.738285621950313,0.57728429200087,0.307592624732415,0.479457981285573,0.430692997217898,0.0978263107152973,1.04587824668273,1.05674227328644
15.8474279072,0.738270694578288,0.577163596375888,0.307700759667017,0.479524599654232,0.430569934911271,0.0976389967216568,1.04597145424531,1.05668819603012
15.852961227,0.738255569226252,0.577041715596231,0.307808849660722,0.479593093250245,0.430446719565531,0.0974486223459867,1.04606441888697,1.05663480884648
15.8584945468,0.738240245565478,0.576918665380844,0.307916894838085,0.47966335550687,0.430323350727393,0.0972553098739744,1.04615714040356,1.05658202088771
15.8640278666,0.738224723084299,0.576794503459859,0.308024895282129,0.479735209584733,0.43019982780217,0.0970592938751264,1.04624961836643,1.05652971304459
15.8695611864,0.73820900145054,0.576669288516092,0.308132851116594,0.479808476763396,0.430076150333946,0.0968608117526961,1.04634185256713,1.05647776527949
15.8750945062,0.738193080479794,0.57654307974879,0.308240762497961,0.479882977384039,0.429952317981833,0.0966601023647509,1.04643384297776,1.05642605713283
15.880627826,0.738176959804755,0.576415935489825,0.308348629541252,0.479958533314225,0.429828330263503,0.0964574021756003,1.04652558934601,1.05637446880405
15.8861611458,0.738160638803072,0.576287913320392,0.308456452305049,0.480034967546551,0.429704186498023,0.096252945773841,1.04661709110812,1.05632288086694
15.8916944656,0.738144117436152,0.576159072964185,0.308564230977463,0.480112100085975,0.429579886458689,0.09604697287821,1.04670834841361,1.05627117305016
15.8972277854,0.738127395361614,0.576029472678399,0.308671965678734,0.480189752487993,0.429455429682879,0.095839720190406,1.04679936104035,1.05621922516639
15.9027611052,0.738110472026739,0.575899170568724,0.308779656483205,0.480267747104255,0.429330815543534,0.095631423464469,1.04689012850994,1.05616691767298
15.908294425,0.738093347177443,0.575768225489964,0.308887303530868,0.480345905145699,0.429206043646575,0.095422320344265,1.04698065070831,1.05611413063566
15.9138277448,0.738076020592279,0.575636696116532,0.308994906968447,0.480424047973068,0.429081113623832,0.0952126481434636,1.04707092756073,1.0560607440896
15.9193610646,0.738058491864433,0.575504640820679,0.30910246690239,0.480501997357391,0.428956024962043,0.0950026434632878,1.04716095876682,1.05600663817807
15.9248943844,0.738040760446559,0.575372117956526,0.309209983409434,0.480579574704942,0.428830777037125,0.0947925432515845,1.04725074385599,1.05595169266147
15.9304277042,0.738022915523607,0.575239186459744,0.309317450341063,0.480656601843488,0.428705465182544,0.0945825846162557,1.04734036586467,1.05589578830323
15.935961024,0.738005191821486,0.57510590458362,0.309424851173708,0.480732900363522,0.428580340647778,0.0943730042200977,1.04743004299519,1.05583880494714
15.9414943438,0.73798759984389,0.574972330924749,0.309532185224641,0.48080829127529,0.428455414619249,0.0941640396494595,1.04751978506853,1.05578062220004
15.9470276636,0.737970136778711,0.574838524176634,0.309639452874753,0.480882596677614,0.428330683903958,0.0939559274990201,1.04760958965346,1.05572112085425
15.9525609834,0.73795279987485,0.57470454264747,0.309746654476156,0.480955638481991,0.428206145398693,0.0937489041654791,1.04769945435101,1.05566018112946
15.9580943032,0.737935586496691,0.574570444954224,0.309853790320099,0.481027237954864,0.428081796176592,0.0935432069993598,1.04778937681679,1.05559768290909
15.963627623,0.737918494016193,0.574436289860988,0.309960860691184,0.481097215856433,0.427957633325009,0.0933390740045557,1.04787935470738,1.05553350571742
15.9691609428,0.737901519595952,0.574302135674029,0.310067865988741,0.481165395387116,0.427833653607211,0.0931367402869123,1.04796938558469,1.05546753106115
15.9746942626,0.737884660538511,0.574168040673203,0.310174806537092,0.481231598248409,0.427709854001419,0.092936442424794,1.0480594670756,1.05539963892161
15.9802275824,0.737867914303936,0.574034064104633,0.310281682568033,0.481295643672121,0.427586231735903,0.0927384204325112,1.04814959687197,1.05532970777675
15.9857609022,0.737851278052676,0.573900266088993,0.310388494484467,0.481357356590955,0.427462783568208,0.0925429094980379,1.04823977253714,1.05525762267995
15.991294222,0.737834749063155,0.573766897310717,0.310495242623321,0.481416673625831,0.427339506439835,0.0923502236848865,1.04832999168648,1.05518357093655
15.9968275418,0.737818324709823,0.573634411219427,0.310601927262326,0.481473786614739,0.427216397447497,0.0921606246046879,1.04842025197215,1.05510819783417
16.0023608616,0.737802002312905,0.573502964905936,0.310708548709196,0.481528602481795,0.427093453603709,0.0919743624241401,1.0485105510221,1.05503156738773
16.0078941814,0.737785779076665,0.573372649446651,0.310815107345065,0.481580954257126,0.4269706717316,0.0917916951895244,1.04860088642173,1.05495360370378
16.0134275012,0.737769652303649,0.573243556644027,0.310921603490359,0.481630672782031,0.42684804881329,0.091612883861996,1.04869125579401,1.05487422942606
16.018960821,0.737753619444521,0.573115780418994,0.31102803736352,0.481677583883286,0.426725582081,0.0914381965357082,1.04878165680804,1.05479336430228
16.0244941408,0.737737677646923,0.572988524237606,0.31113440938415,0.481723016891158,0.426603268262772,0.0912655073464478,1.04887208703107,1.05471154112876
16.0300274606,0.737721824211488,0.572860775786107,0.311240719871317,0.481768663513311,0.42648110434017,0.0910921122727955,1.04896254408281,1.05462943929942
16.0355607804,0.737706056515408,0.572732592593607,0.311346969086677,0.481814411505219,0.426359087428731,0.090918181088388,1.04905302560208,1.05454700409883
16.0410941002,0.737690371841812,0.572604036798688,0.311453157356133,0.481860141763855,0.426237214485679,0.0907438950348337,1.04914352919795,1.05446417856254
16.04662742,0.737674767429319,0.572475170588119,0.311559285040368,0.481905735325958,0.426115482388952,0.0905694352621603,1.04923405246969,1.05438090591408
16.0521607398,0.737659240593449,0.572346055786503,0.31166535244247,0.481951073225459,0.425993888150979,0.0903949825610441,1.04932459303592,1.05429712901196
16.0576940596,0.737643788729217,0.572216754280257,0.311771359796884,0.481996036049179,0.425872428932332,0.090220718231078,1.0494151485261,1.05421279032944
16.0632273794,0.737628409025026,0.572087328255228,0.311877307504181,0.482040505228173,0.425751101520845,0.0900468230270554,1.04950571652921,1.0541278334834
16.0687606992,0.737613098783422,0.571957839431544,0.311983195874297,0.48208436168581,0.425629902909125,0.0898734777457346,1.04959629465772,1.05404220111735
16.074294019,0.737597808296022,0.571828350024303,0.312089094081219,0.482127485920951,0.425508714214803,0.0897008641033526,1.04968690237724,1.05395583594525
16.0798273388,0.737582453686754,0.571698922033741,0.312195121263411,0.482169759162847,0.425387332423344,0.0895291628708944,1.04977757495016,1.05386868119659
16.0853606586,0.737567035366046,0.571569617132479,0.312301273169677,0.482211062669793,0.425265762196369,0.0893585544626855,1.04986830853572,1.05378067980227
16.0908939784,0.737551555389877,0.571440497372822,0.312407543167694,0.482251277189383,0.425144012222183,0.0891892201834389,1.04995909855757,1.0536917745622
16.0964272982,0.737536015785868,0.571311625282112,0.312513924670491,0.482290282831007,0.425022091115377,0.0890213424511054,1.05004994045636,1.05360190811312
16.101960618,0.737520418710637,0.571183062253415,0.312620410851077,0.482327961779861,0.424900007859561,0.0888551004735539,1.05014082956171,1.05351102403328
16.1074939378,0.737504766242024,0.571054869905187,0.312726995030601,0.482364194803321,0.424777771211423,0.0886906751018658,1.05023176127263,1.05341906470851
16.1130272576,0.737489060391895,0.570927111347866,0.312833670636422,0.482398861515642,0.424655389755473,0.0885282498322243,1.05032273102832,1.05332597286351
16.1185605774,0.73747330329162,0.570799848012678,0.312940430888171,0.48243184400491,0.424532872403449,0.0883680040077676,1.05041373417979,1.05323169201759
16.1240938972,0.73745749703818,0.570673141226032,0.313047269068005,0.482463023422594,0.424410227970175,0.0882101178034382,1.05050476610619,1.05313616464863
16.129627217,0.73744164368418,0.570547053572996,0.313154178524282,0.482492280065422,0.424287465159898,0.0880547735075733,1.05059582220846,1.05303933363842
16.1351605368,0.73742574528834,0.570421647748842,0.313261152586284,0.482519494043083,0.424164592702056,0.0879021537057588,1.05068689787462,1.05294114179192
16.1406938566,0.737409803979554,0.570296984521783,0.313368184485344,0.482544547968034,0.424041619494211,0.0877524365537483,1.0507779884649,1.05284153248982
16.1462271764,0.737393821835662,0.570173125500029,0.313475267526984,0.482567322556713,0.423918554308678,0.0876058029433168,1.05086908936265,1.05274044805674
16.1517604962,0.737377800880146,0.570050134857291,0.313582395069485,0.482587696213089,0.423795405810661,0.0874624386442024,1.05096019594963,1.05263783107038
16.157293816,0.737361743245492,0.569928073028495,0.313689560344121,0.482605552417983,0.423672182901372,0.0873225206105124,1.05105130358961,1.05253362544648
16.1628271358,0.73734565101595,0.569807001161774,0.313796756641998,0.482620771890898,0.423548894373952,0.0871862292708765,1.05114240765795,1.05242777305267
16.1683604556,0.737329526246384,0.569686982680021,0.313903977271914,0.482633234316635,0.42342554897447,0.0870537483633856,1.0512335035183,1.05232021699666
16.1738937754,0.737313371015342,0.569568079973439,0.314011215513971,0.482642820286089,0.42330215550137,0.0869252596873508,1.05132458652931,1.05221090025953
16.1794270952,0.737297187429629,0.569450353353328,0.314118464638249,0.482649412515302,0.42317872279138,0.0868009408380264,1.05141565206788,1.05209976586863
16.184960415,0.737280977566402,0.569333871609872,0.314225717933382,0.482652879824023,0.423055259633019,0.0866809917858494,1.05150669549978,1.0519867514339
16.1904937348,0.73726474346845,0.569220038702869,0.314332968669679,0.48265084408832,0.422931774798771,0.0865691946145489,1.05159771213813,1.05187088279119
16.1960270546,0.737248487256046,0.569109688177042,0.314440210125628,0.482641886068116,0.422808277130417,0.0864678021089265,1.05168869738167,1.05175157424516
16.2015603744,0.737232211007029,0.569002564675043,0.314547435582889,0.482626419051485,0.422684775424141,0.0863761456235584,1.05177964658992,1.05162898372653
16.2070936942,0.737215916784164,0.568898417430693,0.314654638292415,0.482604853291738,0.422561278491749,0.0862935641389547,1.05187055507658,1.05150327072243
16.212627014,0.737199606674547,0.568796990513327,0.314761811521765,0.482577605372787,0.422437795152782,0.0862193851405395,1.05196141819631,1.05137459588611
16.2181603338,0.737183282768536,0.568698026464595,0.314868948562153,0.482545092680873,0.422314334206383,0.0861529337837224,1.05205223133069,1.05124311914547
16.2236936536,0.73716694714183,0.568601211030677,0.314976042675173,0.482507656669975,0.422190904466657,0.0860935543607013,1.052142989817,1.05110886770065
16.2292269734,0.73715060186448,0.568505937000027,0.315083087058844,0.482465284349748,0.422067514805636,0.0860406526502797,1.05223368892332,1.05097122134977
16.2347602932,0.737134249030953,0.568411945966006,0.315190075043864,0.482418395663209,0.42194417398709,0.0859935503027972,1.05232432407482,1.05083034162922
16.240293613,0.737117890719091,0.56831905351814,0.31529699989685,0.482367488060063,0.421820890822242,0.0859515654580766,1.05241489061594,1.0506865415782
16.2458269328,0.737101529005192,0.568227079894807,0.315403854794578,0.482313060061206,0.421697674210614,0.0859140198336007,1.05250538379977,1.05054013995601
16.2513602526,0.737085165973629,0.568135768959633,0.315510633030717,0.482255577952688,0.421574532942913,0.0858801910069451,1.05259579900435,1.05039134691232
16.2568935724,0.737068803703948,0.568044775478398,0.315617327901929,0.482195462028598,0.421451475802019,0.0858493134498001,1.05268613160588,1.050240237507
16.2624268922,0.737052444276031,0.567953895822469,0.315723932627288,0.482133201044101,0.421328511648743,0.0858206947783687,1.05277637690332,1.05008709686657
16.267960212,0.737036089775911,0.567862931179366,0.315830440371954,0.482069286813954,0.421205649403956,0.0857936443654122,1.05286653014787,1.04993221799332
16.2734935318,0.737019742105638,0.567771681045882,0.315936844240059,0.482004211721825,0.421082897865578,0.085767469324057,1.0529565863457,1.04977589276771
16.2790268516,0.737003352561987,0.567679945642255,0.316043059677237,0.481938466219002,0.42096029288475,0.085741479423253,1.05304641223922,1.04961841186126
16.2845601714,0.736986880512945,0.567587525985567,0.316149014307746,0.481872543511251,0.420837866205198,0.0857149824743166,1.05313589482069,1.04946006949682
16.2900934912,0.736970327501523,0.56749422247405,0.316254700691613,0.481806934997905,0.42071562680991,0.0856872874761445,1.05322502819314,1.04930115747196
16.295626811,0.736953695009057,0.567399835436555,0.316360111215766,0.481742131055527,0.42059358379329,0.0856577043810276,1.05331380622482,1.04914196649208
16.3011601308,0.736936984444638,0.567304165314671,0.316465238007258,0.481678624555458,0.42047174643738,0.0856255407592127,1.0534022224519,1.04898278987013
16.3066934506,0.736920197234538,0.567207011938904,0.316570073228218,0.481616908602474,0.42035012400632,0.0855901033364301,1.05349027046276,1.04882392054138
16.3122267704,0.736903334915372,0.5671081768914,0.316674609475591,0.481557472327509,0.420228725439781,0.0855507045638915,1.05357794439096,1.04866564921891
16.3177600902,0.7368863989429,0.567007460876703,0.316778839051019,0.481500806754878,0.420107559891881,0.0855066541218251,1.05366523799392,1.04850826763158
16.32329341,0.736869390664663,0.566904661551299,0.316882753762615,0.4814474091515,0.419986636902048,0.085457252399799,1.05375214442728,1.0483520707028
16.3288267298,0.736852311640913,0.566799581936109,0.316986346341769,0.481397766452563,0.419865965299144,0.085401815483546,1.05383865798268,1.04819734838867
16.3343600496,0.736835163335835,0.566692023007392,0.317089609124776,0.481352369344741,0.41974555421106,0.085339653662651,1.05392477246061,1.04804439235213
16.3398933694,0.736817947151878,0.566581783247669,0.317192534133414,0.481311713165123,0.419625413018463,0.0852700700825457,1.05401048128529,1.04789349641279
16.3454266892,0.73680066454566,0.566468662656185,0.317295113634407,0.481276290205617,0.419505550911254,0.0851923724505689,1.05409577818007,1.0477449528618
16.350960009,0.736783317030093,0.5663524643597,0.317397340211131,0.481246587712021,0.419385976818962,0.0851058766476788,1.05418065724122,1.04759905207172
16.3564933288,0.736765906056162,0.566232988964447,0.31749920613385,0.481223097458349,0.419266699922313,0.085009891506098,1.05426511219001,1.0474560864228
16.3620266486,0.736748432989594,0.566110138576979,0.317600703138632,0.481206139641534,0.419147729850962,0.0849039989354453,1.05434913612823,1.04731627821851
16.3675599684,0.736730899385653,0.565986121389979,0.317701824090851,0.481192150917466,0.419029075294802,0.0847939704725136,1.0544327234765,1.04717827230744
16.3730932882,0.736713306700102,0.565861920549247,0.317802561289992,0.481179633097443,0.41891074541011,0.0846822874518035,1.05451586799009,1.04704155364669
16.378626608,0.736695656332694,0.565737577168758,0.317902906638243,0.481168671334586,0.418792749694451,0.0845689058341723,1.05459856297094,1.04690624850334
16.3841599278,0.736677949762496,0.56561313353343,0.318002852555393,0.481159349908221,0.418675097207103,0.0844537836252094,1.05468080231789,1.04677248344165
16.3896932476,0.736660188482666,0.56548863263688,0.318102391597445,0.481151753351164,0.418557796885221,0.0843368792857166,1.05476258008011,1.04664038598804
16.3952265674,0.73664237393494,0.565364116519082,0.318201515952987,0.481145966687225,0.418440857981953,0.0842181498318567,1.05484388988793,1.04651008320631
16.4007598872,0.736624507520602,0.565239626238145,0.318300217445402,0.481142075391074,0.4183242900752,0.0840975508470708,1.054924724966,1.04638170162922
16.406293207,0.736606590768608,0.565115204849732,0.318398488950815,0.481140162691963,0.418208101817793,0.0839750421577687,1.05500507971942,1.0462553675417
16.4118265268,0.736588625134721,0.564990895562485,0.318496322776625,0.481140314522387,0.418092302358096,0.0838505810400982,1.05508494791135,1.04613121008487
16.4173598466,0.73657061201995,0.56486673872795,0.318593710692828,0.481142615793318,0.417976901327122,0.0837241229346322,1.05516432271278,1.04600935452127
16.4228931664,0.736552402304419,0.564742776922721,0.318690866129505,0.481147150324626,0.417861536174914,0.0835956265980956,1.05524326843392,1.04588992724735
16.4284264862,0.736533810215948,0.56461905359581,0.318788056123142,0.481154003465322,0.417745754092806,0.0834650501304882,1.05532186633909,1.04577305706113
16.433959806,0.736514838127747,0.564495610226673,0.31888527139793,0.481163260095836,0.417629566729817,0.0833323501308378,1.05540010952568,1.04565887032251
16.4394931258,0.736495489086155,0.564372477519158,0.318982501544362,0.481174992851904,0.417512987541793,0.0831974846672532,1.05547799063052,1.04554747037106
16.4450264456,0.73647576684936,0.564249007806456,0.319079736134454,0.481188460886049,0.417396030714906,0.0830605469204068,1.05555550298381,1.0454374686925
16.4505597654,0.736455674726855,0.564124785355461,0.319176964770377,0.481203202465711,0.417278709956478,0.08292158288975,1.05563263949723,1.04532798782117
16.4560930852,0.7364352155252,0.563999804930387,0.319274177018136,0.481219248758024,0.417161038507064,0.0827805561723626,1.05570939254334,1.04521905368841
16.461626405,0.736414392971566,0.563874063034279,0.319371362480297,0.481236627494873,0.417043030491269,0.0826374355394057,1.05578575545186,1.04511069052915
16.4671597248,0.736393210471363,0.56374755555846,0.319468510765626,0.481255367515109,0.416924699705738,0.082492188043351,1.05586172123699,1.04500292307357
16.4726930446,0.736371671101528,0.563620277742553,0.319565611441543,0.481275499001086,0.416806059659985,0.0823447787414669,1.05593728254307,1.04489577674364
16.4782263644,0.736349778062539,0.563492225026129,0.319662654072245,0.481297051683411,0.416687123990294,0.0821951733427175,1.05601243213478,1.04478927670954
16.4837596842,0.736327535016124,0.563363393882912,0.319759628312965,0.481320053397594,0.41656790670316,0.0820433404853179,1.05608716332909,1.04468344728051
16.489293004,0.736304945271776,0.563233780053683,0.319856523773325,0.481344533387423,0.416448421498451,0.08188924666626,1.0561614690451,1.04457831344111
16.4948263238,0.736282011602255,0.563103377950067,0.319953329907829,0.481370523225757,0.416328681694425,0.0817328547243097,1.05623534151008,1.04447390117582
16.5003596436,0.736258737841112,0.562972184488935,0.320050036446951,0.481398049926643,0.416208701394161,0.0815741345622925,1.05630877428806,1.04437023441558
16.5058929634,0.736235127321178,0.562840195509271,0.320146633012026,0.481427142689704,0.416088494309152,0.0814130528195671,1.0563817603332,1.04426733819898
16.5114262832,0.736211183070688,0.562707405959144,0.32024310910926,0.481457832019998,0.415968073961427,0.0812495739391455,1.05645429217995,1.04416523797914
16.516959603,0.736186908426301,0.562573811565999,0.32033945434078,0.481490147088041,0.415847454085521,0.0810836644779576,1.05652636276708,1.04406395865404
16.5224929228,0.736162306962265,0.562439408770514,0.320435658424928,0.48152411595732,0.415726648537338,0.0809152928131939,1.05659796538719,1.04396352472783
16.5280262426,0.736137381947812,0.562303935968684,0.32053171096685,0.481560196181427,0.415605670980962,0.0807437397872569,1.05666909291466,1.04386413215011
16.5335595624,0.736112136251665,0.562165567973643,0.320627601351259,0.481601404879608,0.415484534900406,0.0805641630940355,1.05673973760292,1.04376697285325
16.5390928822,0.736086573675013,0.562024118180472,0.320723319440848,0.481648051736953,0.415363254234165,0.080376066443519,1.05680989311586,1.04367216991742
16.544626202,0.736060697527346,0.561879790000497,0.320818854871066,0.481699817010805,0.41524184265628,0.0801799729896917,1.05687955239841,1.0435796070113
16.5501595218,0.73603451079718,0.561732783827618,0.320914197068445,0.481756385142386,0.415120313728735,0.0799763986852317,1.05694870786563,1.04348916897
16.5556928416,0.736008016939395,0.561583304569785,0.321009335739434,0.481817433403305,0.414998681199961,0.0797658711664794,1.05701735267883,1.04340073797309
16.5612261614,0.735981219449738,0.561431557256812,0.321104260647571,0.48188263921576,0.414876958802168,0.0795489180410524,1.05708548009731,1.04331419647257
16.5667594812,0.73595412154282,0.561277744485035,0.321198961369915,0.48195168373188,0.414755160172905,0.0793260607531553,1.05715308291274,1.04322942821691
16.572292801,0.735926726235386,0.56112206777293,0.321293427306976,0.482024249686825,0.41463329892841,0.0790978180861045,1.05722015354236,1.04314631745976
16.5778261208,0.735899037235224,0.560964733299356,0.321387648418451,0.482100012336332,0.414511388816773,0.0788647209630242,1.05728668565367,1.04306474563569
16.5833594406,0.735871057851824,0.560805944510516,0.321481614371524,0.482178652022451,0.4143894434803,0.0786272924880658,1.05735267222335,1.04298459653297
16.5888927604,0.735842792626213,0.560645902927319,0.321575314391791,0.482259851122521,0.414267478234422,0.0783860518047982,1.057418107018,1.04290575404984
16.5944260802,0.735814442343547,0.560484813359194,0.321668725258518,0.482343287107509,0.414145717085029,0.078141526251685,1.05748316760206,1.0428281004667
16.5999594,0.735786151919075,0.560322879831453,0.32176182731903,0.482428639366138,0.414024324600045,0.0778942404653153,1.05754797923811,1.04275151919759
16.6054927198,0.735757927340526,0.560160305171519,0.321854609849269,0.482515588426587,0.413903317491257,0.0776447167449313,1.0576125371898,1.04267589359811
16.6110260396,0.735729774615844,0.559997292549588,0.321947062069241,0.482603814228007,0.413782712546603,0.0773934783215809,1.05767683668509,1.04260110677759
16.6165593594,0.735701699621293,0.559834046224985,0.322039173789975,0.482692995416943,0.413662525831318,0.0771410508080416,1.05774087341127,1.04252704164193
16.6220926792,0.735673708307792,0.559670769634519,0.322130934461679,0.48278281232169,0.413542773846113,0.0768879573128292,1.05780464276947,1.04245358195621
16.627625999,0.735645806763087,0.559507665977592,0.322222333002525,0.48287294435046,0.413423473760562,0.0766347216271328,1.05786813976561,1.04238061032805
16.6331593188,0.735618000839544,0.559344938906414,0.322313359288649,0.482963070933607,0.413304641550895,0.0763818679728064,1.05793136012819,1.04230800984002
16.6386926386,0.735590296468988,0.559182791993277,0.322404002852492,0.483052872537878,0.413186293616497,0.0761299194553997,1.05799429932148,1.04223566453116
16.6442259584,0.735562699682504,0.559021428781775,0.322494252865433,0.483142028108116,0.413068446817071,0.0758794006736591,1.05805695254794,1.04216345688989
16.6497592782,0.735535216471056,0.558861053057256,0.322584098668256,0.483230216599063,0.4129511178028,0.0756308364581936,1.05811931513931,1.04209126965632
16.655292598,0.735507852684531,0.558701867710998,0.322673530091737,0.4833171191847,0.412834322592794,0.0753847485262985,1.05818138277627,1.0420189868957
16.6608259178,0.73548061427385,0.558544076126145,0.322762536598703,0.483402416139708,0.412718077675148,0.0751416599864372,1.05824315087255,1.04194649226585
16.6663592376,0.735453507413054,0.558387883732078,0.322851106927906,0.483485783056463,0.412602400485148,0.0749021006756149,1.05830461434096,1.04187366678854
16.6718925574,0.735426537851648,0.558233505286246,0.322939231229953,0.483566919045578,0.412487306621696,0.0746665862406672,1.0583657690816,1.04180042433182
16.6774258772,0.735399711538023,0.558081490353862,0.323026898982306,0.483645917743146,0.412372812555717,0.0744355726107154,1.05842661052033,1.04172740809701
16.682959197,0.735373034562766,0.557932162243278,0.323114099225652,0.483722597171368,0.412258935337114,0.0742095650719101,1.05848713378842,1.04165475941465
16.6884925168,0.735346512867566,0.557785679194767,0.323200821481466,0.483796583339015,0.4121456913861,0.073989095855752,1.05854733434903,1.04158226253378
16.6940258366,0.735320152292082,0.557642198498716,0.323287055574373,0.483867505723173,0.412033096717709,0.0737746927755437,1.05860720786646,1.04150970422189
16.6995591564,0.735293958817418,0.557501878772552,0.323372790893793,0.483934989933262,0.411921167923625,0.0735668888392896,1.05866674971121,1.04143686870581
16.7050924762,0.73526793862951,0.557364275090935,0.323458016240459,0.483999676092039,0.411809922389051,0.0733645989988962,1.05872595486997,1.04136395118297
16.710625796,0.735242097433256,0.557226555041124,0.323542721833005,0.484066225936539,0.411699375600251,0.0731603291045846,1.05878481926626,1.04129278097766
16.7161591158,0.735216441179575,0.557088434982467,0.32362689715763,0.484135011976695,0.411589544021945,0.0729534230057716,1.05884333833721,1.04122344695916
16.7216924356,0.735190976034708,0.55695002915702,0.323710531099296,0.484205731808544,0.411480444935412,0.0727442973484755,1.058901507134,1.04115576096556
16.7272257554,0.73516570785877,0.556811454225678,0.323793613421101,0.484278081729535,0.411372094437669,0.0725333724961432,1.05895932127987,1.04108953595521
16.7327590752,0.735140642497342,0.55667282692899,0.323876133916704,0.484351759063468,0.411264508580638,0.0723210678655213,1.05901677641405,1.04102458599246
16.738292395,0.735115785980386,0.556534262868409,0.323958081869122,0.484426461216268,0.411157704111264,0.0721078016521407,1.05907386784951,1.04096072408468
16.7438257148,0.735091144465851,0.556395877769609,0.324039446227708,0.484501885151874,0.411051698238144,0.0718939926177352,1.05913059069356,1.04089776292148
16.7493590346,0.735066723637763,0.55625778804282,0.324120217229544,0.484577727859801,0.41094650640822,0.0716800601830187,1.05918694086731,1.04083551590262
16.7548923544,0.735042529447042,0.556120109854557,0.324200384382413,0.484653687244269,0.410842145064629,0.0714664226102885,1.05924291382946,1.04077379709883
16.7604256742,0.735018568151726,0.555982959172997,0.324279936391639,0.484729459365581,0.410738631760087,0.0712534998074154,1.05929850454337,1.04071241853858
16.765958994,0.734994845791246,0.555846451945922,0.324358862894536,0.484804741771626,0.41063598289671,0.0710417101742963,1.05935370868578,1.04065119371755
16.7714923138,0.734971471283689,0.55571070415103,0.324437002729616,0.484879232446711,0.410534468554073,0.070831471704319,1.0594084740133,1.04058993659774
16.7770256336,0.734948523568986,0.555575831969701,0.324514238402281,0.484952627880638,0.410434285166705,0.0706232040890631,1.05946276197127,1.04052845985034
16.7825589534,0.734925985345486,0.555441951998434,0.324590593366014,0.485024624212954,0.410335391979473,0.0704173277854803,1.0595165787115,1.04046657621139
16.7880922732,0.7349038386735,0.555309179362823,0.324666092463603,0.48509492045884,0.410237746209897,0.0702142589039831,1.0595699311371,1.04040409982166
16.793625593,0.734882066075473,0.555177451921152,0.324740759557067,0.485163127193234,0.410141306518406,0.0700143247279186,1.05962282563254,1.04034057911439
16.7991589128,0.734860650576767,0.555046706703181,0.324814617343033,0.485228849744249,0.410046033233734,0.0698178569589322,1.0596752679198,1.04027555644743
16.8046922326,0.734839574199146,0.554917080885899,0.324887690791206,0.48529179953779,0.40995188340794,0.0696252813481086,1.05972726499035,1.04020888042369
16.8102255524,0.734818819406495,0.554788712661623,0.324960003894794,0.485351685569142,0.409858815511701,0.0694370270924813,1.05977882330129,1.04014039823077
16.8157588722,0.734798368937934,0.554661741807683,0.325031579973144,0.485408213992235,0.40976678896479,0.069253527815448,1.05982994891108,1.04006995579992
16.821292192,0.734778205313473,0.554536307483118,0.32510244284399,0.485461092552041,0.409675762469483,0.0690752149310772,1.05988064815746,1.03999740003516
16.8268255118,0.734758310784992,0.554412546706213,0.325172617021142,0.485510032730176,0.40958569376385,0.0689025139760367,1.05993092780613,1.03992257943639
16.8323588316,0.734738667881831,0.554290597880471,0.325242126341001,0.485554742984978,0.40949654154083,0.0687358548954929,1.05998079422283,1.03984534086545
16.8378921514,0.734719259469326,0.55417060348012,0.325310993675892,0.485594925216004,0.409408265793433,0.0685756782641153,1.06003025314522,1.03976552869612
16.8434254712,0.734700067663809,0.554052698715676,0.325379243954648,0.485630294628602,0.409320823709161,0.0684224040870738,1.06007931161846,1.03968299334428
16.848958791,0.734681074987728,0.553937021515734,0.325446901027182,0.485660559320383,0.409234173960547,0.068276462195351,1.06012797601491,1.03959758083612
16.8544921108,0.73466226411955,0.553823713565478,0.325513988221065,0.485685423641796,0.409148275898485,0.0681382899236821,1.06017625234061,1.03950913720727
16.8600254306,0.734643617495794,0.553712913104485,0.325580529580684,0.48570459709515,0.40906308791511,0.0680083160093342,1.06022414707648,1.03941751019964
16.8655587504,0.734625117512483,0.553604756328761,0.325646549347161,0.485717791443006,0.408978568165322,0.0678869648857551,1.06027166685964,1.03932254777177
16.8710920702,0.734606746716992,0.553499735662697,0.32571207125475,0.485724119541198,0.408894675462241,0.0677756161214988,1.06031881797174,1.03922385520389
16.87662539,0.73458848773379,0.553398622689208,0.325777118613338,0.48572222564556,0.408811369120452,0.0676763970436475,1.06036560634713,1.03912084833477
16.8821587098,0.734570322902044,0.553301164695894,0.32584171596891,0.485712477154753,0.408728606933133,0.0675886875411409,1.06041203887095,1.03901364185065
16.8876920296,0.734552234744199,0.553207072756494,0.325905887153577,0.485695299643289,0.408646347590621,0.0675117731132057,1.06045812189778,1.03890237239978
16.8932253494,0.734534205830644,0.55311606364743,0.32596965556031,0.485671114100827,0.408564550270334,0.0674449495466027,1.06050386139095,1.03878717774826
16.8987586692,0.734516218609257,0.553027846447735,0.326033045324037,0.48564035205147,0.40848317328522,0.0673874943962646,1.06054926393329,1.0386681984992
16.904291989,0.734498255572782,0.552942146762603,0.326096080470891,0.485603461640176,0.40840217510189,0.0673386851224269,1.06059433604367,1.03854560840278
16.9098253088,0.734480299239201,0.552859068011904,0.326158784690795,0.485561334500668,0.408321514548405,0.0672977335112356,1.06063908393,1.03842040251257
16.9153586286,0.734462332086968,0.552778518550522,0.326221181595607,0.48551462748819,0.408241150491361,0.0672638910623315,1.06068351368258,1.03829314603871
16.9208919484,0.734444336630657,0.552700243022744,0.326283295406814,0.485463816441883,0.408161041223843,0.0672364265808612,1.06072763203747,1.03816405946463
16.9264252682,0.734426295392714,0.552623989564537,0.326345149932656,0.485409371050495,0.408081145460058,0.0672146185140419,1.06077144532537,1.03803336061503
16.931958588,0.734408190788023,0.552549508995201,0.326406768690019,0.485351758106552,0.408001422098004,0.0671977508886491,1.06081495947804,1.03790126710175
16.9374919078,0.734390005370671,0.55247654715483,0.326468175769779,0.485291451345007,0.407921829600892,0.0671850958098227,1.06085818114045,1.03776799849984
16.9430252276,0.734371721682697,0.552404851544882,0.326529395042144,0.485228921162328,0.407842326640553,0.0671759303825538,1.06090111672484,1.03763377270721
16.9485585474,0.734353322165267,0.552334171196742,0.326590450211876,0.485164636748658,0.407762871953391,0.0671695344480839,1.06094377237714,1.0374988079454
16.9540918672,0.73433478924567,0.552264254347182,0.326651365058706,0.485099068399617,0.407683424186964,0.0671651859475647,1.06098615430438,1.0373633227468
16.959625187,0.734316105566459,0.552194847996631,0.326712163539352,0.485032687174772,0.407603942027107,0.0671621608218587,1.06102826910581,1.0372275351714
16.9651585068,0.734297253650082,0.552125700345701,0.326772869433517,0.484965962449832,0.407524384216565,0.0671597378958695,1.0610701230836,1.03709166279553
16.9706918266,0.734278215708497,0.552056559821677,0.326833506441862,0.484899365151632,0.407444709266635,0.0671571946700452,1.06111172215036,1.03695592497331
16.9762251464,0.734258974496846,0.55198717404791,0.326894098478134,0.4848333650261,0.407364876018712,0.0671538090218105,1.06115307297498,1.03682053907401
16.9817584662,0.734239512559037,0.551917291065959,0.32695466931705,0.484768431092402,0.407284843241987,0.0671488599735566,1.06119418187609,1.03668572215836
16.987291786,0.734219812212,0.551846658747543,0.327015242738721,0.48470503470271,0.40720456947328,0.0671416240448331,1.06123505495072,1.03655169345025
16.9928251058,0.734199855926702,0.551775024818382,0.327075842558173,0.484643646392761,0.407124013368529,0.0671313784256211,1.06127569848488,1.03641867121114
16.9983584256,0.734179626426257,0.551702137952128,0.327136492528452,0.484584733774265,0.407043133897805,0.0671174041778629,1.06131611895471,1.03628687172639
17.0038917454,0.734159106209024,0.551627746294004,0.327197216404835,0.484528766276012,0.406961889804189,0.067098980017992,1.06135632261386,1.03615651257002
17.0094250652,0.734138277308874,0.551551595565506,0.327258038110862,0.484476219481745,0.406880239198012,0.0670753760837602,1.06139631541974,1.03602781504725
17.014958385,0.734117122704588,0.55147343616692,0.327318981273721,0.484427557574013,0.406798141430866,0.0670458785929074,1.06143610397831,1.03590099374093
17.0204917048,0.73409562491861,0.551393016120036,0.327380069627062,0.484383249333008,0.406715555291548,0.067009766787028,1.06147569454567,1.03577626545304
17.0260250246,0.734073766096207,0.551310081458506,0.327441327088208,0.484343769722503,0.406632439007999,0.0669663117360026,1.06151509318441,1.03565385118101
17.0315583444,0.734051528846874,0.551224380758324,0.327502777376448,0.484309587159171,0.406548751470426,0.0669147935991533,1.06155430622332,1.03553396791749
17.0370916642,0.73402889592686,0.551135663683436,0.327564444103617,0.484281167299326,0.406464451823244,0.06685449638411,1.06159334003048,1.03541683098276
17.042624984,0.734005849741547,0.55104367766661,0.327626351054781,0.484258981184021,0.406379498686765,0.0667846964825883,1.06163220079633,1.03530265885063
17.0481583038,0.733982372305962,0.550950239322808,0.327688522270783,0.484240021072384,0.406293850035179,0.0667102182504244,1.06167089457674,1.03519026039519
17.0536916236,0.733958446710706,0.550858710626135,0.327750981130423,0.484218676342333,0.406207465580283,0.0666400342838022,1.06170942784113,1.03507738696847
17.0592249434,0.733934055478226,0.550769009495628,0.327813751333398,0.484195130421242,0.406120304144828,0.0665738790743857,1.06174780681162,1.03496413991687
17.0647582632,0.733909180534697,0.550680994790555,0.327876856997464,0.484169669377934,0.406032323537233,0.0665113254126209,1.06178603753216,1.03485066416849
17.070291583,0.733883804722994,0.550594628774046,0.327940321616718,0.484142634301533,0.405943483106277,0.0664519944725129,1.06182412633971,1.03473726307558
17.0758249028,0.733857910785077,0.550510401453205,0.328004168725617,0.484114619366134,0.40585374205946,0.0663957820870711,1.06186207951069,1.03462502081934
17.0813582226,0.733831480985924,0.55042820077637,0.328068422202927,0.484085926569999,0.405763058782997,0.0663422742063712,1.06189990318885,1.03451412734637
17.0868915424,0.73380449741657,0.550347793826398,0.32813310607782,0.484056800060137,0.40567139133875,0.066290993766261,1.06193760349439,1.03440459388653
17.0924248622,0.73377694323201,0.550268943967011,0.328198243545237,0.48402748398435,0.405578699686774,0.0662414599826618,1.06197518677725,1.03429642795136
17.097958182,0.733748800954692,0.550191417058157,0.328263858271153,0.483998221863704,0.405484942683538,0.0661931951944536,1.06201265922585,1.03418963892186
17.1034915018,0.733720052244278,0.55011498084335,0.328329974638365,0.483969258831231,0.405390077605913,0.0661457220121184,1.06205002688264,1.03408423967458
17.1090248216,0.733690680271871,0.550039399488528,0.328396615787906,0.483940838554475,0.405294064483965,0.0660985609340529,1.06208729605978,1.033980238043
17.1145581414,0.73366067275781,0.54996443845562,0.32846379788852,0.483913204438031,0.40519687486929,0.0660512340175891,1.06212447064633,1.03387764289365
17.1200914612,0.7336303305524,0.549889864186738,0.328531079915494,0.48388660154574,0.405099250636906,0.0660032626409979,1.06216141046789,1.03377646573248
17.125624781,0.733599837397101,0.54981544238207,0.328598191927534,0.48386127490109,0.405001645469568,0.06595416748098,1.06219802932464,1.03367671728316
17.1311581008,0.733569187869296,0.549740938407493,0.328665140513601,0.483837467045488,0.404904047355695,0.065903471362005,1.0622343283829,1.03357840545298
17.1366914206,0.733538376403002,0.549666107356115,0.328731932086238,0.483815408790554,0.404806444316764,0.0658506985655603,1.06227030848924,1.03348151614667
17.1422247404,0.733507397159104,0.549590578591503,0.328798572825008,0.483795185222854,0.404708824334096,0.0657953933686491,1.06230596998411,1.03338576381436
17.1477580602,0.733476244815621,0.54951409142093,0.328865069387675,0.483777005130428,0.404611175427946,0.0657370862905017,1.0623413142033,1.03329109655136
17.15329138,0.733444913817768,0.549436430107234,0.328931428199169,0.483761134209283,0.4045134856186,0.0656752958979508,1.06237634201694,1.03319756431652
17.1588246998,0.733413398437721,0.549357378764831,0.328997655564871,0.483747842233051,0.40441574287285,0.0656095365317805,1.06241105400259,1.03310522099788
17.1643580196,0.733381693107273,0.549276721691479,0.329063757924025,0.483737396145637,0.404317935183248,0.0655393255458425,1.0624454510313,1.03301411783712
17.1698913394,0.733349792406572,0.549194244248119,0.329129741800381,0.483730059812018,0.404220050606191,0.0654641844361016,1.06247953420695,1.03292430406014
17.1754246592,0.733317690743437,0.549109730905981,0.329195613597317,0.483726100210703,0.40412207714612,0.0653836306952776,1.06251330434075,1.03283583111668
17.180957979,0.733285382254736,0.549022963486814,0.329261379591016,0.483725790081468,0.40402400266372,0.065297173405346,1.06254676184575,1.03274875356828
17.1864912988,0.733252861679899,0.548933729391433,0.329327046376225,0.483729390268894,0.403925815303674,0.0652043391225383,1.06257990805612,1.03266311966033
17.1920246186,0.733220123452946,0.548841813013832,0.329392620372178,0.483737166864284,0.403827503080768,0.0651046461495473,1.06261274382512,1.03257897987812
17.1975579384,0.733187161768497,0.548746996419596,0.329458107910388,0.483749391992268,0.403729053858109,0.0649976044273279,1.06264526967888,1.03249638841186
17.2030912582,0.733153971148236,0.54864906502875,0.329523515465848,0.483766330577836,0.403630455682388,0.0648827344509145,1.06267748661408,1.03241539560659
17.208624578,0.733120546159977,0.548547805041273,0.329588849513965,0.483788246120426,0.403531696646012,0.064759558920847,1.06270939567394,1.0323360511617
17.2141578978,0.733086881159041,0.548443000102489,0.329654116455524,0.48381540700406,0.403432764703517,0.0646275930984284,1.06274099761456,1.03225840710655
17.2196912176,0.733052970322069,0.548334429936128,0.329719322659463,0.483848087740554,0.403333647662606,0.0644863421955734,1.06277229298153,1.03218251767668
17.2252245374,0.733018808401215,0.54822140228132,0.329784474643454,0.483887357546688,0.403234333757761,0.0643340447346313,1.06280328304467,1.03210875982801
17.2307578572,0.732984385382209,0.548103550816816,0.329849579199749,0.483933736776027,0.40313480618246,0.0641698140407886,1.06283396458196,1.03203728759284
17.236291177,0.73294962508273,0.547981072591002,0.329914648546938,0.483986797447108,0.403034976535792,0.0639942751438936,1.06286427362967,1.03196787003811
17.2418244968,0.732914501977413,0.547854174056181,0.329979690889001,0.484046096908493,0.402934811088412,0.0638080771476877,1.06289419286641,1.03190027096467
17.2473578166,0.732879016060625,0.547723059316996,0.330044712275833,0.484111196217936,0.402834303784793,0.0636118630990605,1.06292372833646,1.03183425553493
17.2528911364,0.732843166992975,0.54758792877207,0.330109718731647,0.484181661740159,0.402733448261328,0.0634062670319105,1.06295288572462,1.03176959051223
17.2584244562,0.732806954397319,0.547448982774995,0.330174716288547,0.484257059242827,0.402632238108772,0.0631919235321682,1.06298167068587,1.03170604201782
17.263957776,0.732770378531765,0.547306428139885,0.330239710994269,0.484336946225889,0.402530667537496,0.0629694819139955,1.06301008952603,1.03164337436577
17.2694910958,0.732733439243667,0.547160467219436,0.330304708870464,0.484420886251607,0.402428730373203,0.0627395809678292,1.06303814811413,1.03158135347104
17.2750244156,0.73269613585876,0.547011297886688,0.330369715948657,0.484508447157292,0.402326419910103,0.0625028507293965,1.06306585180742,1.03151974504398
17.2805577354,0.732658468668513,0.546859126741647,0.330434738249625,0.484599187084334,0.402223730418887,0.0622599396573125,1.06309320691814,1.03145831382598
17.2860910552,0.732620437597296,0.546704156898941,0.330499781783203,0.484692668678342,0.402120655814092,0.0620114882205992,1.0631202193805,1.03139682557728
17.291624375,0.732582042234625,0.546546588820028,0.330564852575267,0.48478845626279,0.402017189659358,0.0617581325572377,1.06314689480989,1.03133504508282
17.2971576948,0.732543282343757,0.5463866246148,0.330629956648264,0.484886112235927,0.401913325695492,0.0615005123788728,1.06317323899202,1.03127273685073
17.3026910146,0.732504158113493,0.546224469196608,0.330695099980587,0.484985197698844,0.401809058132906,0.0612392714977636,1.06319925809408,1.03120966689545
17.3082243344,0.732464669391189,0.546060324968236,0.330760288566387,0.485085275757562,0.401704380824802,0.0609750492106741,1.06322495795758,1.0311456007258
17.3137576542,0.732424815430382,0.545894391176285,0.330825528477915,0.485185908992408,0.401599286952467,0.060708482183877,1.0632503439083,1.03108030016869
17.319290974,0.732384596665145,0.545726873569044,0.33089082563775,0.485286658996526,0.401493771027394,0.0604402145725184,1.0632754223029,1.03101353256557
17.3248242938,0.732344012949441,0.545557974820039,0.33095618602574,0.485387089047239,0.401387826923701,0.0601708857728007,1.06330019897518,1.03094506386728
17.3303576136,0.732303063801276,0.545387895854868,0.331021615679521,0.485486760350941,0.401281448121754,0.059901135503927,1.0633246794808,1.03087465620581
17.3358909334,0.732261749125137,0.545216839589509,0.331087120574162,0.485585234827214,0.401174628550975,0.0596316047622951,1.0633488696993,1.03080207441672
17.3414242532,0.732220069040106,0.545045009585455,0.331152706629305,0.485682076397216,0.401067362410801,0.059362933188239,1.06337277566941,1.03072708598267
17.346957573,0.732178023329324,0.544872608188232,0.331218379821351,0.485776847602451,0.400959643507973,0.0590957605857808,1.06339640315068,1.03064945579068
17.3524908928,0.732135611366357,0.544700471657386,0.331284146228485,0.485869415213334,0.400851465137872,0.0588310564440513,1.06341975759484,1.03056988687072
17.3580242126,0.732092833536071,0.544529279603187,0.3313500116836,0.485959435045378,0.400742821852471,0.0585698445578087,1.06344284521967,1.03048871464857
17.3635575324,0.732049689685821,0.544359134760052,0.33141598213251,0.486046298829516,0.400633707553311,0.0583128359305362,1.06346567181833,1.03040543358957
17.3690908522,0.73200617926169,0.544190301803356,0.331482063635702,0.486129585566476,0.400524115625988,0.0580607162368795,1.06348824289739,1.03031988736983
17.374624172,0.731962302310222,0.544023043414149,0.33154826208434,0.48620887953741,0.400414040225883,0.057814163876739,1.06351056439456,1.03023192295156
17.3801574918,0.731918058880365,0.543857621693085,0.331614583350917,0.486283765947046,0.400303475529448,0.0575738557460397,1.06353264223128,1.03014138764013
17.3856908116,0.731873448684023,0.543694300394188,0.331681033406508,0.486353826186765,0.400192415277515,0.0573404742074227,1.06355448209053,1.03004812658095
17.3912241314,0.731828471235446,0.543533345055599,0.33174761829658,0.486418638024652,0.400080852938867,0.0571147070309466,1.06357608953203,1.02995198308025
17.3967574512,0.731783126850054,0.54337494357613,0.331814343778913,0.486477912549344,0.39996878307114,0.0568970310267868,1.06359747062897,1.02985285612547
17.402290771,0.7317374153752,0.543216980761535,0.331881215760625,0.486535235437972,0.399856199614575,0.0566817453235631,1.06361863113582,1.02975221619951
17.4078240908,0.731691336184629,0.543058371192191,0.331948240337112,0.486592457732927,0.399743095847517,0.0564659134592641,1.06363957652174,1.02965082892512
17.4133574106,0.731644889467774,0.542899139001953,0.332015423280331,0.486649565705498,0.399629466187443,0.0562495732964549,1.0636603127481,1.02954870470745
17.4188907304,0.731598075203032,0.542739307933876,0.332082770428222,0.486706545633171,0.399515304774809,0.0560327623007045,1.06368084563125,1.02944585356705
17.4244240502,0.731550893959263,0.542578901162181,0.332150289192531,0.486763383641742,0.399400604766733,0.0558155175204396,1.06370118315179,1.02934228480392
17.42995737,0.731503351804489,0.542417941918735,0.332217995450134,0.48682006581852,0.399285356354355,0.0555978761002145,1.06372134725462,1.02923800773725
17.4354906898,0.73145544981144,0.542256454350636,0.332285896176531,0.4868765785879,0.399169553634909,0.0553798757627358,1.06374134598797,1.02913303293854
17.4410240096,0.731407186412759,0.542094461984134,0.332353997861995,0.486932908227526,0.399053188550764,0.0551615537566076,1.06376118427475,1.02902737021166
17.4465573294,0.731358509897618,0.541931987545151,0.332422379300266,0.486989040563008,0.398936130597353,0.0549429469821431,1.06378088919788,1.02892102810816
17.4520906492,0.731309399240503,0.54176905524182,0.332491075628623,0.48704496212418,0.398818323611881,0.0547240931176402,1.06380047486913,1.028814017366
17.457623969,0.731259864948498,0.541605688719523,0.3325600758154,0.48710065928469,0.398699789133098,0.0545050294348322,1.0638199407639,1.02870634800421
17.4631572888,0.731209917151341,0.541441911098927,0.332629369088158,0.487156118017197,0.398580548063183,0.0542857930817295,1.0638392862395,1.02859802911612
17.4686906086,0.731159566254764,0.541277745847297,0.332698944477576,0.487211324483792,0.398460621777187,0.0540664213635058,1.06385851073234,1.02848907033109
17.4742239284,0.731108823060655,0.541113216908285,0.332768790750631,0.487266265267971,0.398340032310023,0.0538469516403142,1.06387761381129,1.02837948217626
17.4797572482,0.731057697992231,0.540948347797788,0.332838896934931,0.487320926673678,0.3982188010573,0.0536274211241097,1.06389659492716,1.02826927447147
17.485290568,0.731006200912588,0.540783161371362,0.332909252414518,0.487375294283538,0.398096948498071,0.0534078670878247,1.06391545332711,1.0281584556549
17.4908238878,0.730954342872774,0.540617681774628,0.332979845803104,0.487429354959336,0.397974497069669,0.0531883268152922,1.06393418867588,1.02804703673396
17.4963572076,0.730902134307364,0.540451932630818,0.333050666120995,0.487483095146903,0.397851468186369,0.0529688374839148,1.06395280042836,1.02793502777772
17.5018905274,0.730849585337523,0.54028593703174,0.333121702575819,0.487536500583587,0.397727882761704,0.0527494364481524,1.06397128791334,1.02782243761533
17.5074238472,0.730796706508401,0.540119718591617,0.333192944109775,0.487589557629799,0.397603762398626,0.0525301609618179,1.06398965061818,1.02770927622142
17.512957167,0.730743508491043,0.539953301114399,0.333264379598705,0.487642252992652,0.397479128892338,0.0523110481217475,1.06400788808975,1.02759555410705
17.5184904868,0.730690001653112,0.539786708046157,0.333335998099813,0.487694572881272,0.397354003553299,0.0520921351648843,1.06402599975292,1.02748128092743
17.5240238066,0.73063619609108,0.539619962536147,0.333407788809773,0.487746502875792,0.397228407281307,0.0518734596603549,1.06404398490085,1.02736646541194
17.5295571264,0.730582102678172,0.539453088478033,0.333479740500689,0.487798030016742,0.397102362177483,0.0516550584612911,1.06406184317886,1.02725111849477
17.5350904462,0.730527731848964,0.539286109533086,0.333551842193108,0.487849140834457,0.396975889655856,0.0514369686986291,1.06407957404207,1.02713525036754
17.540623766,0.730473093744358,0.539119048825944,0.333624083045043,0.48789982079313,0.396849010699315,0.0512192280328134,1.0640971767894,1.02701886961907
17.5461570858,0.730418198992298,0.538951930017016,0.333696451969974,0.487950056560282,0.396721747022324,0.0510018734567339,1.06411465096227,1.0269019865773
17.5516904056,0.730363058161297,0.538784776834302,0.333768937922919,0.487999834931292,0.396594120238378,0.0507849419030101,1.06413199608422,1.02678461176559
17.5572237254,0.730307681591779,0.538617612678733,0.333841529960993,0.48804914193837,0.396466151630786,0.0505684707403629,1.06414921155277,1.0266667546171
17.5627570452,0.730252079556965,0.538450394308752,0.333914217153265,0.488098075333857,0.3963378624037,0.0503523189748953,1.06416629671023,1.02654846964261
17.568290365,0.73019626278057,0.538282294035766,0.333986988400544,0.488148054802765,0.396209274380026,0.0501342392330011,1.06418325118111,1.02643034883853
17.5738236848,0.73014024169717,0.538113142926677,0.33405983272375,0.488199390856763,0.39608040897342,0.0499137520699141,1.06420007442092,1.02631253378344
17.5793570046,0.730084026495718,0.537943052666794,0.334132739201597,0.488251919773138,0.395951287294121,0.049691132893656,1.06421676569731,1.02619497243993
17.5848903244,0.730027627830326,0.537772138748686,0.334205696778607,0.488305476748419,0.395821931051719,0.0494666620002672,1.06423332460893,1.02607761549711
17.5904236442,0.729971056195289,0.537600719133275,0.334278694459291,0.488360141741681,0.395692361735998,0.0492405773915945,1.06424975065458,1.02596086087496
17.595956964,0.729914321932102,0.53742903739981,0.334351721270992,0.488415907094237,0.39556260066111,0.0490131303055724,1.06426604320309,1.02584494449405
17.6014902838,0.729857435434113,0.537257170470195,0.33442476621494,0.488472564692887,0.395432669219172,0.0487846057773085,1.06428220164905,1.02572973516308
17.6070236036,0.729800407303836,0.537085196516938,0.334497818290962,0.488529906666094,0.395302589012874,0.0485552898508439,1.0642982255948,1.02561510318303
17.6125569234,0.72974324797585,0.53691319292215,0.334570866520486,0.488587725655423,0.395172381455364,0.0483254672667264,1.06431411449634,1.02550091857757
17.6180902432,0.729685967715473,0.53674123602681,0.334643899873248,0.488645812928713,0.395042067842224,0.048095423098097,1.06432986758872,1.02538704895552
17.623623563,0.729628577146356,0.536569403665774,0.334716907384574,0.488703960866564,0.394911669761782,0.04786544279921,1.06434548453093,1.02527336453234
17.6291568828,0.729571086716888,0.53639758735547,0.334789878078786,0.488761872363027,0.394781208638102,0.0476357149924431,1.06436096479567,1.0251594597185
17.6346902026,0.729513506797953,0.536224842040336,0.334862800923778,0.488818844547242,0.394650705874175,0.0474059974930943,1.06437630772173,1.02504368658758
17.6402235224,0.729455847846393,0.536051141336138,0.334935664912703,0.488874619733998,0.39452018293369,0.0471765216021406,1.0643915127591,1.02492576107014
17.6457568422,0.729398120371841,0.535876627269166,0.335008459114727,0.488929023043169,0.394389661257115,0.0469476042259964,1.06440657948657,1.02480565031233
17.651290162,0.729340334805097,0.535701440503001,0.33508117254399,0.488981878127414,0.394259162261107,0.0467195623755869,1.06442150734909,1.02468331863042
17.6568234818,0.729282501527492,0.535525720834818,0.335153794055369,0.489033005483438,0.394128707472123,0.0464927153513803,1.06443629558286,1.02455872631826
17.6623568016,0.729224631064256,0.535349610347663,0.335226312810961,0.489082231739691,0.393998318253295,0.0462673786079721,1.06445094387522,1.02443184208735
17.6678901214,0.729166733849964,0.535173249884499,0.335298717833154,0.489129380848194,0.39386801601681,0.0460438690363049,1.06446545168312,1.02430263073269
17.6734234412,0.7291088203132,0.534996779982858,0.335370998000717,0.489174273911039,0.393737822312483,0.0458225060718186,1.06447981831392,1.0241710538939
17.678956761,0.729050900917676,0.534820341825812,0.335443142358494,0.489216735231681,0.393607758559182,0.0456036065941311,1.06449404327617,1.02403707705749
17.6844900808,0.728992986108456,0.534644076237284,0.33551514001531,0.489256590062625,0.393477846093146,0.0453874861746597,1.06450812612377,1.02390066629991
17.6900234006,0.72893508632706,0.534468124024597,0.335586979945707,0.489293661266835,0.393348106381353,0.0451744627577627,1.06452206627277,1.02376178529143
17.6955567204,0.728877212055647,0.534292626817678,0.335658650957379,0.489327769103761,0.393218561098268,0.0449648577139172,1.06453586301303,1.02362039592144
17.7010900402,0.728819373707897,0.534117724860319,0.335730142301609,0.489358741004792,0.393089231406288,0.0447589838555272,1.06454951600951,1.02347646586511
17.70662336,0.728761581718387,0.533943558672648,0.335801443001627,0.4893864003286,0.39296013871676,0.0445571583440475,1.06456302472001,1.02332995900125
17.7121566798,0.728703846601714,0.533770270567601,0.335872541817408,0.489410566698552,0.392831304784306,0.0443597038690489,1.06457638841912,1.02318083726615
17.7176899996,0.728646178771833,0.533598000874245,0.335943427905248,0.489431065802628,0.392702750866584,0.0441669350716179,1.06458960667708,1.02302906667687
17.7232233194,0.72858858863755,0.533426889596029,0.336014090383961,0.489447722286538,0.392574498253589,0.0439791673094905,1.06460267902151,1.02287461188257
17.7287566392,0.728531086679422,0.533257078319919,0.336084518158819,0.489460357801787,0.392446568520603,0.0437967205181322,1.06461560483824,1.02271743612171
17.734289959,0.728473683423807,0.533088709490802,0.336154700050105,0.489468792791863,0.392318983373703,0.0436199166989388,1.06462838347391,1.02255750228266
17.7398232788,0.72841638920115,0.532921894608074,0.336224625368612,0.489472900669481,0.392191763832538,0.0434489939385931,1.06464101456976,1.02239479527756
17.7453565986,0.728359214446028,0.532756531304574,0.336294283138555,0.489472912178032,0.392064931307473,0.0432836191265422,1.06465349758458,1.02222944348261
17.7508899184,0.728302169787366,0.53259252871475,0.336363661971449,0.489469040317179,0.391938507815917,0.0431234883975717,1.06466583175882,1.02206156903193
17.7564232382,0.728245265532733,0.532429809069984,0.33643275119481,0.489461476177361,0.391812514337922,0.0429683328926231,1.06467801672754,1.02189128524734
17.761956558,0.728188512082994,0.532268295593067,0.336501539907769,0.489450406583428,0.391686972175224,0.0428178890096391,1.06469005199076,1.0217187021765
17.7674898778,0.728131919986054,0.53210791390892,0.336570016916667,0.489436016751247,0.391561903069387,0.0426718971576726,1.06470193690272,1.02154393066017
17.7730231976,0.728075499755843,0.531948588852376,0.33663817111414,0.489418492908306,0.391437328641703,0.0425300959440709,1.06471367086998,1.02136708176068
17.7785565174,0.728019261667885,0.531790242808504,0.336705991840827,0.489398023621404,0.391313269827058,0.0423922191870997,1.06472525350871,1.02118826642991
17.7840898372,0.727963216156757,0.531632799667118,0.336773468122072,0.489374794497123,0.391189748034685,0.0422580051699946,1.06473668427883,1.02100759416424
17.789623157,0.727907370737345,0.531476186454428,0.336840593088667,0.489348989536007,0.391066777648678,0.0421271969184208,1.06474796382601,1.02082517599043
17.7951564768,0.727851660969655,0.531320325211479,0.336907463866075,0.489320797725055,0.39094419710358,0.0419995274864235,1.06475912483573,1.02064112293653
17.8006897966,0.727796058181154,0.531165139106075,0.336974125844947,0.489290403607634,0.390821932336207,0.0418747354984415,1.0647701840261,1.02045554271371
17.8062231164,0.727740562620569,0.531010814141667,0.337040582638257,0.489258305871132,0.390699979982312,0.0417525082705348,1.06478114525883,1.0202691200128
17.8117564362,0.727685174438682,0.530857825309535,0.337106838054437,0.489225354448508,0.390578336384246,0.0416324708610265,1.06479201249312,1.02008317975804
17.817289756,0.727629893707744,0.530706124771776,0.337172896042501,0.489191770885543,0.390456997665243,0.0415143538862331,1.06480278975025,1.01989789565732
17.8228230758,0.727574720598634,0.530555647890585,0.337238760351134,0.489157753976212,0.3903359602475,0.0413978939143725,1.06481348094977,1.0197134018668
17.8283563956,0.727519655418494,0.530406331303527,0.337304434479555,0.489123502330619,0.390215220938939,0.0412828289729075,1.06482408989805,1.01952983363415
17.8338897154,0.727464698161062,0.530258108517686,0.337369922496486,0.489089215378354,0.390094775664576,0.041168893139332,1.06483462065755,1.01934732389604
17.8394230352,0.727409848983421,0.530110914771685,0.337435228158253,0.489055091608159,0.389974620825168,0.0410558231635262,1.06484507714167,1.01916600637984
17.844956355,0.727355108156233,0.529964686248712,0.337500355023552,0.489021329967692,0.389854753132681,0.0409433562810195,1.06485546317979,1.0189860162164
17.8504896748,0.72730047578825,0.529819357668584,0.33756530692941,0.488988129071394,0.389735168858839,0.0408312285971893,1.06486578271766,1.01880748673998
17.8560229946,0.727245951971817,0.529674863637991,0.337630087726491,0.488955686807272,0.389615864245326,0.0407191768307192,1.06487603969831,1.01863055044526
17.8615563144,0.727191536899042,0.529531139633834,0.337694701092838,0.488924201626543,0.389496835806204,0.0406069380072907,1.06488623799188,1.01845534126038
17.8670896342,0.727137230836451,0.529388121661391,0.337759150591285,0.488893873263042,0.389378080245166,0.0404942483983486,1.06489638142774,1.01828199492443
17.872622954,0.727082982697498,0.529245743836344,0.337823445965762,0.488864898236135,0.389259536731736,0.0403808456002089,1.06490642866326,1.01811064207248
17.8781562738,0.727028375090884,0.529103941215583,0.337887638393487,0.488837474159751,0.389140736697398,0.040266467055832,1.06491601348437,1.01794141537533
17.8836895936,0.726973316822069,0.528962649984714,0.337951742180685,0.488811801684738,0.389021574641384,0.0401508482999758,1.06492505900275,1.01777445166945
17.8892229134,0.72691781164012,0.528821780133152,0.338015761206627,0.488788065780695,0.388902050433493,0.0400337143524563,1.06493357284675,1.01760984591385
17.8947562332,0.726861863092582,0.528680385216678,0.338079699296637,0.488766047743379,0.388782163795946,0.0399143374732993,1.06494156238922,1.01744643296006
17.900289553,0.72680547431993,0.528537902078803,0.338143560189126,0.488745712315065,0.388661914130805,0.0397921897637379,1.06494903450906,1.01728361439387
17.9058228728,0.726748648426231,0.528395179351412,0.338207347616202,0.488725578843519,0.388541300810029,0.0396696005078933,1.06495599604243,1.01712075819493
17.9113561926,0.726691389274384,0.528254826500501,0.338271065444556,0.488701209121781,0.388420323829828,0.0395536173787202,1.06496245471894,1.01695603562228
17.9168895124,0.726633700229919,0.52811680995473,0.338334717437437,0.488672602818957,0.388298982792482,0.0394442071357728,1.06496841766736,1.01678941277369
17.9224228322,0.726575584050949,0.527980927923338,0.338398307253413,0.488640044374988,0.388177276797537,0.0393408835483507,1.06497389130436,1.01662097229833
17.927956152,0.726517044631406,0.527846971775126,0.33846183873685,0.488603827497547,0.388055205894556,0.0392431442775785,1.06497888336826,1.01645079927267
17.9334894718,0.726458085426685,0.527714735205214,0.338525315645737,0.488564241062418,0.387932769780948,0.0391504941427951,1.06498340107242,1.01627897626763
17.9390227916,0.726398709509394,0.527584014377351,0.33858874167458,0.488521572394603,0.387809967834814,0.0390624419827478,1.06498745118397,1.01610558677195
17.9445561114,0.726338920158768,0.527454604031052,0.338652120546187,0.488476110397201,0.387686799612581,0.0389784936338515,1.06499104070495,1.01593071442825
17.9500894312,0.726278721130405,0.527326296844406,0.338715456037856,0.488428145793303,0.387563265092549,0.0388981510511026,1.06499417716826,1.01575444263771
17.955622751,0.726218115789835,0.527198887258146,0.338778751861364,0.488377966787402,0.387439363928471,0.0388209204707435,1.0649968676512,1.01557685404555
17.9611560708,0.726157106851587,0.527072171903687,0.338842011648775,0.488325860531669,0.387315095202812,0.0387463113720183,1.06499911850036,1.01539803243536
17.9666893906,0.726095698336195,0.526945943335605,0.338905239176598,0.4882721181918,0.387190459159597,0.038673825143805,1.06500093751279,1.01521806152741
17.9722227104,0.726033893616036,0.526819995457513,0.338968438131451,0.488217027229001,0.387065455484585,0.0386029682285122,1.06500233174749,1.01503702268651
17.9777560302,0.725971695704982,0.526694123918559,0.339031612160013,0.488160876559552,0.38694008354497,0.0385332473590065,1.06500330786499,1.01485500047811
17.98328935,0.725909108039176,0.526568122930971,0.339094764943655,0.488103955323825,0.38681434309552,0.0384641676071464,1.06500387298283,1.0146720782548
17.9888226698,0.725846134276042,0.52644178630574,0.339157900167416,0.488046551551886,0.386688234108625,0.0383952347538533,1.06500403444346,1.01448833785763
17.9943559896,0.725782777714071,0.5263149086012,0.339221021475301,0.487988953458886,0.38656175623877,0.0383259551423141,1.06500379918937,1.01430386206009
17.9998893094,0.725719041234464,0.526187284403196,0.33928413248213,0.487931451321778,0.386434908752333,0.0382558330814181,1.06500317371659,1.01411873572497
18.0054226292,0.725654928764968,0.526058708328357,0.339347236854254,0.487874332497057,0.386307691910714,0.0381843758312993,1.06500216561922,1.01393304082541
18.010955949,0.725590443671116,0.525928974078132,0.339410338209218,0.48781788388717,0.386180105461898,0.0381110901909616,1.06500078188033,1.0137468579653
18.0164892688,0.725525588917177,0.52579787627781,0.339473440144216,0.487762396922984,0.386052148772961,0.0380354793548262,1.06499902906139,1.01356027320079
18.0220225886,0.725460368077935,0.525665209600941,0.339536546269741,0.487708159358613,0.385923821808194,0.0379570502423279,1.06499691434768,1.01337336895955
18.0275559084,0.725394784721775,0.525530768434276,0.339599660178019,0.487655457420155,0.385795124543756,0.0378753110141209,1.06499444489979,1.01318622585443
18.0330892282,0.725328842082435,0.525394347080345,0.339662785443992,0.487604580409196,0.385666056638443,0.0377897666711492,1.06499162752643,1.01299892748954
18.038622548,0.725262543210059,0.525255590958202,0.339725925638945,0.487555640900001,0.385536617571114,0.0376999500582016,1.064988468849,1.0128112318582
18.0441558678,0.725195891928206,0.525114040130392,0.339789084317297,0.487508613042507,0.385406807610909,0.0376054270878852,1.0649849762455,1.0126226531729
18.0496891876,0.725128891602406,0.524969550055589,0.339852265019502,0.487463858334994,0.385276626582904,0.0375056917205944,1.06498115662191,1.01243340839058
18.0552225074,0.725061545156459,0.524821985089668,0.339915471293841,0.487421757987891,0.385146073862618,0.0374002271017771,1.0649770164503,1.01224374307756
18.0607558272,0.724993856285526,0.524671212360753,0.339978706653202,0.487382682808142,0.385015149632324,0.0372885295526104,1.06497256293873,1.0120538951689
18.066289147,0.724925828478086,0.524517097131199,0.340041974598725,0.487347004018714,0.384883853879361,0.0371700931124849,1.06496780307681,1.01186410114991
18.0718224668,0.724857464912253,0.524359504219362,0.34010527863804,0.487315099416523,0.384752186274214,0.0370444048028393,1.06496274355029,1.01167460363588
18.0773557866,0.724788768788854,0.524198297840868,0.34016862227289,0.487287346877799,0.384620146515964,0.0369109509630694,1.06495739106174,1.01148564471867
18.0828891064,0.724719743836388,0.524033260987618,0.340232008948679,0.487264257474151,0.384487734887709,0.0367690035134667,1.06495175278507,1.01129751846177
18.0884224262,0.724650393420386,0.523864301295688,0.34029544212234,0.487246133446021,0.384354951298045,0.036618167849667,1.06494583554273,1.01111043474171
18.093955746,0.724580720433309,0.523691670329672,0.340358925296027,0.487232704940886,0.384221795137281,0.0364589653887867,1.06493964572934,1.01092437527056
18.0994890658,0.72451072867243,0.523515635039216,0.340422461861041,0.487223672078468,0.384088266811389,0.0362919629607475,1.06493319053347,1.01073930711768
18.1050223856,0.724440421555455,0.523336457807108,0.340486055231396,0.487218741163476,0.383954366324059,0.0361177166436322,1.06492647678685,1.01055519897058
18.1105557054,0.724369802214007,0.523154400414206,0.340549708851381,0.487217624364757,0.383820093362627,0.0359367760494491,1.06491951106539,1.01037202477896
18.1160890252,0.724298870581978,0.52296972589263,0.34061343099817,0.487220029765718,0.383685439583808,0.0357496961269114,1.06491230158015,1.01018975565835
18.121622345,0.72422758954143,0.522782698708902,0.340677283376689,0.487225661304474,0.38355030616474,0.0355570374044284,1.06490487291812,1.01000836001338
18.1271556648,0.724155958048453,0.522593581436257,0.340741275630775,0.487234227276239,0.383414682417678,0.0353593541600179,1.06489723367923,1.0098278087125
18.1326889846,0.724083988800148,0.522402635157884,0.340805397159689,0.48724544071573,0.38327859164046,0.0351571944421547,1.06488938595984,1.00964807587361
18.1382223044,0.724011695570788,0.522210125255469,0.340869636993108,0.487259004391484,0.383142058577679,0.034951120863985,1.0648813325639,1.00946912964695
18.1437556242,0.723939091569424,0.522016314080618,0.34093398435756,0.487274626209563,0.383005107211864,0.034741687871055,1.06487307592698,1.00929094029018
18.149288944,0.723866189734402,0.52182146410892,0.34099842854269,0.48729201653195,0.382867761191712,0.0345294475769695,1.06486461827709,1.00911348064087
18.1548222638,0.723793003381521,0.521625838710281,0.341062958719792,0.487310882324592,0.382730044661728,0.0343149563856889,1.06485596210131,1.00893672103487
18.1603555836,0.723719545926365,0.521429701090399,0.341127564044338,0.48733093042711,0.382591981882027,0.0340987706632883,1.0648471099707,1.00876063151751
18.1658889034,0.723645830522825,0.521233314019678,0.341192233732679,0.48735186937097,0.382453596790147,0.0338814446487081,1.0648380642555,1.00858518339065
18.1714222232,0.723571870111716,0.521036963185797,0.341256957014328,0.487373418056043,0.382314913097389,0.0336635451297542,1.06482882712604,1.00841038124184
18.176955543,0.723497678268061,0.520840971636299,0.341321723017315,0.487395311429428,0.382175955250746,0.0334456602068707,1.06481940128538,1.00823628306573
18.1824888628,0.723423268200913,0.520645596877035,0.341386520935128,0.487417255506519,0.382036747265784,0.0332283413705156,1.06480978913604,1.00806285238355
18.1880221826,0.723348652899463,0.520451092877753,0.341451339951686,0.487438952971606,0.381897312947777,0.0330121399061469,1.06479999285115,1.00789004584936
18.1935555024,0.7232738457326,0.520257712650516,0.34151616922436,0.487460107075116,0.38175767650824,0.0327976055754007,1.06479001495696,1.00771781972563
18.1990888222,0.723198860011973,0.520065709212757,0.341580997929467,0.487480422135415,0.381617862082506,0.0325852870773428,1.06477985794144,1.00754613134817
18.204622142,0.723123708882849,0.519875336237924,0.341645815226404,0.487499601039523,0.381477893656446,0.0323757351984011,1.06476952410925,1.00737493727745
18.2101554618,0.723048405458071,0.519686848230256,0.341710610233785,0.487517345003401,0.381337795224286,0.0321695032268547,1.06475901569186,1.00720419323366
18.2156887816,0.722972963149257,0.519500496763346,0.341775372149371,0.487533359721272,0.381197590999886,0.0319671370420737,1.06474833529863,1.00703385648462
18.2212221014,0.722897395165461,0.519316535463075,0.34184009013414,0.487547349531563,0.38105730503132,0.0317691859315124,1.0647374852996,1.00686388499464
18.2267554212,0.722821714582561,0.519135219908206,0.34190475323742,0.487559012937044,0.380916961345141,0.0315762069711624,1.06472646781998,1.00669423284525
18.232288741,0.722745934750853,0.518956801337435,0.34196935066196,0.48756805591582,0.380776584088893,0.0313887454216153,1.06471528541281,1.00652485725326
18.2378220608,0.722670068913891,0.518781532966469,0.342033871576341,0.487574183982143,0.380636197337549,0.0312073489843258,1.06470394049023,1.00635571694861
18.2433553806,0.72259413024416,0.518609668521191,0.342098305054345,0.487577098758199,0.380495825189815,0.0310325697629915,1.0646924352985,1.00618676727939
18.2488887004,0.722518131954848,0.51844025291206,0.342162640162988,0.487578530368654,0.38035549179186,0.0308617225434057,1.06468077211784,1.00601878328071
18.2544220202,0.722442087330012,0.518272083580455,0.342226866141376,0.487580220124227,0.380215221188636,0.0306918634562282,1.06466895347139,1.00585230370468
18.25995534,0.722366009578704,0.518104447867687,0.342290972118818,0.48758131724626,0.380075037459886,0.0305231306214274,1.06465698169752,1.00568576511395
18.2654886598,0.722289911899333,0.517937240251797,0.342354946981433,0.487581704443034,0.3799349649179,0.0303555358087623,1.06464485888077,1.00551894469483
18.2710219796,0.722213807551914,0.517770459469181,0.342418780037075,0.487581394319647,0.37979502751484,0.0301890651495344,1.06463258758899,1.00535185378883
18.2765552994,0.722137709747753,0.517604104857437,0.342482460418253,0.48758039858587,0.379655249329501,0.0300237062715674,1.06462017016601,1.00518450344331
18.2820886192,0.722061631722394,0.51743817663235,0.342545977084701,0.487578728926306,0.379515654637693,0.0298594477060447,1.06460760880709,1.00501690555866
18.287621939,0.721985586717685,0.51727267440771,0.342609319111569,0.487576397236399,0.379376267606116,0.0296962771713106,1.06459490582925,1.00484907164411
18.2931552588,0.721909587925962,0.517107597236933,0.342672475751155,0.487573415739491,0.379237112174807,0.029534181497442,1.06458206367712,1.00468101297642
18.2986885786,0.721833648562121,0.516942944748123,0.342735436084448,0.487569796264094,0.379098212477672,0.0293731484840283,1.06456908464657,1.00451274101222
18.3042218984,0.721757781965413,0.516778717380542,0.342798188859313,0.487565550039762,0.3789595931061,0.0292131673407798,1.06455597082473,1.0043442674203
18.3097552182,0.721682001251421,0.516614913902924,0.342860723495514,0.487560689747306,0.378821277755907,0.029054224155618,1.06454272474694,1.00417560365023
18.315288538,0.721606319629197,0.516451533809327,0.342923029079147,0.487555227141195,0.37868329055005,0.0288963066681319,1.06452934870834,1.00400676095052
18.3208218578,0.721530750433187,0.516288577286728,0.342985094427696,0.487549173722844,0.378545656005491,0.0287394035638845,1.06451584486088,1.00383775100957
18.3263551776,0.721455306862217,0.516126043732197,0.343046908684587,0.487542541545171,0.37840839817763,0.0285835021870265,1.0645022155468,1.00366858527737
18.3318884974,0.721380002052744,0.51596393239879,0.343108461087369,0.487535342778474,0.378271540965375,0.0284285896203161,1.06448846314011,1.00349927517726
18.3374218172,0.721304849259095,0.515802243025319,0.34316974062424,0.487527589179003,0.378135108634855,0.0282746538463156,1.06447458988334,1.00332983220432
18.342955137,0.721229861896439,0.51564097569296,0.343230736014289,0.487519292071777,0.37799912588215,0.0281216836211827,1.06446059791073,1.00316026776474
18.3484884568,0.721155052965009,0.515480129374236,0.343291436712089,0.487510464032126,0.377863616252921,0.0279696653421104,1.0644464896771,1.00299059340636
18.3540217766,0.721080435673858,0.51531970367961,0.343351831775292,0.487501116944706,0.377728603898565,0.0278185867349041,1.06443226744915,1.00282082062432
18.3595550964,0.721006023492175,0.515159698684261,0.343411909851145,0.48749126205654,0.37759411364103,0.0276684366277212,1.06441793334332,1.0026509607408
18.3650884162,0.720931829504081,0.515000113653372,0.343471660211884,0.487480911610136,0.377460169292197,0.0275192020432362,1.06440348971596,1.00248102526351
18.370621736,0.720857866825993,0.514840948038525,0.343531072052572,0.487470077752049,0.377326794773421,0.0273708702864757,1.06438893887856,1.00231102579057
18.3761550558,0.720784148787515,0.514682201605154,0.343590134240799,0.487458772095762,0.377194014546716,0.0272234295093918,1.06437428302831,1.00214097370092
18.3816883756,0.720710688808046,0.514523874161548,0.343648835527408,0.487447006096328,0.377061853280638,0.0270768680652202,1.06435952433545,1.00197088025788
18.3872216954,0.720637499808315,0.514365964880607,0.343707165374212,0.487434792252164,0.376930334434103,0.0269311726284435,1.06434466518253,1.00180075713277
18.3927550152,0.720564594997372,0.514208473440789,0.34376511281221,0.487422142519292,0.376799482185162,0.026786330921497,1.06432970780958,1.00163061596008
18.398288335,0.720491988014995,0.51405139979745,0.343822666290622,0.487409067914663,0.376669321724373,0.0266423318827869,1.06431465430562,1.00146046771211
18.4038216548,0.720419691758911,0.513894743143735,0.343879815271406,0.487395580876979,0.376539876487506,0.0264991622667559,1.06429950703032,1.00129032402071
18.4093549746,0.720347719361346,0.513738503128638,0.343936548879597,0.487381693563068,0.376411170481749,0.02635680956557,1.06428426824094,1.00112019669171
18.4148882944,0.720276084263016,0.513582679460127,0.343992855834556,0.487367417377889,0.37628322842846,0.0262152620822379,1.06426894009757,1.00095009683802
18.4204216142,0.720204799815871,0.513427273305279,0.344048724979787,0.487352761350787,0.376156074836084,0.0260745119544915,1.06425352479566,1.00078003465607
18.425954934,0.720133878896974,0.513272426677878,0.34410414575696,0.487337498577284,0.376029733140014,0.0259349281005942,1.06423802465393,1.00060992525516
18.4314882538,0.720063334715376,0.51311827254871,0.344159107172457,0.48732152204445,0.375904227542919,0.0257967505042602,1.06422244188783,1.00043979459316
18.4370215736,0.719993181117283,0.512965298415879,0.344213597449887,0.487305104319306,0.375779583667395,0.0256601940965727,1.06420677856717,1.00027040273518
18.4425548934,0.719923430742346,0.512813605582268,0.344267606302196,0.487288340999433,0.37565582444015,0.0255252645828348,1.06419103704454,1.0001019465817
18.4480882132,0.719854096774438,0.512663160793155,0.344321122757034,0.48727126331364,0.375532974017404,0.025391897479515,1.06417521953147,0.999934424106795
18.453621533,0.719785192801235,0.512513931230233,0.344374135358105,0.487253901451895,0.37541105744313,0.0252600297783376,1.06415932815934,0.999767832682128
18.4591548528,0.71971673203555,0.51236588323921,0.344426633102838,0.487236286314178,0.375290098932712,0.0251295969250313,1.06414336513839,0.999602169553388
18.4646881726,0.719648723353714,0.512218982715378,0.344478611054567,0.487218449356493,0.375170112299147,0.025000533358885,1.06412733440828,0.999437432071872
18.4702214924,0.719581143707421,0.512073196375605,0.344530109682165,0.487200421451726,0.375051034025257,0.0248727749238793,1.06411125338959,0.999273617827331
18.4757548122,0.719513987232315,0.511928491689468,0.344581145207218,0.487182232657758,0.374932842025097,0.0247462590317098,1.06409513243953,0.999110724347225
18.481288132,0.719447253030699,0.511784833848625,0.344631726417242,0.487163914518925,0.374815526613457,0.0246209193296997,1.06407897944794,0.99894874836755
18.4868214518,0.719380940846158,0.511642201234896,0.344681861357528,0.48714551220921,0.37469907948863,0.0244966890256867,1.06406280220369,0.998787713444106
18.4923547716,0.719315050864417,0.511500595673887,0.344731557599304,0.487127098032905,0.374583493265113,0.0243734976409819,1.06404660846372,0.998627693706792
18.4978880914,0.719249582637868,0.511359969781113,0.344780823385423,0.48710868669008,0.374468759252445,0.0242512830910325,1.06403040602329,0.998468656471193
18.5034214112,0.719184535658313,0.511220271867462,0.344829666994594,0.48709028769354,0.374354868663719,0.0241299841739216,1.06401420265291,0.998310559561002
18.508954731,0.719119909805165,0.511081450501745,0.344878096292265,0.487071909805502,0.3742418135129,0.0240095406962427,1.06399800609743,0.998153360307247
18.5144880508,0.719055631240068,0.510943454415844,0.34492613011579,0.487053561465027,0.374129501124278,0.0238898929508174,1.06398176135586,0.997997015880872
18.5200213706,0.718991337580467,0.510806231358486,0.344973832135832,0.487035252124423,0.374017505444635,0.0237709792340636,1.0639651697163,0.997841483482909
18.5255546904,0.718926975813638,0.510669730111536,0.345021218750447,0.487016991110602,0.373905757063191,0.0236527390009335,1.06394819456408,0.997686721222138
18.5310880102,0.718862540958836,0.510533899229107,0.345068298666973,0.48699878662314,0.373794242291863,0.0235351126059676,1.06393083962581,0.997532685852247
18.53662133,0.718798028183501,0.510398686749749,0.345115081251826,0.48698064786116,0.373682946931675,0.0234180388885886,1.06391310943533,0.997379334610909
18.5421546498,0.718733432633023,0.510264041240376,0.345161575708559,0.486962584189567,0.373571856924464,0.0233014570508093,1.06389500834158,0.997226625429944
18.5476879696,0.718668749375553,0.510129911140009,0.345207790961297,0.48694460427048,0.373460958414256,0.0231853068695293,1.06387654033685,0.997074515410488
18.5532212894,0.718603973459994,0.509996244857794,0.345253735919144,0.486926716833912,0.37335023754085,0.0230695280238816,1.06385770937914,0.996922961691706
18.5587546092,0.718539100101377,0.509862990630457,0.345299419963789,0.486908931144397,0.373239680137588,0.0229540594860596,1.06383852006517,0.996771921774854
18.564287929,0.718474124415643,0.509730097090881,0.345344852142997,0.486891256335752,0.373129272272646,0.0228388407551283,1.06381897655864,0.996621353426633
18.5698212488,0.71840904135784,0.509597512547151,0.345390041145757,0.486873700882472,0.373019000212083,0.0227238116646784,1.0637990825036,0.996471213429623
18.5753545686,0.718343846166592,0.509465185259753,0.34543499633259,0.486856273906095,0.372908849834002,0.0226089113536586,1.06377884249918,0.996321459165848
18.5808878884,0.718278533980312,0.509333063911827,0.34547972678247,0.48683898465024,0.372798807197841,0.0224940792615876,1.06375826076278,0.996172048562067
18.5864212082,0.718213099824933,0.509201096736927,0.345524241359145,0.486821841781728,0.372688858465788,0.0223792549551989,1.06373734118408,0.996022938518655
18.591954528,0.718147541317551,0.509069232036943,0.345568553039527,0.486804854198763,0.372578988278023,0.0222643778381802,1.06371609435708,0.995874086235706
18.5974878478,0.718081870027743,0.50893742501572,0.345612696727817,0.486788019898158,0.372469173299926,0.0221494051175617,1.06369456675556,0.995725444913877
18.6030211676,0.718016084288578,0.508805739400703,0.345656686485346,0.486771154535996,0.372359397803232,0.0220345848647069,1.06367277077392,0.995576893936699
18.6085544874,0.717950179339675,0.508674160136215,0.345700531581375,0.486754204755138,0.3722496477583,0.0219199553810767,1.06365071092105,0.995428364891353
18.6140878072,0.717884150806632,0.508542628070488,0.345744241782683,0.486737192713208,0.372139909023949,0.0218054353572805,1.06362839258932,0.995279820783696
18.619621127,0.717817994132238,0.508411084257864,0.345787826584472,0.486720140325823,0.372030167547766,0.0216909439320412,1.06360582071671,0.995131224583687
18.6251544468,0.717751704633353,0.508279469163986,0.345831295365335,0.486703068937732,0.371920409268018,0.0215764002262545,1.06358299999869,0.994982538101718
18.6306877666,0.717685277761724,0.508147723556521,0.34587465764546,0.486686000322931,0.371810620116264,0.0214617232335896,1.06355993540718,0.994833723879452
18.6362210864,0.717618709056748,0.508015788525404,0.345917922989032,0.486668956389041,0.371700786067716,0.0213468321363626,1.06353663204578,0.994684744914445
18.6417544062,0.717551993932477,0.50788360486084,0.345961100842319,0.486651958811292,0.371590893090158,0.0212316460495487,1.0635130947748,0.994535563672132
18.647287726,0.717485127626909,0.507751112746139,0.346004200561166,0.486635029188579,0.371480927065743,0.02111608355756,1.06348932818808,0.994386141934718
18.6528210458,0.717418105795998,0.507618253565503,0.346047231737184,0.486618189327868,0.371370874058814,0.0210000642376351,1.06346533753318,0.994236442893371
18.6583543656,0.717350923880642,0.507484968287624,0.346090203809311,0.486601461047981,0.371260720071331,0.0208835072396433,1.06344112768995,0.994086429335606
18.6638876854,0.717283577136075,0.507351197001526,0.346133126151748,0.486584865997809,0.371150450984327,0.0207663310037171,1.06341670328782,0.993936062999336
18.6694210052,0.717216061083877,0.507216880772109,0.346176008241626,0.486568425922108,0.371040052842251,0.0206484548500016,1.0633920693255,0.993785306694217
18.674954325,0.71714837125524,0.507081960813364,0.34621885952797,0.486552162549699,0.37092951172727,0.020529798263665,1.06336723078321,0.993634123363062
18.6804876448,0.717080503023111,0.506946377684863,0.346261689409725,0.486536097622756,0.370818813613386,0.0204102800621065,1.06334219243284,0.993482475307619
18.6860209646,0.717012451654275,0.506810071445766,0.346304507284048,0.486520253046908,0.370707944370227,0.0202898183988581,1.06331695893832,0.993330324492674
18.6915542844,0.716944212817004,0.50667298387053,0.346347322584716,0.486504650358967,0.370596890232287,0.0201683335115628,1.06329153540172,0.993177634229497
18.6970876042,0.716875781952195,0.506535055836193,0.346390144695921,0.486489311291507,0.370485637256274,0.0200457445446862,1.06326592664812,0.9930243671277
18.702620924,0.716807154241081,0.506396226944059,0.346432983011991,0.486474257931103,0.37037417122909,0.0199219690129555,1.06324013725307,0.992870484875162
18.7081542438,0.716738325299823,0.506256438817932,0.346475846915406,0.486459511819206,0.370262478384417,0.0197969269987261,1.06321417221523,0.992715950637138
18.7136875636,0.716669290639032,0.506115891706268,0.346518745765205,0.486445215917416,0.370150544873827,0.0196706757888518,1.06318803640424,0.992561107623684
18.7192208834,0.716600045578183,0.505974875358898,0.346561688938132,0.48643158430663,0.370038356640051,0.0195432910522679,1.06316173451632,0.992406459665529
18.7247542032,0.716530585437587,0.505833485903055,0.346604685821331,0.486418811099681,0.369925899616256,0.0194146748033744,1.06313527125892,0.992252297002736
18.730287523,0.716460905885462,0.505691692398742,0.346647745716519,0.486406935049927,0.369813160168943,0.0192847573488147,1.06310865160198,0.992098627448668
18.7358208428,0.716391002362708,0.505549451010429,0.346690877953321,0.486395980638045,0.369700124409388,0.0191534703723843,1.06308188031603,0.991945431648474
18.7413541626,0.716320869964185,0.505406716703528,0.346734091971748,0.486385973294337,0.369586777992436,0.0190207434091912,1.06305496193593,0.991792689997865
18.7468874824,0.716250504425374,0.505263446328741,0.346777397009402,0.486376936423623,0.369473107415972,0.0188865099051175,1.06302790143478,0.991640382752364
18.7524208022,0.716179901223938,0.505119596185527,0.34682080236154,0.486368894418465,0.369359098862398,0.0187507017670615,1.06300070358548,0.991488490603992
18.757954122,0.716109055613506,0.50497512168529,0.34686431740886,0.486361872248133,0.369244738204646,0.0186132494371564,1.06297337302237,0.991336993933423
18.7634874418,0.716037962992657,0.504829978732057,0.34690795147854,0.486355894491504,0.369130011514117,0.0184740842405531,1.0629459144712,0.991185873223561
18.7690207616,0.715966619017187,0.504684124065926,0.346951713767048,0.486350984744217,0.36901490525014,0.0183331393217092,1.06291833278423,0.991035108810143
18.7745540814,0.715895019119439,0.504537444213281,0.346995613555234,0.486347284080261,0.368899405564206,0.0181901601330198,1.06289063267467,0.990884728293541
18.7800874012,0.7158231583212,0.504389437072977,0.34703966034201,0.486345585216563,0.36878349797919,0.0180438518564141,1.06286281866321,0.99073502228954
18.785620721,0.715751032476345,0.504240100298733,0.34708386318462,0.486345843233984,0.368667169291725,0.0178942570647487,1.06283489566096,0.990585943532716
18.7911540408,0.715678669211249,0.504089539182296,0.347128185980011,0.486347832035411,0.368550483231238,0.0177417071468847,1.06280685519126,0.990437371217707
18.7966873606,0.715606309231068,0.503937858093894,0.347172292188414,0.486351326801552,0.368434017042654,0.0175865312923422,1.06277860141948,0.990289184895445
18.8022206804,0.715534001146676,0.503785162913223,0.347216116350794,0.486356100601803,0.368317884795882,0.0174290623114208,1.06275011749747,0.990141263515026
18.8077540002,0.715461742394096,0.5036315596723,0.347259665219012,0.486361926263148,0.368202077175083,0.0172696334091513,1.06272140761311,0.989993485935448
18.81328732,0.715389530457071,0.503477153519478,0.347302945269606,0.486368577852038,0.368086585187466,0.01710857566744,1.06269247572668,0.989845731371517
18.8188206398,0.715317362857507,0.503322049289651,0.347345962720999,0.486375829805152,0.367971400136507,0.0169462194844993,1.06266332557851,0.989697879094803
18.8243539596,0.715245237002749,0.503166353342225,0.347388724496211,0.486383454790722,0.367856512506538,0.016782898551503,1.06263396149896,0.989549808132946
18.8298872794,0.715173150366512,0.503010170829022,0.347431237115376,0.48639122655879,0.367741913251136,0.0166189442702316,1.06260438748189,0.989401397387812
18.8354205992,0.715101100461711,0.502853607039063,0.347473506809058,0.486398919065694,0.367627593652654,0.0164546879733691,1.06257460727077,0.989252526104758
18.840953919,0.715029084733034,0.50269676771462,0.347515540262776,0.486406305792774,0.367513544470259,0.0162904619218457,1.06254462499581,0.989103073507394
18.8464872388,0.714957100635873,0.502539758145696,0.347557344104902,0.486413160474849,0.367399756530971,0.016126597670847,1.06251444474078,0.988952918620544
18.8520205586,0.714885145655115,0.502382683772506,0.347598924735252,0.486419256786991,0.367286220919863,0.0159634269855152,1.06248407039037,0.988801940559498
18.8575538784,0.714813217280776,0.502225650416752,0.347640288472865,0.486424367756293,0.367172928807911,0.0158012826604591,1.06245350575364,0.988650018173044
18.8630871982,0.714741312950949,0.502068763221654,0.347681442087755,0.486428267978251,0.367059870863195,0.0156404952434022,1.0624227550387,0.988497031199905
18.868620518,0.714669430139346,0.501912127275708,0.347722392056865,0.486430731144996,0.366947038082481,0.0154813961307124,1.06239182219621,0.988342858420703
18.8741538378,0.714597566341799,0.50175584907123,0.347763144580423,0.486431529377832,0.366834421761376,0.0153243196933984,1.06236071092222,0.988187378449062
18.8796871576,0.714525719007563,0.501600033566609,0.347803706350672,0.486430437712022,0.366722012656891,0.0151695958545872,1.06232942535824,0.988030471278632
18.8852204774,0.714453885604548,0.501444785595622,0.347844083889647,0.486427230184622,0.366609801714901,0.0150175554110007,1.0622979694942,0.987872015780244
18.8907537972,0.714382063611927,0.501290211289102,0.347884283537523,0.486421679612496,0.366497780074404,0.0148685316766059,1.06226634714945,0.987711890901598
18.896287117,0.71431025050154,0.501136416771016,0.347924311678322,0.486413558714748,0.366385938823218,0.0147228580562675,1.06223456217986,0.987549975485764
18.9018204368,0.71423844373537,0.500983506254184,0.347964174946605,0.486402643414095,0.366274268788765,0.0145808628400882,1.06220261868197,0.987386149668279
18.9073537566,0.714166640787128,0.500831584839091,0.348003879776004,0.486388707451199,0.366162761011124,0.0144428773878923,1.06217052056313,0.98722029229029
18.9128870764,0.714094839128704,0.500680760507132,0.34804343235373,0.486371520516442,0.366051406774974,0.0143092399906899,1.06213827148243,0.987052281023573
18.9184203962,0.714023036227637,0.500531136785929,0.348082839343897,0.486350860353416,0.36594019688374,0.0141802764325135,1.06210587557153,0.986881997139345
18.923953716,0.713951229557494,0.500382818338818,0.348122107179994,0.486326500708922,0.365829122377499,0.0140563176298957,1.06207333673749,0.98670931904774
18.9294870358,0.713879416584881,0.500235912386003,0.348161242160284,0.48629821308812,0.365718174424597,0.013937699297883,1.06204065874516,0.986534125474122
18.9350203556,0.713807594777173,0.500090524669181,0.348200250699062,0.486265771016799,0.365607344078111,0.0138247536523822,1.06200784547623,0.98635629568598
18.9405536754,0.713735761613385,0.499946911354262,0.348239139313628,0.486228695100949,0.365496622299757,0.0137182162533132,1.06197490092701,0.986175606455211
18.9460869952,0.713663914565893,0.499805696010799,0.348277914385307,0.486185889379809,0.365386000180586,0.0136198066309899,1.0619418289512,0.985991585390608
18.951620315,0.713592051079803,0.49966677104153,0.348316582135116,0.486137639373499,0.365275468944687,0.0135291316680313,1.06190863321492,0.985804410415029
18.9571536348,0.713520168650629,0.499530028062437,0.348355149136247,0.486084515646553,0.365165019514382,0.0134455124158844,1.06187531778688,0.98561454370899
18.9626869546,0.713448264752085,0.49939524390026,0.348393621761711,0.486026935880421,0.365054642990373,0.0133683080198388,1.0618418865138,0.98542217978068
18.9682202744,0.713376336831351,0.499262190612566,0.348432006286239,0.485965306509059,0.364944330545112,0.0132968841035069,1.06180834311759,0.985227497121625
18.9737535942,0.713304382365048,0.499130576855631,0.348470309120603,0.485900011164772,0.364834073244445,0.0132305656908586,1.06177469148565,0.985030588020402
18.979286914,0.713232398842371,0.498999967198084,0.348508536683697,0.485831366366862,0.364723862158674,0.0131686008312217,1.06174093552607,0.984831333564946
18.9848202338,0.713160383727643,0.49887013747413,0.348546695305044,0.485759783627465,0.364613688422599,0.0131103538466653,1.06170707903269,0.984629921101595
18.9903535536,0.713088334452468,0.498740883929337,0.348584791260655,0.485685682786358,0.364503543191813,0.0130552011429797,1.06167312571312,0.984426566715695
18.9958868734,0.713016248533915,0.498612001009143,0.348622830997229,0.485609489054084,0.364393417536686,0.0130025119550587,1.06163907953114,0.984221490063228
19.0014201932,0.712944123445695,0.498483284313856,0.348660820847248,0.485531623713313,0.364283302598447,0.0129516606005429,1.06160494429294,0.984014908027169
19.006953513,0.712871956608713,0.498354529607105,0.348698767080964,0.485452507567283,0.364173189527749,0.012902022039822,1.06157072368968,0.983807037174388
19.0124868328,0.712799745522542,0.498225532133824,0.348736676072746,0.485372563683971,0.364063069449795,0.0128529684498533,1.06153642159529,0.983598095817794
19.0180201526,0.712727487679699,0.498096087520902,0.348774554162594,0.485292213839932,0.363952933517105,0.0128038736809708,1.06150204184229,0.983388301360834
19.0235534724,0.712655180529608,0.497965991204935,0.348812407647683,0.485211879697556,0.363842772881925,0.0127541115073793,1.06146758817729,0.983177870902491
19.0290867922,0.712582821504075,0.497835037966669,0.3488502428263,0.485131983828089,0.363732578677775,0.0127030541385794,1.06143306433038,0.982967021794758
19.034620112,0.712510408134868,0.497703024213493,0.348888066038563,0.485052947358704,0.363622342096305,0.0126500768547898,1.06139847417343,0.982755971572197
19.0401534318,0.7124379378957,0.49756974566836,0.348925883578859,0.484975191510573,0.363512054316841,0.0125945541577874,1.06136382147456,0.982544937178933
19.0456867516,0.712365408174341,0.497434995843042,0.34896370173268,0.484899140536967,0.36340170644166,0.0125358553060748,1.06132910990702,0.982334136380009
19.0512200714,0.712292816507026,0.49729857170516,0.349001526806038,0.484825214402193,0.363291289700988,0.0124733573029668,1.06129434331306,0.982123786107353
19.0567533912,0.712220160382746,0.497160269369689,0.349039365080211,0.484753833802348,0.363180795302536,0.0124064355673407,1.06125952546296,0.981914103172037
19.062286711,0.712147437229162,0.497019883078944,0.349077222840156,0.484685422102183,0.363070214389007,0.0123344609767608,1.06122466006932,0.981705305181126
19.0678200308,0.712074644491998,0.49687720734936,0.349115106374648,0.484620402371592,0.36295953811735,0.0122568049777685,1.06118975086665,0.981497609720952
19.0733533506,0.712001779710864,0.496732039996029,0.349153021937799,0.484559192756397,0.362848757773065,0.0121728472396324,1.06115480164866,0.981291232752426
19.0788866704,0.711928840359473,0.496584176803206,0.349190975789086,0.484502214315448,0.362737864570387,0.0120819624877582,1.06111981614856,0.981086391118655
19.0844199902,0.711855823785608,0.496433408476556,0.34922897424966,0.484449895882392,0.362626849535947,0.0119835125941631,1.06108479803527,0.980883304358948
19.08995331,0.711782727575877,0.496279534876229,0.349267023526119,0.484402652112157,0.362515704049758,0.0118768827640719,1.061049751102,0.980682186988386
19.0954866298,0.711709549208886,0.496122352051034,0.349305129861875,0.484360903783876,0.36240441934701,0.011761448267158,1.06101467907076,0.98048325583491
19.1010199496,0.71163628608368,0.495961652402747,0.349343299550485,0.484325077031117,0.362292986533195,0.0116365753716297,1.06097958563416,0.980286729433864
19.1065532694,0.711562935673611,0.495797231384002,0.349381538840337,0.484295593300113,0.362181396833274,0.0115016380838888,1.06094447451395,0.980092824684115
19.1120865892,0.711489495519276,0.495628887663341,0.349419853920786,0.484272868966672,0.36206964159849,0.0113560186966693,1.06090934944006,0.979901756630013
19.117619909,0.711415963082039,0.495456997982557,0.349458251030796,0.484256350569103,0.361957712051243,0.0112006474134542,1.06087421411284,0.97971334855166
19.1231532288,0.711342335699889,0.49528294535859,0.349496736516954,0.484243796635033,0.361845599182935,0.0110391487235567,1.06083907221684,0.979526741993623
19.1286865486,0.711268610986469,0.495106960925398,0.349535316487625,0.484234898038299,0.361733294498844,0.0108720628870992,1.06080392747409,0.979341858963697
19.1342198684,0.711194786415492,0.494929213403592,0.349573997159449,0.48422945097018,0.361620789256042,0.0106997624334118,1.06076878357494,0.979158664373772
19.1397531882,0.711120843695456,0.49474986933882,0.349612806747964,0.484227254009512,0.361508036947492,0.0105226153293075,1.06073365044342,0.978977123348332
19.145286508,0.711046705644761,0.494569098331437,0.349651855867369,0.484228101185059,0.361394849777392,0.0103409971463777,1.06069856151213,0.978797199516495
19.1508198278,0.710972371171545,0.494387070069843,0.349691148703988,0.484231786804312,0.361281222467557,0.0101552832655308,1.06066351987553,0.978618856874155
19.1563531476,0.710897850759011,0.494203952629759,0.349730673224286,0.484238107460343,0.361167177534725,0.0099658451694164,1.0606285239833,0.978442060090102
19.1618864674,0.710823154792488,0.494019913513225,0.349770417519926,0.48424686066084,0.361052737272562,0.00977305285238517,1.06059357231241,0.978266774174065
19.1674197872,0.710748294057465,0.493835056333289,0.349810369202194,0.484257758410581,0.360937924855271,0.00957729792270789,1.06055866325966,0.97809281474387
19.172953107,0.710673279093959,0.493648877129666,0.349850516183621,0.484269780519472,0.360822762910338,0.00937909661019454,1.06052379527758,0.977918657649138
19.1784864268,0.71059807161153,0.493461390520314,0.349890855716159,0.484282538498068,0.360707215895371,0.00917885202224622,1.06048892732769,0.977743929018381
19.1840197466,0.710522630960923,0.493272792313018,0.349931385225498,0.48429585861956,0.360591245735425,0.00897693369345859,1.06045401618642,0.977568650932578
19.1895530664,0.710446965135697,0.493083277105247,0.34997209312657,0.4843095675464,0.360474872009127,0.00877370955884677,1.06041905826227,0.977392844651647
19.1950863862,0.710371081943671,0.492893040255672,0.350012967992016,0.484323494170936,0.360358113951654,0.0085695460847357,1.06038404993569,0.977216534426608
19.200619706,0.710294989189985,0.492702277316809,0.350053998389922,0.48433746683615,0.360240990800063,0.0083648104806594,1.06034898757991,0.977039744152959
19.2061530258,0.710218695035833,0.492511183264111,0.350095172646273,0.484351312419957,0.36012352238956,0.00815987084415448,1.06031386768211,0.976862495684068
19.2116863456,0.71014220739743,0.49231995275944,0.350136479273565,0.484364858658776,0.360005728123865,0.00795509410066381,1.06027868667099,0.976684811418217
19.2172196654,0.710065533935422,0.49212878217615,0.350177906938782,0.484377934021235,0.35988762699664,0.00775084815491517,1.0602434408742,0.976506716197385
19.2227529852,0.709988682808432,0.491937866193404,0.350219444003629,0.48439036621377,0.359769238804803,0.00754749997963383,1.06020812681206,0.976328232407175
19.228286305,0.709911661971343,0.491747399298523,0.35026107897307,0.484401982905066,0.359650582998274,0.00734541639345704,1.06017274094441,0.976149382203589
19.2338196248,0.709834479230862,0.491557577577892,0.350302800430602,0.484412612051962,0.35953167880026,0.00714496552592986,1.06013727966146,0.975970189629854
19.2393529446,0.709757142487118,0.491368596673996,0.350344596904853,0.484422081197655,0.359412545582266,0.0069465154763409,1.06010173939197,0.975790677871651
19.2448862644,0.709679659807432,0.491180650574485,0.350386456865317,0.484430218968369,0.359293202942115,0.00675043160611549,1.06006611667275,0.975610869542854
19.2504195842,0.709602039108014,0.490993926196308,0.350428368861794,0.484436849786946,0.35917367024622,0.00655707640936226,1.06003040796981,0.975430775983255
19.255952904,0.70952428810552,0.490808172904383,0.350470321488012,0.484441591537392,0.359053966617508,0.00636658136699114,1.05999460959353,0.975249764441774
19.2614862238,0.70944641493932,0.490623320198561,0.350512303228829,0.484444152634438,0.358934111710491,0.00617916756412357,1.05995871816815,0.975067472832999
19.2670195436,0.709368427527545,0.490439554783873,0.350554302648595,0.484444357440191,0.35881412487895,0.00599519734368137,1.05992273017614,0.974883912224064
19.2725528634,0.709290333697263,0.490257064810505,0.350596308307606,0.48444202798313,0.358694025389657,0.0058150368273745,1.05988664200487,0.974699092793635
19.2780861832,0.709212141400636,0.490076037150749,0.3506383087538,0.484436988530807,0.358573832646836,0.00563904861994208,1.05985045015444,0.974513025681556
19.283619503,0.709133858632589,0.489894874798885,0.350680292566141,0.484432055086588,0.358453566066448,0.00546281971229706,1.05981415119873,0.974326929885473
19.2891528228,0.709055493295973,0.489711055856903,0.35072224832085,0.484431594267753,0.358333244975123,0.00527946158914977,1.05977774161682,0.974142650124656
19.2946861426,0.708977053225007,0.489524789287735,0.350764164528949,0.48443539265211,0.358212888696057,0.00508939663562541,1.05974121775396,0.973960181939845
19.3002194624,0.708898546456773,0.489336325548671,0.350806029833388,0.484443168166597,0.358092516623385,0.0048931573820733,1.05970457629016,0.973779493715268
19.3057527822,0.708819980907485,0.489145911382235,0.35084783283247,0.484454645652913,0.357972148075015,0.00469126572932166,1.05966781373995,0.973600557035148
19.311286102,0.708741364446057,0.488953790915902,0.350889562030106,0.484469552196762,0.357851802415951,0.00448423871914067,1.05963092647616,0.973423343112664
19.3168194218,0.708662705033723,0.488760212024989,0.350931206052978,0.484487609760179,0.357731498980745,0.00427260226481047,1.0595939110867,0.973247821785168
19.3223527416,0.708584010614489,0.488565422493239,0.350972753556365,0.484508541455643,0.357611257058124,0.00405688103759649,1.05955676417085,0.973073963948882
19.3278860614,0.708505289097414,0.488369668223584,0.351014193110522,0.484532072309666,0.357491095986891,0.00383759591391769,1.05951948220794,0.972901740533251
19.3334193812,0.708426548397066,0.488173194738112,0.351055513202134,0.484557927439962,0.357371035194932,0.00361526729814915,1.0594820615992,0.972731122178074
19.338952701,0.708347796463972,0.487976250204345,0.351096702600916,0.484585828649376,0.357251093863056,0.00339042155496966,1.05944449906489,0.972562078853721
19.3444860208,0.708269041214346,0.487779081585355,0.351137749936897,0.484615501067087,0.357131291277449,0.00316358051826854,1.05940679115124,0.972394582652442
19.3500193406,0.708190290580427,0.487581934224823,0.351178643625289,0.484646669025541,0.357011646955139,0.00293526519928139,1.05936893420572,0.972228603250364
19.3555526604,0.70811155248956,0.487385055346191,0.351219372431637,0.484679055476131,0.356892180057922,0.00270599987006015,1.0593309249212,0.972064110822323
19.3610859802,0.708032834856315,0.487188692220979,0.351259925055274,0.484712385416497,0.35677290980104,0.00247630680448147,1.05929275991159,0.971901077637476
19.3666193,0.707954145617435,0.486993091036249,0.351300290028465,0.484746382582096,0.35665385558897,0.00224670845415381,1.0592544356459,0.971739473618345
19.3721526198,0.70787549272488,0.486798498481157,0.351340455874152,0.484780770124978,0.356535036850728,0.00201772835617908,1.05921594859903,0.971579268606135
19.3776859396,0.707796884064101,0.486605161101905,0.351380411456845,0.484815272990786,0.356416472607256,0.00178988811111874,1.05917729552095,0.971420434092691
19.3832192594,0.707718327551313,0.486413325877045,0.351420145437401,0.484849616374201,0.356298182113912,0.00156370950284429,1.05913847298871,0.971262942251247
19.3887525792,0.707639831203558,0.486223240034912,0.351459646110903,0.484883521145579,0.356180185092655,0.0013397188893331,1.05909947731446,0.97110676118049
19.394285899,0.707561402871332,0.486035149015247,0.351498902442584,0.484916713041527,0.356062500428749,0.00111843597372069,1.05906030531392,0.970951862056774
19.3998192188,0.70748305046125,0.485849286092947,0.351537903144449,0.484948901074984,0.355945147316801,0.000900385017962968,1.0590209536057,0.97079818716793
19.4053525386,0.707404781959221,0.485665778410679,0.351576636679641,0.484979661303476,0.35582814527958,0.000686117107202622,1.05898141863886,0.970645439714155
19.4108858584,0.707326605311633,0.485484790934707,0.351615091668656,0.485008617447959,0.355711513642977,0.000476173486748166,1.05894169698029,0.970493408382666
19.4164191782,0.707248528360345,0.485306501955681,0.351653257039721,0.48503541518869,0.355595271320624,0.000271086766990891,1.05890178540007,0.97034191714437
19.421952498,0.707170559025495,0.485131090994089,0.351691121473666,0.485059697688707,0.355479437551828,7.13933053820837e-05,1.05886168049916,0.970190788682797
19.4274858178,0.707092705418632,0.484958740791231,0.351728673147258,0.485081100924057,0.355364032271374,-0.000122360132825683,1.05882137856589,0.970039841715288
19.4330191376,0.707014975282222,0.484789627041414,0.351765901254596,0.485099273376737,0.355249074027627,-0.000309646335323599,1.05878087653682,0.969888900418151
19.4385524574,0.706937376532479,0.484623929871319,0.351802794500663,0.485113859219537,0.355134582031816,-0.000489929348217344,1.05874017103314,0.969737789090856
19.4440857772,0.706859917225954,0.484461830748413,0.351839341249234,0.485124495801576,0.35502057597672,-0.00066266505316287,1.05869925847519,0.969586326549988
19.449619097,0.70678260526051,0.484303508575241,0.351875530280373,0.485130826706974,0.354907074980137,-0.000827318131733146,1.05865813554088,0.969434335282215
19.4551524168,0.706705448455886,0.484149146348545,0.351911350555834,0.485132489643391,0.354794097900052,-0.000983343294846173,1.05861679901172,0.969281635991937
19.4606857366,0.706628454767226,0.484000234679979,0.351946790708478,0.485126929126807,0.354681664058749,-0.00112669444682789,1.0585752454757,0.969127163806787
19.4662190564,0.706551632328833,0.48385760682515,0.351981838973263,0.485112691691967,0.35456979335557,-0.00125508486681714,1.0585334713021,0.968970298517117
19.4717523762,0.706474988825414,0.483720846207123,0.352016484629249,0.485090419016491,0.354458504196165,-0.00136957280936789,1.05849147345466,0.968811265223615
19.477285696,0.706398532173184,0.483589545500567,0.352050716413532,0.485060739321874,0.354347815759652,-0.00147119382130723,1.05844924858672,0.968650284822441
19.4828190158,0.706322270520819,0.483463301268206,0.35208452256119,0.485024271959891,0.354237747959629,-0.00156097069168493,1.05840679308201,0.968487573228096
19.4883523356,0.706246181338754,0.48334170185926,0.352117934249532,0.48498165054753,0.354128247089223,-0.00163994868827,1.05836411558829,0.96832335240679
19.4938856554,0.706170159782122,0.483224337389412,0.352151097051152,0.4849335064899,0.35401906273097,-0.00170916910048752,1.05832125683327,0.968157843879312
19.4994189752,0.70609419373885,0.483110801220554,0.352184027438907,0.484880465085664,0.353910166299943,-0.00176966386510968,1.05827822117776,0.967991266306218
19.504952295,0.706018280591257,0.483000687179423,0.352216728621871,0.484823151183899,0.353801551969386,-0.00182246400447528,1.05823500921313,0.967823838363322
19.5104856148,0.705942417616694,0.482893583148609,0.352249204280631,0.484762198505927,0.353693213336063,-0.0018686153573188,1.05819162189732,0.967655781654536
19.5160189346,0.705866602160408,0.482789081442062,0.352281457803926,0.484698234411468,0.353585144356482,-0.00190915296940614,1.05814805996433,0.967487315853531
19.5215522544,0.705790831624313,0.482686776258764,0.352313492283481,0.48463188317402,0.353477339340832,-0.00194510691525634,1.05810432390779,0.967318659432784
19.5270855742,0.7057151033021,0.482586256944056,0.352345311345124,0.484563775762627,0.353369791956976,-0.00197751881857111,1.05806041464722,0.967150032706682
19.532618894,0.70563941452535,0.48248713117557,0.352376918443359,0.484494547386549,0.353262496081991,-0.00200741621097877,1.05801633296871,0.966981678562119
19.5381522138,0.705563762660379,0.482389029349007,0.352408316833981,0.48442484231265,0.353155445826398,-0.00203581296364375,1.05797207949436,0.966813871661657
19.5436855336,0.705488145060797,0.482291516147683,0.352439509821422,0.484355276450384,0.353048635239376,-0.00206376030270161,1.05792765488222,0.966646792598067
19.5492188534,0.705412559033865,0.482194151151262,0.352470501009882,0.484286462532043,0.352942058023983,-0.00209231138078048,1.05788306004375,0.966480613683305
19.5547521732,0.705337001924827,0.482096494876162,0.352501293782172,0.48421901261021,0.352835708142655,-0.00212251773404859,1.057838295707,0.966315507486372
19.560285493,0.705261471115243,0.481998106303767,0.352531891217664,0.484153542941267,0.352729579897579,-0.00215543663749923,1.05779336233291,0.966151649245034
19.5658188128,0.705185963908408,0.48189854627607,0.352562296988701,0.484090663770166,0.352623666919707,-0.00219211749409609,1.05774826089711,0.965989210046235
19.5713521326,0.705110477646655,0.481797375247935,0.352592514497793,0.484030986619171,0.352517963148862,-0.00223361137123612,1.05770299214445,0.965828361867105
19.5768854524,0.705035009687895,0.481694152061318,0.352622546973136,0.483975127351223,0.352412462714758,-0.00228097528990467,1.05765755666103,0.965669279412542
19.5824187722,0.704959557371439,0.481588436297411,0.352652397796112,0.483923699646733,0.352307159575327,-0.0023352633493221,1.05761195516755,0.965512135944144
19.587952092,0.70488411802725,0.481479789978865,0.352682070503697,0.483877311876717,0.352202047523553,-0.0023975218978512,1.05756618853095,0.965357101855582
19.5934854118,0.704808689001209,0.481367773286937,0.352711568458121,0.483836576349904,0.352097120543087,-0.0024688030629671,1.05752025745933,0.965204349636841
19.5990187316,0.704733267645412,0.481251941101595,0.352740894779371,0.483802116094261,0.351992372866042,-0.00255017499266569,1.05747416242478,0.965054057195856
19.6045520514,0.704657851289069,0.481131858925227,0.352770053124105,0.483774533708127,0.351887798164964,-0.00264267478289931,1.05742790441317,0.964906392633354
19.6100853712,0.704582437277426,0.481007086777531,0.352799046866613,0.483754440412893,0.351783390410812,-0.0027473536353616,1.05738148414404,0.964761527190424
19.615618691,0.704507022952787,0.480877184969107,0.352827879216625,0.483742463325287,0.351679143736162,-0.00286527835617978,1.05733490216941,0.964619648294395
19.6211520108,0.70443160565457,0.480742118310001,0.352856553614119,0.483739548506172,0.351575052040451,-0.00299743019617116,1.05728815926869,0.964481666816172
19.6266853306,0.704356182728239,0.480602925325796,0.352885073538026,0.483744536807411,0.351471109190213,-0.0031416114816144,1.05724125626627,0.964347462133207
19.6322186504,0.704280751516019,0.480460172131924,0.352913442316901,0.483756426579531,0.351367309199118,-0.00329625444760667,1.05719419383292,0.964216598711455
19.6377519702,0.70420530934621,0.480314056231127,0.352941663159733,0.483774833850803,0.351263646186476,-0.00346077761967606,1.05714697250594,0.96408889008193
19.64328529,0.704129853575472,0.480164783859298,0.352969739649944,0.48379935954905,0.351160113925528,-0.0036345756897514,1.05709959322542,0.963964143408348
19.6488186098,0.704054381549053,0.480012556321797,0.352997675155862,0.483829613988575,0.351056706393191,-0.00381705766677848,1.05705205670491,0.963842170310372
19.6543519296,0.703978890586446,0.479857571245566,0.353025472877898,0.483865212671808,0.350953417708548,-0.00400764142624266,1.05700436346434,0.963722783917374
19.6598852494,0.703903378041582,0.479700032327089,0.353053136296328,0.483905761069405,0.350850241745255,-0.00420572874231578,1.05695651433791,0.963605793396494
19.6654185692,0.703827841268223,0.479540142129087,0.353080668841227,0.483950867163404,0.350747172426996,-0.00441072503431722,1.05690851010945,0.963491009292491
19.670951889,0.703752277597734,0.479378100690859,0.353108073816651,0.484000142671425,0.350644203781083,-0.00462204198056593,1.05686035141439,0.963378243362283
19.6764852088,0.703676684349026,0.479214107990613,0.353135354502281,0.484053199377132,0.350541329846745,-0.00483909138651889,1.05681203885131,0.963267307367745
19.6820185286,0.703601058899008,0.479048367866056,0.353162514417517,0.484109642771905,0.350438544481491,-0.00506127490584857,1.05676357331652,0.963158010637961
19.6875518484,0.703525398592927,0.478881081529504,0.353189556924759,0.484169083118167,0.350335841668167,-0.00528800158866383,1.05671495551769,0.963050164647671
19.6930851682,0.703449700720261,0.478712448161645,0.353216485224267,0.484231133235992,0.350233215495994,-0.00551868507434622,1.05666618594453,0.962943581397637
19.698618488,0.703373962663865,0.478542670911378,0.353243302818366,0.484295399751151,0.350130659845499,-0.00575272883977279,1.05661726548223,0.962838070662529
19.7041518078,0.703298181778591,0.478371951394325,0.353270013097487,0.484361492325104,0.350028168681104,-0.00598954093077952,1.05656819487608,0.962733443719429
19.7096851276,0.703222355377745,0.478200490177728,0.353296619350375,0.484429021558672,0.34992573602737,-0.00622853138094348,1.05651897472812,0.9626295117364
19.7152184474,0.703146480785251,0.47802848858556,0.353323124909142,0.484497596943965,0.34982335587611,-0.00646910835840514,1.05646960569439,0.962526085529525
19.7207517672,0.703070555391066,0.477856148603022,0.353349533238402,0.484566827377172,0.349721022152664,-0.00671067877415005,1.05642008862947,0.962422975980194
19.726285087,0.702994576540437,0.477683671374943,0.353375847694692,0.484636323014723,0.349618728845745,-0.00695265163978037,1.05637042423513,0.962319994389666
19.7318184068,0.702918541485624,0.477511258181446,0.353402071487302,0.484705692866554,0.349516469998322,-0.00719443468510855,1.05632061297293,0.962216951048
19.7373517266,0.702842447652808,0.477339110506913,0.353428208122411,0.484774546743932,0.349414239530398,-0.00743543623701926,1.05627065577522,0.962113657250845
19.7428850464,0.702766261420851,0.477167429565555,0.35345421160508,0.484842494890933,0.349312049815772,-0.00767506532537743,1.05622047302593,0.962009924456488
19.7484183662,0.702689920477922,0.476996417036578,0.353479990224465,0.484909145756783,0.349209930253457,-0.0079127287202046,1.05616991070239,0.961905562793361
19.753951686,0.702613421488936,0.476826274460012,0.353505546243357,0.484974108603106,0.349107875245579,-0.00814783414309339,1.05611896773229,0.961800383063118
19.7594850058,0.702536762853586,0.47665720251424,0.353530884658613,0.4850369946804,0.349005878194973,-0.00837979216616036,1.0560676475122,0.96169419719464
19.7650183256,0.702459942826969,0.4764894024885,0.353556010255476,0.485097413708811,0.348903932571493,-0.00860801122031168,1.05601595308244,0.961586816197311
19.7705516454,0.702382959457033,0.476323077749012,0.353580927560525,0.485154971020505,0.348802031896507,-0.00883189327149286,1.05596388701756,0.961478048769516
19.7760849652,0.702305811264762,0.476158427558538,0.353605641716062,0.48520928059918,0.348700169548699,-0.00905085304064107,1.05591145298082,0.961367708157718
19.781618285,0.702228496526683,0.475995653086824,0.353630157534134,0.485259952663531,0.34859833899255,-0.00926429957670749,1.05585865406082,0.961255605750355
19.7871516048,0.702151013340646,0.475834957711454,0.353654479622743,0.485306592586923,0.348496533717903,-0.00947163487546931,1.05580549296339,0.961141550298377
19.7926849246,0.702073360056222,0.475676542058015,0.353678612894382,0.485348811568175,0.34839474716184,-0.00967226951015981,1.0557519729506,0.96102535362619
19.7982182444,0.701995535050021,0.475520383372064,0.353702562277968,0.485386595394131,0.348292972772053,-0.00986621202206694,1.05569809732799,0.960906978766196
19.8037515642,0.701917536541622,0.47536413266173,0.353726332525759,0.485423827079205,0.348191204015863,-0.010059694417475,1.05564386906738,0.960787959740935
19.809284884,0.701839362629814,0.475207150162828,0.353749928278842,0.485461555887789,0.348089434350972,-0.0102544057249611,1.05558929090866,0.960668706050617
19.8148182038,0.701761011993734,0.475050056938264,0.353773354553083,0.485499917622724,0.347987657440651,-0.0104498606844602,1.05553436654682,0.960549974560988
19.8203515236,0.70168249571793,0.474893196419954,0.353796613440905,0.485538922088927,0.347885882277024,-0.0106457256689725,1.05547910915883,0.960432118508881
19.8258848434,0.701603820239585,0.474736608168529,0.35381970776379,0.485578440139484,0.347784112475795,-0.0108418319709556,1.05542352800338,0.960315048308013
19.8314181632,0.701524984276443,0.474580331250583,0.353842642404114,0.485618341518365,0.347682341872329,-0.0110380102677821,1.05536762668056,0.960198672768947
19.836951483,0.701445967792544,0.474424404754554,0.353865447988846,0.485658496439489,0.347580519803698,-0.0112340916849348,1.05531141578139,0.960082901194043
19.8424848028,0.701366725702679,0.47426886810179,0.353888189405952,0.485698775328297,0.347478536296727,-0.0114299072265077,1.05525491510863,0.959967643430087
19.8480181226,0.701287261769944,0.474113769021097,0.353910863983683,0.485739058309018,0.347376397786261,-0.0116252892879207,1.05519812575363,0.959852827330115
19.8535514424,0.701207582641821,0.473959385190204,0.353933465718936,0.485779506603006,0.347274116922884,-0.0118201214128015,1.05514104836076,0.95973889179321
19.8590847622,0.701127694708923,0.473805857658941,0.35395598853828,0.48582011468596,0.347171706170643,-0.0120142570270194,1.0550836832472,0.959625972344902
19.864618082,0.701047604079705,0.473653211834292,0.353978426234473,0.485860734451489,0.347069177845232,-0.0122075226171966,1.05502603031418,0.959513946285782
19.8701514018,0.700967317405583,0.473501472043315,0.35400077283994,0.485901219241494,0.346966544565643,-0.0123997471981791,1.05496809024552,0.959402691284809
19.8756847216,0.700886841119126,0.473350663453522,0.354023022309704,0.485941422658894,0.346863818809422,-0.0125907592053722,1.05490986342883,0.959292086112416
19.8812180414,0.700806181484919,0.473200811241043,0.354045168502632,0.48598119683956,0.346761012982287,-0.0127803855985171,1.05485134998755,0.959182008080603
19.8867513612,0.70072534486926,0.473051940537362,0.354067205322673,0.48602039432788,0.346658139546587,-0.0129684537905181,1.05479255019193,0.959072334865243
19.892284681,0.700644337833706,0.472904075753695,0.354089126816292,0.486058869082927,0.346555211017414,-0.0131547933292319,1.05473346465,0.958962944836623
19.8978180008,0.700563166768872,0.47275724188779,0.354110926932668,0.486096474292296,0.346452239836204,-0.0133392324045057,1.05467409370154,0.958853716180086
19.9033513206,0.700481837818281,0.472611465173995,0.354132599399699,0.486133060610852,0.346349238418582,-0.0135215954368565,1.05461443721798,0.958744525784847
19.9088846404,0.700400357638092,0.472466769211519,0.354154138375925,0.486168482969666,0.346246219262167,-0.0137017137581473,1.05455449601402,0.958635252181185
19.9144179602,0.700318732621062,0.472323179121733,0.35417553782149,0.486202594749439,0.346143194799571,-0.0138794156277067,1.05449427044255,0.958525773871172
19.91995128,0.700236969038074,0.472180720587696,0.354196791556788,0.486235247260123,0.346040177481285,-0.0140545266724275,1.05443376059486,0.958415967847819
19.9254845998,0.700155073317712,0.4720394184778,0.354217893557041,0.486266293610831,0.34593717976067,-0.014226875133031,1.05437296687475,0.958305712088631
19.9310179196,0.700073051952948,0.471899297044782,0.354238837900226,0.486295588206346,0.345834214052722,-0.0143962911615639,1.05431188985317,0.958194885251128
19.9365512394,0.699990911314067,0.471760381412947,0.354259618525258,0.486322983782136,0.34573129278881,-0.0145626023691897,1.05425052983932,0.958083365195083
19.9420845592,0.699908657657994,0.471622698070179,0.354280229171261,0.486348330505455,0.345628428486734,-0.014725632435276,1.05418888682926,0.957971028575634
19.947617879,0.699826297549959,0.471486270291419,0.354300664060078,0.486371484452477,0.345525633489881,-0.0148852141610576,1.05412696161004,0.957857754743895
19.9531511988,0.699743837380576,0.471351123004716,0.354320917170511,0.48639229877957,0.345422920210065,-0.0150411757748542,1.05406475455109,0.957743421784286
19.9586845186,0.699661283444369,0.471217282623138,0.354340982266885,0.486410623783585,0.345320301177484,-0.0151933411604464,1.05400226571125,0.957627906406723
19.9642178384,0.699578642197525,0.471084773461895,0.354360853426958,0.486426313771065,0.345217788770567,-0.01534154030917,1.05393949562448,0.95751108723296
19.9697511582,0.699495920081771,0.470953619682948,0.354380524742621,0.486439223219987,0.345115395339151,-0.0154856035370387,1.05387644482439,0.957392842902935
19.975284478,0.699413123462264,0.470823933526204,0.354399990123276,0.486449058865614,0.345013133338988,-0.0156251253394101,1.05381311358554,0.957272992391818
19.9808177978,0.699330258681072,0.470696128601029,0.354419243356157,0.486455022385244,0.344911015324915,-0.0157588937842154,1.05374950203723,0.957151150986274
19.9863511176,0.699247332223412,0.470570117434433,0.354438278703586,0.486457155832589,0.344809053519825,-0.0158870383981565,1.053685610927,0.957027273267022
19.9918844374,0.699164350479896,0.470445740833955,0.354457090163794,0.486455620479226,0.344707260316102,-0.0160098796452717,1.05362144064369,0.956901361313181
19.9974177572,0.699081319786031,0.470322841857393,0.354475671427895,0.486450573929664,0.344605648358137,-0.0161277320722708,1.05355699121393,0.956773415787057
20.002951077,0.698998246590925,0.470201259690915,0.354494016707774,0.486442181172274,0.344504229883151,-0.016240921481359,1.0534922632987,0.956643440863188
20.0084843968,0.698915137302403,0.470080834510004,0.354512120092096,0.486430604582873,0.344403017210308,-0.0163497700728689,1.0534272573945,0.956511439092877
20.0140177166,0.69883199829783,0.469961407996782,0.354529975443745,0.486416004299199,0.344302022854085,-0.0164545963024168,1.05336197374158,0.956377412295981
20.0195510364,0.698748835969741,0.469842821463114,0.354547576629913,0.486398540997254,0.344201259339828,-0.0165557195341397,1.05329641259965,0.956241362460369
20.0250843562,0.698665656740675,0.469724914483763,0.354564917936397,0.486378379017199,0.344100738804278,-0.0166534645334369,1.05323057467707,0.956103293500962
20.030617676,0.698582467001248,0.469607527814041,0.354581993380261,0.486355679569651,0.344000473620988,-0.0167481517556096,1.05316446038151,0.955963207383693
20.0361509958,0.698499273145287,0.469490503477474,0.354598796562707,0.486330601736237,0.34390047658258,-0.0168400982587633,1.05309806970799,0.955821105213711
20.0416843156,0.69841608158014,0.469373681362039,0.354615321861691,0.486303310035003,0.343800759718449,-0.0169296286729642,1.05303140344183,0.955676991397042
20.0472176354,0.698332898697071,0.469256901891106,0.35463156334596,0.48627396570907,0.34370133535111,-0.0170170638179645,1.05296446204303,0.955530867600176
20.0527509552,0.698249730902993,0.469140006427257,0.354647514815329,0.486242729630387,0.343602216087664,-0.0171027232031306,1.05289724571832,0.955382736057644
20.058284275,0.698166584606226,0.469022835723463,0.354663170249133,0.486209763652181,0.343503414357093,-0.0171869279287182,1.05282975485536,0.955232599375645
20.0638175948,0.698083466183977,0.468905230318278,0.354678523940105,0.486175230241447,0.343404942243872,-0.0172699999231691,1.05276199012408,0.955080460559724
20.0693509146,0.698000382028287,0.46878751651043,0.354693569912806,0.486139882608238,0.343306812115481,-0.017352366097808,1.05269395194109,0.954927399118668
20.0748842344,0.697917338604363,0.468670246655174,0.35470830169573,0.486104668826205,0.343209036908633,-0.0174344221710315,1.05262564030009,0.954774915481379
20.0804175542,0.697834342247395,0.468553434284611,0.354722713831739,0.486069810143351,0.343111628415656,-0.01751637585874,1.05255705607913,0.954623244427962
20.085950874,0.697751399347999,0.468436921623152,0.354736800364583,0.48603544686151,0.343014598983416,-0.0175985252383584,1.05248819971258,0.954472368484663
20.0914841938,0.697668516359978,0.468320545408905,0.354750555014907,0.486001715770697,0.342917961345071,-0.0176811703617915,1.05241907137489,0.954322261179602
20.0970175136,0.697585699672755,0.468204143620993,0.354763971906724,0.485968755031468,0.342821727766031,-0.0177646114104749,1.05234967157948,0.954172898652462
20.1025508334,0.697502955635543,0.468087555044127,0.354777045323612,0.485936702790624,0.342725910311931,-0.0178491477464968,1.05228000095915,0.954024257834751
20.1080841532,0.697420290658502,0.467970617529658,0.354789769237986,0.485905696756721,0.342630521420516,-0.0179350792270627,1.05221005989649,0.953876314286379
20.113617473,0.697337711245485,0.467853167681526,0.3548021372695,0.485875875424503,0.342535573975985,-0.018022707742977,1.05213984851498,0.953729043106029
20.1191507928,0.697255223674918,0.467735044758318,0.354814143978896,0.485847375643526,0.342441079696022,-0.0181123308852072,1.05206936765381,0.953582420401844
20.1246841126,0.697172834337416,0.467616087202693,0.354825783429035,0.485820335318179,0.342347050908381,-0.0182042481154856,1.05199861776645,0.953436422520872
20.1302174324,0.697090549751013,0.46749613124553,0.354837049245758,0.485794893219297,0.342253500505255,-0.0182987619737667,1.05192759899677,0.953291024464827
20.1357507522,0.697008376251555,0.467375015605809,0.354847935730634,0.485771186377448,0.34216044052092,-0.0183961707716391,1.05185631198219,0.953146201983258
20.141284072,0.6969263201776,0.4672525791102,0.35485843714246,0.485749351642618,0.342067883035139,-0.0184967725324172,1.05178475732006,0.953001930752818
20.1468173918,0.696844387974769,0.467128659092328,0.354868547386011,0.485729527150835,0.341975840588758,-0.0186008680585074,1.05171293536078,0.952858186243163
20.1523507116,0.69676258615088,0.467003551386956,0.354878260205239,0.485711083307563,0.341884325945642,-0.0187075319206068,1.05164084635612,0.952714634694519
20.1578840314,0.696680920944935,0.466878435790821,0.354887570163279,0.485691911805882,0.341793350781656,-0.0188134760150607,1.05156849110821,0.952570347596703
20.1634173512,0.696599329673777,0.466753303834601,0.354896566374608,0.485671892843433,0.34170276329917,-0.0189185890088323,1.05149589604838,0.952425196678033
20.168950671,0.696517648837807,0.466628067551674,0.354905476335444,0.485651039635332,0.341612172502363,-0.0190229720836578,1.05142312517325,0.952279107187006
20.1744839908,0.696435876226969,0.466502638798984,0.354914306112215,0.485629366912865,0.341521570114754,-0.0191267281138807,1.05135018233918,0.952132005711849
20.1800173106,0.696354017502593,0.466376929184053,0.354923050781446,0.485606888317847,0.341430966721146,-0.0192299591337941,1.05127706828404,0.951983817501901
20.1855506304,0.696272078250305,0.466250850701817,0.354931705337214,0.485583617578961,0.341340372913091,-0.0193327668771439,1.05120378358752,0.951834468280778
20.1910839502,0.696190064083387,0.466124315287216,0.35494026478521,0.485559568633846,0.341249799298177,-0.0194352533466305,1.0511303288686,0.951683883921062
20.19661727,0.6961079807164,0.465997234778167,0.354948724282179,0.48553475544794,0.34115925643422,-0.0195375206697734,1.05105670499858,0.951531990226107
20.2021505898,0.696025833781113,0.46586952076716,0.354957078890502,0.485509191299617,0.341068754890612,-0.0196396705324571,1.05098291267162,0.951378712066778
20.2076839096,0.695943628828803,0.465741085240572,0.354965323493009,0.485482890313769,0.340978305335793,-0.0197418050731971,1.05090895232181,0.951223975554342
20.2132172294,0.695861371583524,0.465611840443479,0.354973453310596,0.485455866509842,0.340887918272929,-0.0198440260663637,1.05083482489412,0.951067706953321
20.2187505492,0.695779067683415,0.465481697482984,0.354981463425413,0.485428132460212,0.340797604258002,-0.0199464349772273,1.05076053110883,0.950909829943196
20.224283869,0.695696722731542,0.465350568615107,0.354989348801575,0.485399702631113,0.340707373929967,-0.0200491340160058,1.05068607153312,0.950750271246219
20.2298171888,0.695614342372295,0.465218365835913,0.354997104498258,0.485370590942239,0.340617237874036,-0.0201522251063251,1.05061144687055,0.950588956778152
20.2353505086,0.695531932271683,0.465085000879223,0.355004725699718,0.485340810231284,0.340527206571965,-0.0202558093520612,1.0505366579714,0.950425811110507
20.2408838284,0.695449498059932,0.464950385366871,0.355012207472774,0.485310373675438,0.340437290587158,-0.020359988308567,1.05046170553271,0.950260759042309
20.2464171482,0.695367045351037,0.464814431129227,0.355019544671809,0.485279296265146,0.340347500679229,-0.0204648651359198,1.05038659002285,0.950093727394373
20.251950468,0.695284579814246,0.464677050884454,0.35502673260461,0.485247591018157,0.340257847209636,-0.0205705401337033,1.05031131241886,0.949924641902611
20.2574837878,0.69520210708133,0.464538155043669,0.355033766357517,0.48521526946636,0.340168340723813,-0.0206771144226903,1.05023587343885,0.949753424510029
20.2630171076,0.69511963278808,0.46439765627947,0.355040640850945,0.485182347363395,0.340078991937135,-0.0207846910839244,1.05016027363903,0.949580003642865
20.2685504274,0.695037162579431,0.46425546673241,0.355047351223815,0.485148838091077,0.339989811355615,-0.0208933713586673,1.05008451380325,0.949404304823487
20.2740837472,0.694954702088123,0.46411149779335,0.35505389267415,0.485114753440093,0.339900809413973,-0.0210032556467435,1.05000859476227,0.949226251233443
20.279617067,0.69487225695175,0.463965661242696,0.355060260247084,0.485080107040395,0.339811996704666,-0.0211144457976998,1.04993251719883,0.949045768283091
20.2851503868,0.694789832835564,0.463817868916997,0.355066448832485,0.485044914299408,0.339723384003079,-0.0212270453824113,1.04985628166805,0.948862783216405
20.2906837066,0.694707435350187,0.46366803361525,0.355072453773923,0.485009187194383,0.339634981576264,-0.0213411535791336,1.04977988912411,0.948677220809633
20.2962170264,0.694625070127391,0.463516065565468,0.355078270174238,0.484972936900312,0.339546799953153,-0.0214568713348443,1.04970334030163,0.948489002465779
20.3017503462,0.694542742850973,0.46336212856117,0.355083892896761,0.484936487701003,0.339458849954212,-0.0215743591398331,1.04962663574773,0.948298616262174
20.307283666,0.694460459135848,0.463206480535691,0.355089317186674,0.48490027498728,0.339371141949174,-0.0216937944515889,1.04954977632252,0.94810675552297
20.3128169858,0.694378224596772,0.463049098443371,0.355094538242376,0.484864390728037,0.339283686354396,-0.0218152922846658,1.04947276283915,0.947913489171407
20.3183503056,0.694296044893985,0.462890055379753,0.355099551074036,0.484828766147698,0.339196493819949,-0.0219387107679442,1.04939559596802,0.947718821527451
20.3238836254,0.694213925713434,0.462729551726701,0.355104350633727,0.484793119411976,0.339109575079707,-0.0220635676852742,1.04931827634716,0.947522671138677
20.3294169452,0.694131872622399,0.46256765117723,0.355108932287519,0.484757396279113,0.339022940334879,-0.0221897451018832,1.04924080490992,0.947325047456343
20.334950265,0.69404989125265,0.462404412570279,0.355113291154893,0.48472154911359,0.338936600097757,-0.0223171365433106,1.04916318240754,0.947125961683868
20.3404835848,0.693967987351272,0.462239895441153,0.355117422029068,0.484685532917196,0.338850565322205,-0.0224456374760437,1.04908540938034,0.946925428358349
20.3460169046,0.693886166472599,0.462074160009206,0.35512132028826,0.484649299960747,0.338764846184339,-0.0225751399515407,1.04900748676086,0.946723459969953
20.3515502244,0.693804434228681,0.461907224366125,0.355124981118212,0.484612783983559,0.338679453110469,-0.0227055596174345,1.04892941534689,0.946520008349684
20.3570835442,0.69372279631769,0.461738709588441,0.355128399481203,0.484575742377358,0.338594396836487,-0.0228370327889169,1.04885119579889,0.946314451965798
20.362616864,0.693641258415701,0.461568579027501,0.355131570418491,0.484538085493721,0.33850968799721,-0.0229695064662199,1.04877282883419,0.946106664521222
20.3681501838,0.693559826061934,0.461396923692398,0.355134489305715,0.48449977990424,0.338425336756219,-0.0231028562118429,1.04869431536765,0.945896703596638
20.3736835036,0.69347850488816,0.461223833561517,0.355137151279468,0.484460792388848,0.338341353608692,-0.0232369588273317,1.04861565616763,0.945684625950365
20.3792168234,0.693397300720031,0.461049398382925,0.355139551050187,0.484421090693509,0.338257749669844,-0.0233716923105841,1.04853685177022,0.945470489076434
20.3847501432,0.693316219020737,0.460873709741492,0.355141684156157,0.484380641902035,0.33817453486458,-0.0235069321605434,1.04845790317689,0.945254351643527
20.390283463,0.693235265414903,0.460696857197637,0.355143545757783,0.484339412214905,0.33809171965712,-0.0236425550172685,1.04837881117269,0.945036269412542
20.3958167828,0.693154445653916,0.460518931278203,0.355145130756899,0.484297369376634,0.338009314897017,-0.0237784380984319,1.04829957641081,0.944816300654837
20.4013501026,0.693073765373417,0.460340022543916,0.355146434311181,0.484254480485012,0.337927331062235,-0.0239144579410954,1.0482201996846,0.944594503028928
20.4068834224,0.692993230099845,0.460160221355763,0.355147451793274,0.484210712374185,0.337845778306571,-0.0240504910184219,1.04814068189312,0.944370933729948
20.4124167422,0.692912845485684,0.459979617895956,0.355148178317933,0.484166032037528,0.337764667167752,-0.024186414141572,1.04806102380362,0.944145649933484
20.417950062,0.692832617388301,0.459798302594636,0.35514860861974,0.4841204064253,0.337684008768561,-0.0243221038306638,1.04798122600804,0.943918709019936
20.4234833818,0.692752551211313,0.459616366218518,0.355148738305106,0.484073803148514,0.337603812906206,-0.0244574369299952,1.04790128951642,0.943690169367032
20.4290167016,0.692672652586491,0.459433898390205,0.355148562536534,0.484026188511847,0.337524090049957,-0.0245922901216415,1.04782121512303,0.943460086902053
20.4345500214,0.692592927333717,0.459250990076274,0.355148076143215,0.483977529781426,0.337444851190502,-0.0247265397051525,1.04774100347693,0.9432285198577
20.4400833412,0.692513381017634,0.459067731714096,0.355147274426743,0.483927794169301,0.337366106590891,-0.0248600624552043,1.04766065544438,0.942995525883397
20.445616661,0.692434019167185,0.458884213261447,0.35514615274456,0.483876948678147,0.337287866422625,-0.0249927354167004,1.04758017191174,0.942761161939595
20.4511499808,0.692354847477992,0.458700525171452,0.355144706161248,0.483824960260188,0.337210141316743,-0.0251244350887361,1.04749955363924,0.942525485431639
20.4566833006,0.692275873906947,0.458516758341373,0.35514292901835,0.483771795409915,0.337132944888597,-0.0252550370685422,1.0474188029253,0.942288553751288
20.4622166204,0.692197148525683,0.458333002728383,0.355140806512294,0.483717422053973,0.33705634201339,-0.0253844193255899,1.04733795503798,0.942050424782355
20.4677499402,0.692118694237291,0.458149348251811,0.355138329769511,0.483661806828507,0.336980364467779,-0.0255124585766967,1.0472570240068,0.941811155080318
20.47328326,0.692040515851883,0.457965886290632,0.35513549375286,0.48360491609491,0.336905022099023,-0.025639029804278,1.04717600960474,0.941570802385542
20.4788165798,0.691962617606475,0.457782706846021,0.355132294185249,0.483546717572344,0.336830323421226,-0.0257640107263231,1.04709491179172,0.941329424418364
20.4843498996,0.691885003852143,0.457599899717429,0.355128726640251,0.483487178340542,0.336756277211893,-0.0258872786231124,1.04701373049239,0.941087078057971
20.4898832194,0.691807679202713,0.457417555535786,0.35512478635136,0.483426265409878,0.336682892851353,-0.026008709874092,1.04693246555407,0.940843820945663
20.4954165392,0.691730648306727,0.4572353533177,0.355120468513125,0.483364634171743,0.336610179793603,-0.0261292808540435,1.04685111681985,0.940599987489443
20.500949859,0.691653915300025,0.457052961340563,0.355115768989425,0.483302957015819,0.3365381463106,-0.0262499956752559,1.04676968428945,0.940355918356383
20.5064831788,0.69157748464388,0.456870438712238,0.355110683223198,0.483241252616271,0.336466801420682,-0.0263708139040328,1.04668816786708,0.940111691328509
20.5120164986,0.691501314998148,0.456687845113966,0.355105269389075,0.48317954037957,0.336396045609073,-0.0264916952656045,1.04660658438722,0.939867385493536
20.5175498184,0.691425327118679,0.456505239733555,0.355099637454434,0.483117838872555,0.336325689664244,-0.0266125991389998,1.04652496457311,0.93962307860611
20.5230831382,0.691349519816436,0.456322681619653,0.355093790553493,0.483056166662488,0.336255729262943,-0.0267334850428351,1.04644331036993,0.93937884828214
20.528616458,0.691273893577326,0.45614022809264,0.355087729556154,0.482994540108819,0.336186164021172,-0.026854312016179,1.04636162313348,0.939134768201459
20.5341497778,0.691198448798338,0.45595712824909,0.355081455443964,0.482931983910125,0.336116993354374,-0.026974855661035,1.0462799042423,0.938889112159215
20.5396830976,0.691123185667315,0.455772781521689,0.355074969449038,0.482867707254919,0.336048216218277,-0.0270949257332305,1.04619815511635,0.938640488776608
20.5452164174,0.691048104540787,0.455587303425745,0.355068272601296,0.482801797756287,0.335979831939491,-0.0272144943305425,1.04611637714208,0.938389101182032
20.5507497372,0.690973206073738,0.455400812337959,0.355061365583498,0.482734346006439,0.33591184049024,-0.0273335336684803,1.04603457165724,0.938135158344398
20.556283057,0.690898490327665,0.455213423697184,0.355054249778112,0.482665440008337,0.335844240549553,-0.0274520163111531,1.04595274010578,0.937878863705522
20.5618163768,0.690823957656826,0.455025251696471,0.355046926222501,0.482595165881614,0.335777031434326,-0.0275699141851432,1.04587088387933,0.937620417578084
20.5673496966,0.69074960858451,0.454836414772446,0.355039395762033,0.482523614520847,0.335710212822477,-0.0276871997484007,1.04578900434654,0.937360029293293
20.5728830164,0.690675443437118,0.454647029116325,0.35503165947268,0.482450874520905,0.335643783964438,-0.0278038454045806,1.0457071029098,0.93709790363723
20.5784163362,0.690601462435698,0.454457209577106,0.355023718550087,0.48237703325304,0.335577743885611,-0.0279198236759344,1.04562518098579,0.936834242830146
20.583949656,0.690527665970286,0.454267072418315,0.355015573997791,0.482302179393792,0.335512091972495,-0.028035106975477,1.04554323996808,0.936569251812107
20.5894829758,0.690454054635305,0.454076735537956,0.355007226594285,0.48222640281507,0.33544682804102,-0.0281496672771143,1.04546128122959,0.936303138353026
20.5950162956,0.690380628517036,0.453886313933412,0.354998677689055,0.482149791737339,0.33538195082798,-0.0282634778039276,1.04537930620609,0.936036105670751
20.6005496154,0.690307387972007,0.453695922596773,0.354989928328089,0.482072433489077,0.335317459643917,-0.0283765108923049,1.0452973163001,0.93576835608585
20.6060829352,0.690234333561858,0.453505679827841,0.354980979335272,0.481994418503294,0.335253354226586,-0.028488738675453,1.04521531289713,0.935500098331134
20.611616255,0.690161465540469,0.45331569953803,0.35497183187567,0.481915834543218,0.335189633664799,-0.028600135005188,1.04513329741614,0.935231534081249
20.6171495748,0.69008878416306,0.453125420754814,0.354962487111478,0.481836468721335,0.335126297051581,-0.0287110479665206,1.04505127127454,0.934961889476149
20.6226828946,0.690016289856409,0.452934365802875,0.354952946020256,0.481756145590412,0.335063343836153,-0.0288217797875366,1.04496923587666,0.934690511393288
20.6282162144,0.689943983145631,0.452742643344934,0.354943209479011,0.481674950447538,0.335000773666619,-0.028932307102604,1.04488719262464,0.934417593792472
20.6337495342,0.68987186414957,0.452550362180703,0.354933278799277,0.481592968904621,0.334938585350293,-0.0290426067239181,1.04480514294885,0.934143331085323
20.639282854,0.689799933224759,0.452357630640309,0.354923155038669,0.481510285987526,0.33487677818609,-0.0291526553472171,1.04472308826343,0.933867916627835
20.6448161738,0.689728190972152,0.452164557483148,0.354912839002774,0.481426986930917,0.334815351969378,-0.0292624294477686,1.04464102997493,0.933591544414065
20.6503494936,0.689656637571172,0.451971251409859,0.354902331940501,0.48134315730366,0.334754305630671,-0.0293719058938011,1.04455896951167,0.933314408713519
20.6558828134,0.689585273312179,0.451777835919149,0.354891634983748,0.48125885755392,0.334693638328431,-0.0294810216347703,1.04447690829593,0.933036693473069
20.6614161332,0.689514098659664,0.451585338342671,0.354880749087312,0.48117263661745,0.334633349572352,-0.0295872982747791,1.04439484774698,0.932757974960121
20.666949453,0.689443114067494,0.451394323853369,0.35486967522156,0.481083815931915,0.334573438845935,-0.0296894920785454,1.04431278928905,0.932478139785284
20.6724827728,0.689372319688051,0.451204764038338,0.354858414663248,0.480992710475682,0.334513905024802,-0.0297879464373442,1.0442307343513,0.93219747451402
20.6780160926,0.689301715877862,0.451016632287624,0.354846968482066,0.480899632325983,0.334454747395797,-0.0298830000383588,1.04414868435993,0.931916264613607
20.6835494124,0.689231303278171,0.450829902878429,0.354835337468636,0.480804890130291,0.334395965809535,-0.0299749872518616,1.04406664074681,0.931634793008719
20.6890827322,0.689161081992006,0.450644547261769,0.354823522950518,0.480708798710084,0.334337559041488,-0.0300642514483151,1.04398460494252,0.931353345971853
20.694616052,0.689091052345836,0.450460539072787,0.354811526032609,0.48061167100086,0.334279526313227,-0.0301511319280728,1.04390257837845,0.931072210073648
20.7001493718,0.689021214842832,0.450277851486282,0.354799347650302,0.480513817322266,0.334221867192529,-0.0302359658359841,1.04382056249313,0.930791668808548
20.7056826916,0.688951569863678,0.450096457270948,0.354786988862226,0.48041554960032,0.334164581001452,-0.0303190923293714,1.0437385587259,0.930512006871268
20.7112160114,0.688882117595257,0.449916329294678,0.354774450913686,0.48031718138794,0.334107666681571,-0.0304008520932627,1.04365656850894,0.930233510682618
20.7167493312,0.68881285840111,0.449737441052615,0.354761734880392,0.480219024911939,0.334051123520717,-0.0304815838593234,1.0435745932815,0.929956465964554
20.722282651,0.688743792942696,0.44955976532454,0.354748841561309,0.480121390613529,0.333994951381387,-0.0305616252889899,1.043492634504,0.929681155938069
20.7278159708,0.688674921265754,0.449383274405319,0.354735772337694,0.480024591390669,0.33393914892806,-0.0306413169853504,1.04341069360345,0.929407865795988
20.7333492906,0.688606243726814,0.449207943002946,0.354722528297484,0.479928941013059,0.33388371542933,-0.0307209980101135,1.0433287720243,0.929136884016005
20.7388826104,0.688537760868693,0.449033742798228,0.35470911036017,0.479834749935402,0.333828650508523,-0.0308010071371749,1.04324687122886,0.92886849273363
20.7444159302,0.688469472996961,0.448860646518993,0.354695519667617,0.479742330277925,0.333773953329344,-0.0308816837589324,1.04316499266458,0.928602976796918
20.74994925,0.688401380333969,0.448688628240804,0.354681757437137,0.479651995000452,0.333719622896832,-0.0309633667596478,1.04308313777111,0.928340623241256
20.7554825698,0.688333483281301,0.448517661067701,0.354667824724121,0.479564056260503,0.333665658557179,-0.0310463951928028,1.04300130800542,0.928081717328204
20.7610158896,0.688265782428508,0.44834769979684,0.35465372242055,0.479478805772553,0.333612060007958,-0.0311311059757138,1.04291950484906,0.927826505569393
20.7665492094,0.688198277855195,0.448177579652178,0.35463945187526,0.479395157251829,0.333558825979936,-0.0312175775996518,1.04283772973045,0.927572736904007
20.7720825292,0.688130969917891,0.448006546953108,0.354625014189823,0.479312530376109,0.333505955728068,-0.0313059834230018,1.04275598410771,0.927319077329217
20.777615849,0.688063859200028,0.447834546444302,0.354610410271471,0.479231205212504,0.333453448928557,-0.0313966587682023,1.0426742694715,0.927065751656806
20.7831491688,0.687996945930124,0.447661523243102,0.354595641340343,0.479151458139177,0.333401304589781,-0.0314899348960755,1.04259258727047,0.926812981382279
20.7886824886,0.687930230366968,0.447487422360593,0.35458070858936,0.479073565080954,0.333349521777608,-0.0315861427203603,1.04251093895633,0.926560987441547
20.7942158084,0.687863712951152,0.447312188486804,0.354565613057258,0.478997804450343,0.333298099893894,-0.0316856159635389,1.04242932600841,0.926309992937146
20.7997491282,0.687797394198388,0.447135765674346,0.354550355724177,0.478924456036171,0.333247038474211,-0.0317886903618256,1.04234774992256,0.926060221710517
20.805282448,0.68773127422311,0.446958099948768,0.354534937910153,0.478853793965325,0.333196336312958,-0.0318956940165572,1.04226621213326,0.925811893914093
20.8108157678,0.687665353381849,0.446779136235841,0.354519360731239,0.47878609534021,0.33314599265061,-0.0320069591043689,1.04218471411309,0.925565231576051
20.8163490876,0.687599632299618,0.446598817702601,0.354503625086191,0.478721642161161,0.333096007213427,-0.0321228244585607,1.04210325738581,0.925320459863762
20.8218824074,0.687534111125949,0.446417090453989,0.35448773226853,0.478660708564372,0.333046378857419,-0.032243618110383,1.04202184339448,0.925077799018361
20.8274157272,0.687468790157035,0.446233899934066,0.35447168345052,0.478603570857796,0.332997106706515,-0.0323696709237303,1.04194047360756,0.924837470791863
20.832949047,0.687403669873445,0.446049236359922,0.354455479658057,0.47855043138176,0.332948190215388,-0.0325011950218382,1.0418591495315,0.924599667741682
20.8384823668,0.687338854537018,0.445863780582771,0.354438980643286,0.478500337399382,0.332899873893732,-0.0326365568166116,1.0417778351803,0.924364117982153
20.8440156866,0.687274511589337,0.445677867707161,0.354421960071468,0.478452912772812,0.332852551517869,-0.0327750450656505,1.0416964716608,0.924130780479973
20.8495490064,0.687210631234767,0.445491615657322,0.354404433008552,0.478408146140706,0.332806198226215,-0.0329165304833842,1.04161506424332,0.923899761798028
20.8550823262,0.687147201374813,0.445305141227835,0.354386417835664,0.478366029014936,0.332760783539149,-0.0330608877871011,1.04153361921048,0.923671170242771
20.860615646,0.687084208574364,0.445118562942522,0.354367934399512,0.478326546353209,0.332716274174852,-0.0332079834106866,1.04145214297388,0.923445109295731
20.8661489658,0.687021640013827,0.444931999125642,0.354349001858248,0.478289686994892,0.33267263815558,-0.0333576878692495,1.04137064187207,0.923221686120534
20.8716822856,0.686959483245987,0.444745566920613,0.354329638972903,0.478255440515478,0.332629844273084,-0.033509873594865,1.04128912221889,0.923001007436091
20.8772156054,0.686897725478931,0.444559384094923,0.354309864875323,0.47822379508102,0.332587860603608,-0.0336644109860967,1.04120759035425,0.922783179175943
20.8827489252,0.686836353598588,0.444373568946791,0.354289699022133,0.478194737792392,0.332546654576455,-0.0338211688456012,1.04112605262072,0.922568306739183
20.888282245,0.686775354864891,0.444188239396227,0.354269160470005,0.478168257489131,0.332506194394887,-0.033980018092905,1.0410445153349,0.922356496885358
20.8938155648,0.686714717017388,0.444003586050867,0.354248267800585,0.478144377180133,0.332466449216804,-0.0341407911292664,1.04096298481797,0.922147963231
20.8993488846,0.686654426703399,0.443820055967121,0.354227040684787,0.47812322887432,0.332427386018612,-0.0343031729071991,1.04088146738819,0.921943284841441
20.9048822044,0.686594471152244,0.443637741420473,0.354205498195758,0.478104790671522,0.332388972956486,-0.0344670492510493,1.040799969348,0.921742532091995
20.9104155242,0.686534775925272,0.443456681360232,0.354183559364948,0.478089016665306,0.332351216560324,-0.0346323353050738,1.04071833529022,0.921545698025538
20.915948844,0.686475217250896,0.443276915001552,0.354161064967224,0.478075859605089,0.332314152283672,-0.0347989446035366,1.04063628221812,0.921352774606641
20.9214821638,0.686415779978204,0.443098482211696,0.354138030705442,0.478065272920152,0.332277749272762,-0.0349667907084562,1.04055381068365,0.921163755131849
20.9270154836,0.686356451339587,0.442921422562625,0.354114475399729,0.478057210578318,0.332241975939858,-0.0351357880156921,1.04047092673932,0.920978633140943
20.9325488034,0.686297218620955,0.442745775416033,0.354090417486458,0.478051626683483,0.332206801134497,-0.0353058512674498,1.04038763610741,0.920797402099515
20.9380821232,0.686238068879828,0.442571579675141,0.354065876639013,0.478048472970568,0.332172192240815,-0.0354768932954271,1.04030394551884,0.92062005264571
20.943615443,0.686178989321893,0.442398876166045,0.354040871801584,0.47804770464112,0.332138117520309,-0.0356488284750753,1.04021986112348,0.920446580807164
20.9491487628,0.68611996720649,0.442227703499093,0.354015421390799,0.478049274578413,0.332104545815692,-0.03582157107932,1.04013538859729,0.920276978077506
20.9546820826,0.686060989670053,0.442058100733038,0.353989544717652,0.478053135201328,0.332071444952401,-0.0359950344682898,1.0400505343877,0.920111235934366
20.9602154024,0.68600204389263,0.441890108358201,0.353963260910453,0.478059240977546,0.332038782982177,-0.0361691326193445,1.03996530480308,0.919949349335747
20.9657487222,0.685943117082847,0.441723765539266,0.353936588709561,0.478067544950245,0.332006528373286,-0.036343779410979,1.03987970579241,0.919791310489511
20.971282042,0.685884196424224,0.441559111399177,0.353909546801456,0.478077999892047,0.331974649622768,-0.0365188884928695,1.03979374322568,0.919637111291224
20.9768153618,0.685825269100436,0.441396185286664,0.353882154557692,0.478090558752217,0.331943114542744,-0.0366943734655527,1.03970742365813,0.919486744038881
20.9823486816,0.685766322317171,0.441235093777636,0.353854430877761,0.478105257063676,0.331911891439409,-0.0368701632860401,1.03962075319493,0.919340350841313
20.9878820014,0.685707343217685,0.441075964861421,0.353826394232786,0.478122156136734,0.331880948984898,-0.0370461912753133,1.03953373745047,0.919198120998155
20.9934153212,0.685648319020657,0.440918738067464,0.35379806390995,0.478141086673858,0.331850255110707,-0.0372223486063936,1.03944638293061,0.919059824741322
20.998948641,0.685589236939973,0.440763144481406,0.353769458870338,0.478162216197377,0.331819778069635,-0.0373990717159712,1.03935869581031,0.918925360678783
21.0044819608,0.68553008412578,0.440607972058487,0.353740597822763,0.478187281568729,0.331789486303016,-0.0375793095102416,1.03927068194854,0.918795253627216
21.0100152806,0.685470847728636,0.440452999612673,0.353711499598633,0.478216364405859,0.331759348130003,-0.0377633647931855,1.03918234732727,0.918669364018531
21.0155486004,0.685411515023658,0.440298193394013,0.353682183316468,0.478249235399122,0.331729331707191,-0.037951042005109,1.03909369834013,0.918547428793135
21.0210819202,0.685352073216534,0.440143518437197,0.353652667828645,0.478285667610139,0.331699405387889,-0.038142149172942,1.03900474104518,0.918429186047337
21.02661524,0.685292509299718,0.439988936435028,0.353622971709414,0.478325434809338,0.331669537590304,-0.0383364983743098,1.03891548100913,0.918314371244366
21.0321485598,0.685232810643571,0.439834413487725,0.353593114117949,0.478368306136448,0.331639696525622,-0.038533892648723,1.03882592476152,0.918202719624172
21.0376818796,0.685172964461098,0.439679915530231,0.353563113897332,0.4784140555409,0.331609850563766,-0.0387341400106681,1.03873607835843,0.918093971071131
21.0432151994,0.685112957809248,0.439525404983524,0.353532989774016,0.478462454985061,0.331579968035232,-0.0389370500015363,1.03864594758326,0.917987859968585
21.0487485192,0.685052777875054,0.439370846353464,0.353502760620408,0.478513276214233,0.331550017254647,-0.0391424298607685,1.03855553849546,0.917884122567697
21.054281839,0.684992411990359,0.439216205440787,0.353472445351775,0.478566291098109,0.331519966638584,-0.0393500856573223,1.03846485734213,0.917782496538896
21.0598151588,0.684931847332569,0.439061446649816,0.353442062764322,0.478621272139812,0.331489784568247,-0.039559825489996,1.03837391009689,0.917682718789629
21.0653484786,0.684871070793454,0.438906532749182,0.353411631608187,0.47867799191151,0.331459439185268,-0.039771459162328,1.03828270240164,0.917584524660692
21.0708817984,0.684810069879659,0.438751429560518,0.353381170788467,0.478736221205215,0.331428899091191,-0.0399847916446961,1.03819124066813,0.917487650765733
21.0764151182,0.684748831796868,0.438596102390126,0.353350699088177,0.478795733364098,0.331398132708691,-0.0401996309739722,1.03809953088505,0.917391835754224
21.081948438,0.684687343474115,0.438440514066534,0.353320235301587,0.478856299949545,0.331367108172527,-0.0404157858830113,1.0380075787757,0.917296814016079
21.0874817578,0.684625592204344,0.438284629529721,0.353289798239475,0.478917692820031,0.331335793964868,-0.0406330632903092,1.03791539044382,0.917202322349752
21.0930150776,0.6845635653414,0.438128414034906,0.353259406664645,0.478979684444659,0.331304158676755,-0.0408512704097527,1.03782297200605,0.917108098479565
21.0985483974,0.684501262101191,0.437971831697175,0.353229076213254,0.479042046918587,0.331272185887938,-0.0410702152214119,1.03773033831445,0.917013878615762
21.1040817172,0.684438791946146,0.437814846235079,0.353198793879817,0.479104551921227,0.331239998066328,-0.0412897056861478,1.03763758582596,0.916919398156306
21.109615037,0.684376173692878,0.437657423084357,0.353168570098595,0.479166971888853,0.331207603594283,-0.0415095488044958,1.03754474379147,0.91682439497321
21.1151483568,0.684313393854226,0.437499526811136,0.353138423650133,0.479229079274563,0.331174970204093,-0.0417295524634262,1.03745181750436,0.916728606085699
21.1206816766,0.68425043870809,0.437341121057563,0.353108373442507,0.479290645283457,0.331142065265583,-0.0419495242258941,1.0373588121506,0.91663176634102
21.1262149964,0.684187294888927,0.437182170891492,0.353078438210376,0.47935144256077,0.331108856678551,-0.0421692716692778,1.0372657330993,0.916533613452262
21.1317483162,0.684123948979417,0.437022640926419,0.353048636685397,0.479411243609926,0.33107531229402,-0.0423886026835069,1.03717258566481,0.916433884536346
21.137281636,0.684060387373067,0.436862495388831,0.353018987714648,0.479469820163252,0.331041399658419,-0.0426073247744211,1.03707937508771,0.916332315552083
21.1428149558,0.683996596415836,0.436701698642765,0.352989510194443,0.479526943689286,0.331007086221393,-0.0428252450465211,1.03698610661028,0.916228642332051
21.1483482756,0.683932562863295,0.436540215641865,0.352960222715858,0.479582387709819,0.330972340147437,-0.0430421720679536,1.03689278557915,0.916122603351684
21.1538815954,0.683868273228279,0.436378043645505,0.35293114402843,0.479635939092465,0.330937129199849,-0.0432578954469598,1.03679941725671,0.91601398273797
21.1594149152,0.683803713616091,0.436216048939759,0.352902293221234,0.479687772415855,0.330901420394857,-0.0434717234760964,1.03670600683732,0.915903821355614
21.164948235,0.683738870848347,0.436054627837917,0.352873688798476,0.479737855276545,0.330865182049871,-0.0436832274386274,1.03661255964682,0.915792483114462
21.1704815548,0.683673731493167,0.435893779251333,0.352845349453121,0.479785975302766,0.330828382040046,-0.0438921960514325,1.03651908094629,0.915679754554099
21.1760148746,0.683608281832179,0.435732997633472,0.352817294130703,0.479832767767654,0.330790987701476,-0.0440997701341816,1.03642557596288,0.915565765401126
21.1815481944,0.683542508277061,0.435570319678187,0.352789541669788,0.479881305874079,0.330752966607273,-0.0443109861958916,1.03633204994685,0.915451625552266
21.1870815142,0.683476624489085,0.435405611755226,0.352761804129535,0.479931599600965,0.33071482035955,-0.0445259878457393,1.03623842861862,0.915337211356191
21.192614834,0.683410887897287,0.435238945911997,0.352733734462051,0.479983315184071,0.330677153435236,-0.0447443692720749,1.03614462235934,0.915222261096068
21.1981481538,0.683345290980905,0.435070393833411,0.35270534332949,0.480036123311444,0.330639947651415,-0.0449657294780333,1.0360506343104,0.915106517144855
21.2036814736,0.683279824949215,0.434900029996383,0.352676643561743,0.480089687032223,0.330603181387472,-0.0451896570358404,1.03595646851096,0.914989717028606
21.2092147934,0.683214481250144,0.434727925420249,0.352647647437783,0.480143671338935,0.33056683381236,-0.0454157459186859,1.03586212868793,0.914871596759184
21.2147481132,0.683149251428881,0.434554764363303,0.352618366977071,0.480198493841495,0.33053088445181,-0.045643729478192,1.03576761840595,0.914753258204797
21.220281433,0.683084126895537,0.434381621614966,0.352588814528453,0.480255047437725,0.330495312367085,-0.0458734258227591,1.03567294142399,0.914636669052691
21.2258147528,0.683019099015782,0.434208611662653,0.352559002574504,0.480313048705432,0.330460096441278,-0.0461044370427798,1.03557810159029,0.914521660368085
21.2313480726,0.682954159253634,0.43403583351442,0.352528943336717,0.480372196909165,0.330425215916916,-0.0463363633947455,1.03548310259035,0.914408030423586
21.2368813924,0.682889299145225,0.43386338585666,0.35249864879029,0.480432190645317,0.330390650354935,-0.0465688047886562,1.03538794793551,0.914295576501977
21.2424147122,0.682824510011374,0.433691368202236,0.3524681315677,0.480492728459654,0.330356378443674,-0.046801360257418,1.03529264157907,0.91418409666189
21.247948032,0.682759783301588,0.433519880187927,0.352437403927334,0.480553510297479,0.330322379374254,-0.0470336301095514,1.03519718722892,0.914073390485406
21.2534813518,0.68269511051545,0.433349020645522,0.352406477912474,0.480614233746001,0.330288632602976,-0.0472652131004787,1.03510158842792,0.913963254391524
21.2590146716,0.682630483054091,0.43317888880293,0.352375365917467,0.480674597805995,0.330255117136624,-0.0474957090030654,1.03500584897156,0.913853486608925
21.2645479914,0.682565892337767,0.433009583867395,0.352344080304941,0.480734302345109,0.330221812032826,-0.0477247184777135,1.03490997264271,0.913743886212504
21.2700813112,0.682501329823384,0.432841205048684,0.352312633264988,0.480793045837242,0.330188696558397,-0.047951840788558,1.03481396308837,0.913634250885926
21.275614631,0.682436786961106,0.432673852212417,0.352281036928802,0.480850525423274,0.330155750032305,-0.0481766732108576,1.03471782388991,0.913524377635691
21.2811479508,0.682372255164832,0.432507623645665,0.352249303753752,0.480906442065425,0.33012295141108,-0.0483988184197595,1.03462155891858,0.91341406571109
21.2866812706,0.68230772588407,0.432342618552157,0.352217445981438,0.480960495182654,0.330090279902632,-0.0486178766304964,1.03452517186551,0.913303113734811
21.2922145904,0.682243190549592,0.432178937470207,0.35218547571229,0.481012380390188,0.330057714837302,-0.048833442919981,1.03442866626188,0.913191317860394
21.2977479102,0.682178640599956,0.432016678616408,0.35215340531976,0.481061798664305,0.330025235280196,-0.0490451200478965,1.03433204591972,0.913078477280713
21.30328123,0.6821140674868,0.431855940687195,0.352121247080012,0.48110845014391,0.329992820406788,-0.0492525094567152,1.03423531456681,0.912964390831105
21.3088145498,0.68204946263672,0.43169682364343,0.352089013185177,0.481152032081216,0.329960449451543,-0.0494552084377857,1.0341384758219,0.912848855724646
21.3143478696,0.681984817460311,0.431539427711705,0.352056715856065,0.481192241494147,0.329928101604245,-0.0496528137824424,1.03404153331638,0.912731669205853
21.3198811894,0.681920123441351,0.43138385022217,0.352024367408529,0.481228780992574,0.329895756032822,-0.0498449307704039,1.03394449084988,0.912612631214744
21.3254145092,0.68185537202935,0.431230190132513,0.35199198006765,0.481261349747966,0.3298633919617,-0.0500311596154528,1.033847352097,0.912491539880479
21.330947829,0.681790554563069,0.43107854995644,0.351959566024494,0.481289640640276,0.329830988538575,-0.0502110906838354,1.03375012058756,0.912368190596716
21.3364811488,0.681725662564893,0.430929026174486,0.351927137565473,0.481313358079618,0.32979852499942,-0.0503843319051315,1.03365280013037,0.912242384254103
21.3420144686,0.681660687494644,0.430781717241138,0.351894706913925,0.481332201718454,0.329765980580719,-0.0505504844773156,1.03355539440857,0.912113918959593
21.3475477884,0.681595620725402,0.430636724417744,0.351862286297615,0.481345867176045,0.329733334427787,-0.0507091427583016,1.03345790702302,0.911982591593789
21.3530811082,0.681530453674599,0.430493342715546,0.351829887960846,0.481355399144251,0.329700565713753,-0.0508620564287048,1.03336034163544,0.911848741859798
21.358614428,0.681465177872691,0.430349865762676,0.351797524111706,0.48136351770961,0.329667653760986,-0.0510136519469339,1.0332627019844,0.911713383472285
21.3641477478,0.681399784764483,0.430206217555523,0.351765206961188,0.481370214581818,0.329634577803296,-0.0511639970262949,1.03316499172567,0.911576432137341
21.3696810676,0.681334265587641,0.430062383461263,0.351732948818743,0.481375378870526,0.329601316768898,-0.0513129954092632,1.03306721440638,0.91143776233179
21.3752143874,0.681268611980663,0.42991834801726,0.351700761823759,0.481378902821024,0.329567850156904,-0.0514605548037644,1.03296937380442,0.911297250838284
21.3807477072,0.681202815393059,0.42977409528373,0.351668658178577,0.481380676142394,0.329534157214481,-0.0516065808586634,1.03287147357164,0.911154771426124
21.386281027,0.681136867121191,0.429629610855492,0.351636650180363,0.481380588830306,0.329500216940829,-0.051750977974814,1.03277351730155,0.911010199685799
21.3918143468,0.681070758635732,0.429484879528754,0.351604750031053,0.481378531713946,0.329466008604679,-0.0518936521851915,1.03267550866679,0.9108634112427
21.3973476666,0.681004481490614,0.429339885452405,0.351572969864887,0.481374395701265,0.329431511625727,-0.0520345102488598,1.0325774513555,0.91071428115367
21.4028809864,0.680938027092423,0.429194613417062,0.351541321907449,0.481368070953665,0.329396705184973,-0.0521734575366024,1.03247934899987,0.910562684370727
21.4084143062,0.68087138665507,0.429049049025005,0.351509818536349,0.48135944661421,0.32936156811872,-0.0523103975892049,1.03238120519142,0.910408495639215
21.413947626,0.680804551879027,0.42890317657401,0.351478471762378,0.48134841530954,0.329326080116649,-0.0524452387355294,1.03228302364141,0.91025159188355
21.4194809458,0.680737514213804,0.428756979844518,0.351447293772839,0.481334866416339,0.329290220440965,-0.0525778865718207,1.03218480798664,0.910091846260857
21.4250142656,0.680670264855849,0.428610445024841,0.35141629696823,0.481318689613816,0.329253967887619,-0.0527082445889751,1.03208656182408,0.909929134638658
21.4305475854,0.680602795375471,0.428463637220986,0.35138549344254,0.481299875174888,0.329217301932931,-0.0528362379539024,1.03198828881801,0.909763512395874
21.4360809052,0.68053509732688,0.428317000669499,0.351354895290246,0.48127887671477,0.329180202036634,-0.0529618760452713,1.03188999261713,0.909595877384269
21.441614225,0.680467162055242,0.428170638619551,0.351324514785581,0.481255713399465,0.329142647269661,-0.0530850747799135,1.03179167684082,0.909426352019016
21.4471475448,0.680398980797116,0.428024599268829,0.35129436430876,0.481230325566858,0.329104616488356,-0.0532057262980291,1.03169334510588,0.909254924835686
21.4526808646,0.680330545291747,0.427878929850394,0.351264455776184,0.48120265757537,0.329066089515563,-0.0533237277249757,1.03159500106793,0.909081587425764
21.4582141844,0.680261846988643,0.427733677999103,0.351234801361083,0.481172651224751,0.329027045627561,-0.0534389732256484,1.03149664834973,0.908906329223855
21.4637475042,0.680192876961135,0.427588892728385,0.351205413601411,0.481140245863752,0.328987463359724,-0.0535513531353675,1.03139829056255,0.908729138592137
21.469280824,0.680123626925576,0.427444621287853,0.351176304417892,0.481105385704116,0.328947322507684,-0.0536607644162629,1.03129993134347,0.90855000699197
21.4748141438,0.680054088413251,0.4273009110638,0.351147485899515,0.481068013148929,0.328906602513736,-0.0537671020851291,1.03120157431277,0.908368924212728
21.4803474636,0.679984252684702,0.427157810570326,0.351118970403405,0.481028068968416,0.328865282281296,-0.0538702583980893,1.03110322308811,0.908185879538742
21.4858807834,0.67991411104554,0.427015368188357,0.351090770247103,0.480985494233962,0.328823340798437,-0.0539701260456045,1.03100488129264,0.908000862422319
21.4914141032,0.679843655250582,0.426873630806175,0.351062897287015,0.480940233264867,0.328780757963567,-0.0540666024586915,1.0309065525376,0.907813864071042
21.496947423,0.679772876749336,0.426732646106963,0.351035363683479,0.480892227945829,0.328737513065857,-0.0541595818388654,1.03080824043281,0.907624874052792
21.5024807428,0.679701766468812,0.42659246381092,0.351008182146219,0.480841416660675,0.328693584322593,-0.0542489528497553,1.03070994861503,0.907433880471594
21.5080140626,0.679630316317809,0.426453130377857,0.350981364357657,0.480787745014935,0.328648951960153,-0.0543346146370777,1.03061168067547,0.907240875392793
21.5135473824,0.679558520851823,0.42631469319441,0.350954918315242,0.48073115494246,0.328603602536581,-0.0544164617480497,1.03051343916706,0.90704584813687
21.5190807022,0.679486384331541,0.426177201357984,0.35092883890495,0.480671586614545,0.328557545426591,-0.054494385256561,1.03041522323649,0.906848787972528
21.524614022,0.67941391312526,0.426040702902636,0.350903118267122,0.480608981980783,0.328510794858138,-0.0545682790781474,1.03031703139238,0.90664968488342
21.5301473418,0.679341113875535,0.425906724598924,0.350877748260496,0.480540809820016,0.328463365615039,-0.0546340852210913,1.03021886213603,0.90644753441894
21.5356806616,0.679267992913717,0.425776840415211,0.350852721079367,0.48046445984371,0.32841527183435,-0.054687619428499,1.03012071399308,0.906241300258921
21.5412139814,0.679194556144379,0.425650775778891,0.350828029368853,0.480380413525923,0.328366526775526,-0.0547296377470316,1.03002258551323,0.906031189304814
21.5467473012,0.679120810427588,0.425528238244054,0.350803664779905,0.480289183275493,0.328317145647683,-0.0547609450314387,1.02992447520749,0.905817421519547
21.552280621,0.679046762121842,0.425408941704545,0.350779619496083,0.480191268651045,0.328267142625759,-0.0547823269465007,1.02982638161793,0.90560021035559
21.5578139408,0.678972417293983,0.425292603860724,0.350755886007548,0.48008716480985,0.328216531286435,-0.054794560949126,1.02972830330153,0.905379768670575
21.5633472606,0.678897782425106,0.425178937239613,0.350732456379757,0.479977375030321,0.328165326045349,-0.0547984377907079,1.02963023880486,0.905156312269934
21.5688805804,0.678822864063265,0.425067653855231,0.350709322617162,0.479862402691382,0.328113541446103,-0.0547947488361513,1.02953218668043,0.904930056546614
21.5744139002,0.678747668491194,0.424958468649054,0.350686477003249,0.479742746632531,0.328061191487946,-0.0547842779834768,1.02943414549444,0.904701215281586
21.57994722,0.678672201785211,0.424851097908011,0.3506639120348,0.479618903709916,0.328008289750411,-0.0547678058019057,1.02933611382001,0.904470001617927
21.5854805398,0.678596470682255,0.424745252665932,0.350641619542319,0.47949137952884,0.327954851139936,-0.0547461268629073,1.02923809022457,0.904236632194772
21.5910138596,0.678520481540826,0.424640646851993,0.350619591748813,0.479360673276952,0.327900889792012,-0.0547200264249581,1.02914007328964,0.904001320128945
21.5965471794,0.678444240425025,0.424536996398037,0.350597821176343,0.479227282902756,0.327846419248682,-0.054690286504719,1.02904206160137,0.903764279300794
21.6020804992,0.678367753895934,0.424434014111474,0.35057629985292,0.479091710711693,0.327791454043014,-0.0546576966002184,1.02894405374885,0.903525724823167
21.607613819,0.678291028424361,0.424331413417494,0.350555019905333,0.478954456765833,0.327736008519027,-0.0546230433483389,1.02884604832969,0.903285870183327
21.6131471388,0.678214070261671,0.424228908858482,0.350533973683225,0.478816020483518,0.327680096578446,-0.0545871116250353,1.0287480439449,0.903044929342
21.6186804586,0.678136885621425,0.424126214444577,0.35051315357549,0.478676902212008,0.327623732045935,-0.0545506877674308,1.02865003919692,0.902803116656585
21.6242137784,0.678059481134687,0.42402304390693,0.350492551569311,0.47853760195094,0.327566929565376,-0.0545145580440091,1.028552032704,0.90256064585787
21.6297470982,0.677981863159957,0.423919111257693,0.350472159925708,0.478398618452973,0.327509703234249,-0.0544795071952794,1.02845402308566,0.902317729710666
21.635280418,0.677904037775851,0.42381412986323,0.350451971176536,0.478260453690085,0.327452066599315,-0.0544463238268553,1.02835600895239,0.902074583553315
21.6408137378,0.677826011588928,0.423707814343078,0.350431977353283,0.478123606196995,0.327394034235646,-0.0544157918539167,1.02825798894221,0.901831420540073
21.6463470576,0.677747791010004,0.423599878758441,0.350412170683126,0.477988574038096,0.327335620326878,-0.0543886952796546,1.02815996169313,0.901588452796537
21.6518803774,0.677669382276333,0.423490036516223,0.350392543560274,0.477855858604757,0.327276838716059,-0.0543658220885332,1.02806192583661,0.90134589512098
21.6574136972,0.677590791704206,0.423378000861319,0.350373088307386,0.47772596099771,0.32721770339682,-0.0543479601363908,1.02796388001159,0.901103961859029
21.662947017,0.677512025836068,0.423263413626845,0.350353797046891,0.477599286250786,0.327158228789177,-0.0543358726239401,1.02786582288296,0.900862699877631
21.6684803368,0.677433091030419,0.423145712719355,0.350334662077761,0.477475993108715,0.327098428952658,-0.0543302803893606,1.02776775310818,0.90062170582807
21.6740136566,0.677353993397643,0.423024616193073,0.350315675920983,0.477356598788573,0.327038317476659,-0.0543319825954999,1.02766966931863,0.900381214981646
21.6795469764,0.677274739555271,0.422899881073659,0.350296830653657,0.477241643408101,0.326977908901614,-0.0543417623344416,1.02757157020893,0.90014152448176
21.6850802962,0.677195335871379,0.422771260020515,0.350278118582861,0.477131672131844,0.326917217288518,-0.0543604121113291,1.02747345445424,0.89990293215236
21.690613616,0.677115788586362,0.42263852230713,0.35025953212722,0.477027207934488,0.326856256459141,-0.0543886856273585,1.02737532071358,0.899665730241618
21.6961469358,0.677036104084736,0.422504027746874,0.35024106358604,0.476924442363226,0.326795040498696,-0.0544204146163512,1.02727716767078,0.8994284701101
21.7016802556,0.676956288837581,0.422369567823951,0.35022270519702,0.476820515189472,0.326733583640561,-0.0544509473655211,1.0271789940346,0.899190083013423
21.7072135754,0.676876349187485,0.422235117514733,0.350204449310534,0.476715603207374,0.326671899876951,-0.0544804856926415,1.02708079849802,0.898950720722107
21.7127468952,0.676796291341585,0.422100624660106,0.350186288381103,0.476609871379229,0.326610002960482,-0.0545092467191227,1.02698257972269,0.898710496039335
21.718280215,0.676716121846147,0.421965682982538,0.350168214611205,0.476503329535459,0.326547907234942,-0.0545376465529214,1.02688433645735,0.898469012517996
21.7238135348,0.676635847059669,0.421830139811604,0.350150220356653,0.476396097981925,0.326485626703017,-0.054565958170321,1.02678606741632,0.89822623779353
21.7293468546,0.676555473242941,0.421693963020173,0.350132298041822,0.476288351379915,0.326423175201119,-0.0545943883597412,1.02668777128476,0.897982314400088
21.7348801744,0.6764750068142,0.421557120104074,0.35011443998677,0.476180263771046,0.326360566827429,-0.0546231436669727,1.02658944680097,0.89773738387512
21.7404134942,0.676394454190409,0.421419578491449,0.350096638525965,0.47607200860942,0.326297815664445,-0.054652430117971,1.02649109271637,0.897491587100869
21.745946814,0.676313821705927,0.42128130567414,0.35007888605151,0.475963759948629,0.326234935654417,-0.0546824542744888,1.02639270775744,0.897245065622769
21.7514801338,0.676233115658861,0.421142268722737,0.350061174970889,0.475855692472728,0.326171940687973,-0.0547134237499916,1.02629429062975,0.896997961195465
21.7570134536,0.676152342512739,0.421002435738444,0.35004349761941,0.475747979417491,0.326108844893329,-0.0547455436790464,1.02619584013215,0.896750415155935
21.7625467734,0.676071476622022,0.420861774106761,0.350025855555779,0.475640794331998,0.326045621066243,-0.0547790202252377,1.0260973321778,0.896502568438759
21.7680800932,0.675990466460739,0.420720250624083,0.350008257774641,0.475534312497922,0.325982208686098,-0.0548140618738399,1.02599872423538,0.896254563122005
21.773613413,0.675909322870454,0.420577833300498,0.349990695452202,0.475428707158099,0.325918627418252,-0.0548508738576006,1.02590001832266,0.896006540458597
21.7791467328,0.675828058189244,0.420434489919862,0.34997315934994,0.475324151645207,0.325854898839304,-0.0548896617253447,1.02580121753918,0.895758641565069
21.7846800526,0.675746684646848,0.420290187585221,0.349955640248652,0.475220820517327,0.325791044398196,-0.0549306329321056,1.0257023248955,0.895511008102548
21.7902133724,0.675665214491415,0.420144893099552,0.349938128912216,0.475118888621932,0.325727085579199,-0.0549739955223795,1.02560334340363,0.895263781721484
21.7957466922,0.675583660125178,0.419998575066008,0.349920616113443,0.475018528291597,0.325663044011736,-0.0550199532255888,1.02550427623862,0.895017103357605
21.801280012,0.67550203382832,0.419851201137955,0.349903092640395,0.474919913390387,0.325598941187925,-0.0550687122524323,1.02540512646871,0.894771114528342
21.8068133318,0.675420347812415,0.419702736947182,0.349885549233044,0.474823220291504,0.325534798579371,-0.0551204833443217,1.02530589704546,0.894525957238686
21.8123466516,0.675338614453677,0.419553151380494,0.349867976700604,0.474728620726317,0.325470637753074,-0.0551754693458221,1.02520659115428,0.894281772106811
21.8178799714,0.675256846044439,0.419402412489319,0.34985036584499,0.474636288378666,0.325406480199449,-0.0552338758893473,1.02510721188943,0.894038700867985
21.8234132912,0.675175054857307,0.419250486620499,0.349832707420287,0.474546398439142,0.325342347437021,-0.0552959118186435,1.02500776227759,0.893796885059641
21.828946611,0.675093253198593,0.419097340764945,0.349814992193746,0.474459125320376,0.325278261004846,-0.0553617845554309,1.02490824539234,0.893556466085321
21.8344799308,0.6750114533695,0.418942943939621,0.349797211021188,0.47437464092463,0.325214242348313,-0.0554316969850086,1.02480866439069,0.893317584864251
21.8400132506,0.674929667650212,0.41878726387958,0.349779354710928,0.474293119202969,0.325150312939284,-0.0555058553233886,1.02470902236114,0.89308038308255
21.8455465704,0.674847908383777,0.418630264963866,0.349761413909693,0.474214738091939,0.325086494474084,-0.0555844731280728,1.02460932229347,0.892845003055804
21.8510798902,0.674766187827355,0.418471917318456,0.349743379565452,0.47413966709978,0.325022808261903,-0.0556677497813243,1.02450956739281,0.892611584418236
21.85661321,0.674684517814553,0.418312189174213,0.349725243091804,0.474068080734697,0.324959274722749,-0.0557558915604836,1.02440976090636,0.89238026990891
21.8621465298,0.674602807843989,0.418151045754367,0.349707132350669,0.47400015494808,0.32489567549332,-0.0558491091937126,1.02430994019466,0.892151200702447
21.8676798496,0.674520985285446,0.417988418504872,0.34968915135789,0.47393612356121,0.324831833927556,-0.0559477050563382,1.02421013664334,0.891924542066082
21.8732131694,0.674439055842107,0.41782361881806,0.349671299640859,0.473877257384046,0.324767756201248,-0.0560536385659864,1.02411035548297,0.891700876202106
21.8787464892,0.674357025112664,0.417656523841375,0.349653576836614,0.47382377271529,0.32470344827605,-0.0561672488739146,1.02401060194928,0.891480296556665
21.884279809,0.674274898601086,0.417486597428595,0.34963598271077,0.473774476162154,0.324638915890316,-0.0562878787335584,1.02391088131186,0.891261073590749
21.8898131288,0.674192682071549,0.417313763038171,0.349618516695719,0.473728719919177,0.32457416537583,-0.0564149568810066,1.02381119876727,0.891042482957348
21.8953464486,0.674110381140299,0.417138241840142,0.349601178398119,0.473686235147635,0.32450920274218,-0.0565479933074929,1.02371155953842,0.890824476987776
21.9008797684,0.674028001342774,0.416960254336214,0.349583967552804,0.473646758296204,0.324444033789971,-0.0566865039599896,1.02361196889558,0.890607012632418
21.9064130882,0.673945548351405,0.416780023883314,0.349566883692882,0.473610018744601,0.324378664658523,-0.0568299948612869,1.02351243204429,0.890390042627915
21.911946408,0.673863027825159,0.416597773056325,0.349549926351727,0.47357574620634,0.324313101473432,-0.0569779731500158,1.02341295417689,0.890173519262665
21.9174797278,0.673780445359038,0.416413723357574,0.349533095168691,0.47354367383624,0.324247350190347,-0.0571299504786668,1.02331354052773,0.889957397193814
21.9230130476,0.673697806530201,0.416228096071131,0.349516389839524,0.473513535464341,0.324181416690676,-0.0572854393932103,1.02321419636973,0.889741631535472
21.9285463674,0.673615117033325,0.416041114781989,0.349499809803914,0.47348505980343,0.32411530722941,-0.0574439450214412,1.02311492683724,0.889526174585419
21.9340796872,0.673532382484655,0.415853001062453,0.34948335464791,0.473457978693228,0.324049027836745,-0.0576049776307751,1.02301573713257,0.889310979755681
21.939613007,0.673449608456464,0.415663976443136,0.349467024104126,0.473432026163525,0.323982584352338,-0.0577680497203893,1.02291663256059,0.889096002606661
21.9451463268,0.673366800613323,0.415474263752149,0.349450817641615,0.473406932445279,0.323915982971708,-0.0579326686931298,1.02281761825494,0.888881196197428
21.9506796466,0.673283964585225,0.415284084867599,0.34943473479664,0.473382429013212,0.323849229788585,-0.0580983441456123,1.02271869938187,0.888666513880811
21.9562129664,0.67320110597872,0.415093661809586,0.349418775207742,0.473358248360142,0.323782330770978,-0.0582645865505558,1.02261988118646,0.888451910169728
21.9617462862,0.673118230413679,0.414903216911481,0.349402938501566,0.473334122193982,0.323715291912113,-0.0584309052825011,1.02252116891525,0.888237339105462
21.967279606,0.673035343530519,0.414712972062932,0.349387224122184,0.473309782154057,0.323648119408335,-0.0585968100911253,1.0224225676527,0.888022754216988
21.9728129258,0.672952450945484,0.414523149083888,0.349371631633361,0.473284960462817,0.323580819312123,-0.0587618113789288,1.02232408257884,0.887808109546705
21.9783462456,0.67286955828292,0.414333971135705,0.349356160762445,0.473259387910196,0.323513397520475,-0.0589254167744908,1.02222571904536,0.887593359045902
21.9838795654,0.672786671169062,0.414145659468633,0.349340810915545,0.473232797138899,0.323445860253517,-0.0590871376702659,1.02212748208461,0.887378456607532
21.9894128852,0.672703795220167,0.413958435865832,0.349325581628993,0.473204920585847,0.323378213591175,-0.0592464847200149,1.02202937684916,0.887163356451678
21.994946205,0.672620936069571,0.413772329433697,0.349310472537636,0.473175404393413,0.323310463531935,-0.0594030749597162,1.02193140860721,0.88694773382711
22.0004795248,0.672538099349382,0.413587217475713,0.349295483200175,0.473143829189254,0.323242616149207,-0.0595566117135406,1.02183358254956,0.886731046664967
22.0060128446,0.672455290660992,0.413403323581216,0.349280613062412,0.473109930048504,0.32317467759858,-0.059706606467288,1.0217359037234,0.886513253629719
22.0115461644,0.672372515622159,0.413220879530646,0.349265861668657,0.473073443587999,0.323106653953502,-0.059852564057353,1.02163837729082,0.886294323118644
22.0170794842,0.672289779920004,0.413040119500164,0.349251228725608,0.473034100956762,0.323038551194395,-0.0599939814565981,1.02154100864561,0.886074220456926
22.022612804,0.672207089116484,0.412861273001609,0.349236713590534,0.472991643260171,0.322970375525951,-0.0601303702585621,1.02144380270702,0.88585291626178
22.0281461238,0.672124448827847,0.412684572056897,0.349222315793068,0.472945807672716,0.322902133034779,-0.0602612356158196,1.02134676462091,0.885630379729613
22.0336794436,0.672041864729454,0.412510110926605,0.349208034961749,0.47289655894939,0.322833829767706,-0.0603864480227857,1.0212498996912,0.885406669875995
22.0392127634,0.671959342435171,0.412336697304735,0.349193870588882,0.472846011548384,0.322765471846288,-0.0605093142436496,1.02115321302405,0.885182708853119
22.0447460832,0.671876887522606,0.412164005605642,0.349179822119613,0.472794833656121,0.322697065402993,-0.0606308280504791,1.02105670964222,0.884958839261762
22.050279403,0.67179450562626,0.411992038498367,0.349165889093801,0.472743144275123,0.322628616532459,-0.060751105776756,1.02096039472006,0.884735182773491
22.0558127228,0.671712200347606,0.411820798621783,0.349152067700207,0.472691061361264,0.322560132647399,-0.0608702627394817,1.02086426804781,0.884511859983047
22.0613460426,0.671629892008342,0.411650288033897,0.349138218658495,0.4726387054514,0.322491673349847,-0.060988417417503,1.02076811066684,0.884288993485298
22.0668793624,0.671547540863953,0.411480509932219,0.349124267623835,0.472586196505319,0.322423273240118,-0.0611056865731004,1.02067180848779,0.884066706437538
22.0724126822,0.671465152053697,0.411311466508621,0.349110213211091,0.472533652289776,0.322354938842607,-0.061222185781155,1.02057536526479,0.883845118798397
22.077946002,0.67138273078988,0.411143160065244,0.349096054234423,0.472481192524043,0.322286676555456,-0.0613380324587988,1.0204787850243,0.883624352589288
22.0834793218,0.671300282267785,0.410975593573689,0.349081789488257,0.472428937356618,0.322218492779528,-0.0614533437829289,1.02038207175604,0.883404530930307
22.0890126416,0.671217811656927,0.410808769476725,0.349067417657231,0.472377005614995,0.322150393999696,-0.06156823613827,1.02028522931416,0.883185775091719
22.0945459614,0.671135324131087,0.41064269007037,0.349052937376201,0.472325516004224,0.322082386754886,-0.0616828259338542,1.02018826150729,0.882968206074594
22.1000792812,0.671052824893819,0.410477357853488,0.349038347514725,0.472274588346523,0.322014477379094,-0.061797230493035,1.02009117240854,0.882751946200011
22.105612601,0.670970319121843,0.410312776063922,0.349023646796222,0.472224342653175,0.321946672325621,-0.0619115665892527,1.01999396591807,0.882537118717097
22.1111459208,0.670887811996912,0.410148966934079,0.349008833774856,0.472174922359961,0.321878978222057,-0.0620259554258814,1.01989664577177,0.88232388929404
22.1166792406,0.670805308707002,0.409986152634559,0.348993907291289,0.472126718106862,0.321811401415713,-0.062140565472303,1.01979921599829,0.88211287074142
22.1222125604,0.670722814429232,0.409824342430141,0.3489788660941,0.47207985744023,0.321743948335132,-0.0622555150100892,1.01970168052333,0.881904199870371
22.1277458802,0.670640334352304,0.409663467939283,0.348963708813,0.472034372210615,0.321676625539304,-0.0623709042713324,1.0196040431653,0.881697840149898
22.1332792,0.670557873672283,0.409503461200725,0.348948434098113,0.471990294949514,0.32160943957417,-0.0624868337487892,1.0195063077704,0.881493756150239
22.1388125198,0.670475437551251,0.409344255112707,0.348933040779019,0.47194765860642,0.321542396772232,-0.0626034034937124,1.01940847833027,0.881291913719127
22.1443458396,0.670393031165929,0.409185782598525,0.34891752755273,0.471906496359927,0.321475503613199,-0.0627207137614025,1.01931055871866,0.881092278958452
22.1498791594,0.67031065975461,0.409027975017776,0.348901892909507,0.471866840653302,0.321408766845103,-0.0628388656355256,1.01921255266412,0.880894815671078
22.1554124792,0.670228328452848,0.408870764963547,0.348886135723902,0.471828723420505,0.321342192728945,-0.0629579584569583,1.01911446417675,0.880699488384052
22.160945799,0.670146042433643,0.408714085854254,0.348870254695694,0.471792178290059,0.321275787737949,-0.063078092435805,1.01901629712934,0.880506264144313
22.1664791188,0.670063806918932,0.408557869141509,0.34885424839666,0.471757237433133,0.321209558522272,-0.063199368291624,1.01891805531559,0.880315106574643
22.1720124386,0.66998162709897,0.408402047113091,0.348838115499607,0.471723933391966,0.321143511599363,-0.0633218862788748,1.01881974259858,0.880125980505057
22.1775457584,0.669899508108414,0.408246552772067,0.348821854791381,0.471692298401228,0.321077653317033,-0.0634457456291603,1.0187213628998,0.879938851173295
22.1830790782,0.669817455130195,0.408091318627721,0.348805464931046,0.471662365042106,0.321011990199149,-0.0635710464143852,1.01862292006124,0.879753683669827
22.188612398,0.669735473454566,0.40793627621195,0.348788944378569,0.471634166919622,0.320946529075996,-0.063697890707672,1.01852441783313,0.879570443131573
22.1941457178,0.669653568155191,0.407781358417965,0.34877229201367,0.471607734745116,0.320881276141521,-0.0638263763271507,1.01842586016886,0.879389093163081
22.1996790376,0.669571744408791,0.407626498306033,0.348755506496822,0.47158310155644,0.320816237911969,-0.0639566032504074,1.01832725090561,0.879209599862473
22.2052123574,0.669490007566628,0.407471627315921,0.348738586230628,0.471560300328191,0.320751421336,-0.0640886730122699,1.01822859379726,0.879031927644111
22.2107456772,0.669408366162616,0.407316640955463,0.348721525452347,0.471539424849898,0.320686840710268,-0.0642227838944344,1.01812989161496,0.878856065805361
22.216278997,0.66932682583153,0.407161349591964,0.348704322226546,0.471520711247205,0.320622503604984,-0.0643593616552411,1.01803114805808,0.87868206083917
22.2218123168,0.669245390015931,0.407005785567575,0.348686977492357,0.471504025020654,0.320558412523574,-0.0644982394530786,1.01793236750829,0.878509810588229
22.2273456366,0.669164062251466,0.406850007668063,0.348669492066202,0.471489188214042,0.320494570185264,-0.0646391805459798,1.01783355431767,0.878339195882105
22.2328789564,0.669082845807672,0.406694075791756,0.34865186712497,0.47147601921202,0.320430978682702,-0.0647819434202645,1.01773471293264,0.878170095003776
22.2384122762,0.669001744096799,0.406538049202756,0.348634103635708,0.471464338827002,0.320367640461092,-0.0649262896242458,1.01763584773251,0.878002388029758
22.243945596,0.668920760677001,0.406381986930541,0.348616202386457,0.471453968900988,0.320304558290544,-0.065071981970447,1.01753696306346,0.87783595583153
22.2494789158,0.668839898878226,0.406225948461939,0.348598164447679,0.47144472897776,0.320241734430547,-0.0652187805158218,1.01743806332591,0.877670677439699
22.2550122356,0.668759162060117,0.40606998013689,0.34857999083784,0.47143643360511,0.320179171222277,-0.0653664534682209,1.01733915289796,0.877506413742
22.2605455554,0.668678553697473,0.405914054894022,0.34856168243834,0.47142886649184,0.320116871259133,-0.0655148115978181,1.01724023613581,0.877342921385861
22.2660788752,0.668598077301444,0.405758187522379,0.348543240096679,0.471421829294887,0.320054837204764,-0.0656636417725081,1.01714131739812,0.877180016817267
22.271612195,0.668517736133823,0.405602402720456,0.348524664920635,0.47141512693662,0.319993071213189,-0.0658127242161647,1.01704240105446,0.877017529657076
22.2771455148,0.668437533606862,0.405446725118633,0.34850595784595,0.471408565058456,0.319931575760912,-0.065961839939823,1.01694349145281,0.876855290177089
22.2826788346,0.668357473335576,0.405291180420648,0.348487119611417,0.471401950026129,0.31987035372416,-0.0661107696054813,1.01684459294699,0.876693130446776
22.2882121544,0.668277558576172,0.40513579321944,0.348468151305178,0.471395087285022,0.319809407270994,-0.0662592940655815,1.01674570988135,0.876530880504462
22.2937454742,0.668197792705171,0.40498058785098,0.348449053885284,0.471387782193167,0.319748738819887,-0.0664071943421866,1.01664684659046,0.876368370044148
22.299278794,0.668118179238876,0.404825589848027,0.348429828180345,0.471379840796159,0.319688351058531,-0.0665542509481322,1.01654800741922,0.876205430644186
22.3048121138,0.668038721645414,0.404670824569753,0.348410475065698,0.471371068824308,0.319628246579716,-0.0667002442545544,1.01644919671111,0.876041893394061
22.3103454336,0.6679594231881,0.404516316080831,0.348390995585306,0.471361272144197,0.319568427602794,-0.0668449560633659,1.01635041877341,0.875877588225028
22.3158787534,0.667880287279181,0.404362088923947,0.348371390646112,0.471350256345093,0.31950889663307,-0.0669881674211462,1.01625167792529,0.875712345269039
22.3214120732,0.667801317599801,0.404208169913596,0.348351660942811,0.471337826637116,0.31944965665699,-0.0671296567235199,1.01615297854261,0.875545996550712
22.326945393,0.6677225173139,0.404054582774113,0.348331807578576,0.471323789980021,0.319390709735324,-0.0672692072059073,1.01605432489248,0.875378372754134
22.3324787128,0.667643889824139,0.403901351387277,0.348311831456552,0.471307951269281,0.319332058367587,-0.0674065998820043,1.01595572128069,0.875209302656559
22.3380120326,0.667565438697584,0.403748502322055,0.348291733358029,0.471290116309074,0.319273705339555,-0.067541613987019,1.01585717205561,0.875038618631129
22.3435453524,0.667487167340823,0.403596122967269,0.348271514183667,0.471270168142512,0.319215653157156,-0.0676740451752428,1.01575868152449,0.874866291109781
22.3490786722,0.667409079027947,0.403444728722118,0.348251174919435,0.471248521711949,0.319157904108512,-0.067803792989831,1.01566025394738,0.874693250434067
22.354611992,0.667331177197014,0.403294481161683,0.348230716429536,0.471225151797864,0.319100460767479,-0.0679306706361819,1.01556189362655,0.874519632959547
22.3601453118,0.66725346552712,0.403145444275883,0.348210139421365,0.47119990788118,0.319043326105754,-0.0680544636052973,1.01546360494849,0.874345352157064
22.3656786316,0.667175947148855,0.402997678203426,0.348189444960089,0.471172644452488,0.318986502188766,-0.0681749662490623,1.01536539210894,0.874170322655914
22.3712119514,0.667098625474468,0.402851244782075,0.348168633917016,0.471143213358326,0.318929991557452,-0.0682919685762505,1.01526725939148,0.873994458140401
22.3767452712,0.667021504131043,0.402706101656354,0.348147707032135,0.471111641536359,0.318873797098908,-0.0684055398800051,1.01516921116318,0.873817743192714
22.382278591,0.666944586445115,0.40256197956134,0.348126665229627,0.471078333475219,0.318817921215489,-0.0685163539138793,1.01507125167474,0.87364031303656
22.3878119108,0.66686787571081,0.402418766420687,0.348105509443816,0.471043431130161,0.318762366266994,-0.0686246647094736,1.01497338515463,0.873462197550847
22.3933452306,0.666791375410844,0.402276359696845,0.348084240494859,0.471007061174305,0.318707134915984,-0.06873070147746,1.0148756159057,0.87328342087115
22.3988785504,0.66671508917498,0.402134657270094,0.348062859124114,0.470969349834977,0.318652230050865,-0.0688346925648827,1.01477794829909,0.873104007105071
22.4044118702,0.666638862746848,0.40199355506686,0.348041416160053,0.470930425848531,0.318597446586795,-0.0689368707816708,1.0146802789069,0.872923980915391
22.40994519,0.666562509213625,0.401852950089299,0.348019972844285,0.47089041604207,0.318542536369341,-0.0690374659527719,1.01458248205791,0.872743366131369
22.4154785098,0.666486029662513,0.401712740237951,0.347998530942557,0.470849446857794,0.318487498719956,-0.0691367066198433,1.01448456060507,0.872562187095744
22.4210118296,0.666409426086441,0.401572822034613,0.347977092026992,0.470807646266184,0.318432334059449,-0.0692348242315711,1.01438651811343,0.872380468300797
22.4265451494,0.666332700417126,0.401433092269094,0.347955657661953,0.470765141399213,0.318377042755173,-0.0693320491301193,1.01428835807908,0.872198233668307
22.4320784692,0.666255854474455,0.401293448268599,0.347934229408037,0.470722059253853,0.318321625066419,-0.0694286109852537,1.01419008388249,0.872015507522452
22.437611789,0.666178890073331,0.401153787154317,0.347912808826574,0.470678527077785,0.318266081246757,-0.0695247399234676,1.0140916988999,0.871832314232103
22.4431451088,0.666101809230486,0.401014005766933,0.347891397472506,0.47063467225031,0.31821041175798,-0.0696206664833772,1.01399320670299,0.871648678017243
22.4486784286,0.666024613827741,0.400874001133793,0.347869996897938,0.470590621617363,0.318154616929802,-0.0697166204835699,1.01389461072568,0.871464622751156
22.4542117484,0.665947305586971,0.400733670258452,0.347848608662919,0.470546502837588,0.318098696924052,-0.0698128325791367,1.01379591424989,0.87128017309604
22.4597450682,0.665869886533158,0.400592910330279,0.34782723430971,0.470502442998232,0.318042652223448,-0.0699095326679534,1.01369712084287,0.871095353328512
22.465278388,0.665792358570967,0.400451618311375,0.347805875381225,0.470458568791682,0.317986483189742,-0.0700069504803073,1.01359823395219,0.870910187103057
22.4708117078,0.665714723506814,0.400309691150706,0.34778453342739,0.470415007929326,0.317930190079424,-0.0701053167786193,1.0134992569342,0.870724699080032
22.4763450276,0.665636983204594,0.400167025732382,0.347763209992887,0.470371887946823,0.317873773211708,-0.0702048622144404,1.01340019319748,0.870538913679205
22.4818783474,0.66555913964552,0.400023519532329,0.347741906603984,0.470329335213163,0.317817233041536,-0.0703058156808339,1.0133010462495,0.870352854745492
22.4874116672,0.665481194711411,0.399879069627099,0.347720624793864,0.470287476625246,0.317760569917547,-0.0704084069981478,1.01320181950528,0.870166546252345
22.492944987,0.665403150124249,0.399733571844243,0.347699366122227,0.470246441405591,0.317703784002022,-0.0705128695613476,1.01310251624648,0.869980013249834
22.4984783068,0.665325007930854,0.399586924574724,0.347678132092404,0.470206355042267,0.317646875838449,-0.070619430467543,1.01300314002326,0.869793279616991
22.5040116266,0.665246770013946,0.399439024673916,0.347656924229072,0.47016734413628,0.317589845784874,-0.0707283194623641,1.01290369424302,0.869606368810195
22.5095449464,0.665168438171574,0.399289768469552,0.347635744074654,0.470129537506643,0.31753269409692,-0.0708397690370915,1.01280418224623,0.869419305976195
22.5150782662,0.665090014306419,0.399139053130674,0.347614593148153,0.470093062247284,0.317475421158266,-0.07095400911661,1.01270460745457,0.869232115377959
22.520611586,0.665011500369275,0.398986776489432,0.347593472950523,0.470058044066253,0.317418027418752,-0.0710712675768202,1.0126049733198,0.869044820555685
22.5261449058,0.664932898226024,0.398832835411999,0.347572385000235,0.470024610314932,0.317360513225788,-0.0711917749029324,1.01250528322626,0.868857445726931
22.5316782256,0.664854209651671,0.398677125733619,0.347551330844971,0.469992891286606,0.317302878806699,-0.0713157655529868,1.01240554049664,0.868670017020226
22.5372115454,0.664775436656851,0.398519895931095,0.347530311955314,0.469963161308762,0.317245124701537,-0.0714432653776673,1.01230574861216,0.868483057239857
22.5427448652,0.664696581123385,0.398361359793284,0.347509329836163,0.469935683128704,0.317187251287222,-0.0715743233354204,1.01220591095955,0.868297042921988
22.548278185,0.664617644846061,0.398201411739704,0.347488386025831,0.469910586556754,0.317129258820229,-0.0717091748170503,1.01210603087189,0.868111998296458
22.5538115048,0.664538629068988,0.398040431211837,0.347467482910672,0.469887190083837,0.317071146158316,-0.0718467588720001,1.01200611197966,0.867927621295675
22.5593448246,0.664459522894496,0.397879172512008,0.347446638795133,0.469864186314967,0.317012884099363,-0.0719850138029588,1.01190616168963,0.867743358826975
22.5648781444,0.664380325320853,0.397717651498914,0.347425858927016,0.469841501136564,0.316954466393837,-0.0721238496376505,1.01180618424787,0.867559152635478
22.5704114642,0.6643010409,0.397555871999525,0.347405141241952,0.46981908100684,0.316895899658048,-0.0722632090073153,1.01170618214195,0.867374953006364
22.575944784,0.664221674367586,0.397393858207014,0.347384483556867,0.469796896389715,0.316837190810719,-0.0724030381827007,1.01160615792445,0.867190754596729
22.5814781038,0.664142230343547,0.397231762572141,0.347363883760135,0.469775077379369,0.316778346583413,-0.0725433148072279,1.01150611410368,0.86700683995151
22.5870114236,0.664062713359129,0.39706961920805,0.3473433397997,0.469753607993549,0.316719373559429,-0.072683988785499,1.01140605315883,0.866823227201599
22.5925447434,0.663983128112517,0.396907432456974,0.347322849511041,0.469732434430054,0.316660278601476,-0.0728250019730802,1.01130597762356,0.866639866887028
22.5980780632,0.663903479248981,0.396745206559694,0.347302410762039,0.469711503121999,0.316601068486942,-0.0729662965623045,1.01120589001102,0.866456709681693
22.603611383,0.663823771357336,0.396582945955242,0.347282021459516,0.469690760989328,0.316541749897819,-0.0731078150340866,1.01110579281685,0.86627370694457
22.6091447028,0.66374400904025,0.396420655082,0.347261679501701,0.469670154811353,0.316482329538549,-0.0732494997293531,1.01100568854195,0.866090809893353
22.6146780226,0.66366419698094,0.396258338192232,0.347241382724336,0.469649630928544,0.316422814256604,-0.0733912927363118,1.01090557970528,0.865907969120776
22.6202113424,0.663584339799344,0.396095999559808,0.347221129007629,0.469629135955446,0.316363210791715,-0.073533136395638,1.01080546880697,0.865725135515254
22.6257446622,0.663504442061746,0.39593364378618,0.347200916278317,0.469608616820623,0.316303525783429,-0.0736749730344428,1.01070535834006,0.865542260606804
22.631277982,0.663424508450388,0.395771275125782,0.347180742365009,0.469588020012819,0.316243766085379,-0.0738167448870369,1.0106052508154,0.8653592951386
22.6368113018,0.663344543591444,0.395608897763436,0.34716060513918,0.469567292032654,0.316183938452264,-0.0739583942692181,1.01050514873062,0.865176189796089
22.6423446216,0.663264552087968,0.395446516254671,0.347140502495983,0.469546379655579,0.316124049591985,-0.0740998634009074,1.01040505458395,0.86499289591025
22.6478779414,0.663184538568285,0.395284135013652,0.347120432307745,0.46952522949605,0.31606410626054,-0.074241094482398,1.01030497087603,0.864809364509702
22.6534112612,0.663104507675716,0.395121758217089,0.347100392423365,0.469503788196518,0.316004115252351,-0.0743820299794292,1.01020490009908,0.864625546413607
22.658944581,0.663024464029877,0.394959390172627,0.347080380715697,0.469482002384411,0.31594408331418,-0.0745226122117846,1.01010484474557,0.864441392557038
22.6644779008,0.662944412245593,0.394797035585719,0.347060395082254,0.469459818447821,0.315884017163339,-0.0746627828621014,1.01000480732785,0.86425685403354
22.6700112206,0.662864356963125,0.394634698595937,0.347040433358652,0.469437183390696,0.315823923604472,-0.0748024847947591,1.00990479032178,0.864071881986633
22.6755445404,0.662784302802408,0.394472383338384,0.347020493413531,0.469414043635858,0.315763809388876,-0.0749416602974742,1.00980479621594,0.863886426974242
22.6810778602,0.662704254393274,0.394310094527139,0.347000573124676,0.469390345698056,0.315703681268598,-0.0750802511709179,1.00970482751795,0.863700440225195
22.68661118,0.662624216364629,0.394147836498282,0.346980670350092,0.469366036271101,0.315643546014538,-0.0752181997728197,1.00960488671472,0.863513872769383
22.6921444998,0.662544193332437,0.393985613364783,0.346960782946198,0.469341062148522,0.31558341038624,-0.0753554487837398,1.00950497627863,0.863326675513305
22.6976778196,0.662464189922288,0.393823429523063,0.346940908778073,0.469315369873926,0.315523281144215,-0.0754919403508622,1.00940509870036,0.863138799396989
22.7032111394,0.662384210791192,0.393661289689865,0.346921045709843,0.469288905496316,0.31546316508135,-0.0756276158064517,1.00930525650104,0.862950195186181
22.7087444592,0.662304260531249,0.393499197931403,0.346901191594259,0.469261616423201,0.31540306893699,-0.0757624184917982,1.00920545212551,0.862760814354604
22.714277779,0.662224343762396,0.393337158367738,0.346881344291992,0.469233449041899,0.315342999470403,-0.075896290674161,1.00910568805439,0.862570607409636
22.7198110988,0.662144465153775,0.393175175855841,0.346861501657789,0.469204349427884,0.315282963495986,-0.0760291735720431,1.00900596681156,0.862379525283725
22.7253444186,0.662064629309805,0.39301325251678,0.346841661546988,0.469174268138505,0.315222967762817,-0.0761610156217244,1.00890629085679,0.862187520655285
22.7308777384,0.661984840831625,0.39285059607846,0.346821821817914,0.46914448038919,0.315163019013711,-0.0762938843107295,1.00880666264954,0.86199507646765
22.7364110582,0.661905104363338,0.392686544282649,0.346801980322237,0.469116044863549,0.315103124041101,-0.0764295005809001,1.00870708468558,0.861802589146198
22.741944378,0.661825424579066,0.392521137807037,0.346782134902335,0.469088847497989,0.315043289676732,-0.0765677096909512,1.0086075594814,0.861609985305026
22.7474776978,0.661745806035284,0.392354419489515,0.346762283422514,0.469062771183317,0.31498352261277,-0.076708351693802,1.0085080894578,0.861417190672832
22.7530110176,0.66166625335193,0.392186430544001,0.346742423735633,0.469037700545286,0.314923829616297,-0.0768512700012846,1.00840867708756,0.861224131089287
22.7585443374,0.661586771249994,0.392017211287297,0.346722553667751,0.469013522123632,0.314864217582243,-0.0769963108363356,1.00830932491775,0.861030733410929
22.7640776572,0.661507364284335,0.39184680430463,0.346702671083271,0.468990119391343,0.314804693201063,-0.0771433150867133,1.00821003536761,0.860836923695974
22.769610977,0.661428037053803,0.391675251069281,0.346682773836837,0.468967376563631,0.314745263216965,-0.0772921254943508,1.00811081089064,0.860642627632912
22.7751442968,0.661348794233551,0.391502592615027,0.346662859761096,0.468945179113345,0.314685934472455,-0.0774425864983185,1.00801165399465,0.860447771728372
22.7806776166,0.661269640489738,0.391328870188225,0.346642926688391,0.468923412025631,0.314626713801346,-0.0775945418374056,1.00791256717813,0.860252282213856
22.7862109364,0.661190580355753,0.391154126017373,0.346622972489035,0.468901959202972,0.314567607866718,-0.0777478331855987,1.00781355284479,0.860056085220344
22.7917442562,0.661111618451533,0.390978399254774,0.346602995008263,0.468880702695234,0.31450862344327,-0.0779023034404605,1.0077146134598,0.859859101950008
22.797277576,0.661032759562455,0.390801650502456,0.346582992037832,0.468859430043378,0.314449767524622,-0.0780577795409217,1.00761575160029,0.859661080545834
22.8028108958,0.660954008168741,0.390623902476791,0.346562961463007,0.468837992060042,0.314391046705734,-0.0782140895832513,1.00751696963175,0.859461894536833
22.8083442156,0.660875368879493,0.39044523956017,0.346542901129189,0.468816302589233,0.314332467750304,-0.0783710630290634,1.00741827000868,0.859261542149403
22.8138775354,0.660796846413447,0.39026574725726,0.346522808844415,0.468794276832314,0.314274037569032,-0.0785285295750539,1.00731965525786,0.859060024089573
22.8194108552,0.660718445403729,0.390085511270911,0.346502682442784,0.468771829376095,0.314215762960945,-0.0786863181051837,1.00722112784651,0.858857340647005
22.824944175,0.660640170373177,0.389904617289416,0.346482519795082,0.468748874668944,0.314157650578095,-0.0788442573795277,1.00712269016826,0.85865349195836
22.8304774948,0.660562025953676,0.389723150704894,0.346462318735016,0.468725327356872,0.31409970721866,-0.0790021766519785,1.00702434468869,0.858448478061766
22.8360108146,0.660484016971678,0.389541197065531,0.346442077026874,0.468701101850267,0.314041939944804,-0.0791599047847356,1.00692609399855,0.858242298915798
22.8415441344,0.660406147843547,0.389358842277445,0.346421792576225,0.468676113262825,0.313984355267322,-0.0793172709853795,1.00682794041977,0.85803495554027
22.8470774542,0.660328423189219,0.389176171403407,0.346401463217835,0.468650275838505,0.313926959971384,-0.0794741044350987,1.00672988640705,0.857826447241912
22.852610774,0.66025084778355,0.388993270409799,0.346381086729569,0.468623504094672,0.313869761053982,-0.079630233684873,1.00663193451312,0.857616774504471
22.8581440938,0.660173426201564,0.388810224924599,0.34636066095914,0.468595712788377,0.313812765242424,-0.0797854878637774,1.0065340871607,0.857405937712976
22.8636774136,0.660096162968081,0.388627120205048,0.346340183772301,0.468566816819036,0.31375597919578,-0.0799396966139886,1.00643634674038,0.857193937024084
22.8692107334,0.660019062750307,0.388444041852862,0.346319652982339,0.468536730698992,0.313699409767967,-0.08009268884613,1.00633871573265,0.856980772551853
22.8747440532,0.659942130358189,0.388261075978218,0.346299066348012,0.468505368079456,0.313643064010177,-0.0802442921012382,1.0062411967062,0.856766444057674
22.880277373,0.65986536456515,0.388078307677864,0.346278429107902,0.468472644919567,0.313586935457248,-0.0803943372417026,1.00614379367305,0.85655095259743
22.8858106928,0.659788703597489,0.387895822185309,0.346257825588621,0.468438475676197,0.313530878008868,-0.080542653490888,1.00604652918611,0.856334297861506
22.8913440126,0.659712132912652,0.387713705987448,0.346237278754207,0.468402773743263,0.313474854158445,-0.0806890677558144,1.00594941166686,0.856116479730711
22.8968773324,0.659635657326155,0.387532044284603,0.346216786015366,0.468365454654468,0.313418871310789,-0.0808334103698653,1.00585244334152,0.855897498939071
22.9024106522,0.659559281671847,0.387350962415231,0.346196344803264,0.468326366334129,0.313362936868583,-0.0809754039188974,1.00575562647511,0.85567732874936
22.907943972,0.659483010875803,0.387171673816563,0.346175952590385,0.468283541825125,0.313307058285418,-0.0811118680085617,1.00565896346619,0.855455215641688
22.9134772918,0.659406849898198,0.386994602604978,0.346155606852444,0.468236330978182,0.313251243045754,-0.0812417283732041,1.00556245675064,0.855230933583159
22.9190106116,0.6593308034902,0.386819584079836,0.346135304991172,0.468185066148698,0.313195498499028,-0.0813654820688624,1.00546610848137,0.855004650228534
22.9245439314,0.659254876525714,0.38664645644269,0.346115044458278,0.468130074348216,0.313139832067435,-0.0814836179055259,1.00536992098399,0.854776530790906
22.9300772512,0.659179074058831,0.386475060468968,0.346094822747902,0.46807167877052,0.313084251310929,-0.0815966183015522,1.00527389680673,0.854546739239488
22.935610571,0.659103400830103,0.386305232028352,0.346074637268252,0.46801021086868,0.313028763561851,-0.0817049788403286,1.00517803809836,0.854315442897032
22.9411438908,0.659027861682306,0.386136808852462,0.346054485461414,0.467945998466389,0.312973376220892,-0.0818091896139276,1.00508234714372,0.854082807318851
22.9466772106,0.65895246158561,0.385969630098252,0.34603436479291,0.467879367465691,0.3129180967927,-0.0819097373674385,1.00498682637852,0.853848997563943
22.9522105304,0.658877205469112,0.385803534050082,0.346014272713793,0.467810645125821,0.312862932755318,-0.0820071110757397,1.0048914781829,0.853614179175903
22.9577438502,0.658802098070962,0.385638357684185,0.345994206648185,0.467740160798123,0.312807891422777,-0.0821018031139385,1.00479630471915,0.853378518482308
22.96327717,0.658727144265066,0.385473939285558,0.34597416404489,0.467668241592708,0.312752980220177,-0.0821943023071497,1.00470130830996,0.853142180878266
22.9688104898,0.658652349184779,0.385310117943791,0.345954142373448,0.46759521349853,0.312698206811331,-0.0822850955547393,1.00460649155823,0.852905331442321
22.9743438096,0.658577717469237,0.385146730691782,0.345934139053703,0.467521405770201,0.312643578415534,-0.0823746750784196,1.00451185652294,0.852668136461983
22.9798771294,0.658503253983367,0.384983615771181,0.345914151532512,0.467447145550023,0.312589102450854,-0.0824635297788419,1.00441740551588,0.852430761321204
22.9854104492,0.658428963754661,0.384820611466357,0.345894177262277,0.46737276014601,0.312534786492384,-0.0825521486796528,1.00432314101694,0.852193371612368
22.990943769,0.658354851654684,0.384657555651963,0.345874213683516,0.467298577402109,0.312480637971169,-0.0826410217501459,1.0042290653382,0.851956133054073
22.9964770888,0.658280922421799,0.384494286542318,0.345854258236611,0.467224924502236,0.312426664185188,-0.0827306379599183,1.00413518065841,0.851719211044554
23.0020104086,0.658207180956311,0.384330642374658,0.345834308367846,0.467152128704881,0.312372872588464,-0.0828214863302239,1.00404148932416,0.851482771079539
23.0075437284,0.658133632404859,0.384166460347687,0.345814361516721,0.467080519179552,0.312319270888138,-0.0829140588318656,1.00394799392158,0.851246979527239
23.0130770482,0.658060281357919,0.384001579355847,0.345794415128171,0.467010421724248,0.312265866229748,-0.0830088423684006,1.00385469648609,0.851012001080095
23.018610368,0.657987132689392,0.383835837786343,0.345774466647935,0.466942163514747,0.312212666041458,-0.0831063257284041,1.00376159933733,0.85077800130109
23.0241436878,0.657914191497317,0.383669052647995,0.345754513509152,0.46687604944321,0.312159677988164,-0.0832069967952149,1.00366870500647,0.850545102091204
23.0296770076,0.657841462569279,0.383500408290537,0.345734553155982,0.466811596780145,0.312106909413297,-0.083311188489608,1.00357601572526,0.850312005070683
23.0352103274,0.657768950657075,0.383329451981036,0.345714583038957,0.466748770362649,0.312054367618118,-0.0834193183816132,1.00348353369603,0.850078222343684
23.0407436472,0.657696661759858,0.38315606533199,0.345694600236602,0.466687952693739,0.312002061523256,-0.0835318873617485,1.00339126199646,0.849844018025729
23.046276967,0.657624779844574,0.382980128752845,0.345674540825454,0.466629529458162,0.31195023901912,-0.0836494007053169,1.00329932067003,0.849609658211007
23.0518102868,0.657553433211051,0.382801526067724,0.345654359716866,0.466573877515342,0.311899073494185,-0.0837723514476186,1.00320779292792,0.849375403583066
23.0573436066,0.657482615374636,0.382620138424572,0.345634058088976,0.466521377053674,0.31184855728566,-0.0839012386291021,1.00311667346361,0.849141515478246
23.0628769264,0.657412320495886,0.382435845649006,0.345613636980215,0.466472416221087,0.311798683515672,-0.0840365705720807,1.0030259574761,0.848908261870093
23.0684102462,0.657342541630517,0.382248549343102,0.345593097701685,0.466427342876886,0.311749443928832,-0.0841787935337839,1.0029356393322,0.848675892219987
23.073943566,0.657273272087401,0.382058441844818,0.345572441517042,0.466386002764411,0.311700830570359,-0.0843275609195933,1.00284571360444,0.848444444609229
23.0794768858,0.65720450564223,0.381865539168911,0.345551669591038,0.466348087154693,0.311652836051193,-0.0844825479857825,1.00275617523327,0.848213626323604
23.0850102056,0.657136236092906,0.381669923720833,0.345530783093984,0.466313409744987,0.311605452998922,-0.0846434860241544,1.00266701918689,0.84798333346582
23.0905435254,0.657068456390979,0.38147178398565,0.345509783407879,0.46628182176278,0.311558672983099,-0.0848100377771307,1.00257823979886,0.84775360574843
23.0960768452,0.657001160051797,0.381271305699291,0.345488671791693,0.466253178828587,0.311512488260103,-0.0849818731292957,1.00248983184349,0.847524484527878
23.101610165,0.656934341270256,0.381068672594894,0.345467449352518,0.466227341434736,0.311466891917738,-0.0851586688398421,1.00240179062277,0.84729601402963
23.1071434848,0.656867992957408,0.380864073157248,0.345446117512911,0.466204161116635,0.311421875444497,-0.0853400879593878,1.00231411047032,0.847068234273883
23.1126768046,0.65680210853245,0.380657693533341,0.345424677584233,0.466183492865309,0.311377430948217,-0.0855257993319674,1.00222678611668,0.84684118639865
23.1182101244,0.656736681834608,0.38044971884452,0.345403130786619,0.466165194336401,0.311333551047989,-0.0857154754918813,1.00213981262123,0.846614913180921
23.1237434442,0.65667170645873,0.380240335023541,0.345381478407281,0.466149121285766,0.311290228051449,-0.085908786262225,1.00205318486601,0.846389456309308
23.129276764,0.656607175495885,0.380029729391028,0.345359721862881,0.46613512717926,0.311247453633004,-0.0861053977882312,1.00196689735877,0.846164856570288
23.1348100838,0.656543082461423,0.379818087971258,0.345337862476988,0.466123067877465,0.311205219984435,-0.0863049799062066,1.00188094493841,0.845941155848723
23.1403434036,0.656479421566983,0.379605595215557,0.345315901413636,0.466112801323088,0.311163520153347,-0.086507206107531,1.00179532298062,0.845718396538644
23.1458767234,0.656416185614142,0.379392438810701,0.345293840183653,0.466104180150092,0.311122345430489,-0.0867117413393914,1.0017100257978,0.845496618960793
23.1514100432,0.656353368114829,0.379178805080421,0.345271680134906,0.466097060493971,0.311081687979923,-0.0869182554135505,1.00162504824974,0.845275865574392
23.156943363,0.656290962954208,0.378964879242622,0.345249422532362,0.46609129834694,0.311041540421846,-0.0871264191043184,1.00154038548657,0.845056177589562
23.1624766828,0.656228963559262,0.378750847553206,0.345227068758492,0.466086748556068,0.31100189480077,-0.0873359010028623,1.00145603231775,0.844837596109275
23.1680100026,0.656167363142987,0.378536896672706,0.345204620254615,0.46608326636373,0.310962742888372,-0.0875463696910238,1.0013719833976,0.844620163036436
23.1735433224,0.656106155292443,0.378323212614066,0.345182078378303,0.466080707484318,0.310924076914141,-0.087757494870252,1.00128823367075,0.844403920098384
23.1790766422,0.656045334003282,0.378109981080919,0.345159444394132,0.466078926792519,0.31088588960915,-0.0879689457115997,1.00120477839741,0.844188907873438
23.184609962,0.655984892217936,0.377897388257441,0.345136719828673,0.466077779274815,0.310848172389263,-0.0881803910173733,1.00112161204661,0.843975167532256
23.1901432818,0.655924823451754,0.377685621026007,0.345113906075657,0.466077121613355,0.310810917376097,-0.0883915005873486,1.00103872952741,0.843762742639362
23.1956766016,0.655865121618244,0.377474864903168,0.345091004437457,0.466076807372086,0.310774117180788,-0.0886019424689182,1.0009561260557,0.843551672275254
23.2012099214,0.655805780011718,0.377265305849779,0.345068016373002,0.466076691770696,0.310737763638716,-0.0888113859209166,1.00087379638472,0.843341997620475
23.2067432412,0.655746791949499,0.377057130370634,0.345044943341442,0.466076631464838,0.310701848608057,-0.0890195010942043,1.00079173529094,0.843133761835472
23.212276561,0.655688151076188,0.376850524529282,0.345021786727312,0.466076481149191,0.310666364348875,-0.0892259566199096,1.0007099378035,0.842927005678473
23.2178098808,0.655629851196371,0.376645674730934,0.344998547880871,0.466076093969841,0.3106313033155,-0.089430419238907,1.00062839907724,0.842721768700774
23.2233432006,0.655571886018178,0.376442766167198,0.344975229375168,0.466075327019651,0.31059665664301,-0.0896325608524537,1.00054711539335,0.842518093186849
23.2288765204,0.655514256309353,0.37624198591005,0.344951881908487,0.466074037133494,0.310562374400866,-0.089832051223444,1.00046613821784,0.842316023043545
23.2344098402,0.65545687027793,0.37604352036611,0.344928643489847,0.466072075261864,0.310528226788083,-0.0900285548957541,1.00038551376778,0.842115595627974
23.23994316,0.655399701733173,0.375847554453211,0.344905536595513,0.466069298216652,0.31049416513766,-0.0902217437634405,1.00030523832869,0.841916852669863
23.2454764798,0.655342744234888,0.375653633210895,0.344882558392153,0.466065811691895,0.310460185842735,-0.0904121784810004,1.00022530262704,0.84171944490279
23.2510097996,0.655285991534137,0.375459474989348,0.344859706167662,0.466064349077992,0.310426285366475,-0.0906048740886439,1.0001456977018,0.841523824067341
23.2565431194,0.655229437353554,0.375264859848221,0.344836977200093,0.46606524159856,0.310392460153461,-0.0908003817503397,1.00006641455365,0.841330101446781
23.2620764392,0.655173075111035,0.375069896744381,0.344814368583788,0.466068279139923,0.310358706527247,-0.0909983823955416,0.999987443694823,0.841138175884304
23.267609759,0.655116898443945,0.374874693599566,0.344791877551611,0.466073253796821,0.310325020892334,-0.091198560197255,0.999908775995556,0.840947947396388
23.2731430788,0.655060901247882,0.374679356819892,0.344769501506872,0.466079958113358,0.31029139974101,-0.0914006012934658,0.999830402754755,0.84075931493325
23.2786763986,0.655005076908878,0.374483995002524,0.344747237534524,0.466088181879103,0.310257839374354,-0.0916041868765791,0.999752314443402,0.840572176881627
23.2842097184,0.654949419036894,0.374288716401828,0.344725082863789,0.466097717303725,0.310224336173104,-0.0918090009018962,0.999674501900683,0.840386433705553
23.2897430382,0.65489392138724,0.374093628098379,0.344703034824482,0.466108355839031,0.310190886562758,-0.0920147277406512,0.999596956211722,0.84020198393741
23.295276358,0.654838577599499,0.37389883788389,0.344681090676961,0.466119888660931,0.310157486922538,-0.0922210507770407,0.99951966827646,0.840018726544821
23.3008096778,0.65478338117037,0.373704453790862,0.344659247588013,0.466132107228945,0.310124133582357,-0.0924276534380827,0.999442628758383,0.839836561019807
23.3063429976,0.654728325742709,0.373510583544088,0.344637502825138,0.466144803358616,0.310090822917571,-0.0926342198145279,0.999365828567847,0.839655386902704
23.3118763174,0.654673405153981,0.373317335042889,0.34461585379954,0.466157767755257,0.310057551354441,-0.0928404327123673,0.99928925895352,0.839475102798146
23.3174096372,0.654618612815456,0.373124815649906,0.344594297626906,0.466170792068472,0.31002431518855,-0.0930459764185655,0.999212910442362,0.839295607718378
23.322942957,0.654563942364501,0.372933133460238,0.344572831583034,0.466183668586356,0.309991110781467,-0.0932505351261184,0.999136773947535,0.839116802046594
23.3284762768,0.654509387543407,0.372742396339926,0.34455145302814,0.46619618752466,0.309957934515267,-0.093453791184734,0.999060840571547,0.838938583864586
23.3340095966,0.654454941943236,0.372552711988408,0.344530159215999,0.466208140321349,0.309924782727237,-0.0936554283329412,0.998985101159235,0.838760852309757
23.3395429164,0.654400599122226,0.372364123394565,0.344508947375121,0.466219291520577,0.309891651747105,-0.0938551681260121,0.998909546497347,0.838583414915141
23.3450762362,0.65434635273886,0.372176637431421,0.344487814814908,0.466229388630806,0.309858537923952,-0.0940527511993851,0.998834167553768,0.838406026062227
23.350609556,0.654292196524792,0.371990358140798,0.344466758914977,0.466238218831215,0.309825437609815,-0.0942478606904175,0.998758955439768,0.838228576972013
23.3561428758,0.654238123981475,0.371805388481879,0.344445776864596,0.46624557427436,0.309792347116879,-0.0944401857924816,0.998683900846072,0.838050962756239
23.3616761956,0.654184128746277,0.371621832862573,0.344424865967473,0.466251245486951,0.309759262778803,-0.0946294126243784,0.99860899471375,0.837873078349524
23.3672095154,0.654130204531206,0.371439796704189,0.344404023606166,0.466255019513431,0.309726180925041,-0.0948152228092421,0.998534228137372,0.83769481621762
23.3727428352,0.654076344913333,0.37125938350687,0.344383247042268,0.466256687556465,0.309693097871066,-0.0949973040495956,0.998459591955601,0.837516071063335
23.378276155,0.654022543495169,0.37108069692033,0.344362533558758,0.466256041070384,0.309660009936411,-0.0951753441500544,0.998385077053927,0.837336737990714
23.3838094748,0.653968793933562,0.37090384172592,0.344341880500291,0.466252868863766,0.309626913433271,-0.0953490271378457,0.998310674433853,0.837156710589686
23.3893427946,0.653915089888881,0.370728923587968,0.344321285230874,0.466246958302622,0.309593804658008,-0.0955180347146541,0.998236375119755,0.836975881890591
23.3948761144,0.653861424935501,0.370556044638377,0.344300745007513,0.466238102962361,0.309560679927988,-0.0956820583239836,0.998162169943014,0.836794147600738
23.4004094342,0.653807792710787,0.370385309101642,0.344280257163963,0.466226093174941,0.309527535546824,-0.095840784073299,0.99808804987475,0.836611402276583
23.405942754,0.653754186879203,0.370216823957518,0.34425981910054,0.466210713956401,0.309494367778664,-0.0959938899988823,0.998014005979743,0.836427537913919
23.4114760738,0.653700601038356,0.370050405947515,0.344239428104365,0.466192235122991,0.309461172933991,-0.0961418291754766,0.997940029142721,0.836242641070506
23.4170093936,0.653647028817766,0.369885091056776,0.344219081509113,0.466172229902623,0.309427947308653,-0.0962871388458469,0.997866110326879,0.836057320959398
23.4225427134,0.653593463855381,0.369720759866373,0.344198776691517,0.466150861386783,0.309394687163865,-0.0964301015204097,0.997792240546898,0.835871621253156
23.4280760332,0.653539899774816,0.369557379146662,0.344178511019273,0.46612814898011,0.309361388755544,-0.0965707698334481,0.997718410794089,0.835685528126772
23.433609353,0.6534863302061,0.369394914466462,0.344158281814755,0.466104114116241,0.309328048391345,-0.0967091996497791,0.997644612020855,0.835499028582704
23.4391426728,0.653432748786599,0.369233332304942,0.34413808644733,0.466078776714725,0.309294662339269,-0.0968454444097829,0.997570835233928,0.835312109019667
23.4446759926,0.653379149115965,0.369072600358506,0.344117922334001,0.466052154696222,0.309261226781964,-0.0969795543377153,0.997497071449966,0.835124755054728
23.4502093124,0.653325524846871,0.368912683884071,0.344097786808422,0.466024269924859,0.309227738038449,-0.0971115860407881,0.997423311655294,0.834936953808929
23.4557426322,0.653271869618584,0.368753549248512,0.344077677254674,0.465995142421257,0.30919419236391,-0.0972415931727447,0.997349546873258,0.834748691669769
23.461275952,0.653218177032885,0.368595163545621,0.344057591081917,0.465964791157812,0.309160585950968,-0.0973696276121913,0.997275768114801,0.834559954703433
23.4668092718,0.653164440711163,0.36843749323032,0.344037525684141,0.465933236135022,0.309126915027022,-0.0974957429047025,0.997201966395304,0.834370729365342
23.4723425916,0.653110654321839,0.368280504331535,0.344017478450208,0.465900498490841,0.30909317587163,-0.0976199941593058,0.997128132772047,0.834181002822375
23.4778759114,0.653056811496658,0.36812449241791,0.3439974467951,0.465867004597485,0.309059364701558,-0.0977425121795754,0.997054258291758,0.833991497015395
23.4834092312,0.653002905770057,0.367969735973452,0.343977428151989,0.465833157229493,0.309025477618068,-0.0978634212560404,0.996980333922046,0.833802893202945
23.488942551,0.652948930867445,0.367816191561649,0.343957419928331,0.465798967142659,0.308991510939114,-0.0979827755810094,0.996906350795777,0.833615158704308
23.4944758708,0.652894880426188,0.367663817657522,0.343937419560843,0.465764444402127,0.308957460865345,-0.0981006267446048,0.996832299987032,0.833428262059649
23.5000091906,0.652840747994638,0.367512571692846,0.343917424495002,0.465729596111711,0.308923323499636,-0.0982170244188649,0.99675817248964,0.833242167804557
23.5055425104,0.652786527226487,0.367362411047806,0.343897432177003,0.465694431761162,0.308889095049485,-0.0983320207133554,0.99668395940349,0.833056842808968
23.5110758302,0.652732211811283,0.367213293375071,0.343877440066815,0.465658961492447,0.308854771744468,-0.0984456681173758,0.996609651878098,0.832872254867519
23.51660915,0.652677795355987,0.367065176387217,0.343857445633428,0.465623194009819,0.308820349722559,-0.0985580176226022,0.996535240989415,0.832688370397037
23.5221424698,0.652623271370047,0.366918017980575,0.343837446344452,0.465587137185726,0.308785825025596,-0.0986691192051504,0.996460717714499,0.832505155166301
23.5276757896,0.652568633628645,0.366771775108567,0.343817439696458,0.465550801287513,0.308751193932187,-0.0987790261789456,0.996386073325103,0.83232257639608
23.5332091094,0.652513875769146,0.366626405875116,0.343797423189633,0.465514195912744,0.308716452579513,-0.098887790037628,0.996311298958779,0.832140601787859
23.5387424292,0.652458991269208,0.366481867960029,0.343777394313258,0.465477328654119,0.30868159695595,-0.0989954606940898,0.996236385582466,0.831959196614148
23.544275749,0.652403973849357,0.366338118620894,0.343757350594901,0.465440209160224,0.308646623254456,-0.0991020905393303,0.996161324444258,0.831778327781117
23.5498090688,0.652348817203,0.366195115607416,0.343737289573797,0.46540284714969,0.308611527629203,-0.0992077315422746,0.996086106776797,0.831597962757106
23.5553423886,0.652293526504553,0.36605281658624,0.343717193790184,0.465365251165801,0.308576332714369,-0.0993124345795608,0.996010720294737,0.831418067752042
23.5608757084,0.652238174032195,0.365911179312576,0.343696959086423,0.465327429759196,0.308541214945772,-0.0994162504466199,0.995935133118617,0.831238609071772
23.5664090282,0.652182759127592,0.365770161027443,0.343676575944952,0.465289392724068,0.30850618318264,-0.0995192316966252,0.995859335072544,0.83105955375151
23.571942348,0.652127264241994,0.365629719547312,0.343656056423448,0.46525114927057,0.308471207818546,-0.099621429723258,0.995783320665442,0.830880868817881
23.5774756678,0.652071671666311,0.365489812722723,0.343635412426153,0.46521270752981,0.308436259240158,-0.0997228948070867,0.995707084092464,0.830702520252533
23.5830089876,0.652015963931244,0.365350397784653,0.343614656198642,0.46517407707532,0.308401307732602,-0.0998236792906664,0.995630620129886,0.830524474859973
23.5885423074,0.651960123512368,0.365212015301441,0.343593799858936,0.465134294654176,0.308366323653431,-0.0999222793527351,0.995553923371304,0.830346309955617
23.5940756272,0.651904132748496,0.365075712254245,0.343572855448758,0.465091551278685,0.308331277299737,-0.10001583902444,0.995476988197254,0.83016726353293
23.599608947,0.651847973999985,0.364941385663066,0.34355183507626,0.465045957178392,0.308296138923725,-0.100104571515326,0.995399809076245,0.829987342841458
23.6051422668,0.651791629864852,0.364808898446201,0.343530750947355,0.464997679461244,0.308260878917497,-0.100188781015043,0.995322380812206,0.829806577907445
23.6106755866,0.651735082794342,0.364678115418072,0.343509615188096,0.46494688208912,0.308225467606246,-0.100268766671048,0.995244697982439,0.829624997507193
23.6162089064,0.651678314861651,0.364548932946443,0.343488439882116,0.464893738113078,0.308189874979534,-0.100344805166635,0.995166754743767,0.829442671059521
23.6217422262,0.651621308827281,0.364421479295019,0.343467237265066,0.464838530312083,0.308154071562215,-0.100417051017063,0.995088546092347,0.829260009607102
23.627275546,0.651564047154722,0.364295667710156,0.34344601949708,0.464781443577099,0.308118027657642,-0.100485775866944,0.995010066651801,0.829077111287255
23.6328088658,0.651506512044076,0.364171344617504,0.343424798748967,0.464722631988021,0.308081713295109,-0.100551287370516,0.994931310793043,0.828893976605525
23.6383421856,0.651448685927491,0.364048354809105,0.343403587229284,0.464662251497313,0.308045098698207,-0.100613896688208,0.994852273156775,0.828710606306417
23.6438755054,0.651390551469903,0.363926542237872,0.34338239713567,0.464600458674581,0.308008154334233,-0.10067391643671,0.994772948605573,0.828527000912453
23.6494088252,0.651332091075097,0.36380575220348,0.343361240675397,0.464537408663092,0.3079708503997,-0.100731656459612,0.994693331750494,0.828343160866572
23.654942145,0.651273286693318,0.363685831152072,0.343340130135628,0.464473255942531,0.307933156557691,-0.100787424790459,0.994613416828946,0.828159087094603
23.6604754648,0.651214121267722,0.363566622606137,0.343319077700757,0.464408157535197,0.307895043566965,-0.10084153492906,0.99453319896848,0.827974780141334
23.6660087846,0.651154577249557,0.363447971476605,0.343298095607595,0.464342268380692,0.307856481641962,-0.100894296904088,0.994452672857153,0.827790239857297
23.6715421044,0.651094636652598,0.363329723742913,0.343277196196211,0.464275743896193,0.307817440456387,-0.10094602015328,0.994371832848808,0.827605467639105
23.6770754242,0.651034282076015,0.363211724062709,0.34325639171853,0.464208739985358,0.307777890357485,-0.100997015922648,0.994290673794544,0.827420464048067
23.682608744,0.650973516125085,0.36309381706141,0.343235687250641,0.464141411881049,0.307737828874444,-0.101047594819639,0.994209203375727,0.82723522894246
23.6881420638,0.650912917069476,0.362975848000619,0.343214880938687,0.464073915017384,0.30769803613079,-0.101098067016765,0.994127798008163,0.827049763018004
23.6936753836,0.6508527509911,0.362857859402577,0.343193882535811,0.464006649760881,0.307658868455289,-0.101148790358304,0.994046633526911,0.826864509163458
23.6992087034,0.650793001157742,0.362740345737283,0.343172703374819,0.463940574982826,0.307620297782923,-0.101200229245543,0.993965704532561,0.82668092072011
23.7047420232,0.650733651426253,0.362623189864966,0.343151354514664,0.463875892657603,0.307582296911589,-0.101252702792638,0.993885005940917,0.826499082522569
23.710275343,0.650674686114178,0.362506218586665,0.343129846823364,0.463812737431528,0.307544839290814,-0.101306518844862,0.993804532937543,0.826318956018193
23.7158086628,0.650616088716965,0.362389260131486,0.34310819153369,0.46375124323719,0.307507897183275,-0.101361983105704,0.993724280250655,0.826140503368676
23.7213419826,0.650557842940144,0.362272143289477,0.343086399782781,0.463691544599613,0.307471443157364,-0.101419401310136,0.993644242722925,0.82596368788909
23.7268753024,0.650499932808457,0.362154695469302,0.343064482581878,0.46363377624577,0.307435450226579,-0.101479080776468,0.993564415390334,0.825788471715071
23.7324086222,0.650442342334392,0.362036743874671,0.343042450961642,0.463578073561523,0.30739989137275,-0.101541329686852,0.993484793296034,0.825614817436193
23.737941942,0.650385054999245,0.361918117645316,0.343020316154475,0.463524569360183,0.30736473884477,-0.101606451714867,0.99340537115372,0.825442687005498
23.7434752618,0.650328054659865,0.361798645141471,0.342998089247611,0.463473398105853,0.307329965412254,-0.101674752964382,0.993326143907476,0.825272043247324
23.7490085816,0.650271325541662,0.361678154380127,0.342975781220481,0.463424693341641,0.307295544321181,-0.101746538961514,0.993247106762143,0.825102847721767
23.7545419014,0.650214851135193,0.361558041567496,0.342953403298126,0.4633759736184,0.307261447837067,-0.101817932050904,0.993168254433318,0.824934015185896
23.7600752212,0.650158615243015,0.361439572810367,0.342930966596886,0.463324975205939,0.307227648646129,-0.101885402395572,0.993089581839902,0.824764548016307
23.765608541,0.650102601870411,0.361322551651764,0.342908482187905,0.463271872919792,0.307194119682506,-0.101949321268029,0.993011084058317,0.824594424571556
23.7711418608,0.650046794879625,0.361206780854396,0.342885961194233,0.46321684335503,0.307160833685393,-0.102010062500633,0.992932756073858,0.824423624209426
23.7766751806,0.649991177921655,0.361092062121801,0.34286341477593,0.463160065136094,0.307127763145724,-0.102068003014293,0.992854592697585,0.824252127257896
23.7822085004,0.64993573485335,0.360978198300895,0.342840854046233,0.463101714688902,0.307094880807117,-0.102123516388007,0.992776588899584,0.824079912989797
23.7877418202,0.64988044976418,0.36086499317702,0.342818290124312,0.463041966641049,0.307062159639868,-0.102176973464029,0.992698739888493,0.823906959818069
23.79327514,0.649825306227422,0.360752248289709,0.342795734164194,0.462981000063465,0.307029572063228,-0.102228751773756,0.992621040391615,0.823733248353174
23.7988084598,0.649770288098853,0.360639766327602,0.342773197289658,0.462918991162801,0.306997090809195,-0.102279224835199,0.992543485388512,0.823558757490403
23.8043417796,0.649715379320496,0.360527350386406,0.342750690660097,0.462856116134765,0.306964688660399,-0.102328765748358,0.992466069980593,0.823383466521171
23.8098750994,0.649660563691954,0.360414803006968,0.342728225427807,0.462792552108433,0.306932338264147,-0.102377749101465,0.99238878911976,0.823207355115401
23.8154084192,0.649605824990126,0.360301926739158,0.34270581270877,0.462728475751412,0.306900012281356,-0.102426549012254,0.992311637698897,0.82303040249057
23.820941739,0.649551147080209,0.360188524333597,0.342683463653026,0.462664063410349,0.306867683427183,-0.102475539076752,0.992234610733235,0.822852587743947
23.8264750588,0.649496513846889,0.360074398125003,0.342661189509169,0.462599492453529,0.30683532433772,-0.102525094328526,0.992157703356058,0.822673890578532
23.8320083786,0.649441909058807,0.359959351386605,0.342639001335804,0.462534939236013,0.306802907723002,-0.102575587849408,0.992080910394611,0.822494290622618
23.8375416984,0.649387316572813,0.359843186394116,0.342616910279636,0.462470579333771,0.306770406293177,-0.102627392939654,0.992004226852449,0.822313765727887
23.8430750182,0.649332720223864,0.359725705494854,0.342594927616824,0.462406591067986,0.306737792607041,-0.102680885573132,0.991927647840688,0.82213229656284
23.848608338,0.649278103836533,0.359606711785825,0.342573064465823,0.462343150767439,0.30670503937071,-0.102736438981615,0.991851168302356,0.821949862553264
23.8541416578,0.649223451269814,0.359486008128511,0.342551331926979,0.462280433612969,0.306672119342834,-0.102794425484458,0.991774783196793,0.82176644174148
23.8596749776,0.649168746354519,0.359363396967562,0.342529741215605,0.462218616736904,0.306639005138914,-0.102855219769341,0.991698487570124,0.821582013704466
23.8652082974,0.649113972854942,0.359238679921986,0.342508303646958,0.462157878927186,0.306605669207984,-0.1029191990052,0.9916222765019,0.821396558849173
23.8707416172,0.649059114694502,0.359111661463849,0.342487030212487,0.462098394269759,0.306572084482015,-0.10298673280591,0.99154614490699,0.821210055733608
23.876274937,0.64900415573005,0.358982143707822,0.342465932079937,0.462040338057088,0.306538223650113,-0.103058194349266,0.991470087809987,0.82102248176491
23.8818082568,0.648949079645673,0.358849927675017,0.342445020670914,0.461983891188904,0.306504058974759,-0.103133963513887,0.991394100316587,0.820833818863921
23.8873415766,0.648893870378517,0.358714817888877,0.342424307007001,0.461929228024531,0.306469563371517,-0.103214410135654,0.991318177385518,0.820644045913408
23.8928748964,0.648838511825873,0.358576616987769,0.342403802201512,0.461876522778833,0.306434709624361,-0.103299905791064,0.991242314027385,0.820453139766602
23.8984082162,0.648782987740362,0.358435263857524,0.342383517563735,0.461826012967005,0.306399470176627,-0.103390749109481,0.991166505304097,0.82026127682453
23.903941536,0.648727323296714,0.358290764064453,0.342363411297525,0.461777964829036,0.306363911999189,-0.103487200764582,0.991090734594239,0.820068728893489
23.9094748558,0.648671703697265,0.358142943430105,0.342343236573091,0.461732559554128,0.306328467124174,-0.103589616124023,0.991014940270356,0.819875502984234
23.9150081756,0.648616144656977,0.35799162371725,0.342322963847151,0.461689980861302,0.306293180809826,-0.103698357144052,0.990939108504128,0.819681604578552
23.9205414954,0.648560635796235,0.357836624309215,0.342302596963458,0.461650421442804,0.306258038832777,-0.103813797133589,0.990863232759693,0.819487045752019
23.9260748152,0.648505166590261,0.357677811249903,0.342282140049594,0.461614094376414,0.306223026540667,-0.103936283126511,0.990787306639855,0.819291905626316
23.931608135,0.648449726592276,0.357515621626382,0.342261597113592,0.461580520808698,0.306188129478684,-0.104064899182316,0.990711323705868,0.81909614243508
23.9371414548,0.648394305369567,0.357350449107588,0.342240972089792,0.461549177698616,0.306153333279775,-0.104198728591028,0.99063527745936,0.818899626806204
23.9426747746,0.648338892459213,0.357182428791075,0.342220268980354,0.46151996192139,0.306118623478859,-0.104337533130315,0.990559161439566,0.818702390712466
23.9482080944,0.648283477405675,0.357011696912854,0.342199491866842,0.46149276660098,0.306083985538833,-0.104481069688127,0.990482969272517,0.818504463513834
23.9537414142,0.648228049768814,0.356838388100786,0.342178644756601,0.461467488281,0.306049405012213,-0.104629100180214,0.990406694525415,0.818305876381785
23.959274734,0.648172599056223,0.35666263541719,0.342157731561372,0.461444028484746,0.306014867494851,-0.104781393067556,0.990330330617594,0.818106663901935
23.9648080538,0.648117114849277,0.356484576665282,0.342136756418695,0.46142227931803,0.305980358430582,-0.104937702652749,0.990253871267972,0.817906855983312
23.9703413736,0.648061586708801,0.356304345796521,0.342115723351712,0.461402136305289,0.305945863357089,-0.105097790508768,0.990177310060513,0.817706482101811
23.9758746934,0.648006004133393,0.35612207734794,0.342094636335894,0.461383499314118,0.3059113677975,-0.105261421966178,0.990100640469287,0.817505576662058
23.9814080132,0.647950356675184,0.355937906842314,0.342073499428251,0.46136626408367,0.305876857246933,-0.105428357241356,0.990023856103434,0.817304170925984
23.986941333,0.647894633932272,0.355751969752298,0.342052316704525,0.461350325269168,0.305842317227746,-0.10559835551687,0.989946950636797,0.817102295021466
23.9924746528,0.647838825442827,0.355564400803021,0.342031092195264,0.461335580042124,0.305807733247563,-0.105771179239104,0.989869917638091,0.816899980845145
23.9980079726,0.647782920635497,0.355375334146901,0.342009829903441,0.461321927124579,0.305773090732057,-0.105946592977679,0.989792750538938,0.81669726127148
24.0035412924,0.647726909192294,0.355184906260891,0.341988533942897,0.461309260624718,0.305738375249397,-0.106124354363827,0.989715443135192,0.816494166885608
24.0090746122,0.64767078067404,0.354993251609592,0.341967208367222,0.46129747667379,0.305703572306818,-0.106304225064199,0.989637989041262,0.816290728283382
24.014607932,0.647614524482321,0.354800504798735,0.341945857204615,0.46128647372124,0.305668667277706,-0.106485968922505,0.989560381686936,0.816086978519975
24.0201412518,0.64755813024097,0.354606801415956,0.341924484545814,0.461276147285429,0.305633645695156,-0.106669345869473,0.989482614786784,0.815882948701385
24.0256745716,0.647501587573397,0.354412276536487,0.341903094472432,0.46126639317443,0.305598493100965,-0.106854116637943,0.98940468204583,0.815678669710918
24.0312078914,0.647444885967757,0.354217065017511,0.341881691050168,0.461257108407415,0.305563194917589,-0.107040043389904,0.989326577017925,0.815474173424926
24.0367412112,0.647388014830403,0.354021301700828,0.341860278352636,0.46124818979628,0.305527736477767,-0.107226888095452,0.989248293183039,0.815269491497108
24.042274531,0.647330963915655,0.353825122058811,0.341838860482024,0.461239533044363,0.305492103433631,-0.107414410985552,0.989169824397679,0.815064655103173
24.0478078508,0.647273722784337,0.353628660981182,0.341817441523777,0.461231034717207,0.30545628126056,-0.107602373736026,0.989091164308114,0.814859695698389
24.0533411706,0.647216280712694,0.353432053375561,0.341796025571451,0.461222591346406,0.305420255141243,-0.107790537970846,0.989012306284144,0.814654644721967
24.0588744904,0.647158627452915,0.353235434427591,0.34177461672922,0.461214099073423,0.305384010723695,-0.107978664645832,0.988933244182135,0.814449533501014
24.0644078102,0.647100752625395,0.35303893918101,0.341753219097284,0.461205454541057,0.305347533528111,-0.108166515360047,0.988853971722678,0.814244393722067
24.06994113,0.647042645639946,0.352842702659847,0.341731836789471,0.461196553896474,0.305310808850475,-0.108353851236627,0.988774482429417,0.814039256556321
24.0754744498,0.646984295937281,0.352646859994563,0.341710473930285,0.461187292993112,0.305273822006995,-0.10854043299855,0.988694769867566,0.813834152987675
24.0810077696,0.646925693315702,0.352451546018879,0.341689134623322,0.46117756883744,0.305236558692379,-0.108726022818561,0.988614827939024,0.813629114856319
24.0865410894,0.646866827336033,0.35225689582688,0.341667822988253,0.461167278152878,0.30519900434778,-0.108910382325997,0.988534650324287,0.813424173979758
24.0920744092,0.646807687120854,0.352063044994007,0.34164654319765,0.461156315278274,0.305161143923204,-0.109093270284267,0.988454230318503,0.813219360272281
24.097607729,0.646748262607361,0.351870127792807,0.34162529934966,0.461144577827884,0.3051229632577,-0.109274450035077,0.988373561957021,0.81301470562069
24.1031410488,0.646688543384607,0.351678174573834,0.341604095576809,0.461132138209267,0.305084447807797,-0.109453963635433,0.988292638961416,0.812810312783101
24.1086743686,0.646628518755736,0.351485577644224,0.341582936055064,0.461121798285523,0.305045582700673,-0.109636220641299,0.9882114548108,0.812607375929747
24.1142076884,0.646568178252474,0.351291859844342,0.341561824940893,0.461114475175632,0.305006353311581,-0.10982261533129,0.988130003193367,0.812406335019974
24.1197410082,0.646507511688778,0.351097173237043,0.341540766353385,0.461110037850667,0.304966745335393,-0.110012864613625,0.988048278042163,0.81220721108771
24.125274328,0.646446508594031,0.350901668239185,0.341519764454796,0.461108357453002,0.304926744139236,-0.110206689213817,0.987966273048827,0.812010025692186
24.1308076478,0.646385158003144,0.350705493084293,0.341498823496317,0.461109306620315,0.304886334506826,-0.110403813536023,0.987883981499461,0.811814799704608
24.1363409676,0.64632345000065,0.350508800166581,0.341477947566517,0.46111275275544,0.304845502434133,-0.110603952588858,0.987801397567168,0.811621552922021
24.1418742874,0.646261374147376,0.350311740908702,0.341457140839974,0.461118567899918,0.304804233307402,-0.110806826991216,0.98771851498735,0.81143030880862
24.1474076072,0.646198919611472,0.350114463849071,0.341436407569839,0.461126622733242,0.304762512041633,-0.111012158884171,0.987635327181312,0.811241086582313
24.152940927,0.646136076072326,0.34991711986557,0.341415751926444,0.461136786961278,0.304720324145882,-0.111219667095708,0.98755182799877,0.811053906826848
24.1584742468,0.646072833331226,0.349719525044439,0.341395178059466,0.461148515943389,0.30467765527176,-0.11142899089895,0.987468011390692,0.810868040987828
24.1640075666,0.646009180829562,0.349521039984165,0.341374690191915,0.461160703245038,0.304634490637647,-0.111639663260873,0.987383871021477,0.810681743229203
24.1695408864,0.645945107655906,0.349321764035942,0.341354292627715,0.461173157261412,0.304590815028192,-0.11185139322547,0.987299400283621,0.810494921297354
24.1750742062,0.645880603929126,0.34912179966054,0.341333989469623,0.461185711340407,0.304546614459503,-0.112063911679867,0.98721459339875,0.810307511000947
24.180607526,0.645815659210044,0.348921038990811,0.341313784936188,0.461198109516286,0.304501874273857,-0.112277070525476,0.987129444146232,0.810119148507097
24.1861408458,0.645750262503495,0.348719572306928,0.341293683373835,0.461210181679784,0.30445657912966,-0.112490609372856,0.98704394587733,0.809929753986712
24.1916741656,0.645684403693178,0.348517545966241,0.341273688949449,0.461221780933783,0.30441071474373,-0.112704234967543,0.986958092642627,0.809739326900024
24.1972074854,0.645618072539388,0.348315105717622,0.34125380585942,0.46123276046635,0.304364266679968,-0.112917654748728,0.986871878398809,0.809547866183971
24.2027408052,0.645551258367194,0.348112397512537,0.341234038403931,0.461242973589196,0.304317219963263,-0.113130576076659,0.986785296771124,0.809355371101733
24.208274125,0.645483950375485,0.347909567528354,0.341214390922902,0.461252273048743,0.304269559452583,-0.113342705520389,0.986698341298387,0.809161840577097
24.2138074448,0.645416138689131,0.347706761566132,0.341194867549725,0.461260512840513,0.304221271139406,-0.113553751274381,0.986611006238856,0.808967274406645
24.2193407646,0.645347812868956,0.347504125315104,0.341175472552559,0.461267546304656,0.304172340316397,-0.113763420989551,0.986523285421516,0.80877167161976
24.2248740844,0.645278961728148,0.347301805494888,0.341156210388253,0.461273225167199,0.304122751339896,-0.113971419672311,0.986435172116401,0.808575030662086
24.2304074042,0.645209568061437,0.34709994761326,0.341137094562444,0.461277403939681,0.304072473498993,-0.114177456326421,0.986346662623882,0.808377351552941
24.235940724,0.645139589658597,0.346898697275784,0.341118169946062,0.461279936286249,0.304021419712535,-0.114381239010466,0.98625775960466,0.808178633562033
24.2414740438,0.645069016001012,0.346698200965766,0.341099440530022,0.461280674475086,0.303969575470989,-0.11458247350932,0.986168456531034,0.807978875440852
24.2470073636,0.644997841217562,0.346498605030191,0.341080904590948,0.461279470990539,0.303916936626614,-0.114780865960348,0.98607874580851,0.80777807602073
24.2525406834,0.644926060211212,0.346300054470548,0.341062560182394,0.461276180976925,0.303863500028818,-0.114976126506376,0.985988620393606,0.807576235447473
24.2580740032,0.644853667305346,0.346102695111156,0.341044405552054,0.4612706579394,0.303809261753292,-0.115167962828244,0.985898072857401,0.807373353050556
24.263607323,0.644780655831567,0.345906674963929,0.341026439242629,0.461262751162146,0.303754216588938,-0.115356076198217,0.985807095074196,0.807169426126075
24.2691406428,0.644707021053163,0.345712138014293,0.341008659246001,0.461252317539894,0.303698361807162,-0.115540179525601,0.985715680299164,0.806964455554187
24.2746739626,0.644632757327098,0.345519230120024,0.340991063836101,0.46123921085072,0.303641693490996,-0.115719980730696,0.985623821163199,0.806758440970744
24.2802072824,0.644557858422653,0.345327953320869,0.340973651458231,0.461223523971683,0.303584206964422,-0.115895570650814,0.985531509880884,0.806551477292552
24.2857406022,0.644482318703649,0.345137405764999,0.34095642040209,0.461206858184913,0.303525898301559,-0.116069452419914,0.985438739105739,0.806344263949912
24.291273922,0.64440613298884,0.344947438143682,0.340939368853749,0.461189559757703,0.303466764135091,-0.116242121614021,0.985345501842589,0.806136997901385
24.2968072418,0.644329295510019,0.344758091562862,0.340922495171683,0.461171656973358,0.303406800338336,-0.116413565410495,0.985251790681702,0.80592974853622
24.3023405616,0.644251799681871,0.344569407516858,0.340905797929336,0.461153176845331,0.303346001752535,-0.116583769328473,0.985157597611207,0.805722584362188
24.3078738814,0.644173640809774,0.344381426306559,0.340889275235554,0.461134148927159,0.303284365574219,-0.1167527226206,0.985062916045328,0.805515575233719
24.3134072012,0.644094813217109,0.344194189318136,0.340872925467153,0.461114602048246,0.303221887749957,-0.116920412730111,0.984967738684262,0.805308791366382
24.318940521,0.644015310507029,0.344007737731865,0.340856747184098,0.461094563212854,0.303158563322931,-0.117086825480989,0.984872057691127,0.80510230094472
24.3244738408,0.643935127309098,0.343822112308409,0.340840738712289,0.461074061121727,0.30309438859681,-0.117251948813318,0.984775866021387,0.804896173430137
24.3300071606,0.643854258342457,0.343637354017577,0.340824898378264,0.461053124952366,0.303029359964193,-0.11741577093479,0.98467915672072,0.804690478969943
24.3355404804,0.643772697698323,0.34345350399842,0.340809224669681,0.461031782718537,0.302963473028642,-0.117578278720117,0.984581922368004,0.804485286716958
24.3410738002,0.643690439006014,0.343270603623863,0.340793716185884,0.461010061678068,0.302896722820131,-0.117739458054204,0.984484155191898,0.804280665301931
24.34660712,0.643607535667856,0.343088693184971,0.340778348732659,0.460987991324319,0.302829186935198,-0.117899298139348,0.984385884400515,0.80407668450929
24.3521404398,0.643524185790183,0.342907814162692,0.340763042000882,0.460965600616241,0.302761143789301,-0.118057786453549,0.984287227791065,0.803873414778934
24.3576737596,0.643440410126316,0.342728007835134,0.34074778385651,0.460942916207496,0.302692626269806,-0.118214908372362,0.984188193982826,0.80367092404263
24.3632070794,0.643356213565674,0.342549314641831,0.34073256855039,0.460919967119517,0.302623645015283,-0.118370652477687,0.984088782116064,0.803469281761348
24.3687403992,0.643271600790205,0.342371775838352,0.340717390361543,0.460896782674346,0.302554210428662,-0.118525006835993,0.983988991151748,0.803268558512698
24.374273719,0.643186594764297,0.342195432530621,0.340702274493452,0.460873390474223,0.302484320270845,-0.118677957943601,0.983888869257749,0.803068823004844
24.3798070388,0.64310129786138,0.342020325925251,0.34068737766426,0.460849818087942,0.30241392019712,-0.118829492162691,0.98378867552564,0.802870144013193
24.3853403586,0.643015729477953,0.341846496414635,0.340672718058827,0.460826095026297,0.302343011419126,-0.118979598611663,0.98368844753678,0.802672591440932
24.3908736784,0.642929894422567,0.341674190056463,0.340658290493108,0.460802503432063,0.302271603929459,-0.1191283133756,0.983588184915674,0.802476693488525
24.3964069982,0.642843797131807,0.341503752154836,0.340644090085124,0.460779445695799,0.302199707046683,-0.119275693540963,0.98348788721693,0.802283197850635
24.401940318,0.642757442749482,0.341335152106249,0.340630111373667,0.460756863804733,0.302127331375815,-0.119421711698484,0.983387554123149,0.802092015910982
24.4074736378,0.642670836136348,0.341168355068372,0.340616349131311,0.460734692677991,0.302054487005037,-0.119566337609619,0.98328718526766,0.801903047746363
24.4130069576,0.642583981926138,0.341003324657727,0.340602798312063,0.460712863625107,0.301981183614075,-0.11970953896738,0.983186780238201,0.801716188282834
24.4185402774,0.642496884888791,0.340840024881843,0.340589453757882,0.460691309343219,0.301907431130909,-0.119851284461376,0.983086338646673,0.801531334225061
24.4240735972,0.642409550061785,0.340678419503166,0.340576310099838,0.460669964359398,0.301833239961946,-0.119991544856233,0.982985860161623,0.801348383862564
24.429606917,0.642321982253669,0.340518472816095,0.340563362152061,0.460648762143745,0.301758620101609,-0.12013028932765,0.98288534440573,0.80116723495984
24.4351402368,0.642234185906466,0.340360147076163,0.340550605009941,0.460627632478459,0.301683580896524,-0.120267485402296,0.982784790916407,0.800987779554622
24.4406735566,0.64214616620946,0.340203293498076,0.340538033189193,0.460606461926933,0.301608133020267,-0.120403168428857,0.982684199398654,0.800809755425009
24.4462068764,0.642057927972497,0.340047884964155,0.340525641501913,0.460585006967148,0.301532286470584,-0.120537122002993,0.982583569474409,0.800632891931302
24.4517401962,0.641969475813092,0.339894198903673,0.340513424903092,0.460562623885655,0.30145605091,-0.120668424981983,0.982482900716185,0.800456822789328
24.457273516,0.641880814589962,0.339742155981422,0.340501378163333,0.460539266101387,0.301379436426629,-0.120797110119964,0.982382192753296,0.800281422082809
24.4628068358,0.641791949268024,0.339591633771911,0.340489495976859,0.460514959786291,0.301302453291164,-0.12092332601438,0.982281445244883,0.800106593558202
24.4683401556,0.641702884619256,0.339442510522722,0.340477773181419,0.460489729140153,0.301225111437837,-0.121047218617431,0.982180657800675,0.799932239662875
24.4738734754,0.641613625213876,0.339294665164634,0.34046620475576,0.460463596826907,0.301147420458116,-0.121168931662274,0.982079829969636,0.799758261991541
24.4794067952,0.641524176150837,0.339147974392025,0.340454785299397,0.460436589433549,0.30106939085144,-0.121288615041524,0.981978961450234,0.799584563825574
24.484940115,0.641434542238691,0.339002316595303,0.340443509622471,0.460408731765216,0.30099103261622,-0.121406415169913,0.981878051861162,0.799411048360519
24.4904734348,0.641344728091788,0.338857570328491,0.340432372665718,0.460380046841312,0.30091235542607,-0.121522476512821,0.981777100757506,0.799237617169802
24.4960067546,0.641254738631523,0.338713613195098,0.340421369156522,0.460350559951703,0.300833369475001,-0.121636946756604,0.981676107788045,0.799064173146801
24.5015400744,0.6411645787633,0.338570322947294,0.340410493837064,0.460320296118352,0.300754084926237,-0.121749973171058,0.981575072600364,0.798890619065645
24.5070733942,0.641074253234283,0.338427577820424,0.340399741554502,0.460289279416364,0.300674511679782,-0.121861701595941,0.981473994788785,0.798716857236788
24.512606714,0.640983766720666,0.338285256279386,0.340389107196077,0.460257533909969,0.30059465952459,-0.121972277630583,0.981372873916743,0.798542790189355
24.5181400338,0.640893124240242,0.33814323574467,0.340378585432943,0.460225084914932,0.300514538807299,-0.122081849170262,0.981271709673185,0.798368320659602
24.5236733536,0.640802330601561,0.338001394089973,0.340368171071558,0.460191956490827,0.300434159530003,-0.122190562400853,0.981170501673119,0.7981933505808
24.5292066734,0.640711390428854,0.337859609977346,0.340357859023197,0.460158172937651,0.300353531405657,-0.122298562960305,0.981069249452051,0.798017782914997
24.5347399932,0.640620308680102,0.33771776117441,0.340347644000239,0.460123759190334,0.300272664679863,-0.122405998015924,0.980967952680341,0.797841520364744
24.540273313,0.640529090214243,0.337575725280446,0.340337520777666,0.460088739174741,0.300191569436577,-0.122513013894294,0.98086661099191,0.797664464455187
24.5458066328,0.640437739766672,0.337433380636409,0.340327484196877,0.460053137457458,0.300110255569796,-0.122619756821048,0.980765223963549,0.797486518093867
24.5513399526,0.640346262093467,0.337290605454021,0.340317529081815,0.460016978815983,0.300028733011651,-0.122726373361962,0.980663791175282,0.797307584270004
24.5568732724,0.640254662144304,0.337147277549332,0.340307650160156,0.459980287368791,0.299947011984148,-0.12283300981946,0.98056231230446,0.797127564918123
24.5624065922,0.640162944727736,0.337003274578259,0.340297842233991,0.459943086814073,0.299865102493745,-0.122939812235814,0.980460786961727,0.796946361392331
24.567939912,0.640071114490921,0.336858474980331,0.34028810016997,0.459905402819975,0.299783014320952,-0.123046927839644,0.980359214660891,0.796763877800306
24.5734732318,0.639979176402329,0.33671275704945,0.340278418693755,0.459867259490977,0.299700757708574,-0.123154502441527,0.980257595096085,0.796580016540426
24.5790065516,0.639887092022359,0.336565997901461,0.340268847068593,0.459828679756945,0.299618244953766,-0.123262681855484,0.980155939090952,0.796394677658406
24.5845398714,0.639794726820029,0.336418076100773,0.340259555380018,0.459789689338827,0.299535171440011,-0.123371613238055,0.980054282200048,0.7962077654396
24.5900731912,0.639702077758026,0.336268869818631,0.340250548144747,0.459750313086666,0.29945152961328,-0.123481443268035,0.979952625902773,0.796019182905297
24.595606511,0.639609153174903,0.336118256936103,0.340241815644069,0.459710574041891,0.299367337530833,-0.123592317105788,0.979850968818972,0.795828830977994
24.6011398308,0.63951596114237,0.335966115162775,0.3402333484138,0.459670496012882,0.29928261272857,-0.123704380850107,0.97974930955617,0.795636611175656
24.6066731506,0.63942250935213,0.335812314859805,0.340225137337597,0.459630096619423,0.299197372014533,-0.123817781759619,0.979647646689727,0.795442411479228
24.6122064704,0.639328806315448,0.335656746163913,0.340217172547994,0.459589412506707,0.299111633767454,-0.123932666342794,0.979545978863442,0.79524615867062
24.6177397902,0.6392348601152,0.335499385991919,0.340209444576547,0.459548590386343,0.299025415538654,-0.124049204394423,0.979444304691747,0.795047976378262
24.62327311,0.63914067861561,0.335340845770262,0.340201944149829,0.459506749022857,0.298938734465782,-0.124165903252594,0.979342622765439,0.794847594793119
24.6288064298,0.639046269983737,0.335182532117255,0.340194661723093,0.459461676931388,0.298851608260644,-0.124279144814132,0.97924093170683,0.794644209048643
24.6343397496,0.638951642462977,0.335024436945074,0.340187587690716,0.459413519576598,0.29876405477226,-0.124389082631524,0.979139230153693,0.794437956521672
24.6398730694,0.638856804088207,0.334866494230755,0.340180712633075,0.459362521339649,0.298676091455132,-0.124496027108893,0.979037516721282,0.794229015570404
24.6454063892,0.63876176271951,0.334708639035045,0.340174027275868,0.459308926020095,0.298587735443642,-0.12460028698505,0.978935789995378,0.79401756505514
24.650939709,0.638666526736605,0.334550803534404,0.340167521907694,0.459252980670197,0.298499004828911,-0.124702177135793,0.978834048644299,0.793803784204601
24.6564730288,0.638571104222367,0.334392920516166,0.340161187074467,0.459194928840892,0.2984099171479,-0.124802008324725,0.978732291296834,0.793587849357058
24.6620063486,0.638475503062509,0.33423492508193,0.340155013479075,0.459135015335812,0.298320489583434,-0.124900090253882,0.978630516541584,0.793369940417741
24.6675396684,0.638379731475825,0.334076750267433,0.340148991556229,0.459073485845878,0.298230739919596,-0.124996735578445,0.978528723032055,0.793150236113311
24.6730729882,0.638283797632488,0.333918328982846,0.340143111788079,0.459010584918438,0.298140685844409,-0.125092255935592,0.978426909420567,0.792928913901284
24.678606308,0.638187709552473,0.333759595171709,0.340137364774315,0.458946557363862,0.298050344778159,-0.125186962192153,0.978325074326788,0.79270615253557
24.6841396278,0.63809147522038,0.333600482504443,0.34013174113481,0.458881648172754,0.297959734085569,-0.125281165668311,0.97822321635519,0.792482130677196
24.6896729476,0.63799510290631,0.333440924345207,0.340126231288913,0.458816102508554,0.297868871617397,-0.125375178163347,0.978121334195224,0.79225702685376
24.6952062674,0.637898600693142,0.333280854115241,0.340120825797436,0.458750164714676,0.297777774895706,-0.125469310599435,0.978019426490578,0.792031018829916
24.7007395872,0.637801976510008,0.333120205239259,0.340115515314423,0.458684080343061,0.297686461195585,-0.125563875103801,0.977917491824431,0.79180428558232
24.706272907,0.637705238583574,0.332958911465777,0.340110290306098,0.458618094163284,0.297594948277476,-0.125659182697507,0.977815528889673,0.791577005629061
24.7118062268,0.63760839503272,0.332796906413597,0.340105141317156,0.458552450597086,0.297503253715564,-0.125755544183489,0.977713536349876,0.791349357010684
24.7173395466,0.637511453884452,0.332634183326014,0.340100058941442,0.4584874206587,0.29741139494301,-0.125853237332686,0.977611512825894,0.791121603984715
24.7228728664,0.637414423204021,0.332470861591079,0.340095033745144,0.458423329435592,0.297319389458877,-0.125952467844513,0.977509456949165,0.79089419102667
24.7284061862,0.637317311173848,0.332306896317413,0.340090056253127,0.458360429726779,0.297227254920721,-0.126053533409366,0.977407367426976,0.790667326044192
24.733939506,0.637220125876809,0.332142229696506,0.340085117041703,0.458298969907709,0.297135008835106,-0.126156740211203,0.977305242918512,0.790441199604215
24.7394728258,0.637122875307391,0.331976802168012,0.34008020669101,0.45823920072792,0.297042668616381,-0.126262398559908,0.977203081998402,0.790216002895932
24.7450061456,0.637025567656267,0.331810556864178,0.340075315750841,0.458181368485401,0.296950251905426,-0.126370811621222,0.977100883407108,0.789991925349579
24.7505394654,0.636928211012955,0.331643436324312,0.340070434803299,0.458125721720916,0.296857776209656,-0.126482285396603,0.976998645816255,0.789769158045228
24.7560727852,0.636830813433426,0.331475381284336,0.340065554411321,0.458072510204463,0.296765259022105,-0.126597128920127,0.976896367844747,0.789547891488799
24.761606105,0.636733383019718,0.331306333440237,0.340060665139553,0.458021982512556,0.296672717880166,-0.126715649072319,0.976794048159271,0.789328315952793
24.7671394248,0.636635927888501,0.331136236156012,0.34005575759324,0.457974385501709,0.296580170295261,-0.126838149345697,0.976691685481741,0.789110621657721
24.7726727446,0.636538456121867,0.330965031534583,0.340050822359713,0.457929967888985,0.296487633762154,-0.126964936354403,0.97658927848158,0.788894999423568
24.7782060644,0.636440975803942,0.330792658597192,0.340045849935683,0.457888981793786,0.296395125868259,-0.127096323196594,0.976486825739625,0.788681640390977
24.7837393842,0.636343495043187,0.330619061799535,0.340040830991126,0.4578516713187,0.296302664052061,-0.127232609519165,0.976384326034313,0.788470733118235
24.789272704,0.636246021922478,0.330443713158521,0.340035756125668,0.457819071463551,0.29621026579681,-0.127375358305031,0.976281778048146,0.788262784622072
24.7948060238,0.63614856454868,0.330266028223024,0.340030615846376,0.457792305688886,0.296117948702304,-0.127526277465862,0.976179180395056,0.78805833391191
24.8003393436,0.636051131016754,0.330086235599651,0.3400254007685,0.457771144284929,0.296025730248254,-0.127684908685278,0.976076531785254,0.78785737988458
24.8058726634,0.635953729399553,0.329904572988951,0.340020101552632,0.457755344553506,0.295933627846921,-0.127850771564554,0.975973830952185,0.787659917542457
24.8114059832,0.635856367793672,0.32972127481148,0.340014708773209,0.457744667162805,0.295841659020463,-0.128023392351325,0.975871076566882,0.787465941974285
24.816939303,0.635759054348943,0.329536573456566,0.34000921289261,0.457738874480345,0.295749841456333,-0.128202301023779,0.975768267241553,0.787275447936911
24.8224726228,0.635661797093617,0.32935070748846,0.340003604679107,0.457737720707466,0.29565819241451,-0.128387013219006,0.975665401772724,0.787088428195926
24.8280059426,0.63556460411057,0.329163913334035,0.339997874749569,0.457740967105058,0.295566729361001,-0.128577053771023,0.975562478860139,0.786904880439093
24.8335392624,0.635467483579495,0.328976422829633,0.33999201353034,0.457748374659328,0.295475470049155,-0.128771951829695,0.975459497109835,0.786724797488961
24.8390725822,0.635370443544412,0.328788502625901,0.339986011739432,0.457759737175564,0.29538443180498,-0.128971234549664,0.975356455283843,0.786548239801465
24.844605902,0.635273492056286,0.328600466282258,0.339979860067855,0.457774909322372,0.295293631988431,-0.129174443040115,0.975253352124141,0.78637537560463
24.8501392218,0.635176637248152,0.328412450041917,0.339973549052304,0.457793529559996,0.295203088195848,-0.129381079518079,0.975150186300456,0.786205979601913
24.8556725416,0.635079887291678,0.328224573236882,0.339967069173078,0.457815214886481,0.2951128181186,-0.129590641649598,0.975046956464756,0.786039788123363
24.8612058614,0.63498325015684,0.328036957936092,0.339960411271822,0.457839580833742,0.295022838885018,-0.12980262289765,0.974943661428662,0.785876538769834
24.8667391812,0.634886733926516,0.327849725272263,0.339953565983494,0.457866245761119,0.294933167943021,-0.130016520488856,0.97484029991001,0.785715971033383
24.872272501,0.634790346875156,0.327662993837621,0.339946523628984,0.457894825961176,0.294843823246173,-0.130231832123555,0.97473687050414,0.785557819798797
24.8778058208,0.634694096951975,0.327476884813921,0.33993927508123,0.457924937394179,0.294754821870744,-0.130448052580258,0.974633372033205,0.7854018222081
24.8833391406,0.634597992207984,0.327291519619939,0.33993181103685,0.457956198474116,0.294666181171134,-0.130664678854176,0.974529803244835,0.785247718094055
24.8888724604,0.634502040834588,0.327107017898538,0.339924121970063,0.457988225178457,0.294577918864525,-0.130881207279919,0.974426162804651,0.785095243076995
24.8944057802,0.634406250981429,0.326923500186151,0.339916198431362,0.45802063370222,0.294490052550067,-0.131097133516069,0.974322449412791,0.784944133888371
24.8999391,0.63431063058214,0.326741087031502,0.339908031310953,0.458053042023576,0.294402599271187,-0.131311954992074,0.974218661893094,0.784794129055078
24.9054724198,0.634215187719597,0.326559898934536,0.339899611262821,0.458085067764165,0.294315576456776,-0.131525168829629,0.974114798982418,0.784644966698702
24.9110057396,0.634119930784945,0.326380057154599,0.339890928477786,0.458116324787682,0.29422900230716,-0.131736267633083,0.974010859262731,0.784496381942281
24.9165390594,0.634024867588725,0.326201681041634,0.3398819740359,0.458146432168841,0.294142893552825,-0.131944751127207,0.973906841624625,0.784348113210475
24.9220723792,0.63393000620393,0.326024891362474,0.339872738614696,0.458175008013452,0.294057267589233,-0.132150116650978,0.973802744818626,0.784199899375926
24.927605699,0.633835341358594,0.325849809189686,0.33986322941135,0.458201666735604,0.293972111947244,-0.132351857545918,0.973698570769944,0.78405147592529
24.9331390188,0.633740844095921,0.325676555104107,0.339853483048979,0.458226025187173,0.293887361046942,-0.132549470083066,0.973594327144899,0.78390258029128
24.9386723386,0.633646510531678,0.32550524846076,0.339843505038379,0.458247702765994,0.293803005493299,-0.132742454305235,0.973490015570057,0.783752951226754
24.9442056584,0.633552338141932,0.325336009761833,0.339833299144653,0.45826631629,0.293719038997279,-0.132930306528167,0.973385637286585,0.783602326051832
24.9497389782,0.633458324592518,0.325168962369258,0.33982286882825,0.458281477659466,0.293635455764268,-0.133112515290208,0.973281193420769,0.783450440028724
24.955272298,0.633364467094694,0.325004223699814,0.339812218243467,0.458292809240563,0.293552248851227,-0.133288585540749,0.973176685338161,0.783297032940377
24.9608056178,0.633270763102247,0.324841910573758,0.339801351158846,0.45829993385589,0.293469411943401,-0.133458023282131,0.973072114261093,0.783141844429648
24.9663389376,0.633177210226359,0.324681365474424,0.339790271087722,0.458303765747595,0.293386939138637,-0.133622400273171,0.972967481314081,0.782985131222019
24.9718722574,0.633083805843615,0.32452194245949,0.339778981897143,0.458305199865058,0.293304823946471,-0.133783257405568,0.972862787740758,0.782827142324548
24.9774055772,0.632990547319407,0.324363499116103,0.339767487461601,0.458304220161515,0.293223059857806,-0.133940721045411,0.972758034781008,0.782667719277618
24.982938897,0.632897432154567,0.324205556153813,0.339755791434316,0.458300664573302,0.293141640720252,-0.134095108419489,0.972653223588883,0.782506220727115
24.9884722168,0.632804223894178,0.324047921192591,0.339743998037221,0.458294492319745,0.293060225856957,-0.134246571127154,0.972548221931399,0.782342413512336
24.9940055366,0.632710407497264,0.32389050902647,0.33973233224938,0.45828571365835,0.292978075247884,-0.13439520463188,0.972442739746644,0.78217622268482
24.9995388564,0.632615970042806,0.323733234763029,0.339720803212917,0.458274335135178,0.292895166829889,-0.134541100372149,0.972336773255724,0.782007569898207
25.0050721762,0.632520916897903,0.32357601555039,0.339709412011551,0.458260362601703,0.292811504886352,-0.134684347051314,0.972230328909454,0.781836378152093
25.010605496,0.632425254735485,0.323418766632858,0.339698159475965,0.458243805232055,0.29272709525952,-0.134825038599197,0.972123414211451,0.781662571864913
25.0161388158,0.632328989927192,0.323261402743081,0.339687046476654,0.45822467006067,0.292641943450538,-0.134963267317589,0.972016036403846,0.781486072803751
25.0216721356,0.632232128291989,0.323103840260206,0.339676073975277,0.458202963921629,0.292556054316712,-0.135099123661422,0.971908202267267,0.781306804181835
25.0272054554,0.63213467562511,0.322945995593125,0.339665242926142,0.458178693753221,0.292469432698968,-0.135232698160096,0.971799918551252,0.781124689346345
25.0327387752,0.632036638724021,0.322787783566322,0.339654554071234,0.458151868160757,0.292382084652788,-0.135364084594435,0.971691192795255,0.780939651727079
25.038272095,0.631938023719359,0.32262911910779,0.339644008263961,0.458122493247311,0.292294015455399,-0.135493374139521,0.97158203198332,0.780751612355101
25.0438054148,0.63183883592244,0.322469919711119,0.339633606507613,0.45809057570879,0.292205229414827,-0.13562065599767,0.971472442430053,0.780560495419909
25.0493387346,0.631739082189597,0.322310100582364,0.33962334947569,0.458056124477246,0.292115732713907,-0.135746023894882,0.971362431665286,0.78036622505961
25.0548720544,0.631638768764848,0.322149627378815,0.339613237943519,0.458019208912206,0.292025530821329,-0.135869581533391,0.971252006708367,0.780168836291021
25.0604053742,0.631537901383777,0.321989154069226,0.33960327277316,0.457980751505975,0.291934628610617,-0.13599159743675,0.971141174156938,0.779969905575201
25.065938694,0.631436486080221,0.321828885916984,0.339593454746013,0.457941118818223,0.291843031334208,-0.136112232901239,0.971029940826234,0.779770004735206
25.0714720138,0.631334529496425,0.321668799219261,0.339583784490816,0.457900394615806,0.291750745005609,-0.136231595396545,0.970918313987241,0.779569193835067
25.0770053336,0.631232037763027,0.321508870654668,0.339574262721314,0.457858661701231,0.291657775041713,-0.136349791046563,0.970806300484341,0.779367532355899
25.0825386534,0.631129016152195,0.321349077592986,0.339564890319776,0.457816002103726,0.291564125832419,-0.13646692451074,0.970693906471971,0.779165079696712
25.0880719732,0.631025471670394,0.321189396262792,0.339555667762783,0.45777250001102,0.291469803907611,-0.136583103748228,0.970581139433177,0.778961896273812
25.093605293,0.630921410450658,0.321029803159345,0.339546595692649,0.457728237959737,0.291374814758009,-0.136698434800392,0.970468006143307,0.778758041119082
25.0991386128,0.630816838161822,0.32087027545616,0.33953767483423,0.457683298715196,0.291279163327593,-0.136813023259036,0.970354512996052,0.778553574171356
25.1046719326,0.630711761043057,0.320710789829931,0.339528905758388,0.457637765404798,0.291182855284669,-0.136926975574867,0.970240666801445,0.778348555234729
25.1102052524,0.630606185598023,0.32055132272577,0.339520288945827,0.457591721007639,0.291085896652196,-0.137040398281868,0.97012647454385,0.778143043733409
25.1157385722,0.630500117865404,0.320391850911283,0.339511824957907,0.457545248275574,0.290988292907498,-0.13715339736429,0.970011942823311,0.777937099186857
25.121271892,0.630393563370715,0.320232351423376,0.339503514454747,0.45749843014428,0.290890048915968,-0.137266078720903,0.969897077825462,0.777730781567656
25.1268052118,0.630286528961424,0.32007285630718,0.33949535774984,0.457451257110749,0.290791171211585,-0.137378400803569,0.969781886711264,0.777524113417929
25.1323385316,0.630179020768169,0.319915127232214,0.33948735529853,0.457400836906935,0.290691665469638,-0.137485709674721,0.969666376066699,0.777315964139148
25.1378718514,0.630071044409671,0.319759906655865,0.339479507656769,0.457345977647975,0.290591536752902,-0.13758607099211,0.969550552066441,0.777105884303839
25.1434051712,0.629962606297165,0.319607018711267,0.339471815154362,0.457287016535967,0.290490791142803,-0.137679997824699,0.969434421451526,0.776894035247234
25.148938491,0.62985371281236,0.319456287815577,0.339464278095255,0.45722428965533,0.290389434717105,-0.137768001839753,0.969317990907615,0.776680577470907
25.1544718108,0.629744369916227,0.319307540824903,0.339456896860363,0.457158129989892,0.290287473055864,-0.137850589164989,0.96920126677659,0.776465670814796
25.1600051306,0.629634583361546,0.319160605300295,0.339449671857477,0.457088869798947,0.290184911504069,-0.137928264498652,0.969084255219023,0.776249475099242
25.1655384504,0.629524359846234,0.319015304499169,0.339442603213031,0.457016847012868,0.290081756633202,-0.1380015425137,0.968966963059265,0.776032151512037
25.1710717702,0.629413705500927,0.318871464250542,0.339435691169131,0.456942395285871,0.289978014331796,-0.138070931035329,0.968849396670058,0.775813859536413
25.17660509,0.62930262591087,0.318728912537258,0.339428936087003,0.456865846805314,0.289873689823867,-0.138136934268056,0.968731561997873,0.775594759342573
25.1821384098,0.629191127626091,0.318587473646928,0.339422338032125,0.456787537854613,0.289768789593966,-0.138200064207685,0.968613465658216,0.775375011501541
25.1876717296,0.629079216922984,0.318446972884846,0.339415897108995,0.456707802600844,0.28966331981399,-0.138260829715997,0.968495114031979,0.77515477548569
25.1932050494,0.62896689970144,0.318307236871986,0.339409613495414,0.456626974682447,0.289557286206027,-0.138319737810461,0.968376513196854,0.774934211554433
25.1987383692,0.628854181908234,0.31816809173921,0.339403487325458,0.456545388419175,0.289450694582776,-0.138377296679965,0.968257669233693,0.774713480158385
25.204271689,0.628741070108369,0.318029362415293,0.339397518519002,0.456463378324136,0.289343551589366,-0.138434015908843,0.968138588627371,0.774492740739429
25.2098050088,0.628627570432479,0.317890874793486,0.339391707085566,0.456381277904097,0.289235863346913,-0.138490403110611,0.968019277518044,0.774272152697582
25.2153383286,0.628513688448966,0.317752455275342,0.339386053171709,0.456299422316946,0.289127635277257,-0.138546967041604,0.967899741620676,0.774051877592289
25.2208716484,0.628399430813382,0.317613929239759,0.339380556562685,0.456218145133436,0.289018874250697,-0.138604215893677,0.967779987376068,0.773832074373194
25.2264049682,0.628284803713441,0.317475122408126,0.339375217146819,0.456137779554664,0.288909586566622,-0.138662657146537,0.967660020860261,0.77361290196279
25.231938288,0.628169813004589,0.317335860705155,0.339370034882056,0.456058660856826,0.288799778122533,-0.138722800151671,0.967539847886645,0.773394521561981
25.2374716078,0.628054464794327,0.31719596976469,0.339365009614688,0.45598112367771,0.288689455179639,-0.13878515391302,0.967419474409016,0.7731770934424
25.2430049276,0.627938765531376,0.317055275714824,0.339360141044536,0.455905500122086,0.28857862448684,-0.138850224407262,0.967298906575912,0.77296077583691
25.2485382474,0.627822721331404,0.316913604478477,0.339355428940579,0.455832123805075,0.288467292390825,-0.138918519326598,0.967178150271983,0.772745728283551
25.2540715672,0.627706337807506,0.316770780529388,0.339350873205727,0.455761333524872,0.288355464601779,-0.138990552995484,0.967057211013233,0.77253211405426
25.259604887,0.627589621642586,0.316626561139335,0.33934647335147,0.455693429329804,0.288243148291116,-0.13906686819047,0.966936094994056,0.772319990469139
25.2651382068,0.627472578967278,0.316480640000635,0.339342229034218,0.455628688751532,0.288130349933061,-0.139148048750897,0.966814808001496,0.772109328752167
25.2706715266,0.627355215609221,0.316332805995745,0.339338139981216,0.455567434705691,0.288017075628005,-0.139234628709946,0.966693355590436,0.771900240701436
25.2762048464,0.627237611238047,0.31618285107446,0.339334116363773,0.455509986162134,0.287903494874274,-0.139327135087673,0.96657172760182,0.771692837236594
25.2817381662,0.627119894846146,0.316030568144848,0.339330008531893,0.455456659642827,0.287789886314252,-0.139426091497979,0.966449903378039,0.771487227787676
25.287271486,0.627002076182177,0.315875717494517,0.339325811799238,0.455407737059147,0.287676264382939,-0.13953201956463,0.966327887981415,0.771283454553664
25.2928048058,0.626884162979717,0.315717701980345,0.339321523679807,0.455363064373371,0.28756263929991,-0.139645362393026,0.966205686659523,0.771080766353716
25.2983381256,0.626766163212159,0.315556226440366,0.339317142005622,0.455322841935336,0.287449021206537,-0.13976661549497,0.966083305217781,0.770879068375703
25.3038714454,0.626648084709139,0.315391257388402,0.339312664388351,0.455287195446255,0.287335420320787,-0.139895938057853,0.96596074909749,0.770678452834657
25.3094047652,0.62652993522715,0.315224201295028,0.339308088238037,0.455253858767957,0.287221846989113,-0.140029657472929,0.965838023465187,0.770478060062985
25.314938085,0.626411722659616,0.315055515143253,0.339303411190819,0.455222142761072,0.287108311468797,-0.140166627617819,0.965715133850436,0.770277657904324
25.3204714048,0.626293454870763,0.31488526035436,0.339298630829033,0.45519201568011,0.286994824041729,-0.14030675532575,0.965592085699796,0.77007727603447
25.3260047246,0.626175139673137,0.31471349836238,0.339293744565647,0.455163449079028,0.28688139510749,-0.140449950716648,0.965468884238784,0.769876947441408
25.3315380444,0.62605678488131,0.314540290358045,0.339288749721136,0.455136415173404,0.286768035160173,-0.140596124815359,0.965345534602446,0.769676705531449
25.3370713642,0.625938398382304,0.314365698845988,0.339283643891321,0.455110881267124,0.286654754490983,-0.140745182421135,0.965222042273624,0.769476580113112
25.342604684,0.625819988005756,0.314189784924529,0.339278424455401,0.4550868170884,0.286541563550355,-0.140897032163871,0.965098412461157,0.769276602012929
25.3481380038,0.62570156157003,0.314012609653468,0.339273088537565,0.455064196243714,0.286428473032465,-0.141051586590246,0.964974650107595,0.769076805897182
25.3536713236,0.625583126936553,0.313834235467519,0.339267633615798,0.45504298674804,0.286315493320755,-0.141208751280521,0.964850760552351,0.768877222215559
25.3592046434,0.625464691939676,0.313654723705884,0.339262057016747,0.455023157746752,0.286202634922929,-0.141368434040868,0.964726748956424,0.768677881452636
25.3647379632,0.625346264418568,0.313474135780466,0.339256355878582,0.455004680971723,0.286089908539987,-0.141530545191257,0.96460262029715,0.768478816752189
25.370271283,0.625227852226302,0.313292533114879,0.339250527339742,0.454987527332866,0.28597732488656,-0.141694994217987,0.964478379566045,0.768280060447745
25.3758046028,0.625109463184778,0.313109977854796,0.339244568752568,0.454971665104298,0.28586489443221,-0.141861687249503,0.964354031937346,0.768081642959094
25.3813379226,0.624991105123631,0.312926531426014,0.339238477263314,0.454957064396185,0.285752627860317,-0.14203053297017,0.964229582386944,0.767883595822199
25.3868712424,0.624872785944342,0.312742254684756,0.339232249702218,0.454943697931097,0.285640536242124,-0.142201443246341,0.96410503564656,0.767685952615852
25.3924045622,0.624754513433852,0.312557210094574,0.339225883405482,0.45493153363596,0.28552863002837,-0.142374323541386,0.963980396839334,0.767488743730535
25.397937882,0.624636295417881,0.312371459079461,0.339219375438866,0.454920541349588,0.285416919979014,-0.142549082270127,0.963855670856747,0.767292000429049
25.4034712018,0.624518139783464,0.312185062928095,0.339212722660365,0.454910692457568,0.285305417123099,-0.142725629529473,0.963730862443829,0.767095755385663
25.4090045216,0.624400054379689,0.311998083231196,0.339205922044099,0.454901956956739,0.285194132335591,-0.142903873725543,0.963605976423788,0.766900040187935
25.4145378414,0.624282046984576,0.31181058194235,0.339198970696436,0.454894303913475,0.285083076288139,-0.143083721971125,0.963481017681012,0.766704885855825
25.4200711612,0.62416412543646,0.311622620595841,0.339191865516866,0.45488770359788,0.284972259919593,-0.143265083002039,0.963355990953326,0.766510324193721
25.425604481,0.624046297715082,0.311434260132221,0.339184603094209,0.454882127411657,0.284861694620873,-0.143447867279436,0.96323090080929,0.766316387543878
25.4311378008,0.623928571516507,0.311245562767749,0.339177180589626,0.454877543773112,0.284751390926881,-0.143631981005363,0.963105752106133,0.766123106540861
25.4366711206,0.623810954670371,0.311056590218419,0.339169594826186,0.454873922971364,0.284641359844185,-0.143817332752945,0.962980549496556,0.765930513189783
25.4422044404,0.623693455132821,0.310867403548595,0.339161842381128,0.454871235566931,0.284531612751693,-0.144003832018335,0.962855297513948,0.765738639115526
25.4477377602,0.623576080706466,0.310678064450326,0.339153920088161,0.454869451081517,0.284422160618305,-0.144191386631191,0.962730000794627,0.765547515531842
25.45327108,0.623458839146692,0.31048863485198,0.339145824809966,0.454868539240926,0.284313014336725,-0.144379904388946,0.962604663956658,0.765357174092906
25.4588043998,0.623341738325696,0.310299176231264,0.339137553183191,0.454868470164113,0.284204185142505,-0.14456929393285,0.962479291508887,0.765167646395377
25.4643377196,0.623224786247244,0.310109749739194,0.339129101635089,0.454869213943933,0.284095684612154,-0.144759464204739,0.962353887882333,0.764978963683127
25.4698710394,0.623107990549513,0.309920417287816,0.33912046710217,0.45487073978265,0.283987523447344,-0.144950322494834,0.962228457651683,0.764791157070466
25.4754043592,0.622991359062141,0.309731240866088,0.339111646195268,0.454873018142208,0.283879712866873,-0.145141777276119,0.962103005257409,0.764604259008296
25.480937679,0.622874899831631,0.309541744486301,0.339102635215113,0.454876913349842,0.283772264616519,-0.145335168863541,0.961977535046744,0.764418657836143
25.4864709988,0.622758620571626,0.309349361144215,0.339093430885054,0.454886776039592,0.283665189686572,-0.145537414895377,0.96185205145668,0.764236137183807
25.4920043186,0.622642529036121,0.309153986865968,0.339084029831121,0.454902853599239,0.283558499205,-0.145748866733271,0.961726558867242,0.764056840465206
25.4975376384,0.62252663315242,0.308955902330513,0.339074428434032,0.454924750334463,0.283452204718388,-0.14596884800395,0.961601061586452,0.763880652664975
25.5030709582,0.622410940905822,0.308755387672759,0.339064622990933,0.454952069992454,0.283346317914888,-0.146196682319695,0.961475563896755,0.763707457665214
25.508604278,0.622295459897865,0.308552622721955,0.339054610223361,0.454984276863658,0.283240849674504,-0.146431654141703,0.961350070121226,0.763536899585614
25.5141375978,0.622180197958186,0.308347771566288,0.339044386547426,0.455020826368187,0.28313581141076,-0.146673054801899,0.961224584505612,0.763368597934475
25.5196709176,0.622065163244891,0.308141116747983,0.339033947996426,0.455061287215972,0.283031215248465,-0.146920170467989,0.961099111241317,0.763202403963956
25.5252042374,0.621950363340165,0.307933151328498,0.339023291219481,0.455105306656864,0.282927072120683,-0.147172155328366,0.960973654559646,0.763038457985361
25.5307375572,0.621835806017857,0.307724149298386,0.339012412617767,0.455152443983586,0.282823393400091,-0.1474282946852,0.960848218635624,0.762876593281972
25.536270877,0.621721499281626,0.307514347915644,0.339001308327813,0.455202244854305,0.282720190953813,-0.147687896938661,0.960722807609439,0.762716592769949
25.5418041968,0.621607450750244,0.307303985518705,0.338989974039971,0.455254253429422,0.282617476710273,-0.147950267910716,0.960597424790214,0.762558238948127
25.5473375166,0.62149366703932,0.307093301404335,0.338978404641609,0.455308012319111,0.282515262397711,-0.148214710914776,0.960472071680929,0.762401313723446
25.5528708364,0.621380156956035,0.306882533784366,0.338966598021759,0.45536306628044,0.282413558934276,-0.148480532496074,0.960346754977794,0.762245600064806
25.5584041562,0.621266930004409,0.306671920788689,0.33895455200217,0.45541895977571,0.282312378002239,-0.148747038987022,0.960221482006579,0.762090880564399
25.563937476,0.621153994803005,0.306461701060149,0.338942265237723,0.455475235768477,0.282211729565282,-0.149013534708328,0.960096260040728,0.761936936828626
25.5694707958,0.621041360376451,0.306252112987288,0.338929735958739,0.455531439065449,0.282111624417712,-0.149279326078161,0.95997109633519,0.761783552052737
25.5750041156,0.620929036040707,0.306043395222199,0.33891696212063,0.45558711274456,0.282012073920077,-0.14954371752236,0.959845998161336,0.761630507966759
25.5805374354,0.620817030828852,0.305835786387777,0.338903941921843,0.455641800208258,0.28191308890701,-0.149806013820481,0.959720972750695,0.761477586596035
25.5860707552,0.620705353539061,0.305629524166736,0.338890673735198,0.455695046545565,0.281814679803862,-0.150065522378829,0.959596027274259,0.7613245707123
25.591604075,0.620594013259684,0.305424846902989,0.338877155660651,0.455746395707215,0.281716857599033,-0.150321548804226,0.959471168920335,0.761171242610204
25.5971373948,0.620483019517411,0.305221995337841,0.338863385435076,0.455795387622259,0.281619634082335,-0.150573392284418,0.959346404952487,0.761017382960101
25.6026707146,0.62037235683281,0.30502120540646,0.33884939020414,0.455841569663053,0.28152296662867,-0.150820364256592,0.959221747036951,0.760862775069513
25.6082040344,0.62026200089448,0.30482271535294,0.338835207769508,0.455884486186294,0.281426793124972,-0.151061770833354,0.959097208663989,0.760707201539235
25.6137373542,0.620151968967466,0.304626765994093,0.33882082652506,0.45592367661999,0.281331142442405,-0.151296910625897,0.958972795492526,0.760550442614083
25.619270674,0.620042278406758,0.304433594825778,0.338806234520948,0.455958685961091,0.28123604388581,-0.151525091135313,0.958848512927706,0.76039228078687
25.6248039938,0.61993294649435,0.304243438562778,0.338791419855566,0.455989060585681,0.281141526638784,-0.151745622022903,0.958724366349916,0.760232499148459
25.6303373136,0.619823666804377,0.304056536440286,0.33877653071814,0.456014342633471,0.281047136086237,-0.151957806193185,0.958600197522516,0.760070879073757
25.6358706334,0.619713992801576,0.303873130412815,0.338761785211189,0.45603406981203,0.280952207590388,-0.152160939399215,0.958475778012765,0.759907200224845
25.6414039532,0.6196039309841,0.303693454375554,0.338747177894382,0.456047792882724,0.280856753089718,-0.15235433850717,0.958351108878481,0.759741247258279
25.646937273,0.619493491077321,0.303517746412717,0.338732701635942,0.456055055802038,0.280760789441378,-0.152537309389321,0.958226192713263,0.759572802214755
25.6524705928,0.6193826823563,0.3033462502487,0.338718349419735,0.456055393346875,0.280664332936564,-0.152709143098175,0.958101031776035,0.759401643595575
25.6580039126,0.619271514884131,0.303178454437702,0.338704114017245,0.456049599537239,0.280567400866886,-0.152871145099537,0.957975628901375,0.759228053974941
25.6635372324,0.619159998530123,0.303012396901847,0.338689988262023,0.456040887951729,0.2804700102681,-0.153028491049883,0.957849986792145,0.759053284853576
25.6690705522,0.61904814284535,0.302847878009522,0.338675965064023,0.456029532989851,0.280372177781327,-0.153181654980329,0.957724107909373,0.758877410999372
25.674603872,0.618935957382188,0.30268481248349,0.338662037323258,0.456015618367829,0.28027392005893,-0.153330805884339,0.957597994705446,0.758700430851319
25.6801371918,0.618823452244651,0.30252311244286,0.33864819782994,0.455999231817836,0.280175254414711,-0.153476119374977,0.957471650074592,0.758522344260696
25.6856705116,0.618710637158113,0.302362691722704,0.33863443946106,0.455980458129874,0.280076197697053,-0.15361776640717,0.957345076619173,0.758343149852579
25.6912038314,0.618597521426826,0.30220346619012,0.338620755154068,0.455959379413523,0.279976766272758,-0.153755913223403,0.957218276580893,0.758162845603643
25.6967371512,0.618484115169459,0.302045348021676,0.338607137715653,0.455936083500289,0.279876977453807,-0.153890735478613,0.957091252885112,0.757981431521964
25.702270471,0.618370428170556,0.301888250690571,0.338593580017258,0.455910655503146,0.279776848153298,-0.154022404812575,0.956964008187814,0.757798906193716
25.7078037908,0.618256469966595,0.301732089016545,0.338580074954961,0.455883179285562,0.279676395011634,-0.154151090269017,0.956836544921556,0.757615268302107
25.7133371106,0.6181422502531,0.301576777036845,0.33856661539948,0.455853739768988,0.27957563485362,-0.154276962732143,0.95670886565258,0.757430516805833
25.7188704304,0.618027779005531,0.301422227562585,0.338553194211441,0.455822423482197,0.27947458479409,-0.154400195919612,0.956580973216972,0.757244651044781
25.7244037502,0.617913065949262,0.301268354424474,0.338539804277036,0.455789315266401,0.279373261672226,-0.154520960841927,0.956452870226298,0.757057669690874
25.72993707,0.617798120444125,0.301115072991596,0.3385264384683,0.455754498176764,0.279271681975825,-0.154639425185168,0.956324558912425,0.75686957116836
25.7354703898,0.617682952611591,0.300962296039668,0.338513089666508,0.455718060068913,0.279169862945082,-0.154755764029246,0.956196042278099,0.756680356108581
25.7410037096,0.61756757217782,0.300809995575231,0.338499750761946,0.45568015779801,0.279067821415874,-0.154870162222779,0.956067322939766,0.756490153373241
25.7465370294,0.617451988691089,0.300658140798927,0.338486414617805,0.455640943198252,0.278965574073284,-0.154982802399325,0.955938403308894,0.756299083997179
25.7520703492,0.617336211937288,0.300506660016577,0.338473074114938,0.455600519827846,0.27886313782235,-0.155093859811269,0.955809286052227,0.756107179844423
25.757603669,0.617220251789716,0.300355481239027,0.338459722165328,0.455558991448003,0.278760529624387,-0.155203510208976,0.955679973955044,0.755914472687029
25.7631369888,0.617104117942543,0.300204533085973,0.338446351654807,0.455516461010007,0.278657766287735,-0.155311927924034,0.95555046959735,0.755720994095979
25.7686703086,0.616987819931176,0.300053744513377,0.33843295540111,0.45547303104946,0.278554864530066,-0.155419286536083,0.955420775332286,0.755526775562836
25.7742036284,0.616871367733501,0.299903043523308,0.338419526369393,0.455428805838219,0.278451841364108,-0.155525762314911,0.955290894102895,0.755331849361527
25.7797369482,0.616754771074891,0.299752358459171,0.338406057459806,0.455383888204048,0.278348713615086,-0.155631529744877,0.955160828534697,0.755136246663218
25.785270268,0.616638039541807,0.299601618148124,0.338392541483691,0.455338381206998,0.278245498058116,-0.155736763058874,0.955030581025498,0.754939999355122
25.7908035878,0.61652118295773,0.299450750949533,0.338378971371452,0.455292388408322,0.278142211586278,-0.155841637458789,0.954900154329182,0.754743139357855
25.7963369076,0.616404211120182,0.299299686008233,0.338365340067417,0.455246013289537,0.278038871052764,-0.155946327281304,0.954769551187599,0.75454569929777
25.8018702274,0.616287133717734,0.299148546916394,0.338351640438084,0.455199443255602,0.27793549327965,-0.156050896339208,0.954638774155818,0.754347990171996
25.8074035472,0.616169960410954,0.298997417054674,0.338337865286376,0.455152848754313,0.277832095124578,-0.156155431699639,0.954507825697331,0.754150265808987
25.812936867,0.616052701058167,0.298846222323706,0.338324007642292,0.455106331860362,0.277728693415875,-0.156260109536657,0.95437670870046,0.753952554184068
25.8184701868,0.615935365384747,0.298694888791755,0.338310060416352,0.455059994573396,0.277625304968395,-0.15636510578164,0.954245425801098,0.753754883365151
25.8240035066,0.615817963041727,0.298544934992298,0.338296016349139,0.455011283155248,0.277521946692588,-0.15646634816295,0.954113979390865,0.753556218147546
25.8295368264,0.615700503837401,0.298398973968647,0.338281868460012,0.454955815956781,0.277418635377389,-0.156556841988135,0.953982372297413,0.753354789925428
25.8350701462,0.615582997519906,0.29825677399447,0.338267609706686,0.454893957854749,0.27731538781322,-0.156637183860279,0.953850607226592,0.753150731849219
25.840603466,0.615465453798601,0.298118051983187,0.338253232917403,0.454826160553888,0.277212220881198,-0.156708108570701,0.953718686716004,0.752944212537075
25.8461367858,0.615347882406436,0.297982523894194,0.338238730919733,0.454752877187961,0.277109151486703,-0.156770353293767,0.95358661332617,0.752735401082155
25.8516701056,0.615230293108566,0.297849900671177,0.33822409678955,0.454674568503614,0.277006196319016,-0.156824667832437,0.953454389898116,0.752524469174791
25.8572034254,0.615112695630363,0.297719897086451,0.338209323448277,0.454591689084448,0.276903372182086,-0.156871791997996,0.95332201907864,0.752311586170899
25.8627367452,0.614995099713825,0.297592231482533,0.338194403546881,0.454504688649647,0.276800696166945,-0.156912457167113,0.953189503260706,0.75209692013218
25.868270065,0.614877515099279,0.297466614889771,0.338179330233071,0.454414028058261,0.276698184866208,-0.15694741316849,0.953056845332351,0.751880642948032
25.8738033848,0.614759951511865,0.297342761616686,0.338164096459039,0.454320162415928,0.276595855052826,-0.156977400799243,0.952924047970904,0.751662924032614
25.8793367046,0.61464241870812,0.297220387735869,0.338148694995908,0.454223545071929,0.276493723712212,-0.157003157336059,0.952791113704028,0.751443932807798
25.8848700244,0.614524926440599,0.297099207624105,0.338133118735348,0.454124631728838,0.276391807705252,-0.157025424104733,0.952658045175947,0.751223839352943
25.8904033442,0.614407484407674,0.296978934647225,0.338117360780188,0.454023879326355,0.276290123627486,-0.157044944679129,0.952524845187862,0.75100281397358
25.895936664,0.614290102337875,0.296859283656408,0.338101414053141,0.453921742597695,0.276188688284734,-0.157062458941287,0.952391516391015,0.750781026254103
25.9014699838,0.614172790081078,0.296739969943923,0.338085271127309,0.453818676138955,0.276087518953769,-0.157078706195031,0.952258061208387,0.750558646082878
25.9070033036,0.614055557266341,0.296620707170513,0.338068925287587,0.453715136716158,0.275986631978754,-0.157094429545644,0.952124482553928,0.750335843886671
25.9125366234,0.613938413619036,0.296501209987761,0.338052369471971,0.453611578914138,0.275886044147065,-0.157110368926377,0.951990783091008,0.750112788901899
25.9180699432,0.613821368969269,0.296381192851433,0.338035596375664,0.453508458900005,0.275785772593605,-0.157127266048572,0.951856965344933,0.749889651751438
25.923603263,0.61370443303642,0.296260370105359,0.338018598993877,0.453406232434724,0.275685834042543,-0.157145862329365,0.951723032030297,0.749666602540084
25.9291365828,0.613587615478467,0.296138456763861,0.338001370437541,0.453305353852807,0.275586245040926,-0.157166897088946,0.951588985916009,0.749443810616668
25.9346699026,0.613470926053724,0.296015167348838,0.337983903585926,0.453206278665454,0.275487022467799,-0.157191111316615,0.95145482963965,0.749221446014292
25.9402032224,0.613354374666463,0.295890214548384,0.337966191051533,0.453109465626711,0.27538818361493,-0.157219251078327,0.951320565717996,0.748999680175094
25.9457365422,0.613237970861563,0.295763314965165,0.337948226159819,0.453015366875774,0.275289744701743,-0.157252051910609,0.951186197021382,0.748778681840939
25.951269862,0.613121686579127,0.295634183279613,0.337930046038191,0.45292443714716,0.275191640540936,-0.157290253867547,0.951051732617318,0.748558620426773
25.9568031818,0.613005484465845,0.295502531501792,0.337911698507953,0.45283713662541,0.275093785957892,-0.157334605123617,0.950917182973798,0.748339668127202
25.9623365016,0.612889366263536,0.295368075509874,0.337893185830589,0.452753918732311,0.274996180432947,-0.157385843222437,0.950782552094125,0.748121994242185
25.9678698214,0.612773333807607,0.295230528003307,0.337874510120323,0.452675232550006,0.274898823687284,-0.157444704546699,0.95064784392793,0.747905760553313
25.9734031412,0.612657389012131,0.295089461479065,0.337855673303252,0.45260136158891,0.274801715708879,-0.157511900109846,0.950513062315383,0.747690823067975
25.978936461,0.61254153382612,0.294944526782199,0.337836677233342,0.452532691319416,0.274704856592778,-0.157588164537217,0.950378211059463,0.747477218101615
25.9844697808,0.612425770018582,0.294795464221577,0.337817524129244,0.4524696972351,0.274608245889338,-0.157674233013523,0.950243294147826,0.747265161456678
25.9900031006,0.612310099464865,0.294642010012021,0.337798215967514,0.45241286094035,0.274511883497351,-0.157770850928329,0.950108315432379,0.747054870952371
25.9955364204,0.612194524171484,0.294483895724977,0.337778754469243,0.452362673368073,0.27441576970224,-0.157878777643096,0.949973278640727,0.74684656909305
26.0010697402,0.61207904591658,0.294321671899125,0.337759141787691,0.452318257988071,0.274319904128889,-0.157996586088946,0.949838187704271,0.746639929887196
26.00660306,0.611963666547591,0.294156120372184,0.337739379921746,0.452278351139247,0.274224286625845,-0.158122230767063,0.949703046469337,0.74643447151143
26.0121363798,0.611848388004154,0.293987402624999,0.33771947069633,0.452242725721843,0.274128917307824,-0.158255323096844,0.949567858700483,0.746230128346842
26.0176696996,0.611733212206129,0.293815680964887,0.337699415971128,0.452211152862123,0.274033796235001,-0.158395471897236,0.949432628177257,0.74602683382701
26.0232030194,0.611618140926112,0.293641121326595,0.337679217840591,0.452183397712922,0.273938923085521,-0.158542276386327,0.949297358766703,0.745824519039517
26.0287363392,0.611503176039451,0.293463886668091,0.337658878208089,0.452159230057937,0.273844297831362,-0.158695343389846,0.949162054247541,0.745623116726029
26.034269659,0.611388319591756,0.29328413670714,0.337638398707443,0.452138424974137,0.273749920884313,-0.158854288266997,0.949026718299199,0.745422561681277
26.0398029788,0.611273573304955,0.293102038139957,0.337617781469592,0.452120746718933,0.273655791835363,-0.159018708578976,0.948891354774547,0.74522278485889
26.0453362986,0.611158939043603,0.292917754121815,0.337597028383537,0.452105964572119,0.273561910660066,-0.159188210450304,0.948755967427139,0.745023718693934
26.0508696184,0.61104441877799,0.292731446299389,0.337576141178283,0.45209385043649,0.273468277599707,-0.159362404137101,0.948620559956273,0.744825296735879
26.0564029382,0.610930014388648,0.292543278023416,0.337555121708865,0.452084173383665,0.273374892679782,-0.159540895360249,0.948485136097513,0.744627451407082
26.061936258,0.610815727656848,0.292353413920859,0.337533971951453,0.452076700779901,0.273281755705395,-0.159723286859042,0.948349699608302,0.744430114700761
26.0674695778,0.610701560469357,0.292162016915137,0.337512693722047,0.452071202426022,0.27318886674731,-0.159909185510884,0.948214254191404,0.744233219341159
26.0730028976,0.610587514881719,0.291969248225911,0.337491288616643,0.452067449922069,0.273096226265076,-0.160098201696158,0.948078803498362,0.74403669814798
26.0785362174,0.610473592583716,0.291775363582175,0.337469758690485,0.452065249139332,0.273003833893231,-0.160289885557157,0.947943351274201,0.743840612721507
26.0840695372,0.610359795450699,0.29158093431195,0.337448105743435,0.45206454789942,0.272911689707264,-0.160483613587469,0.947807901194133,0.74364548221137
26.089602857,0.610246125488695,0.291386171591388,0.337426331414478,0.452065137866499,0.272819794074217,-0.160678966275111,0.947672456903173,0.743451309457887
26.0951361768,0.610132584528733,0.291191236527901,0.337404437544701,0.452066786605442,0.272728146984032,-0.160875550077541,0.947537022073434,0.743258023133342
26.1006694966,0.610019174365849,0.290996290170986,0.337382425998544,0.45206926210108,0.272636748367305,-0.161072971930093,0.947401600364394,0.743065552272066
26.1062028164,0.609905896914105,0.290801493224254,0.337360298494116,0.452072332931844,0.272545598419989,-0.16127083970759,0.947266195408221,0.742873826156098
26.1117361362,0.609792754196427,0.290607006621286,0.337338056631026,0.452075767085013,0.272454697565401,-0.161468760463727,0.947130810827454,0.742682773706299
26.117269456,0.609679747907921,0.290412991048765,0.337315702345171,0.452079332493383,0.27236404556275,-0.161666341444618,0.946995450253092,0.742492323542147
26.1228027758,0.609566879923935,0.290219607475038,0.337293237365779,0.452082797933991,0.272273642558156,-0.161863190458953,0.946860117289713,0.742302405409029
26.1283360956,0.609454152291326,0.290027017060066,0.337270663248349,0.45208593027875,0.272183489042978,-0.162058913218684,0.946724815539675,0.742112947338816
26.1338694154,0.609341566781441,0.28983538030386,0.337247981811803,0.452088497774383,0.272093584969638,-0.162253117470523,0.946589548593245,0.741923878078243
26.1394027352,0.609229125208169,0.289644857945961,0.337225194816046,0.452090269361241,0.272003930392123,-0.16244541141528,0.946454320024216,0.741735127307202
26.144936055,0.609116829517958,0.289455611041978,0.337202303888307,0.452091012291649,0.271914525629651,-0.162635401249671,0.946319133406265,0.741546623333627
26.1504693748,0.609004681690938,0.28926780110813,0.337179310623656,0.452090492839443,0.271825371067282,-0.162822691731313,0.946183992314595,0.741358293947573
26.1560026946,0.608892683432625,0.289081587797928,0.337156216846309,0.452088480948414,0.271736466586316,-0.163006893150486,0.946048900278934,0.741170068746342
26.1615360144,0.608780836618367,0.288897107398418,0.337133024217261,0.45208478649872,0.271647812401106,-0.163187679100301,0.945913860835628,0.740981893897138
26.1670693342,0.60866914334094,0.288713086701009,0.337109734215719,0.452081571457179,0.271559409125221,-0.163368484756169,0.945778877556658,0.740794658158188
26.172602654,0.608557605301828,0.288528773710951,0.337086348631307,0.45208012839851,0.271471256670522,-0.163551354687559,0.945643953933135,0.740608902109461
26.1781359738,0.608446224338866,0.288344226038936,0.337062869127225,0.452080399395913,0.27138335521164,-0.163736173356977,0.945509093466091,0.740424625434849
26.1836692936,0.608335002435973,0.288159499730188,0.3370392972475,0.45208232630108,0.271295705188473,-0.163922826570891,0.945374299683474,0.740241826031268
26.1892026134,0.608223941520308,0.287974651351639,0.337015634575599,0.452085850632123,0.271208306944709,-0.164111199280485,0.945239576095907,0.740060501983762
26.1947359332,0.608113043312884,0.287789738654696,0.336991882832367,0.452090913304056,0.271121160480517,-0.16430117464936,0.945104926145251,0.739880651958751
26.200269253,0.608002309689052,0.28760478707395,0.336968043613771,0.452097417239617,0.271034266075281,-0.164492630165667,0.944970353302822,0.739702204313567
26.2058025728,0.607891742792591,0.287419196494204,0.336944118330589,0.452104497260314,0.270947624462002,-0.164685300766111,0.94483586112318,0.739523693754518
26.2113358926,0.607781344244951,0.287232767118339,0.336920108737087,0.452111776904514,0.270861235507863,-0.164879009786175,0.944701452982038,0.739344544022854
26.2168692124,0.607671115912994,0.287045564053057,0.336896016408258,0.452119208076959,0.270775099504736,-0.165073644023902,0.944567132321252,0.739164772130016
26.2224025322,0.607561059823206,0.286857653017887,0.33687184281327,0.4521267442153,0.270689217009936,-0.165269091197413,0.944432902636476,0.738984397233186
26.227935852,0.607451177839592,0.286669099725612,0.336847589518008,0.452134337594916,0.270603588321585,-0.165465237869304,0.9442987673576,0.738803437320527
26.2334691718,0.607341471703756,0.286479969861126,0.33682325814892,0.452141940069315,0.270518213554835,-0.165661970208189,0.944164729852676,0.738621909930442
26.2390024916,0.607231943316679,0.286290328967429,0.33679885022669,0.452149504110497,0.27043309308999,-0.165859175143068,0.944030793543369,0.738439833077926
26.2445358114,0.607122594801337,0.286100242508501,0.336774367145014,0.452156982399967,0.270348227656323,-0.166056739891466,0.943896961946351,0.738257224908469
26.2500691312,0.607013427765864,0.285909776460717,0.336749810575011,0.452164326944406,0.270263617190854,-0.166254550483689,0.943763238340875,0.738074103405123
26.255602451,0.606904444085611,0.285718996215046,0.3367251820269,0.45217148988135,0.270179262058711,-0.166452493666304,0.94362962611251,0.737890486096396
26.2611357708,0.606795645834713,0.285527967429569,0.33670048290403,0.452178423592918,0.270095162930682,-0.16665045616335,0.943496128738743,0.737706391022487
26.2666690906,0.606687034901554,0.285336755792279,0.336675714696138,0.452185080213204,0.270011320205415,-0.166848324420924,0.943362749597692,0.737521836005483
26.2722024104,0.606578650101511,0.285145426929376,0.336650858581072,0.452191412046331,0.269927791520439,-0.167045985116955,0.943229508682583,0.737336838975707
26.2777357302,0.606470490891763,0.284954046451375,0.336625934719968,0.452197371245228,0.269844556171795,-0.167243324793853,0.943096425611731,0.737151417696603
26.28326905,0.606362524672805,0.284762679970746,0.336600979230484,0.452202909410748,0.269761545442322,-0.167440229440002,0.942963503903289,0.736965589381495
26.2888023698,0.606254752020882,0.284571393110107,0.336575989784004,0.452207979220877,0.269678762236878,-0.16763658611077,0.942830741804886,0.736779372330984
26.2943356896,0.606147173804613,0.284380251571497,0.33655096395389,0.452212533016095,0.269596209850723,-0.167832281444597,0.942698137758503,0.736592784587592
26.2998690094,0.606039791139045,0.28418932096227,0.336525899252049,0.452216521801854,0.269513891886996,-0.168027200839584,0.942565690391093,0.736405842764125
26.3054023292,0.605932604725275,0.283998666811714,0.336500793335923,0.452219898123642,0.269431811389352,-0.168221231311929,0.942433398061198,0.736218564935356
26.310935649,0.605825615355815,0.283808354865161,0.336475643855374,0.452222614634487,0.269349971500441,-0.168414259769327,0.942301259211189,0.736030969499648
26.3164689688,0.605718824004664,0.283618450729412,0.336450448416795,0.452224622767193,0.269268375587869,-0.168606172037781,0.94216927242146,0.735843073496605
26.3220022886,0.605612231658706,0.28342902005883,0.336425204635184,0.452225873649026,0.269187027023522,-0.168796853590196,0.942037436293889,0.735654893707856
26.3275356084,0.605505838965712,0.283240128300104,0.336399910262365,0.452226320548865,0.269105928703347,-0.168986192248761,0.941905749228077,0.735466448848969
26.3330689282,0.605399646794303,0.283051841300302,0.336374562991466,0.452225915861453,0.269025083802837,-0.16917407456115,0.94177420978577,0.735277757161755
26.338602248,0.605293656306345,0.282864065740276,0.336349160419373,0.45222487501759,0.268944495886972,-0.169360809277314,0.941642816725718,0.735088940757866
26.3441355678,0.605187868119475,0.282674709442921,0.336323700362527,0.452226757745696,0.268864167756949,-0.169552048302776,0.941511568482002,0.734901467188617
26.3496688876,0.605082283062846,0.282483266400502,0.336298180576948,0.452232473420013,0.268784102485898,-0.169749207019511,0.941380463639794,0.734715739820514
26.3552022074,0.604976902153364,0.282289948593781,0.336272598758912,0.452241727570473,0.268704303394452,-0.169951778976692,0.941249500912277,0.734531676164254
26.3607355272,0.604871726302276,0.282094958764146,0.336246952659437,0.452254218911495,0.268624773642839,-0.170159260147349,0.941118678961712,0.734349177675641
26.366268847,0.604766756190083,0.281898522213893,0.33622124014142,0.452269653002373,0.268545516048663,-0.17037113078848,0.940987996331503,0.734168175216266
26.3718021668,0.604661992685405,0.281700876801884,0.336195459007528,0.452287744631727,0.268466533677878,-0.170586867829843,0.940857451692933,0.733988621433611
26.3773354866,0.604557436999284,0.281502257424367,0.336169606924687,0.452308209856125,0.268387830074597,-0.170805952431758,0.940727043923972,0.733810467280492
26.3828688064,0.604453089661186,0.281302904482815,0.336143681869298,0.45233075976945,0.268309407791887,-0.171027855286636,0.940596771530484,0.733633664252265
26.3884021262,0.604348951539258,0.281103056531894,0.336117681688548,0.452355109952346,0.26823126985071,-0.171252053420452,0.940466633227806,0.733458166484241
26.393935446,0.604245023695673,0.280902949692676,0.336091604154309,0.45238097414563,0.268153419541364,-0.171478024452954,0.940336627849982,0.733283923838306
26.3994687658,0.604141306961325,0.280702822115575,0.336065447155867,0.452408065729977,0.268075859805458,-0.171705243614403,0.940206754117192,0.733110887845552
26.4050020856,0.604037802051804,0.280502912614341,0.336039208652873,0.452436099251153,0.267998593398931,-0.171933186636813,0.940077010704677,0.732939011865494
26.4105354054,0.603934509876612,0.280303458847051,0.336012886529511,0.452464789066927,0.267921623347102,-0.172161330219875,0.939947396406123,0.732768247913978
26.4160687252,0.603831431575673,0.280104698073504,0.335986478569467,0.452493847491087,0.267844953006205,-0.172389149417584,0.93981791014514,0.732598545564591
26.421602045,0.603728567708216,0.279906927009485,0.335959982852258,0.452523061365071,0.267768584855957,-0.172616134355586,0.939688550560474,0.732429988374556
26.4271353648,0.60362591914286,0.279710428665468,0.335933397323311,0.452552200824717,0.267692521819549,-0.172841772159249,0.93955931646617,0.732262629490185
26.4326686846,0.6035234869894,0.27951537445442,0.335906719818036,0.452580895900663,0.267616767171363,-0.173065521446243,0.939430206807436,0.732096270355082
26.4382020044,0.603421271993664,0.279321935724693,0.335879948367865,0.45260877970934,0.267541323625799,-0.173286843984647,0.939301220361528,0.731930715434033
26.4437353242,0.603319274908685,0.279130284190333,0.335853081017143,0.452635486979831,0.267466193891542,-0.173505202789498,0.939172355925827,0.731765771170164
26.449268644,0.603217496687677,0.278940591239626,0.335826115719995,0.452660649137961,0.267391380967682,-0.173720057898334,0.939043612407673,0.731601240377587
26.4548019638,0.603115938393319,0.278753029182773,0.335799050382607,0.452683895401773,0.267316888010712,-0.173930866218999,0.938914988775926,0.731436924584546
26.4603352836,0.603014600618374,0.278567767946806,0.335771883175641,0.452704862190557,0.267242717442734,-0.174137094243751,0.938786483794015,0.731272630137363
26.4658686034,0.602913484231461,0.278384979437932,0.33574461213769,0.452723183392228,0.267168872093771,-0.174338203954296,0.938658096369152,0.73110816283016
26.4714019232,0.602812590392354,0.278204836776056,0.335717235157872,0.452738485505997,0.267095355234482,-0.174533648729941,0.938529825550226,0.730943322282053
26.476935243,0.602711919757101,0.278027509659047,0.335689750415311,0.452750404684632,0.26702216934179,-0.174722895025585,0.938401670172411,0.730777914343679
26.4824685628,0.602611473118535,0.277853169267613,0.335662156029251,0.452758576155797,0.266949317089283,-0.174905406888185,0.938273629147786,0.73061174542341
26.4880018826,0.602511251475939,0.277681987969067,0.335634450014627,0.452762629544751,0.266876801461312,-0.175080641575684,0.938145701490567,0.730444617513817
26.4935352024,0.602411255810034,0.277514138559753,0.335606630406917,0.452762194558297,0.266804625403117,-0.175248055998545,0.938017886216951,0.73027633311805
26.4990685222,0.602311486749472,0.277349789662481,0.335578695458843,0.452756909793028,0.266732791290629,-0.175407120130547,0.937890182208315,0.730106699455509
26.504601842,0.602211945162873,0.277189011985042,0.335550643298947,0.452746577263105,0.266661301863926,-0.175557565278063,0.93776258846182,0.729935589248148
26.5101351618,0.602112632262346,0.277031126743153,0.335522471862457,0.452732249352322,0.266590160399889,-0.175701122609169,0.937635104124803,0.729763376095475
26.5156684816,0.602013548609445,0.276875853757701,0.335494179483448,0.452714314462227,0.266519369125997,-0.175838460704526,0.937507728092893,0.729590168219928
26.5212018014,0.601914695039163,0.276723051954979,0.335465764348525,0.452692929176644,0.266448930690638,-0.175969877221665,0.937380459387689,0.729415981131623
26.5267351212,0.601816072599208,0.276572581285137,0.335437224526547,0.452668245773,0.266378848072661,-0.176095664487863,0.937253297125755,0.729240827058137
26.532268441,0.601717682183626,0.276424300488972,0.335408558190784,0.452640419728937,0.266309123992842,-0.176216119239965,0.93712624037441,0.729064720217909
26.5378017608,0.601619524459318,0.276278066777518,0.335379763669195,0.45260960981403,0.266239760790123,-0.176331543036511,0.936999288128513,0.728887676591548
26.5433350806,0.601521600305791,0.276133739082263,0.335350839172242,0.452575971294121,0.266170761133549,-0.176442232211858,0.936872439478033,0.728709710376384
26.5488684004,0.601423910957185,0.27599117841694,0.335321782696595,0.452539655221057,0.266102128260589,-0.176548476804117,0.936745693653779,0.728530833637997
26.5544017202,0.601326456908508,0.275850240899432,0.335292592719585,0.452500821846321,0.266033864188924,-0.176650580946889,0.936619049628093,0.728351062745753
26.55993504,0.60122923902838,0.275710785463726,0.335263267496796,0.452459626594732,0.265965971531585,-0.176748841131005,0.936492506525176,0.728170412058458
26.5654683598,0.601132258415293,0.275572671983652,0.335233805146393,0.452416222605732,0.2658984532689,-0.17684355062208,0.936366063561686,0.727988894589384
26.5710016796,0.601035515871905,0.275435758718862,0.335204203989659,0.45237076627047,0.265831311882246,-0.176935007551609,0.936239719861564,0.727806524989332
26.5765349994,0.600939012105722,0.275299903598805,0.335174462425244,0.452323414309341,0.265764549680477,-0.177023510710536,0.936113474530966,0.727623317908146
26.5820683192,0.600842748043122,0.275164965631153,0.335144578721653,0.452274321505469,0.265698169321469,-0.177109355874316,0.935987326764775,0.727439287136622
26.587601639,0.600746724834679,0.275030804560636,0.335114551008408,0.452223641768246,0.265632173826272,-0.17719283720761,0.935861275843087,0.727254446328882
26.5931349588,0.600650943012098,0.27489727785418,0.335084377842331,0.452171532554752,0.265566565169767,-0.177274254700571,0.935735320854429,0.727068810408932
26.5986682786,0.600555403443996,0.274764244077146,0.335054057569818,0.452118148611141,0.265501345874177,-0.177353904533994,0.935609461013814,0.726882392688287
26.6042015984,0.600460107282003,0.274631562866802,0.335023588356004,0.452063644538511,0.265436518925999,-0.177432081671709,0.935483695638007,0.726695207405313
26.6097349182,0.60036505523268,0.27449909249927,0.334992968682148,0.452008176388859,0.265372086550533,-0.177509083889589,0.935358023914828,0.726507268888129
26.615268238,0.600270248046492,0.27436669123949,0.33496219701532,0.451951899187639,0.265308051031173,-0.177585207948149,0.935232445061812,0.726318590427129
26.6208015578,0.600175686786306,0.2742339699285,0.334931271581994,0.451894858419939,0.265244415204311,-0.177660888491439,0.9351069583683,0.726128828348439
26.6263348776,0.600081384734932,0.274100210515909,0.334900176870866,0.451836955076471,0.265181207864067,-0.177736744560562,0.934981561605798,0.72593716559238
26.6318681974,0.59998734334921,0.273965271078226,0.334868910528519,0.451778344377848,0.265118432820692,-0.177813073299622,0.934856253877729,0.725743615456075
26.6374015172,0.599893552213737,0.273829034454699,0.334837483731804,0.451719191703214,0.265056068481933,-0.177890157248515,0.934731035945541,0.725548226157914
26.642934837,0.599800001223891,0.273691383121314,0.334805907446033,0.451659664190596,0.264994093777858,-0.177968281069282,0.934605908669923,0.725351047311911
26.6484681568,0.599706679689997,0.273552201271034,0.334774193047094,0.451599927929032,0.264932486642904,-0.178047726657998,0.934480872737091,0.725152129200066
26.6540014766,0.599613577126577,0.273411839484009,0.334742351761503,0.451540723233958,0.264871225365074,-0.178128883749949,0.93435592888808,0.724952562717966
26.6595347964,0.599520683242615,0.273270664994861,0.334710394689806,0.45148281308149,0.264810288552809,-0.178212148086629,0.934231077932421,0.724753478076351
26.6650681162,0.599427987676985,0.273128572024067,0.334678332986525,0.451426378606458,0.26474965469046,-0.178297806582392,0.93410632066351,0.724554950630525
26.670601436,0.599335479802053,0.272985456810812,0.334646177966453,0.451371599344402,0.264689301835599,-0.17838614253359,0.933981657768506,0.724357056155213
26.6761347558,0.599243149202415,0.272841214362094,0.334613940808109,0.451318655605102,0.264629208394306,-0.178477441243009,0.933857090010524,0.724159869967196
26.6816680756,0.599150985705042,0.27269681473656,0.334581632567749,0.451265928797528,0.264569353137293,-0.178569114060968,0.933732618272791,0.723962743534088
26.6872013954,0.599058978635032,0.272556140493429,0.334549264573453,0.451206938202246,0.264509714061579,-0.178650797708817,0.933608243208485,0.723763078695675
26.6927347152,0.598967065844386,0.27241928910109,0.334516759932928,0.451141526984334,0.264450305911458,-0.178722237883244,0.933483825777314,0.723560816085424
26.698268035,0.598875178274595,0.272285959959366,0.334484029718424,0.451070200984537,0.264391148556171,-0.178784241025171,0.933359207993019,0.723356160943903
26.7038013548,0.598783305235857,0.272155849591275,0.334451084685316,0.450993472240246,0.264332220550541,-0.178837622648971,0.933234389921173,0.723149321831521
26.7093346746,0.598691436179549,0.27202865259964,0.334417935997804,0.450911856694037,0.264273500181745,-0.178883204094397,0.933109372177353,0.722940509293677
26.7148679944,0.598599560575996,0.271904066403852,0.33438459459893,0.450825864590893,0.264214965977066,-0.178921798187042,0.932984155174926,0.722729930994745
26.7204013142,0.598507667854344,0.271781790811333,0.33435107117588,0.450736001393942,0.264156596678464,-0.178954210582609,0.932858739030223,0.722517792205276
26.725934634,0.59841574749704,0.271661519228062,0.334317377019982,0.450642784603584,0.264098370477058,-0.178981265375522,0.932733124517022,0.722304303831646
26.7314679538,0.598323788976035,0.271542948952486,0.334283523093379,0.450546724651987,0.264040265882656,-0.179003775699501,0.932607312069414,0.722089673604473
26.7370012736,0.598231781703292,0.271425778179735,0.334249520197422,0.450448329722728,0.263982261505871,-0.179022551542993,0.932481301900714,0.721874107902463
26.7425345934,0.598139715146031,0.271309703001403,0.334215379383196,0.450348112052725,0.263924335762834,-0.179038409051322,0.932355094529227,0.721657815054128
26.7480679132,0.598047578806986,0.271194419765476,0.334181111719281,0.450246583104815,0.263866467087705,-0.179052163339339,0.932228690526267,0.721441002870291
26.753601233,0.597955362131875,0.271079625722613,0.334146728131235,0.450144252615984,0.26380863400064,-0.179064626893371,0.93210209026311,0.721223878338596
26.7591345528,0.597863054475694,0.270965017849751,0.334112239467085,0.450041631117072,0.263750815008609,-0.179076613267321,0.931975293942778,0.721006648966823
26.7646678726,0.597770645419647,0.270850292659967,0.334077656873513,0.449939229230015,0.263692988546134,-0.179088936570048,0.931848302293161,0.720789521889981
26.7702011924,0.597678124435687,0.270735147206487,0.334042991312081,0.449837556221955,0.263635133123606,-0.179102409015468,0.931721115747767,0.720572703428443
26.7757345122,0.597585480835201,0.270619277799238,0.334008253644561,0.449737123936977,0.263577227190639,-0.179117846137739,0.931593734479762,0.720356401736216
26.781267832,0.597492704163191,0.270502381563006,0.33397345492615,0.449638441645724,0.263519249237041,-0.179136060082719,0.931466159089341,0.72014082320873
26.7868011518,0.597399783945185,0.270384155769406,0.333938606158683,0.449542017594923,0.263461177786503,-0.179157861825517,0.931338390103868,0.71992617336433
26.7923344716,0.597306709573724,0.270264296875998,0.333903718279107,0.449448362576297,0.263402991294617,-0.1791840657003,0.931210427852831,0.719712659452295
26.7978677914,0.597213470386789,0.270142500475133,0.33386880223691,0.449357989172591,0.263344668149879,-0.179215488697458,0.931082272623699,0.719500489647725
26.8034011112,0.597120056035776,0.270018465366621,0.333833869063,0.449271402570752,0.263286186972777,-0.179252937204131,0.930953925098776,0.719289867937374
26.808934431,0.597026455992635,0.269891888486414,0.3337989297178,0.449189111145096,0.263227526274835,-0.179297222658682,0.930825385710435,0.719080999631511
26.8144677508,0.596932659439614,0.269762463441196,0.333763995152342,0.449111631959243,0.263168664287273,-0.179349168518046,0.930696654591956,0.718874095400439
26.8200010706,0.596838656056632,0.269629889899404,0.33372907636655,0.449039468625672,0.263109579690082,-0.179409578726268,0.930567732423182,0.718669358525076
26.8255343904,0.59674443536344,0.269493865234752,0.333694184324359,0.448973127853446,0.263050251039081,-0.179479262618695,0.9304386196878,0.718466993088198
26.8310677102,0.596649986670838,0.269354084487327,0.333659330002928,0.448913123469531,0.26299065666791,-0.179559038982204,0.930309316673766,0.718267207956858
26.83660103,0.596555299356925,0.269210243310802,0.3336245243938,0.448859967516613,0.262930774963125,-0.179649724205811,0.930179823750725,0.718070210827414
26.8421343498,0.596460363114721,0.269062041970182,0.333589778440938,0.448814161609019,0.262870584673783,-0.179752119638838,0.930050141555659,0.717876203579201
26.8476676696,0.596365167416175,0.268909177415587,0.333555103103035,0.448776213929447,0.26281006431314,-0.17986703651386,0.92992027051921,0.717685391345034
26.8532009894,0.596269701285827,0.26875133972893,0.333520509449166,0.44874664874152,0.262749191836661,-0.17999530901259,0.929790210734994,0.71749798847045
26.8587343092,0.596173954595649,0.26858798337111,0.333486008364586,0.448726377786778,0.262687946231063,-0.180138394415669,0.929659962960234,0.717314361157888
26.864267629,0.596077916831047,0.26841864970779,0.333451610804124,0.448716167523448,0.262626306026923,-0.180297517815657,0.929529527635171,0.717134817231238
26.8698009488,0.595981577192511,0.268243756811874,0.333417327813928,0.448715522597471,0.262564249378584,-0.180471765785597,0.929398905006439,0.716959279409345
26.8753342686,0.595884925155396,0.268063931688889,0.333383170368168,0.448724125050891,0.262501754787228,-0.180660193362002,0.929268095523564,0.71678805673978
26.8808675884,0.595787950425776,0.267879604486521,0.33334914935265,0.44874140528389,0.262438801073126,-0.180861800797369,0.929137099778426,0.716621009770411
26.8864009082,0.595690642426149,0.267691180939065,0.333315275743067,0.448766778121493,0.262375366683082,-0.181075597182428,0.929005918169216,0.716457959060558
26.891934228,0.595592990143135,0.267499063474343,0.333281560697186,0.44879966715186,0.262311429445948,-0.181300603677517,0.928874550840321,0.716298730626203
26.8974675478,0.595494983549535,0.267303654525798,0.333248014984264,0.448839469578181,0.262246968565271,-0.181535815052382,0.928742998533799,0.716143124103979
26.9030008676,0.595396612117298,0.267105165409096,0.333214649559415,0.448885514580099,0.262181962557883,-0.181780349171004,0.928611261676713,0.715990679989195
26.9085341874,0.595297864908038,0.266903877459763,0.333181475566505,0.448937168872233,0.262116389341532,-0.18203329141247,0.928479340474543,0.715841046331996
26.9140675072,0.595198731551495,0.266700138964893,0.333148503902883,0.448993816339425,0.262050227648613,-0.182293677374532,0.928347235454378,0.715693955304318
26.919600827,0.595099201738235,0.266494297563987,0.333115745424935,0.449054841438366,0.2619834563133,-0.182560543874379,0.928214947163171,0.715549139002353
26.9251341468,0.594999264799277,0.266286699191765,0.333083211157016,0.449119633443837,0.261916053642261,-0.182832934252072,0.928082475956293,0.715406332635602
26.9306674666,0.594898940158414,0.266077689724498,0.333050894151393,0.449187582630633,0.261848046007022,-0.183109892906135,0.927949834309807,0.715265272355131
26.9362007864,0.594798417407424,0.265867617479883,0.333018685879183,0.449258071795349,0.26177973152824,-0.183390454315466,0.927817103286607,0.715125689275231
26.9417341062,0.59469772628531,0.265656828573225,0.33298657292461,0.449330488724103,0.261711153360699,-0.183673660150878,0.92768429920992,0.714987317297328
26.947267426,0.594596865970422,0.265445669678393,0.332954557193101,0.449404222792826,0.261642308777321,-0.183958553114433,0.927551423163523,0.714849892471219
26.9528007458,0.594496076731542,0.265234487954325,0.33292237361033,0.449478659388689,0.261573703121212,-0.184244171434364,0.927418450341871,0.714713147343015
26.9583340656,0.594395484334945,0.265023629625414,0.332889884263635,0.449553185611653,0.26150560007131,-0.184529555986239,0.92728536859858,0.714576815237067
26.9638673854,0.594295080293881,0.26481344169432,0.332857100028841,0.449627188882938,0.261437980265039,-0.184813747188618,0.927152180322722,0.714440630577259
26.9694007052,0.594194856112669,0.264604271916345,0.332824031777645,0.449700055150465,0.261370824335023,-0.18509578323412,0.927018887890314,0.71430432706681
26.974934025,0.594094802999379,0.264396465634997,0.332790690882802,0.449771172454024,0.261304112116577,-0.185374706819027,0.92688549388218,0.714167638089021
26.9804673448,0.593994912371777,0.26419036906226,0.332757088349921,0.449839928313641,0.261237824021856,-0.185649559251381,0.926752000721699,0.714030297375901
26.9860006646,0.593895175858717,0.263986332269044,0.332723234788497,0.449905705458969,0.26117194107022,-0.185919373189925,0.926618410647213,0.713892037728014
26.9915339844,0.593795584669197,0.263784699439655,0.332689141546895,0.449967893830104,0.261106443122302,-0.18618319439045,0.926484726216091,0.713752593269759
26.9970673042,0.593696130191004,0.263585816323014,0.33265481964959,0.450025881247975,0.261041310541414,-0.186440064924961,0.926350949840594,0.713611697570989
27.002600624,0.593596803928621,0.263390031880167,0.332620279887147,0.450079051347608,0.260976524041474,-0.186689019467441,0.926217083815768,0.713469083227776
27.0081339438,0.593497597303334,0.263197693915358,0.332585533186378,0.450126788975553,0.260912064116956,-0.186929095060195,0.926083130489711,0.71332448289091
27.0136672636,0.593398501615012,0.263009145737554,0.332550590706277,0.450168485648871,0.260847910908735,-0.187159339911317,0.925949092321289,0.713177631386425
27.0192005834,0.593299508281422,0.262824733622612,0.332515463370124,0.450203528526369,0.260784044911298,-0.187378794903757,0.925814971651546,0.713028262148982
27.0247339032,0.593200608860724,0.262644811978131,0.332480161778162,0.450231292024006,0.260720447082562,-0.187586480045875,0.925680770638886,0.712876104002138
27.030267223,0.593101794602737,0.262469720167295,0.332444697175221,0.4502511740489,0.260657097427515,-0.187781453881605,0.925546491777958,0.712720894216194
27.0358005428,0.593003056925119,0.26229733208843,0.332409080448539,0.450266689996919,0.26059397647658,-0.187969357908489,0.925412137373658,0.71256402208535
27.0413338626,0.592904387300303,0.262125028702198,0.332373322329151,0.45028217930021,0.260531064971152,-0.188157150598013,0.925277709629454,0.712407208002408
27.0468671824,0.592805777113113,0.261952873652062,0.332337433736733,0.450297501215498,0.26046834337638,-0.188344627563436,0.925143210849845,0.71225037486756
27.0524005022,0.592707217731931,0.261780936467625,0.332301425643093,0.450312505043284,0.260405792088838,-0.18853156857566,0.925008643375024,0.712093441510909
27.057933822,0.592608700581004,0.261609286883538,0.332265308862325,0.450327040026588,0.260343391718679,-0.18871775314305,0.92487400944333,0.711936326910126
27.0634671418,0.592510217105075,0.261437995174614,0.332229094083127,0.450340954494156,0.260281123021948,-0.188902959319542,0.924739311188201,0.711778949668769
27.0690004616,0.592411758660792,0.26126713052287,0.332192792314271,0.450354098375818,0.260218966346521,-0.189086967852948,0.924604550975063,0.711621228898688
27.0745337814,0.592313316665922,0.261096762567242,0.332156414356557,0.450366320938602,0.260156902309366,-0.18926955837136,0.924469731022479,0.711463083505844
27.0800671012,0.592214882537557,0.260926961692016,0.332119970908243,0.450377470117626,0.260094911629314,-0.18945050842561,0.9243348534458,0.711304431809642
27.085600421,0.592116447670636,0.260757797348581,0.332083472821169,0.450387395431102,0.260032974849467,-0.189629598082521,0.924199920491805,0.711145192779683
27.0911337408,0.592018003478767,0.260589338889963,0.332046930907571,0.450395946681801,0.259971072571195,-0.189806607791838,0.924064934386338,0.710985285571764
27.0966670606,0.591919541369494,0.260421656295148,0.332010355899579,0.450402972430284,0.259909185469915,-0.189981316135136,0.923929897269074,0.710824628725432
27.1022003804,0.591821052720398,0.260254764406113,0.331973758514508,0.450408251472747,0.259847294205891,-0.190153487066634,0.923794811234906,0.71066301587886
27.1077337002,0.591722528971992,0.260088590794521,0.331937149552712,0.450411461029115,0.259785379419281,-0.190322870234594,0.923659678524704,0.710500051823636
27.11326702,0.591623961542043,0.259923201178475,0.331900539727552,0.450412445448059,0.259723421814491,-0.190489244269585,0.923524501269595,0.710335646626534
27.1188003398,0.591525341769013,0.259758670578788,0.331863939732318,0.450411055744977,0.259661402036695,-0.190652385166189,0.923389281501331,0.710169726323765
27.1243336596,0.591426661104534,0.259595071495071,0.331827360291911,0.450407147451717,0.259599300812623,-0.190812075956646,0.923254021396445,0.710002218946788
27.1298669794,0.591327910984149,0.259432476784327,0.331790812087686,0.450400574839132,0.259537098896463,-0.190968098054805,0.923118723071835,0.709833051623459
27.1354002992,0.591229082775415,0.259270960670087,0.331754305798327,0.450391190148276,0.259474776977088,-0.191120229478189,0.922983388573743,0.709662150818364
27.140933619,0.591130167835325,0.259110597334394,0.33171785211087,0.450378845456071,0.259412315724455,-0.191268248121676,0.922848019946195,0.709489442790465
27.1464669388,0.591031157664968,0.258951458799564,0.33168146164666,0.450363397229591,0.259349696018309,-0.191411938430027,0.922712619311628,0.709314856029155
27.1520002586,0.590932043682111,0.258793618373259,0.331645145031662,0.450344699099507,0.259286898650449,-0.191551080726248,0.922577188713773,0.709138317472767
27.1575335784,0.590832817123302,0.258637151838302,0.331608912983106,0.450322599767371,0.259223904140196,-0.191685447929069,0.922441730106407,0.708959751605673
27.1630668982,0.590733469543436,0.258482636483057,0.331572776041493,0.450297178869559,0.259160693501943,-0.191814542386502,0.922306245584928,0.708779815352615
27.168600218,0.590633992376708,0.258330764417988,0.331536744787095,0.450268562001923,0.259097247589613,-0.191937797583935,0.922170737163803,0.708599326419911
27.1741335378,0.590534376927398,0.258181607278676,0.331500829874794,0.450236598717103,0.259033547052604,-0.192054991438427,0.922035206802192,0.70841820599578
27.1796668576,0.590434614578486,0.258035232482249,0.331465041904104,0.450201139352198,0.258969572674381,-0.192165906869949,0.92189965648259,0.708236371834447
27.1852001774,0.59033469686835,0.257891704567356,0.331429391347896,0.450162037750429,0.258905305520454,-0.192270333183073,0.921764088216247,0.708053742317784
27.1907334972,0.590234615206548,0.257751090671218,0.331393888752441,0.450119144747335,0.258840726454107,-0.192368054076117,0.921628503958989,0.707870235418553
27.196266817,0.590134360729053,0.257613472729951,0.331358544869933,0.450072288098471,0.25877581585912,-0.192458815368519,0.921492905598986,0.707685760828422
27.2018001368,0.590033925115973,0.257479953516301,0.331323370019716,0.450019586660152,0.258710555096257,-0.192539633143851,0.921357295135688,0.707499540176452
27.2073334566,0.589933299785073,0.257351065018937,0.331288374705589,0.44996011460873,0.258644925079485,-0.192609049589793,0.921221674490662,0.707311179627668
27.2128667764,0.589832475954072,0.257226524080206,0.331253569589433,0.44989430865614,0.258578906364639,-0.192667784575934,0.921086045543505,0.707120832736346
27.2184000962,0.58973144507851,0.257106041678006,0.331218965127697,0.449822614022776,0.258512479950813,-0.19271657234477,0.920950410206207,0.706928655700781
27.223933416,0.589630198710768,0.25698932780512,0.331184571676479,0.449745477463316,0.258445627034288,-0.192756149658195,0.920814770387247,0.706734805268436
27.2294667358,0.589528728212477,0.256876096149113,0.331150399742484,0.44966334032572,0.258378328469993,-0.192787244176607,0.920679127954962,0.706539436474833
27.2350000556,0.589427024714897,0.25676606271308,0.331116460031865,0.449576640459023,0.258310564683032,-0.192810577745944,0.920543484746762,0.706342703172103
27.2405333754,0.589325079950774,0.256658935576698,0.331082762700979,0.44948582739466,0.258242317249796,-0.192826891817962,0.920407842651753,0.706144762971359
27.2460666952,0.589222885337876,0.25655442775083,0.331049318171882,0.449391343720592,0.258173567165993,-0.192836915969762,0.920272203509758,0.705945771471421
27.251600015,0.589120431984068,0.25645225434165,0.33101613714547,0.449293628440252,0.258104294838598,-0.192841374098602,0.920136569129538,0.705745882781902
27.2571333348,0.589017711464028,0.256352126109424,0.330983229881301,0.449193127163233,0.258034481582727,-0.192841001053808,0.920000941345329,0.705545253272657
27.2626666546,0.588914715320851,0.256253754973013,0.330950606651613,0.44909028410302,0.257964108669238,-0.192836529130008,0.919865321972465,0.705344039076033
27.2681999744,0.588811434844957,0.256156854283846,0.330918277956324,0.448985541017598,0.257893156888634,-0.192828686733752,0.919729712801281,0.705142395301444
27.2737332942,0.588707861209464,0.256061137118594,0.330886254402005,0.448879339956877,0.257821606807459,-0.192818202838283,0.919594115611468,0.704940477075471
27.279266614,0.588603986176471,0.255966314775563,0.330854546015698,0.448772125900307,0.257749440160773,-0.192805811124744,0.919458532192169,0.70473844067587
27.2847999338,0.588499801163745,0.255872100311428,0.330823163142424,0.448664341518889,0.257676638021321,-0.192792241207461,0.91932296430617,0.704536441830316
27.2903332536,0.588395297146015,0.255778206316232,0.330792116555366,0.448556429263651,0.25760318059065,-0.192778222947419,0.919187413701381,0.704334635579883
27.2958665734,0.588290468045392,0.255684344943902,0.330761413896785,0.448448832757753,0.257529054148607,-0.192764487813851,0.919051881942177,0.704133177701654
27.3013998932,0.588185351400636,0.255590229260362,0.330731015442318,0.448341994837869,0.257454335958317,-0.192751765577507,0.918916366842954,0.703932224098231
27.306933213,0.58807996848828,0.255495571422467,0.330700899136509,0.448236358742309,0.257379069351771,-0.192740787319842,0.918780867624789,0.703731930164776
27.3124665328,0.587974325645575,0.255400083217918,0.330671059165705,0.448132368389457,0.25730326647987,-0.192732285171539,0.91864538481128,0.703532451607375
27.3179998526,0.587868429566975,0.255303489622776,0.330641489375638,0.448030479221095,0.257226940191337,-0.192726989598319,0.918509918942613,0.703333968843871
27.3235331724,0.587762286676338,0.255205572448601,0.330612183886564,0.447931218580127,0.257150102789774,-0.192725646131526,0.918374470562901,0.703136791028728
27.3290664922,0.587655903035042,0.255106026755714,0.330583137187306,0.447835016018413,0.257072765847736,-0.1927289892627,0.918239040222347,0.702941042774127
27.334599812,0.58754928542671,0.255004536348449,0.330554343063826,0.447742272210979,0.256994942362884,-0.19273773586253,0.918103628490536,0.702746808559428
27.3401331318,0.587442440298616,0.254900783266704,0.330525795642713,0.447653391147431,0.256916644655903,-0.192752607880727,0.917968235941329,0.702554174414134
27.3456664516,0.587335373898023,0.254794446199496,0.330497489259694,0.447568779956685,0.25683788463833,-0.19277433375719,0.917832863157717,0.702363226156181
27.3511997714,0.58722809266407,0.254685205928166,0.330469418070203,0.447488843507498,0.256758674593867,-0.192803637579332,0.917697510734273,0.702174049435664
27.3567330912,0.587120603202631,0.254572746410387,0.330441576071544,0.447413982510624,0.256679027131087,-0.192841236100237,0.917562179274175,0.701986728921012
27.362266411,0.587012911918749,0.254456748797834,0.330413957470689,0.447344601388325,0.256598954448061,-0.192887852590491,0.917426869389438,0.70180135018616
27.3677997308,0.586905024963286,0.254336888192745,0.330386556742088,0.447281112905016,0.256518468221199,-0.192944224712271,0.917291581705374,0.701618001097762
27.3733330506,0.586796949072612,0.254212924006759,0.330359367778092,0.447223792219217,0.25643758129452,-0.193010868212458,0.917156316850704,0.701436716225976
27.3788663704,0.586688690670584,0.254085987323965,0.330332384794731,0.44717062196602,0.256356305875853,-0.193084634642054,0.917021075465315,0.701256609289985
27.3843996902,0.586580256008588,0.253956629547146,0.330305602194748,0.447120551196219,0.25627465381384,-0.193163921649073,0.916885858203336,0.701077180743365
27.38993301,0.586471651592791,0.253824926148045,0.330279014130357,0.44707332599713,0.256192637462434,-0.193248399849086,0.916750665723147,0.700898252145175
27.3954663298,0.586362883957914,0.253690952985075,0.330252614731648,0.447028692215949,0.256110269226266,-0.193337739230874,0.916615498689562,0.700719645201024
27.4009996496,0.586253959484206,0.253554783700234,0.33022639829701,0.446986398154493,0.256027561187196,-0.193431614454259,0.916480357781216,0.700541181854727
27.4065329694,0.586144884447396,0.253416490532983,0.330200359245472,0.446946193380162,0.255944525201924,-0.193529702847179,0.916345243692868,0.700362683913145
27.4120662892,0.586035665483782,0.253276150741006,0.33017449162653,0.446907822451203,0.255861173857253,-0.193631671710197,0.916210157110312,0.700183973192209
27.417599609,0.585926309017223,0.253133838497772,0.330148789719871,0.446871032955707,0.255777519297352,-0.193737194457936,0.916075098737094,0.700004871453479
27.4231329288,0.585816821320658,0.252989626106577,0.330123247977549,0.446835574204515,0.255693573343109,-0.193845948097939,0.915940069298206,0.699825200311092
27.4286662486,0.585707208932418,0.252843589462502,0.330097860576771,0.446801192371263,0.255609348355648,-0.193957602908761,0.915805069509189,0.699644781833766
27.4341995684,0.585597478333508,0.252695803484394,0.330072621762557,0.446767634367512,0.255524856570952,-0.194071830883119,0.915670100096065,0.699463437851906
27.4397328882,0.585487635896807,0.252546362821969,0.330047525907223,0.44673465747204,0.255440109989584,-0.19418829465007,0.91553516180403,0.699281020294009
27.445266208,0.585377687988052,0.252395472939545,0.330022567403181,0.446702067358195,0.255355120584872,-0.194306594418651,0.915400255391233,0.69909754029774
27.4507995278,0.585267641160903,0.252243278142587,0.329997740439436,0.446669640819385,0.255269900721467,-0.194426362676798,0.915265381600338,0.698912918961972
27.4563328476,0.585157501839215,0.252089906783532,0.329973039357455,0.446637149174542,0.25518446248176,-0.19454724239101,0.91513054119667,0.698727055958075
27.4618661674,0.585047276334914,0.251935486791129,0.329948458641821,0.446604364089187,0.255098817693093,-0.194668877298057,0.914995734976735,0.698539850880316
27.4673994872,0.584936971183636,0.251780147972126,0.3299239925235,0.446571056808745,0.255012978660136,-0.194790908836619,0.914860963707136,0.698351204780871
27.472932807,0.584826592830095,0.2516240187204,0.329899635345521,0.446536998470972,0.254926957484574,-0.194912979750572,0.914726228175616,0.698161017191372
27.4784661268,0.584716147657234,0.251467227717882,0.329875381537571,0.446501960440703,0.254840766119663,-0.195034732722821,0.914591529194805,0.697969188158585
27.4839994466,0.584605642085938,0.251309903944146,0.329851225494801,0.446465713784187,0.254754416591138,-0.195155809840042,0.914456867580739,0.697775617728333
27.4895327664,0.584495082604656,0.251152176125248,0.329827161529037,0.44642803046203,0.254667921075619,-0.195275854336783,0.914322244133692,0.697580206587278
27.4950660862,0.584384475637243,0.250994172616796,0.329803184042465,0.446388681816551,0.254581291594777,-0.195394509199754,0.914187659679708,0.697382854433347
27.500599406,0.58427382755204,0.250836023025418,0.329779287536352,0.446347437391251,0.254494540015688,-0.195511414365834,0.914053115088392,0.697183460416669
27.5061327258,0.584163144847126,0.250677855811912,0.329755466324762,0.446304070674448,0.254407678522364,-0.195626214862536,0.913918611171888,0.69698192648636
27.5116660456,0.584052433948357,0.250519798879223,0.329731714832763,0.446258352541267,0.254320719115595,-0.195738553662045,0.91378414878112,0.69677815142049
27.5171993654,0.58394170126617,0.250361982100859,0.329708027531802,0.446210053374685,0.254233673734368,-0.195848071273827,0.913649728797972,0.696572035475544
27.5227326852,0.583830953241736,0.250204534431941,0.329684398849706,0.446158944626714,0.25414655439203,-0.195954410194773,0.913515352091443,0.696363479058655
27.528266005,0.583720196315723,0.250047583528631,0.32966082320539,0.446104799021378,0.254059373110333,-0.196057215492746,0.913381019521113,0.696152382550009
27.5337993248,0.58360943691256,0.249891258055389,0.329637295064884,0.44604738765454,0.253972141847676,-0.196156129599152,0.913246731977444,0.695938645709929
27.5393326446,0.583498681472717,0.249735657188471,0.329613808921182,0.445986531825269,0.253884872551535,-0.196250874636797,0.913112490393899,0.69572218901374
27.5448659644,0.58338793642357,0.249580543051275,0.329590359211445,0.445922616363521,0.253797577212125,-0.196342073312247,0.912978295635016,0.695503159414796
27.5503992842,0.583277208188977,0.249425725940408,0.329566940424415,0.445855833446445,0.253710267764562,-0.196430107506037,0.912844148613392,0.695281559386853
27.555932604,0.583166503224298,0.249270890936029,0.329543547058655,0.445786050370727,0.253622956165644,-0.196515159434698,0.912710050282953,0.695056941306756
27.5614659238,0.583055827956129,0.249115962922803,0.329520173605198,0.44571343466798,0.253535654350931,-0.196597471745177,0.912576001561327,0.694829397590783
27.5669992436,0.582945188794789,0.24896091512421,0.329496814575284,0.445638213130586,0.253448374219505,-0.196677298006376,0.912442003370072,0.694599128254795
27.5725325634,0.582834570190007,0.248805722510624,0.329473478687119,0.445560612314278,0.253361091502888,-0.196754889803654,0.912308048877126,0.694366334824902
27.5780658832,0.582723891570252,0.248650360523805,0.329450216719635,0.445480858630906,0.253273674850617,-0.196830498107101,0.912174108289887,0.69413121915471
27.583599203,0.582613152923753,0.24849480265107,0.329427027479389,0.445399180333892,0.253186125444364,-0.196904377682822,0.912040180403142,0.693893982984962
27.5891325228,0.582502363525375,0.248339022671975,0.32940390380785,0.445315803164242,0.253098459717525,-0.196976780492267,0.911906267333225,0.693654825836217
27.5946658426,0.582391532609288,0.248182996371255,0.329380838591519,0.445230954182346,0.253010694017769,-0.197047957811091,0.911772371200807,0.693413950553601
27.6001991624,0.582280669504898,0.248026697764206,0.329357824634071,0.445144860945934,0.252922844870827,-0.197118163181729,0.911638494138969,0.69317155871014
27.6057324822,0.582169783503115,0.247870100655929,0.3293348547778,0.445057749674957,0.252834928725315,-0.197187649019028,0.911504638280915,0.692927850330885
27.611265802,0.582058883876464,0.247713179959451,0.329311921890527,0.444969847429506,0.252746961985937,-0.197256667470056,0.911370805766991,0.692683027388957
27.6167991218,0.581947979917036,0.247555910268076,0.329289018830422,0.444881381418976,0.252658961086613,-0.1973254711509,0.911236998747458,0.692437291687052
27.6223324416,0.581837080914701,0.247398265765723,0.32926613845239,0.444792578308992,0.25257094246231,-0.197394312543269,0.911103219367091,0.692190844074715
27.6278657614,0.581726196144324,0.247240220752245,0.329243273635552,0.444703664475527,0.252482922508772,-0.197463443723281,0.910969469779875,0.691943885227772
27.6333990812,0.581615334928149,0.247081749801177,0.329220417236364,0.444614867930898,0.252394917691784,-0.197533118129721,0.910835752164513,0.691696617732076
27.638932401,0.581504506528114,0.246922827441682,0.32919756214754,0.444526414991744,0.252306944380574,-0.197603587550062,0.910702068675653,0.691449242433425
27.6444657208,0.581393709185746,0.246763427991182,0.32917471300893,0.444438531933318,0.252218996176817,-0.197675103942136,0.910568422194676,0.6912019599245
27.6499990406,0.581282766944411,0.246603525857806,0.329152059864291,0.444351446482221,0.25213070708012,-0.197747920624415,0.910434826808703,0.690954972340027
27.6555323604,0.581171620616339,0.246443095303252,0.329129668265577,0.444265385895624,0.252041952350762,-0.197822290592371,0.910301288881916,0.690708481198876
27.6610656802,0.581060277538759,0.246282111138742,0.329107532890282,0.444180575881413,0.251952744648477,-0.197898464742671,0.910167810429041,0.690462687020155
27.6661826666667,0.580957143150064,0.246132724887326,0.329087286602165,0.444103456654597,0.251869856547899,-0.197970731767271,0.910044429752228,0.690236181541923
