"TimeMin","Mean_light","Mean_difference","SD_light","SD_difference","Lower_light","Lower_difference","Upper_light","Upper_difference"
0,0,0,0,0,0,0,0,0
0.0060666428,-6.16703006439769e-05,NA,3.43015848676975e-05,NA,-9.59718855116744e-05,NA,-2.73687157762794e-05,NA
0.0121332856,-0.000124005589060388,NA,6.76887787971545e-05,NA,-0.000191694367857543,NA,-5.63168102632336e-05,NA
0.0181999284,-0.000187038972149425,NA,0.000100113145245642,NA,-0.000287152117395067,NA,-8.69258269037828e-05,NA
0.0242665712,-0.000250802198305924,NA,0.00013152811743827,NA,-0.000382330315744194,NA,-0.000119274080867654,NA
0.030333214,-0.000315327454198106,NA,0.000161886526230633,NA,-0.000477213980428739,NA,-0.000153440927967472,NA
0.0363998568,-0.000380647494920512,NA,0.000191140410732991,NA,-0.000571787905653503,NA,-0.00018950708418752,NA
0.0424664996,-0.000446793418828229,NA,0.000219244115858634,NA,-0.000666037534686863,NA,-0.000227549302969594,NA
0.0485331424,-0.000513799146088342,NA,0.000246148053491082,NA,-0.000759947199579424,NA,-0.00026765109259726,NA
0.0545997852,-0.000581366273850116,NA,0.000272272546279171,NA,-0.000853638820129287,NA,-0.000309093727570945,NA
0.060666428,-0.000648914364425453,NA,0.000298436825078271,NA,-0.000947351189503724,NA,-0.000350477539347182,NA
0.0667330708,-0.000716444588104299,NA,0.000324637574950303,NA,-0.0010410821630546,NA,-0.000391807013153996,NA
0.0727997136,-0.000783971668229283,NA,0.000350852323570615,NA,-0.0011348239917999,NA,-0.000433119344658668,NA
0.0788663564,-0.000851510346855741,NA,0.000377058576572253,NA,-0.00122856892342799,NA,-0.000474451770283488,NA
0.0849329992,-0.000919075321921194,NA,0.000403233888097363,NA,-0.00132230921001856,NA,-0.00051584143382383,NA
0.090999642,-0.000986681399506245,NA,0.000429355678158593,NA,-0.00141603707766484,NA,-0.000557325721347652,NA
0.0970662848,-0.00105434322176755,NA,0.000455401580141689,NA,-0.00150974480190924,NA,-0.00059894164162586,NA
0.1031329276,-0.00112207559545706,NA,0.000481349006724067,NA,-0.00160342460218113,NA,-0.000640726588732996,NA
0.1091995704,-0.00118989320938859,NA,0.000507175532491724,NA,-0.00169706874188031,NA,-0.000682717676896861,NA
0.1152662132,-0.00125781078411034,NA,0.000532858689281865,NA,-0.00179066947339221,NA,-0.000724952094828475,NA
0.121332856,-0.00132584313418666,NA,0.000558375872160499,NA,-0.00188421900634716,NA,-0.000767467262026163,NA
0.1273994988,-0.0013940048173115,NA,0.000583704849271778,NA,-0.00197770966658328,NA,-0.00081029996803972,NA
0.1334661416,-0.0014623108455627,NA,0.000608822726162932,NA,-0.00207113357172563,NA,-0.000853488119399766,NA
0.1395327844,-0.00153077565707983,NA,0.000633707447714531,NA,-0.00216448310479436,NA,-0.000897068209365296,NA
0.1455994272,-0.00159941419291836,NA,0.000658336221512909,NA,-0.00225775041443127,NA,-0.00094107797140545,NA
0.15166607,-0.00166824107730313,NA,0.000682686720830202,NA,-0.00235092779813333,NA,-0.000985554356472927,NA
0.1577327128,-0.00173727102565564,NA,0.000706736485224043,NA,-0.00244400751087969,NA,-0.0010305345404316,NA
0.1637993556,-0.00180651892738185,NA,0.000730462795634555,NA,-0.00253698172301641,NA,-0.0010760561317473,NA
0.1698659984,-0.0018759991987658,NA,0.000753843635986691,NA,-0.00262984283475249,NA,-0.00112215556277911,NA
0.1759326412,-0.00194572705671764,NA,0.000776855799141244,NA,-0.00272258285585888,NA,-0.0011688712575764,NA
0.181999284,-0.0020157167376914,NA,0.000799477537914816,NA,-0.00281519427560622,NA,-0.00121623919977659,NA
0.1880659268,-0.00208598331471272,NA,0.000821685858363687,NA,-0.0029076691730764,NA,-0.00126429745634903,NA
0.1941325696,-0.00215654134975066,NA,0.000843458528885279,NA,-0.00299999987863594,NA,-0.00131308282086538,NA
0.2001992124,-0.00222740555076837,NA,0.000864773100316429,NA,-0.0030921786510848,NA,-0.00136263245045194,NA
0.2062658552,-0.00229859088434462,NA,0.000885606735913146,NA,-0.00318419762025777,NA,-0.00141298414843147,NA
0.212332498,-0.00237011162418803,NA,0.000905937637160424,NA,-0.00327604926134845,NA,-0.0014641739870276,NA
0.2183991408,-0.00244198319087518,NA,0.000925742286011805,NA,-0.00336772547688698,NA,-0.00151624090486337,NA
0.2244657836,-0.00251421962150508,NA,0.000944999239662381,NA,-0.00345921886116746,NA,-0.0015692203818427,NA
0.2305324264,-0.00258683611874405,NA,0.000963685306195068,NA,-0.00355052142493912,NA,-0.00162315081254898,NA
0.2365990692,-0.00265984718463486,NA,0.000981778345575761,NA,-0.00364162553021062,NA,-0.0016780688390591,NA
0.242665712,-0.00273326751735268,NA,0.000999255923477397,NA,-0.00373252344083008,NA,-0.00173401159387528,NA
0.2487323548,-0.0028071121629789,NA,0.00101609508191472,NA,-0.00382320724489362,NA,-0.00179101708106418,NA
0.2547989976,-0.00288139525148179,NA,0.00103227424171129,NA,-0.00391366949319308,NA,-0.0018491210097705,NA
0.2608656404,-0.00295613240593851,NA,0.00104776957569351,NA,-0.00400390198163202,NA,-0.00190836283024501,NA
0.2669322832,-0.00303133746642506,NA,0.00106255994187523,NA,-0.00409389740830029,NA,-0.00196877752454983,NA
0.272998926,-0.00310702576291576,NA,0.00107662195392563,NA,-0.00418364771684139,NA,-0.00203040380899013,NA
0.2790655688,-0.00318321173986003,NA,0.00108993355981939,NA,-0.00427314529967942,NA,-0.00209327818004065,NA
0.2851322116,-0.00325991008331181,NA,0.00110247234362563,NA,-0.00436238242693744,NA,-0.00215743773968618,NA
0.2911988544,-0.00333713592118829,NA,0.00111421522255795,NA,-0.00445135114374625,NA,-0.00222292069863034,NA
0.2972654972,-0.00341490323855066,NA,0.00112514083855886,NA,-0.00454004407710952,NA,-0.00228976239999179,NA
0.30333214,-0.00349322785981154,NA,0.001135225057105,NA,-0.00462845291691654,NA,-0.00235800280270654,NA
0.3093987828,-0.00357212343035439,NA,0.00114444703347266,NA,-0.00471657046382705,NA,-0.00242767639688173,NA
0.3154654256,-0.00365160540513143,NA,0.00115278319047402,NA,-0.00480438859560545,NA,-0.00249882221465741,NA
0.3215320684,-0.0037316881733289,NA,0.00116021156053582,NA,-0.00489189973386472,NA,-0.00257147661279308,NA
0.3275987112,-0.00381238640654935,NA,0.00116670974968001,NA,-0.00497909615622936,NA,-0.00264567665686934,NA
0.333665354,-0.00389371531687626,NA,0.00117225454676162,NA,-0.00506596986363789,NA,-0.00272146077011464,NA
0.3397319968,-0.00397568874329838,NA,0.00117682481662112,NA,-0.0051525135599195,NA,-0.00279886392667726,NA
0.3457986396,-0.00405832271039767,NA,0.00118039611916486,NA,-0.00523871882956252,NA,-0.00287792659123281,NA
0.3518652824,-0.00414163067119688,NA,0.00118294790337323,NA,-0.00532457857457012,NA,-0.00295868276782365,NA
0.3579319252,-0.00422562820329491,NA,0.00118445640475908,NA,-0.00541008460805399,NA,-0.00304117179853583,NA
0.363998568,-0.00431032964294582,NA,0.00118489973664305,NA,-0.00549522937958887,NA,-0.00312542990630276,NA
0.3700652108,-0.00439574964496956,NA,0.0011842555305583,NA,-0.00558000517552786,NA,-0.00321149411441126,NA
0.3761318536,-0.00448190350794641,NA,0.00118250044344464,NA,-0.00566440395139105,NA,-0.00329940306450178,NA
0.3821984964,-0.00456880492362807,NA,0.00117961356481706,NA,-0.00574841848844513,NA,-0.003389191358811,NA
0.3882651392,-0.0046564701156005,NA,0.00117557015079212,NA,-0.00583204026639261,NA,-0.00348089996480838,NA
0.394331782,-0.00474491234685628,NA,0.00117034994049541,NA,-0.00591526228735169,NA,-0.00357456240636087,NA
0.4003984248,-0.00483418360826821,NA,0.00116387765970499,NA,-0.00599806126797321,NA,-0.00367030594856322,NA
0.4064650676,-0.00492453398156283,NA,0.00115579803307267,NA,-0.00608033201463551,NA,-0.00376873594849016,NA
0.4125317104,-0.00501605592631085,NA,0.00114619433030772,NA,-0.00616225025661857,NA,-0.00386986159600314,NA
0.4185983532,-0.0051089520373392,NA,0.00113544918069639,NA,-0.00624440121803559,NA,-0.00397350285664281,NA
0.424664996,-0.00520319958702905,NA,0.00112363315811991,NA,-0.00632683274514896,NA,-0.00407956642890915,NA
0.4307316388,-0.00529876283963343,NA,0.00111078852275044,NA,-0.00640955136238387,NA,-0.00418797431688298,NA
0.4367982816,-0.00539560097434536,NA,0.00109696151195749,NA,-0.00649256248630285,NA,-0.00429863946238787,NA
0.4428649244,-0.00549367722320458,NA,0.00108219521965097,NA,-0.00657587244285555,NA,-0.00441148200355361,NA
0.4489315672,-0.00559295255395283,NA,0.00106653447900171,NA,-0.00665948703295454,NA,-0.00452641807495112,NA
0.45499821,-0.00569338851299365,NA,0.00105002366919147,NA,-0.00674341218218512,NA,-0.00464336484380218,NA
0.4610648528,-0.00579494765079208,NA,0.00103270645704632,NA,-0.0068276541078384,NA,-0.00476224119374575,NA
0.4671314956,-0.0058975900989641,NA,0.00101462822456628,NA,-0.00691221832353038,NA,-0.00488296187439782,NA
0.4731981384,-0.00600127958980437,NA,0.000995831843884579,NA,-0.00699711143368895,NA,-0.00500544774591979,NA
0.4792647812,-0.00610597582520911,NA,0.000976362953881521,NA,-0.00708233877909063,NA,-0.00512961287132759,NA
0.485331424,-0.00621164169593003,NA,0.000956265037310672,NA,-0.0071679067332407,NA,-0.00525537665861936,NA
0.4913980668,-0.00631823832958149,NA,0.000935582748144822,NA,-0.00725382107772632,NA,-0.00538265558143667,NA
0.4974647096,-0.0064257272941106,NA,0.000914360435117151,NA,-0.00734008772922775,NA,-0.00551136685899345,NA
0.5035313524,-0.00653407093702243,NA,0.000892642005149714,NA,-0.00742671294217215,NA,-0.00564142893187272,NA
0.5095979952,-0.0066432297620204,NA,0.000870472407476541,NA,-0.00751370216949694,NA,-0.00577275735454386,NA
0.515664638,-0.00675316671642776,NA,0.000847895484791808,NA,-0.00760106220121957,NA,-0.00590527123163595,NA
0.5217312808,-0.00686384291152426,NA,0.000824955021961532,NA,-0.00768879793348579,NA,-0.00603888788956272,NA
0.5277979236,-0.00697521967390982,NA,0.000801696621542724,NA,-0.00777691629545255,NA,-0.0061735230523671,NA
0.5338645664,-0.00708725917596908,NA,0.000778163505307445,NA,-0.00786542268127653,NA,-0.00630909567066164,NA
0.5399312092,-0.00719992269971006,NA,0.000754400427953974,NA,-0.00795432312766403,NA,-0.00644552227175609,NA
0.545997852,-0.00731317216660083,NA,0.000730451850411545,NA,-0.00804362401701238,NA,-0.00658272031618929,NA
0.5520644948,-0.00742696908830298,NA,0.000706361390674985,NA,-0.00813333047897797,NA,-0.006720607697628,NA
0.5581311376,-0.00754127520836046,NA,0.00068217445506719,NA,-0.00822344966342765,NA,-0.00685910075329327,NA
0.5641977804,-0.00765605227559176,NA,0.000657934064424805,NA,-0.00831398634001656,NA,-0.00699811821116695,NA
0.5702644232,-0.00777126173852984,NA,0.000633685558193588,NA,-0.00840494729672343,NA,-0.00713757618033626,NA
0.576331066,-0.00788686544996315,NA,0.000609472653880635,NA,-0.00849633810384378,NA,-0.00727739279608251,NA
0.5823977088,-0.00800282489305424,NA,0.000585339824864762,NA,-0.00858816471791901,NA,-0.00741748506818948,NA
0.5884643516,-0.00811910193635814,NA,0.000561331556835329,NA,-0.00868043349319347,NA,-0.00755777037952282,NA
0.5945309944,-0.00823565799551089,NA,0.000537491698602393,NA,-0.00877314969411329,NA,-0.0076981662969085,NA
0.6005976372,-0.00835245505971754,NA,0.000513865171082886,NA,-0.00886632023080042,NA,-0.00783858988863465,NA
0.60666428,-0.00846945446660998,NA,0.000490495712637779,NA,-0.00895995017924776,NA,-0.00797895875397221,NA
0.6127309228,-0.00858661810872196,NA,0.000467427945696283,NA,-0.00905404605441824,NA,-0.00811919016302568,NA
0.6187975656,-0.00870390751062851,NA,0.000444706094119719,NA,-0.00914861360474823,NA,-0.00825920141650879,NA
0.6248642084,-0.00882128435169037,NA,0.000422374358544844,NA,-0.00924365871023522,NA,-0.00839890999314553,NA
0.6309308512,-0.00893871045250712,NA,0.000400477240842135,NA,-0.00933918769334926,NA,-0.00853823321166499,NA
0.636997494,-0.00905614712745412,NA,0.000379058828823562,NA,-0.00943520595627769,NA,-0.00867708829863056,NA
0.6430641368,-0.00917355661718711,NA,0.00035816355059766,NA,-0.00953172016778477,NA,-0.00881539306658945,NA
0.6491307796,-0.00929089984208409,NA,0.000337835869061208,NA,-0.0096287357111453,NA,-0.00895306397302288,NA
0.6551974224,-0.00940813914199078,NA,0.000318119686513175,NA,-0.00972625882850395,NA,-0.0090900194554776,NA
0.6612640652,-0.00952523571547018,NA,0.000299059728486234,NA,-0.00982429544395642,NA,-0.00922617598698395,NA
0.667330708,-0.00964215143312363,NA,0.000280699931455872,NA,-0.0099228513645795,NA,-0.00936145150166776,NA
0.6733973508,-0.00975884807255305,NA,0.000263084804892808,NA,-0.0100219328774459,NA,-0.00949576326766024,NA
0.6794639936,-0.00987528684163766,NA,0.000246258683799888,NA,-0.0101215455254375,NA,-0.00962902815783777,NA
0.6855306364,-0.00999143023827365,NA,0.000230265496073961,NA,-0.0102216957343476,NA,-0.00976116474219969,NA
0.6915972792,-0.0101072387595191,NA,0.000215150436156258,NA,-0.0103223891956754,NA,-0.00989208832336284,NA
0.697663922,-0.0102226751958413,NA,0.000200956683105005,NA,-0.0104236318789463,NA,-0.0100217185127363,NA
0.7037305648,-0.0103377004219932,NA,0.000187729459441417,NA,-0.0105254298814346,NA,-0.0101499709625518,NA
0.7097972076,-0.0104522764948596,NA,0.000175512446058276,NA,-0.0106277889409179,NA,-0.0102767640488014,NA
0.7158638504,-0.0105663651540008,NA,0.00016435015144885,NA,-0.0107307153054496,NA,-0.0104020150025519,NA
0.7219304932,-0.0106799274955669,NA,0.000154287165992384,NA,-0.0108342146615593,NA,-0.0105256403295745,NA
0.727997136,-0.0107929262804829,NA,0.000145366909971923,NA,-0.0109382931904549,NA,-0.010647559370511,NA
0.7340637788,-0.0109053215764202,NA,0.000137635316384501,NA,-0.0110429568928047,NA,-0.0107676862600357,NA
0.7401304216,-0.011017076627779,NA,0.000131134837932956,NA,-0.011148211465712,NA,-0.0108859417898461,NA
0.7461970644,-0.0111281556334649,NA,0.000125906033560143,NA,-0.011254061667025,NA,-0.0110022495999048,NA
0.7522637072,-0.0112397126783222,NA,0.000120306811482388,NA,-0.0113600194898046,NA,-0.0111194058668398,NA
0.75833035,-0.0113526836289627,NA,0.000113004000160744,NA,-0.0114656876291234,NA,-0.0112396796288019,NA
0.7643969928,-0.0114670068768135,NA,0.000104074397452599,NA,-0.0115710812742661,NA,-0.0113629324793609,NA
0.7704636356,-0.0115826189063341,NA,9.35984493248897e-05,NA,-0.011676217355659,NA,-0.0114890204570092,NA
0.7765302784,-0.0116994595807988,NA,8.16507918495781e-05,NA,-0.0117811103726484,NA,-0.0116178087889492,NA
0.7825969212,-0.0118174646069112,NA,6.8312739084905e-05,NA,-0.0118857773459961,NA,-0.0117491518678263,NA
0.788663564,-0.0119365732248397,NA,5.36601828729388e-05,NA,-0.0119902334077127,NA,-0.0118829130419668,NA
0.7947302068,-0.0120567224638313,NA,3.77722189615268e-05,NA,-0.0120944946827928,NA,-0.0120189502448698,NA
0.8007968496,-0.0121778503033752,NA,2.07268434004949e-05,NA,-0.0121985771467757,NA,-0.0121571234599747,NA
0.8068634924,-0.0122998949362415,NA,2.60123392620399e-06,NA,-0.0123024961701677,NA,-0.0122972937023153,NA
0.8129301352,-0.0124227933108432,NA,1.6524953689152e-05,NA,-0.0124393182645323,NA,-0.012406268357154,NA
0.818996778,-0.0125464845467017,NA,3.65759033748005e-05,NA,-0.0125830604500765,NA,-0.0125099086433269,NA
0.8250634208,-0.0126709051305785,NA,5.74714855001712e-05,NA,-0.0127283766160787,NA,-0.0126134336450783,NA
0.8311300636,-0.0127959937442767,NA,7.91349842304993e-05,NA,-0.0128751287285072,NA,-0.0127168587600462,NA
0.8371967064,-0.0129216877339973,NA,0.000101487739489178,NA,-0.0130231754734865,NA,-0.0128201999945081,NA
0.8432633492,-0.0130479250234054,NA,0.000124451735762966,NA,-0.0131723767591684,NA,-0.0129234732876424,NA
0.849329992,-0.0131746435976053,NA,0.000147949401909959,NA,-0.0133225929995152,NA,-0.0130266941956953,NA
0.8553966348,-0.0133017808785257,NA,0.000171901885093401,NA,-0.0134736827636191,NA,-0.0131298789934323,NA
0.8614632776,-0.0134292752320959,NA,0.000196232176896059,NA,-0.0136255074089919,NA,-0.0132330430551998,NA
0.8675299204,-0.0135570639303314,NA,0.000220861337895682,NA,-0.0137779252682271,NA,-0.0133362025924357,NA
0.8735965632,-0.0136850851007607,NA,0.000245711835617756,NA,-0.0139307969363785,NA,-0.013439373265143,NA
0.879663206,-0.0138132763978049,NA,0.000270705431738106,NA,-0.014083981829543,NA,-0.0135425709660668,NA
0.8857298488,-0.0139415756980384,NA,0.000295764105197515,NA,-0.0142373398032359,NA,-0.0136458115928409,NA
0.8917964916,-0.0140699207698892,NA,0.000320809877923728,NA,-0.0143907306478129,NA,-0.0137491108919654,NA
0.8978631344,-0.0141982495183666,NA,0.000345764712756112,NA,-0.0145440142311227,NA,-0.0138524848056105,NA
0.9039297772,-0.014326499545966,NA,0.000370550396581979,NA,-0.0146970499425479,NA,-0.013955949149384,NA
0.90999642,-0.0144546089151552,NA,0.000395089185970079,NA,-0.0148496981011252,NA,-0.0140595197291851,NA
0.9160630628,-0.0145825152032761,NA,0.00041930273915689,NA,-0.015001817942433,NA,-0.0141632124641192,NA
0.9221297056,-0.0147101563642389,NA,0.000443113225652697,NA,-0.0151532695898916,NA,-0.0142670431385862,NA
0.9281963484,-0.0148374702362583,NA,0.000466442632770452,NA,-0.0153039128690287,NA,-0.0143710276034878,NA
0.9342629912,-0.0149643943620771,NA,0.000489212561982002,NA,-0.0154536069240592,NA,-0.0144751818000951,NA
0.940329634,-0.0150908671393505,NA,0.000511345804544362,NA,-0.0156022129438948,NA,-0.0145795213348061,NA
0.9463962768,-0.0152168253972962,NA,0.000532762930299759,NA,-0.015749588327596,NA,-0.0146840624669965,NA
0.9524629196,-0.0153422079940337,NA,0.00055338739759034,NA,-0.0158955953916241,NA,-0.0147888205964434,NA
0.9585295624,-0.0154669519608077,NA,0.000573140062715086,NA,-0.0160400920235228,NA,-0.0148938118980926,NA
0.9645962052,-0.0155909955422837,NA,0.000591943489100515,NA,-0.0161829390313842,NA,-0.0149990520531832,NA
0.970662848,-0.0157142765470499,NA,0.00060971968634989,NA,-0.0163239962333997,NA,-0.0151045568607,NA
0.9767294908,-0.0158367322831547,NA,0.000626389821952748,NA,-0.0164631221051074,NA,-0.0152103424612019,NA
0.9827961336,-0.0159583016504618,NA,0.000641877528326321,NA,-0.0166001791787881,NA,-0.0153164241221354,NA
0.9888627764,-0.0160789206950714,NA,0.00065610214591715,NA,-0.0167350228409885,NA,-0.0154228185491542,NA
0.9949294192,-0.016198529075952,NA,0.000668988340624172,NA,-0.0168675174165762,NA,-0.0155295407353279,NA
1.000996062,-0.0163170632823395,NA,0.000680456174159718,NA,-0.0169975194564992,NA,-0.0156366071081798,NA
1.0070627048,-0.0164344618409237,NA,0.000690428589948989,NA,-0.0171248904308727,NA,-0.0157440332509747,NA
1.0131293476,-0.016550662539398,NA,0.000698827633803055,NA,-0.017249490173201,NA,-0.0158518349055949,NA
1.0191959904,-0.0166656024421058,NA,0.000705574025703741,NA,-0.0173711764678096,NA,-0.0159600284164021,NA
1.0252626332,-0.0167792209606847,NA,0.000710592251968671,NA,-0.0174898132126534,NA,-0.016068628708716,NA
1.031329276,-0.0168914533482757,NA,0.000713800411301353,NA,-0.0176052537595771,NA,-0.0161776529369744,NA
1.0373959188,-0.0170022400698947,NA,0.000715124382939586,NA,-0.0177173644528343,NA,-0.0162871156869551,NA
1.0434625616,-0.0171115170768567,NA,0.000714483441358795,NA,-0.0178260005182155,NA,-0.0163970336354979,NA
1.0495292044,-0.0172192231691436,NA,0.000711800896065615,NA,-0.0179310240652092,NA,-0.016507422273078,NA
1.0555958472,-0.0173252961222867,NA,0.000706998842997751,NA,-0.0180322949652845,NA,-0.016618297279289,NA
1.06166249,-0.0174296727479152,NA,0.000699997541102464,NA,-0.0181296702890176,NA,-0.0167296752068127,NA
1.0677291328,-0.0175322929763868,NA,0.000690722339638176,NA,-0.018223015316025,NA,-0.0168415706367487,NA
1.0737957756,-0.0176331181855436,NA,0.000679128164453775,NA,-0.0183122463499974,NA,-0.0169539900210898,NA
1.0798624184,-0.0177327093501734,NA,0.000666018499969416,NA,-0.0183987278501428,NA,-0.0170666908502039,NA
1.0859290612,-0.0178313196156248,NA,0.00065176117583181,NA,-0.0184830807914566,NA,-0.017179558439793,NA
1.091995704,-0.0179289604614144,NA,0.000636382263949747,NA,-0.0185653427253642,NA,-0.0172925781974647,NA
1.0980623468,-0.0180256426521685,NA,0.000619907151324405,NA,-0.0186455498034929,NA,-0.0174057355008441,NA
1.1041289896,-0.0181213766019528,NA,0.000602360082040336,NA,-0.0187237366839932,NA,-0.0175190165199125,NA
1.1101956324,-0.0182161741160031,NA,0.000583768180358661,NA,-0.0187999422963618,NA,-0.0176324059356445,NA
1.1162622752,-0.0183100445552204,NA,0.000564154113228928,NA,-0.0188741986684494,NA,-0.0177458904419915,NA
1.122328918,-0.0184030003094087,NA,0.000543545619024186,NA,-0.0189465459284329,NA,-0.0178594546903845,NA
1.1283955608,-0.0184950511963264,NA,0.000521966386849741,NA,-0.0190170175831761,NA,-0.0179730848094766,NA
1.1344622036,-0.0185862086279918,NA,0.000499442369606998,NA,-0.0190856509975987,NA,-0.0180867662583848,NA
1.1405288464,-0.0186764833519935,NA,0.000475999000666808,NA,-0.0191524823526603,NA,-0.0182004843513266,NA
1.1465954892,-0.0187658858796692,NA,0.000451660556465952,NA,-0.0192175464361352,NA,-0.0183142253232033,NA
1.152662132,-0.0188544278396804,NA,0.00042645403934194,NA,-0.0192808818790223,NA,-0.0184279738003385,NA
1.1587287748,-0.01894211883989,NA,0.000400402349877857,NA,-0.0193425211897679,NA,-0.0185417164900121,NA
1.1647954176,-0.019028971036357,NA,0.000373532964591389,NA,-0.0194025040009483,NA,-0.0186554380717656,NA
1.1708620604,-0.019114994396048,NA,0.000345869761804449,NA,-0.0194608641578524,NA,-0.0187691246342435,NA
1.1769287032,-0.0192002002663094,NA,0.000317438577839623,NA,-0.019517638844149,NA,-0.0188827616884698,NA
1.182995346,-0.0192845993748659,NA,0.000288264890008944,NA,-0.0195728642648748,NA,-0.0189963344848569,NA
1.1890619888,-0.0193682023328763,NA,0.000258373009921991,NA,-0.0196265753427982,NA,-0.0191098293229543,NA
1.1951286316,-0.0194510205915691,NA,0.000227789815994903,NA,-0.019678810407564,NA,-0.0192232307755742,NA
1.2011952744,-0.0195330640040776,NA,0.000196538441620385,NA,-0.019729602445698,NA,-0.0193365255624572,NA
1.2072619172,-0.0196143444955437,NA,0.000164646103890743,NA,-0.0197789905994344,NA,-0.0194496983916529,NA
1.21332856,-0.019694872179315,NA,0.000132136867915578,NA,-0.0198270090472306,NA,-0.0195627353113994,NA
1.2193952028,-0.019774658340893,NA,9.90364558674503e-05,NA,-0.0198736947967604,NA,-0.0196756218850255,NA
1.2254618456,-0.0198537136853114,NA,6.53703865706105e-05,NA,-0.019919084071882,NA,-0.0197883432987407,NA
1.2315284884,-0.0199320489260993,NA,3.11630096284425e-05,NA,-0.0199632119357278,NA,-0.0199008859164709,NA
1.2375951312,-0.0200096753361938,NA,3.55892246394446e-06,NA,-0.0200132342586577,NA,-0.0200061164137298,NA
1.243661774,-0.0200866030123086,NA,3.87720443239436e-05,NA,-0.0201253750566325,NA,-0.0200478309679846,NA
1.2497284168,-0.0201628436514938,NA,7.44493958587669e-05,NA,-0.0202372930473525,NA,-0.020088394255635,NA
1.2557950596,-0.0202384075106528,NA,0.00011056672759778,NA,-0.0203489742382506,NA,-0.020127840783055,NA
1.2618617024,-0.0203133058162677,NA,0.000147098429090513,NA,-0.0204604042453582,NA,-0.0201662073871772,NA
1.2679283452,-0.0203875492478546,NA,0.000184018942429738,NA,-0.0205715681902843,NA,-0.0202035303054248,NA
1.273994988,-0.0204611486238631,NA,0.000221303877196506,NA,-0.0206824525010596,NA,-0.0202398447466666,NA
1.2800616308,-0.0205341150380803,NA,0.00025892660881425,NA,-0.0207930416468946,NA,-0.0202751884292661,NA
1.2861282736,-0.0206064588291079,NA,0.000296863540736557,NA,-0.0209033223698445,NA,-0.0203095952883714,NA
1.2921949164,-0.0206781914687331,NA,0.000335087967436991,NA,-0.02101327943617,NA,-0.0203431035012961,NA
1.2982615592,-0.0207493233545862,NA,0.000373575457516304,NA,-0.0211228988121026,NA,-0.0203757478970699,NA
1.304328202,-0.0208198656569587,NA,0.000412300509814934,NA,-0.0212321661667736,NA,-0.0204075651471437,NA
1.3103948448,-0.0208898290270209,NA,0.000451237529772772,NA,-0.0213410665567936,NA,-0.0204385914972481,NA
1.3164614876,-0.0209592243906939,NA,0.000490362083332431,NA,-0.0214495864740263,NA,-0.0204688623073614,NA
1.3225281304,-0.0210280626617537,NA,0.0005296476758375,NA,-0.0215577103375912,NA,-0.0204984149859162,NA
1.3285947732,-0.0210963544190012,NA,0.000569070480397698,NA,-0.0216654248993989,NA,-0.0205272839386035,NA
1.334661416,-0.0211641109117867,NA,0.000608604043625461,NA,-0.0217727149554121,NA,-0.0205555068681612,NA
1.3407280588,-0.0212313426756408,NA,0.000648223754621085,NA,-0.0218795664302619,NA,-0.0205831189210197,NA
1.3467947016,-0.0212980608274911,NA,0.000687904219086767,NA,-0.0219859650465779,NA,-0.0206101566084044,NA
1.3528613444,-0.021364275987336,NA,0.000727619808238477,NA,-0.0220918957955744,NA,-0.0206366561790975,NA
1.3589279872,-0.0214299991911157,NA,0.000767346041560981,NA,-0.0221973452326767,NA,-0.0206626531495547,NA
1.36499463,-0.0214952411717387,NA,0.000807056556314762,NA,-0.0223022977280535,NA,-0.020688184615424,NA
1.3710612728,-0.0215600126899972,NA,0.000846727216163047,NA,-0.0224067399061603,NA,-0.0207132854738342,NA
1.3771279156,-0.0216243249795963,NA,0.000886332105877347,NA,-0.0225106570854736,NA,-0.0207379928737189,NA
1.3831945584,-0.0216881884501667,NA,0.000925846068414255,NA,-0.022614034518581,NA,-0.0207623423817525,NA
1.3892612012,-0.0217516142209187,NA,0.000965243888610328,NA,-0.022716858109529,NA,-0.0207863703323083,NA
1.395327844,-0.0218146131772418,NA,0.00100450032928391,NA,-0.0228191135065257,NA,-0.0208101128479579,NA
1.4013944868,-0.0218771958570774,NA,0.00104358999716928,NA,-0.0229207858542466,NA,-0.0208336058599081,NA
1.4074611296,-0.0219393736795236,NA,0.00108248789086177,NA,-0.0230218615703854,NA,-0.0208568857886618,NA
1.4135277724,-0.0220011567147945,NA,0.00112116833379171,NA,-0.0231223250485862,NA,-0.0208799883810028,NA
1.4195944152,-0.0220625565701949,NA,0.00115960649293976,NA,-0.0232221630631346,NA,-0.0209029500772551,NA
1.425661058,-0.0221229000269821,NA,0.00119874354835292,NA,-0.023321643575335,NA,-0.0209241564786291,NA
1.4317277008,-0.0221811387412484,NA,0.0012400526236496,NA,-0.023421191364898,NA,-0.0209410861175988,NA
1.4377943436,-0.0222373241900766,NA,0.0012834510915679,NA,-0.0235207752816445,NA,-0.0209538730985087,NA
1.4438609864,-0.0222915212382766,NA,0.00132883666689073,NA,-0.0236203579051674,NA,-0.0209626845713859,NA
1.4499276292,-0.022343798974978,NA,0.0013761028915304,NA,-0.0237199018665084,NA,-0.0209676960834476,NA
1.455994272,-0.0223942201109012,NA,0.00142514951205468,NA,-0.0238193696229559,NA,-0.0209690705988465,NA
1.4620609148,-0.0224428545562867,NA,0.00147586936657269,NA,-0.0239187239228594,NA,-0.020966985189714,NA
1.4681275576,-0.0224897664942278,NA,0.00152816071443739,NA,-0.0240179272086652,NA,-0.0209616057797904,NA
1.4741942004,-0.0225350233049686,NA,0.00158191883714267,NA,-0.0241169421421113,NA,-0.020953104467826,NA
1.4802608432,-0.0225786915233624,NA,0.00163703982933419,NA,-0.0242157313526966,NA,-0.0209416516940282,NA
1.486327486,-0.0226208363561293,NA,0.00169342085853612,NA,-0.0243142572146654,NA,-0.0209274154975932,NA
1.4923941288,-0.0226615262527759,NA,0.00175095647306554,NA,-0.0244124827258414,NA,-0.0209105697797103,NA
1.4984607716,-0.022700824844875,NA,0.00180954498604789,NA,-0.0245103698309229,NA,-0.0208912798588271,NA
1.5045274144,-0.022738801138298,NA,0.00186908063692617,NA,-0.0246078817752242,NA,-0.0208697205013718,NA
1.5105940572,-0.0227755199063111,NA,0.00192946077497455,NA,-0.0247049806812857,NA,-0.0208460591313366,NA
1.5166607,-0.0228110482531819,NA,0.00199058110051033,NA,-0.0248016293536922,NA,-0.0208204671526716,NA
1.5227273428,-0.0228454526755435,NA,0.00205233778061112,NA,-0.0248977904561546,NA,-0.0207931148949324,NA
1.5287939856,-0.022878798732533,NA,0.00211462741911384,NA,-0.0249934261516468,NA,-0.0207641713134191,NA
1.5348606284,-0.0229111542287804,NA,0.00217734557895499,NA,-0.0250884998077354,NA,-0.0207338086498254,NA
1.5409272712,-0.0229425837114573,NA,0.00224038914803183,NA,-0.0251829728594891,NA,-0.0207021945634255,NA
1.546993914,-0.0229731552925736,NA,0.00230365375069223,NA,-0.0252768090432658,NA,-0.0206695015418814,NA
1.5530605568,-0.0230029343250608,NA,0.00236703584256006,NA,-0.0253699701676208,NA,-0.0206358984825007,NA
1.5591271996,-0.0230320046412782,NA,0.00243045555887277,NA,-0.025462460200151,NA,-0.0206015490824055,NA
1.5651938424,-0.0230608707327596,NA,0.00249442864280656,NA,-0.0255552993755661,NA,-0.020566442089953,NA
1.5712604852,-0.0230897933451023,NA,0.00255912664017221,NA,-0.0256489199852745,NA,-0.0205306667049301,NA
1.577327128,-0.023118838135054,NA,0.00262444401859703,NA,-0.025743282153651,NA,-0.020494394116457,NA
1.5833937708,-0.0231480712426334,NA,0.00269027721416431,NA,-0.0258383484567977,NA,-0.0204577940284691,NA
1.5894604136,-0.0231775580975479,NA,0.00275652067560736,NA,-0.0259340787731553,NA,-0.0204210374219406,NA
1.5955270564,-0.0232073648211225,NA,0.00282307026308537,NA,-0.0260304350842079,NA,-0.0203842945580371,NA
1.6015936992,-0.0232375570729635,NA,0.00288982115822339,NA,-0.0261273782311869,NA,-0.0203477359147401,NA
1.607660342,-0.0232682005678197,NA,0.00295666876917272,NA,-0.0262248693369924,NA,-0.020311531798647,NA
1.6137269848,-0.0232993615485515,NA,0.00302350844868182,NA,-0.0263228699972334,NA,-0.0202758530998697,NA
1.6197936276,-0.023331105018616,NA,0.00309023569838667,NA,-0.0264213407170027,NA,-0.0202408693202293,NA
1.6258602704,-0.0233634980115629,NA,0.00315674552921864,NA,-0.0265202435407815,NA,-0.0202067524823442,NA
1.6319269132,-0.023396605099172,NA,0.00322293376306291,NA,-0.0266195388622349,NA,-0.0201736713361091,NA
1.637993556,-0.0234304929492488,NA,0.00328869538207015,NA,-0.026719188331319,NA,-0.0201417975671787,NA
1.6440601988,-0.0234652269863664,NA,0.00335392595073013,NA,-0.0268191529370965,NA,-0.0201113010356362,NA
1.6501268416,-0.0235008728488605,NA,0.0034185209894723,NA,-0.0269193938383328,NA,-0.0200823518593882,NA
1.6561934844,-0.0235374971674502,NA,0.00348237524362459,NA,-0.0270198724110748,NA,-0.0200551219238257,NA
1.6622601272,-0.0235751642870972,NA,0.00354538525710865,NA,-0.0271205495442059,NA,-0.0200297790299886,NA
1.66832677,-0.0236139421296743,NA,0.00360744462398312,NA,-0.0272213867536574,NA,-0.0200064975056911,NA
1.6743934128,-0.0236538944194478,NA,0.00366845052272738,NA,-0.0273223449421752,NA,-0.0199854438967204,NA
1.6804600556,-0.0236950883602894,NA,0.0037282970740416,NA,-0.0274233854343311,NA,-0.0199667912862478,NA
1.6865266984,-0.0237375891521534,NA,0.00378688020872256,NA,-0.027524469360876,NA,-0.0199507089434308,NA
1.6925933412,-0.023781462346547,NA,0.00384409557603601,NA,-0.027625557922583,NA,-0.019937366770511,NA
1.698659984,-0.023826774972465,NA,0.0038998372973305,NA,-0.0277266122697956,NA,-0.0199269376751345,NA
1.7047266268,-0.0238735907111642,NA,0.00395400296709271,NA,-0.0278275936782569,NA,-0.0199195877440715,NA
1.7107932696,-0.0239219783676336,NA,0.00400648477078758,NA,-0.0279284631384212,NA,-0.0199154935968461,NA
1.7168599124,-0.0239720008290414,NA,0.0040571812269309,NA,-0.0280291820559723,NA,-0.0199148196021105,NA
1.7229265552,-0.0240237258249104,NA,0.00410598561132983,NA,-0.0281297114362402,NA,-0.0199177402135806,NA
1.728993198,-0.0240772183409904,NA,0.00415279420453099,NA,-0.0282300125455214,NA,-0.0199244241364594,NA
1.7350598408,-0.0241325438315461,NA,0.00419750280119361,NA,-0.0283300466327398,NA,-0.0199350410303525,NA
1.7411264836,-0.024189769734262,NA,0.00424000488212924,NA,-0.0284297746163912,NA,-0.0199497648521328,NA
1.7471931264,-0.0242489424008982,NA,0.00428022266229426,NA,-0.0285291650631924,NA,-0.0199687197386039,NA
1.7532597692,-0.024309047613109,NA,0.00431957979467642,NA,-0.0286286274077854,NA,-0.0199894678184325,NA
1.759326412,-0.0243694536247409,NA,0.00435895731202836,NA,-0.0287284109367693,NA,-0.0200104963127126,NA
1.7653930548,-0.0244301633305471,NA,0.00439834008068623,NA,-0.0288285034112334,NA,-0.0200318232498609,NA
1.7714596976,-0.024491179129726,NA,0.00443771293693719,NA,-0.0289288920666631,NA,-0.0200534661927888,NA
1.7775263404,-0.0245525035082836,NA,0.00447706073570641,NA,-0.02902956424399,NA,-0.0200754427725772,NA
1.7835929832,-0.0246141392809993,NA,0.00451636828400239,NA,-0.0291305075650017,NA,-0.0200977709969969,NA
1.789659626,-0.0246760885423286,NA,0.00455562049983697,NA,-0.0292317090421656,NA,-0.0201204680424916,NA
1.7957262688,-0.024738354443707,NA,0.00459480210020496,NA,-0.029333156543912,NA,-0.0201435523435021,NA
1.8017929116,-0.0248009389533307,NA,0.00463389806297384,NA,-0.0294348370163046,NA,-0.0201670408903569,NA
1.8078595544,-0.0248638449829948,NA,0.00467289313252689,NA,-0.0295367381155217,NA,-0.0201909518504679,NA
1.8139261972,-0.024927074926903,NA,0.00471177219537592,NA,-0.0296388471222789,NA,-0.0202153027315271,NA
1.81999284,-0.0249906312640086,NA,0.00475052012794946,NA,-0.0297411513919581,NA,-0.0202401111360591,NA
1.8260594828,-0.0250545168281911,NA,0.00478912164402449,NA,-0.0298436384722156,NA,-0.0202653951841666,NA
1.8321261256,-0.0251187336863861,NA,0.00482756181522118,NA,-0.0299462955016072,NA,-0.0202911718711649,NA
1.8381927684,-0.0251832850223414,NA,0.00486582515590122,NA,-0.0300491101782426,NA,-0.0203174598664402,NA
1.8442594112,-0.0252481727755677,NA,0.00490389683521376,NA,-0.0301520696107815,NA,-0.020344275940354,NA
1.850326054,-0.0253133998744991,NA,0.00494176147798778,NA,-0.0302551613524869,NA,-0.0203716383965113,NA
1.8563926968,-0.0253789687087474,NA,0.00497940401856146,NA,-0.0303583727273089,NA,-0.020399564690186,NA
1.8624593396,-0.0254448817498109,NA,0.00501680935726499,NA,-0.0304616911070759,NA,-0.0204280723925459,NA
1.8685259824,-0.025511141851071,NA,0.00505396211224609,NA,-0.0305651039633171,NA,-0.0204571797388249,NA
1.8745926252,-0.0255777510517423,NA,0.00509084750993161,NA,-0.0306685985616739,NA,-0.0204869035418107,NA
1.880659268,-0.0256447125676839,NA,0.0051274498632497,NA,-0.0307721624309336,NA,-0.0205172627044342,NA
1.8867259108,-0.0257120283101247,NA,0.00516375453023161,NA,-0.0308757828403563,NA,-0.0205482737798931,NA
1.8927925536,-0.0257797012237327,NA,0.00519974601855291,NA,-0.0309794472422856,NA,-0.0205799552051798,NA
1.8988591964,-0.0258477336939323,NA,0.00523540930797767,NA,-0.03108314300191,NA,-0.0206123243859546,NA
1.9049258392,-0.0259161281843626,NA,0.00527072932513781,NA,-0.0311868575095004,NA,-0.0206453988592248,NA
1.910992482,-0.0259848875683116,NA,0.00530569059015109,NA,-0.0312905781584627,NA,-0.0206791969781605,NA
1.9170591248,-0.0260540138570699,NA,0.00534027848545242,NA,-0.0313942923425223,NA,-0.0207137353716175,NA
1.9231257676,-0.0261235102984078,NA,0.00537447712373384,NA,-0.0314979874221417,NA,-0.020749033174674,NA
1.9291924104,-0.0261933787756733,NA,0.00540827204951232,NA,-0.0316016508251857,NA,-0.020785106726161,NA
1.9352590532,-0.0262636222493676,NA,0.00544164765570649,NA,-0.0317052699050741,NA,-0.0208219745936611,NA
1.941325696,-0.0263342431011296,NA,0.00547458896510909,NA,-0.0318088320662387,NA,-0.0208596541360205,NA
1.9473923388,-0.0264052437863364,NA,0.00550708093305136,NA,-0.0319123247193878,NA,-0.0208981628532851,NA
1.9534589816,-0.0264766271985848,NA,0.00553910797922383,NA,-0.0320157351778087,NA,-0.020937519219361,NA
1.9595256244,-0.0265483953210421,NA,0.00557065564326637,NA,-0.0321190509643084,NA,-0.0209777396777757,NA
1.9655922672,-0.0266205514331854,NA,0.00560170783883771,NA,-0.0322222592720231,NA,-0.0210188435943477,NA
1.97165891,-0.0266930973908864,NA,0.00563225029453957,NA,-0.032325347685426,NA,-0.0210608470963469,NA
1.9777255528,-0.0267660361700767,NA,0.00566226729093284,NA,-0.0324283034610095,NA,-0.0211037688791439,NA
1.9837921956,-0.0268393701490118,NA,0.00569174389143967,NA,-0.0325311140404515,NA,-0.0211476262575721,NA
1.9898588384,-0.0269131017744047,NA,0.00572066508249018,NA,-0.0326337668568948,NA,-0.0211924366919145,NA
1.9959254812,-0.0269872339605638,NA,0.005749015180948,NA,-0.0327362491415118,NA,-0.0212382187796158,NA
2.001992124,-0.0270617686623304,NA,0.00577677988485926,NA,-0.0328385485471896,NA,-0.0212849887774711,NA
2.0080587668,-0.0271367091906888,NA,0.00580394291004587,NA,-0.0329406521007347,NA,-0.0213327662806429,NA
2.0141254096,-0.0272120573744365,NA,0.00583049016679777,NA,-0.0330425475412343,NA,-0.0213815672076388,NA
2.0201920524,-0.027287816204532,NA,0.00585640582571552,NA,-0.0331442220302475,NA,-0.0214314103788164,NA
2.0262586952,-0.0273639880562515,NA,0.00588167498845317,NA,-0.0332456630447047,NA,-0.0214823130677983,NA
2.032325338,-0.0274405753672399,NA,0.00590628267493766,NA,-0.0333468580421776,NA,-0.0215342926923023,NA
2.0383919808,-0.0275175810729207,NA,0.00593021309680784,NA,-0.0334477941697285,NA,-0.0215873679761128,NA
2.0444586236,-0.0275950070996071,NA,0.00595345211171478,NA,-0.0335484592113219,NA,-0.0216415549878923,NA
2.0505252664,-0.0276728567895905,NA,0.00597598323884232,NA,-0.0336488400284328,NA,-0.0216968735507481,NA
2.0565919092,-0.0277511319449959,NA,0.00599779256777061,NA,-0.0337489245127665,NA,-0.0217533393772253,NA
2.062658552,-0.0278298355714064,NA,0.00601886416153886,NA,-0.0338486997329453,NA,-0.0218109714098676,NA
2.0687251948,-0.0279089700415207,NA,0.00603918315763448,NA,-0.0339481531991552,NA,-0.0218697868838862,NA
2.0747918376,-0.0279885377835144,NA,0.0060587346118787,NA,-0.0340472723953931,NA,-0.0219298031716357,NA
2.0808584804,-0.0280685417543277,NA,0.00607750262828755,NA,-0.0341460443826153,NA,-0.0219910391260402,NA
2.0869251232,-0.0281489838515455,NA,0.00609547322531585,NA,-0.0342444570768614,NA,-0.0220535106262297,NA
2.092991766,-0.0282298674485628,NA,0.00611262972671147,NA,-0.0343424971752743,NA,-0.0221172377218513,NA
2.0990584088,-0.0283114572032918,NA,0.00612858662757522,NA,-0.034440043830867,NA,-0.0221828705757166,NA
2.1051250516,-0.0283943338616384,NA,0.0061425108576967,NA,-0.0345368447193351,NA,-0.0222518230039417,NA
2.1111916944,-0.0284784704526651,NA,0.00615442908309095,NA,-0.0346328995357561,NA,-0.0223240413695742,NA
2.1172583372,-0.0285638149020682,NA,0.00616440346205589,NA,-0.0347282183641241,NA,-0.0223994114400123,NA
2.12332498,-0.0286503165534893,NA,0.00617249384023952,NA,-0.0348228103937289,NA,-0.0224778227132498,NA
2.1293916228,-0.0287379219860004,NA,0.00617876458937801,NA,-0.0349166865753784,NA,-0.0225591573966224,NA
2.1354582656,-0.0288265814501812,NA,0.00618327400968942,NA,-0.0350098554598706,NA,-0.0226433074404917,NA
2.1415249084,-0.0289162413831404,NA,0.00618608676636359,NA,-0.035102328149504,NA,-0.0227301546167768,NA
2.1475915512,-0.0290068510871565,NA,0.00618726270211015,NA,-0.0351941137892667,NA,-0.0228195883850463,NA
2.153658194,-0.0290983584232982,NA,0.0061868641043929,NA,-0.0352852225276911,NA,-0.0229114943189053,NA
2.1597248368,-0.0291907114088314,NA,0.00618495302817142,NA,-0.0353756644370028,NA,-0.0230057583806599,NA
2.1657914796,-0.0292838590508902,NA,0.00618158971413541,NA,-0.0354654487650256,NA,-0.0231022693367548,NA
2.1718581224,-0.0293777484621583,NA,0.00617683790138508,NA,-0.0355545863635434,NA,-0.0232009105607733,NA
2.1779247652,-0.0294723292103321,NA,0.00617075670626062,NA,-0.0356430859165927,NA,-0.0233015725040714,NA
2.183991408,-0.0295675483675714,NA,0.00616341003193758,NA,-0.0357309583995089,NA,-0.0234041383356338,NA
2.1900580508,-0.02966335484604,NA,0.00615485819143795,NA,-0.0358182130374779,NA,-0.023508496654602,NA
2.1961246936,-0.0297596966519847,NA,0.00614516329361496,NA,-0.0359048599455997,NA,-0.0236145333583697,NA
2.2021913364,-0.0298565219024299,NA,0.00613438728033723,NA,-0.0359909091827671,NA,-0.0237221346220927,NA
2.2082579792,-0.0299537792598145,NA,0.00612259079708703,NA,-0.0360763700569015,NA,-0.0238311884627275,NA
2.214324622,-0.0300514163745275,NA,0.00610983694545392,NA,-0.0361612533199814,NA,-0.0239415794290736,NA
2.2203912648,-0.0301493821354767,NA,0.00609618565302331,NA,-0.0362455677885,NA,-0.0240531964824534,NA
2.2264579076,-0.0302476242416832,NA,0.00608170007070944,NA,-0.0363293243123926,NA,-0.0241659241709738,NA
2.2325245504,-0.0303460912233875,NA,0.00606644097209249,NA,-0.03641253219548,NA,-0.0242796502512951,NA
2.2385911932,-0.030444731223822,NA,0.00605047029717113,NA,-0.0364952015209931,NA,-0.0243942609266509,NA
2.244657836,-0.0305434924679631,NA,0.00603384986496445,NA,-0.0365773423329275,NA,-0.0245096426029986,NA
2.2507244788,-0.0306423232653599,NA,0.00601664073550809,NA,-0.036658964000868,NA,-0.0246256825298518,NA
2.2567911216,-0.0307411718082057,NA,0.00599890536799776,NA,-0.0367400771762035,NA,-0.024742266440208,NA
2.2628577644,-0.030839986310713,NA,0.00598070449639006,NA,-0.0368206908071031,NA,-0.024859281814323,NA
2.2689244072,-0.0309387150905746,NA,0.00596210052909161,NA,-0.0369008156196662,NA,-0.024976614561483,NA
2.27499105,-0.0310373063042971,NA,0.00594315469048676,NA,-0.0369804609947838,NA,-0.0250941516138103,NA
2.2810576928,-0.0311357082239092,NA,0.00592392876147281,NA,-0.037059636985382,NA,-0.0252117794624364,NA
2.2871243356,-0.0312338691905283,NA,0.00590448442846737,NA,-0.0371383536189957,NA,-0.0253293847620609,NA
2.2931909784,-0.0313317371526256,NA,0.00588488317581037,NA,-0.037216620328436,NA,-0.0254468539768152,NA
2.2992576212,-0.031429260848291,NA,0.0058651868154298,NA,-0.0372944476637208,NA,-0.0255640740328612,NA
2.305324264,-0.0315263878211395,NA,0.00584545688277422,NA,-0.0373718447039137,NA,-0.0256809309383653,NA
2.3113909068,-0.0316230669993436,NA,0.00582575505349738,NA,-0.037448822052841,NA,-0.0257973119458462,NA
2.3174575496,-0.0317192461738672,NA,0.00580614299303362,NA,-0.0375253891669008,NA,-0.0259131031808336,NA
2.3235241924,-0.0318148737373444,NA,0.00578668233293322,NA,-0.0376015560702777,NA,-0.0260281914044112,NA
2.3295908352,-0.0319098981552246,NA,0.00576743461725809,NA,-0.0376773327724827,NA,-0.0261424635379665,NA
2.335657478,-0.0320042670067096,NA,0.00574846176440678,NA,-0.0377527287711164,NA,-0.0262558052423028,NA
2.3417241208,-0.0320979295798823,NA,0.0057298249341623,NA,-0.0378277545140446,NA,-0.02636810464572,NA
2.3477907636,-0.0321908327518545,NA,0.00571158645858785,NA,-0.0379024192104424,NA,-0.0264792462932667,NA
2.3538574064,-0.0322829260530887,NA,0.00569380729033912,NA,-0.0379767333434278,NA,-0.0265891187627496,NA
2.3599240492,-0.0323741569171962,NA,0.00567654952614523,NA,-0.0380507064433415,NA,-0.026697607391051,NA
2.365990692,-0.0324644738492261,NA,0.00565987465796473,NA,-0.0381243485071909,NA,-0.0268045991912614,NA
2.3720573348,-0.0325538254471499,NA,0.00564384407774907,NA,-0.0381976695248989,NA,-0.0269099813694008,NA
2.3781239776,-0.03264215891271,NA,0.00562852014770994,NA,-0.03827067906042,NA,-0.0270136387650001,NA
2.3841906204,-0.0327294240880777,NA,0.00561396337060796,NA,-0.0383433874586856,NA,-0.0271154607174697,NA
2.3902572632,-0.0328155671879565,NA,0.00560023687024362,NA,-0.0384158040582001,NA,-0.0272153303177129,NA
2.396323906,-0.0329005383369082,NA,0.00558740088602912,NA,-0.0384879392229374,NA,-0.0273131374508791,NA
2.4023905488,-0.0329842846193823,NA,0.00557551793623491,NA,-0.0385598025556172,NA,-0.0274087666831474,NA
2.4084571916,-0.0330667546446523,NA,0.0055646493829809,NA,-0.0386314040276332,NA,-0.0275021052616714,NA
2.4145238344,-0.0331478971514025,NA,0.00555485645635354,NA,-0.038702753607756,NA,-0.027593040695049,NA
2.4205904772,-0.0332276589557255,NA,0.0055462019721327,NA,-0.0387738609278582,NA,-0.0276814569835928,NA
2.42665712,-0.0333063874003169,NA,0.00553818440993676,NA,-0.0388445718102536,NA,-0.0277682029903801,NA
2.4327237628,-0.0333845202880588,NA,0.00553017153876329,NA,-0.0389146918268221,NA,-0.0278543487492955,NA
2.4387904056,-0.0334620612117425,NA,0.00552214810763885,NA,-0.0389842093193814,NA,-0.0279399131041037,NA
2.4448570484,-0.0335390111532075,NA,0.00551410034199445,NA,-0.039053111495202,NA,-0.0280249108112131,NA
2.4509236912,-0.0336153718542408,NA,0.00550601447895846,NA,-0.0391213863331993,NA,-0.0281093573752824,NA
2.456990334,-0.0336911450934691,NA,0.00549787677777283,NA,-0.039189021871242,NA,-0.0281932683156963,NA
2.4630569768,-0.0337663318200839,NA,0.00548967340480166,NA,-0.0392560052248856,NA,-0.0282766584152823,NA
2.4691236196,-0.0338409344915093,NA,0.0054813907094978,NA,-0.0393223252010071,NA,-0.0283595437820115,NA
2.4751902624,-0.0339149536015445,NA,0.00547301476607472,NA,-0.0393879683676193,NA,-0.0284419388354698,NA
2.4812569052,-0.0339883916683065,NA,0.00546453196665963,NA,-0.0394529236349661,NA,-0.0285238597016468,NA
2.487323548,-0.0340612496908939,NA,0.00545592844368461,NA,-0.0395171781345785,NA,-0.0286053212472093,NA
2.4933901908,-0.0341335294012245,NA,0.00544719046213483,NA,-0.0395807198633593,NA,-0.0286863389390897,NA
2.4994568336,-0.0342052325804048,NA,0.00543830431853718,NA,-0.0396435368989419,NA,-0.0287669282618676,NA
2.5055234764,-0.034276360182536,NA,0.00542925607682965,NA,-0.0397056162593656,NA,-0.0288471041057063,NA
2.5115901192,-0.0343469146515647,NA,0.00542003223484507,NA,-0.0397669468864098,NA,-0.0289268824167196,NA
2.517656762,-0.0344168965045133,NA,0.00541061869164951,NA,-0.0398275151961628,NA,-0.0290062778128638,NA
2.5237234048,-0.0344863082350976,NA,0.00540100199533081,NA,-0.0398873102304284,NA,-0.0290853062397668,NA
2.5297900476,-0.034555150859428,NA,0.0053911681875018,NA,-0.0399463190469298,NA,-0.0291639826719262,NA
2.5358566904,-0.0346234260998003,NA,0.00538110355882557,NA,-0.0400045296586259,NA,-0.0292423225409748,NA
2.5419233332,-0.0346911357395528,NA,0.00537079444529211,NA,-0.0400619301848449,NA,-0.0293203412942607,NA
2.547989976,-0.0347582807379449,NA,0.0053602268062349,NA,-0.0401185075441798,NA,-0.02939805393171,NA
2.5540566188,-0.0348248635253208,NA,0.00534938728895746,NA,-0.0401742508142782,NA,-0.0294754762363633,NA
2.5601232616,-0.0348908846418038,NA,0.00533826161846544,NA,-0.0402291462602692,NA,-0.0295526230233383,NA
2.5661899044,-0.0349563465569546,NA,0.00532683649663101,NA,-0.0402831830535856,NA,-0.0296295100603236,NA
2.5722565472,-0.035021250303649,NA,0.00531509787642326,NA,-0.0403363481800723,NA,-0.0297061524272258,NA
2.57832319,-0.0350855975948069,NA,0.00530303207200811,NA,-0.040388629666815,NA,-0.0297825655227988,NA
2.5843898328,-0.0351493902157523,NA,0.00529062546101569,NA,-0.040440015676768,NA,-0.0298587647547366,NA
2.5904564756,-0.0352126291311497,NA,0.00527786389599597,NA,-0.0404904930271456,NA,-0.0299347652351537,NA
2.5965231184,-0.0352753167576168,NA,0.00526473417481294,NA,-0.0405400509324297,NA,-0.0300105825828038,NA
2.6025897612,-0.035337453658255,NA,0.00525122184950042,NA,-0.0405886755077555,NA,-0.0300862318087546,NA
2.608656404,-0.0353990422787165,NA,0.00523731377353709,NA,-0.0406363560522535,NA,-0.0301617285051794,NA
2.6147230468,-0.0354600836683953,NA,0.00522299581342815,NA,-0.0406830794818234,NA,-0.0302370878549671,NA
2.6207896896,-0.0355205795310829,NA,0.00520825430466125,NA,-0.0407288338357441,NA,-0.0303123252264216,NA
2.6268563324,-0.0355805316538422,NA,0.00519307566868558,NA,-0.0407736073225278,NA,-0.0303874559851566,NA
2.6329229752,-0.0356399410069886,NA,0.00517744564909099,NA,-0.0408173866560796,NA,-0.0304624953578976,NA
2.638989618,-0.0356988099932915,NA,0.00516135119538944,NA,-0.040860161188681,NA,-0.0305374587979021,NA
2.6450562608,-0.0357571391987052,NA,0.0051447776877334,NA,-0.0409019168864386,NA,-0.0306123615109718,NA
2.6511229036,-0.0358149310452217,NA,0.00512771212902831,NA,-0.04094264317425,NA,-0.0306872189161934,NA
2.6571895464,-0.0358721865985051,NA,0.00511014030149445,NA,-0.0409823268999995,NA,-0.0307620462970106,NA
2.6632561892,-0.0359289075534672,NA,0.00509204855976239,NA,-0.0410209561132296,NA,-0.0308368589937048,NA
2.669322832,-0.0359850956986606,NA,0.0050734233712804,NA,-0.041058519069941,NA,-0.0309116723273802,NA
2.6753894748,-0.0360407520103003,NA,0.00505425036849814,NA,-0.0410950023787985,NA,-0.0309865016418022,NA
2.6814561176,-0.0360958788771832,NA,0.00503451665366487,NA,-0.0411303955308481,NA,-0.0310613622235183,NA
2.6875227604,-0.036150476907993,NA,0.00501420743614193,NA,-0.0411646843441349,NA,-0.031136269471851,NA
2.6935894032,-0.0362045485013087,NA,0.0049933098660822,NA,-0.0411978583673909,NA,-0.0312112386352265,NA
2.699656046,-0.0362580947388177,NA,0.00497180964359965,NA,-0.0412299043824174,NA,-0.0312862850952181,NA
2.7057226888,-0.0363111173067982,NA,0.00494969314028994,NA,-0.0412608104470881,NA,-0.0313614241665082,NA
2.7117893316,-0.0363636179950463,NA,0.00492694687177822,NA,-0.0412905648668245,NA,-0.0314366711232681,NA
2.7178559744,-0.0364155977859235,NA,0.00490355635719534,NA,-0.0413191541431189,NA,-0.0315120414287282,NA
2.7239226172,-0.0364670590541307,NA,0.00487950885261811,NA,-0.0413465679067488,NA,-0.0315875502015125,NA
2.72998926,-0.0365190280641302,NA,0.00485623986204726,NA,-0.0413752679261775,NA,-0.031662788202083,NA
2.7360559028,-0.0365736167720545,NA,0.00483672007837128,NA,-0.0414103368504258,NA,-0.0317368966936832,NA
2.7421225456,-0.0366308641687209,NA,0.0048209887110684,NA,-0.0414518528797893,NA,-0.0318098754576525,NA
2.7481891884,-0.036690739522726,NA,0.00480898631285944,NA,-0.0414997258355855,NA,-0.0318817532098666,NA
2.7542558312,-0.0367532115554751,NA,0.00480065268254472,NA,-0.0415538642380199,NA,-0.0319525588729304,NA
2.760322474,-0.0368182530330092,NA,0.00479593331081683,NA,-0.041614186343826,NA,-0.0320223197221924,NA
2.7663891168,-0.0368858298307642,NA,0.00479476401102214,NA,-0.0416805938417864,NA,-0.0320910658197421,NA
2.7724557596,-0.0369557312363013,NA,0.00479735428577746,NA,-0.0417530855220787,NA,-0.0321583769505238,NA
2.7785224024,-0.0370271602279218,NA,0.00480471915219918,NA,-0.041831879380121,NA,-0.0322224410757226,NA
2.7845890452,-0.0371000407915487,NA,0.00481687111552028,NA,-0.041916911907069,NA,-0.0322831696760284,NA
2.790655688,-0.0371743845877268,NA,0.00483369101321757,NA,-0.0420080756009444,NA,-0.0323406935745093,NA
2.7967223308,-0.0372502028983651,NA,0.00485505869719262,NA,-0.0421052615955577,NA,-0.0323951442011725,NA
2.8027889736,-0.0373275093765785,NA,0.00488086111357322,NA,-0.0422083704901518,NA,-0.0324466482630053,NA
2.8088556164,-0.0374063136319716,NA,0.00491097330115565,NA,-0.0423172869331273,NA,-0.032495340330816,NA
2.8149222592,-0.0374866303173096,NA,0.00494528474510403,NA,-0.0424319150624136,NA,-0.0325413455722055,NA
2.820988902,-0.037568469051084,NA,0.00498367087858924,NA,-0.0425521399296733,NA,-0.0325847981724948,NA
2.8270555448,-0.0376518431327535,NA,0.00502601719964689,NA,-0.0426778603324004,NA,-0.0326258259331066,NA
2.8331221876,-0.0377367642223865,NA,0.00507220476644301,NA,-0.0428089689888295,NA,-0.0326645594559435,NA
2.8391888304,-0.0378232435457431,NA,0.0051221137690391,NA,-0.0429453573147822,NA,-0.032701129776704,NA
2.8452554732,-0.0379112948687125,NA,0.00517563025655412,NA,-0.0430869251252666,NA,-0.0327356646121584,NA
2.851322116,-0.0380009276600473,NA,0.00523263054988969,NA,-0.043233558209937,NA,-0.0327682971101576,NA
2.8573887588,-0.0380921567128949,NA,0.00529300264075956,NA,-0.0433851593536545,NA,-0.0327991540721354,NA
2.8634554016,-0.038184991533912,NA,0.00535662328203361,NA,-0.0435416148159456,NA,-0.0328283682518784,NA
2.8695220444,-0.0382794454777668,NA,0.0054233772108967,NA,-0.0437028226886635,NA,-0.0328560682668701,NA
2.8755886872,-0.0383755302059438,NA,0.00549314568751735,NA,-0.0438686758934611,NA,-0.0328823845184264,NA
2.88165533,-0.0384732568861612,NA,0.00556580925880269,NA,-0.0440390661449639,NA,-0.0329074476273585,NA
2.8877219728,-0.0385726393989757,NA,0.00564125305817784,NA,-0.0442138924571536,NA,-0.0329313863407979,NA
2.8937886156,-0.0386736870713416,NA,0.00571935469799139,NA,-0.044393041769333,NA,-0.0329543323733502,NA
2.8998552584,-0.0387764148358409,NA,0.00580000068585246,NA,-0.0445764155216934,NA,-0.0329764141499884,NA
2.9059219012,-0.0388808320891899,NA,0.00588306907564033,NA,-0.0447639011648302,NA,-0.0329977630135496,NA
2.911988544,-0.0389869522393726,NA,0.00596844386237778,NA,-0.0449553961017503,NA,-0.0330185083769948,NA
2.9180551868,-0.0390947869511827,NA,0.00605600648954804,NA,-0.0451507934407307,NA,-0.0330387804616346,NA
2.9241218296,-0.0392043473324034,NA,0.00614563787959208,NA,-0.0453499852119954,NA,-0.0330587094528113,NA
2.9301884724,-0.0393156473801526,NA,0.0062372222315517,NA,-0.0455528696117043,NA,-0.0330784251486009,NA
2.9362551152,-0.0394286962786383,NA,0.00633063845856891,NA,-0.0457593347372072,NA,-0.0330980578200694,NA
2.942321758,-0.039543509098932,NA,0.00642577159348966,NA,-0.0459692806924217,NA,-0.0331177375054423,NA
2.9483884008,-0.0396600951297024,NA,0.00652250097251659,NA,-0.046182596102219,NA,-0.0331375941571858,NA
2.9544550436,-0.039778467830355,NA,0.00662070986719774,NA,-0.0463991776975527,NA,-0.0331577579631572,NA
2.9605216864,-0.0398986388708876,NA,0.00672027988564219,NA,-0.0466189187565298,NA,-0.0331783589852454,NA
2.9665883292,-0.0400206192972542,NA,0.00682109234451366,NA,-0.0468417116417679,NA,-0.0331995269527406,NA
2.972654972,-0.0401444232250266,NA,0.00692303048978402,NA,-0.0470674537148106,NA,-0.0332213927352426,NA
2.9787216148,-0.0402700596947219,NA,0.00702597454472965,NA,-0.0472960342394516,NA,-0.0332440851499923,NA
2.9847882576,-0.0403975439149525,NA,0.00712980807677892,NA,-0.0475273519917314,NA,-0.0332677358381736,NA
2.9908549004,-0.0405268850682334,NA,0.00723441168576956,NA,-0.047761296754003,NA,-0.0332924733824639,NA
2.9969215432,-0.0406580966634986,NA,0.00733966793846362,NA,-0.0479977646019623,NA,-0.033318428725035,NA
3.002988186,-0.0407911903778427,NA,0.00744545858890798,NA,-0.0482366489667507,NA,-0.0333457317889348,NA
3.0090548288,-0.0409261771934977,NA,0.00755166536667611,NA,-0.0484778425601738,NA,-0.0333745118268216,NA
3.0151214716,-0.0410630713463827,NA,0.00765817054598174,NA,-0.0487212418923645,NA,-0.033404900800401,NA
3.0211881144,-0.0412018817323766,NA,0.00776485566958066,NA,-0.0489667374019573,NA,-0.033437026062796,NA
3.0272547572,-0.0413426236966867,NA,0.00787160284882779,NA,-0.0492142265455145,NA,-0.0334710208478589,NA
3.0333214,-0.0414853063175672,NA,0.00797829392850796,NA,-0.0494636002460752,NA,-0.0335070123890593,NA
3.0393880428,-0.0416299431515874,NA,0.00808481078928374,NA,-0.0497147539408711,NA,-0.0335451323623036,NA
3.0454546856,-0.0417765458848327,NA,0.00819103531245248,NA,-0.0499675811972851,NA,-0.0335855105723802,NA
3.0515213284,-0.041925125433918,NA,0.00829684965918664,NA,-0.0502219750931046,NA,-0.0336282757747313,NA
3.0575879712,-0.0420756961570052,NA,0.00840213511325229,NA,-0.0504778312702575,NA,-0.0336735610437529,NA
3.063654614,-0.0422282668043869,NA,0.00850677454623031,NA,-0.0507350413506172,NA,-0.0337214922581566,NA
3.0697212568,-0.0423828528569185,NA,0.00861064862274417,NA,-0.0509935014796626,NA,-0.0337722042341743,NA
3.0757878996,-0.042539463290488,NA,0.00871364041383876,NA,-0.0512531037043267,NA,-0.0338258228766492,NA
3.0818545424,-0.0426981117074056,NA,0.00881563113276504,NA,-0.0515137428401706,NA,-0.0338824805746405,NA
3.0879211852,-0.0428588098046406,NA,0.00891650276938416,NA,-0.0517753125740247,NA,-0.0339423070352564,NA
3.093987828,-0.043021568431299,NA,0.00901613793515309,NA,-0.0520377063664521,NA,-0.0340054304961459,NA
3.1000544708,-0.0431864020696777,NA,0.00911441690470426,NA,-0.0523008189743819,NA,-0.0340719851649734,NA
3.1061211136,-0.0433533193235362,NA,0.00921122388778631,NA,-0.0525645432113225,NA,-0.0341420954357499,NA
3.1121877564,-0.0435223358084323,NA,0.00930643811163566,NA,-0.052828773920068,NA,-0.0342158976967966,NA
3.1182543992,-0.0436934413939165,NA,0.00939997073321945,NA,-0.0530934121271359,NA,-0.034293470660697,NA
3.124321042,-0.043866113769274,NA,0.00949246027454412,NA,-0.0533585740438181,NA,-0.0343736534947299,NA
3.1303876848,-0.0440400705479655,NA,0.0095842047303021,NA,-0.0536242752782677,NA,-0.0344558658176634,NA
3.1364543276,-0.0442152587895003,NA,0.00967517729488582,NA,-0.0538904360843861,NA,-0.0345400814946144,NA
3.1425209704,-0.0443916276686906,NA,0.00976534975206771,NA,-0.0541569774207583,NA,-0.0346262779166229,NA
3.1485876132,-0.044569123044815,NA,0.00985469618463695,NA,-0.054423819229452,NA,-0.0347144268601781,NA
3.154654256,-0.0447476945537351,NA,0.00994318789032664,NA,-0.0546908824440618,NA,-0.0348045066634085,NA
3.1607208988,-0.0449272883601493,NA,0.0100307988835689,NA,-0.0549580872437181,NA,-0.0348964894765804,NA
3.1667875416,-0.0451078530007417,NA,0.0101175012368903,NA,-0.0552253542376321,NA,-0.0349903517638514,NA
3.1728541844,-0.0452893360660989,NA,0.010203267800148,NA,-0.0554926038662468,NA,-0.0350860682659509,NA
3.1789208272,-0.0454716848073548,NA,0.010288071883568,NA,-0.0557597566909228,NA,-0.0351836129237868,NA
3.18498747,-0.0456548479603066,NA,0.0103718850261845,NA,-0.0560267329864911,NA,-0.0352829629341221,NA
3.1910541128,-0.0458387719727577,NA,0.0104546816254358,NA,-0.0562934535981935,NA,-0.0353840903473219,NA
3.1971207556,-0.0460234058404158,NA,0.0105364326534894,NA,-0.0565598384939052,NA,-0.0354869731869265,NA
3.2031873984,-0.046208696270253,NA,0.0106171123913482,NA,-0.0568258086616012,NA,-0.0355915838789049,NA
3.2092540412,-0.0463945915040702,NA,0.0106966927738726,NA,-0.0570912842779428,NA,-0.0356978987301976,NA
3.215320684,-0.0465810391799457,NA,0.0107751466596819,NA,-0.0573561858396276,NA,-0.0358058925202638,NA
3.2213873268,-0.0467679867489126,NA,0.010852447479145,NA,-0.0576204342280576,NA,-0.0359155392697676,NA
3.2274539696,-0.0469553824994792,NA,0.0109285665222478,NA,-0.057883949021727,NA,-0.0360268159772314,NA
3.2335206124,-0.0471431734721105,NA,0.0110034785032323,NA,-0.0581466519753428,NA,-0.0361396949688782,NA
3.2395872552,-0.0473313080264965,NA,0.0110771540708564,NA,-0.0584084620973529,NA,-0.0362541539556401,NA
3.245653898,-0.0475197334036099,NA,0.0111495677683834,NA,-0.0586693011719933,NA,-0.0363701656352265,NA
3.2517205408,-0.0477083975586414,NA,0.0112206913973179,NA,-0.0589290889559593,NA,-0.0364877061613236,NA
3.2577871836,-0.0478972481688892,NA,0.0112904978207301,NA,-0.0591877459896194,NA,-0.0366067503481591,NA
3.2638538264,-0.0480862328935568,NA,0.0113589605934433,NA,-0.0594451934870001,NA,-0.0367272723001135,NA
3.2699204692,-0.0482752995655915,NA,0.0114260507520835,NA,-0.059701350317675,NA,-0.0368492488135079,NA
3.275987112,-0.0484643958222559,NA,0.0114917433298536,NA,-0.0599561391521095,NA,-0.0369726524924023,NA
3.2820537548,-0.0486534693913599,NA,0.0115560086542545,NA,-0.0602094780456143,NA,-0.0370974607371054,NA
3.2881203976,-0.0488424680396027,NA,0.0116188215265009,NA,-0.0604612895661035,NA,-0.0372236465131018,NA
3.2941870404,-0.049031339443838,NA,0.011680153619053,NA,-0.060711493062891,NA,-0.0373511858247851,NA
3.3002536832,-0.0492200313123112,NA,0.0117399777951196,NA,-0.0609600091074308,NA,-0.0374800535171916,NA
3.306320326,-0.0494084915206693,NA,0.0117982677382896,NA,-0.0612067592589589,NA,-0.0376102237823798,NA
3.3123869688,-0.0495966674380252,NA,0.0118549942275191,NA,-0.0614516616655442,NA,-0.0377416732105061,NA
3.3184536116,-0.0497845073025768,NA,0.0119101326171252,NA,-0.061694639919702,NA,-0.0378743746854516,NA
3.3245202544,-0.049971958214388,NA,0.0119636529155105,NA,-0.0619356111298984,NA,-0.0380083052988775,NA
3.3305868972,-0.0501589684576134,NA,0.0120155301775283,NA,-0.0621744986351417,NA,-0.0381434382800851,NA
3.33665354,-0.0503454854390426,NA,0.0120657359509039,NA,-0.0624112213899466,NA,-0.0382797494881387,NA
3.3427201828,-0.0505314568895947,NA,0.0121142430946762,NA,-0.062645699984271,NA,-0.0384172137949185,NA
3.3487868256,-0.0507168309096327,NA,0.0121610254255101,NA,-0.0628778563351427,NA,-0.0385558054841226,NA
3.3548534684,-0.0509015543961636,NA,0.0122060534603804,NA,-0.063107607856544,NA,-0.0386955009357832,NA
3.3609201112,-0.0510855761924552,NA,0.0122493028768743,NA,-0.0633348790693295,NA,-0.0388362733155809,NA
3.366986754,-0.0512688427749636,NA,0.0122907433664503,NA,-0.0635595861414139,NA,-0.0389780994085133,NA
3.3730533968,-0.0514513029370253,NA,0.012330350233291,NA,-0.0637816531703164,NA,-0.0391209527037343,NA
3.3791200396,-0.0516329038236381,NA,0.012368094904697,NA,-0.0640009987283351,NA,-0.039264808918941,NA
3.3851866824,-0.0518135931801222,NA,0.0124039502312271,NA,-0.0642175434113493,NA,-0.0394096429488951,NA
3.3912533252,-0.0519933193398302,NA,0.0124378901669312,NA,-0.0644312095067614,NA,-0.039555429172899,NA
3.397319968,-0.0521720287193891,NA,0.0124698849624939,NA,-0.064641913681883,NA,-0.0397021437568951,NA
3.4033866108,-0.0523496707712741,NA,0.0124999106209276,NA,-0.0648495813922017,NA,-0.0398497601503466,NA
3.4094532536,-0.0525261913524692,NA,0.0125279365189012,NA,-0.0650541278713704,NA,-0.039998254833568,NA
3.4155198964,-0.0527015397572204,NA,0.0125539382056162,NA,-0.0652554779628365,NA,-0.0401476015516042,NA
3.4215865392,-0.0528756628770061,NA,0.0125778869922599,NA,-0.065453549869266,NA,-0.0402977758847463,NA
3.427653182,-0.0530485084632759,NA,0.0125997557165991,NA,-0.065648264179875,NA,-0.0404487527466768,NA
3.4337198248,-0.0532200250906433,NA,0.0126195184743802,NA,-0.0658395435650236,NA,-0.0406005066162631,NA
3.4397864676,-0.0533901586870839,NA,0.0126371452456864,NA,-0.0660273039327702,NA,-0.0407530134413975,NA
3.4458531104,-0.0535588593184159,NA,0.012652612361111,NA,-0.0662114716795269,NA,-0.0409062469573049,NA
3.4519197532,-0.0537260722262876,NA,0.0126658888846892,NA,-0.0663919611109768,NA,-0.0410601833415983,NA
3.457986396,-0.0538917471975814,NA,0.0126769506063301,NA,-0.0665686978039115,NA,-0.0412147965912512,NA
3.4640530388,-0.0540558308785302,NA,0.0126857687254181,NA,-0.0667415996039482,NA,-0.0413700621531121,NA
3.4701196816,-0.0542204208805189,NA,0.0126892756985067,NA,-0.0669096965790256,NA,-0.0415311451820121,NA
3.4761863244,-0.0543890763778124,NA,0.0126823399612501,NA,-0.0670714163390625,NA,-0.0417067364165624,NA
3.4822529672,-0.0545615794123921,NA,0.0126651622858571,NA,-0.0672267416982491,NA,-0.041896417126535,NA
3.48831961,-0.0547376282208117,NA,0.0126380763462664,NA,-0.0673757045670782,NA,-0.0420995518745453,NA
3.4943862528,-0.0549169329500579,NA,0.0126013825057263,NA,-0.0675183154557842,NA,-0.0423155504443316,NA
3.5004528956,-0.0550991935771327,NA,0.0125554107600596,NA,-0.0676546043371924,NA,-0.0425437828170731,NA
3.5065195384,-0.0552841166061308,NA,0.0125004714782947,NA,-0.0677845880844255,NA,-0.0427836451278361,NA
3.5125861812,-0.0554714062113689,NA,0.0124368819120046,NA,-0.0679082881233734,NA,-0.0430345242993643,NA
3.518652824,-0.0556607654932254,NA,0.0123649643237421,NA,-0.0680257298169674,NA,-0.0432958011694833,NA
3.5247194668,-0.0558519012361347,NA,0.0122850249222801,NA,-0.0681369261584148,NA,-0.0435668763138546,NA
3.5307861096,-0.0560445151142326,NA,0.0121973937310717,NA,-0.0682419088453043,NA,-0.0438471213831609,NA
3.5368527524,-0.0562383137640447,NA,0.0121023749110669,NA,-0.0683406886751115,NA,-0.0441359388529778,NA
3.5429193952,-0.0564330000099913,NA,0.0120002953366118,NA,-0.0684332953466032,NA,-0.0444327046733795,NA
3.548986038,-0.0566282789077133,NA,0.0118914669985443,NA,-0.0685197459062577,NA,-0.044736811909169,NA
3.5550526808,-0.0568238546810168,NA,0.0117762070262951,NA,-0.0686000617073119,NA,-0.0450476476547217,NA
3.5611193236,-0.0570194317797559,NA,0.0116548363048923,NA,-0.0686742680846482,NA,-0.0453645954748636,NA
3.5671859664,-0.0572147142399235,NA,0.0115276639203014,NA,-0.0687423781602249,NA,-0.0456870503196222,NA
3.5732526092,-0.0574094071966286,NA,0.011395016220415,NA,-0.0688044234170437,NA,-0.0460143909762136,NA
3.579319252,-0.0576032137993267,NA,0.0112572011388098,NA,-0.0688604149381365,NA,-0.0463460126605169,NA
3.5853858948,-0.0577958396730735,NA,0.0111145424785067,NA,-0.0689103821515802,NA,-0.0466812971945669,NA
3.5914525376,-0.0579869884718397,NA,0.0109673538020016,NA,-0.0689543422738413,NA,-0.0470196346698381,NA
3.5975191804,-0.0581763644221373,NA,0.010815952166733,NA,-0.0689923165888703,NA,-0.0473604122554043,NA
3.6035858232,-0.0583636733700783,NA,0.0106606570300552,NA,-0.0690243304001335,NA,-0.0477030163400231,NA
3.609652466,-0.0585486165564334,NA,0.0105017804052746,NA,-0.069050396961708,NA,-0.0480468361511588,NA
3.6157191088,-0.0587309026006748,NA,0.0103396449396495,NA,-0.0690705475403243,NA,-0.0483912576610253,NA
3.6217857516,-0.0589102311885776,NA,0.0101745623143103,NA,-0.0690847935028878,NA,-0.0487356688742673,NA
3.6278523944,-0.0590863106990546,NA,0.0100068533110977,NA,-0.0690931640101523,NA,-0.0490794573879569,NA
3.6339190372,-0.0592588434311841,NA,0.00983683301402025,NA,-0.0690956764452044,NA,-0.0494220104171638,NA
3.63998568,-0.0594275335674047,NA,0.00966481845867237,NA,-0.0690923520260771,NA,-0.0497627151087323,NA
3.6460523228,-0.0595920883968674,NA,0.00949112762458437,NA,-0.0690832160214518,NA,-0.0501009607722831,NA
3.6521189656,-0.0597522063183395,NA,0.00931607550255345,NA,-0.0690682818208929,NA,-0.050436130815786,NA
3.6581856084,-0.059907599459046,NA,0.00913998101412998,NA,-0.0690475804731759,NA,-0.050767618444916,NA
3.6642522512,-0.0600579640644735,NA,0.00896315956292109,NA,-0.0690211236273945,NA,-0.0510948045015524,NA
3.670318894,-0.0602030112206091,NA,0.0087859289597391,NA,-0.0689889401803482,NA,-0.05141708226087,NA
3.6763855368,-0.0603424419184216,NA,0.00860860575995442,NA,-0.068951047678376,NA,-0.0517338361584671,NA
3.6824521796,-0.0604759602494942,NA,0.00843150702746688,NA,-0.0689074672769611,NA,-0.0520444532220273,NA
3.6885188224,-0.0606032749927984,NA,0.00825494921383378,NA,-0.0688582242066322,NA,-0.0523483257789646,NA
3.6945854652,-0.0607240816583157,NA,0.00807925033749288,NA,-0.0688033319958086,NA,-0.0526448313208228,NA
3.700652108,-0.0608380959044164,NA,0.0079047255692098,NA,-0.0687428214736262,NA,-0.0529333703352066,NA
3.7067187508,-0.0609450105596885,NA,0.0077316940099967,NA,-0.0686767045696852,NA,-0.0532133165496918,NA
3.7127853936,-0.0610445393704116,NA,0.00756047054978498,NA,-0.0686050099201966,NA,-0.0534840688206266,NA
3.7188520364,-0.0611363820662268,NA,0.00739137316515867,NA,-0.0685277552313854,NA,-0.0537450089010681,NA
3.7249186792,-0.0612202426010803,NA,0.00722471899847059,NA,-0.0684449615995509,NA,-0.0539955236026097,NA
3.730985322,-0.0612958312905454,NA,0.00706082292315794,NA,-0.0683566542137034,NA,-0.0542350083673875,NA
3.7370519648,-0.0613628407090374,NA,0.00690000603544603,NA,-0.0682628467444834,NA,-0.0544628346735914,NA
3.7431186076,-0.0614209900694611,NA,0.0067425797302436,NA,-0.0681635697997047,NA,-0.0546784103392175,NA
3.7491852504,-0.061469968806897,NA,0.0065888667808914,NA,-0.0680588355877884,NA,-0.0548811020260056,NA
3.7552518932,-0.061509493281137,NA,0.00643917920658945,NA,-0.0679486724877265,NA,-0.0550703140745476,NA
3.761318536,-0.0615392620072746,NA,0.00629383635498606,NA,-0.0678330983622607,NA,-0.0552454256522886,NA
3.7673851788,-0.0615589787548382,NA,0.00615315549703726,NA,-0.0677121342518755,NA,-0.055405823257801,NA
3.7734518216,-0.0615683554227838,NA,0.0060174498779103,NA,-0.0675858053006941,NA,-0.0555509055448735,NA
3.7795184644,-0.0615670816031793,NA,0.00588704372176704,NA,-0.0674541253249463,NA,-0.0556800378814122,NA
3.7855851072,-0.0615548800868551,NA,0.00576224462258412,NA,-0.0673171247094392,NA,-0.055792635464271,NA
3.79165175,-0.0615314442196578,NA,0.00564336870423496,NA,-0.0671748129238927,NA,-0.0558880755154228,NA
3.7977183928,-0.0614991261785755,NA,0.00552700118681282,NA,-0.0670261273653883,NA,-0.0559721249917627,NA
3.8037850356,-0.0614600548223668,NA,0.00541002406244033,NA,-0.0668700788848072,NA,-0.0560500307599265,NA
3.8098516784,-0.0614142329731985,NA,0.00529233152956326,NA,-0.0667065645027618,NA,-0.0561219014436353,NA
3.8159183212,-0.061361668778545,NA,0.00517381850165742,NA,-0.0665354872802024,NA,-0.0561878502768876,NA
3.821984964,-0.0613023559636717,NA,0.00505437798784185,NA,-0.0663567339515136,NA,-0.0562479779758299,NA
3.8280516068,-0.0612363092795629,NA,0.00493390595510937,NA,-0.0661702152346722,NA,-0.0563024033244535,NA
3.8341182496,-0.06116352082614,NA,0.00481229491446179,NA,-0.0659758157406018,NA,-0.0563512259116782,NA
3.8401848924,-0.0610840024345676,NA,0.00468944062811049,NA,-0.0657734430626781,NA,-0.0563945618064571,NA
3.8462515352,-0.0609977532367491,NA,0.00456523666223609,NA,-0.0655629898989852,NA,-0.056432516574513,NA
3.852318178,-0.0609047759800939,NA,0.00443957715678305,NA,-0.0653443531368769,NA,-0.0564651988233109,NA
3.8583848208,-0.0608050788716445,NA,0.00431235758397677,NA,-0.0651174364556213,NA,-0.0564927212876678,NA
3.8644514636,-0.0606986555922873,NA,0.00418346989393932,NA,-0.0648821254862266,NA,-0.056515185698348,NA
3.8705181064,-0.0605855208925399,NA,0.00405281132935155,NA,-0.0646383322218914,NA,-0.0565327095631883,NA
3.8765847492,-0.0604659809289264,NA,0.00392071722947583,NA,-0.0643866981584022,NA,-0.0565452636994506,NA
3.882651392,-0.0603431064594376,NA,0.00379141040555918,NA,-0.0641345168649968,NA,-0.0565516960538784,NA
3.8887180348,-0.0602176968450856,NA,0.00366591556713725,NA,-0.0638836124122228,NA,-0.0565517812779484,NA
3.8947846776,-0.0600897765776531,NA,0.00354415763511722,NA,-0.0636339342127703,NA,-0.0565456189425359,NA
3.9008513204,-0.0599593722096254,NA,0.00342605851805197,NA,-0.0633854307276773,NA,-0.0565333136915734,NA
3.9069179632,-0.059826504900484,NA,0.00331154801298289,NA,-0.0631380529134669,NA,-0.0565149568875011,NA
3.912984606,-0.0596912035519739,NA,0.00320054466052264,NA,-0.0628917482124966,NA,-0.0564906588914513,NA
3.9190512488,-0.059553488874141,NA,0.00309297881152583,NA,-0.0626464676856668,NA,-0.0564605100626152,NA
3.9251178916,-0.0594133885772872,NA,0.00298877081371511,NA,-0.0624021593910023,NA,-0.0564246177635721,NA
3.9311845344,-0.0592709259448354,NA,0.00288784730311524,NA,-0.0621587732479507,NA,-0.0563830786417202,NA
3.9372511772,-0.0591261254558725,NA,0.00279013319500819,NA,-0.0619162586508807,NA,-0.0563359922608643,NA
3.94331782,-0.0589790135587786,NA,0.00269555076012026,NA,-0.0616745643188989,NA,-0.0562834627986584,NA
3.9493844628,-0.058829611633941,NA,0.00260402907677194,NA,-0.0614336407107129,NA,-0.0562255825571691,NA
3.9554511056,-0.0586779482984277,NA,0.00251548757677583,NA,-0.0611934358752036,NA,-0.0561624607216519,NA
3.9615177484,-0.058524044557704,NA,0.0024298557313745,NA,-0.0609539002890785,NA,-0.0560941888263295,NA
3.9675843912,-0.0583679278796814,NA,0.00234705458383543,NA,-0.0607149824635168,NA,-0.056020873295846,NA
3.973651034,-0.0582096216733731,NA,0.00226701043118535,NA,-0.0604766321045585,NA,-0.0559426112421878,NA
3.9797176768,-0.0580491504090753,NA,0.00218964817115801,NA,-0.0602387985802333,NA,-0.0558595022379173,NA
3.9857843196,-0.0578865404271585,NA,0.00211489044857449,NA,-0.060001430875733,NA,-0.055771649978584,NA
3.9918509624,-0.0577218133328207,NA,0.00204266561111258,NA,-0.0597644789439332,NA,-0.0556791477217081,NA
3.9979176052,-0.0575549974565,NA,0.00197289398774773,NA,-0.0595278914442477,NA,-0.0555821034687522,NA
4.003984248,-0.0573861140971289,NA,0.00190550417606863,NA,-0.0592916182731975,NA,-0.0554806099210602,NA
4.0100508908,-0.0572151904841331,NA,0.00184041790296808,NA,-0.0590556083871011,NA,-0.055374772581165,NA
4.0161175336,-0.0570422501482108,NA,0.00177756113839549,NA,-0.0588198112866063,NA,-0.0552646890098154,NA
4.0221841764,-0.0568673175547747,NA,0.00171685875061351,NA,-0.0585841763053882,NA,-0.0551504588041611,NA
4.0282508192,-0.056690418932278,NA,0.00165823377046203,NA,-0.0583486527027401,NA,-0.055032185161816,NA
4.034317462,-0.0565115761146358,NA,0.00160161380305325,NA,-0.0581131899176891,NA,-0.0549099623115826,NA
4.0403841048,-0.0563308171437038,NA,0.00154692008048523,NA,-0.057877737224189,NA,-0.0547838970632185,NA
4.0464507476,-0.0561481636099279,NA,0.00149408033265687,NA,-0.0576422439425848,NA,-0.054654083277271,NA
4.0525173904,-0.0559636425081551,NA,0.00144301695816051,NA,-0.0574066594663156,NA,-0.0545206255499946,NA
4.0585840332,-0.0557772774868623,NA,0.00139365561179295,NA,-0.0571709330986552,NA,-0.0543836218750693,NA
4.064650676,-0.0555890930104832,NA,0.00134592112042281,NA,-0.056935014130906,NA,-0.0542431718900603,NA
4.0707173188,-0.0553991151916497,NA,0.00129973691283154,NA,-0.0566988521044812,NA,-0.0540993782788182,NA
4.0767839616,-0.0552073660968994,NA,0.00125502983964149,NA,-0.0564623959365409,NA,-0.0539523362572579,NA
4.0828506044,-0.0550138734775514,NA,0.00121172204203698,NA,-0.0562255955195884,NA,-0.0538021514355145,NA
4.0889172472,-0.0548186592136145,NA,0.00116974038818605,NA,-0.0559883996018006,NA,-0.0536489188254285,NA
4.09498389,-0.0546217500692601,NA,0.00112900793646061,NA,-0.0557507580057208,NA,-0.0534927421327995,NA
4.1010505328,-0.05442316980684,NA,0.00108945003842563,NA,-0.0555126198452657,NA,-0.0533337197684144,NA
4.1071171756,-0.0542229428937142,NA,0.00105099146763342,NA,-0.0552739343613476,NA,-0.0531719514260808,NA
4.1131838184,-0.0540210953227865,NA,0.00101355606272986,NA,-0.0550346513855164,NA,-0.0530075392600566,NA
4.1192504612,-0.0538176493971239,NA,0.000977069907924998,NA,-0.0547947193050489,NA,-0.052840579489199,NA
4.125317104,-0.0536126325755567,NA,0.000941456059449635,NA,-0.0545540886350063,NA,-0.052671176516107,NA
4.1313837468,-0.053406067025701,NA,0.000906640529704642,NA,-0.0543127075554057,NA,-0.0524994264959964,NA
4.1374503896,-0.0531979792849618,NA,0.00087254702491566,NA,-0.0540705263098774,NA,-0.0523254322600461,NA
4.1435170324,-0.0529882178859617,NA,0.000839348573116144,NA,-0.0538275664590779,NA,-0.0521488693128456,NA
4.1495836752,-0.0527762269727916,NA,0.000807790593320164,NA,-0.0535840175661117,NA,-0.0519684363794714,NA
4.155650318,-0.0525619418333924,NA,0.000777925447305846,NA,-0.0533398672806982,NA,-0.0517840163860866,NA
4.1617169608,-0.0523453332637401,NA,0.000749751622999367,NA,-0.0530950848867395,NA,-0.0515955816407407,NA
4.1677836036,-0.0521263796279473,NA,0.000723262111652333,NA,-0.0528496417395996,NA,-0.0514031175162949,NA
4.1738502464,-0.0519050514101632,NA,0.000698455571297151,NA,-0.0526035069814603,NA,-0.051206595838866,NA
4.1799168892,-0.0516813256994902,NA,0.000675325959376372,NA,-0.0523566516588665,NA,-0.0510059997401138,NA
4.185983532,-0.0514551755329685,NA,0.000653870098696951,NA,-0.0521090456316655,NA,-0.0508013054342716,NA
4.1920501748,-0.0512265747733254,NA,0.000634084211017715,NA,-0.0518606589843431,NA,-0.0505924905623077,NA
4.1981168176,-0.050995499753064,NA,0.000615962865682046,NA,-0.0516114626187461,NA,-0.050379536887382,NA
4.2041834604,-0.0507619209703606,NA,0.000599504527059777,NA,-0.0513614254974204,NA,-0.0501624164433008,NA
4.2102501032,-0.0505258171198935,NA,0.000584702226716428,NA,-0.0511105193466099,NA,-0.049941114893177,NA
4.216316746,-0.050287158411504,NA,0.000571554567985694,NA,-0.0508587129794897,NA,-0.0497156038435183,NA
4.2223833888,-0.0500459221195791,NA,0.000560055560635767,NA,-0.0506059776802149,NA,-0.0494858665589433,NA
4.2284500316,-0.0498020812176629,NA,0.000550201994279089,NA,-0.050352283211942,NA,-0.0492518792233838,NA
4.2345166744,-0.0495556095101902,NA,0.000541990104738028,NA,-0.0500975996149282,NA,-0.0490136194054521,NA
4.2405833172,-0.0493064835097456,NA,0.000535414466422804,NA,-0.0498418979761684,NA,-0.0487710690433228,NA
4.24664996,-0.0490546734126348,NA,0.000530473519506499,NA,-0.0495851469321413,NA,-0.0485241998931283,NA
4.2527166028,-0.0488001582461364,NA,0.000527160336189213,NA,-0.0493273185823256,NA,-0.0482729979099472,NA
4.2587832456,-0.0485429079478208,NA,0.000525473465424262,NA,-0.0490683814132451,NA,-0.0480174344823966,NA
4.2648498884,-0.0482828999732868,NA,0.000525406968667569,NA,-0.0488083069419543,NA,-0.0477574930046192,NA
4.2709165312,-0.0480201072366561,NA,0.000526957602974764,NA,-0.0485470648396308,NA,-0.0474931496336813,NA
4.276983174,-0.0477545034799964,NA,0.000530121617594386,NA,-0.0482846250975908,NA,-0.047224381862402,NA
4.2830498168,-0.0474860654000483,NA,0.00053489359264144,NA,-0.0480209589926898,NA,-0.0469511718074069,NA
4.2891164596,-0.0472147628871728,NA,0.000541271943452689,NA,-0.0477560348306255,NA,-0.0466734909437202,NA
4.2951831024,-0.0469405753032864,NA,0.000549249783182998,NA,-0.0474898250864694,NA,-0.0463913255201034,NA
4.3012497452,-0.0466634723157243,NA,0.000558825606725771,NA,-0.0472222979224501,NA,-0.0461046467089986,NA
4.307316388,-0.0463834315572245,NA,0.000569993526584147,NA,-0.0469534250838086,NA,-0.0458134380306403,NA
4.3133830308,-0.0461004258865586,NA,0.000582750267897023,NA,-0.0466831761544556,NA,-0.0455176756186616,NA
4.3194496736,-0.0458144289793548,NA,0.000597092092699052,NA,-0.0464115210720539,NA,-0.0452173368866558,NA
4.3255163164,-0.0455254177205831,NA,0.000613013587449866,NA,-0.046138431308033,NA,-0.0449124041331333,NA
4.3315829592,-0.0452333616905859,NA,0.000630513142010772,NA,-0.0458638748325967,NA,-0.0446028485485752,NA
4.337649602,-0.0449382405879546,NA,0.000649583910810768,NA,-0.0455878244987653,NA,-0.0442886566771438,NA
4.3437162448,-0.0446400238118253,NA,0.000670224335003149,NA,-0.0453102481468284,NA,-0.0439697994768221,NA
4.3497828876,-0.0443386891680027,NA,0.000692428577498103,NA,-0.0450311177455008,NA,-0.0436462605905045,NA
4.3558495304,-0.0440342094639807,NA,0.000716193332158785,NA,-0.0447504027961395,NA,-0.0433180161318219,NA
4.3619161732,-0.0437265583048767,NA,0.000741514873164799,NA,-0.0444680731780415,NA,-0.0429850434317119,NA
4.367982816,-0.0434157127679604,NA,0.000768387793961465,NA,-0.0441841005619218,NA,-0.0426473249739989,NA
4.3740494588,-0.0431016421194848,NA,0.000796810458293786,NA,-0.0438984525777786,NA,-0.042304831661191,NA
4.3801161016,-0.0427843263967515,NA,0.000826776062184545,NA,-0.0436111024589361,NA,-0.041957550334567,NA
4.3861827444,-0.0424637347327345,NA,0.000858282993368508,NA,-0.043322017726103,NA,-0.041605451739366,NA
4.3922493872,-0.0421398451022324,NA,0.000891325464522147,NA,-0.0430311705667546,NA,-0.0412485196377103,NA
4.39831603,-0.0418126302655343,NA,0.000925900138872025,NA,-0.0427385304044063,NA,-0.0408867301266622,NA
4.4043826728,-0.0414820637531728,NA,0.000962003302104081,NA,-0.0424440670552769,NA,-0.0405200604510687,NA
4.4104493156,-0.0411481228387911,NA,0.000999629555287959,NA,-0.042147752394079,NA,-0.0401484932835031,NA
4.4165159584,-0.0408107764704802,NA,0.00103877723541389,NA,-0.0418495537058941,NA,-0.0397719992350663,NA
4.4225826012,-0.0404700050262885,NA,0.00107943958041773,NA,-0.0415494446067063,NA,-0.0393905654458708,NA
4.428649244,-0.0401257773750632,NA,0.00112161492493461,NA,-0.0412473922999978,NA,-0.0390041624501286,NA
4.4347158868,-0.0397780716565244,NA,0.00116529753076876,NA,-0.0409433691872932,NA,-0.0386127741257557,NA
4.4407825296,-0.0394268605878292,NA,0.00121048403114981,NA,-0.040637344618979,NA,-0.0382163765566793,NA
4.4468491724,-0.0390721176208533,NA,0.00125717072262958,NA,-0.0403292883434829,NA,-0.0378149468982237,NA
4.4529158152,-0.0387138202296859,NA,0.00130535221454269,NA,-0.0400191724442286,NA,-0.0374084680151432,NA
4.458982458,-0.0383519370401831,NA,0.00135502681648391,NA,-0.039706963856667,NA,-0.0369969102236992,NA
4.4650491008,-0.0379864487731758,NA,0.00140618780862281,NA,-0.0393926365817986,NA,-0.036580260964553,NA
4.4711157436,-0.0376164822717089,NA,0.00146002390647321,NA,-0.0390765061781821,NA,-0.0361564583652357,NA
4.4771823864,-0.0372407380470528,NA,0.00151833648728352,NA,-0.0387590745343363,NA,-0.0357224015597693,NA
4.4832490292,-0.036859313270722,NA,0.00158094609464622,NA,-0.0384402593653682,NA,-0.0352783671760758,NA
4.489315672,-0.0364723262715208,NA,0.00164764403142651,NA,-0.0381199703029473,NA,-0.0348246822400943,NA
4.4953823148,-0.0360799016112272,NA,0.00171821719169094,NA,-0.0377981188029181,NA,-0.0343616844195362,NA
4.5014489576,-0.035682150414997,NA,0.00179246187108832,NA,-0.0374746122860853,NA,-0.0338896885439086,NA
4.5075156004,-0.0352792017926048,NA,0.00187016202633376,NA,-0.0371493638189386,NA,-0.0334090397662711,NA
4.5135822432,-0.0348711673114218,NA,0.00195111334221192,NA,-0.0368222806536337,NA,-0.0329200539692099,NA
4.519648886,-0.0344581721596489,NA,0.00203510266809703,NA,-0.036493274827746,NA,-0.0324230694915519,NA
4.5257155288,-0.0340403337947368,NA,0.00212192178073951,NA,-0.0361622555754764,NA,-0.0319184120139973,NA
4.5317821716,-0.0336177706910994,NA,0.0022113616639111,NA,-0.0358291323550105,NA,-0.0314064090271883,NA
4.5378488144,-0.0331906066988829,NA,0.00230321052261405,NA,-0.0354938172214969,NA,-0.0308873961762688,NA
4.5439154572,-0.0327589542208962,NA,0.00239726234971977,NA,-0.035156216570616,NA,-0.0303616918711764,NA
4.5499821,-0.0323229408837879,NA,0.00249330373280239,NA,-0.0348162446165903,NA,-0.0298296371509855,NA
4.5560487428,-0.031882679582981,NA,0.00259112806146491,NA,-0.0344738076444459,NA,-0.0292915515215161,NA
4.5621153856,-0.0314382945391723,NA,0.00269052381650343,NA,-0.0341288183556758,NA,-0.0287477707226689,NA
4.5681820284,-0.0309899036112948,NA,0.0027912821350893,NA,-0.0337811857463841,NA,-0.0281986214762055,NA
4.5742486712,-0.0305376254383014,NA,0.00289319364873148,NA,-0.0334308190870329,NA,-0.0276444317895699,NA
4.580315314,-0.0300815831397787,NA,0.00299604790653522,NA,-0.0330776310463139,NA,-0.0270855352332435,NA
4.5863819568,-0.0296218904151163,NA,0.00309963656542839,NA,-0.0327215269805447,NA,-0.0265222538496879,NA
4.5924485996,-0.0291586733983721,NA,0.00320374886042712,NA,-0.0323624222587992,NA,-0.025954924537945,NA
4.5985152424,-0.028692046303558,NA,0.00330817590253682,NA,-0.0320002222060949,NA,-0.0253838704010212,NA
4.6045818852,-0.0282221324027935,NA,0.00341270777080872,NA,-0.0316348401736022,NA,-0.0248094246319848,NA
4.610648528,-0.0277490499375675,NA,0.003517134996,NA,-0.0312661849335675,NA,-0.0242319149415675,NA
4.6167151708,-0.0272729177302984,NA,0.00362124782419191,NA,-0.0308941655544904,NA,-0.0236516699061065,NA
4.6227818136,-0.0267938581510856,NA,0.00372483718176016,NA,-0.0305186953328458,NA,-0.0230690209693255,NA
4.6288484564,-0.0263119862148281,NA,0.00382769235651936,NA,-0.0301396785713475,NA,-0.0224842938583088,NA
4.6349150992,-0.0258274265535285,NA,0.00392960524751364,NA,-0.0297570318010421,NA,-0.0218978213060148,NA
4.640981742,-0.0253402946903234,NA,0.00403036470373364,NA,-0.0293706593940571,NA,-0.0213099299865898,NA
4.6470483848,-0.0248507129676839,NA,0.00412976236931741,NA,-0.0289804753370013,NA,-0.0207209505983665,NA
4.6531150276,-0.0243587999907256,NA,0.00422758820177718,NA,-0.0285863881925028,NA,-0.0201312117889484,NA
4.6591816704,-0.0238646747842617,NA,0.00432363202859782,NA,-0.0281883068128595,NA,-0.0195410427556639,NA
4.6652483132,-0.0233684589499754,NA,0.0044176861865931,NA,-0.0277861451365685,NA,-0.0189507727633823,NA
4.671314956,-0.0228702688372029,NA,0.00450953756129784,NA,-0.0273798063985007,NA,-0.018360731275905,NA
4.6773815988,-0.0223702275664282,NA,0.00459898073236709,NA,-0.0269692082987953,NA,-0.0177712468340611,NA
4.6834482416,-0.0218684519604491,NA,0.00468580230335953,NA,-0.0265542542638086,NA,-0.0171826496570895,NA
4.6895148844,-0.0213650634510145,NA,0.00476979545033484,NA,-0.0261348589013493,NA,-0.0165952680006796,NA
4.6955815272,-0.0208601809879409,NA,0.00485074959072553,NA,-0.0257109305786665,NA,-0.0160094313972154,NA
4.70164817,-0.0203539238173622,NA,0.00492845410025452,NA,-0.0252823779176167,NA,-0.0154254697171076,NA
4.7077148128,-0.0198464127536193,NA,0.00500270275933908,NA,-0.0248491155129584,NA,-0.0148437099942802,NA
4.7137814556,-0.0193377654994124,NA,0.00507328001806846,NA,-0.0244110455174809,NA,-0.014264485481344,NA
4.7198480984,-0.018828103654243,NA,0.00513998315329157,NA,-0.0239680868075346,NA,-0.0136881205009514,NA
4.7259147412,-0.0183175453311058,NA,0.00520259653971991,NA,-0.0235201418708258,NA,-0.0131149487913859,NA
4.731981384,-0.017806211069957,NA,0.00526091485216567,NA,-0.0230671259221227,NA,-0.0125452962177914,NA
4.7380480268,-0.017294220146384,NA,0.00531472700115081,NA,-0.0226089471475349,NA,-0.0119794931452332,NA
4.7441146696,-0.0167816920467713,NA,0.00536382187746677,NA,-0.022145513924238,NA,-0.0114178701693045,NA
4.7501813124,-0.0162687467791884,NA,0.0054079947383031,NA,-0.0216767415174915,NA,-0.0108607520408853,NA
4.7562479552,-0.015755503418627,NA,0.00544702756513718,NA,-0.0212025309837642,NA,-0.0103084758534898,NA
4.762314598,-0.0152420820341435,NA,0.00548072034859332,NA,-0.0207228023827368,NA,-0.00976136168555015,NA
4.7683812408,-0.0147286020194653,NA,0.00550885525111977,NA,-0.0202374572705851,NA,-0.00921974676834552,NA
4.7744478836,-0.0142151830416821,NA,0.00553122841311558,NA,-0.0197464114547977,NA,-0.00868395462856656,NA
4.7805145264,-0.0137019446832269,NA,0.00554762827135717,NA,-0.019249572954584,NA,-0.00815431641186969,NA
4.7865811692,-0.0131890066896602,NA,0.00555784319853969,NA,-0.0187468498881999,NA,-0.00763116349112048,NA
4.792647812,-0.0126764882438535,NA,0.00556166996179122,NA,-0.0182381582056448,NA,-0.00711481828206232,NA
4.7987144548,-0.0121645098120187,NA,0.00555888804080824,NA,-0.017723397852827,NA,-0.00660562177121048,NA
4.8047810976,-0.0116531899233011,NA,0.00554930015657688,NA,-0.017202490079878,NA,-0.00610388976672423,NA
4.8108477404,-0.0111426492426983,NA,0.00553268627586409,NA,-0.0166753355185624,NA,-0.00560996296683418,NA
4.8169143832,-0.010632572777916,NA,0.00550945746503351,NA,-0.0161420302429495,NA,-0.00512311531288248,NA
4.822981026,-0.010120411848634,NA,0.00548317562083242,NA,-0.0156035874694665,NA,-0.00463723622780163,NA
4.8290476688,-0.00960570867090005,NA,0.00545444570806166,NA,-0.0150601543789617,NA,-0.00415126296283839,NA
4.8351143116,-0.00908844578498378,NA,0.0054232580850011,NA,-0.0145117038699849,NA,-0.00366518769998268,NA
4.8411809544,-0.00856859883563172,NA,0.00538959649912934,NA,-0.0139581953347611,NA,-0.00317900233650238,NA
4.8472475972,-0.00804615257571955,NA,0.00535345341544714,NA,-0.0133996059911667,NA,-0.0026926991602724,NA
4.85331424,-0.00752108302859113,NA,0.00531481296027459,NA,-0.0128358959888657,NA,-0.00220627006831654,NA
4.8593808828,-0.0069933728073547,NA,0.00527366554074818,NA,-0.0122670383481029,NA,-0.00171970726660651,NA
4.8654475256,-0.00646300100625838,NA,0.00522999821353543,NA,-0.0116929992197938,NA,-0.00123300279272295,NA
4.8715141684,-0.00592994667505147,NA,0.00518379800292808,NA,-0.0111137446779796,NA,-0.000746148672123395,NA
4.8775808112,-0.0053941925251144,NA,0.00513505538094907,NA,-0.0105292479060635,NA,-0.000259137144165326,NA
4.883647454,-0.00485571393528977,NA,0.00508375392402528,NA,-0.00993946785931505,NA,0.000228039988735504,NA
4.8897140968,-0.00431449593280197,NA,0.0050298862681678,NA,-0.00934438220096976,NA,0.00071539033536583,NA
4.8957807396,-0.0037705143445495,NA,0.00497343642607802,NA,-0.00874395077062752,NA,0.00120292208152852,NA
4.9018473824,-0.00322375189373801,NA,0.00491439486116057,NA,-0.00813814675489858,NA,0.00169064296742256,NA
4.9079140252,-0.00267418765931096,NA,0.00485274863112418,NA,-0.00752693629043514,NA,0.00217856097181322,NA
4.913980668,-0.00212180061152941,NA,0.00478848470191019,NA,-0.0069102853134396,NA,0.00266668409038078,NA
4.9200473108,-0.00156657363605502,NA,0.00472159366120092,NA,-0.00628816729725594,NA,0.0031550200251459,NA
4.9261139536,-0.00100848184265587,NA,0.00465205891245538,NA,-0.00566054075511125,NA,0.0036435770697995,NA
4.9321805964,-0.000447510534491627,NA,0.00457987326365168,NA,-0.0050273837981433,NA,0.00413236272916005,NA
4.9382472392,0.000116364656402064,NA,0.00450502061483365,NA,-0.00438865595843158,NA,0.00462138527123571,NA
4.944313882,0.000683160899889628,NA,0.00442749148375452,NA,-0.0037443305838649,NA,0.00511065238364415,NA
4.9503805248,0.00125289912916436,NA,0.00434727293108299,NA,-0.00309437380191863,NA,0.00560017206024735,NA
4.9564471676,0.00182560045662201,NA,0.00426435186249245,NA,-0.00243875140587044,NA,0.00608995231911446,NA
4.9625138104,0.00240128181915034,NA,0.00417871898324105,NA,-0.00177743716409071,NA,0.00658000080239138,NA
4.9685804532,0.0029799683792249,NA,0.00409035752190284,NA,-0.00111038914267794,NA,0.00707032590112773,NA
4.974647096,0.00356167455616765,NA,0.00399926045938368,NA,-0.000437585903216034,NA,0.00756093501555134,NA
4.9807137388,0.00414642491121851,NA,0.00390541158402458,NA,0.000241013327193923,NA,0.00805183649524309,NA
4.9867803816,0.00473423651048394,NA,0.00380880146601392,NA,0.00092543504447002,NA,0.00854303797649787,NA
4.9928470244,0.00532513029612259,NA,0.00370941717089496,NA,0.00161571312522762,NA,0.00903454746701755,NA
4.9989136672,0.0059191274663578,NA,0.00360724554215769,NA,0.00231188192420011,NA,0.00952637300851549,NA
5.00498031,0.00651624477745656,NA,0.00350227740455218,NA,0.00301396737290438,NA,0.0100185221820087,NA
5.0110469528,0.00711650766730826,NA,0.00339449580985181,NA,0.00372201185745645,NA,0.0105110034771601,NA
5.0171135956,0.00771993027613061,NA,0.0032838939128464,NA,0.00443603636328421,NA,0.011003824188977,NA
5.0231802384,0.00832653735685571,NA,0.00317045539113491,NA,0.0051560819657208,NA,0.0114969927479906,NA
5.0292468812,0.0089363458750005,NA,0.00305417086542289,NA,0.00588217500957762,NA,0.0119905167404234,NA
5.035313524,0.00954937677851954,NA,0.00293502740804463,NA,0.00661434937047491,NA,0.0124844041865642,NA
5.0413801668,0.0101656513546336,NA,0.0028130117983899,NA,0.00735263955624369,NA,0.0129786631530235,NA
5.0474468096,0.0107865774247677,NA,0.00268614745948776,NA,0.00810042996527994,NA,0.0134727248842555,NA
5.0535134524,0.0114137720001557,NA,0.00255216683375924,NA,0.00886160516639645,NA,0.0139659388339149,NA
5.0595800952,0.0120471803594828,NA,0.00241116023879747,NA,0.00963602012068528,NA,0.0144583405982802,NA
5.065646738,0.0126867643993023,NA,0.00226320040361031,NA,0.010423563995692,NA,0.0149499648029126,NA
5.0717133808,0.0133324709228381,NA,0.00210837708420027,NA,0.0112240938386378,NA,0.0154408480070384,NA
5.0777800236,0.0139842543322978,NA,0.00194677147522105,NA,0.0120374828570767,NA,0.0159310258075188,NA
5.0838466664,0.0146420696859819,NA,0.00177846408222713,NA,0.0128636056037547,NA,0.016420533768209,NA
5.0899133092,0.01530586325805,NA,0.00160354512713524,NA,0.0137023181309148,NA,0.0169094083851853,NA
5.095979952,0.015975598107822,NA,0.00142208631142173,NA,0.0145535117964003,NA,0.0173976844192437,NA
5.1020465948,0.0166512157802369,NA,0.00123418300959729,NA,0.0154170327706396,NA,0.0178853987898341,NA
5.1081132376,0.0173326776472659,NA,0.00103990885032672,NA,0.0162927687969391,NA,0.0183725864975926,NA
5.1141798804,0.0180199308932568,NA,0.000839352964017257,NA,0.0171805779292395,NA,0.0188592838572741,NA
5.1202465232,0.0187129297632214,NA,0.000632596777485755,NA,0.0180803329857356,NA,0.0193455265407071,NA
5.126313166,0.019411629248728,NA,0.000419720957555435,NA,0.0189919082911725,NA,0.0198313502062834,NA
5.1323798088,0.0201159759145966,NA,0.000200815171442272,NA,0.0199151607431543,NA,0.0203167910860388,NA
5.1384464516,0.0208259323055577,NA,2.40479312454584e-05,NA,0.0208018843743122,NA,0.0208499802368031,NA
5.1445130944,0.0215376972289195,NA,0.000260067903485775,NA,0.0212776293254337,NA,0.0217977651324052,NA
5.1505797372,0.0222404857879788,NA,0.000522367005862609,NA,0.0217181187821162,NA,0.0227628527938414,NA
5.15664638,0.0229341536200912,NA,0.000810986715807374,NA,0.0221231669042838,NA,0.0237451403358986,NA
5.1627130228,0.0236192896507455,NA,0.00112494760203872,NA,0.0224943420487068,NA,0.0247442372527842,NA
5.1687796656,0.0242964822457011,NA,0.00146327299197384,NA,0.0228332092537273,NA,0.0257597552376749,NA
5.1748463084,0.0249663309488494,NA,0.00182495075604073,NA,0.0231413801928087,NA,0.0267912817048901,NA
5.1809129512,0.0256294150954887,NA,0.00220903427142835,NA,0.0234203808240603,NA,0.027838449366917,NA
5.186979594,0.0262863386050944,NA,0.0026144952307871,NA,0.0236718433743073,NA,0.0289008338358815,NA
5.1930462368,0.0269376841591941,NA,0.00304037809361385,NA,0.0238973060655802,NA,0.0299780622528079,NA
5.1991128796,0.0275840484214523,NA,0.00348567748497783,NA,0.0240983709364744,NA,0.0310697259064301,NA
5.2051795224,0.0282260214265566,NA,0.0039494119979741,NA,0.0242766094285825,NA,0.0321754334245307,NA
5.2112461652,0.0288641932303077,NA,0.00443060226680582,NA,0.0244335909635018,NA,0.0332947954971135,NA
5.217312808,0.029499158887316,NA,0.00492824352395215,NA,0.0245709153633638,NA,0.0344274024112681,NA
5.2233794508,0.0301315050214004,NA,0.00544137711571355,NA,0.0246901279056869,NA,0.035572882137114,NA
5.2294460936,0.0307618277323184,NA,0.00596898771440878,NA,0.0247928400179097,NA,0.0367308154467272,NA
5.2355127364,0.0313907157844709,NA,0.00651010957114379,NA,0.0248806062133271,NA,0.0379008253556147,NA
5.2415793792,0.0320187620266909,NA,0.00706374379932206,NA,0.0249550182273688,NA,0.0390825058260129,NA
5.247646022,0.0326465575092582,NA,0.00762890717254022,NA,0.025017650336718,NA,0.0402754646817984,NA
5.2537126648,0.0332746940716209,NA,0.0082046174756633,NA,0.0250700765959576,NA,0.0414793115472842,NA
5.2597793076,0.033903762185502,NA,0.00878987745934647,NA,0.0251138847261555,NA,0.0426936396448484,NA
5.2658459504,0.0345343558568481,NA,0.00938371628287625,NA,0.0251506395739718,NA,0.0439180721397243,NA
5.2719125932,0.0351670633188941,NA,0.00998513167630333,NA,0.0251819316425908,NA,0.0451521949951974,NA
5.277979236,0.0358024793721125,NA,0.0105931477604035,NA,0.025209331611709,NA,0.046395627132516,NA
5.2840458788,0.0364411931441103,NA,0.0112067719807908,NA,0.0252344211633195,NA,0.0476479651249011,NA
5.2901125216,0.0370837966071536,NA,0.0118250194476887,NA,0.0252587771594648,NA,0.0489088160548423,NA
5.2961791644,0.0377308834779439,NA,0.012446904940498,NA,0.0252839785374459,NA,0.0501777884184419,NA
5.3022458072,0.0383830395517109,NA,0.0130714388841754,NA,0.0253116006675356,NA,0.0514544784358863,NA
5.30831245,0.0390408663101346,NA,0.0136976380948682,NA,0.0253432282152663,NA,0.0527385044050028,NA
5.3143790928,0.0397049440731247,NA,0.0143245134384219,NA,0.0253804306347028,NA,0.0540294575115466,NA
5.3204457356,0.040375873630422,NA,0.0149510789833452,NA,0.0254247946470768,NA,0.0553269526137671,NA
5.3265123784,0.0410542404820137,NA,0.0155763483513361,NA,0.0254778921306776,NA,0.0566305888333497,NA
5.3325790212,0.0417406374285458,NA,0.0161993351453713,NA,0.0255413022831745,NA,0.0579399725739171,NA
5.338645664,0.04243566015758,NA,0.0168190509832612,NA,0.0256166091743187,NA,0.0592547111408412,NA
5.3447123068,0.0431398896942459,NA,0.0174345141203902,NA,0.0257053755738557,NA,0.0605744038146361,NA
5.3507789496,0.0438539350895631,NA,0.0180447288736414,NA,0.0258092062159217,NA,0.0618986639632044,NA
5.3568455924,0.0445783687033131,NA,0.0186487193227167,NA,0.0259296493805964,NA,0.0632270880260298,NA
5.3629122352,0.0453137972677024,NA,0.0192454895619198,NA,0.0260683077057826,NA,0.0645592868296222,NA
5.368978878,0.0460608027487043,NA,0.0198340592329093,NA,0.026226743515795,NA,0.0658948619816136,NA
5.3750455208,0.0468199786817382,NA,0.0204134405875393,NA,0.0264065380941989,NA,0.0672334192692775,NA
5.3811121636,0.0475919228188321,NA,0.0209826419259051,NA,0.026609280892927,NA,0.0685745647447372,NA
5.3871788064,0.0483772113214098,NA,0.021540689489943,NA,0.0268365218314668,NA,0.0699179008113528,NA
5.3932454492,0.0491764609034364,NA,0.0220865749411475,NA,0.0270898859622889,NA,0.0712630358445838,NA
5.399312092,0.049990235917763,NA,0.0226193356511384,NA,0.0273709002666246,NA,0.0726095715689015,NA
5.4053787348,0.0508191489922571,NA,0.0231379658180793,NA,0.0276811831741778,NA,0.0739571148103364,NA
5.4114453776,0.0516637786524849,NA,0.0236414909474621,NA,0.0280222877050228,NA,0.0753052695999469,NA
5.4175120204,0.0525247190750335,NA,0.0241289220961443,NA,0.0283957969788892,NA,0.0766536411711778,NA
5.4235786632,0.0534025701700033,NA,0.0245992640903805,NA,0.0288033060796228,NA,0.0780018342603837,NA
5.429645306,0.0542979031415058,NA,0.0250515513147851,NA,0.0292463518267207,NA,0.0793494544562909,NA
5.4357119488,0.0552113424600581,NA,0.0254847626193371,NA,0.0297265798407209,NA,0.0806961050793952,NA
5.4417785916,0.0561434444247767,NA,0.0258979487456396,NA,0.0302454956791371,NA,0.0820413931704164,NA
5.4478452344,0.0570948275123886,NA,0.0262900940737754,NA,0.0308047334386132,NA,0.083384921586164,NA
5.4539118772,0.0580660669016587,NA,0.026660229816946,NA,0.0314058370847128,NA,0.0847262967186047,NA
5.45997852,0.0590577573167353,NA,0.0270073659931377,NA,0.0320503913235976,NA,0.0860651233098729,NA
5.4660451628,0.0600705009193968,NA,0.0273305037986395,NA,0.0327399971207573,NA,0.0874010047180363,NA
5.4721118056,0.0611048638628371,NA,0.0276286859168682,NA,0.0334761779459689,NA,0.0887335497797053,NA
5.4781784484,0.062161478467731,NA,0.0279008782301626,NA,0.0342606002375684,NA,0.0900623566978936,NA
5.4842450912,0.0632408929326581,NA,0.0281461449281707,NA,0.0350947480044875,NA,0.0913870378608288,NA
5.490311734,0.0643422725727029,NA,0.0283655239372075,NA,0.0359767486354954,NA,0.0927077965099104,NA
5.4963783768,0.0654462259325429,NA,0.0285862845060672,NA,0.0368599414264757,NA,0.0940325104386101,NA
5.5024450196,0.0665469316577141,NA,0.0288165101173699,NA,0.0377304215403441,NA,0.095363441775084,NA
5.5085116624,0.0676449620775529,NA,0.0290552436874913,NA,0.0385897183900616,NA,0.0967002057650442,NA
5.5145783052,0.0687408932413041,NA,0.0293015150841901,NA,0.0394393781571141,NA,0.0980424083254942,NA
5.520644948,0.0698352956029946,NA,0.0295543757928725,NA,0.0402809198101221,NA,0.0993896713958671,NA
5.5267115908,0.0709287453184375,NA,0.0298128524697149,NA,0.0411158928487226,NA,0.100741597788152,NA
5.5327782336,0.0720218147328764,NA,0.0300759916771016,NA,0.0419458230557748,NA,0.102097806409978,NA
5.5388448764,0.0731150777605019,NA,0.0303428282946083,NA,0.0427722494658936,NA,0.10345790605511,NA
5.5449115192,0.0742091076912068,NA,0.0306124021950681,NA,0.0435967054961387,NA,0.104821509886275,NA
5.550978162,0.0753044789128673,NA,0.0308837528905393,NA,0.044420726022328,NA,0.106188231803407,NA
5.5570448048,0.0764017627019941,NA,0.0311559182016631,NA,0.045245844500331,NA,0.107557680903657,NA
5.5631114476,0.0775015369995426,NA,0.0314279371123976,NA,0.046073599887145,NA,0.10892947411194,NA
5.5691780904,0.0786043701692605,NA,0.0316988493144647,NA,0.0469055208547958,NA,0.110303219483725,NA
5.5752447332,0.079710840244536,NA,0.0319676918150737,NA,0.0477431484294623,NA,0.11167853205961,NA
5.581311376,0.0808215178604725,NA,0.0322335050345081,NA,0.0485880128259644,NA,0.113055022894981,NA
5.5873780188,0.0819369768718559,NA,0.0324953278534578,NA,0.0494416490183981,NA,0.114432304725314,NA
5.5934446616,0.0830577938158638,NA,0.032752196227559,NA,0.0503055975883048,NA,0.115809990043423,NA
5.5995113044,0.0841845351055107,NA,0.0330031560824402,NA,0.0511813790230704,NA,0.117187691187951,NA
5.6055779472,0.0853177862594425,NA,0.0332472337485079,NA,0.0520705525109347,NA,0.11856502000795,NA
5.61164459,0.0864581078039616,NA,0.0334834820290802,NA,0.0529746257748814,NA,0.119941589833042,NA
5.6177112328,0.0876060834152175,NA,0.0337109284522444,NA,0.0538951549629731,NA,0.121317011867462,NA
5.6237778756,0.0887622805399909,NA,0.0339286188268874,NA,0.0548336617131034,NA,0.122690899366878,NA
5.6298445184,0.0899272735071972,NA,0.034135591193659,NA,0.0557916823135382,NA,0.124062864700856,NA
5.6359111612,0.0911016410940779,NA,0.0343308777996715,NA,0.0567707632944064,NA,0.125432518893749,NA
5.641977804,0.0922859447593896,NA,0.0345135328276422,NA,0.0577724119317474,NA,0.126799477587032,NA
5.6480444468,0.0934807776902305,NA,0.0346825698023239,NA,0.0587982078879066,NA,0.128163347492554,NA
5.6541110896,0.0946866925300756,NA,0.0348370547146829,NA,0.0598496378153927,NA,0.129523747244758,NA
5.6601777324,0.0959042785524572,NA,0.034976005689734,NA,0.0609282728627232,NA,0.130880284242191,NA
5.6662443752,0.0971341001065931,NA,0.035098473772866,NA,0.0620356263337271,NA,0.132232573879459,NA
5.672311018,0.0983767319047666,NA,0.0352034963167925,NA,0.0631732355879741,NA,0.133580228221559,NA
5.6783776608,0.0996327550550457,NA,0.0352901017079971,NA,0.0643426533470486,NA,0.134922856763043,NA
5.6844443036,0.100902725971167,NA,0.0353573525383895,NA,0.0655453734327771,NA,0.136260078509556,NA
5.6905109464,0.102187245599442,NA,0.0354042493749658,NA,0.0667829962244766,NA,0.137591494974408,NA
5.6965775892,0.103486858655139,NA,0.0354298714723922,NA,0.0680569871827472,NA,0.138916730127532,NA
5.702644232,0.104802159963791,NA,0.035433227628663,NA,0.0693689323351279,NA,0.140235387592454,NA
5.7087108748,0.106133710867815,NA,0.0354133739735647,NA,0.0707203368942503,NA,0.14154708484138,NA
5.7147775176,0.1074820863721,NA,0.0353693473239785,NA,0.0721127390481216,NA,0.142851433696079,NA
5.7208441604,0.108847870006304,NA,0.0353001720536553,NA,0.0735476979526485,NA,0.144148042059959,NA
5.7269108032,0.110231613048378,NA,0.0352049193158028,NA,0.0750266937325753,NA,0.145436532364181,NA
5.732977446,0.111633924294614,NA,0.0350825765675544,NA,0.0765513477270598,NA,0.146716500862168,NA
5.7390440888,0.113055340486689,NA,0.0349322364033284,NA,0.0781231040833603,NA,0.147987576890017,NA
5.7451107316,0.114496461956755,NA,0.0347528983701516,NA,0.079743563586603,NA,0.149249360326906,NA
5.7511773744,0.115957847131192,NA,0.034543623530104,NA,0.0814142236010883,NA,0.150501470661296,NA
5.7572440172,0.117440071216734,NA,0.0343034483163372,NA,0.0831366229003968,NA,0.151743519533071,NA
5.76331066,0.118943720255387,NA,0.0340313929377675,NA,0.0849123273176198,NA,0.152975113193155,NA
5.7693773028,0.12046934029856,NA,0.0337265372610017,NA,0.0867428030375582,NA,0.154195877559562,NA
5.7754439456,0.122017548083282,NA,0.0333878554812095,NA,0.0886296926020723,NA,0.155405403564491,NA
5.7815105884,0.12358887233226,NA,0.0330144536086122,NA,0.0905744187236475,NA,0.156603325940872,NA
5.7875772312,0.125183918838884,NA,0.0326053220153201,NA,0.0925785968235643,NA,0.157789240854205,NA
5.793643874,0.126803243204262,NA,0.0321595265436037,NA,0.0946437166606579,NA,0.158962769747865,NA
5.7997105168,0.128447420746204,NA,0.0316761033949893,NA,0.0967713173512143,NA,0.160123524141193,NA
5.8057771596,0.130117040109833,NA,0.0311540684614535,NA,0.0989629716483791,NA,0.161271108571286,NA
5.8118438024,0.131812642029248,NA,0.0305925104751078,NA,0.10122013155414,NA,0.162405152504355,NA
5.8179104452,0.133534851272982,NA,0.0299903902170517,NA,0.10354446105593,NA,0.163525241490033,NA
5.823977088,0.135284188499388,NA,0.0293468271893638,NA,0.105937361310024,NA,0.164631015688752,NA
5.8300437308,0.137061264917716,NA,0.0286608026652888,NA,0.108400462252428,NA,0.165722067583005,NA
5.8361103736,0.138866633394558,NA,0.0279313871151847,NA,0.110935246279374,NA,0.166798020509743,NA
5.8421770164,0.140698898131988,NA,0.0271604042684002,NA,0.113538493863588,NA,0.167859302400389,NA
5.8482436592,0.142555573925226,NA,0.026351216437807,NA,0.116204357487419,NA,0.168906790363033,NA
5.854310302,0.14443610597673,NA,0.0255044630406583,NA,0.118931642936072,NA,0.169940569017389,NA
5.8603769448,0.146340022523498,NA,0.0246206535082709,NA,0.121719369015227,NA,0.170960676031769,NA
5.8664435876,0.148266759987373,NA,0.0237004427837125,NA,0.12456631720366,NA,0.171967202771085,NA
5.8725102304,0.150215832195616,NA,0.0227443626449054,NA,0.12747146955071,NA,0.172960194840521,NA
5.8785768732,0.152186705073551,NA,0.0217530214664451,NA,0.130433683607106,NA,0.173939726539997,NA
5.884643516,0.154178862732377,NA,0.0207269985712242,NA,0.133451864161153,NA,0.174905861303601,NA
5.8907101588,0.156191800225096,NA,0.019666855081625,NA,0.136524945143471,NA,0.175858655306721,NA
5.8967768016,0.158224973924581,NA,0.0185732160107408,NA,0.13965175791384,NA,0.176798189935321,NA
5.9028434444,0.160277905232805,NA,0.0174465983527665,NA,0.142831306880038,NA,0.177724503585571,NA
5.9089100872,0.1623500376424,NA,0.016287649162052,NA,0.146062388480348,NA,0.178637686804452,NA
5.91497673,0.164440879887477,NA,0.0150969060033838,NA,0.149343973884093,NA,0.17953778589086,NA
5.9210433728,0.166549900773108,NA,0.0138749738921859,NA,0.152674926880922,NA,0.180424874665294,NA
5.9271100156,0.16867658397991,NA,0.0126224327569906,NA,0.156054151222919,NA,0.1812990167369,NA
5.9331766584,0.170820422542299,NA,0.0113398458680727,NA,0.159480576674227,NA,0.182160268410372,NA
5.9392433012,0.172980877300903,NA,0.010027833337101,NA,0.162953043963802,NA,0.183008710638004,NA
5.945309944,0.175157462740772,NA,0.00868691981322679,NA,0.166470542927545,NA,0.183844382553999,NA
5.9513765868,0.177349629466278,NA,0.00731774441604203,NA,0.170031885050236,NA,0.18466737388232,NA
5.9574432296,0.179556881159325,NA,0.00592085045116164,NA,0.173636030708164,NA,0.185477731610487,NA
5.9635098724,0.181778689422842,NA,0.00449683966691239,NA,0.17728184975593,NA,0.186275529089754,NA
5.9695765152,0.184014537588758,NA,0.00304629250539119,NA,0.180968245083367,NA,0.187060830094149,NA
5.975643158,0.186263916591007,NA,0.00156977447684128,NA,0.184694142114166,NA,0.187833691067848,NA
5.9817098008,0.188526291819868,NA,6.79006994295586e-05,NA,0.188458391120438,NA,0.188594192519297,NA
5.9877764436,0.190801170761572,NA,0.00145879643065777,NA,0.189342374330914,NA,0.192259967192229,NA
5.9938430864,0.193088011173176,NA,0.00300968577462598,NA,0.19007832539855,NA,0.196097696947802,NA
5.9999097292,0.195386311725334,NA,0.00458421833207063,NA,0.190802093393263,NA,0.199970530057405,NA
6.005976372,0.197695546736924,NA,0.00618179552968451,NA,0.19151375120724,NA,0.203877342266609,NA
6.0120430148,0.200015199273094,NA,0.00780183650388388,NA,0.19221336276921,NA,0.207817035776977,NA
6.0181096576,0.202344758085391,NA,0.00944377341237915,NA,0.192900984673012,NA,0.21178853149777,NA
6.0241763004,0.204683693195648,NA,0.0111069962225827,NA,0.193576696973065,NA,0.21579068941823,NA
6.0302429432,0.207031505009375,NA,0.0127909646991965,NA,0.194240540310178,NA,0.219822469708571,NA
6.036309586,0.209387658477267,NA,0.014495055730261,NA,0.194892602747006,NA,0.223882714207528,NA
6.0423762288,0.211751647299674,NA,0.0162187146666226,NA,0.195532932633052,NA,0.227970361966297,NA
6.0484428716,0.214122948429527,NA,0.0179613460179135,NA,0.196161602411613,NA,0.23208429444744,NA
6.0545095144,0.216501044747088,NA,0.0197223685911437,NA,0.196778676155945,NA,0.236223413338232,NA
6.0605761572,0.218885422739623,NA,0.0215012121198976,NA,0.197384210619725,NA,0.24038663485952,NA
6.0666428,0.221275557142415,NA,0.0232972717492453,NA,0.19797828539317,NA,0.24457282889166,NA
6.0727094428,0.223670941198354,NA,0.0251099993126989,NA,0.198560941885655,NA,0.248780940511053,NA
6.0787760856,0.226071047092723,NA,0.0269387797711729,NA,0.19913226732155,NA,0.253009826863896,NA
6.0848427284,0.228475363596518,NA,0.0287830528728034,NA,0.199692310723715,NA,0.257258416469321,NA
6.0909093712,0.230883370214822,NA,0.030642226118085,NA,0.200241144096737,NA,0.261525596332907,NA
6.096976014,0.233294549724914,NA,0.0325157180766979,NA,0.200778831648216,NA,0.265810267801612,NA
6.1030426568,0.235708386267875,NA,0.0344029559660231,NA,0.201305430301852,NA,0.270111342233898,NA
6.1091092996,0.238124359374341,NA,0.0363033402008675,NA,0.201821019173473,NA,0.274427699575208,NA
6.1151759424,0.24054195504268,NA,0.0382163145914736,NA,0.202325640451207,NA,0.278758269634154,NA
6.1212425852,0.242960652733715,NA,0.0401412722176706,NA,0.202819380516044,NA,0.283101924951385,NA
6.127309228,0.245379936330037,NA,0.0420776472709223,NA,0.203302289059114,NA,0.287457583600959,NA
6.1333758708,0.247799287806981,NA,0.044024850150508,NA,0.203774437656473,NA,0.291824137957489,NA
6.1394425136,0.250218189920743,NA,0.0459822992808551,NA,0.204235890639888,NA,0.296200489201598,NA
6.1455091564,0.252636124384318,NA,0.0479494192710658,NA,0.204686705113253,NA,0.300585543655384,NA
6.1515757992,0.255052575595045,NA,0.0499256159425656,NA,0.20512695965248,NA,0.304978191537611,NA
6.157642442,0.257467022256526,NA,0.0519103248558308,NA,0.205556697400695,NA,0.309377347112357,NA
6.1637090848,0.259878951114415,NA,0.0539029473900636,NA,0.205976003724351,NA,0.313781898504478,NA
6.1697757276,0.262287841214402,NA,0.0559029121812884,NA,0.206384929033114,NA,0.318190753395691,NA
6.1758423704,0.264693176920175,NA,0.0579096324354911,NA,0.206783544484684,NA,0.322602809355667,NA
6.1819090132,0.267094441048746,NA,0.059922526523925,NA,0.207171914524821,NA,0.327016967572671,NA
6.187975656,0.269498400021133,NA,0.0619513220378734,NA,0.20754707798326,NA,0.331449722059007,NA
6.1940422988,0.271938010219631,NA,0.0640379523317732,NA,0.207900057887858,NA,0.335975962551404,NA
6.2001089416,0.274422242269468,NA,0.0661767198023386,NA,0.20824552246713,NA,0.340598962071807,NA
6.2061755844,0.276950102028451,NA,0.0683645371839282,NA,0.208585564844523,NA,0.345314639212379,NA
6.2122422272,0.27952008672527,NA,0.0705994101028436,NA,0.208920676622427,NA,0.350119496828114,NA
6.21830887,0.282130608516421,NA,0.0728792487104484,NA,0.209251359805972,NA,0.355009857226869,NA
6.2243755128,0.284780106891154,NA,0.075201993943637,NA,0.209578112947517,NA,0.359982100834791,NA
6.2304421556,0.287467047556704,NA,0.0775656151156439,NA,0.209901432441061,NA,0.365032662672348,NA
6.2365087984,0.290189821208798,NA,0.0799680001378919,NA,0.210221821070906,NA,0.37015782134669,NA
6.2425754412,0.292946937022466,NA,0.082407164603825,NA,0.210539772418641,NA,0.375354101626291,NA
6.248642084,0.295736767403415,NA,0.0848809776173601,NA,0.210855789786055,NA,0.380617745020775,NA
6.2547087268,0.298557794786871,NA,0.0873874253793025,NA,0.211170369407568,NA,0.385945220166173,NA
6.2607753696,0.301408438738907,NA,0.0899244277225117,NA,0.211484011016396,NA,0.391332866461419,NA
6.2668420124,0.304287138723081,NA,0.0924899256463862,NA,0.211797213076695,NA,0.396777064369467,NA
6.2729086552,0.307192353088437,NA,0.0950818786576565,NA,0.212110474430781,NA,0.402274231746093,NA
6.278975298,0.310122487223895,NA,0.0976981941055382,NA,0.212424293118356,NA,0.407820681329433,NA
6.2850419408,0.313076028325169,NA,0.100336858627105,NA,0.212739169698064,NA,0.413412886952274,NA
6.2911085836,0.316051370728401,NA,0.102995770169933,NA,0.213055600558469,NA,0.419047140898334,NA
6.2971752264,0.319046982322267,NA,0.105672895835167,NA,0.2133740864871,NA,0.424719878157434,NA
6.3032418692,0.322061289835506,NA,0.108366164811328,NA,0.213695125024178,NA,0.430427454646835,NA
6.309308512,0.325092732952895,NA,0.111073518486154,NA,0.214019214466741,NA,0.436166251439049,NA
6.3153751548,0.328139762418374,NA,0.113792906234036,NA,0.214346856184338,NA,0.441932668652409,NA
6.3214417976,0.331200798437512,NA,0.116522255004898,NA,0.214678543432614,NA,0.44772305344241,NA
6.3275084404,0.334274306350167,NA,0.119259522642364,NA,0.215014783707803,NA,0.453533828992531,NA
6.3335750832,0.337358702175999,NA,0.122002635611831,NA,0.215356066564168,NA,0.459361337787831,NA
6.339641726,0.340452439504051,NA,0.124749542240625,NA,0.215702897263426,NA,0.465201981744675,NA
6.3457083688,0.34355395197881,NA,0.127498180747084,NA,0.216055771231726,NA,0.471052132725894,NA
6.3517750116,0.346661679753188,NA,0.130246493233127,NA,0.216415186520061,NA,0.476908172986316,NA
6.3578416544,0.349774065719106,NA,0.132992418614966,NA,0.21678164710414,NA,0.482766484334072,NA
6.3639082972,0.352889545022241,NA,0.135733903606156,NA,0.217155641416086,NA,0.488623448628397,NA
6.36997494,0.356006561270052,NA,0.138468877419788,NA,0.217537683850264,NA,0.49447543868984,NA
6.3760415828,0.359123551918802,NA,0.141195294713241,NA,0.21792825720556,NA,0.500318846632043,NA
6.3821082256,0.362238956504812,NA,0.143911085365859,NA,0.218327871138953,NA,0.506150041870672,NA
6.3881748684,0.365351215341408,NA,0.146614196299964,NA,0.218737019041444,NA,0.511965411641373,NA
6.3942415112,0.368458769296551,NA,0.149302570657491,NA,0.21915619863906,NA,0.517761339954041,NA
6.400308154,0.371560053163225,NA,0.151974136570635,NA,0.21958591659259,NA,0.523534189733859,NA
6.4063747968,0.374653517150674,NA,0.154626860679498,NA,0.220026656471176,NA,0.529280377830172,NA
6.4124414396,0.377737583257415,NA,0.157258643729562,NA,0.220478939527853,NA,0.534996226986977,NA
6.4185080824,0.380810710129399,NA,0.159867468244349,NA,0.22094324188505,NA,0.540678178373748,NA
6.4245747252,0.383871323497144,NA,0.162451245981058,NA,0.221420077516087,NA,0.546322569478202,NA
6.430641368,0.386917870095893,NA,0.165007932240155,NA,0.221909937855738,NA,0.551925802336048,NA
6.4367080108,0.389948791755575,NA,0.167535471529431,NA,0.222413320226144,NA,0.557484263285005,NA
6.4427746536,0.392962514923322,NA,0.170031780871226,NA,0.222930734052096,NA,0.562994295794547,NA
6.4488412964,0.395957504995402,NA,0.172494846995111,NA,0.223462658000291,NA,0.568452351990512,NA
6.4549079392,0.398932162484848,NA,0.174922542341872,NA,0.224009620142976,NA,0.573854704826721,NA
6.460974582,0.401884966980382,NA,0.177312876975339,NA,0.224572090005043,NA,0.579197843955721,NA
6.4670412248,0.404814330653637,NA,0.179663744856404,NA,0.225150585797233,NA,0.584478075510042,NA
6.4731078676,0.407718706414856,NA,0.181973109337841,NA,0.225745597077015,NA,0.589691815752697,NA
6.4791745104,0.410596537302852,NA,0.184238916619132,NA,0.22635762068372,NA,0.594835453921984,NA
6.4852411532,0.413446241171988,NA,0.186459072286926,NA,0.226987168885062,NA,0.599905313458914,NA
6.491307796,0.416266298729015,NA,0.188631583323178,NA,0.227634715405837,NA,0.604897882052194,NA
6.4973744388,0.419055089124943,NA,0.190754294026904,NA,0.228300795098039,NA,0.609809383151847,NA
6.5034410816,0.421811112644343,NA,0.192825241676398,NA,0.228985870967945,NA,0.614636354320741,NA
6.5095077244,0.424532768146883,NA,0.194842302762086,NA,0.229690465384797,NA,0.619375070908968,NA
6.5155743672,0.427236503621503,NA,0.196828888863984,NA,0.230407614757519,NA,0.624065392485487,NA
6.52164101,0.429952987391483,NA,0.198828519574637,NA,0.231124467816846,NA,0.62878150696612,NA
6.5277076528,0.432682037508432,NA,0.2008410813983,NA,0.231840956110133,NA,0.633523118906732,NA
6.5337742956,0.435422810624069,NA,0.202865535835887,NA,0.232557274788182,NA,0.638288346459956,NA
6.5398409384,0.438174501869642,NA,0.204900883213749,NA,0.233273618655892,NA,0.643075385083391,NA
6.5459075812,0.440936264106333,NA,0.206946081662338,NA,0.233990182443995,NA,0.647882345768671,NA
6.551974224,0.443707282953632,NA,0.209000121650633,NA,0.234707161302998,NA,0.652707404604265,NA
6.5580408668,0.446486726325921,NA,0.2110619764091,NA,0.235424749916821,NA,0.657548702735021,NA
6.5641075096,0.449273767008903,NA,0.213130624049253,NA,0.236143142959651,NA,0.662404391058156,NA
6.5701741524,0.452067583531333,NA,0.215205047416475,NA,0.236862536114859,NA,0.667272630947808,NA
6.5762407952,0.454867340600265,NA,0.217284217980388,NA,0.237583122619877,NA,0.672151558580653,NA
6.582307438,0.457672221971072,NA,0.219367122024763,NA,0.238305099946309,NA,0.677039343995836,NA
6.5883740808,0.460481391584877,NA,0.221452731342272,NA,0.239028660242605,NA,0.68193412292715,NA
6.5944407236,0.463294027893638,NA,0.223540027574266,NA,0.239754000319371,NA,0.686834055467904,NA
6.6005073664,0.46610930206686,NA,0.225627987944248,NA,0.240481314122611,NA,0.691737290011108,NA
6.6065740092,0.468926387547531,NA,0.227715591405285,NA,0.241210796142246,NA,0.696641978952816,NA
6.612640652,0.471744458294712,NA,0.229801815126617,NA,0.241942643168095,NA,0.701546273421329,NA
6.6187072948,0.47456268713621,NA,0.231885640627406,NA,0.242677046508804,NA,0.706448327763616,NA
6.6247739376,0.477380246516937,NA,0.233966040229679,NA,0.243414206287258,NA,0.711346286746616,NA
6.6308405804,0.480196311327127,NA,0.236041999226659,NA,0.244154312100468,NA,0.716238310553786,NA
6.6369072232,0.483010052982034,NA,0.238112490593736,NA,0.244897562388298,NA,0.72112254357577,NA
6.642973866,0.485820645775459,NA,0.240176495385783,NA,0.245644150389676,NA,0.725997141161242,NA
6.6490405088,0.488627263938505,NA,0.242232993559089,NA,0.246394270379417,NA,0.730860257497594,NA
6.6551071516,0.491429076729709,NA,0.24428095644508,NA,0.247148120284628,NA,0.735710033174789,NA
6.6611737944,0.494225265163043,NA,0.246319375693296,NA,0.247905889469747,NA,0.740544640856339,NA
6.6672404372,0.497014990438376,NA,0.248347209744851,NA,0.248667780693525,NA,0.745362200183227,NA
6.67330708,0.499797438264221,NA,0.250363457231852,NA,0.249433981032369,NA,0.750160895496072,NA
6.6793737228,0.502571773149962,NA,0.252367082625397,NA,0.250204690524565,NA,0.754938855775358,NA
6.6854403656,0.505337172382861,NA,0.254357070650059,NA,0.250980101732802,NA,0.75969424303292,NA
6.6915070084,0.508092811112968,NA,0.256332402427018,NA,0.25176040868595,NA,0.764425213539985,NA
6.6975736512,0.510837853767463,NA,0.25829204328822,NA,0.252545810479244,NA,0.769129897055683,NA
6.703640294,0.513571489611904,NA,0.260234995094412,NA,0.253336494517492,NA,0.773806484706317,NA
6.7097069368,0.51629286866653,NA,0.262160202486633,NA,0.254132666179896,NA,0.778453071153163,NA
6.7157735796,0.5190011873273,NA,0.264066677274205,NA,0.254934510053095,NA,0.783067864601506,NA
6.7218402224,0.52169560332856,NA,0.265953375585602,NA,0.255742227742958,NA,0.787648978914162,NA
6.7279068652,0.524375296820204,NA,0.267819285653431,NA,0.256556011166773,NA,0.792194582473635,NA
6.733973508,0.527039444002057,NA,0.269663389925427,NA,0.257376054076631,NA,0.796702833927484,NA
6.7400401508,0.529687204339116,NA,0.271484647572389,NA,0.258202556766727,NA,0.801171851911505,NA
6.7461067936,0.532317775413935,NA,0.273282070747109,NA,0.259035704666826,NA,0.805599846161044,NA
6.7521734364,0.534930296132538,NA,0.275054590371381,NA,0.259875705761157,NA,0.809984886503919,NA
6.7582400792,0.537523973447505,NA,0.276801231270075,NA,0.260722742177431,NA,0.81432520471758,NA
6.764306722,0.540097958448971,NA,0.278520941390707,NA,0.261577017058263,NA,0.818618899839678,NA
6.7703733648,0.542651434018629,NA,0.280212712312252,NA,0.262438721706377,NA,0.822864146330882,NA
6.7764400076,0.545183577536915,NA,0.28187552797067,NA,0.263308049566245,NA,0.827059105507585,NA
6.7825066504,0.547693543375808,NA,0.283508341213943,NA,0.264185202161865,NA,0.83120188458975,NA
6.7885732932,0.550180537500275,NA,0.28511017456774,NA,0.265070362932534,NA,0.835290712068015,NA
6.794639936,0.552643687767542,NA,0.286679945315447,NA,0.265963742452095,NA,0.839323633082989,NA
6.8007065788,0.555082211555976,NA,0.288216691135813,NA,0.266865520420163,NA,0.843298902691789,NA
6.8067732216,0.557495253442332,NA,0.289719351957067,NA,0.267775901485266,NA,0.847214605399399,NA
6.8128398644,0.559881998909277,NA,0.291186922542878,NA,0.268695076366399,NA,0.851068921452155,NA
6.8189065072,0.562241626648681,NA,0.292618388479102,NA,0.269623238169579,NA,0.854860015127783,NA
6.82497315,0.564573285808678,NA,0.294012696129236,NA,0.270560589679442,NA,0.858585981937914,NA
6.8310397928,0.566876190802064,NA,0.295368878472661,NA,0.271507312329403,NA,0.862245069274725,NA
6.8371064356,0.569149458502681,NA,0.296685839235188,NA,0.272463619267493,NA,0.865835297737868,NA
6.8431730784,0.571392316583853,NA,0.297962628787776,NA,0.273429687796077,NA,0.869354945371628,NA
6.8492397212,0.573603903239786,NA,0.299198179201034,NA,0.274405724038752,NA,0.87280208244082,NA
6.855306364,0.575783406423287,NA,0.300391488261663,NA,0.275391918161624,NA,0.876174894684949,NA
6.8613730068,0.577931884311724,NA,0.301544199321282,NA,0.276387684990442,NA,0.879476083633005,NA
6.8674396496,0.580061380933439,NA,0.302673495784369,NA,0.27738788514907,NA,0.882734876717809,NA
6.8735062924,0.582174242730377,NA,0.303782838483407,NA,0.27839140424697,NA,0.885957081213784,NA
6.8795729352,0.584270446823803,NA,0.304872349681379,NA,0.279398097142424,NA,0.889142796505181,NA
6.885639578,0.586350032424176,NA,0.305942225592362,NA,0.280407806831814,NA,0.892292258016537,NA
6.8917062208,0.588412989577647,NA,0.306992604132852,NA,0.281420385444795,NA,0.895405593710499,NA
6.8977728636,0.590459335047684,NA,0.308023654757904,NA,0.28243568028978,NA,0.898482989805589,NA
6.9038395064,0.592489081303231,NA,0.309035541712636,NA,0.283453539590595,NA,0.901524623015867,NA
6.9099061492,0.594502222709161,NA,0.310028408553882,NA,0.284473814155279,NA,0.904530631263044,NA
6.915972792,0.596498792335102,NA,0.311002442994945,NA,0.285496349340157,NA,0.907501235330047,NA
6.9220394348,0.598478767516868,NA,0.311957769554145,NA,0.286520997962723,NA,0.910436537071012,NA
6.9281060776,0.600442187163076,NA,0.312894582198344,NA,0.287547604964732,NA,0.91333676936142,NA
6.9341727204,0.602389041579061,NA,0.313813020332537,NA,0.288576021246524,NA,0.916202061911599,NA
6.9402393632,0.604319347311766,NA,0.314713252681998,NA,0.289606094629768,NA,0.919032599993765,NA
6.946306006,0.606233117004003,NA,0.315595443462909,NA,0.290637673541094,NA,0.921828560466912,NA
6.9523726488,0.608130344889433,NA,0.316459737019756,NA,0.291670607869677,NA,0.924590081909189,NA
6.9584392916,0.610011064039662,NA,0.317306319540284,NA,0.292704744499378,NA,0.927317383579946,NA
6.9645059344,0.611875252004336,NA,0.318135317785465,NA,0.293739934218871,NA,0.930010569789801,NA
6.9705725772,0.613722947391665,NA,0.318946923500322,NA,0.294776023891343,NA,0.932669870891986,NA
6.97663922,0.615554140764735,NA,0.319741277552974,NA,0.295812863211762,NA,0.935295418317709,NA
6.9827058628,0.617368848455392,NA,0.320518547964283,NA,0.296850300491109,NA,0.937887396419675,NA
6.9887725056,0.61916708327889,NA,0.321278898896129,NA,0.297888184382761,NA,0.940445982175019,NA
6.9948391484,0.620948839339104,NA,0.322022475506016,NA,0.298926363833088,NA,0.94297131484512,NA
7.0009057912,0.622714149708905,NA,0.32274946244345,NA,0.299964687265454,NA,0.945463612152355,NA
7.006972434,0.62446299215106,NA,0.323459988699368,NA,0.301003003451692,NA,0.947922980850428,NA
7.0130390768,0.626195404974792,NA,0.324154243822322,NA,0.30204116115247,NA,0.950349648797114,NA
7.0191057196,0.627911378999519,NA,0.324832370118187,NA,0.303079008881332,NA,0.952743749117707,NA
7.0251723624,0.629610930343412,NA,0.325494534928786,NA,0.304116395414626,NA,0.955105465272199,NA
7.0312390052,0.631294071992743,NA,0.326140902336322,NA,0.30515316965642,NA,0.957434974329065,NA
7.037305648,0.632960797923024,NA,0.32677161833669,NA,0.306189179586335,NA,0.959732416259714,NA
7.0433722908,0.634611141207681,NA,0.327386866028471,NA,0.307224275179211,NA,0.961998007236152,NA
7.0494389336,0.636245079821888,NA,0.32798677661988,NA,0.308258303202008,NA,0.964231856441769,NA
7.0555055764,0.637862651777309,NA,0.328571537488373,NA,0.309291114288936,NA,0.966434189265682,NA
7.0615722192,0.639463848148264,NA,0.329141292352206,NA,0.310322555796058,NA,0.968605140500471,NA
7.067638862,0.641048684840677,NA,0.329696207899535,NA,0.311352476941143,NA,0.970744892740212,NA
7.0737055048,0.642617175010411,NA,0.330236448107515,NA,0.312380726902896,NA,0.972853623117927,NA
7.0797721476,0.644169312506045,NA,0.330762159835804,NA,0.313407152670241,NA,0.974931472341849,NA
7.0858387904,0.645705130400843,NA,0.331273524619373,NA,0.314431605781471,NA,0.976978655020216,NA
7.0919054332,0.647224606881673,NA,0.331770675871028,NA,0.315453931010645,NA,0.978995282752701,NA
7.097972076,0.648727779664066,NA,0.3322537988225,NA,0.316473980841566,NA,0.980981578486567,NA
7.1040387188,0.65021464007582,NA,0.332723038579056,NA,0.317491601496764,NA,0.982937678654876,NA
7.1101053616,0.651685203812038,NA,0.333178561200555,NA,0.318506642611483,NA,0.984863765012593,NA
7.1161720044,0.653139484196746,NA,0.333620530533735,NA,0.319518953663011,NA,0.986760014730481,NA
7.1222386472,0.654577474953017,NA,0.334049094327385,NA,0.320528380625631,NA,0.988626569280402,NA
7.12830529,0.65599920915324,NA,0.334464432540182,NA,0.321534776613058,NA,0.990463641693422,NA
7.1343719328,0.657404665195264,NA,0.33486668077684,NA,0.322537984418424,NA,0.992271345972103,NA
7.1404385756,0.658793880499914,NA,0.33525602214873,NA,0.323537858351183,NA,0.994049902648644,NA
7.1465052184,0.660166846647037,NA,0.335632603122764,NA,0.324534243524273,NA,0.995799449769802,NA
7.1525718612,0.661523579122344,NA,0.335996589155874,NA,0.32552698996647,NA,0.997520168278218,NA
7.158638504,0.662864091416598,NA,0.336348143939008,NA,0.326515947477589,NA,0.999212235355606,NA
7.1647051468,0.664188377128789,NA,0.336687416135461,NA,0.327500960993328,NA,1.00087579326425,NA
7.1707717896,0.665496469329722,NA,0.337014584114926,NA,0.328481885214795,NA,1.00251105344465,NA
7.1768384324,0.66678834662751,NA,0.33732978566134,NA,0.32945856096617,NA,1.00411813228885,NA
7.1829050752,0.668064046149702,NA,0.337633201791091,NA,0.330430844358611,NA,1.00569724794079,NA
7.188971718,0.669320790290174,NA,0.337921063732569,NA,0.331399726557605,NA,1.00724185402274,NA
7.1950383608,0.670549884637445,NA,0.338181219004528,NA,0.332368665632918,NA,1.00873110364197,NA
7.2011050036,0.671751083395552,NA,0.338413464196162,NA,0.33333761919939,NA,1.01016454759171,NA
7.2071716464,0.672924796745956,NA,0.338618538220686,NA,0.33430625852527,NA,1.01154333496664,NA
7.2132382892,0.67407150172925,NA,0.338797245717473,NA,0.335274256011778,NA,1.01286874744672,NA
7.219304932,0.67519158487962,NA,0.338950303235223,NA,0.336241281644397,NA,1.01414188811484,NA
7.2253715748,0.676285528489478,NA,0.339078519691645,NA,0.337207008797833,NA,1.01536404818112,NA
7.2314382176,0.677353741664326,NA,0.339182633964409,NA,0.338171107699917,NA,1.01653637562874,NA
7.2375048604,0.678396670799714,NA,0.339263420365452,NA,0.339133250434262,NA,1.01766009116517,NA
7.2435715032,0.679414759725966,NA,0.339321650324518,NA,0.340093109401448,NA,1.01873641005048,NA
7.249638146,0.680408421285848,NA,0.339358067655163,NA,0.341050353630685,NA,1.01976648894101,NA
7.2557047888,0.681378128107444,NA,0.33937346914644,NA,0.342004658961004,NA,1.02075159725388,NA
7.2617714316,0.682324272573772,NA,0.339368581477052,NA,0.34295569109672,NA,1.02169285405082,NA
7.2678380744,0.683247331443293,NA,0.339344204105002,NA,0.343903127338291,NA,1.0225915355483,NA
7.2739047172,0.684147717289375,NA,0.339301081747389,NA,0.344846635541987,NA,1.02344879903676,NA
7.27997136,0.685025875105787,NA,0.339239986496996,NA,0.345785888608791,NA,1.02426586160278,NA
7.2860380028,0.685882248058548,NA,0.339161688382445,NA,0.346720559676103,NA,1.02504393644099,NA
7.2921046456,0.686717251720817,NA,0.339066936238694,NA,0.347650315482123,NA,1.02578418795951,NA
7.2981712884,0.687531354273623,NA,0.338956518943942,NA,0.34857483532968,NA,1.02648787321756,NA
7.3042379312,0.688324953914272,NA,0.338831173246367,NA,0.349493780667905,NA,1.02715612716064,NA
7.310304574,0.689098521936365,NA,0.338691689265327,NA,0.350406832671038,NA,1.02779021120169,NA
7.3163712168,0.689852474312044,NA,0.338538817436287,NA,0.351313656875757,NA,1.02839129174833,NA
7.3224378596,0.690587254702389,NA,0.338373327753941,NA,0.352213926948447,NA,1.02896058245633,NA
7.3285045024,0.691303305540022,NA,0.338195988724725,NA,0.353107316815298,NA,1.02949929426475,NA
7.3345711452,0.692001045197585,NA,0.338007554326058,NA,0.353993490871527,NA,1.03000859952364,NA
7.340637788,0.692680937374509,NA,0.33780880546476,NA,0.354872131909749,NA,1.03048974283927,NA
7.3467044308,0.693343386047844,NA,0.337600488897949,NA,0.355742897149895,NA,1.03094387494579,NA
7.3527710736,0.693988857115416,NA,0.3373833855274,NA,0.356605471588016,NA,1.03137224264282,NA
7.3588377164,0.694617789627679,NA,0.337158223457113,NA,0.357459566170567,NA,1.03177601308479,NA
7.3649043592,0.695232202337673,NA,0.33692354140134,NA,0.358308660936333,NA,1.03215574373901,NA
7.370971002,0.695833598837565,NA,0.336678604382162,NA,0.359154994455403,NA,1.03251220321973,NA
7.3770376448,0.696422475068904,NA,0.336424065998298,NA,0.359998409070606,NA,1.0328465410672,NA
7.3831042876,0.696999357958561,NA,0.336160603320758,NA,0.360838754637803,NA,1.03315996127932,NA
7.3891709304,0.697564734441999,NA,0.335888863859096,NA,0.361675870582903,NA,1.03345359830109,NA
7.3952375732,0.698119132187474,NA,0.335609524528921,NA,0.362509607658553,NA,1.0337286567164,NA
7.401304216,0.698663048663733,NA,0.335323240905715,NA,0.363339807758018,NA,1.03398628956945,NA
7.4073708588,0.699196996051009,NA,0.335030678774166,NA,0.364166317276843,NA,1.03422767482517,NA
7.4134375016,0.699721485940879,NA,0.334732503060137,NA,0.364988982880741,NA,1.03445398900102,NA
7.4195041444,0.700237017755938,NA,0.334429371978472,NA,0.365807645777465,NA,1.03466638973441,NA
7.4255707872,0.700744113092792,NA,0.334121955610231,NA,0.366622157482561,NA,1.03486606870302,NA
7.43163743,0.701243265509034,NA,0.333810910063822,NA,0.367432355445212,NA,1.03505417557286,NA
7.4377040728,0.701734996608145,NA,0.333496904420923,NA,0.368238092187222,NA,1.03523190102907,NA
7.4437707156,0.702219807517071,NA,0.333180598952194,NA,0.369039208564877,NA,1.03540040646927,NA
7.4498373584,0.702698209164422,NA,0.332862657885899,NA,0.369835551278523,NA,1.03556086705032,NA
7.4559040012,0.703170711986823,NA,0.332543744565571,NA,0.370626967421252,NA,1.03571445655239,NA
7.461970644,0.703637818968395,NA,0.332224521927138,NA,0.371413297041257,NA,1.03586234089553,NA
7.4680372868,0.704100046335238,NA,0.331905653009227,NA,0.372194393326011,NA,1.03600569934447,NA
7.4741039296,0.704557894226838,NA,0.331587802466622,NA,0.372970091760217,NA,1.03614569669346,NA
7.4801705724,0.705011878262377,NA,0.331271631652031,NA,0.373740246610346,NA,1.03628350991441,NA
7.4862372152,0.705462503146525,NA,0.330957805426331,NA,0.374504697720194,NA,1.03642030857286,NA
7.492303858,0.705910278636741,NA,0.33064698656632,NA,0.375263292070421,NA,1.03655726520306,NA
7.4983705008,0.706355713934229,NA,0.330339836728246,NA,0.376015877205983,NA,1.03669555066248,NA
7.5044371436,0.706799315665106,NA,0.330037023674075,NA,0.37676229199103,NA,1.03683633933918,NA
7.5105037864,0.707241594644729,NA,0.329739203347526,NA,0.377502391297203,NA,1.03698079799226,NA
7.5165704292,0.707683057554242,NA,0.329447048897277,NA,0.378236008656965,NA,1.03713010645152,NA
7.522637072,0.708124214109,NA,0.329161214052025,NA,0.378963000056975,NA,1.03728542816103,NA
7.5287037148,0.708565572510925,NA,0.328882368157905,NA,0.379683204353019,NA,1.03744794066883,NA
7.5347703576,0.709006680842247,NA,0.32860981417351,NA,0.380396866668737,NA,1.03761649501576,NA
7.5408370004,0.709432802112436,NA,0.328322652452675,NA,0.38111014965976,NA,1.03775545456511,NA
7.5469036432,0.709839076929875,NA,0.328013961728942,NA,0.381825115200933,NA,1.03785303865882,NA
7.552970286,0.710226030930332,NA,0.327684419466709,NA,0.382541611463622,NA,1.03791045039704,NA
7.5590369288,0.710594125056006,NA,0.327334633377048,NA,0.383259491678958,NA,1.03792875843305,NA
7.5651035716,0.710943885639911,NA,0.326965281405979,NA,0.383978604233932,NA,1.03790916704589,NA
7.5711702144,0.711275790737737,NA,0.326576989814676,NA,0.384698800923061,NA,1.03785278055241,NA
7.5772368572,0.711590341329004,NA,0.326170409349096,NA,0.385419931979908,NA,1.0377607506781,NA
7.5833035,0.711888039492166,NA,0.325746191738674,NA,0.386141847753492,NA,1.03763423123084,NA
7.5893701428,0.712169363514709,NA,0.325304963992909,NA,0.3868643995218,NA,1.03747432750762,NA
7.5954367856,0.712434833801397,NA,0.324847396744328,NA,0.387587437057068,NA,1.03728223054572,NA
7.6015034284,0.712684917714122,NA,0.324374106034266,NA,0.388310811679856,NA,1.03705902374839,NA
7.6075700712,0.712920135744774,NA,0.323885762255705,NA,0.389034373489069,NA,1.03680589800048,NA
7.613636714,0.71314096944434,NA,0.323382996170014,NA,0.389757973274326,NA,1.03652396561435,NA
7.6197033568,0.713347918642871,NA,0.3228664570758,NA,0.390481461567071,NA,1.03621437571867,NA
7.6257699996,0.71354148422246,NA,0.322336795097001,NA,0.391204689125459,NA,1.03587827931946,NA
7.6318366424,0.713722148012785,NA,0.32179464190146,NA,0.391927506111325,NA,1.03551678991424,NA
7.6379032852,0.713890425148381,NA,0.321240661238785,NA,0.392649763909596,NA,1.03513108638717,NA
7.643969928,0.714046789371612,NA,0.320675477429533,NA,0.393371311942079,NA,1.03472226680114,NA
7.6500365708,0.71419175541169,NA,0.320099753415736,NA,0.394092001995954,NA,1.03429150882743,NA
7.6561032136,0.71432580823645,NA,0.319514124356866,NA,0.394811683879583,NA,1.03383993259332,NA
7.6621698564,0.714449446604923,NA,0.318919238206273,NA,0.39553020839865,NA,1.0333686848112,NA
7.6682364992,0.714563170124396,NA,0.318315743380309,NA,0.396247426744087,NA,1.0328789135047,NA
7.674303142,0.714667464245179,NA,0.317704276307245,NA,0.396963187937934,NA,1.03237174055242,NA
7.6803697848,0.714762838792362,NA,0.317085493802732,NA,0.397677344989629,NA,1.03184833259509,NA
7.6864364276,0.714849773849554,NA,0.3164600284155,NA,0.398389745434053,NA,1.03130980226505,NA
7.6925030704,0.714928778461734,NA,0.315828535738721,NA,0.399100242723013,NA,1.03075731420046,NA
7.6985697132,0.715000340935144,NA,0.315191655227886,NA,0.399808685707258,NA,1.03019199616303,NA
7.704636356,0.715064959036237,NA,0.314550033593167,NA,0.40051492544307,NA,1.0296149926294,NA
7.7107029988,0.715123131019048,NA,0.31390431744125,NA,0.401218813577798,NA,1.0290274484603,NA
7.7167696416,0.715175346032967,NA,0.313255148062918,NA,0.40192019797005,NA,1.02843049409589,NA
7.7228362844,0.715222108554414,NA,0.312603175288821,NA,0.402618933265593,NA,1.02782528384323,NA
7.7289029272,0.715263904969022,NA,0.311949039844821,NA,0.403314865124201,NA,1.02721294481384,NA
7.73496957,0.715301238715983,NA,0.311293390077314,NA,0.404007848638668,NA,1.0265946287933,NA
7.7410362128,0.715334601361498,NA,0.310636869635724,NA,0.404697731725775,NA,1.02597147099722,NA
7.7471028556,0.715364489757888,NA,0.309980124089135,NA,0.405384365668753,NA,1.02534461384702,NA
7.7531694984,0.715391400727493,NA,0.309323798132474,NA,0.406067602595019,NA,1.02471519885997,NA
7.7592361412,0.715415827197226,NA,0.308668538021129,NA,0.406747289176097,NA,1.02408436521836,NA
7.765302784,0.715438268255614,NA,0.308014986549702,NA,0.407423281705911,NA,1.02345325480532,NA
7.7713694268,0.715459216551094,NA,0.307363792570146,NA,0.408095423980948,NA,1.02282300912124,NA
7.7774360696,0.715479169995512,NA,0.306715597284167,NA,0.408763572711346,NA,1.02219476727968,NA
7.7835027124,0.715498623336588,NA,0.306071048433031,NA,0.409427574903557,NA,1.02156967176962,NA
7.7895693552,0.715518072590952,NA,0.305430790546827,NA,0.410087282044125,NA,1.02094886313778,NA
7.795635998,0.715538013070806,NA,0.304795466306635,NA,0.410742546764172,NA,1.02033347937744,NA
7.8017026408,0.715558941559031,NA,0.304165727034531,NA,0.4113932145245,NA,1.01972466859356,NA
7.8077692836,0.715581351717037,NA,0.303542208438029,NA,0.412039143279008,NA,1.01912356015507,NA
7.8138359264,0.715605742416844,NA,0.302925567444126,NA,0.412680174972718,NA,1.01853130986097,NA
7.8199025692,0.715632606121398,NA,0.302316438211929,NA,0.413316167909469,NA,1.01794904433333,NA
7.825969212,0.71566244068149,NA,0.301715472472462,NA,0.413946968209028,NA,1.01737791315395,NA
7.8320358548,0.715695741356506,NA,0.301123313818896,NA,0.41457242753761,NA,1.0168190551754,NA
7.8381024976,0.715733001870065,NA,0.300540602816383,NA,0.415192399053682,NA,1.01627360468645,NA
7.8441691404,0.715774722939458,NA,0.299967995955775,NA,0.415806726983683,NA,1.01574271889523,NA
7.8502357832,0.71582139275976,NA,0.299406121806453,NA,0.416415270953307,NA,1.01522751456621,NA
7.856302426,0.71587351638735,NA,0.298855645319416,NA,0.417017871067934,NA,1.01472916170677,NA
7.8623690688,0.71592961036789,NA,0.298314406939208,NA,0.417615203428682,NA,1.0142440173071,NA
7.8684357116,0.715978006838319,NA,0.297765853089526,NA,0.418212153748793,NA,1.01374385992784,NA
7.8745023544,0.716016910200838,NA,0.297207387727385,NA,0.418809522473452,NA,1.01322429792822,NA
7.8805689972,0.716046594238948,NA,0.296639340515156,NA,0.419407253723792,NA,1.0126859347541,NA
7.88663564,0.716067318258203,NA,0.296062026131762,NA,0.420005292126441,NA,1.01212934438997,NA
7.8927022828,0.71607936569652,NA,0.295475784173094,NA,0.420603581523426,NA,1.01155514986961,NA
7.8987689256,0.716082990917289,NA,0.294880924339153,NA,0.421202066578137,NA,1.01096391525644,NA
7.9048355684,0.716078476390408,NA,0.29427778511409,NA,0.421800691276318,NA,1.0103562615045,NA
7.9109022112,0.716066084555401,NA,0.293666684536374,NA,0.422399400019027,NA,1.00973276909177,NA
7.916968854,0.716046086613787,NA,0.293047949574938,NA,0.422998137038848,NA,1.00909403618873,NA
7.9230354968,0.716018755549839,NA,0.292421908910239,NA,0.4235968466396,NA,1.00844066446008,NA
7.9291021396,0.715984352743958,NA,0.291788879742455,NA,0.424195473001503,NA,1.00777323248641,NA
7.9351687824,0.715943158693874,NA,0.291149198110707,NA,0.424793960583167,NA,1.00709235680458,NA
7.9412354252,0.715895431158228,NA,0.290503177803456,NA,0.425392253354772,NA,1.00639860896168,NA
7.947302068,0.715841449621942,NA,0.289851153720217,NA,0.425990295901725,NA,1.00569260334216,NA
7.9533687108,0.715781478233897,NA,0.289193445944755,NA,0.426588032289142,NA,1.00497492417865,NA
7.9594353536,0.715715787761876,NA,0.28853038094005,NA,0.427185406821827,NA,1.00424616870193,NA
7.9655019964,0.71564465034827,NA,0.287862286353168,NA,0.427782363995102,NA,1.00350693670144,NA
7.9715686392,0.71556832949098,NA,0.287189481957019,NA,0.428378847533961,NA,1.002757811448,NA
7.977635282,0.71548710272622,NA,0.286512300208215,NA,0.428974802518005,NA,1.00199940293444,NA
7.9837019248,0.715401231186556,NA,0.285831058957941,NA,0.429570172228615,NA,1.0012322901445,NA
7.9897685676,0.715310991414593,NA,0.285146089572552,NA,0.430164901842041,NA,1.00045708098715,NA
7.9958352104,0.715216649225909,NA,0.284457714129631,NA,0.430758935096278,NA,0.99967436335554,NA
8.0019018532,0.715118474997208,NA,0.28376625863768,NA,0.431352216359528,NA,0.998884733634888,NA
8.007968496,0.715016739986341,NA,0.283072049658904,NA,0.431944690327437,NA,0.998088789645244,NA
8.0140351388,0.714911709851369,NA,0.282375409590414,NA,0.432536300260954,NA,0.997287119441783,NA
8.0201017816,0.71480365914566,NA,0.281676667280581,NA,0.43312699186508,NA,0.996480326426241,NA
8.0261684244,0.714692852354377,NA,0.28097614461757,NA,0.433716707736807,NA,0.995668996971947,NA
8.0322350672,0.714579563120464,NA,0.280274169486056,NA,0.434305393634408,NA,0.99485373260652,NA
8.03830171,0.714464058883538,NA,0.279571065905962,NA,0.434892992977576,NA,0.994035124789501,NA
8.0443683528,0.714346609671884,NA,0.278867159482791,NA,0.435479450189093,NA,0.993213769154676,NA
8.0504349956,0.714227485816154,NA,0.278162775642407,NA,0.436064710173747,NA,0.992390261458562,NA
8.0565016384,0.714106955177226,NA,0.277458239457602,NA,0.436648715719624,NA,0.991565194634829,NA
8.0625682812,0.713985289304296,NA,0.276753876142764,NA,0.437231413161533,NA,0.99073916544706,NA
8.068634924,0.713862756013793,NA,0.276050011597304,NA,0.437812744416489,NA,0.989912767611097,NA
8.0747015668,0.713739626091654,NA,0.27534697027569,NA,0.438392655815965,NA,0.989086596367344,NA
8.0807682096,0.713616168558886,NA,0.274645078088711,NA,0.438971090470175,NA,0.988261246647598,NA
8.0868348524,0.713492653138006,NA,0.273944660290345,NA,0.439547992847661,NA,0.98743731342835,NA
8.0929014952,0.713369349189811,NA,0.27324604111864,NA,0.440123308071172,NA,0.986615390308451,NA
8.098968138,0.713246526820654,NA,0.272549548373544,NA,0.44069697844711,NA,0.985796075194199,NA
8.1050347808,0.713124454554229,NA,0.271855503609725,NA,0.441268950944504,NA,0.984979958163955,NA
8.1111014236,0.713003403516903,NA,0.271164236712104,NA,0.441839166804799,NA,0.984167640229006,NA
8.1171680664,0.712883641680267,NA,0.270476068756414,NA,0.442407572923853,NA,0.983359710436681,NA
8.1232347092,0.712765439604055,NA,0.269791327492838,NA,0.442974112111217,NA,0.982556767096893,NA
8.129301352,0.712649066747674,NA,0.269110337875301,NA,0.443538728872373,NA,0.981759404622975,NA
8.1353679948,0.712534791459414,NA,0.268433422902562,NA,0.444101368556851,NA,0.980968214361976,NA
8.1414346376,0.712422886133754,NA,0.267760913153201,NA,0.444661972980552,NA,0.980183799286955,NA
8.1475012804,0.712313616247561,NA,0.267093126496427,NA,0.445220489751134,NA,0.979406742743987,NA
8.1535679232,0.71220725621581,NA,0.266430396776931,NA,0.445776859438879,NA,0.97863765299274,NA
8.159634566,0.712104071238403,NA,0.26577304174319,NA,0.446331029495213,NA,0.977877112981594,NA
8.1657012088,0.712004333371145,NA,0.265121390933304,NA,0.446882942437841,NA,0.977125724304449,NA
8.1717678516,0.711908311852991,NA,0.264475769052621,NA,0.44743254280037,NA,0.976384080905612,NA
8.1778344944,0.711816273977063,NA,0.263836497809136,NA,0.447979776167926,NA,0.975652771786199,NA
8.1839011372,0.711728494468627,NA,0.263203910611535,NA,0.448524583857092,NA,0.974932405080162,NA
8.18996778,0.711645235736391,NA,0.262578321617829,NA,0.449066914118562,NA,0.974223557354221,NA
8.1960344228,0.711566775462615,NA,0.261960068606746,NA,0.449606706855869,NA,0.973526844069361,NA
8.2021010656,0.711493376118164,NA,0.26134946605098,NA,0.450143910067184,NA,0.972842842169144,NA
8.2081677084,0.711425247323089,NA,0.260746754872141,NA,0.450678492450948,NA,0.972172002195231,NA
8.2142343512,0.711357674120936,NA,0.260145211113173,NA,0.451212463007762,NA,0.971502885234109,NA
8.220300994,0.711287643324533,NA,0.259540517392666,NA,0.451747125931867,NA,0.970828160717199,NA
8.2263676368,0.711215272616369,NA,0.258932784552305,NA,0.452282488064064,NA,0.970148057168675,NA
8.2324342796,0.711140686263245,NA,0.258322132020204,NA,0.452818554243041,NA,0.969462818283448,NA
8.2385009224,0.711064001106421,NA,0.257708669429392,NA,0.453355331677029,NA,0.968772670535814,NA
8.2445675652,0.71098534074523,NA,0.257092515433363,NA,0.453892825311866,NA,0.968077856178593,NA
8.250634208,0.710904824198301,NA,0.25647378251382,NA,0.454431041684481,NA,0.967378606712121,NA
8.2567008508,0.710822572294497,NA,0.25585258559238,NA,0.454969986702117,NA,0.966675157886878,NA
8.2627674936,0.710738706499219,NA,0.255229040574975,NA,0.455509665924244,NA,0.965967747074194,NA
8.2688341364,0.710653345518258,NA,0.25460325926664,NA,0.456050086251618,NA,0.965256604784897,NA
8.2749007792,0.710566612255602,NA,0.253975359804864,NA,0.456591252450738,NA,0.964541972060466,NA
8.280967422,0.710478625023721,NA,0.253345453225528,NA,0.457133171798192,NA,0.963824078249249,NA
8.2870340648,0.710389506181851,NA,0.252713656994323,NA,0.457675849187527,NA,0.963103163176174,NA
8.2931007076,0.710299375418096,NA,0.252080084238432,NA,0.458219291179664,NA,0.962379459656528,NA
8.2991673504,0.710208353462466,NA,0.251444849776313,NA,0.458763503686153,NA,0.961653203238779,NA
8.3052339932,0.710116561308594,NA,0.250808069074737,NA,0.459308492233857,NA,0.960924630383331,NA
8.311300636,0.710024118704658,NA,0.25016985492022,NA,0.459854263784438,NA,0.960193973624879,NA
8.3173672788,0.709931147182295,NA,0.249530324150565,NA,0.46040082303173,NA,0.95946147133286,NA
8.3234339216,0.709837766515638,NA,0.24888958919543,NA,0.460948177320207,NA,0.958727355711068,NA
8.3295005644,0.709744097842912,NA,0.248247766350843,NA,0.461496331492069,NA,0.957991864193755,NA
8.3355672072,0.709650261502615,NA,0.24760496937133,NA,0.462045292131284,NA,0.957255230873945,NA
8.34163385,0.709556378144981,NA,0.246961312990326,NA,0.462595065154655,NA,0.956517691135307,NA
8.3477004928,0.709462568272799,NA,0.246316912217305,NA,0.463145656055493,NA,0.955779480490104,NA
8.3537671356,0.709368952695712,NA,0.245671880838401,NA,0.463697071857311,NA,0.955040833534112,NA
8.3598337784,0.709275651563464,NA,0.245026334382658,NA,0.464249317180805,NA,0.954301985946122,NA
8.3659004212,0.709182786102313,NA,0.244380386664452,NA,0.464802399437861,NA,0.953563172766765,NA
8.371967064,0.709090476248555,NA,0.243734152828275,NA,0.46535632342028,NA,0.952824629076831,NA
8.3780337068,0.708998842971997,NA,0.243087747237867,NA,0.46591109573413,NA,0.952086590209864,NA
8.3841003496,0.708908006862183,NA,0.242441284559771,NA,0.466466722302412,NA,0.951349291421954,NA
8.3901669924,0.708818087911972,NA,0.241794879328031,NA,0.467023208583941,NA,0.950612967240003,NA
8.3962336352,0.708729208011557,NA,0.241148646346533,NA,0.467580561665024,NA,0.94987785435809,NA
8.402300278,0.708641485919248,NA,0.240502699826498,NA,0.46813878609275,NA,0.949144185745746,NA
8.4083669208,0.708555044303887,NA,0.239857154957945,NA,0.468697889345941,NA,0.948412199261832,NA
8.4144335636,0.70847000191892,NA,0.239212125751973,NA,0.469257876166947,NA,0.947682127670893,NA
8.4205002064,0.708386480346383,NA,0.238567727163395,NA,0.469818753182988,NA,0.946954207509778,NA
8.4265668492,0.708304600134212,NA,0.237924073810002,NA,0.47038052632421,NA,0.946228673944214,NA
8.432633492,0.708224480746255,NA,0.237281279732269,NA,0.470943201013986,NA,0.945505760478524,NA
8.4387001348,0.708146245172335,NA,0.23663946076997,NA,0.471506784402365,NA,0.944785705942305,NA
8.4447667776,0.708070010769788,NA,0.235998729807435,NA,0.472071280962352,NA,0.944068740577223,NA
8.4508334204,0.707995901640498,NA,0.235359203401263,NA,0.472636698239235,NA,0.943355105041762,NA
8.4569000632,0.707924035374145,NA,0.234720994447289,NA,0.473203040926856,NA,0.942645029821435,NA
8.462966706,0.707854534145913,NA,0.234084218473268,NA,0.473770315672645,NA,0.941938752619181,NA
8.4690333488,0.707787518481208,NA,0.233448990066371,NA,0.474338528414837,NA,0.941236508547578,NA
8.4750999916,0.707723107295787,NA,0.23281542275537,NA,0.474907684540417,NA,0.940538530051158,NA
8.4811666344,0.707661424698186,NA,0.232183633434065,NA,0.475477791264121,NA,0.939845058132251,NA
8.4872332772,0.707602586635224,NA,0.231553733650825,NA,0.476048852984398,NA,0.939156320286049,NA
8.49329992,0.707546718632289,NA,0.230925841319759,NA,0.47662087731253,NA,0.938472559952048,NA
8.4993665628,0.707493937134373,NA,0.230300068239577,NA,0.477193868894796,NA,0.93779400537395,NA
8.5054332056,0.707444364890726,NA,0.229676530492838,NA,0.477767834397888,NA,0.937120895383565,NA
8.5114998484,0.707396848182176,NA,0.229057144703325,NA,0.47833970347885,NA,0.936453992885501,NA
8.5175664912,0.707348701139809,NA,0.228445989632387,NA,0.478902711507422,NA,0.935794690772196,NA
8.523633134,0.707299951003761,NA,0.227843321847668,NA,0.479456629156093,NA,0.935143272851428,NA
8.5296997768,0.707250730680251,NA,0.227249225560034,NA,0.480001505120217,NA,0.934499956240286,NA
8.5357664196,0.707201171502304,NA,0.226663813818446,NA,0.480537357683858,NA,0.93386498532075,NA
8.5418330624,0.707151405931672,NA,0.226087173099655,NA,0.481064232832017,NA,0.933238579031327,NA
8.5478997052,0.707101565815993,NA,0.225519407940696,NA,0.481582157875297,NA,0.932620973756689,NA
8.553966348,0.70705178324454,NA,0.224960616585369,NA,0.482091166659172,NA,0.932012399829909,NA
8.5600329908,0.707001114628794,NA,0.224409370617506,NA,0.482591744011288,NA,0.9314104852463,NA
8.5660996336,0.706947046209994,NA,0.223862038306526,NA,0.483085007903468,NA,0.930809084516519,NA
8.5721662764,0.706889561307473,NA,0.223318493294716,NA,0.483571068012757,NA,0.93020805460219,NA
8.5782329192,0.706828753093355,NA,0.222778793567543,NA,0.484049959525812,NA,0.929607546660898,NA
8.584299562,0.70676472494545,NA,0.222242985416082,NA,0.484521739529368,NA,0.929007710361532,NA
8.5903662048,0.706697573494215,NA,0.221711123045329,NA,0.484986450448886,NA,0.928408696539543,NA
8.5964328476,0.706627397703833,NA,0.22118325796275,NA,0.485444139741083,NA,0.927810655666583,NA
8.6024994904,0.706554298352967,NA,0.220659439018599,NA,0.485894859334368,NA,0.927213737371566,NA
8.6085661332,0.706478370523015,NA,0.220139723213438,NA,0.486338647309577,NA,0.926618093736452,NA
8.614632776,0.706399717734418,NA,0.219624155165799,NA,0.486775562568619,NA,0.926023872900218,NA
8.6206994188,0.706318434343389,NA,0.219112793446864,NA,0.487205640896526,NA,0.925431227790253,NA
8.6267660616,0.706234622755396,NA,0.218605683903861,NA,0.487628938851535,NA,0.924840306659257,NA
8.6328327044,0.706148380105351,NA,0.218102880941746,NA,0.488045499163605,NA,0.924251261047096,NA
8.6388993472,0.706059805320867,NA,0.217604436111913,NA,0.488455369208954,NA,0.92366424143278,NA
8.64496599,0.705968998749293,NA,0.217110397976801,NA,0.488858600772492,NA,0.923079396726094,NA
8.6510326328,0.705876056371226,NA,0.216620824068673,NA,0.489255232302553,NA,0.922496880439899,NA
8.6570992756,0.705781080559592,NA,0.216135758376421,NA,0.48964532218317,NA,0.921916838936013,NA
8.6631659184,0.705684166846866,NA,0.215655260052859,NA,0.490028906794007,NA,0.921339426899725,NA
8.6692325612,0.705585416681822,NA,0.21517937450953,NA,0.490406042172292,NA,0.920764791191352,NA
8.675299204,0.705484927688181,NA,0.214708156343189,NA,0.490776771344992,NA,0.920193084031371,NA
8.6813658468,0.705382798772634,NA,0.214241657157318,NA,0.491141141615317,NA,0.919624455929952,NA
8.6874324896,0.705279129835566,NA,0.213779925218381,NA,0.491499204617184,NA,0.919059055053947,NA
8.6934991324,0.705174017772423,NA,0.213323018598501,NA,0.491850999173921,NA,0.918497036370924,NA
8.6995657752,0.705067563800788,NA,0.21287098065285,NA,0.492196583147938,NA,0.917938544453638,NA
8.705632418,0.704959864621581,NA,0.212423871111799,NA,0.492535993509782,NA,0.91738373573338,NA
8.7116990608,0.704851020742523,NA,0.211981734959359,NA,0.492869285783164,NA,0.916832755701882,NA
8.7177657036,0.704741130260502,NA,0.211544626975929,NA,0.493196503284573,NA,0.916285757236431,NA
8.7238323464,0.704630292076929,NA,0.211112598825233,NA,0.493517693251696,NA,0.915742890902162,NA
8.7298989892,0.704518605629581,NA,0.210685698469609,NA,0.493832907159972,NA,0.915204304099191,NA
8.735965632,0.704406168744399,NA,0.210263984529191,NA,0.494142184215207,NA,0.91467015327359,NA
8.7420322748,0.704293081475801,NA,0.209847499721356,NA,0.494445581754445,NA,0.914140581197158,NA
8.7480989176,0.704179441685327,NA,0.209436304349953,NA,0.494743137335375,NA,0.91361574603528,NA
8.7541655604,0.704065348955294,NA,0.209030442979615,NA,0.495034905975679,NA,0.913095791934909,NA
8.7602322032,0.703950901840108,NA,0.208629970566235,NA,0.495320931273873,NA,0.912580872406342,NA
8.766298846,0.703836199251546,NA,0.208234938841928,NA,0.495601260409617,NA,0.912071138093474,NA
8.7723654888,0.703721340149134,NA,0.207845395456755,NA,0.495875944692379,NA,0.911566735605888,NA
8.7784321316,0.70360642330495,NA,0.207461399587014,NA,0.496145023717936,NA,0.911067822891965,NA
8.7844987744,0.703491547602427,NA,0.20708299330821,NA,0.496408554294218,NA,0.910574540910637,NA
8.7905654172,0.703376812055901,NA,0.206710237493591,NA,0.49666657456231,NA,0.910087049549492,NA
8.79663206,0.70326231533793,NA,0.20634317629657,NA,0.49691913904136,NA,0.9096054916345,NA
8.8026987028,0.703148156444792,NA,0.205981864840376,NA,0.497166291604417,NA,0.909130021285168,NA
8.8087653456,0.70303443431428,NA,0.205626354933674,NA,0.497408079380605,NA,0.908660789247954,NA
8.8148319884,0.702921247412017,NA,0.205276693906087,NA,0.497644553505931,NA,0.908197941318104,NA
8.8208986312,0.702808695471871,NA,0.204932941498238,NA,0.497875753973632,NA,0.907741636970109,NA
8.826965274,0.70269687619846,NA,0.204595139139679,NA,0.498101737058781,NA,0.907292015338139,NA
8.8330319168,0.702585889751096,NA,0.204263348268981,NA,0.498322541482115,NA,0.906849238020077,NA
8.8390985596,0.702475833908225,NA,0.203937612636494,NA,0.498538221271731,NA,0.906413446544719,NA
8.8451652024,0.702366808092351,NA,0.203617987524621,NA,0.49874882056773,NA,0.905984795616972,NA
8.8512318452,0.702258911282925,NA,0.203304524826739,NA,0.498954386456186,NA,0.905563436109664,NA
8.857298488,0.702152241436028,NA,0.202997271543875,NA,0.499154969892152,NA,0.905149512979903,NA
8.8633651308,0.702046899262955,NA,0.202696287989134,NA,0.499350611273821,NA,0.904743187252089,NA
8.8694317736,0.701942981281695,NA,0.202401614942034,NA,0.499541366339661,NA,0.904344596223729,NA
8.8754984164,0.701840588788708,NA,0.202113314402395,NA,0.499727274386313,NA,0.903953903191103,NA
8.8815650592,0.701739818683974,NA,0.201831429725654,NA,0.49990838895832,NA,0.903571248409628,NA
8.887631702,0.701640770800578,NA,0.201556016345241,NA,0.500084754455337,NA,0.903196787145819,NA
8.8936983448,0.701543544175277,NA,0.201287126247393,NA,0.500256417927884,NA,0.90283067042267,NA
8.8997649876,0.701448236238959,NA,0.20102480609639,NA,0.500423430142569,NA,0.902473042335349,NA
8.9058316304,0.701354792910426,NA,0.200768896471901,NA,0.500585896438525,NA,0.902123689382328,NA
8.9118982732,0.70126171044906,NA,0.20051717608113,NA,0.50074453436793,NA,0.901778886530189,NA
8.917964916,0.701168632231967,NA,0.200269058288193,NA,0.500899573943774,NA,0.90143769052016,NA
8.9240315588,0.701075617932515,NA,0.200024534635604,NA,0.501051083296911,NA,0.901100152568119,NA
8.9300982016,0.700982727259469,NA,0.199783603396784,NA,0.501199123862685,NA,0.900766330656253,NA
8.9361648444,0.700890019942007,NA,0.199546260966505,NA,0.501343758975502,NA,0.900436280908512,NA
8.9422314872,0.700797555472852,NA,0.199312500776338,NA,0.501485054696514,NA,0.900110056249191,NA
8.94829813,0.700705393957457,NA,0.199082324052498,NA,0.501623069904958,NA,0.899787718009955,NA
8.9543647728,0.70061359451157,NA,0.198855720756958,NA,0.501757873754612,NA,0.899469315268529,NA
8.9604314156,0.700522217458783,NA,0.198632692872247,NA,0.501889524586536,NA,0.89915491033103,NA
8.9664980584,0.700431321945957,NA,0.198413232015776,NA,0.502018089930181,NA,0.898844553961733,NA
8.9725647012,0.700340967925906,NA,0.198197336404417,NA,0.502143631521489,NA,0.898538304330323,NA
8.978631344,0.700251215166217,NA,0.197985002471142,NA,0.502266212695075,NA,0.89823621763736,NA
8.9846979868,0.700162122838747,NA,0.197776223627673,NA,0.502385899211074,NA,0.89793834646642,NA
8.9907646296,0.70007375165227,NA,0.197571001101722,NA,0.502502750550548,NA,0.897644752753992,NA
8.9968312724,0.699986159999552,NA,0.197369324881886,NA,0.502616835117666,NA,0.897355484881438,NA
9.0028979152,0.699899408884035,NA,0.19717119688618,NA,0.502728211997855,NA,0.897070605770215,NA
9.008964558,0.699813556935525,NA,0.196976608806299,NA,0.502836948129226,NA,0.896790165741823,NA
9.0150312008,0.699728664341434,NA,0.196785558803181,NA,0.502943105538253,NA,0.896514223144615,NA
9.0210978436,0.699644790917205,NA,0.196598043347382,NA,0.503046747569824,NA,0.896242834264587,NA
9.0271644864,0.699561995504385,NA,0.19641405583139,NA,0.503147939672995,NA,0.895976051335776,NA
9.0332311292,0.699480339424515,NA,0.1962335974838,NA,0.503246741940716,NA,0.895713936908315,NA
9.039297772,0.699399880342654,NA,0.19605665832014,NA,0.503343222022513,NA,0.895456538662794,NA
9.0453644148,0.699320679937373,NA,0.195883240194218,NA,0.503437439743155,NA,0.895203920131591,NA
9.0514310576,0.699242796330865,NA,0.195713334871399,NA,0.503529461459466,NA,0.894956131202264,NA
9.0574977004,0.6991662899357,NA,0.195546940457302,NA,0.503619349478398,NA,0.894713230393001,NA
9.0635643432,0.69909122062462,NA,0.19538405345945,NA,0.503707167165171,NA,0.89447527408407,NA
9.069630986,0.699017646899416,NA,0.195224667251715,NA,0.503792979647701,NA,0.894242314151131,NA
9.0756976288,0.69894563070384,NA,0.195068783062958,NA,0.503876847640883,NA,0.894014413766798,NA
9.0817642716,0.698875228970524,NA,0.194916390935948,NA,0.503958838034576,NA,0.893791619906472,NA
9.0878309144,0.698806504048444,NA,0.194767492660588,NA,0.504039011387856,NA,0.893573996709032,NA
9.0938975572,0.698739513561627,NA,0.194622080075303,NA,0.504117433486324,NA,0.893361593636931,NA
9.0999642,0.698674318138353,NA,0.194480151231006,NA,0.504194166907348,NA,0.893154469369359,NA
9.1060308428,0.698610977718111,NA,0.194341702671574,NA,0.504269275046537,NA,0.892952680389685,NA
9.1120974856,0.698549550453487,NA,0.194206727752875,NA,0.504342822700612,NA,0.892756278206362,NA
9.1181641284,0.698490098919894,NA,0.194075227703423,NA,0.504414871216471,NA,0.892565326623317,NA
9.1242307712,0.69843267931281,NA,0.193947192593534,NA,0.504485486719276,NA,0.892379871906345,NA
9.130297414,0.698377354646898,NA,0.193822624149517,NA,0.504554730497381,NA,0.892199978796415,NA
9.1363640568,0.698324182057459,NA,0.193701514282239,NA,0.50462266777522,NA,0.892025696339699,NA
9.1424306996,0.698273222379042,NA,0.19358386098852,NA,0.504689361390522,NA,0.891857083367561,NA
9.1484973424,0.698224535627324,NA,0.19346966084798,NA,0.504754874779344,NA,0.891694196475304,NA
9.1545639852,0.698178179596246,NA,0.193358907199097,NA,0.50481927239715,NA,0.891537086795343,NA
9.160630628,0.698134217502325,NA,0.193251601269423,NA,0.504882616232902,NA,0.891385818771747,NA
9.1666972708,0.698092704799162,NA,0.193147733157127,NA,0.504944971642035,NA,0.891240437956289,NA
9.1727639136,0.698053705162381,NA,0.193047304525232,NA,0.50500640063715,NA,0.891101009687613,NA
9.1788305564,0.69801727524801,NA,0.192950307356432,NA,0.505066967891578,NA,0.890967582604442,NA
9.1848971992,0.697983476087414,NA,0.192856739594071,NA,0.505126736493343,NA,0.890840215681485,NA
9.190963842,0.697952367781909,NA,0.192766597852896,NA,0.505185769929013,NA,0.890718965634806,NA
9.1970304848,0.697924007757343,NA,0.192679875454607,NA,0.505244132302736,NA,0.89060388321195,NA
9.2030971276,0.69789845988078,NA,0.192596573625183,NA,0.505301886255598,NA,0.890495033505963,NA
9.2091637704,0.697875778859226,NA,0.192516682490953,NA,0.505359096368273,NA,0.89039246135018,NA
9.2152304132,0.697856029024544,NA,0.192440203651958,NA,0.505415825372586,NA,0.890296232676501,NA
9.221297056,0.697839266562927,NA,0.19236712916211,NA,0.505472137400817,NA,0.890206395725037,NA
9.2273636988,0.697825552693119,NA,0.192297456911886,NA,0.505528095781232,NA,0.890123009605005,NA
9.2334303416,0.697815223205523,NA,0.192231573299332,NA,0.505583649906191,NA,0.890046796504855,NA
9.2394969844,0.697809517009306,NA,0.192171143033635,NA,0.505638373975671,NA,0.889980660042941,NA
9.2455636272,0.697808525094387,NA,0.192116204762724,NA,0.505692320331663,NA,0.889924729857111,NA
9.25163027,0.697812168034383,NA,0.192066560010665,NA,0.505745608023718,NA,0.889878728045047,NA
9.2576969128,0.69782038201666,NA,0.192022028169756,NA,0.505798353846904,NA,0.889842410186416,NA
9.2637635556,0.697833090460218,NA,0.19198241425443,NA,0.505850676205788,NA,0.889815504714648,NA
9.2698301984,0.697850224481227,NA,0.191947531858456,NA,0.505902692622771,NA,0.889797756339683,NA
9.2758968412,0.697871713587238,NA,0.191917192695238,NA,0.505954520892,NA,0.889788906282476,NA
9.281963484,0.697897482996973,NA,0.19189120416685,NA,0.506006278830124,NA,0.889788687163823,NA
9.2880301268,0.697927467924325,NA,0.191869383671116,NA,0.506058084253209,NA,0.889796851595442,NA
9.2940967696,0.697961589796269,NA,0.191851535036915,NA,0.506110054759354,NA,0.889813124833185,NA
9.3001634124,0.697999783980366,NA,0.191837475520093,NA,0.506162308460273,NA,0.889837259500459,NA
9.3062300552,0.698041974530202,NA,0.191827011740237,NA,0.506214962789965,NA,0.889868986270439,NA
9.312296698,0.698088092264245,NA,0.191819956580195,NA,0.50626813568405,NA,0.889908048844441,NA
9.3183633408,0.698138066650862,NA,0.19181612157006,NA,0.506321945080802,NA,0.889954188220923,NA
9.3244299836,0.698191823284848,NA,0.191815315189451,NA,0.506376508095397,NA,0.890007138474299,NA
9.3304966264,0.698249296667135,NA,0.191817352864413,NA,0.506431943802722,NA,0.890066649531548,NA
9.3365632692,0.698310409083692,NA,0.191822040743588,NA,0.506488368340103,NA,0.89013244982728,NA
9.342629912,0.698375095087906,NA,0.191829193961322,NA,0.506545901126583,NA,0.890204289049228,NA
9.3486965548,0.698443279356683,NA,0.191838620712456,NA,0.506604658644228,NA,0.890281900069139,NA
9.3547631976,0.698514892422059,NA,0.191850133198816,NA,0.506664759223243,NA,0.890365025620875,NA
9.3608298404,0.698589863701947,NA,0.191863542737283,NA,0.506726320964664,NA,0.89045340643923,NA
9.3668964832,0.69866811917848,NA,0.191878658914922,NA,0.506789460263558,NA,0.890546778093402,NA
9.372963126,0.698749592628367,NA,0.191895295156098,NA,0.506854297472269,NA,0.890644887784465,NA
9.3790297688,0.698834207202201,NA,0.191913259944168,NA,0.506920947258033,NA,0.89074746714637,NA
9.3850964116,0.698921896644829,NA,0.191932366306928,NA,0.506989530337901,NA,0.890854262951758,NA
9.3911630544,0.699012586245213,NA,0.191952423984569,NA,0.507060162260644,NA,0.890965010229783,NA
9.3972296972,0.699106206260218,NA,0.191973244527802,NA,0.507132961732416,NA,0.89107945078802,NA
9.40329634,0.699202686046042,NA,0.191994639010389,NA,0.507208047035653,NA,0.891197325056431,NA
9.4093629828,0.69930195198342,NA,0.192016418156747,NA,0.507285533826673,NA,0.891318370140166,NA
9.4154296256,0.699403937113571,NA,0.192038393359655,NA,0.507365543753916,NA,0.891442330473226,NA
9.4214962684,0.699508565457347,NA,0.192060375452139,NA,0.507448190005209,NA,0.891568940909486,NA
9.4275629112,0.699615769956687,NA,0.192082175370395,NA,0.507533594586292,NA,0.891697945327081,NA
9.433629554,0.699725476501342,NA,0.192103604370061,NA,0.507621872131281,NA,0.891829080871404,NA
9.4396961968,0.699837615084274,NA,0.192124473380637,NA,0.507713141703637,NA,0.89196208846491,NA
9.4457628396,0.699952114988697,NA,0.192144593202862,NA,0.507807521785835,NA,0.892096708191559,NA
9.4518294824,0.700068903005217,NA,0.192163775728408,NA,0.507905127276809,NA,0.892232678733625,NA
9.4578961252,0.700187911428298,NA,0.192181830288567,NA,0.508006081139731,NA,0.892369741716865,NA
9.463962768,0.70030906515468,NA,0.192198570080982,NA,0.508110495073698,NA,0.892507635235662,NA
9.4700294108,0.700432296329029,NA,0.192213803965205,NA,0.508218492363824,NA,0.892646100294234,NA
9.4760960536,0.70055753143062,NA,0.192227344682416,NA,0.508330186748204,NA,0.892784876113036,NA
9.4821626964,0.700684700199775,NA,0.192239002570803,NA,0.508445697628972,NA,0.892923702770578,NA
9.4882293392,0.700813731835463,NA,0.192248588128185,NA,0.508565143707278,NA,0.893062319963648,NA
9.494295982,0.700944553549423,NA,0.19225591444339,NA,0.508688639106033,NA,0.893200467992812,NA
9.5003626248,0.701077096878097,NA,0.192260788756318,NA,0.508816308121779,NA,0.893337885634415,NA
9.5064292676,0.701211287599751,NA,0.192263026644183,NA,0.508948260955568,NA,0.893474314243934,NA
9.5124959104,0.701347057067406,NA,0.192262434904842,NA,0.509084622162564,NA,0.893609491972247,NA
9.5185625532,0.701484332338597,NA,0.192258827735116,NA,0.509225504603481,NA,0.893743160073712,NA
9.524629196,0.701623042912274,NA,0.192252014911785,NA,0.509371028000488,NA,0.893875057824059,NA
9.5306958388,0.701763117891891,NA,0.192241806599842,NA,0.509521311292049,NA,0.894004924491733,NA
9.5367624816,0.701904484921587,NA,0.192228017115175,NA,0.509676467806412,NA,0.894132502036762,NA
9.5428291244,0.70204707476852,NA,0.192210451576391,NA,0.509836623192129,NA,0.894257526344911,NA
9.5488957672,0.702190814098109,NA,0.192188927955225,NA,0.510001886142884,NA,0.894379742053334,NA
9.55496241,0.702335633477367,NA,0.19216325100279,NA,0.510172382474577,NA,0.894498884480157,NA
9.5610290528,0.702481460530823,NA,0.192133236341645,NA,0.510348224189178,NA,0.894614696872468,NA
9.5670956956,0.702628224527319,NA,0.192098693217066,NA,0.510529531310253,NA,0.894726917744385,NA
9.5731623384,0.70277585446353,NA,0.192059431431317,NA,0.510716423032213,NA,0.894835285894847,NA
9.5792289812,0.70292437481387,NA,0.1920154028685,NA,0.510908971945371,NA,0.89493977768237,NA
9.585295624,0.703076802373823,NA,0.191970775903003,NA,0.51110602647082,NA,0.895047578276827,NA
9.5913622668,0.703234538275828,NA,0.191927454864696,NA,0.511307083411132,NA,0.895161993140524,NA
9.5974289096,0.703397516482091,NA,0.191885248378051,NA,0.51151226810404,NA,0.895282764860142,NA
9.6034955524,0.703565657020806,NA,0.191843961932701,NA,0.511721695088104,NA,0.895409618953507,NA
9.6095621952,0.703738887816288,NA,0.191803402680365,NA,0.511935485135923,NA,0.895542290496653,NA
9.615628838,0.703917135873936,NA,0.191763377381522,NA,0.512153758492415,NA,0.895680513255458,NA
9.62169548080001,0.704100322340206,NA,0.191723692435969,NA,0.512376629904237,NA,0.895824014776174,NA
9.6277621236,0.70428838079901,NA,0.191684154837178,NA,0.512604225961832,NA,0.895972535636189,NA
9.6338287664,0.704481228229585,NA,0.191644571159292,NA,0.512836657070292,NA,0.896125799388877,NA
9.6398954092,0.704678797759817,NA,0.191604747925693,NA,0.513074049834125,NA,0.89628354568551,NA
9.64596205200001,0.704881010038196,NA,0.191564492099187,NA,0.513316517939009,NA,0.896445502137382,NA
9.6520286948,0.705087792720148,NA,0.191523610273087,NA,0.513564182447061,NA,0.896611402993235,NA
9.6580953376,0.705299072728553,NA,0.191481908851509,NA,0.513817163877045,NA,0.896780981580062,NA
9.6641619804,0.705514771643792,NA,0.191439195505383,NA,0.514075576138409,NA,0.896953967149175,NA
9.67022862320001,0.705734822264448,NA,0.19139527504228,NA,0.514339547222168,NA,0.897130097306727,NA
9.676295266,0.705958983761407,NA,0.191350180965103,NA,0.514608802796304,NA,0.89730916472651,NA
9.6823619088,0.706185300945932,NA,0.191306387022833,NA,0.514878913923099,NA,0.897491687968766,NA
9.6884285516,0.706413121861951,NA,0.191264512266596,NA,0.515148609595356,NA,0.897677634128547,NA
9.6944951944,0.706642341514134,NA,0.191224408573393,NA,0.515417932940741,NA,0.897866750087527,NA
9.7005618372,0.706872854596605,NA,0.191185927405407,NA,0.515686927191197,NA,0.898058782002012,NA
9.70662848,0.707104554357204,NA,0.191148918433838,NA,0.515955635923366,NA,0.898253472791042,NA
9.7126951228,0.707337336963324,NA,0.191113234926847,NA,0.516224102036477,NA,0.898450571890171,NA
9.7187617656,0.707571094891315,NA,0.191078725642605,NA,0.51649236924871,NA,0.898649820533921,NA
9.7248284084,0.707805723960065,NA,0.19104524337622,NA,0.516760480583844,NA,0.898850967336285,NA
9.7308950512,0.708041117622911,NA,0.191012638109415,NA,0.517028479513495,NA,0.899053755732326,NA
9.736961694,0.708277170584784,NA,0.190980761298836,NA,0.517296409285947,NA,0.89925793188362,NA
9.7430283368,0.708513777339681,NA,0.190949464122209,NA,0.517564313217472,NA,0.89946324146189,NA
9.7490949796,0.708750831835437,NA,0.190918597240001,NA,0.517832234595436,NA,0.899669429075438,NA
9.7551616224,0.708988229039583,NA,0.190888012226295,NA,0.518100216813288,NA,0.899876241265878,NA
9.7612282652,0.70922586277402,NA,0.190857559737627,NA,0.518368303036393,NA,0.900083422511648,NA
9.767294908,0.709463627720572,NA,0.190827090966979,NA,0.518636536753593,NA,0.900290718687551,NA
9.7733615508,0.709701418115463,NA,0.190796456997673,NA,0.51890496111779,NA,0.900497875113137,NA
9.7794281936,0.709939128380605,NA,0.19076550888957,NA,0.519173619491035,NA,0.900704637270174,NA
9.7854948364,0.710176652793147,NA,0.190734097512368,NA,0.51944255528078,NA,0.900910750305515,NA
9.7915614792,0.710413886017638,NA,0.190702074539374,NA,0.519711811478264,NA,0.901115960557012,NA
9.797628122,0.710650721805028,NA,0.190669289827018,NA,0.51998143197801,NA,0.901320011632046,NA
9.8036947648,0.710887055331132,NA,0.190635595941992,NA,0.52025145938914,NA,0.901522651273124,NA
9.8097614076,0.711122780149062,NA,0.190600842486931,NA,0.520521937662131,NA,0.901723622635994,NA
9.8158280504,0.71135779126122,NA,0.190564881623193,NA,0.520792909638027,NA,0.901922672884413,NA
9.8218946932,0.711591982823206,NA,0.190527564037415,NA,0.521064418785791,NA,0.902119546860621,NA
9.827961336,0.711825248878614,NA,0.190488740267706,NA,0.521336508610907,NA,0.90231398914632,NA
9.8340279788,0.712057484825415,NA,0.190448263023777,NA,0.521609221801638,NA,0.902505747849192,NA
9.8400946216,0.71228858318127,NA,0.190405980420839,NA,0.521882602760431,NA,0.90269456360211,NA
9.8461612644,0.712518440484259,NA,0.190361746947521,NA,0.522156693536738,NA,0.902880187431781,NA
9.8522279072,0.712746949167146,NA,0.1903154106279,NA,0.522431538539246,NA,0.903062359795046,NA
9.85829455,0.712974004981788,NA,0.190266824677795,NA,0.522707180303993,NA,0.903240829659583,NA
9.8643611928,0.713199501834196,NA,0.190215839434195,NA,0.522983662400001,NA,0.903415341268392,NA
9.8704278356,0.713423333517688,NA,0.190162305080046,NA,0.523261028437642,NA,0.903585638597735,NA
9.8764944784,0.713645396180378,NA,0.190106075385033,NA,0.523539320795345,NA,0.903751471565411,NA
9.8825611212,0.713865581089917,NA,0.190046996699581,NA,0.523818584390337,NA,0.903912577789498,NA
9.888627764,0.714083786155011,NA,0.189984925446038,NA,0.524098860708973,NA,0.904068711601049,NA
9.8946944068,0.714299902696431,NA,0.189919708081707,NA,0.524380194614724,NA,0.904219610778138,NA
9.9007610496,0.714513827198777,NA,0.189851198853303,NA,0.524662628345474,NA,0.90436502605208,NA
9.9068276924,0.714725656019508,NA,0.189779534410651,NA,0.524946121608857,NA,0.90450519043016,NA
9.9128943352,0.714937183575645,NA,0.189707252823367,NA,0.525229930752278,NA,0.904644436399012,NA
9.918960978,0.715148850482974,NA,0.189634977853746,NA,0.525513872629228,NA,0.90478382833672,NA
9.9250276208,0.715360646438507,NA,0.18956269505541,NA,0.525797951383097,NA,0.904923341493917,NA
9.9310942636,0.715572560686986,NA,0.1894903900147,NA,0.526082170672286,NA,0.905062950701687,NA
9.9371609064,0.715784582878438,NA,0.189418048253269,NA,0.526366534625169,NA,0.905202631131708,NA
9.9432275492,0.715996702380875,NA,0.189345655369523,NA,0.526651047011352,NA,0.905342357750398,NA
9.949294192,0.716208908706471,NA,0.189273196914422,NA,0.526935711792049,NA,0.905482105620894,NA
9.9553608348,0.716421191354256,NA,0.189200658416999,NA,0.527220532937257,NA,0.905621849771255,NA
9.9614274776,0.716633539733639,NA,0.189128025536348,NA,0.527505514197291,NA,0.905761565269987,NA
9.9674941204,0.716845943418162,NA,0.189055283654607,NA,0.527790659763555,NA,0.905901227072769,NA
9.9735607632,0.717058391788591,NA,0.188982418545777,NA,0.528075973242813,NA,0.906040810334368,NA
9.979627406,0.717270874383625,NA,0.188909415579824,NA,0.528361458803801,NA,0.90618028996345,NA
9.9856940488,0.717483380645354,NA,0.188836260454693,NA,0.528647120190661,NA,0.906319641100047,NA
9.9917606916,0.717695900061678,NA,0.18876293869013,NA,0.528932961371548,NA,0.906458838751807,NA
9.9978273344,0.717908422106097,NA,0.188689435778055,NA,0.529218986328042,NA,0.906597857884152,NA
10.0038939772,0.718120936263352,NA,0.188615737483001,NA,0.529505198780352,NA,0.906736673746353,NA
10.00996062,0.718333431981852,NA,0.188541829013342,NA,0.52979160296851,NA,0.906875260995194,NA
10.0160272628,0.718545898779216,NA,0.18846769633188,NA,0.530078202447337,NA,0.907013595111096,NA
10.0220939056,0.718758326083653,NA,0.188393324658033,NA,0.53036500142562,NA,0.907151650741685,NA
10.0281605484,0.718970703409659,NA,0.188318699787002,NA,0.530652003622657,NA,0.907289403196661,NA
10.0342271912,0.71918302022253,NA,0.188243807209605,NA,0.530939213012925,NA,0.907426827432135,NA
10.040293834,0.71939526596857,NA,0.188168632378365,NA,0.531226633590205,NA,0.907563898346935,NA
10.0463604768,0.719607430209517,NA,0.188093161165537,NA,0.53151426904398,NA,0.907700591375054,NA
10.0524271196,0.71981950226698,NA,0.188017378603447,NA,0.531802123663533,NA,0.907836880870427,NA
10.0584937624,0.720031471796266,NA,0.187941270844838,NA,0.532090200951428,NA,0.907972742641104,NA
10.0645604052,0.720243328115923,NA,0.187864822959726,NA,0.532378505156196,NA,0.908108151075649,NA
10.070627048,0.720455060811194,NA,0.187788020838283,NA,0.532667039972911,NA,0.908243081649477,NA
10.0766936908,0.72066665932643,NA,0.187710849944681,NA,0.532955809381749,NA,0.908377509271111,NA
10.0827603336,0.720878113079077,NA,0.187633295689762,NA,0.533244817389315,NA,0.90851140876884,NA
10.0888269764,0.721089411709535,NA,0.18755534405579,NA,0.533534067653746,NA,0.908644755765325,NA
10.0948936192,0.721300544410948,NA,0.187476979896755,NA,0.533823564514194,NA,0.908777524307703,NA
10.100960262,0.721511500977142,NA,0.187398189556486,NA,0.534113311420656,NA,0.908909690533628,NA
10.1070269048,0.721722270617839,NA,0.187318957956738,NA,0.534403312661101,NA,0.909041228574577,NA
10.1130935476,0.721932842987361,NA,0.187239271080368,NA,0.534693571906993,NA,0.90917211406773,NA
10.1191601904,0.722143207510783,NA,0.187159114367191,NA,0.534984093143592,NA,0.909302321877973,NA
10.1252268332,0.722353353575023,NA,0.187078473184079,NA,0.535274880390943,NA,0.909431826759102,NA
10.131293476,0.722563270900811,NA,0.186997333625591,NA,0.53556593727522,NA,0.909560604526401,NA
10.1373601188,0.722772948551159,NA,0.186915680365097,NA,0.535857268186062,NA,0.909688628916256,NA
10.1434267616,0.722982376459248,NA,0.186833499938655,NA,0.536148876520594,NA,0.909815876397903,NA
10.1494934044,0.723191543726804,NA,0.1867507771209,NA,0.536440766605904,NA,0.909942320847703,NA
10.1555600472,0.723400440075563,NA,0.18666749798509,NA,0.536732942090473,NA,0.910067938060653,NA
10.16162669,0.723609054912988,NA,0.186583647948965,NA,0.537025406964023,NA,0.910192702861954,NA
10.1676933328,0.723817377593809,NA,0.186499212333148,NA,0.53731816526066,NA,0.910316589926957,NA
10.1737599756,0.724025397920746,NA,0.186414177346773,NA,0.537611220573973,NA,0.910439575267518,NA
10.1798266184,0.724233104825017,NA,0.186328527480307,NA,0.53790457734471,NA,0.910561632305324,NA
10.1858932612,0.724440488379987,NA,0.186242249463178,NA,0.538198238916809,NA,0.910682737843165,NA
10.191959904,0.72464753758022,NA,0.186155327924044,NA,0.538492209656176,NA,0.910802865504264,NA
10.1980265468,0.724854242213203,NA,0.186067749024281,NA,0.538786493188922,NA,0.910921991237485,NA
10.2040931896,0.725060591670451,NA,0.185979498161838,NA,0.539081093508613,NA,0.911040089832289,NA
10.2101598324,0.725266575272838,NA,0.185890560608801,NA,0.539376014664036,NA,0.911157135881639,NA
10.2162264752,0.725472182906743,NA,0.185800922691167,NA,0.539671260215575,NA,0.91127310559791,NA
10.222293118,0.725677403369922,NA,0.185710568714216,NA,0.539966834655707,NA,0.911387972084138,NA
10.2283597608,0.72588222687676,NA,0.185619485601886,NA,0.540262741274874,NA,0.911501712478646,NA
10.2344264036,0.726086642315491,NA,0.185527657838003,NA,0.540558984477488,NA,0.911614300153494,NA
10.2404930464,0.726290639537684,NA,0.185435071669774,NA,0.54085556786791,NA,0.911725711207457,NA
10.2465596892,0.726494207920574,NA,0.185341712477641,NA,0.541152495442933,NA,0.911835920398214,NA
10.252626332,0.726697337320935,NA,0.185247566290985,NA,0.541449771029951,NA,0.91194490361192,NA
10.2586929748,0.726900333767311,NA,0.185153066526817,NA,0.541747267240495,NA,0.912053400294128,NA
10.2647596176,0.727103469930259,NA,0.185058598950805,NA,0.542044870979454,NA,0.912162068881065,NA
10.2708262604,0.727306732499313,NA,0.184964145497048,NA,0.542342587002265,NA,0.912270877996361,NA
10.2768929032,0.727510108600773,NA,0.184869688163123,NA,0.542640420437649,NA,0.912379796763896,NA
10.282959546,0.727713585076366,NA,0.184775208934949,NA,0.542938376141416,NA,0.912488794011315,NA
10.2890261888,0.727917148901489,NA,0.18468068979888,NA,0.543236459102609,NA,0.912597838700368,NA
10.2950928316,0.728120787050605,NA,0.184586112707575,NA,0.54353467434303,NA,0.91270689975818,NA
10.3011594744,0.728324486401419,NA,0.184491459729013,NA,0.543833026672407,NA,0.912815946130432,NA
10.3072261172,0.728528233991044,NA,0.184396712685864,NA,0.544131521305179,NA,0.912924946676908,NA
10.31329276,0.728732016681983,NA,0.184301853751859,NA,0.544430162930124,NA,0.913033870433843,NA
10.3193594028,0.728935821466695,NA,0.184206864740758,NA,0.544728956725937,NA,0.913142686207453,NA
10.3254260456,0.729139635270297,NA,0.184111727751759,NA,0.545027907518538,NA,0.913251363022056,NA
10.3314926884,0.729343445046572,NA,0.184016424743196,NA,0.545327020303376,NA,0.913359869789768,NA
10.3375593312,0.729547237729821,NA,0.183920937610489,NA,0.545626300119332,NA,0.91346817534031,NA
10.343625974,0.729751000299688,NA,0.183825248564118,NA,0.54592575173557,NA,0.913576248863806,NA
10.3496926168,0.729954719629568,NA,0.18372933919899,NA,0.546225380430578,NA,0.913684058828558,NA
10.3557592596,0.730158382755974,NA,0.183633191929895,NA,0.546525190826079,NA,0.91379157468587,NA
10.3618259024,0.730361976538551,NA,0.183536788388202,NA,0.546825188150349,NA,0.913898764926753,NA
10.3678925452,0.730565487983743,NA,0.183440110783536,NA,0.547125377200207,NA,0.914005598767279,NA
10.373959188,0.730768904025782,NA,0.183343141049064,NA,0.547425762976719,NA,0.914112045074846,NA
10.3800258308,0.730972211556745,NA,0.183245861020113,NA,0.547726350536632,NA,0.914218072576858,NA
10.3860924736,0.731175397660276,NA,0.183148253052516,NA,0.54802714460776,NA,0.914323650712792,NA
10.3921591164,0.731378449043993,NA,0.183050298510567,NA,0.548328150533426,NA,0.91442874755456,NA
10.3982257592,0.731581352919446,NA,0.182951980051541,NA,0.548629372867905,NA,0.914533332970987,NA
10.404292402,0.7317840960145,NA,0.182853279125838,NA,0.548930816888662,NA,0.914637375140339,NA
10.4103590448,0.731986665414862,NA,0.182754178050664,NA,0.549232487364199,NA,0.914740843465526,NA
10.4164256876,0.73218904803728,NA,0.182654658736866,NA,0.549534389300414,NA,0.914843706774146,NA
10.4224923304,0.732391230729536,NA,0.18255470295683,NA,0.549836527772706,NA,0.914945933686366,NA
10.4285589732,0.732593200681345,NA,0.182454293214591,NA,0.550138907466754,NA,0.915047493895936,NA
10.434625616,0.732794944432478,NA,0.18235341064098,NA,0.550441533791498,NA,0.915148355073458,NA
10.4406922588,0.732996449370559,NA,0.182252038137181,NA,0.550744411233378,NA,0.91524848750774,NA
10.4467589016,0.733197702092704,NA,0.182150156974053,NA,0.551047545118651,NA,0.915347859066756,NA
10.4528255444,0.733398689761816,NA,0.182047749573528,NA,0.551350940188289,NA,0.915446439335344,NA
10.4588921872,0.733599399279224,NA,0.181944797826988,NA,0.551654601452236,NA,0.915544197106213,NA
10.46495883,0.733799817446354,NA,0.181841283441025,NA,0.551958534005329,NA,0.915641100887379,NA
10.4710254728,0.733999931561054,NA,0.181737189070727,NA,0.552262742490327,NA,0.91573712063178,NA
10.4770921156,0.734199727993185,NA,0.181632495610612,NA,0.552567232382573,NA,0.915832223603796,NA
10.4831587584,0.734399194307472,NA,0.181527186207197,NA,0.552872008100275,NA,0.91592638051467,NA
10.4892254012,0.734598316971321,NA,0.181421241953228,NA,0.553177075018093,NA,0.916019558924549,NA
10.495292044,0.734797083222765,NA,0.181314645372511,NA,0.553482437850254,NA,0.916111728595276,NA
10.5013586868,0.734995479949777,NA,0.181207378339813,NA,0.553788101609963,NA,0.91620285828959,NA
10.5074253296,0.73519349390536,NA,0.181099422493081,NA,0.554094071412279,NA,0.916292916398441,NA
10.5134919724,0.735391112497564,NA,0.180990760641308,NA,0.554400351856256,NA,0.916381873138873,NA
10.5195586152,0.735588321924272,NA,0.180881373439847,NA,0.554706948484425,NA,0.916469695364118,NA
10.525625258,0.735785109928347,NA,0.180771244281976,NA,0.555013865646372,NA,0.916556354210323,NA
10.5316919008,0.735981462848513,NA,0.180660354083749,NA,0.555321108764764,NA,0.916641816932262,NA
10.5377585436,0.736177367995867,NA,0.180548685467998,NA,0.555628682527869,NA,0.916726053463865,NA
10.5438251864,0.736372812247096,NA,0.180436220295726,NA,0.55593659195137,NA,0.916809032542822,NA
10.5498918292,0.736567782304714,NA,0.180322940133383,NA,0.556244842171331,NA,0.916890722438097,NA
10.555958472,0.736762265689036,NA,0.180208827946719,NA,0.556553437742316,NA,0.916971093635755,NA
10.5620251148,0.7369562484239,NA,0.18009386414907,NA,0.55686238427483,NA,0.91705011257297,NA
10.5680917576,0.737149718431344,NA,0.179978032381901,NA,0.557171686049443,NA,0.917127750813244,NA
10.5741584004,0.737342661922439,NA,0.179861313385999,NA,0.55748134853644,NA,0.917203975308439,NA
10.5802250432,0.737535091900668,NA,0.17974372611448,NA,0.557791365786187,NA,0.917278818015148,NA
10.586291686,0.737727411205279,NA,0.179625840690373,NA,0.558101570514905,NA,0.917353251895652,NA
10.5923583288,0.737919751248071,NA,0.179507843329938,NA,0.558411907918132,NA,0.917427594578009,NA
10.5984249716,0.738112095196939,NA,0.179389710841592,NA,0.558722384355346,NA,0.917501806038531,NA
10.6044916144,0.738304426208343,NA,0.179271419587769,NA,0.559033006620574,NA,0.917575845796112,NA
10.6105582572,0.73849672749065,NA,0.17915294653857,NA,0.55934378095208,NA,0.91764967402922,NA
10.6166249,0.738688982170272,NA,0.17903426807763,NA,0.559654714092642,NA,0.917723250247901,NA
10.6226915428,0.738881173456846,NA,0.178915361019046,NA,0.5599658124378,NA,0.917796534475892,NA
10.6287581856,0.739073284522645,NA,0.178796201989175,NA,0.56027708253347,NA,0.917869486511821,NA
10.6348248284,0.739265298485295,NA,0.178676767484692,NA,0.560588531000602,NA,0.917942065969987,NA
10.6408914712,0.739457198654252,NA,0.178557034512063,NA,0.560900164142189,NA,0.918014233166315,NA
10.646958114,0.739648967964784,NA,0.178436979125163,NA,0.56121198883962,NA,0.918085947089947,NA
10.6530247568,0.739840589854633,NA,0.178316578613212,NA,0.561524011241421,NA,0.918157168467845,NA
10.6590913996,0.740032047284101,NA,0.178195809130116,NA,0.561836238153985,NA,0.918227856414217,NA
10.6651580424,0.740223323557488,NA,0.178074647619752,NA,0.562148675937736,NA,0.91829797117724,NA
10.6712246852,0.740414401832035,NA,0.177953070689205,NA,0.56246133114283,NA,0.91836747252124,NA
10.677291328,0.740605265160767,NA,0.177831054743914,NA,0.562774210416854,NA,0.918436319904681,NA
10.6833579708,0.740795896997373,NA,0.177708576992089,NA,0.563087320005284,NA,0.918504473989461,NA
10.6894246136,0.740986280053258,NA,0.177585613175351,NA,0.563400666877907,NA,0.91857189322861,NA
10.6954912564,0.741176397996877,NA,0.177462140903888,NA,0.563714257092989,NA,0.918638538900765,NA
10.7015578992,0.741366233623749,NA,0.177338136103723,NA,0.564028097520026,NA,0.918704369727472,NA
10.707624542,0.741555770330176,NA,0.177213575844819,NA,0.564342194485357,NA,0.918769346174995,NA
10.7136911848,0.741744991261027,NA,0.177088436718683,NA,0.564656554542344,NA,0.918833427979711,NA
10.7197578276,0.74193387940207,NA,0.176962695035822,NA,0.564971184366248,NA,0.918896574437893,NA
10.7258244704,0.742122418353882,NA,0.176836328209889,NA,0.565286090143993,NA,0.918958746563771,NA
10.7318911132,0.742310590601348,NA,0.176709311666555,NA,0.565601278934794,NA,0.919019902267903,NA
10.737957756,0.742498380044963,NA,0.176581623338819,NA,0.565916756706144,NA,0.919080003383782,NA
10.7440243988,0.742685769316797,NA,0.176453238926672,NA,0.566232530390125,NA,0.919139008243469,NA
10.7500910416,0.742872741902491,NA,0.176324135622467,NA,0.566548606280023,NA,0.919196877524958,NA
10.7561576844,0.743059280937205,NA,0.17619429000583,NA,0.566864990931375,NA,0.919253570943035,NA
10.7622243272,0.743245369336786,NA,0.17606367828864,NA,0.567181691048145,NA,0.919309047625426,NA
10.76829097,0.743430990851361,NA,0.175932278093686,NA,0.567498712757675,NA,0.919363268945046,NA
10.7743576128,0.743616127736635,NA,0.175800064526994,NA,0.567816063209641,NA,0.919416192263628,NA
10.7804242556,0.743800764126472,NA,0.175667015846226,NA,0.568133748280246,NA,0.919467779972697,NA
10.7864908984,0.743984882490827,NA,0.175533107527184,NA,0.568451774963643,NA,0.919517990018011,NA
10.7925575412,0.744168466402013,NA,0.175398316880919,NA,0.568770149521095,NA,0.919566783282932,NA
10.798624184,0.74435149898815,NA,0.175262620478868,NA,0.569088878509282,NA,0.919614119467017,NA
10.8046908268,0.744533963092493,NA,0.175125994430588,NA,0.569407968661905,NA,0.919659957523081,NA
10.8107574696,0.744715842617391,NA,0.1749884165717,NA,0.569727426045691,NA,0.91970425918909,NA
10.8168241124,0.7448971195867,NA,0.17484986168489,NA,0.57004725790181,NA,0.919746981271589,NA
10.8228907552,0.745077778368986,NA,0.174710308354329,NA,0.570367470014657,NA,0.919788086723315,NA
10.828957398,0.745257977244729,NA,0.174569482972468,NA,0.570688494272262,NA,0.919827460217197,NA
10.8350240408,0.745437917694196,NA,0.174427054915784,NA,0.571010862778412,NA,0.91986497260998,NA
10.8410906836,0.745617579334467,NA,0.174283005710385,NA,0.571334573624081,NA,0.919900585044852,NA
10.8471573264,0.745796940799937,NA,0.174137317205624,NA,0.571659623594314,NA,0.919934258005561,NA
10.8532239692,0.745975981308358,NA,0.173989974297694,NA,0.571986007010664,NA,0.919965955606052,NA
10.859290612,0.746154679022287,NA,0.173840956571308,NA,0.572313722450979,NA,0.919995635593596,NA
10.8653572548,0.746333013444897,NA,0.173690250153499,NA,0.572642763291398,NA,0.920023263598396,NA
10.8714238976,0.746510962883027,NA,0.173537835511888,NA,0.572973127371139,NA,0.920048798394915,NA
10.8774905404,0.746688506437958,NA,0.173383696740678,NA,0.57330480969728,NA,0.920072203178636,NA
10.8835571832,0.746865622903939,NA,0.173227816526412,NA,0.573637806377527,NA,0.920093439430351,NA
10.889623826,0.747042290823645,NA,0.173070176628256,NA,0.573972114195389,NA,0.920112467451901,NA
10.8956904688,0.747218489606804,NA,0.17291076211393,NA,0.574307727492873,NA,0.920129251720734,NA
10.9017571116,0.747394197123739,NA,0.172749552315281,NA,0.574644644808458,NA,0.92014374943902,NA
10.9078237544,0.747569393173287,NA,0.172586533607104,NA,0.574982859566183,NA,0.920155926780391,NA
10.9138903972,0.747744055860021,NA,0.172421686300804,NA,0.575322369559217,NA,0.920165742160826,NA
10.91995704,0.747918164390662,NA,0.172254994560359,NA,0.575663169830303,NA,0.92017315895102,NA
10.9260236828,0.748091697554274,NA,0.172086441083874,NA,0.576005256470399,NA,0.920178138638148,NA
10.9320903256,0.748264880184279,NA,0.17191635597978,NA,0.576348524204499,NA,0.920181236164058,NA
10.9381569684,0.748438118357382,NA,0.171745327612031,NA,0.576692790745352,NA,0.920183445969413,NA
10.9442236112,0.748611405510412,NA,0.171573357489269,NA,0.577038048021143,NA,0.92018476299968,NA
10.950290254,0.748784727344405,NA,0.171400440161883,NA,0.577384287182521,NA,0.920185167506288,NA
10.9563568968,0.748958069694927,NA,0.171226567003375,NA,0.577731502691552,NA,0.920184636698301,NA
10.9624235396,0.749131418335294,NA,0.171051731386972,NA,0.578079686948323,NA,0.920183149722266,NA
10.9684901824,0.749304759063955,NA,0.170875925940418,NA,0.578428833123538,NA,0.920180685004373,NA
10.9745568252,0.749478077654691,NA,0.170699142734328,NA,0.578778934920364,NA,0.920177220389019,NA
10.980623468,0.749651359943631,NA,0.170521375718717,NA,0.579129984224913,NA,0.920172735662348,NA
10.9866901108,0.749824591628727,NA,0.17034261562227,NA,0.579481976006457,NA,0.920167207250997,NA
10.9927567536,0.749997758608878,NA,0.170162857102801,NA,0.579834901506077,NA,0.920160615711679,NA
10.9988233964,0.750170846583534,NA,0.169982091469119,NA,0.580188755114415,NA,0.920152938052653,NA
11.0048900392,0.750343841397632,NA,0.169800312120449,NA,0.580543529277184,NA,0.920144153518081,NA
11.010956682,0.750516728845244,NA,0.169617511693194,NA,0.58089921715205,NA,0.920134240538438,NA
11.0170233248,0.750689494637284,NA,0.169433682214654,NA,0.58125581242263,NA,0.920123176851937,NA
11.0230899676,0.75086212473999,NA,0.169248817712814,NA,0.581613307027176,NA,0.920110942452805,NA
11.0291566104,0.751034604653963,NA,0.169062908803734,NA,0.581971695850229,NA,0.920097513457697,NA
11.0352232532,0.751206920477081,NA,0.168875950253232,NA,0.582330970223849,NA,0.920082870730313,NA
11.041289896,0.751379057773804,NA,0.16868793330601,NA,0.582691124467794,NA,0.920066991079813,NA
11.0473565388,0.751551002458442,NA,0.168498851386124,NA,0.583052151072317,NA,0.920049853844566,NA
11.0534231816,0.751722740322938,NA,0.1683086971398,NA,0.583414043183137,NA,0.920031437462738,NA
11.0594898244,0.751894257013088,NA,0.168117462549862,NA,0.583776794463227,NA,0.92001171956295,NA
11.0655564672,0.752065538627497,NA,0.167925141723425,NA,0.584140396904071,NA,0.919990680350922,NA
11.07162311,0.752236570467154,NA,0.167731725162764,NA,0.58450484530439,NA,0.919968295629917,NA
11.0776897528,0.752407338830047,NA,0.167537207742281,NA,0.584870131087766,NA,0.919944546572328,NA
11.0837563956,0.75257782914677,NA,0.16734158064315,NA,0.58523624850362,NA,0.91991940978992,NA
11.0898230384,0.752748027398755,NA,0.167144837313101,NA,0.585603190085654,NA,0.919892864711857,NA
11.0958896812,0.752917919378069,NA,0.16694697040934,NA,0.585970948968728,NA,0.919864889787409,NA
11.101956324,0.75308749066314,NA,0.166747971869056,NA,0.586339518794084,NA,0.919835462532196,NA
11.1080229668,0.753256727487182,NA,0.166547835879653,NA,0.586708891607529,NA,0.919804563366835,NA
11.1140896096,0.753425614949332,NA,0.166346552828463,NA,0.587079062120869,NA,0.919772167777795,NA
11.1201562524,0.753594139548809,NA,0.166144117699052,NA,0.587450021849757,NA,0.919738257247862,NA
11.1262228952,0.753762286583465,NA,0.165940521609644,NA,0.587821764973821,NA,0.919702808193109,NA
11.132289538,0.753930042099607,NA,0.165735758030484,NA,0.588194284069123,NA,0.919665800130091,NA
11.1383561808,0.75409739189167,NA,0.165529819630917,NA,0.588567572260753,NA,0.919627211522587,NA
11.1444228236,0.754264321468471,NA,0.165322698301339,NA,0.588941623167132,NA,0.919587019769809,NA
11.1504894664,0.75443081720008,NA,0.165114388310603,NA,0.589316428889477,NA,0.919545205510683,NA
11.1565561092,0.754596863981532,NA,0.164904879929936,NA,0.589691984051596,NA,0.919501743911468,NA
11.162622752,0.754762448514402,NA,0.164694168252649,NA,0.590068280261753,NA,0.919456616767051,NA
11.1686893948,0.754927555964923,NA,0.164482244334595,NA,0.590445311630328,NA,0.919409800299518,NA
11.1747560376,0.75509217244203,NA,0.164269101667376,NA,0.590823070774654,NA,0.919361274109407,NA
11.1808226804,0.755256283744776,NA,0.164054732933635,NA,0.591201550811141,NA,0.919311016678411,NA
11.1868893232,0.755419875310114,NA,0.163839129975815,NA,0.591580745334299,NA,0.91925900528593,NA
11.192955966,0.755582933645368,NA,0.16362228714115,NA,0.591960646504218,NA,0.919205220786518,NA
11.1990226088,0.755745443444786,NA,0.163404194596286,NA,0.5923412488485,NA,0.919149638041072,NA
11.2050892516,0.755907391607857,NA,0.163184847532175,NA,0.592722544075682,NA,0.919092239140032,NA
11.2111558944,0.756068763172177,NA,0.162964236947107,NA,0.59310452622507,NA,0.919033000119284,NA
11.2172225372,0.756229544307058,NA,0.162742356352882,NA,0.593487187954177,NA,0.91897190065994,NA
11.22328918,0.75638972081842,NA,0.162519198446598,NA,0.593870522371821,NA,0.918908919265018,NA
11.2293558228,0.756549278069105,NA,0.162294755021589,NA,0.594254523047515,NA,0.918844033090694,NA
11.2354224656,0.756708202703796,NA,0.162069020501335,NA,0.594639182202461,NA,0.91877722320513,NA
11.2414891084,0.756866479220128,NA,0.161841984956617,NA,0.595024494263511,NA,0.918708464176744,NA
11.2475557512,0.757024094710209,NA,0.161613643666734,NA,0.595410451043474,NA,0.918637738376943,NA
11.253622394,0.75718103408626,NA,0.161383987576284,NA,0.595797046509976,NA,0.918565021662544,NA
11.2596890368,0.757337283575724,NA,0.161153010216104,NA,0.59618427335962,NA,0.918490293791828,NA
11.2657556796,0.757492828993634,NA,0.16092070429891,NA,0.596572124694724,NA,0.918413533292544,NA
11.2718223224,0.757647655626474,NA,0.160687061567764,NA,0.596960594058711,NA,0.918334717194238,NA
11.2778889652,0.75780170873592,NA,0.160452017802716,NA,0.597349690933204,NA,0.918253726538636,NA
11.283955608,0.757954713987889,NA,0.160215197212402,NA,0.597739516775487,NA,0.91816991120029,NA
11.2900222508,0.75810663947666,NA,0.159976568027099,NA,0.598130071449561,NA,0.918083207503759,NA
11.2960888936,0.758257499776624,NA,0.159736163261635,NA,0.598521336514989,NA,0.91799366303826,NA
11.3021555364,0.758407311564258,NA,0.15949401944714,NA,0.598913292117118,NA,0.917901331011397,NA
11.3082221792,0.758556090859508,NA,0.159250172013231,NA,0.599305918846277,NA,0.917806262872739,NA
11.314288822,0.758703852936226,NA,0.159004655171251,NA,0.599699197764975,NA,0.917708508107477,NA
11.3203554648,0.758850615154023,NA,0.1587575065431,NA,0.600093108610923,NA,0.917608121697122,NA
11.3264221076,0.758996391530078,NA,0.158508758307844,NA,0.600487633222235,NA,0.917505149837922,NA
11.3324887504,0.759141199995736,NA,0.158258448996,NA,0.600882750999736,NA,0.917399648991736,NA
11.3385553932,0.759285055283328,NA,0.158006611965329,NA,0.601278443317999,NA,0.917291667248657,NA
11.344622036,0.75942797398707,NA,0.157753283571501,NA,0.601674690415569,NA,0.917181257558571,NA
11.3506886788,0.759569972133488,NA,0.157498499252118,NA,0.60207147288137,NA,0.917068471385605,NA
11.3567553216,0.759711065065537,NA,0.157242293378014,NA,0.602468771687523,NA,0.916953358443551,NA
11.3628219644,0.759851269995385,NA,0.156984703241531,NA,0.602866566753855,NA,0.916835973236916,NA
11.3688886072,0.75999060116865,NA,0.156725761523949,NA,0.603264839644701,NA,0.9167163626926,NA
11.37495525,0.760129076285582,NA,0.156465506250982,NA,0.6036635700346,NA,0.916594582536565,NA
11.3810218928,0.760266710233923,NA,0.156203971117719,NA,0.604062739116204,NA,0.916470681351642,NA
11.3870885356,0.760403519528162,NA,0.155941192309976,NA,0.604462327218186,NA,0.916344711838138,NA
11.3931551784,0.760539520198869,NA,0.155677205267734,NA,0.604862314931135,NA,0.916216725466603,NA
11.3992218212,0.760674727660637,NA,0.155412044526923,NA,0.605262683133715,NA,0.91608677218756,NA
11.405288464,0.760809158976926,NA,0.155145747047524,NA,0.605663411929402,NA,0.915954906024449,NA
11.4113551068,0.760942828620522,NA,0.154878346010234,NA,0.606064482610288,NA,0.915821174630756,NA
11.4174217496,0.761075754063116,NA,0.154609878941559,NA,0.606465875121557,NA,0.915685633004675,NA
11.4234883924,0.761207950345329,NA,0.154340379868321,NA,0.606867570477008,NA,0.91554833021365,NA
11.4295550352,0.761339433904452,NA,0.154069884812079,NA,0.607269549092374,NA,0.915409318716531,NA
11.435621678,0.761470220772571,NA,0.153798429209596,NA,0.607671791562976,NA,0.915268649982167,NA
11.4416883208,0.761600326438446,NA,0.153526047767492,NA,0.608074278670954,NA,0.915126374205939,NA
11.4477549636,0.761729767815562,NA,0.153252777110595,NA,0.608476990704967,NA,0.914982544926157,NA
11.4538216064,0.761858559602612,NA,0.152978650916213,NA,0.608879908686399,NA,0.914837210518824,NA
11.4598882492,0.761986719045256,NA,0.152703706217247,NA,0.609283012828008,NA,0.914690425262503,NA
11.465954892,0.762114261334462,NA,0.15242797736665,NA,0.609686283967812,NA,0.914542238701112,NA
11.4720215348,0.762241202832858,NA,0.152151500227325,NA,0.610089702605532,NA,0.914392703060183,NA
11.4780881776,0.76236755957151,NA,0.151874310227216,NA,0.610493249344294,NA,0.914241869798727,NA
11.4841548204,0.76249334711588,NA,0.151596442249239,NA,0.610896904866641,NA,0.914089789365119,NA
11.4902214632,0.762618582228211,NA,0.151317932580259,NA,0.611300649647951,NA,0.91393651480847,NA
11.496288106,0.762743279831837,NA,0.151038815391401,NA,0.611704464440436,NA,0.913782095223238,NA
11.5023547488,0.762867456948918,NA,0.150759127227562,NA,0.612108329721357,NA,0.91362658417648,NA
11.5084213916,0.762991128918241,NA,0.150478902762222,NA,0.612512226156019,NA,0.913470031680463,NA
11.5144880344,0.763114312030296,NA,0.150198177705231,NA,0.612916134325065,NA,0.913312489735527,NA
11.5205546772,0.763237022312605,NA,0.149916987470113,NA,0.613320034842492,NA,0.913154009782718,NA
11.52662132,0.763359275409857,NA,0.149635367121678,NA,0.613723908288179,NA,0.912994642531535,NA
11.5326879628,0.763481087931791,NA,0.149353352606032,NA,0.614127735325758,NA,0.912834440537823,NA
11.5387546056,0.763602475025115,NA,0.149070978585315,NA,0.6145314964398,NA,0.91267345361043,NA
11.5448212484,0.763723453491022,NA,0.148788281122018,NA,0.614935172369004,NA,0.912511734613039,NA
11.5508878912,0.763844038813583,NA,0.148505295204552,NA,0.615338743609031,NA,0.912349334018135,NA
11.556954534,0.763964247213685,NA,0.148222056395311,NA,0.615742190818374,NA,0.912186303608997,NA
11.5630211768,0.764084094712773,NA,0.147938600087801,NA,0.616145494624972,NA,0.912022694800575,NA
11.5690878196,0.764203597037295,NA,0.147654961534325,NA,0.616548635502971,NA,0.91185855857162,NA
11.5751544624,0.764322770643219,NA,0.14737117633743,NA,0.616951594305789,NA,0.911693946980649,NA
11.5812211052,0.764441630899364,NA,0.147087279647469,NA,0.617354351251896,NA,0.911528910546833,NA
11.587287748,0.764560194388484,NA,0.146803307050131,NA,0.617756887338353,NA,0.911363501438614,NA
11.5933543908,0.764678476737405,NA,0.146519293843155,NA,0.61815918289425,NA,0.911197770580561,NA
11.5994210336,0.764796494099943,NA,0.146235275447082,NA,0.618561218652862,NA,0.911031769547025,NA
11.6054876764,0.764914262488932,NA,0.145951287229795,NA,0.618962975259137,NA,0.910865549718727,NA
11.6115543192,0.765031797715112,NA,0.145667364636694,NA,0.619364433078418,NA,0.910699162351805,NA
11.617620962,0.765149116079414,NA,0.145383542923966,NA,0.619765573155447,NA,0.91053265900338,NA
11.6236876048,0.765266221982367,NA,0.145099841903552,NA,0.620166380078815,NA,0.910366063885919,NA
11.6297542476,0.76538211211065,NA,0.144814854644415,NA,0.620567257466235,NA,0.910196966755065,NA
11.6358208904,0.765496149538879,NA,0.144527693701528,NA,0.620968455837351,NA,0.910023843240407,NA
11.6418875332,0.765608391751377,NA,0.14423845290062,NA,0.621369938850758,NA,0.909846844651997,NA
11.647954176,0.765718895391775,NA,0.14394722505473,NA,0.621771670337045,NA,0.909666120446505,NA
11.6540208188,0.765827715574718,NA,0.143654101269285,NA,0.622173614305433,NA,0.909481816844002,NA
11.6600874616,0.765934911059061,NA,0.143359176716929,NA,0.622575734342132,NA,0.90929408777599,NA
11.6661541044,0.766040535201574,NA,0.143062540616263,NA,0.622977994585311,NA,0.909103075817837,NA
11.6722207472,0.766144647391955,NA,0.14276428876143,NA,0.623380358630525,NA,0.908908936153384,NA
11.67828739,0.766247302252851,NA,0.142464511807408,NA,0.623782790445444,NA,0.908711814060259,NA
11.6843540328,0.766348557035498,NA,0.142163303207332,NA,0.624185253828166,NA,0.90851186024283,NA
11.6904206756,0.766448468349454,NA,0.141860755708572,NA,0.624587712640882,NA,0.908309224058026,NA
11.6964873184,0.766547091610595,NA,0.141556960920488,NA,0.624990130690107,NA,0.908104052531083,NA
11.7025539612,0.766644485028657,NA,0.141252013110027,NA,0.62539247191863,NA,0.907896498138684,NA
11.708620604,0.766740702738151,NA,0.140946002766752,NA,0.625794699971399,NA,0.907686705504903,NA
11.7146872468,0.7668358033703,NA,0.140639024450341,NA,0.626196778919959,NA,0.907474827820642,NA
11.7207538896,0.766929842039069,NA,0.140331169611976,NA,0.626598672427093,NA,0.907261011651045,NA
11.7268205324,0.767022875771535,NA,0.140022531346851,NA,0.627000344424684,NA,0.907045407118386,NA
11.7328871752,0.767114961134255,NA,0.139713202322013,NA,0.627401758812242,NA,0.906828163456267,NA
11.738953818,0.767206153853266,NA,0.139403274665409,NA,0.627802879187856,NA,0.906609428518675,NA
11.7450204608,0.767296511584717,NA,0.13909284173096,NA,0.628203669853757,NA,0.906389353315677,NA
11.7510871036,0.767386089236396,NA,0.138781995271868,NA,0.628604093964528,NA,0.906168084508264,NA
11.7571537464,0.767474944689986,NA,0.138470828627999,NA,0.629004116061987,NA,0.905945773317985,NA
11.7632203892,0.767563133541831,NA,0.13815943403208,NA,0.629403699509751,NA,0.905722567573912,NA
11.769287032,0.767650712603788,NA,0.137847904236027,NA,0.629802808367761,NA,0.905498616839815,NA
11.7753536748,0.767737738390475,NA,0.1375363318119,NA,0.630201406578575,NA,0.905274070202375,NA
11.7814203176,0.767824266947028,NA,0.137224809420896,NA,0.630599457526132,NA,0.905049076367924,NA
11.7874869604,0.76791035537154,NA,0.136913429496578,NA,0.630996925874962,NA,0.904823784868118,NA
11.7935536032,0.767996059340609,NA,0.13660228504846,NA,0.631393774292149,NA,0.904598344389069,NA
11.799620246,0.76808143599531,NA,0.136291468211251,NA,0.631789967784059,NA,0.904372904206561,NA
11.8056868888,0.768166541405437,NA,0.135981071984571,NA,0.632185469420865,NA,0.904147613390008,NA
11.8117535316,0.768251432176555,NA,0.135671188791706,NA,0.632580243384849,NA,0.903922620968262,NA
11.8178201744,0.768336164762415,NA,0.135361911095083,NA,0.632974253667332,NA,0.903698075857498,NA
11.8238868172,0.76842079553618,NA,0.135053332103797,NA,0.633367463432383,NA,0.903474127639977,NA
11.82995346,0.768505381033424,NA,0.134745543323729,NA,0.633759837709695,NA,0.903250924357153,NA
11.8360201028,0.768589977695088,NA,0.134438639013376,NA,0.634151338681712,NA,0.903028616708464,NA
11.8420867456,0.768674641930572,NA,0.134132710116946,NA,0.634541931813625,NA,0.902807352047518,NA
11.8481533884,0.768759430274183,NA,0.133827850386296,NA,0.634931579887887,NA,0.90258728066048,NA
11.8542200312,0.768844399134136,NA,0.133524151930739,NA,0.635320247203396,NA,0.902368551064875,NA
11.860286674,0.768929604894371,NA,0.133221707088411,NA,0.635707897805961,NA,0.902151311982782,NA
11.8663533168,0.769015104265021,NA,0.132920609630962,NA,0.636094494634059,NA,0.901935713895982,NA
11.8724199596,0.769100953214669,NA,0.132620950129263,NA,0.636480003085407,NA,0.901721903343932,NA
11.8784866024,0.769187208944131,NA,0.132322824083465,NA,0.636864384860665,NA,0.901510033027596,NA
11.8845532452,0.769273927140069,NA,0.132026321261934,NA,0.637247605878135,NA,0.901300248402003,NA
11.890619888,0.76936116479237,NA,0.131731536154104,NA,0.637629628638266,NA,0.901092700946475,NA
11.8966865308,0.769448978120827,NA,0.131438560569974,NA,0.638010417550853,NA,0.900887538690801,NA
11.9027531736,0.769537423430644,NA,0.131147486708731,NA,0.638389936721913,NA,0.900684910139375,NA
11.9088198164,0.769626557777848,NA,0.130858408919238,NA,0.638768148858611,NA,0.900484966697086,NA
11.9148864592,0.769716436559572,NA,0.130571416830027,NA,0.639145019729545,NA,0.900287853389599,NA
11.920953102,0.769807117732037,NA,0.130286607175576,NA,0.63952051055646,NA,0.900093724907613,NA
11.9270197448,0.7698986562681,NA,0.130004068563061,NA,0.639894587705039,NA,0.899902724831162,NA
11.9330863876,0.769991109604296,NA,0.129723896204844,NA,0.640267213399452,NA,0.89971500580914,NA
11.9391530304,0.770084533780929,NA,0.129446181626259,NA,0.64063835215467,NA,0.899530715407188,NA
11.9452196732,0.770178985015532,NA,0.129171016872893,NA,0.641007968142639,NA,0.899350001888424,NA
11.951286316,0.770274439810235,NA,0.128898382463254,NA,0.641376057346981,NA,0.899172822273489,NA
11.9573529588,0.770370091270818,NA,0.12862714842656,NA,0.641742942844258,NA,0.898997239697378,NA
11.9634196016,0.770465706108096,NA,0.128356999779093,NA,0.642108706329003,NA,0.898822705887189,NA
11.9694862444,0.770561271563563,NA,0.128087929191716,NA,0.642473342371847,NA,0.898649200755279,NA
11.9755528872,0.770656774751264,NA,0.127819932515031,NA,0.642836842236233,NA,0.898476707266294,NA
11.98161953,0.770752202866171,NA,0.12755300388356,NA,0.643199198982611,NA,0.89830520674973,NA
11.9876861728,0.770847543103294,NA,0.127287137698663,NA,0.64356040540463,NA,0.898134680801957,NA
11.9937528156,0.770942828419551,NA,0.127022264649312,NA,0.643920563770239,NA,0.897965093068863,NA
11.9998194584,0.771038309243812,NA,0.126758005755625,NA,0.644280303488188,NA,0.897796314999437,NA
12.0058861012,0.771134019462931,NA,0.126494291248389,NA,0.644639728214542,NA,0.89762831071132,NA
12.011952744,0.77122995052291,NA,0.12623110815959,NA,0.64499884236332,NA,0.8974610586825,NA
12.0180193868,0.771326094525936,NA,0.125968445089621,NA,0.645357649436315,NA,0.897294539615557,NA
12.0240860296,0.771422443228716,NA,0.125706289806365,NA,0.645716153422352,NA,0.897128733035081,NA
12.0301526724,0.771518988444599,NA,0.125444630206521,NA,0.646074358238079,NA,0.89696361865112,NA
12.0362193152,0.771615722197264,NA,0.12518345472946,NA,0.646432267467804,NA,0.896799176926724,NA
12.042285958,0.771712636074996,NA,0.124922750686134,NA,0.646789885388861,NA,0.89663538676113,NA
12.0483526008,0.771809722264587,NA,0.124662506962389,NA,0.647147215302199,NA,0.896472229226976,NA
12.0544192436,0.771906972316355,NA,0.124402710746161,NA,0.647504261570193,NA,0.896309683062516,NA
12.0604858864,0.772004378266719,NA,0.124143350538661,NA,0.647861027728057,NA,0.89614772880538,NA
12.0665525292,0.772101931899605,NA,0.123884414150186,NA,0.648217517749419,NA,0.895986346049791,NA
12.072619172,0.772199625039692,NA,0.12362588949179,NA,0.648573735547902,NA,0.895825514531483,NA
12.0786858148,0.772297449660781,NA,0.123367764931722,NA,0.64892968472906,NA,0.895665214592503,NA
12.0847524576,0.772395397433595,NA,0.123110027901172,NA,0.649285369532423,NA,0.895505425334767,NA
12.0908191004,0.772493460435916,NA,0.122852667124279,NA,0.649640793311637,NA,0.895346127560195,NA
12.0968857432,0.772591630321084,NA,0.122595669943038,NA,0.649995960378046,NA,0.895187300264122,NA
12.102952386,0.772689899061043,NA,0.122339024761371,NA,0.650350874299672,NA,0.895028923822414,NA
12.1090190288,0.772788258465648,NA,0.122082719430092,NA,0.650705539035556,NA,0.89487097789574,NA
12.1150856716,0.772886700372197,NA,0.121826741876509,NA,0.651059958495688,NA,0.894713442248706,NA
12.1211523144,0.772985216703322,NA,0.121571080395847,NA,0.651414136307475,NA,0.894556297099168,NA
12.1272189572,0.773083799212831,NA,0.121315722540488,NA,0.651768076672343,NA,0.894399521753318,NA
12.1332856,0.773182439870137,NA,0.121060656873812,NA,0.652121782996325,NA,0.894243096743949,NA
12.1393522428,0.773281130430318,NA,0.120805870889972,NA,0.652475259540346,NA,0.89408700132029,NA
12.1454188856,0.773379862802129,NA,0.120551352897501,NA,0.652828509904628,NA,0.893931215699631,NA
12.1514855284,0.773478628820064,NA,0.120297090785833,NA,0.653181538034231,NA,0.893775719605898,NA
12.1575521712,0.773577420335331,NA,0.120043072500426,NA,0.653534347834905,NA,0.893620492835757,NA
12.163618814,0.773676229218104,NA,0.119789286261584,NA,0.65388694295652,NA,0.893465515479688,NA
12.1696854568,0.77377504730592,NA,0.119535719743831,NA,0.654239327562089,NA,0.893310767049751,NA
12.1757520996,0.77387386646047,NA,0.119282361350736,NA,0.654591505109733,NA,0.893156227811206,NA
12.1818187424,0.773972678537275,NA,0.119029198726711,NA,0.654943479810564,NA,0.893001877263986,NA
12.1878853852,0.774071475383195,NA,0.118776220086802,NA,0.655295255296394,NA,0.892847695469997,NA
12.193952028,0.774170248856073,NA,0.118523413357159,NA,0.655646835498915,NA,0.892693662213232,NA
12.2000186708,0.774268990822314,NA,0.118270766503292,NA,0.655998224319022,NA,0.892539757325606,NA
12.2060853136,0.774367693098348,NA,0.118018267668685,NA,0.656349425429663,NA,0.892385960767033,NA
12.2121519564,0.774466347606083,NA,0.117765904650952,NA,0.656700442955131,NA,0.892232252257036,NA
12.2182185992,0.774564946100132,NA,0.117513665694802,NA,0.65705128040533,NA,0.892078611794935,NA
12.224285242,0.774663480535175,NA,0.117261538593008,NA,0.657401941942168,NA,0.891925019128183,NA
12.2303518848,0.774761942697461,NA,0.117009511469022,NA,0.657752431228439,NA,0.891771454166483,NA
12.2364185276,0.774860324466894,NA,0.116757572283819,NA,0.658102752183074,NA,0.891617896750713,NA
12.2424851704,0.774958617726366,NA,0.116505709024856,NA,0.65845290870151,NA,0.891464326751223,NA
12.2485518132,0.775056814237272,NA,0.1162539097569,NA,0.658802904480373,NA,0.891310723994172,NA
12.254618456,0.775154906006539,NA,0.116002162401601,NA,0.659152743604938,NA,0.891157068408141,NA
12.2606850988,0.775252884682345,NA,0.11575045504576,NA,0.659502429636585,NA,0.891003339728105,NA
12.2667517416,0.775350742317237,NA,0.11549877562861,NA,0.659851966688627,NA,0.890849517945847,NA
12.2728183844,0.775448470638145,NA,0.115247112183913,NA,0.660201358454232,NA,0.890695582822057,NA
12.2788850272,0.775546061545745,NA,0.114995452705565,NA,0.66055060884018,NA,0.890541514251309,NA
12.28495167,0.775643506940706,NA,0.114743785204869,NA,0.660899721735836,NA,0.890387292145575,NA
12.2910183128,0.775740798528096,NA,0.114492097665977,NA,0.661248700862119,NA,0.890232896194074,NA
12.2970849556,0.775837928471948,NA,0.114240378236561,NA,0.661597550235387,NA,0.890078306708509,NA
12.3031515984,0.775935361668823,NA,0.113989284270351,NA,0.661946077398472,NA,0.889924645939174,NA
12.3092182412,0.776033539868216,NA,0.113739439682083,NA,0.662294100186133,NA,0.8897729795503,NA
12.315284884,0.776132428357028,NA,0.113490795107946,NA,0.662641633249082,NA,0.889623223464974,NA
12.3213515268,0.776231991370278,NA,0.113243299420159,NA,0.662988691950119,NA,0.889475290790437,NA
12.3274181696,0.776332193235186,NA,0.112996901634065,NA,0.663335291601121,NA,0.889329094869252,NA
12.3334848124,0.776432999051173,NA,0.112751552106707,NA,0.663681446944466,NA,0.889184551157879,NA
12.3395514552,0.776534372459421,NA,0.112507198652241,NA,0.66402717380718,NA,0.889041571111663,NA
12.345618098,0.776636278983941,NA,0.112263792397647,NA,0.664372486586294,NA,0.888900071381588,NA
12.3516847408,0.776738682237187,NA,0.112021281077676,NA,0.664717401159511,NA,0.888759963314863,NA
12.3577513836,0.776841547241624,NA,0.1117796149489,NA,0.665061932292724,NA,0.888621162190524,NA
12.3638180264,0.776944838328747,NA,0.111538743023372,NA,0.665406095305376,NA,0.888483581352119,NA
12.3698846692,0.777048519897262,NA,0.111298614416386,NA,0.665749905480876,NA,0.888347134313649,NA
12.375951312,0.777152556807144,NA,0.111059179145248,NA,0.666093377661895,NA,0.888211735952392,NA
12.3820179548,0.777256913069833,NA,0.110820385551657,NA,0.666436527518176,NA,0.888077298621489,NA
12.3880845976,0.777361553745416,NA,0.110582184099226,NA,0.66677936964619,NA,0.887943737844643,NA
12.3941512404,0.777466442873123,NA,0.110344523134091,NA,0.667121919739032,NA,0.887810966007214,NA
12.4002178832,0.777571545216605,NA,0.110107352541225,NA,0.667464192675379,NA,0.88767889775783,NA
12.406284526,0.777676825198211,NA,0.109870621464494,NA,0.667806203733717,NA,0.887547446662705,NA
12.4123511688,0.77778224729375,NA,0.109634279127165,NA,0.668147968166585,NA,0.887416526420915,NA
12.4184178116,0.777887776118137,NA,0.109398275198787,NA,0.668489500919349,NA,0.887286051316924,NA
12.4244844544,0.777993376055875,NA,0.109162558552608,NA,0.668830817503268,NA,0.887155934608483,NA
12.4305510972,0.77809901170594,NA,0.10892707899289,NA,0.66917193271305,NA,0.887026090698829,NA
12.43661774,0.778204647528718,NA,0.108691785469129,NA,0.66951286205959,NA,0.886896432997847,NA
12.4426843828,0.778310248034662,NA,0.108456627502721,NA,0.66985362053194,NA,0.886766875537383,NA
12.4487510256,0.778415777731361,NA,0.108221554361327,NA,0.670194223370034,NA,0.886637332092689,NA
12.4548176684,0.778521201177342,NA,0.107986515384203,NA,0.67053468579314,NA,0.886507716561545,NA
12.4608843112,0.778626482736843,NA,0.107751459885124,NA,0.67087502285172,NA,0.886377942621967,NA
12.466950954,0.778731587170242,NA,0.107516337272896,NA,0.671215249897346,NA,0.886247924443137,NA
12.4730175968,0.778836478618206,NA,0.107281096696438,NA,0.671555381921768,NA,0.886117575314644,NA
12.4790842396,0.778941121956666,NA,0.107045687700591,NA,0.671895434256075,NA,0.885986809657257,NA
12.4851508824,0.779045481448489,NA,0.10681005945119,NA,0.672235421997298,NA,0.885855540899679,NA
12.4912175252,0.779149521680891,NA,0.106574161331672,NA,0.672575360349219,NA,0.885723683012563,NA
12.497284168,0.779253207300733,NA,0.106337942805301,NA,0.672915264495432,NA,0.885591150106033,NA
12.5033508108,0.779356502415958,NA,0.106101352822059,NA,0.673255149593898,NA,0.885457855238017,NA
12.5094174536,0.779459372165626,NA,0.105864341330322,NA,0.673595030835304,NA,0.885323713495947,NA
12.5154840964,0.779561780234907,NA,0.105626856827673,NA,0.673934923407234,NA,0.88518863706258,NA
12.5215507392,0.779663691909658,NA,0.105388849446278,NA,0.674274842463379,NA,0.885052541355936,NA
12.527617382,0.779765071210778,NA,0.105150268004433,NA,0.674614803206345,NA,0.884915339215211,NA
12.5336840248,0.779865882799493,NA,0.10491106199333,NA,0.674954820806164,NA,0.884776944792823,NA
12.5397506676,0.779966091416613,NA,0.104671181008259,NA,0.675294910408354,NA,0.884637272424872,NA
12.5458173104,0.780065660908173,NA,0.104430573627395,NA,0.675635087280777,NA,0.884496234535568,NA
12.5518839532,0.780164556794719,NA,0.104189190342687,NA,0.675975366452032,NA,0.884353747137406,NA
12.557950596,0.780262742308736,NA,0.103946979004395,NA,0.676315763304341,NA,0.884209721313131,NA
12.5640172388,0.780360183140388,NA,0.103703890323992,NA,0.676656292816395,NA,0.88406407346438,NA
12.5700838816,0.780456843074224,NA,0.10345987278025,NA,0.676996970293974,NA,0.883916715854474,NA
12.5761505244,0.780552686839861,NA,0.103214875964101,NA,0.677337810875761,NA,0.883767562803962,NA
12.5822171672,0.780647679277677,NA,0.102968849610879,NA,0.677678829666798,NA,0.883616528888557,NA
12.58828381,0.780741783966181,NA,0.102721741918932,NA,0.678020042047249,NA,0.883463525885112,NA
12.5943504528,0.780834966810216,NA,0.102473503927792,NA,0.678361462882424,NA,0.883308470738008,NA
12.6004170956,0.780927190592386,NA,0.102224082844406,NA,0.67870310774798,NA,0.883151273436792,NA
12.6064837384,0.781018421401548,NA,0.101973429951534,NA,0.679044991450015,NA,0.882991851353082,NA
12.6125503812,0.781108622791519,NA,0.101721493396443,NA,0.679387129395076,NA,0.882830116187961,NA
12.618617024,0.781197759554688,NA,0.101468222861786,NA,0.679729536692901,NA,0.882665982416474,NA
12.6246836668,0.781285804211841,NA,0.101213578943945,NA,0.680072225267895,NA,0.882499383155786,NA
12.6307503096,0.781372982805647,NA,0.100957881020077,NA,0.68041510178557,NA,0.882330863825724,NA
12.6368169524,0.781459431111974,NA,0.100701320367764,NA,0.68075811074421,NA,0.882160751479738,NA
12.6428835952,0.781545166549942,NA,0.100443921454606,NA,0.681101245095336,NA,0.881989088004549,NA
12.648950238,0.781630209002429,NA,0.100185711646973,NA,0.681444497355455,NA,0.881815920649402,NA
12.6550168808,0.781714576537948,NA,0.0999267161824352,NA,0.681787860355513,NA,0.881641292720384,NA
12.6610835236,0.781798288081338,NA,0.0996669613013548,NA,0.682131326779984,NA,0.881465249382693,NA
12.6671501664,0.781881362608871,NA,0.0994064732974783,NA,0.682474889311393,NA,0.88128783590635,NA
12.6732168092,0.781963818187909,NA,0.0991452774248229,NA,0.682818540763086,NA,0.881109095612732,NA
12.679283452,0.782045674485001,NA,0.0988834007617821,NA,0.683162273723219,NA,0.880929075246783,NA
12.6853500948,0.782126949161346,NA,0.0986208681112925,NA,0.683506081050054,NA,0.880747817272639,NA
12.6914167376,0.782207661880098,NA,0.0983577065362887,NA,0.683849955343809,NA,0.880565368416387,NA
12.6974833804,0.782287830840857,NA,0.098093941454677,NA,0.684193889386179,NA,0.880381772295534,NA
12.7035500232,0.782367474926012,NA,0.0978295990495832,NA,0.684537875876429,NA,0.880197073975595,NA
12.709616666,0.782446613065646,NA,0.0975647055488914,NA,0.684881907516754,NA,0.880011318614537,NA
12.7156833088,0.782525263461949,NA,0.09729928639558,NA,0.685225977066369,NA,0.879824549857529,NA
12.7217499516,0.78260344558184,NA,0.0970333683899419,NA,0.685570077191898,NA,0.879636813971782,NA
12.7278165944,0.782681177327115,NA,0.0967669766681937,NA,0.685914200658922,NA,0.879448153995309,NA
12.7338832372,0.782758478144166,NA,0.0965001379939505,NA,0.686258340150216,NA,0.879258616138117,NA
12.73994988,0.782835366360717,NA,0.0962328779613387,NA,0.686602488399378,NA,0.879068244322055,NA
12.7460165228,0.782911860819672,NA,0.0959652227003625,NA,0.686946638119309,NA,0.878877083520034,NA
12.7520831656,0.782987980401959,NA,0.0956971983689282,NA,0.687290782033031,NA,0.878685178770887,NA
12.7581498084,0.783063743447562,NA,0.0954288306030924,NA,0.68763491284447,NA,0.878492574050655,NA
12.7642164512,0.783139169222287,NA,0.0951601459229888,NA,0.687979023299298,NA,0.878299315145276,NA
12.770283094,0.783214275867044,NA,0.0948911697960547,NA,0.688323106070989,NA,0.878105445663099,NA
12.7763497368,0.783289082614429,NA,0.0946219286907033,NA,0.688667153923726,NA,0.877911011305132,NA
12.7824163796,0.783363607917323,NA,0.0943524483731635,NA,0.68901115954416,NA,0.877716056290487,NA
12.7884830224,0.783437870582113,NA,0.0940827549244365,NA,0.689355115657676,NA,0.877520625506549,NA
12.7945496652,0.783511889437605,NA,0.093812874428333,NA,0.689699015009272,NA,0.877324763865938,NA
12.800616308,0.783585682964543,NA,0.093542832718104,NA,0.690042850246439,NA,0.877128515682647,NA
12.8066829508,0.783659270226136,NA,0.0932726560316653,NA,0.690386614194471,NA,0.876931926257801,NA
12.8127495936,0.783732669600928,NA,0.093002370165619,NA,0.690730299435309,NA,0.876735039766547,NA
12.8188162364,0.783805900110681,NA,0.0927320012972902,NA,0.691073898813391,NA,0.876537901407971,NA
12.8248828792,0.783878980330471,NA,0.092461575360896,NA,0.691417404969575,NA,0.876340555691367,NA
12.830949522,0.783951929033129,NA,0.0921911183925494,NA,0.69176081064058,NA,0.876143047425679,NA
12.8370161648,0.784024764992381,NA,0.0919206563978499,NA,0.692104108594531,NA,0.875945421390231,NA
12.8430828076,0.784097506832687,NA,0.0916502154113584,NA,0.692447291421329,NA,0.875747722244046,NA
12.8491494504,0.784170173413183,NA,0.0913798213867164,NA,0.692790352026466,NA,0.875549994799899,NA
12.8552160932,0.784242783348561,NA,0.0911095004476305,NA,0.69313328290093,NA,0.875352283796191,NA
12.861282736,0.784315355452717,NA,0.0908392784844556,NA,0.693476076968261,NA,0.875154633937172,NA
12.8673493788,0.784387908419956,NA,0.0905691815952803,NA,0.693818726824676,NA,0.874957090015236,NA
12.8734160216,0.784460460992517,NA,0.0902992357754452,NA,0.694161225217072,NA,0.874759696767962,NA
12.8794826644,0.784533031886079,NA,0.0900294669482219,NA,0.694503564937857,NA,0.874562498834301,NA
12.8855493072,0.784605639871789,NA,0.0897599013535997,NA,0.694845738518189,NA,0.874365541225389,NA
12.89161595,0.784678303603221,NA,0.089490564658886,NA,0.695187738944335,NA,0.874168868262107,NA
12.8976825928,0.784751041929738,NA,0.0892214833128329,NA,0.695529558616905,NA,0.873972525242571,NA
12.9037492356,0.784823873460331,NA,0.0889526829229435,NA,0.695871190537388,NA,0.873776556383275,NA
12.9098158784,0.784896817005572,NA,0.0886841897470599,NA,0.696212627258512,NA,0.873581006752632,NA
12.9158825212,0.78496989128007,NA,0.0884160297438672,NA,0.696553861536203,NA,0.873385921023937,NA
12.921949164,0.785043114938495,NA,0.088148228750194,NA,0.696894886188301,NA,0.873191343688689,NA
12.9280158068,0.785116506901643,NA,0.0878808132155717,NA,0.697235693686071,NA,0.872997320117214,NA
12.9340824496,0.785190085616046,NA,0.087613808518917,NA,0.697576277097129,NA,0.872803894134963,NA
12.9401490924,0.785263870164255,NA,0.0873472414319707,NA,0.697916628732284,NA,0.872611111596226,NA
12.9462157352,0.78533787895332,NA,0.0870811372834978,NA,0.698256741669822,NA,0.872419016236817,NA
12.952282378,0.785412130907113,NA,0.0868155224869786,NA,0.698596608420135,NA,0.872227653394092,NA
12.9583490208,0.785486644715583,NA,0.0865504229685604,NA,0.698936221747023,NA,0.872037067684144,NA
12.9644156636,0.785561438969424,NA,0.0862858644745094,NA,0.699275574494914,NA,0.871847303443933,NA
12.9704823064,0.785636532742044,NA,0.086021873668019,NA,0.699614659074025,NA,0.871658406410063,NA
12.9765489492,0.785711952670469,NA,0.0857584875155569,NA,0.699953465154912,NA,0.871470440186025,NA
12.982615592,0.785787711250388,NA,0.0854957234668864,NA,0.700291987783501,NA,0.871283434717274,NA
12.9886822348,0.785863786690044,NA,0.0852335500078479,NA,0.700630236682196,NA,0.871097336697891,NA
12.9947488776,0.785940157393607,NA,0.0849719362438888,NA,0.700968221149718,NA,0.870912093637496,NA
13.0008155204,0.786016801424571,NA,0.084710850648941,NA,0.70130595077563,NA,0.870727652073512,NA
13.0068821632,0.786093696795585,NA,0.0844502615832366,NA,0.701643435212349,NA,0.870543958378822,NA
13.012948806,0.786170821902949,NA,0.0841901381816063,NA,0.701980683721343,NA,0.870360960084556,NA
13.0190154488,0.786248154531028,NA,0.0839304483269066,NA,0.702317706204121,NA,0.870178602857934,NA
13.0250820916,0.786325673154074,NA,0.0836711613486141,NA,0.70265451180546,NA,0.869996834502688,NA
13.0311487344,0.786403355622509,NA,0.0834122452332305,NA,0.702991110389279,NA,0.86981560085574,NA
13.0372153772,0.786481180206844,NA,0.0831536688927352,NA,0.703327511314108,NA,0.869634849099579,NA
13.04328202,0.786559125000726,NA,0.0828954008458944,NA,0.703663724154831,NA,0.86945452584662,NA
13.0493486628,0.786637168090154,NA,0.0826374095567389,NA,0.703999758533416,NA,0.869274577646893,NA
13.0554153056,0.786715287694574,NA,0.0823796639076686,NA,0.704335623786906,NA,0.869094951602243,NA
13.0614819484,0.78679346184117,NA,0.0821221321294616,NA,0.704671329711708,NA,0.868915593970632,NA
13.0675485912,0.786871668732952,NA,0.0818647831613239,NA,0.705006885571628,NA,0.868736451894276,NA
13.073615234,0.786949886454043,NA,0.0816075853268855,NA,0.705342301127157,NA,0.868557471780928,NA
13.0796818768,0.787028093144756,NA,0.0813505073496305,NA,0.705677585795126,NA,0.868378600494387,NA
13.0857485196,0.787106266925433,NA,0.0810935177881878,NA,0.706012749137245,NA,0.86819978471362,NA
13.0918151624,0.787184385958884,NA,0.0808365852153581,NA,0.706347800743526,NA,0.868020971174242,NA
13.0978818052,0.787262428284236,NA,0.0805796782561387,NA,0.706682750028098,NA,0.867842106540375,NA
13.103948448,0.787340372173227,NA,0.0803227654917163,NA,0.707017606681511,NA,0.867663137664943,NA
13.1100150908,0.787418195559351,NA,0.0800658154735086,NA,0.707352380085843,NA,0.86748401103286,NA
13.1160817336,0.787495876756975,NA,0.0798087968573072,NA,0.707687079899668,NA,0.867304673614283,NA
13.1221483764,0.787573393779675,NA,0.0795516781830683,NA,0.708021715596607,NA,0.867125071962743,NA
13.1282150192,0.787650724771023,NA,0.0792944280443152,NA,0.708356296726708,NA,0.866945152815338,NA
13.134281662,0.787727847974104,NA,0.0790370151275873,NA,0.708690832846517,NA,0.866764863101692,NA
13.1403483048,0.787804740720867,NA,0.0787794085357079,NA,0.70902533218516,NA,0.866584149256575,NA
13.1464149476,0.787881328229504,NA,0.0785216525800952,NA,0.709359675649408,NA,0.866402980809599,NA
13.1524815904,0.787957552086788,NA,0.0782637664501914,NA,0.709693785636597,NA,0.866221318536979,NA
13.1585482332,0.788033391712352,NA,0.0780057178866082,NA,0.710027673825744,NA,0.86603910959896,NA
13.164614876,0.788108825668404,NA,0.0777474743005257,NA,0.710361351367878,NA,0.86585629996893,NA
13.1706815188,0.78818383287592,NA,0.077489003243936,NA,0.710694829631984,NA,0.865672836119856,NA
13.1767481616,0.788258392452482,NA,0.0772302724037824,NA,0.7110281200487,NA,0.865488664856264,NA
13.1828148044,0.788332482706975,NA,0.07697124896915,NA,0.711361233737825,NA,0.865303731676125,NA
13.1888814472,0.788406083288286,NA,0.0767119009809506,NA,0.711694182307336,NA,0.865117984269237,NA
13.19494809,0.788479172192283,NA,0.0764521953793208,NA,0.712026976812962,NA,0.864931367571604,NA
13.2010147328,0.788551729053193,NA,0.0761921002394309,NA,0.712359628813762,NA,0.864743829292624,NA
13.2070813756,0.78862373231861,NA,0.0759315827915206,NA,0.712692149527089,NA,0.864555315110131,NA
13.2131480184,0.788695160924143,NA,0.0756706106149036,NA,0.71302455030924,NA,0.864365771539047,NA
13.2192146612,0.788765994072723,NA,0.0754091515228192,NA,0.713356842549903,NA,0.864175145595542,NA
13.225281304,0.788836209887904,NA,0.0751471724244393,NA,0.713689037463465,NA,0.863983382312343,NA
13.2313479468,0.788905788260374,NA,0.0748846417297749,NA,0.7140211465306,NA,0.863790429990149,NA
13.2374145896,0.788974706931241,NA,0.0746215259851094,NA,0.714353180946131,NA,0.86359623291635,NA
13.2434812324,0.789042945745981,NA,0.0743577935950343,NA,0.714685152150947,NA,0.863400739341016,NA
13.2495478752,0.78911048304092,NA,0.0740934116139852,NA,0.715017071426935,NA,0.863203894654905,NA
13.255614518,0.789177297762956,NA,0.0738283476434632,NA,0.715348950119493,NA,0.863005645406419,NA
13.2616811608,0.789243369203709,NA,0.0735625696281374,NA,0.715680799575571,NA,0.862805938831846,NA
13.2677478036,0.789308675298064,NA,0.0732960441921322,NA,0.716012631105931,NA,0.862604719490196,NA
13.2738144464,0.789373196180179,NA,0.0730287401171237,NA,0.716344456063055,NA,0.862401936297302,NA
13.2798810892,0.789436909338071,NA,0.072760623558113,NA,0.716676285779958,NA,0.862197532896184,NA
13.285947732,0.789499794825127,NA,0.0724916632439737,NA,0.717008131581154,NA,0.861991458069101,NA
13.2920143748,0.789561830869745,NA,0.0722218260584762,NA,0.717340004811268,NA,0.861783656928221,NA
13.2980810176,0.78962299683357,NA,0.0719510801954761,NA,0.717671916638094,NA,0.861574077029046,NA
13.3041476604,0.789683536198149,NA,0.0716797672270297,NA,0.718003768971119,NA,0.861363303425179,NA
13.3102143032,0.789743683162375,NA,0.0714082161706611,NA,0.718335466991714,NA,0.861151899333036,NA
13.316280946,0.789803438373725,NA,0.071136424845813,NA,0.718667013527912,NA,0.860939863219538,NA
13.3223475888,0.789862801161948,NA,0.0708643902632002,NA,0.718998410898748,NA,0.860727191425148,NA
13.3284142316,0.789921772102563,NA,0.0705921102042246,NA,0.719329661898338,NA,0.860513882306787,NA
13.3344808744,0.789980350901878,NA,0.0703195819093837,NA,0.719660768992494,NA,0.860299932811261,NA
13.3405475172,0.790038537606562,NA,0.0700468028309756,NA,0.719991734775587,NA,0.860085340437538,NA
13.34661416,0.790096332451752,NA,0.0697737705455024,NA,0.720322561906249,NA,0.859870102997254,NA
13.3526808028,0.790153734955311,NA,0.0695004821623561,NA,0.720653252792955,NA,0.859654217117667,NA
13.3587474456,0.790210745766838,NA,0.069226935531726,NA,0.720983810235112,NA,0.859437681298564,NA
13.3648140884,0.790267364218398,NA,0.068953127634657,NA,0.721314236583741,NA,0.859220491853055,NA
13.3708807312,0.790323590880994,NA,0.0686790562756006,NA,0.721644534605393,NA,0.859002647156595,NA
13.376947374,0.79037942546541,NA,0.0684047186841696,NA,0.721974706781241,NA,0.85878414414958,NA
13.3830140168,0.790434868013881,NA,0.068130112311381,NA,0.7223047557025,NA,0.858564980325262,NA
13.3890806596,0.790489918765936,NA,0.0678552347471836,NA,0.722634684018752,NA,0.85834515351312,NA
13.3951473024,0.790544577235087,NA,0.0675800830753578,NA,0.722964494159729,NA,0.858124660310445,NA
13.4012139452,0.790598844073045,NA,0.0673046551770441,NA,0.723294188896001,NA,0.85790349925009,NA
13.407280588,0.790652718614199,NA,0.0670289480038215,NA,0.723623770610378,NA,0.857681666618021,NA
13.4133472308,0.790706201425033,NA,0.0667529593827824,NA,0.72395324204225,NA,0.857459160807815,NA
13.4194138736,0.790759292220806,NA,0.0664766865330626,NA,0.724282605687744,NA,0.857235978753869,NA
13.4254805164,0.79081199103932,NA,0.066200126903993,NA,0.724611864135327,NA,0.857012117943313,NA
13.4315471592,0.790864298124496,NA,0.0659232780993724,NA,0.724941020025123,NA,0.856787576223868,NA
13.437613802,0.790916212985494,NA,0.0656461371769664,NA,0.725270075808528,NA,0.856562350162461,NA
13.4436804448,0.790967736276142,NA,0.0653687020490679,NA,0.725599034227074,NA,0.85633643832521,NA
13.4497470876,0.791018867333145,NA,0.0650909696379931,NA,0.725927897695152,NA,0.856109836971138,NA
13.4558137304,0.791069606718471,NA,0.06481293779307,NA,0.726256668925401,NA,0.855882544511542,NA
13.4618803732,0.791119954151859,NA,0.0645346037233642,NA,0.726585350428495,NA,0.855654557875223,NA
13.467947016,0.791169909666671,NA,0.0642559648761112,NA,0.72691394479056,NA,0.855425874542782,NA
13.4740136588,0.791219473511224,NA,0.0639770188693699,NA,0.727242454641854,NA,0.855196492380594,NA
13.4800803016,0.791268645190327,NA,0.0636977627344819,NA,0.727570882455845,NA,0.854966407924809,NA
13.4861469444,0.791317425359919,NA,0.0634181944150972,NA,0.727899230944822,NA,0.854735619775017,NA
13.4922135872,0.791365813359028,NA,0.0631383108044726,NA,0.728227502554555,NA,0.8545041241635,NA
13.49828023,0.791413809745105,NA,0.062858109773764,NA,0.728555699971341,NA,0.854271919518869,NA
13.5043468728,0.791461414242361,NA,0.0625775885223736,NA,0.728883825719988,NA,0.854039002764735,NA
13.5104135156,0.791508626879728,NA,0.0622967444950362,NA,0.729211882384692,NA,0.853805371374765,NA
13.5164801584,0.791555447909915,NA,0.0620155753244762,NA,0.729539872585439,NA,0.853571023234391,NA
13.5225468012,0.791601876833378,NA,0.0617340780152048,NA,0.729867798818173,NA,0.853335954848583,NA
13.528613444,0.791647914308172,NA,0.0614522505424319,NA,0.73019566376574,NA,0.853100164850604,NA
13.5346800868,0.791693559675642,NA,0.0611700897705593,NA,0.730523469905082,NA,0.852863649446201,NA
13.5407467296,0.791738813488725,NA,0.0608875935921638,NA,0.730851219896562,NA,0.852626407080889,NA
13.5468133724,0.791783675476107,NA,0.0606047591973913,NA,0.731178916278715,NA,0.852388434673498,NA
13.5528800152,0.791828145662286,NA,0.060321584028068,NA,0.731506561634218,NA,0.852149729690354,NA
13.558946658,0.791872224304361,NA,0.0600380657319908,NA,0.731834158572371,NA,0.851910290036352,NA
13.5650133008,0.791915910898441,NA,0.0597542012864343,NA,0.732161709612007,NA,0.851670112184875,NA
13.5710799436,0.791959206104693,NA,0.0594699886983724,NA,0.732489217406321,NA,0.851429194803066,NA
13.5771465864,0.792002109266779,NA,0.0591854248035539,NA,0.732816684463226,NA,0.851187534070333,NA
13.5832132292,0.792044620933127,NA,0.0589005075155702,NA,0.733144113417556,NA,0.850945128448697,NA
13.589279872,0.792086740836889,NA,0.0586152340157169,NA,0.733471506821172,NA,0.850701974852605,NA
13.5953465148,0.792128468998136,NA,0.0583296017425062,NA,0.73379886725563,NA,0.850458070740642,NA
13.6014131576,0.792169805678356,NA,0.0580436083592143,NA,0.734126197319142,NA,0.85021341403757,NA
13.6074798004,0.792210750369309,NA,0.0577572508154714,NA,0.734453499553838,NA,0.849968001184781,NA
13.6135464432,0.792251303733276,NA,0.057470527150219,NA,0.734780776583057,NA,0.849721830883495,NA
13.619613086,0.792291465116235,NA,0.0571834341707563,NA,0.735108030945479,NA,0.849474899286991,NA
13.6256797288,0.792331235062102,NA,0.0568959698112829,NA,0.735435265250819,NA,0.849227204873385,NA
13.6317463716,0.7923706133085,NA,0.0566081312446511,NA,0.735762482063849,NA,0.848978744553151,NA
13.6378130144,0.792409599871073,NA,0.0563199159056515,NA,0.736089683965421,NA,0.848729515776724,NA
13.6438796572,0.792448195015693,NA,0.0560313214734466,NA,0.736416873542247,NA,0.84847951648914,NA
13.6499463,0.792486260237295,NA,0.0557421497187777,NA,0.736744110518518,NA,0.848228409956073,NA
13.6560129428,0.792523339787648,NA,0.0554517532478356,NA,0.737071586539813,NA,0.847975093035484,NA
13.6620795856,0.792559421513505,NA,0.0551601125740373,NA,0.737399308939468,NA,0.847719534087542,NA
13.6681462284,0.792594536267965,NA,0.0548672685218199,NA,0.737727267746145,NA,0.847461804789785,NA
13.6742128712,0.792628712892687,NA,0.0545732594090004,NA,0.738055453483687,NA,0.847201972301687,NA
13.680279514,0.792661980915895,NA,0.0542781244095969,NA,0.738383856506299,NA,0.846940105325492,NA
13.6863461568,0.79269437042491,NA,0.0539819033867537,NA,0.738712467038156,NA,0.846676273811664,NA
13.6924127996,0.792725909781508,NA,0.0536846340742525,NA,0.739041275707255,NA,0.84641054385576,NA
13.6984794424,0.792756629893952,NA,0.0533863573438879,NA,0.739370272550064,NA,0.84614298723784,NA
13.7045460852,0.792786558914871,NA,0.0530871106788752,NA,0.739699448235996,NA,0.845873669593746,NA
13.710612728,0.792815727408665,NA,0.0527869345215377,NA,0.740028792887127,NA,0.845602661930203,NA
13.7166793708,0.792844164366055,NA,0.052485867386552,NA,0.740358296979503,NA,0.845330031752607,NA
13.7227460136,0.792871899305839,NA,0.0521839484363304,NA,0.740687950869509,NA,0.84505584774217,NA
13.7288126564,0.792898962185127,NA,0.05188121736037,NA,0.741017744824757,NA,0.844780179545497,NA
13.7348792992,0.792925381635543,NA,0.0515777122513533,NA,0.74134766938419,NA,0.844503093886896,NA
13.740945942,0.792951188222139,NA,0.0512734735252923,NA,0.741677714696847,NA,0.844224661747431,NA
13.7470125848,0.792976410447846,NA,0.0509685391296937,NA,0.742007871318152,NA,0.843944949577539,NA
13.7530792276,0.793001078593034,NA,0.0506629491309627,NA,0.742338129462071,NA,0.843664027723997,NA
13.7591458704,0.793025221792816,NA,0.0503567422344393,NA,0.742668479558377,NA,0.843381964027255,NA
13.7652125132,0.793048869561237,NA,0.0500499575971265,NA,0.74299891196411,NA,0.843098827158363,NA
13.771279156,0.793072051720523,NA,0.049742634728677,NA,0.743329416991846,NA,0.8428146864492,NA
13.7773457988,0.793094797176817,NA,0.0494348120868708,NA,0.743659985089946,NA,0.842529609263688,NA
13.7834124416,0.793117136149625,NA,0.0491265296288398,NA,0.743990606520785,NA,0.842243665778465,NA
13.7894790844,0.793139097489844,NA,0.0488178257632837,NA,0.744321271726561,NA,0.841956923253128,NA
13.7955457272,0.793160711198486,NA,0.0485087401868845,NA,0.744651971011602,NA,0.841669451385371,NA
13.80161237,0.793182006550387,NA,0.0481993117894523,NA,0.744982694760934,NA,0.841381318339839,NA
13.8076790128,0.793203013059503,NA,0.0478895797287736,NA,0.74531343333073,NA,0.841092592788277,NA
13.8137456556,0.793223760408513,NA,0.0475795833284646,NA,0.745644177080049,NA,0.840803343736978,NA
13.8198122984,0.793244277782746,NA,0.0472693614175943,NA,0.745974916365151,NA,0.84051363920034,NA
13.8258789412,0.793264595053825,NA,0.0469589534913194,NA,0.746305641562505,NA,0.840223548545144,NA
13.831945584,0.793284741418283,NA,0.0466483984164349,NA,0.746636343001848,NA,0.839933139834718,NA
13.8380122268,0.793304746602438,NA,0.0463377355260937,NA,0.746967011076344,NA,0.839642482128532,NA
13.8440788696,0.793324640016182,NA,0.0460270038883818,NA,0.7472976361278,NA,0.839351643904564,NA
13.8501455124,0.793344451178055,NA,0.0457162426680631,NA,0.747628208509992,NA,0.839060693846118,NA
13.8562121552,0.793364209626513,NA,0.0454054909965225,NA,0.747958718629991,NA,0.838769700623036,NA
13.862278798,0.793383944830744,NA,0.0450947880803154,NA,0.748289156750429,NA,0.83847873291106,NA
13.8683454408,0.793403686312155,NA,0.0447841729495222,NA,0.748619513362633,NA,0.838187859261677,NA
13.8744120836,0.793423463610576,NA,0.0444736849259374,NA,0.748949778684639,NA,0.837897148536513,NA
13.8804787264,0.793443306182305,NA,0.0441633629853803,NA,0.749279943196924,NA,0.837606669167685,NA
13.8865453692,0.793463243567618,NA,0.0438532463680167,NA,0.749609997199601,NA,0.837316489935634,NA
13.892612012,0.793483305294307,NA,0.0435433742517849,NA,0.749939931042522,NA,0.837026679546091,NA
13.8986786548,0.793503520751939,NA,0.0432337855696411,NA,0.750269735182298,NA,0.83673730632158,NA
13.9047452976,0.793523919698229,NA,0.0429245199118228,NA,0.750599399786406,NA,0.836448439610051,NA
13.9108119404,0.79354453130203,NA,0.0426156158402373,NA,0.750928915461793,NA,0.836160147142267,NA
13.9168785832,0.79356538544414,NA,0.0423071131285816,NA,0.751258272315559,NA,0.835872498572722,NA
13.922945226,0.793586511315503,NA,0.0419990504015346,NA,0.751587460913968,NA,0.835585561717037,NA
13.9290118688,0.79360793858211,NA,0.0416914670651485,NA,0.751916471516961,NA,0.835299405647258,NA
13.9350785116,0.793629696785674,NA,0.0413844023167286,NA,0.752245294468946,NA,0.835014099102403,NA
13.9411451544,0.793651815162206,NA,0.041077894884611,NA,0.752573920277595,NA,0.834729710046817,NA
13.9472117972,0.793674323762614,NA,0.0407719847489071,NA,0.752902339013707,NA,0.834446308511521,NA
13.95327844,0.793697251400866,NA,0.0404667100002555,NA,0.753230541400611,NA,0.834163961401122,NA
13.9593450828,0.79372062829639,NA,0.0401621108611571,NA,0.753558517435233,NA,0.833882739157547,NA
13.9654117256,0.793744483379447,NA,0.0398582256113467,NA,0.7538862577681,NA,0.833602708990793,NA
13.9714783684,0.793768846437073,NA,0.0395550938165662,NA,0.754213752620507,NA,0.833323940253639,NA
13.9775450112,0.793793747029574,NA,0.0392527546996851,NA,0.754540992329888,NA,0.833046501729259,NA
13.983611654,0.79381921423473,NA,0.0389512467782214,NA,0.754867967456509,NA,0.832770461012951,NA
13.9896782968,0.793845278401316,NA,0.0386506104283586,NA,0.755194667972957,NA,0.832495888829674,NA
13.9957449396,0.793871938375047,NA,0.0383508413900438,NA,0.755521096985004,NA,0.832222779765091,NA
14.0018115824,0.793898691319938,NA,0.0380512260016966,NA,0.755847465318241,NA,0.831949917321634,NA
14.0078782252,0.793925352400149,NA,0.0377515002554437,NA,0.756173852144705,NA,0.831676852655593,NA
14.013944868,0.793951930170828,NA,0.0374516736795153,NA,0.756500256491313,NA,0.831403603850344,NA
14.0200115108,0.793978433241554,NA,0.0371517558668418,NA,0.756826677374712,NA,0.831130189108396,NA
14.0260781536,0.794004870272591,NA,0.0368517564735712,NA,0.757153113799019,NA,0.830856626746162,NA
14.0321447964,0.794031249791517,NA,0.0365516849904762,NA,0.757479564801041,NA,0.830582934781993,NA
14.0382114392,0.794057580502086,NA,0.0362515511298957,NA,0.757806029372191,NA,0.830309131631982,NA
14.044278082,0.794083870942291,NA,0.0359513643925846,NA,0.758132506549707,NA,0.830035235334876,NA
14.0503447248,0.79411012977329,NA,0.0356511344396462,NA,0.758458995333644,NA,0.829761264212936,NA
14.0564113676,0.79413636558613,NA,0.0353508708394048,NA,0.758785494746726,NA,0.829487236425535,NA
14.0624780104,0.794162586995244,NA,0.0350505831901081,NA,0.759112003805136,NA,0.829213170185352,NA
14.0685446532,0.794188802615288,NA,0.0347502810971746,NA,0.759438521518113,NA,0.828939083712462,NA
14.074611296,0.794215021060202,NA,0.034449974147519,NA,0.759765046912683,NA,0.828664995207721,NA
14.0806779388,0.79424125092977,NA,0.0341496719376709,NA,0.760091578992099,NA,0.828390922867441,NA
14.0867445816,0.794267500860419,NA,0.0338493840781168,NA,0.760418116782302,NA,0.828116884938536,NA
14.0928112244,0.794293779438016,NA,0.0335491201459733,NA,0.760744659292043,NA,0.827842899583989,NA
14.0988778672,0.794320095288148,NA,0.0332488897481401,NA,0.761071205540008,NA,0.827568985036288,NA
14.10494451,0.79434645703146,NA,0.0329487024896999,NA,0.76139775454176,NA,0.82729515952116,NA
14.1110111528,0.794372873235641,NA,0.0326485679238252,NA,0.761724305311816,NA,0.827021441159466,NA
14.1170777956,0.794399352602355,NA,0.0323484957350889,NA,0.762050856867266,NA,0.826747848337444,NA
14.1231444384,0.794425903626732,NA,0.0320484954034532,NA,0.762377408223278,NA,0.826474399030185,NA
14.1292110812,0.794452535042955,NA,0.0317485766483777,NA,0.762703958394577,NA,0.826201111691333,NA
14.135277724,0.794479255362962,NA,0.0314487489645094,NA,0.763030506398452,NA,0.825928004327471,NA
14.1413443668,0.794506073245514,NA,0.0311490219958048,NA,0.763357051249709,NA,0.825655095241318,NA
14.1474110096,0.794532997318836,NA,0.0308494053557022,NA,0.763683591963134,NA,0.825382402674538,NA
14.1534776524,0.794560036102284,NA,0.0305499085436071,NA,0.764010127558677,NA,0.825109944645891,NA
14.1595442952,0.794587198386609,NA,0.0302505413432704,NA,0.764336657043338,NA,0.824837739729879,NA
14.165610938,0.794614492561606,NA,0.0299513131173279,NA,0.764663179444278,NA,0.824565805678934,NA
14.1716775808,0.794641927458533,NA,0.0296522336934518,NA,0.764989693765082,NA,0.824294161151985,NA
14.1777442236,0.794669511516761,NA,0.0293533124853384,NA,0.765316199031422,NA,0.824022824002099,NA
14.1838108664,0.794697253426863,NA,0.0290545591724837,NA,0.76564269425438,NA,0.823751812599347,NA
14.1898775092,0.794725161826007,NA,0.0287559833781991,NA,0.765969178447808,NA,0.823481145204206,NA
14.195944152,0.794753245183853,NA,0.0284575945466048,NA,0.766295650637248,NA,0.823210839730458,NA
14.2020107948,0.794781512381598,NA,0.028159402562148,NA,0.76662210981945,NA,0.822940914943746,NA
14.2080774376,0.794809971703028,NA,0.0278614166693791,NA,0.766948555033649,NA,0.822671388372407,NA
14.2141440804,0.794838632075788,NA,0.0275636468034229,NA,0.767274985272365,NA,0.822402278879211,NA
14.2202107232,0.794867501868048,NA,0.0272661022985451,NA,0.767601399569503,NA,0.822133604166593,NA
14.226277366,0.794896589800831,NA,0.0269687928682619,NA,0.767927796932569,NA,0.821865382669093,NA
14.2323440088,0.794925904521607,NA,0.026671728147275,NA,0.768254176374332,NA,0.821597632668882,NA
14.2384106516,0.794955454448979,NA,0.0263749175229029,NA,0.768580536926076,NA,0.821330371971882,NA
14.2444772944,0.794985248555958,NA,0.0260783709818059,NA,0.768906877574152,NA,0.821063619537764,NA
14.2505439372,0.79501529501963,NA,0.0257820976496903,NA,0.76923319736994,NA,0.820797392669321,NA
14.25661058,0.795045602863354,NA,0.025486107568376,NA,0.769559495294978,NA,0.82053171043173,NA
14.2626772228,0.795076180385457,NA,0.025190409994214,NA,0.769885770391243,NA,0.820266590379671,NA
14.2687438656,0.79510703633605,NA,0.0248950146732229,NA,0.770212021662827,NA,0.820002051009273,NA
14.2748105084,0.795138179374269,NA,0.0245999312530144,NA,0.770538248121255,NA,0.819738110627284,NA
14.2808771512,0.795169617866299,NA,0.0243051690625848,NA,0.770864448803714,NA,0.819474786928883,NA
14.286943794,0.795201360878321,NA,0.0240107381923288,NA,0.771190622685992,NA,0.81921209907065,NA
14.2930104368,0.795233416480048,NA,0.023716647648347,NA,0.771516768831701,NA,0.818950064128395,NA
14.2990770796,0.795265793789865,NA,0.0234229075783951,NA,0.77184288621147,NA,0.81868870136826,NA
14.3051437224,0.795298501037622,NA,0.0231295271624297,NA,0.772168973875193,NA,0.818428028200052,NA
14.3112103652,0.795331552003674,NA,0.0228365091028217,NA,0.772495042900852,NA,0.818168061106495,NA
14.317277008,0.795364970251694,NA,0.0225438420018382,NA,0.772821128249856,NA,0.817908812253533,NA
14.3233436508,0.795398763185443,NA,0.0222515364136476,NA,0.773147226771795,NA,0.817650299599091,NA
14.3294102936,0.795432937869267,NA,0.0219596054986153,NA,0.773473332370652,NA,0.817392543367882,NA
14.3354769364,0.795467500114284,NA,0.0216680611837955,NA,0.773799438930489,NA,0.81713556129808,NA
14.3415435792,0.795502457033003,NA,0.0213769166922836,NA,0.774125540340719,NA,0.816879373725286,NA
14.347610222,0.795538210338207,NA,0.0210867437375824,NA,0.774451466600625,NA,0.816624954075789,NA
14.3536768648,0.795575286101521,NA,0.0207982896391343,NA,0.774776996462387,NA,0.816373575740655,NA
14.3597435076,0.79561363122211,NA,0.0205114826969824,NA,0.775102148525127,NA,0.816125113919092,NA
14.3658101504,0.795653186725829,NA,0.0202262430515975,NA,0.775426943674231,NA,0.815879429777426,NA
14.3718767932,0.795693896430158,NA,0.0199424944533564,NA,0.775751401976802,NA,0.815636390883515,NA
14.377943436,0.795735700384599,NA,0.0196601557869035,NA,0.776075544597696,NA,0.815395856171503,NA
14.3840100788,0.79577854234077,NA,0.0193791507084593,NA,0.776399391632311,NA,0.815157693049229,NA
14.3900767216,0.795822363142321,NA,0.0190993991345272,NA,0.776722964007794,NA,0.814921762276849,NA
14.3961433644,0.795867105332364,NA,0.0188208231640451,NA,0.777046282168319,NA,0.814687928496409,NA
14.4022100072,0.795912711092444,NA,0.0185433444280917,NA,0.777369366664353,NA,0.814456055520536,NA
14.40827665,0.795959121783357,NA,0.0182668835218705,NA,0.777692238261486,NA,0.814226005305227,NA
14.4143432928,0.796006280613385,NA,0.0179913633693512,NA,0.778014917244034,NA,0.813997643982736,NA
14.4204099356,0.796054128345723,NA,0.0177167038227856,NA,0.778337424522937,NA,0.813770832168508,NA
14.4264765784,0.796102608083561,NA,0.0174428276600603,NA,0.778659780423501,NA,0.813545435743622,NA
14.4325432212,0.796151661149216,NA,0.0171696554455403,NA,0.778982005703676,NA,0.813321316594757,NA
14.438609864,0.796201229881392,NA,0.0168971090019748,NA,0.779304120879417,NA,0.813098338883366,NA
14.4446765068,0.796251256391783,NA,0.0166251098649559,NA,0.779626146526827,NA,0.812876366256738,NA
14.4507431496,0.796301682385292,NA,0.0163535790968485,NA,0.779948103288444,NA,0.812655261482141,NA
14.4568097924,0.796352450451839,NA,0.016082438782788,NA,0.780270011669051,NA,0.812434889234627,NA
14.4628764352,0.796403502072892,NA,0.0158116097488469,NA,0.780591892324046,NA,0.812215111821739,NA
14.468943078,0.796454779707803,NA,0.0155410139007916,NA,0.780913765807011,NA,0.811995793608594,NA
14.4750097208,0.796506225148381,NA,0.0152705724384188,NA,0.781235652709962,NA,0.8117767975868,NA
14.4810763636,0.796557780538093,NA,0.0150002069207213,NA,0.781557573617372,NA,0.811557987458814,NA
14.4871430064,0.796609387909614,NA,0.0147298387753737,NA,0.78187954913424,NA,0.811339226684987,NA
14.4932096492,0.796660989321126,NA,0.0144593895443318,NA,0.782201599776794,NA,0.811120378865458,NA
14.499276292,0.796712526735009,NA,0.0141887804614664,NA,0.782523746273543,NA,0.810901307196475,NA
14.5053429348,0.796763942355598,NA,0.0139179333328861,NA,0.782846009022712,NA,0.810681875688484,NA
14.5114095776,0.796815178002984,NA,0.0136467691984512,NA,0.783168408804533,NA,0.810461947201436,NA
14.5174762204,0.796866175929304,NA,0.0133752098809632,NA,0.783490966048341,NA,0.810241385810267,NA
14.5235428632,0.796916878091958,NA,0.0131031766880838,NA,0.783813701403874,NA,0.810020054780042,NA
14.529609506,0.796967226435427,NA,0.0128305909271444,NA,0.784136635508283,NA,0.809797817362572,NA
14.5356761488,0.797017163380347,NA,0.0125573746321185,NA,0.784459788748228,NA,0.809574538012465,NA
14.5417427916,0.797066630252385,NA,0.0122834481731844,NA,0.7847831820792,NA,0.809350078425569,NA
14.5478094344,0.797115569983327,NA,0.0120087343427015,NA,0.785106835640626,NA,0.809124304326028,NA
14.5538760772,0.797163923758595,NA,0.0117331533208389,NA,0.785430770437756,NA,0.808897077079434,NA
14.55994272,0.797211634281475,NA,0.0114566275409714,NA,0.785755006740503,NA,0.808668261822446,NA
14.5660093628,0.797258643332475,NA,0.0111790780718619,NA,0.786079565260613,NA,0.808437721404337,NA
14.5720760056,0.797304892758712,NA,0.0109004260880666,NA,0.786404466670645,NA,0.808205318846778,NA
14.5781426484,0.797350325352443,NA,0.0106205941280083,NA,0.786729731224435,NA,0.807970919480451,NA
14.5842092912,0.797394881793455,NA,0.0103395016857423,NA,0.787055380107713,NA,0.807734383479197,NA
14.590275934,0.79743850574557,NA,0.0100570725460927,NA,0.787381433199477,NA,0.807495578291663,NA
14.5963425768,0.797481137764123,NA,0.00977322603575283,NA,0.78770791172837,NA,0.807254363799876,NA
14.6024092196,0.797522720994383,NA,0.00948788518624285,NA,0.78803483580814,NA,0.807010606180626,NA
14.6084758624,0.797563197049133,NA,0.00920097083985345,NA,0.78836222620928,NA,0.806764167888987,NA
14.6145425052,0.797602507668956,NA,0.00891240402593975,NA,0.788690103643017,NA,0.806514911694896,NA
14.620609148,0.797640596026904,NA,0.0086221077997991,NA,0.789018488227105,NA,0.806262703826703,NA
14.6266757908,0.797677402147709,NA,0.00833000076693793,NA,0.789347401380771,NA,0.806007402914647,NA
14.6327424336,0.797712870431815,NA,0.00803600771085837,NA,0.789676862720957,NA,0.805748878142674,NA
14.6388090764,0.797746940809059,NA,0.00774004711099249,NA,0.790006893698066,NA,0.805486987920051,NA
14.6448757192,0.797779556857516,NA,0.00744204258457635,NA,0.79033751427294,NA,0.805221599442093,NA
14.650942362,0.797810660031422,NA,0.0071419147598583,NA,0.790668745271564,NA,0.80495257479128,NA
14.6570090048,0.797840191955651,NA,0.00683958450856213,NA,0.791000607447088,NA,0.804679776464213,NA
14.6630756476,0.797868096193218,NA,0.00653497541529022,NA,0.791333120777928,NA,0.804403071608508,NA
14.6691422904,0.797894318805355,NA,0.00622801466081809,NA,0.791666304144537,NA,0.804122333466173,NA
14.6752089332,0.797919470538982,NA,0.00591956934154563,NA,0.791999901197437,NA,0.803839039880528,NA
14.681275576,0.797943990278213,NA,0.00561026360186441,NA,0.792333726676348,NA,0.803554253880077,NA
14.6873422188,0.797967885878933,NA,0.00530011193573362,NA,0.792667773943199,NA,0.803267997814666,NA
14.6934088616,0.797991164254338,NA,0.00498912755399464,NA,0.793002036700343,NA,0.802980291808332,NA
14.6994755044,0.798013832417138,NA,0.00467732380727995,NA,0.793336508609858,NA,0.802691156224418,NA
14.7055421472,0.798035898104453,NA,0.00436471501334927,NA,0.793671183091104,NA,0.802400613117803,NA
14.71160879,0.798057367524322,NA,0.0040513134523252,NA,0.794006054071997,NA,0.802108680976647,NA
14.7176754328,0.79807824892459,NA,0.0037371341146418,NA,0.794341114809948,NA,0.801815383039232,NA
14.7237420756,0.798098548571209,NA,0.00342218936700891,NA,0.7946763592042,NA,0.801520737938218,NA
14.7298087184,0.798118274259118,NA,0.00310649359190561,NA,0.795011780667213,NA,0.801224767851024,NA
14.7358753612,0.798137432928523,NA,0.0027900600474717,NA,0.795347372881051,NA,0.800927492975995,NA
14.741942004,0.798156031599062,NA,0.00247290210122318,NA,0.795683129497839,NA,0.800628933700285,NA
14.7480086468,0.798174077966988,NA,0.00215503398985376,NA,0.796019043977134,NA,0.800329111956842,NA
14.7540752896,0.798191578315144,NA,0.00183646813873399,NA,0.79635511017641,NA,0.800028046453878,NA
14.7601419324,0.798208540803351,NA,0.00151721936993751,NA,0.796691321433413,NA,0.799725760173288,NA
14.7662085752,0.79822497177809,NA,0.00119730020057875,NA,0.797027671577511,NA,0.799422271978668,NA
14.772275218,0.798240878974486,NA,0.000876724903800646,NA,0.797364154070686,NA,0.799117603878287,NA
14.7783418608,0.798256269358622,NA,0.000555506782897228,NA,0.797700762575724,NA,0.798811776141519,NA
14.7844085036,0.798271149958197,NA,0.000233659224412106,NA,0.798037490733785,NA,0.798504809182609,NA
14.7904751464,0.798285528427465,NA,8.88036181700034e-05,NA,0.798196724809295,NA,0.798374332045635,NA
14.7965417892,0.798299411125207,NA,0.000411869172087469,NA,0.797887541953119,NA,0.798711280297294,NA
14.802608432,0.79831280612265,NA,0.000735522784698218,NA,0.797577283337952,NA,0.799048328907348,NA
14.8086750748,0.798325719846239,NA,0.00105975178955901,NA,0.79726596805668,NA,0.799385471635798,NA
14.8147417176,0.798338159972422,NA,0.00138454202071263,NA,0.796953617951709,NA,0.799722701993134,NA
14.8208083604,0.798350133492018,NA,0.00170988013186149,NA,0.796640253360157,NA,0.80006001362388,NA
14.8268750032,0.798361647441929,NA,0.00203575271528362,NA,0.796325894726645,NA,0.800397400157212,NA
14.832941646,0.798372709433269,NA,0.00236214570285426,NA,0.796010563730415,NA,0.800734855136123,NA
14.8390082888,0.798383325901895,NA,0.00268904637227132,NA,0.795694279529623,NA,0.801072372274166,NA
14.8450749316,0.798393504829873,NA,0.00301644024139824,NA,0.795377064588474,NA,0.801409945071271,NA
14.8511415744,0.798403252723043,NA,0.00334431449553478,NA,0.795058938227509,NA,0.801747567218578,NA
14.8572082172,0.79841257720031,NA,0.00367265507376669,NA,0.794739922126544,NA,0.802085232274077,NA
14.86327486,0.798421485276099,NA,0.00400144858893494,NA,0.794420036687164,NA,0.802422933865034,NA
14.8693415028,0.798429983997642,NA,0.00433068160999724,NA,0.794099302387645,NA,0.80276066560764,NA
14.8754081456,0.798438080931786,NA,0.00466034015633061,NA,0.793777740775455,NA,0.803098421088117,NA
14.8814747884,0.798445782592594,NA,0.00499041135394924,NA,0.793455371238645,NA,0.803436193946543,NA
14.8875414312,0.798453096872406,NA,0.00532088089229415,NA,0.793132215980111,NA,0.8037739777647,NA
14.893608074,0.798460030355888,NA,0.00565173580948206,NA,0.792808294546406,NA,0.80411176616537,NA
14.8996747168,0.798466590605537,NA,0.00598296214749368,NA,0.792483628458044,NA,0.804449552753031,NA
14.9057413596,0.79847278465825,NA,0.00631454648045631,NA,0.792158238177793,NA,0.804787331138706,NA
14.9118080024,0.798478619572724,NA,0.0066464753518602,NA,0.791832144220864,NA,0.805125094924584,NA
14.9178746452,0.798484102870402,NA,0.00697873487073128,NA,0.79150536799967,NA,0.805462837741133,NA
14.923941288,0.79848924114469,NA,0.00731131200925275,NA,0.791177929135437,NA,0.805800553153943,NA
14.9300079308,0.798494042197633,NA,0.00764419262951764,NA,0.790849849568116,NA,0.806138234827151,NA
14.9360745736,0.798498512692159,NA,0.00797736362353181,NA,0.790521149068627,NA,0.806475876315691,NA
14.9421412164,0.798502660135489,NA,0.00831081113402504,NA,0.790191849001464,NA,0.806813471269514,NA
14.9482078592,0.798506491585855,NA,0.00864452169855703,NA,0.789861969887298,NA,0.807151013284412,NA
14.954274502,0.798510014114559,NA,0.00897848183300402,NA,0.789531532281555,NA,0.807488495947563,NA
14.9603411448,0.798513235196502,NA,0.00931267773818811,NA,0.789200557458314,NA,0.80782591293469,NA
14.9664077876,0.798516161505568,NA,0.00964709623031456,NA,0.788869065275254,NA,0.808163257735883,NA
14.9724744304,0.798518800752942,NA,0.00998172334520085,NA,0.788537077407741,NA,0.808500524098142,NA
14.9785410732,0.798521159679241,NA,0.0103165458298163,NA,0.788204613849425,NA,0.808837705509057,NA
14.984607716,0.79852324573755,NA,0.0106515499254925,NA,0.787871695812057,NA,0.809174795663042,NA
14.9906743588,0.7985250660063,NA,0.0109867221353691,NA,0.787538343870931,NA,0.809511788141669,NA
14.9967410016,0.798526627570533,NA,0.0113220489455611,NA,0.787204578624972,NA,0.809848676516094,NA
15.0028076444,0.798527937857471,NA,0.0116575166508332,NA,0.786870421206638,NA,0.810185454508304,NA
15.0088742872,0.798529003622615,NA,0.0119931119092662,NA,0.786535891713348,NA,0.810522115531881,NA
15.01494093,0.798529832485716,NA,0.0123288209314755,NA,0.78620101155424,NA,0.810858653417192,NA
15.0210075728,0.798530082682213,NA,0.012665123290293,NA,0.78586495939192,NA,0.811195205972506,NA
15.0270742156,0.798528882922205,NA,0.0130032479787931,NA,0.785525634943412,NA,0.811532130900999,NA
15.0331408584,0.798526234992518,NA,0.0133431889782664,NA,0.785183046014252,NA,0.811869423970785,NA
15.0392075012,0.798522187684164,NA,0.0136848737828004,NA,0.784837313901364,NA,0.812207061466965,NA
15.045274144,0.798516791655888,NA,0.0140282275756186,NA,0.78448856408027,NA,0.812545019231507,NA
15.0513407868,0.798510093945479,NA,0.0143731800037951,NA,0.784136913941684,NA,0.812883273949274,NA
15.0574074296,0.798502146210276,NA,0.0147196550451582,NA,0.783782491165118,NA,0.813221801255435,NA
15.0634740724,0.798492995866458,NA,0.0150675818532377,NA,0.783425414013221,NA,0.813560577719696,NA
15.0695407152,0.798482693366814,NA,0.0154168859010514,NA,0.783065807465763,NA,0.813899579267865,NA
15.075607358,0.798471287607413,NA,0.0157674945425878,NA,0.782703793064825,NA,0.814238782150001,NA
15.0816740008,0.798458827489617,NA,0.0161193351044617,NA,0.782339492385155,NA,0.814578162594078,NA
15.0877406436,0.798445363328652,NA,0.0164723332833051,NA,0.781973030045347,NA,0.814917696611957,NA
15.0938072864,0.798430942738995,NA,0.016826417866849,NA,0.781604524872146,NA,0.815257360605844,NA
15.0998739292,0.798415616741837,NA,0.0171815137786044,NA,0.781234102963233,NA,0.815597130520442,NA
15.105940572,0.798399433275257,NA,0.0175375493996726,NA,0.780861883875585,NA,0.81593698267493,NA
15.1120072148,0.798382442443852,NA,0.0178944507159056,NA,0.780487991727946,NA,0.816276893159757,NA
15.1180738576,0.798364693258715,NA,0.0182521449143929,NA,0.780112548344322,NA,0.816616838173108,NA
15.1241405004,0.798346234739352,NA,0.0186105591427127,NA,0.779735675596639,NA,0.816956793882064,NA
15.1302071432,0.798327116849677,NA,0.0189696196224697,NA,0.779357497227207,NA,0.817296736472147,NA
15.136273786,0.798307387788646,NA,0.019329254270486,NA,0.77897813351816,NA,0.817636642059132,NA
15.1423404288,0.79828709793741,NA,0.0196893889617382,NA,0.778597708975671,NA,0.817976486899148,NA
15.1484070716,0.798266295752045,NA,0.0200499513106844,NA,0.778216344441361,NA,0.81831624706273,NA
15.1544737144,0.798245030996755,NA,0.0204108678044408,NA,0.777834163192314,NA,0.818655898801195,NA
15.1605403572,0.798223352789858,NA,0.0207720654747689,NA,0.777451287315089,NA,0.818995418264627,NA
15.166607,0.798201310276804,NA,0.0211334712786386,NA,0.777067838998165,NA,0.819334781555443,NA
15.1726736428,0.798178953062396,NA,0.0214950119741981,NA,0.776683941088198,NA,0.819673965036594,NA
15.1787402856,0.798156329937868,NA,0.0218566145957911,NA,0.776299715342077,NA,0.820012944533659,NA
15.1848069284,0.798133490640429,NA,0.0222182059756449,NA,0.775915284664784,NA,0.820351696616074,NA
15.1908735712,0.798110484140257,NA,0.0225797129673583,NA,0.775530771172898,NA,0.820690197107615,NA
15.196940214,0.798087359868957,NA,0.0229410625477433,NA,0.775146297321214,NA,0.8210284224167,NA
15.2030068568,0.798064167044279,NA,0.0233021816047999,NA,0.774761985439479,NA,0.821366348649079,NA
15.2090734996,0.798040954945409,NA,0.0236629968933254,NA,0.774377958052084,NA,0.821703951838735,NA
15.2151401424,0.798017772810246,NA,0.0240234357195758,NA,0.77399433709067,NA,0.822041208529822,NA
15.2212067852,0.797994670030096,NA,0.0243834242238511,NA,0.773611245806245,NA,0.822378094253947,NA
15.227273428,0.797971695694329,NA,0.0247428902014115,NA,0.773228805492918,NA,0.822714585895741,NA
15.2333400708,0.797948899283327,NA,0.0251017597507802,NA,0.772847139532547,NA,0.823050659034107,NA
15.2394067136,0.797926329903894,NA,0.0254599603268982,NA,0.772466369576996,NA,0.823386290230792,NA
15.2454733564,0.797904036865412,NA,0.0258174186855734,NA,0.772086618179838,NA,0.823721455550985,NA
15.2515399992,0.797882069588603,NA,0.0261740613678584,NA,0.771708008220744,NA,0.824056130956461,NA
15.257606642,0.79786047693666,NA,0.0265298162396895,NA,0.771330660696971,NA,0.824390293176349,NA
15.2636732848,0.797839308908765,NA,0.0268846085357511,NA,0.770954700373014,NA,0.824723917444516,NA
15.2697399276,0.797818613942547,NA,0.0272383670201223,NA,0.770580246922425,NA,0.82505698096267,NA
15.2758065704,0.797798442024692,NA,0.027591017042036,NA,0.770207424982656,NA,0.825389459066728,NA
15.2818732132,0.797778841945001,NA,0.027942486522992,NA,0.769836355422009,NA,0.825721328467993,NA
15.287939856,0.797759863096692,NA,0.0282927020981737,NA,0.769467160998518,NA,0.826052565194865,NA
15.2940064988,0.797741555049819,NA,0.0286415900833232,NA,0.769099964966496,NA,0.826383145133142,NA
15.3000731416,0.797723966285075,NA,0.0289890789156237,NA,0.768734887369452,NA,0.826713045200699,NA
15.3061397844,0.797707147417311,NA,0.0293350929125766,NA,0.768372054504734,NA,0.827042240329887,NA
15.3122064272,0.797691146228517,NA,0.0296795618128638,NA,0.768011584415653,NA,0.827370708041381,NA
15.31827307,0.797676013207786,NA,0.030022410222211,NA,0.767653602985575,NA,0.827698423429997,NA
15.3243397128,0.797661796835714,NA,0.0303635665171098,NA,0.767298230318604,NA,0.828025363352823,NA
15.3304063556,0.797648546581554,NA,0.030702957223687,NA,0.766945589357867,NA,0.828351503805241,NA
15.3364729984,0.797636312172494,NA,0.0310405084208065,NA,0.766595803751687,NA,0.8286768205933,NA
15.3425396412,0.797625141698926,NA,0.0313761491284641,NA,0.766248992570462,NA,0.82900129082739,NA
15.348606284,0.79761483743337,NA,0.0317101548262205,NA,0.76590468260715,NA,0.829324992259591,NA
15.3546729268,0.797605076076854,NA,0.0320429800881497,NA,0.765562095988705,NA,0.829648056165004,NA
15.3607395696,0.79759583204534,NA,0.0323746570709016,NA,0.765221174974439,NA,0.829970489116242,NA
15.3668062124,0.797587079896582,NA,0.0327052187108227,NA,0.764881861185759,NA,0.830292298607404,NA
15.3728728552,0.797578794780664,NA,0.033034696636235,NA,0.764544098144428,NA,0.830613491416899,NA
15.378939498,0.797570951913488,NA,0.0333631222856654,NA,0.764207829627823,NA,0.830934074199153,NA
15.3850061408,0.797563525854035,NA,0.0336905286996239,NA,0.763872997154411,NA,0.831254054553659,NA
15.3910727836,0.797556492342268,NA,0.0340169459900818,NA,0.763539546352186,NA,0.831573438332349,NA
15.3971394264,0.797549825672878,NA,0.0343424079180501,NA,0.763207417754828,NA,0.831892233590928,NA
15.4032060692,0.797543501397615,NA,0.0346669450014757,NA,0.76287655639614,NA,0.832210446399091,NA
15.409272712,0.797537494235845,NA,0.034990589964777,NA,0.762546904271068,NA,0.832528084200622,NA
15.4153393548,0.797531779294226,NA,0.0353133744972517,NA,0.762218404796974,NA,0.832845153791478,NA
15.4214059976,0.797526331713902,NA,0.0356353301274034,NA,0.761891001586498,NA,0.833161661841305,NA
15.4274726404,0.797521126246793,NA,0.0359564896548144,NA,0.761564636591979,NA,0.833477615901608,NA
15.4335392832,0.797516138321741,NA,0.036276883583334,NA,0.761239254738407,NA,0.833793021905074,NA
15.439605926,0.797511342565285,NA,0.0365965452528697,NA,0.760914797312415,NA,0.834107887818154,NA
15.4456725688,0.797506714274057,NA,0.0369155055099725,NA,0.760591208764085,NA,0.83442221978403,NA
15.4517392116,0.797502228325084,NA,0.0372337968721822,NA,0.760268431452901,NA,0.834736025197266,NA
15.4578058544,0.797497870842605,NA,0.0375514667217657,NA,0.759946404120839,NA,0.835049337564371,NA
15.4638724972,0.797493835841922,NA,0.0378688563283624,NA,0.759624979513559,NA,0.835362692170284,NA
15.46993914,0.797490182655383,NA,0.0381861175819154,NA,0.759304065073468,NA,0.835676300237298,NA
15.4760057828,0.797486885610125,NA,0.0385032802707514,NA,0.758983605339374,NA,0.835990165880877,NA
15.4820724256,0.797483917710243,NA,0.0388203745445534,NA,0.75866354316569,NA,0.836304292254797,NA
15.4881390684,0.797481253092563,NA,0.0391374302937411,NA,0.758343822798822,NA,0.836618683386304,NA
15.4942057112,0.797478865161308,NA,0.0394544775337903,NA,0.758024387627518,NA,0.836933342695098,NA
15.500272354,0.797476727652554,NA,0.039771546228574,NA,0.75770518142398,NA,0.837248273881128,NA
15.5063389968,0.797474814336244,NA,0.0400886663907334,NA,0.757386147945511,NA,0.837563480726977,NA
15.5124056396,0.797473098653419,NA,0.0404058679064948,NA,0.757067230746924,NA,0.837878966559914,NA
15.5184722824,0.797471554598372,NA,0.0407231809466258,NA,0.756748373651746,NA,0.838194735544998,NA
15.5245389252,0.797470155527483,NA,0.0410406352579645,NA,0.756429520269518,NA,0.838510790785447,NA
15.530605568,0.797468875311012,NA,0.0413582610327103,NA,0.756110614278302,NA,0.838827136343723,NA
15.5366722108,0.797467687514588,NA,0.0416760881060295,NA,0.755791599408558,NA,0.839143775620617,NA
15.5427388536,0.797466565837484,NA,0.0419941464802308,NA,0.755472419357253,NA,0.839460712317715,NA
15.5488054964,0.797465483961842,NA,0.0423124662713925,NA,0.75515301769045,NA,0.839777950233235,NA
15.5548721392,0.797464415541108,NA,0.0426310771204303,NA,0.754833338420678,NA,0.840095492661538,NA
15.560938782,0.797463334232566,NA,0.0429500095852966,NA,0.75451332464727,NA,0.840413343817863,NA
15.5670054248,0.797462213746964,NA,0.0432692930076131,NA,0.754192920739351,NA,0.840731506754577,NA
15.5730720676,0.797461027690081,NA,0.0435889578789853,NA,0.753872069811096,NA,0.841049985569066,NA
15.5791387104,0.797459749784781,NA,0.043909033859015,NA,0.753550715925766,NA,0.841368783643796,NA
15.5852053532,0.797458353697706,NA,0.0442295509837017,NA,0.753228802714004,NA,0.841687904681407,NA
15.591271996,0.797456813019025,NA,0.0445505394773071,NA,0.752906273541718,NA,0.842007352496333,NA
15.5973386388,0.797455101618761,NA,0.0448720287306888,NA,0.752583072888072,NA,0.84232713034945,NA
15.6034052816,0.797453192813018,NA,0.0451940496937315,NA,0.752259143119287,NA,0.84264724250675,NA
15.6094719244,0.797451060668998,NA,0.0455166313004659,NA,0.751934429368532,NA,0.842967691969464,NA
15.6155385672,0.797448678530079,NA,0.0458398043395329,NA,0.751608874190546,NA,0.843288482869612,NA
15.62160521,0.797446020272198,NA,0.0461635982997129,NA,0.751282421972485,NA,0.843609618571911,NA
15.6276718528,0.797443059533528,NA,0.0464880432459536,NA,0.750955016287575,NA,0.843931102779482,NA
15.6337384956,0.797439769808105,NA,0.0468131695154419,NA,0.750626600292663,NA,0.844252939323547,NA
15.6398051384,0.797436125186686,NA,0.0471390062442374,NA,0.750297118942449,NA,0.844575131430923,NA
15.6458717812,0.797432098640037,NA,0.0474655847788965,NA,0.749966513861141,NA,0.844897683418934,NA
15.651938424,0.797427664593893,NA,0.047792933643489,NA,0.749634730950404,NA,0.845220598237382,NA
15.6580050668,0.797422796131317,NA,0.0481210839213193,NA,0.749301712209997,NA,0.845543880052636,NA
15.6640717096,0.797417467277149,NA,0.0484500649350904,NA,0.748967402342059,NA,0.845867532212239,NA
15.6701383524,0.797411651645263,NA,0.0487799067739531,NA,0.748631744871309,NA,0.846191558419216,NA
15.6762049952,0.797405322629389,NA,0.0491106398927657,NA,0.748294682736624,NA,0.846515962522155,NA
15.682271638,0.797398454545195,NA,0.0494422931680426,NA,0.747956161377152,NA,0.846840747713237,NA
15.6883382808,0.797391020013934,NA,0.049774898347758,NA,0.747616121666176,NA,0.847165918361692,NA
15.6944049236,0.797383022897286,NA,0.0501084424249285,NA,0.747274580472358,NA,0.847491465322215,NA
15.7004715664,0.797374590713472,NA,0.0504427380056593,NA,0.746931852707813,NA,0.847817328719131,NA
15.7065382092,0.797365752729779,NA,0.0507777363313935,NA,0.746588016398385,NA,0.848143489061172,NA
15.712604852,0.797356520719395,NA,0.0511134135168446,NA,0.74624310720255,NA,0.84846993423624,NA
15.7186714948,0.797346906315564,NA,0.0514497459127072,NA,0.745897160402857,NA,0.848796652228271,NA
15.7247381376,0.797336921802466,NA,0.0517867087595785,NA,0.745550213042888,NA,0.849123630562045,NA
15.7308047804,0.797326578334126,NA,0.052124279217855,NA,0.745202299116271,NA,0.849450857551981,NA
15.7368714232,0.797315888438456,NA,0.0524624321228797,NA,0.744853456315577,NA,0.849778320561336,NA
15.742938066,0.797304863464948,NA,0.0528011442958216,NA,0.744503719169126,NA,0.850106007760769,NA
15.7490047088,0.797293515518555,NA,0.0531403912915346,NA,0.744153124227021,NA,0.85043390681009,NA
15.7550713516,0.79728185638751,NA,0.0534801491955923,NA,0.743801707191918,NA,0.850762005583103,NA
15.7611379944,0.797269897746023,NA,0.0538203942742791,NA,0.743449503471744,NA,0.851090292020302,NA
15.7672046372,0.797257651781298,NA,0.0541611019661523,NA,0.743096549815146,NA,0.851418753747451,NA
15.77327128,0.797245129800343,NA,0.0545022491200981,NA,0.742742880680245,NA,0.851747378920442,NA
15.7793379228,0.797232344171036,NA,0.0548438108965901,NA,0.742388533274446,NA,0.852076155067626,NA
15.7854045656,0.797219306360999,NA,0.0551857638779771,NA,0.742033542483022,NA,0.852405070238976,NA
15.7914712084,0.797206028406011,NA,0.0555280837580026,NA,0.741677944648009,NA,0.852734112164014,NA
15.7975378512,0.797192522107472,NA,0.0558707465969012,NA,0.741321775510571,NA,0.853063268704373,NA
15.803604494,0.797178799182431,NA,0.056213728572746,NA,0.740965070609685,NA,0.853392527755177,NA
15.8096711368,0.797164871719246,NA,0.0565570053258549,NA,0.740607866393391,NA,0.853721877045101,NA
15.8157377796,0.79715075117978,NA,0.0569005533898046,NA,0.740250197789975,NA,0.854051304569585,NA
15.8218044224,0.797136449770938,NA,0.0572443482520988,NA,0.739892101518839,NA,0.854380798023037,NA
15.8278710652,0.797121979077539,NA,0.0575883662581642,NA,0.739533612819375,NA,0.854710345335703,NA
15.833937708,0.797107351068059,NA,0.0579325832368373,NA,0.739174767831222,NA,0.855039934304896,NA
15.8400043508,0.797092577555192,NA,0.0582769752268089,NA,0.738815602328384,NA,0.855369552782001,NA
15.8460709936,0.797077670300702,NA,0.0586215183141471,NA,0.738456151986554,NA,0.855699188614849,NA
15.8521376364,0.797062641292222,NA,0.0589661883447248,NA,0.738096452947497,NA,0.856028829636947,NA
15.8582042792,0.797047502148348,NA,0.059310961533013,NA,0.737736540615335,NA,0.856358463681361,NA
15.864270922,0.797032264914075,NA,0.0596558136954444,NA,0.737376451218631,NA,0.85668807860952,NA
15.8703375648,0.797016941290482,NA,0.0600007209424207,NA,0.737016220348061,NA,0.857017662232902,NA
15.8764042076,0.797001543180613,NA,0.0603456592340764,NA,0.736655883946536,NA,0.857347202414689,NA
15.8824708504,0.796986082406585,NA,0.0606906045913548,NA,0.73629547781523,NA,0.85767668699794,NA
15.8885374932,0.796970570776747,NA,0.0610355330045209,NA,0.735935037772226,NA,0.858006103781268,NA
15.894604136,0.79695502017614,NA,0.0613804205288007,NA,0.73557459964734,NA,0.858335440704941,NA
15.9006707788,0.796939442381961,NA,0.0617252430557625,NA,0.735214199326199,NA,0.858664685437724,NA
15.9067374216,0.79692384927636,NA,0.0620699767326655,NA,0.734853872543695,NA,0.858993826009026,NA
15.9128040644,0.796908252675739,NA,0.0624145974367866,NA,0.734493655238952,NA,0.859322850112525,NA
15.9188707072,0.796892664419584,NA,0.0627590812557593,NA,0.734133583163824,NA,0.859651745675343,NA
15.92493735,0.796877096337561,NA,0.0631034041965779,NA,0.733773692140984,NA,0.859980500534139,NA
15.9310039928,0.79686156028648,NA,0.0634475421499062,NA,0.733414018136574,NA,0.860309102436386,NA
15.9370706356,0.796846068046913,NA,0.0637914713841214,NA,0.733054596662792,NA,0.860637539431035,NA
15.9431372784,0.796830631556532,NA,0.0641351674640913,NA,0.732695464092441,NA,0.860965799020624,NA
15.9492039212,0.796815262533707,NA,0.0644786068698005,NA,0.732336655663906,NA,0.861293869403507,NA
15.955270564,0.796799972909224,NA,0.0648217652472992,NA,0.731978207661924,NA,0.861621738156523,NA
15.9613372068,0.796784774460886,NA,0.0651646188079245,NA,0.731620155652961,NA,0.86194939326881,NA
15.9674038496,0.796769679024037,NA,0.0655071435485157,NA,0.731262535475521,NA,0.862276822572552,NA
15.9734704924,0.796754698505814,NA,0.0658493152563418,NA,0.730905383249473,NA,0.862604013762156,NA
15.9795371352,0.796739844580454,NA,0.0661911104167252,NA,0.730548734163729,NA,0.862930954997179,NA
15.985603778,0.796725129347974,NA,0.0665325042640384,NA,0.730192625083936,NA,0.863257633612013,NA
15.9916704208,0.796710564362027,NA,0.0668734736128886,NA,0.729837090749138,NA,0.863584037974915,NA
15.9977370636,0.79669616166685,NA,0.0672139938799985,NA,0.729482167786851,NA,0.863910155546848,NA
16.0038037064,0.796681932980432,NA,0.0675540413966099,NA,0.729127891583822,NA,0.864235974377042,NA
16.0098703492,0.796667890141922,NA,0.0678935921532081,NA,0.728774297988714,NA,0.86456148229513,NA
16.015936992,0.796654045110663,NA,0.068232621829866,NA,0.728421423280797,NA,0.864886666940529,NA
16.0220036348,0.796640053212923,NA,0.0685716109317399,NA,0.728068442281184,NA,0.865211664144663,NA
16.0280702776,0.796625258097049,NA,0.0689114799245754,NA,0.727713778172474,NA,0.865536738021624,NA
16.0341369204,0.796609675518691,NA,0.0692521997827054,NA,0.727357475735986,NA,0.865861875301397,NA
16.0402035632,0.796593335703038,NA,0.069593720142795,NA,0.726999615560243,NA,0.866187055845833,NA
16.046270206,0.796576270501126,NA,0.0699359888978287,NA,0.726640281603297,NA,0.866512259398955,NA
16.0523368488,0.796558511160747,NA,0.0702789545904953,NA,0.726279556570252,NA,0.866837465751242,NA
16.0584034916,0.796540088572435,NA,0.0706225660936068,NA,0.725917522478828,NA,0.867162654666042,NA
16.0644701344,0.796521034860459,NA,0.0709667711083347,NA,0.725554263752125,NA,0.867487805968794,NA
16.0705367772,0.796501380122901,NA,0.0713115192106989,NA,0.725189860912202,NA,0.8678128993336,NA
16.07660342,0.796481156840948,NA,0.0716567578243774,NA,0.72482439901657,NA,0.868137914665325,NA
16.0826700628,0.796460395542806,NA,0.072002436089766,NA,0.72445795945304,NA,0.868462831632573,NA
16.0887367056,0.79643912791536,NA,0.0723485021650172,NA,0.724090625750343,NA,0.868787630080378,NA
16.0948033484,0.796417385222435,NA,0.0726949045714669,NA,0.723722480650968,NA,0.869112289793902,NA
16.1008699912,0.79639519848665,NA,0.0730415919594657,NA,0.723353606527184,NA,0.869436790446116,NA
16.106936634,0.796372599552069,NA,0.0733885124964619,NA,0.722984087055607,NA,0.869761112048531,NA
16.1130032768,0.796349618945098,NA,0.0737356150483833,NA,0.722614003896715,NA,0.870085233993482,NA
16.1190699196,0.796326288711823,NA,0.0740828477576381,NA,0.722243440954185,NA,0.870409136469461,NA
16.1251365624,0.796302639680989,NA,0.0744301592724295,NA,0.72187248040856,NA,0.870732798953419,NA
16.1312032052,0.796278703380282,NA,0.0747774980079267,NA,0.721501205372355,NA,0.871056201388208,NA
16.137269848,0.796254511084605,NA,0.0751248124722643,NA,0.721129698612341,NA,0.87137932355687,NA
16.1433364908,0.79623009395362,NA,0.0754720510851789,NA,0.720758042868441,NA,0.871702145038799,NA
16.1494031336,0.796205483546229,NA,0.0758191624885481,NA,0.720386321057681,NA,0.872024646034777,NA
16.1554697764,0.796180710822119,NA,0.0761660948300538,NA,0.720014615992066,NA,0.872346805652173,NA
16.1615364192,0.796155807389793,NA,0.0765127969749132,NA,0.71964301041488,NA,0.872668604364706,NA
16.167603062,0.796130804376064,NA,0.0768592170832124,NA,0.719271587292851,NA,0.872990021459276,NA
16.1736697048,0.796105733154367,NA,0.0772053038189835,NA,0.718900429335383,NA,0.87331103697335,NA
16.1797363476,0.796080625005736,NA,0.0775510056853136,NA,0.718529619320422,NA,0.873631630691049,NA
16.1858029904,0.796055511231822,NA,0.0778962708631711,NA,0.718159240368651,NA,0.873951782094993,NA
16.1918696332,0.796030423101417,NA,0.0782410484770182,NA,0.717789374624399,NA,0.874271471578435,NA
16.197936276,0.796005392012441,NA,0.0785852859481366,NA,0.717420106064304,NA,0.874590677960578,NA
16.2040029188,0.795980449133337,NA,0.0789289328686288,NA,0.717051516264708,NA,0.874909382001965,NA
16.2100695616,0.795955625886507,NA,0.0792719369145397,NA,0.716683688971967,NA,0.875227562801047,NA
16.2161362044,0.795930953496093,NA,0.0796142469906127,NA,0.716316706505481,NA,0.875545200486706,NA
16.2222028472,0.795906463244303,NA,0.0799558116030402,NA,0.715950651641263,NA,0.875862274847343,NA
16.22826949,0.795882186579734,NA,0.0802965786858692,NA,0.715585607893864,NA,0.876178765265603,NA
16.2343361328,0.795858154476526,NA,0.0806364978529454,NA,0.715221656623581,NA,0.876494652329472,NA
16.2404027756,0.795834398774541,NA,0.0809755157950572,NA,0.714858882979483,NA,0.876809914569598,NA
16.2464694184,0.795810950200931,NA,0.0813135828312099,NA,0.714497367369721,NA,0.877124533032141,NA
16.2525360612,0.795787840470797,NA,0.0816506461588377,NA,0.714137194311959,NA,0.877438486629634,NA
16.258602704,0.795765100663939,NA,0.0819866549152406,NA,0.713778445748698,NA,0.87775175557918,NA
16.2646693468,0.795742762058785,NA,0.0823215576178697,NA,0.713421204440915,NA,0.878064319676655,NA
16.2707359896,0.795720856255833,NA,0.082655301945698,NA,0.713065554310135,NA,0.878376158201531,NA
16.2768026324,0.795699413932331,NA,0.082987838003794,NA,0.712711575928537,NA,0.878687251936125,NA
16.2828692752,0.795678467366896,NA,0.083319111763242,NA,0.712359355603654,NA,0.878997579130137,NA
16.288935918,0.795658046851052,NA,0.0836490742550833,NA,0.712008972595969,NA,0.879307121106136,NA
16.2950025608,0.79563818438741,NA,0.0839776722085321,NA,0.711660512178878,NA,0.879615856595942,NA
16.3010692036,0.79561891091638,NA,0.0843048549852933,NA,0.711314055931087,NA,0.879923765901673,NA
16.3071358464,0.795600257707659,NA,0.0846305711222284,NA,0.710969686585431,NA,0.880230828829887,NA
16.3132024892,0.795582256518596,NA,0.0849547680350843,NA,0.710627488483512,NA,0.88053702455368,NA
16.319269132,0.795564937727072,NA,0.0852773963242272,NA,0.710287541402845,NA,0.880842334051299,NA
16.3253357748,0.795548334047983,NA,0.0855984012451161,NA,0.709949932802867,NA,0.881146735293099,NA
16.3314024176,0.79553247534218,NA,0.0859177345326736,NA,0.709614740809506,NA,0.881450209874853,NA
16.3374690604,0.795517393894824,NA,0.0862353424560488,NA,0.709282051438775,NA,0.881752736350873,NA
16.3435357032,0.795503120511895,NA,0.0865511745931957,NA,0.708951945918699,NA,0.882054295105091,NA
16.349602346,0.795489686449402,NA,0.0868651795085418,NA,0.708624506940861,NA,0.882354865957944,NA
16.3556689888,0.795477123626501,NA,0.0871773043464531,NA,0.708299819280048,NA,0.882654427972954,NA
16.3617356316,0.795465462119228,NA,0.0874875002066711,NA,0.707977961912557,NA,0.882952962325899,NA
16.3678022744,0.795454713630867,NA,0.0877957419615,NA,0.707658971669367,NA,0.883250455592367,NA
16.3738689172,0.795444730534709,NA,0.088102232444846,NA,0.707342498089863,NA,0.883546962979555,NA
16.37993556,0.795435457139843,NA,0.0884070422834885,NA,0.707028414856355,NA,0.883842499423332,NA
16.3860022028,0.795426864879858,NA,0.0887102050456018,NA,0.706716659834256,NA,0.88413706992546,NA
16.3920688456,0.79541892562977,NA,0.0890117532823818,NA,0.706407172347388,NA,0.884430678912152,NA
16.3981354884,0.79541161172074,NA,0.089311718364639,NA,0.706099893356101,NA,0.884723330085379,NA
16.4042021312,0.795404894219395,NA,0.0896101349171033,NA,0.705794759302291,NA,0.885015029136498,NA
16.410268774,0.79539874616239,NA,0.0899070323974614,NA,0.705491713764929,NA,0.885305778559852,NA
16.4163354168,0.795393138330859,NA,0.0902024462781627,NA,0.705190692052696,NA,0.885595584609022,NA
16.4224020596,0.795388043309842,NA,0.0904964071395745,NA,0.704891636170268,NA,0.885884450449417,NA
16.4284687024,0.795383432662908,NA,0.0907889483898885,NA,0.704594484273019,NA,0.886172381052796,NA
16.4345353452,0.79537927826813,NA,0.0910801025864817,NA,0.704299175681649,NA,0.886459380854612,NA
16.440601988,0.795375552320575,NA,0.0913699012477854,NA,0.70400565107279,NA,0.886745453568361,NA
16.4466686308,0.795372226153361,NA,0.0916583786953008,NA,0.70371384745806,NA,0.887030604848662,NA
16.4527352736,0.795369272408896,NA,0.0919455648473566,NA,0.703423707561539,NA,0.887314837256253,NA
16.4588019164,0.79536666225992,NA,0.0922314947139552,NA,0.703135167545964,NA,0.887598156973875,NA
16.4648685592,0.795364368032905,NA,0.0925161991841072,NA,0.702848168848797,NA,0.887880567217012,NA
16.470935202,0.795362361416948,NA,0.0927997115111648,NA,0.702562649905783,NA,0.888162072928113,NA
16.4770018448,0.795360614297635,NA,0.0930820642535421,NA,0.702278550044093,NA,0.888442678551177,NA
16.4830684876,0.795359098729482,NA,0.0933632890824343,NA,0.701995809647047,NA,0.888722387811916,NA
16.4891351304,0.795357786314326,NA,0.0936434200135449,NA,0.701714366300781,NA,0.889001206327871,NA
16.4952017732,0.795356649302554,NA,0.0939224874232679,NA,0.701434161879286,NA,0.889279136725822,NA
16.501268416,0.79535565925406,NA,0.0942005258643065,NA,0.701155133389754,NA,0.889556185118367,NA
16.5073350588,0.795354788241199,NA,0.0944775665291701,NA,0.700877221712029,NA,0.889832354770369,NA
16.5134017016,0.795354008074149,NA,0.0947536425215134,NA,0.700600365552636,NA,0.890107650595663,NA
16.5194683444,0.795353290650452,NA,0.0950287863956451,NA,0.700324504254806,NA,0.890382077046097,NA
16.5255349872,0.795352607879629,NA,0.0953030299806691,NA,0.70004957789896,NA,0.890655637860298,NA
16.53160163,0.79535193163446,NA,0.0955764069839161,NA,0.699775524650544,NA,0.890928338618376,NA
16.5376682728,0.795351233775532,NA,0.0958489482372784,NA,0.699502285538254,NA,0.891200182012811,NA
16.5437349156,0.795350486245449,NA,0.0961206878412993,NA,0.69922979840415,NA,0.891471174086749,NA
16.5498015584,0.795349660866895,NA,0.0963916572868457,NA,0.698958003580049,NA,0.89174131815374,NA
16.5558682012,0.79534872956668,NA,0.0966618895330169,NA,0.698686840033663,NA,0.892010619099696,NA
16.561934844,0.79534766425875,NA,0.0969314171248749,NA,0.698416247133875,NA,0.892279081383625,NA
16.5680014868,0.795346436703185,NA,0.0972002720545725,NA,0.698146164648613,NA,0.892546708757758,NA
16.5740681296,0.795345019045932,NA,0.0974684877184992,NA,0.697876531327433,NA,0.892813506764431,NA
16.5801347724,0.795343382760001,NA,0.0977360954014712,NA,0.69760728735853,NA,0.893079478161472,NA
16.5862014152,0.795341500166257,NA,0.0980031287570173,NA,0.697338371409239,NA,0.893344628923274,NA
16.592268058,0.795339342842161,NA,0.0982696195692165,NA,0.697069723272944,NA,0.893608962411378,NA
16.5983347008,0.795336882826708,NA,0.0985356006577588,NA,0.696801282168949,NA,0.893872483484467,NA
16.6044013436,0.795334092054699,NA,0.0988011045533136,NA,0.696532987501386,NA,0.894135196608013,NA
16.6104679864,0.795330942132321,NA,0.0990661634162278,NA,0.696264778716093,NA,0.894397105548549,NA
16.6165346292,0.79532740548091,NA,0.0993308103293762,NA,0.695996595151534,NA,0.894658215810287,NA
16.622601272,0.795323453188129,NA,0.0995950770279288,NA,0.6957283761602,NA,0.894918530216058,NA
16.6286679148,0.795319138312678,NA,0.0998591103754384,NA,0.695460027937239,NA,0.895178248688116,NA
16.6347345576,0.795314580746929,NA,0.100123152533515,NA,0.695191428213413,NA,0.895437733280444,NA
16.6408012004,0.79530975815116,NA,0.100387243984917,NA,0.694922514166243,NA,0.895697002136078,NA
16.6468678432,0.795304644805344,NA,0.100651420521568,NA,0.694653224283776,NA,0.895956065326912,NA
16.652934486,0.795299214692515,NA,0.100915718062452,NA,0.694383496630064,NA,0.896214932754967,NA
16.6590011288,0.795293442520991,NA,0.101180172216027,NA,0.694113270304965,NA,0.896473614737018,NA
16.6650677716,0.795287301819008,NA,0.10144481915856,NA,0.693842482660448,NA,0.896732120977568,NA
16.6711344144,0.795280767533034,NA,0.101709694327141,NA,0.693571073205893,NA,0.896990461860175,NA
16.6772010572,0.795273813412903,NA,0.101974833823759,NA,0.693298979589144,NA,0.897248647236663,NA
16.6832677,0.795266413919027,NA,0.102240273330685,NA,0.693026140588341,NA,0.897506687249712,NA
16.6893343428,0.795258543356466,NA,0.102506048608569,NA,0.692752494747896,NA,0.897764591965035,NA
16.6954009856,0.795250175561235,NA,0.102772195777179,NA,0.692477979784056,NA,0.898022371338414,NA
16.7014676284,0.795241285497039,NA,0.103038750091732,NA,0.692202535405307,NA,0.89828003558877,NA
16.7075342712,0.795231846341924,NA,0.10330574821714,NA,0.691926098124784,NA,0.898537594559064,NA
16.713600914,0.795221839467175,NA,0.103573216508897,NA,0.691648622958278,NA,0.898795055976072,NA
16.7196675568,0.79521224027229,NA,0.103839774520914,NA,0.691372465751376,NA,0.899052014793204,NA
16.7257341996,0.79520374559973,NA,0.104104436331583,NA,0.691099309268147,NA,0.899308181931313,NA
16.7318008424,0.795196302686308,NA,0.104367275986148,NA,0.69082902670016,NA,0.899563578672455,NA
16.7378674852,0.795189859683395,NA,0.104628365920714,NA,0.690561493762681,NA,0.899818225604109,NA
16.743934128,0.795184362590482,NA,0.104887782360061,NA,0.69029658023042,NA,0.900072144950543,NA
16.7500007708,0.795179760530961,NA,0.105145595980972,NA,0.690034164549989,NA,0.900325356511934,NA
16.7560674136,0.795175999198717,NA,0.105401883598777,NA,0.68977411559994,NA,0.900577882797494,NA
16.7621340564,0.795173026955223,NA,0.105656717217041,NA,0.689516309738182,NA,0.900829744172264,NA
16.7682006992,0.795170790719373,NA,0.105910171464757,NA,0.689260619254616,NA,0.90108096218413,NA
16.774267342,0.795169237768971,NA,0.106162320333602,NA,0.689006917435369,NA,0.901331558102573,NA
16.7803339848,0.795168315965243,NA,0.106413236662684,NA,0.688755079302559,NA,0.901581552627926,NA
16.7864006276,0.795167971824402,NA,0.106662995954049,NA,0.688504975870353,NA,0.90183096777845,NA
16.7924672704,0.795168153749118,NA,0.106911669897241,NA,0.688256483851878,NA,0.902079823646359,NA
16.7985339132,0.79516880813142,NA,0.107159334324531,NA,0.688009473806889,NA,0.902328142455952,NA
16.804600556,0.795169882883793,NA,0.107406061873109,NA,0.687763821010684,NA,0.902575944756903,NA
16.8106671988,0.795171325124964,NA,0.107651926887781,NA,0.687519398237182,NA,0.902823252012745,NA
16.8167338416,0.795173082182059,NA,0.107897003294974,NA,0.687276078887085,NA,0.903070085477033,NA
16.8228004844,0.795175101617825,NA,0.10814136434848,NA,0.687033737269345,NA,0.903316465966305,NA
16.8288671272,0.795177330469367,NA,0.108385084821773,NA,0.686792245647594,NA,0.903562415291139,NA
16.83493377,0.795179716422797,NA,0.108628237411311,NA,0.686551479011485,NA,0.903807953834108,NA
16.8410004128,0.795182206559955,NA,0.108870896977999,NA,0.686311309581956,NA,0.904053103537954,NA
16.8470670556,0.795184748352671,NA,0.109113136780957,NA,0.686071611571714,NA,0.904297885133628,NA
16.8531336984,0.795187289111172,NA,0.109355030892493,NA,0.685832258218679,NA,0.904542320003666,NA
16.8592003412,0.795189776220241,NA,0.1095966531621,NA,0.685593123058141,NA,0.90478642938234,NA
16.865266984,0.795192156935811,NA,0.10983807726994,NA,0.685354079665871,NA,0.905030234205751,NA
16.8713336268,0.795194378820046,NA,0.110079377255069,NA,0.685115001564976,NA,0.905273756075115,NA
16.8774002696,0.795196388846665,NA,0.110320626815021,NA,0.684875762031644,NA,0.905517015661686,NA
16.8834669124,0.79519813477899,NA,0.110561899851014,NA,0.684636234927976,NA,0.905760034630003,NA
16.8895335552,0.795199563656525,NA,0.110803270232419,NA,0.684396293424106,NA,0.906002833888944,NA
16.895600198,0.795200622972667,NA,0.11104481177073,NA,0.684155811201938,NA,0.906245434743397,NA
16.9016668408,0.795201260178185,NA,0.111286598226817,NA,0.683914661951369,NA,0.906487858405002,NA
16.9077334836,0.795201422213871,NA,0.111528703718899,NA,0.683672718494971,NA,0.90673012593277,NA
16.9138001264,0.795201057171108,NA,0.111771201545774,NA,0.683429855625334,NA,0.906972258716882,NA
16.9198667692,0.795200111315392,NA,0.112014166400206,NA,0.683185944915187,NA,0.907214277715598,NA
16.925933412,0.795198533083195,NA,0.112257671235413,NA,0.682940861847781,NA,0.907456204318608,NA
16.9320000548,0.795196269090025,NA,0.112501790519332,NA,0.682694478570693,NA,0.907698059609357,NA
16.9380666976,0.795193267004119,NA,0.112746597814326,NA,0.682446669189793,NA,0.907939864818444,NA
16.9441333404,0.795189474350562,NA,0.11299216678096,NA,0.682197307569603,NA,0.908181641131522,NA
16.9501999832,0.795184837746672,NA,0.113238571987194,NA,0.681946265759478,NA,0.908423409733867,NA
16.956266626,0.795179305817223,NA,0.113485885985724,NA,0.681693419831499,NA,0.908665191802947,NA
16.9623332688,0.795172824123649,NA,0.113734184458702,NA,0.681438639664947,NA,0.908907008582351,NA
16.9683999116,0.795165341767239,NA,0.113983539423033,NA,0.681181802344206,NA,0.909148881190272,NA
16.9744665544,0.795156804947841,NA,0.114234025933532,NA,0.680922779014309,NA,0.909390830881373,NA
16.9805331972,0.795147161500196,NA,0.114485717315118,NA,0.680661444185078,NA,0.909632878815313,NA
16.98659984,0.795136359032041,NA,0.114738687116365,NA,0.680397671915676,NA,0.909875046148406,NA
16.9926664828,0.795124343828887,NA,0.114993010366661,NA,0.680131333462226,NA,0.910117354195548,NA
16.9987331256,0.795111065053061,NA,0.115248758866754,NA,0.679862306186307,NA,0.910359823919816,NA
17.0047997684,0.795096467566104,NA,0.115506009282346,NA,0.679590458283758,NA,0.910602476848451,NA
17.0108664112,0.795080501125792,NA,0.115764832705709,NA,0.679315668420083,NA,0.910845333831501,NA
17.016933054,0.795063111524642,NA,0.116025304766855,NA,0.679037806757787,NA,0.911088416291496,NA
17.0229996968,0.795044246755568,NA,0.116287498564942,NA,0.678756748190626,NA,0.91133174532051,NA
17.0290663396,0.795023854517291,NA,0.11655148752487,NA,0.678472366992421,NA,0.91157534204216,NA
17.0351329824,0.795001880755182,NA,0.116817347149136,NA,0.678184533606046,NA,0.911819227904318,NA
17.0411996252,0.794978275173291,NA,0.117085148480702,NA,0.677893126692589,NA,0.912063423653993,NA
17.047266268,0.794952981937427,NA,0.117354969162973,NA,0.677598012774454,NA,0.912307951100401,NA
17.0533329108,0.794925951453523,NA,0.117626879375278,NA,0.677299072078244,NA,0.912552830828801,NA
17.0593995536,0.794897129115096,NA,0.117900955311137,NA,0.676996173803959,NA,0.912798084426233,NA
17.0654661964,0.794866596663429,NA,0.11817708091879,NA,0.676689515744639,NA,0.913043677582219,NA
17.0715328392,0.794834719233071,NA,0.118454739284812,NA,0.676379979948259,NA,0.913289458517883,NA
17.077599482,0.794801550202795,NA,0.118733853969915,NA,0.67606769623288,NA,0.913535404172711,NA
17.0836661248,0.794767124165803,NA,0.11901437597404,NA,0.675752748191763,NA,0.913781500139843,NA
17.0897327676,0.794731471517019,NA,0.119296260988053,NA,0.675435210528965,NA,0.914027732505072,NA
17.0957994104,0.794694627182752,NA,0.119579459665003,NA,0.675115167517749,NA,0.914274086847755,NA
17.1018660532,0.794656622582047,NA,0.119863926539286,NA,0.674792696042761,NA,0.914520549121334,NA
17.107932696,0.794617490982438,NA,0.120149614109109,NA,0.674467876873329,NA,0.914767105091547,NA
17.1139993388,0.794577265373829,NA,0.120436475189696,NA,0.674140790184133,NA,0.915013740563525,NA
17.1200659816,0.794535977540808,NA,0.120724463872439,NA,0.673811513668368,NA,0.915260441413247,NA
17.1261326244,0.794493661748592,NA,0.121013531629534,NA,0.673480130119057,NA,0.915507193378126,NA
17.1321992672,0.79445034883381,NA,0.121303633521078,NA,0.673146715312732,NA,0.915753982354888,NA
17.13826591,0.794406073301695,NA,0.1215947207991,NA,0.672811352502595,NA,0.916000794100795,NA
17.1443325528,0.794360866837394,NA,0.121886747621106,NA,0.672474119216287,NA,0.9162476144585,NA
17.1503991956,0.79431476259731,NA,0.122179666640103,NA,0.672135095957207,NA,0.916494429237414,NA
17.1564658384,0.794267793527507,NA,0.122473430738607,NA,0.6717943627889,NA,0.916741224266114,NA
17.1625324812,0.794219991611386,NA,0.122767993718627,NA,0.671451997892759,NA,0.916987985330013,NA
17.168599124,0.794171390783593,NA,0.123063307528329,NA,0.671108083255264,NA,0.917234698311922,NA
17.1746657668,0.79412202231987,NA,0.123359326600753,NA,0.670762695719116,NA,0.917481348920623,NA
17.1807324096,0.794071920309553,NA,0.123656002779485,NA,0.670415917530067,NA,0.917727923089038,NA
17.1867990524,0.794021116698711,NA,0.123953289852565,NA,0.670067826846146,NA,0.917974406551276,NA
17.1928656952,0.793969644537801,NA,0.124251140620374,NA,0.669718503917426,NA,0.918220785158175,NA
17.198932338,0.793917536723857,NA,0.124549508040145,NA,0.669368028683712,NA,0.918467044764002,NA
17.2049989808,0.793864825444284,NA,0.12484834561708,NA,0.669016479827204,NA,0.918713171061363,NA
17.2110656236,0.793811544300561,NA,0.125147605779026,NA,0.668663938521534,NA,0.918959150079587,NA
17.2171322664,0.793757725004952,NA,0.125447242335682,NA,0.66831048266927,NA,0.919204967340633,NA
17.2231989092,0.793703401236079,NA,0.125747207714761,NA,0.667956193521319,NA,0.91945060895084,NA
17.229265552,0.793648605195752,NA,0.126047455342265,NA,0.667601149853487,NA,0.919696060538017,NA
17.2353321948,0.793593369833661,NA,0.126347938158523,NA,0.667245431675138,NA,0.919941307992184,NA
17.2413988376,0.793537727992633,NA,0.126648609202911,NA,0.666889118789723,NA,0.920186337195544,NA
17.2474654804,0.793481712069254,NA,0.126949421676397,NA,0.666532290392857,NA,0.920431133745651,NA
17.2535321232,0.793425355329248,NA,0.127250328490226,NA,0.666175026839022,NA,0.920675683819474,NA
17.259598766,0.793368689918808,NA,0.127551282834464,NA,0.665817407084344,NA,0.920919972753272,NA
17.2656654088,0.793311749111027,NA,0.127852237713527,NA,0.665459511397501,NA,0.921163986824554,NA
17.2717320516,0.793254565358271,NA,0.128153146198806,NA,0.665101419159465,NA,0.921407711557077,NA
17.2777986944,0.793197171514646,NA,0.128453961363151,NA,0.664743210151494,NA,0.921651132877797,NA
17.2838653372,0.79313960036359,NA,0.128754636335506,NA,0.664384964028084,NA,0.921894236699097,NA
17.28993198,0.793081884516052,NA,0.129055124005182,NA,0.66402676051087,NA,0.922137008521234,NA
17.2959986228,0.793024056899409,NA,0.12935537777053,NA,0.663668679128879,NA,0.922379434669939,NA
17.3020652656,0.792966150091194,NA,0.129655350205701,NA,0.663310799885493,NA,0.922621500296894,NA
17.3081319084,0.792908196964151,NA,0.129954994884385,NA,0.662953202079765,NA,0.922863191848536,NA
17.3141985512,0.79285023021602,NA,0.13025426453079,NA,0.66259596568523,NA,0.92310449474681,NA
17.320265194,0.792792282610508,NA,0.13055311234286,NA,0.662239170267649,NA,0.923345394953368,NA
17.3263318368,0.79273438686648,NA,0.130851491546533,NA,0.661882895319947,NA,0.923585878413013,NA
17.3323984796,0.792676575814429,NA,0.131149354712035,NA,0.661527221102394,NA,0.923825930526464,NA
17.3384651224,0.792618882040797,NA,0.131446655728539,NA,0.661172226312257,NA,0.924065537769336,NA
17.3445317652,0.792561338551862,NA,0.131743346557993,NA,0.660817991993869,NA,0.924304685109855,NA
17.350598408,0.792503977825204,NA,0.132039381335937,NA,0.660464596489267,NA,0.924543359161141,NA
17.3566650508,0.792446832798755,NA,0.132334712446818,NA,0.660112120351938,NA,0.924781545245573,NA
17.3627316936,0.792389936151003,NA,0.132629293206249,NA,0.659760642944754,NA,0.925019229357251,NA
17.3687983364,0.792333320531057,NA,0.13292307694459,NA,0.659410243586466,NA,0.925256397475647,NA
17.3748649792,0.79227701899414,NA,0.133216015905556,NA,0.659061003088584,NA,0.925493034899697,NA
17.380931622,0.792221063783165,NA,0.133508064472854,NA,0.658712999310311,NA,0.925729128256019,NA
17.3869982648,0.792165488330566,NA,0.133799173999943,NA,0.658366314330623,NA,0.925964662330509,NA
17.3930649076,0.792109546192169,NA,0.134090400186971,NA,0.658019146005198,NA,0.926199946379141,NA
17.3991315504,0.792052166397201,NA,0.134383256581074,NA,0.657668909816127,NA,0.926435422978275,NA
17.4051981932,0.791993390538035,NA,0.134677683888776,NA,0.657315706649259,NA,0.926671074426811,NA
17.411264836,0.791933269900888,NA,0.134973609089464,NA,0.656959660811424,NA,0.926906878990351,NA
17.4173314788,0.791871854092448,NA,0.135270961010743,NA,0.656600893081705,NA,0.927142815103192,NA
17.4233981216,0.791809195888997,NA,0.135569665006517,NA,0.65623953088248,NA,0.927378860895514,NA
17.4294647644,0.791745343924816,NA,0.135869650925821,NA,0.655875692998995,NA,0.927614994850636,NA
17.4355314072,0.791680351092096,NA,0.136170844039278,NA,0.655509507052818,NA,0.927851195131374,NA
17.44159805,0.791614267104544,NA,0.136473173006953,NA,0.65514109409759,NA,0.928087440111497,NA
17.4476646928,0.79154714324556,NA,0.136776564827146,NA,0.654770578418414,NA,0.928323708072706,NA
17.4537313356,0.791479030701038,NA,0.13708094662709,NA,0.654398084073948,NA,0.928559977328127,NA
17.4597979784,0.791409979418795,NA,0.137386246743068,NA,0.654023732675727,NA,0.928796226161863,NA
17.4658646212,0.791340041645353,NA,0.137692391286983,NA,0.65364765035837,NA,0.929032432932336,NA
17.471931264,0.791269266681207,NA,0.13799930915999,NA,0.653269957521217,NA,0.929268575841197,NA
17.4779979068,0.791197706804511,NA,0.138306926503798,NA,0.652890780300713,NA,0.929504633308308,NA
17.4840645496,0.791125412102203,NA,0.138615171450859,NA,0.652510240651344,NA,0.929740583553062,NA
17.4901311924,0.791052433725257,NA,0.13892397118361,NA,0.652128462541647,NA,0.929976404908866,NA
17.4961978352,0.790978822751188,NA,0.139233252988621,NA,0.651745569762567,NA,0.930212075739809,NA
17.502264478,0.790904629476996,NA,0.139542944699367,NA,0.65136168477763,NA,0.930447574176363,NA
17.5083311208,0.790829905615419,NA,0.139852973191493,NA,0.650976932423926,NA,0.930682878806912,NA
17.5143977636,0.790754701129136,NA,0.140163266424015,NA,0.650591434705121,NA,0.930917967553152,NA
17.5204644064,0.790679067690318,NA,0.140473751398242,NA,0.650205316292076,NA,0.93115281908856,NA
17.5265310492,0.790603055751083,NA,0.140784355730501,NA,0.649818700020583,NA,0.931387411481584,NA
17.532597692,0.790526716338029,NA,0.14109500677588,NA,0.649431709562149,NA,0.931621723113909,NA
17.5386643348,0.790450100412243,NA,0.141405631991771,NA,0.649044468420472,NA,0.931855732404013,NA
17.5447309776,0.790373258627957,NA,0.141716158697353,NA,0.648657099930604,NA,0.932089417325309,NA
17.5507976204,0.790296242160098,NA,0.142026514537759,NA,0.648269727622339,NA,0.932322756697857,NA
17.5568642632,0.790219101629508,NA,0.142336626535607,NA,0.647882475093901,NA,0.932555728165115,NA
17.562930906,0.790141888110423,NA,0.142646422540323,NA,0.647495465570099,NA,0.932788310650746,NA
17.5689975488,0.790064652412089,NA,0.142955829663591,NA,0.647108822748498,NA,0.93302048207568,NA
17.5750641916,0.789987445444781,NA,0.143264775421666,NA,0.646722670023115,NA,0.933252220866448,NA
17.5811308344,0.789910318045106,NA,0.143573187454249,NA,0.646337130590857,NA,0.933483505499355,NA
17.5871974772,0.789833321232581,NA,0.143880992554736,NA,0.645952328677844,NA,0.933714313787317,NA
17.59326412,0.789756505640295,NA,0.144188119143492,NA,0.645568386496804,NA,0.933944624783787,NA
17.5993307628,0.789679922543226,NA,0.144494493312479,NA,0.645185429230747,NA,0.934174415855705,NA
17.6053974056,0.789603622425728,NA,0.144800043747752,NA,0.644803578677976,NA,0.93440366617348,NA
17.6114640484,0.789527656446125,NA,0.145104697067841,NA,0.644422959378284,NA,0.934632353513965,NA
17.6175306912,0.789452075406418,NA,0.145408380938683,NA,0.644043694467736,NA,0.934860456345101,NA
17.623597334,0.789376930010682,NA,0.145711023193768,NA,0.643665906816914,NA,0.93508795320445,NA
17.6296639768,0.789302271651772,NA,0.14601255008923,NA,0.643289721562541,NA,0.935314821741002,NA
17.6357306196,0.789228150416915,NA,0.146312890826404,NA,0.642915259590512,NA,0.935541041243319,NA
17.6417972624,0.789154618231195,NA,0.146611970572341,NA,0.642542647658854,NA,0.935766588803536,NA
17.6478639052,0.78908172499714,NA,0.146909718838241,NA,0.642172006158899,NA,0.93599144383538,NA
17.653930548,0.789009522214094,NA,0.147206061760962,NA,0.641803460453132,NA,0.936215583975057,NA
17.6599971908,0.788938060583844,NA,0.147500927144639,NA,0.641437133439205,NA,0.936438987728484,NA
17.6660638336,0.788867390669876,NA,0.14779424302804,NA,0.641073147641836,NA,0.936661633697916,NA
17.6721304764,0.788797564246436,NA,0.148085935118546,NA,0.64071162912789,NA,0.936883499364981,NA
17.6781971192,0.788728630850862,NA,0.148375933404205,NA,0.640352697446657,NA,0.937104564255067,NA
17.684263762,0.78866064305432,NA,0.148664162132906,NA,0.639996480921414,NA,0.937324805187226,NA
17.6903304048,0.788593650185561,NA,0.148950551629501,NA,0.63964309855606,NA,0.937544201815062,NA
17.6963970476,0.788527704076903,NA,0.149235027560667,NA,0.639292676516236,NA,0.93776273163757,NA
17.7024636904,0.788462855337964,NA,0.149517517857248,NA,0.638945337480715,NA,0.937980373195212,NA
17.7085303332,0.788399154383591,NA,0.149797950774776,NA,0.638601203608816,NA,0.938197105158367,NA
17.714596976,0.788336653377476,NA,0.150076251460394,NA,0.638260401917082,NA,0.938412904837869,NA
17.7206636188,0.78827540130304,NA,0.150352350694609,NA,0.637923050608431,NA,0.93862775199765,NA
17.7267302616,0.788215451373504,NA,0.150626171811884,NA,0.637589279561619,NA,0.938841623185388,NA
17.7327969044,0.788156852351897,NA,0.150897645939244,NA,0.637259206412653,NA,0.939054498291141,NA
17.7388635472,0.788099586314378,NA,0.151166797394275,NA,0.636932788920104,NA,0.939266383708653,NA
17.74493019,0.788043302099003,NA,0.151434122294885,NA,0.636609179804118,NA,0.939477424393887,NA
17.7509968328,0.787987915371223,NA,0.151699739467682,NA,0.636288175903541,NA,0.939687654838905,NA
17.7570634756,0.787933394090235,NA,0.15196369313337,NA,0.635969700956865,NA,0.939897087223604,NA
17.7631301184,0.787879703975872,NA,0.152226031834104,NA,0.635653672141769,NA,0.940105735809976,NA
17.7691967612,0.787826813525871,NA,0.152486798704759,NA,0.635340014821112,NA,0.940313612230629,NA
17.775263404,0.787774675823443,NA,0.152746024356261,NA,0.635028651467183,NA,0.940520700179704,NA
17.7813300468,0.787723181418085,NA,0.153003644208282,NA,0.634719537209802,NA,0.940726825626367,NA
17.7873966896,0.787672285370269,NA,0.153259688042167,NA,0.634412597328102,NA,0.940931973412436,NA
17.7934633324,0.787621956158554,NA,0.153514204863059,NA,0.634107751295495,NA,0.941136161021613,NA
17.7995299752,0.787572163070952,NA,0.153767241444663,NA,0.633804921626289,NA,0.941339404515614,NA
17.805596618,0.787522874009495,NA,0.154018848424346,NA,0.633504025585149,NA,0.941541722433841,NA
17.8116632608,0.787474058555357,NA,0.154269071655862,NA,0.633204986899495,NA,0.941743130211219,NA
17.8177299036,0.787425684665473,NA,0.154517961719418,NA,0.632907722946055,NA,0.941943646384891,NA
17.8237965464,0.787377721453351,NA,0.154765565767877,NA,0.632612155685474,NA,0.942143287221228,NA
17.8298631892,0.787330137507962,NA,0.155011932526313,NA,0.632318204981649,NA,0.942342070034276,NA
17.835929832,0.787282901394799,NA,0.155257110872823,NA,0.632025790521976,NA,0.942540012267622,NA
17.8419964748,0.787235982166829,NA,0.155501147937145,NA,0.631734834229684,NA,0.942737130103975,NA
17.8480631176,0.787189348064533,NA,0.155744093837065,NA,0.631445254227468,NA,0.942933441901598,NA
17.8541297604,0.78714296827194,NA,0.155985995044027,NA,0.631156973227913,NA,0.943128963315967,NA
17.8601964032,0.787096811098421,NA,0.156226901585987,NA,0.630869909512435,NA,0.943323712684408,NA
17.866263046,0.787050845453159,NA,0.156466860939071,NA,0.630583984514087,NA,0.94351770639223,NA
17.8723296888,0.787005039981342,NA,0.156705921734078,NA,0.630299118247263,NA,0.94371096171542,NA
17.8783963316,0.786959363340351,NA,0.156944132714394,NA,0.630015230625958,NA,0.943903496054745,NA
17.8844629744,0.78691378434316,NA,0.157181541373453,NA,0.629732242969707,NA,0.944095325716613,NA
17.8905296172,0.786868271571169,NA,0.157418197305627,NA,0.629450074265542,NA,0.944286468876796,NA
17.89659626,0.786822793813742,NA,0.157654147596225,NA,0.629168646217517,NA,0.944476941409967,NA
17.9026629028,0.786777319727735,NA,0.157889441728606,NA,0.628887877999129,NA,0.944666761456341,NA
17.9087295456,0.786731818022952,NA,0.158124127494507,NA,0.628607690528446,NA,0.944855945517459,NA
17.9147961884,0.786686257395853,NA,0.158358253438102,NA,0.628328003957751,NA,0.945044510833955,NA
17.9208628312,0.786640606600657,NA,0.158591868160412,NA,0.628048738440245,NA,0.945232474761069,NA
17.926929474,0.786594834205389,NA,0.158825019526227,NA,0.627769814679162,NA,0.945419853731616,NA
17.9329961168,0.786548909134849,NA,0.159057756602673,NA,0.627491152532176,NA,0.945606665737522,NA
17.9390627596,0.786502799786209,NA,0.159290127085096,NA,0.627212672701114,NA,0.945792926871305,NA
17.9451294024,0.786456475158859,NA,0.159522179919916,NA,0.626934295238943,NA,0.945978655078775,NA
17.9511960452,0.786409903768178,NA,0.159753963206822,NA,0.626655940561357,NA,0.946163866975,NA
17.957262688,0.786363054356942,NA,0.159985525411022,NA,0.62637752894592,NA,0.946348579767964,NA
17.9633293308,0.786315895781162,NA,0.160216914983518,NA,0.626098980797643,NA,0.94653281076468,NA
17.9693959736,0.786268396358963,NA,0.160448180168105,NA,0.625820216190857,NA,0.946716576527068,NA
17.9754626164,0.786220525361018,NA,0.160679369500842,NA,0.625541155860176,NA,0.94689989486186,NA
17.9815292592,0.786172250794788,NA,0.160910531283279,NA,0.625261719511509,NA,0.947082782078066,NA
17.987595902,0.786123541997239,NA,0.161141713932556,NA,0.624981828064683,NA,0.947265255929795,NA
17.9936625448,0.786074367294282,NA,0.161372965848656,NA,0.624701401445626,NA,0.947447333142938,NA
17.9997291876,0.786024695470053,NA,0.161604335425481,NA,0.624420360044572,NA,0.947629030895534,NA
18.0057958304,0.785974495487311,NA,0.161835870956351,NA,0.62413862453096,NA,0.947810366443661,NA
18.0118624732,0.785923735409326,NA,0.162067621071729,NA,0.623856114337597,NA,0.947991356481054,NA
18.017929116,0.785872384855122,NA,0.162299633772773,NA,0.623572751082349,NA,0.948172018627895,NA
18.0239957588,0.785820411444922,NA,0.162531957963414,NA,0.623288453481508,NA,0.948352369408336,NA
18.0300624016,0.785767784848321,NA,0.162764641539166,NA,0.623003143309155,NA,0.948532426387487,NA
18.0361290444,0.785714473206708,NA,0.16299773319265,NA,0.622716740014058,NA,0.948712206399358,NA
18.0421956872,0.785660445340633,NA,0.163231281254117,NA,0.622429164086516,NA,0.948891726594749,NA
18.04826233,0.785605670324549,NA,0.16346533385155,NA,0.622140336472999,NA,0.949071004176099,NA
18.0543289728,0.785550115961924,NA,0.163699940009737,NA,0.621850175952187,NA,0.949250055971661,NA
18.0603956156,0.785493752222606,NA,0.163935147191107,NA,0.621558605031499,NA,0.949428899413713,NA
18.0664622584,0.785436792101942,NA,0.164170657341182,NA,0.62126613476076,NA,0.949607449443123,NA
18.0725289012,0.785379861331701,NA,0.164405590492881,NA,0.620974270838821,NA,0.949785451824582,NA
18.078595544,0.785322988915188,NA,0.164639909298118,NA,0.620683079617069,NA,0.949962898213306,NA
18.0846621868,0.785266170137408,NA,0.164873624649244,NA,0.620392545488163,NA,0.950139794786652,NA
18.0907288296,0.785209400273165,NA,0.165106747613329,NA,0.620102652659836,NA,0.950316147886495,NA
18.0967954724,0.785152674672036,NA,0.165339288286633,NA,0.619813386385403,NA,0.950491962958668,NA
18.1028621152,0.785095988565595,NA,0.1655712583632,NA,0.619524730202396,NA,0.950667246928795,NA
18.108928758,0.785039337316589,NA,0.165802667621614,NA,0.619236669694975,NA,0.950842004938203,NA
18.1149954008,0.784982716170893,NA,0.166033527686587,NA,0.618949188484306,NA,0.95101624385748,NA
18.1210620436,0.784926120452071,NA,0.166263848870757,NA,0.618662271581313,NA,0.951189969322828,NA
18.1271286864,0.784869545451308,NA,0.166493642046887,NA,0.618375903404421,NA,0.951363187498195,NA
18.1331953292,0.784812986459485,NA,0.166722918250632,NA,0.618090068208853,NA,0.951535904710117,NA
18.139261972,0.784756438787846,NA,0.166951687660668,NA,0.617804751127178,NA,0.951708126448514,NA
18.1453286148,0.784699897720327,NA,0.167179961853756,NA,0.61751993586657,NA,0.951879859574083,NA
18.1513952576,0.784643358561509,NA,0.1674077507445,NA,0.617235607817009,NA,0.952051109306009,NA
18.1574619004,0.784586816607207,NA,0.167635065837724,NA,0.616951750769484,NA,0.952221882444931,NA
18.1635285432,0.7845302671533,NA,0.167861917514951,NA,0.61666834963835,NA,0.952392184668251,NA
18.169595186,0.784473705496406,NA,0.16808831663106,NA,0.616385388865346,NA,0.952562022127466,NA
18.1756618288,0.784417126944224,NA,0.16831427418859,NA,0.616102852755635,NA,0.952731401132814,NA
18.1817284716,0.784360526768926,NA,0.168539800450336,NA,0.615820726318591,NA,0.952900327219262,NA
18.1877951144,0.78430390030718,NA,0.168764906874922,NA,0.615538993432258,NA,0.953068807182102,NA
18.1938617572,0.784247242805772,NA,0.168989603512119,NA,0.615257639293653,NA,0.953236846317891,NA
18.1999284,0.784190549609716,NA,0.169213901748571,NA,0.614976647861145,NA,0.953404451358287,NA
18.2059950428,0.784133815987947,NA,0.169437812032979,NA,0.614696003954968,NA,0.953571628020926,NA
18.2120616856,0.78407703724177,NA,0.169661345204046,NA,0.614415692037724,NA,0.953738382445817,NA
18.2181283284,0.784020208696454,NA,0.169884512229484,NA,0.614135696466969,NA,0.953904720925938,NA
18.2241949712,0.783963325584347,NA,0.170107323457917,NA,0.61385600212643,NA,0.954070649042264,NA
18.230261614,0.783906383295223,NA,0.170329790228979,NA,0.613576593066244,NA,0.954236173524202,NA
18.2363282568,0.783849377018449,NA,0.170551922726753,NA,0.613297454291696,NA,0.954401299745202,NA
18.2423948996,0.783792302147489,NA,0.170773732221409,NA,0.61301856992608,NA,0.954566034368898,NA
18.2484615424,0.78373515392508,NA,0.170995229227123,NA,0.612739924697957,NA,0.954730383152203,NA
18.2545281852,0.783677927656473,NA,0.171216424568124,NA,0.612461503088349,NA,0.954894352224597,NA
18.260594828,0.783620618685243,NA,0.171437329175595,NA,0.612183289509648,NA,0.955057947860838,NA
18.2666614708,0.783563222203179,NA,0.171657953485692,NA,0.611905268717488,NA,0.955221175688871,NA
18.2727281136,0.783505733653529,NA,0.171878308718205,NA,0.611627424935324,NA,0.955384042371734,NA
18.2787947564,0.783448148168611,NA,0.172098405190681,NA,0.611349742977929,NA,0.955546553359292,NA
18.2848613992,0.783390461189597,NA,0.172318254058519,NA,0.611072207131078,NA,0.955708715248117,NA
18.290928042,0.783332667933771,NA,0.172537865899662,NA,0.610794802034109,NA,0.955870533833433,NA
18.2969946848,0.783274763709584,NA,0.172757251525575,NA,0.61051751218401,NA,0.956032015235159,NA
18.3030613276,0.783216743879664,NA,0.172976421829202,NA,0.610240322050462,NA,0.956193165708866,NA
18.3091279704,0.783158603594493,NA,0.17319538733594,NA,0.609963216258553,NA,0.956353990930433,NA
18.3151946132,0.783100338351167,NA,0.173414159144883,NA,0.609686179206284,NA,0.95651449749605,NA
18.321261256,0.783041943225327,NA,0.173632747706185,NA,0.609409195519142,NA,0.956674690931512,NA
18.3273278988,0.782983413705111,NA,0.173851164062181,NA,0.60913224964293,NA,0.956834577767292,NA
18.3333945416,0.782924744983091,NA,0.174069418852878,NA,0.608855326130213,NA,0.956994163835969,NA
18.3394611844,0.782865932370174,NA,0.174287522878678,NA,0.608578409491495,NA,0.957153455248852,NA
18.3455278272,0.782806971248787,NA,0.174505486992587,NA,0.608301484256199,NA,0.957312458241374,NA
18.35159447,0.782747856727359,NA,0.174723321810943,NA,0.608024534916416,NA,0.957471178538302,NA
18.3576611128,0.782688584357207,NA,0.174941038311292,NA,0.607747546045915,NA,0.957629622668499,NA
18.3637277556,0.78262914915767,NA,0.175158647075544,NA,0.607470502082126,NA,0.957787796233213,NA
18.3697943984,0.782569546663101,NA,0.175376159034676,NA,0.607193387628425,NA,0.957945705697777,NA
18.3758610412,0.782509772042109,NA,0.17559358488905,NA,0.606916187153059,NA,0.958103356931159,NA
18.381927684,0.782449820607313,NA,0.175810935429716,NA,0.606638885177597,NA,0.958260756037029,NA
18.3879943268,0.782389687761681,NA,0.17602822146803,NA,0.606361466293651,NA,0.958417909229711,NA
18.3940609696,0.782329368570848,NA,0.17624545371298,NA,0.606083914857867,NA,0.958574822283828,NA
18.4001276124,0.782268858640721,NA,0.176462643019712,NA,0.60580621562101,NA,0.958731501660433,NA
18.4061942552,0.782208152934708,NA,0.176679800101039,NA,0.605528352833669,NA,0.958887953035746,NA
18.412260898,0.782147247561092,NA,0.176896935030936,NA,0.605250312530156,NA,0.959044182592028,NA
18.4183275408,0.78208614637227,NA,0.177114046254844,NA,0.604972100117426,NA,0.959200192627115,NA
18.4243941836,0.782024854612157,NA,0.177331130512562,NA,0.604693724099595,NA,0.95935598512472,NA
18.4304608264,0.781963376522418,NA,0.177548186102391,NA,0.604415190420027,NA,0.959511562624809,NA
18.4365274692,0.781901716006673,NA,0.177765211267297,NA,0.604136504739376,NA,0.95966692727397,NA
18.442594112,0.78183987749353,NA,0.177982204339724,NA,0.603857673153806,NA,0.959822081833254,NA
18.4486607548,0.781777864813578,NA,0.178199163543869,NA,0.603578701269709,NA,0.959977028357448,NA
18.4547273976,0.781715682347967,NA,0.178416087209425,NA,0.603299595138541,NA,0.960131769557392,NA
18.4607940404,0.781653334101814,NA,0.17863297359101,NA,0.603020360510804,NA,0.960286307692824,NA
18.4668606832,0.781590824223753,NA,0.178849820971753,NA,0.602741003252,NA,0.960440645195506,NA
18.472927326,0.781528156940321,NA,0.179066627657448,NA,0.602461529282873,NA,0.960594784597768,NA
18.4789939688,0.781465336189828,NA,0.179283391875436,NA,0.602181944314391,NA,0.960748728065264,NA
18.4850606116,0.781402366354358,NA,0.179500111978108,NA,0.60190225437625,NA,0.960902478332465,NA
18.4911272544,0.781339251315131,NA,0.179716786169206,NA,0.601622465145925,NA,0.961056037484338,NA
18.4971938972,0.781275995410393,NA,0.179933412795064,NA,0.601342582615329,NA,0.961209408205457,NA
18.50326054,0.781212602668604,NA,0.180149990101792,NA,0.601062612566812,NA,0.961362592770396,NA
18.5093271828,0.781149077234616,NA,0.180366516372894,NA,0.600782560861722,NA,0.961515593607511,NA
18.5153938256,0.781085423319186,NA,0.180582989921925,NA,0.600502433397261,NA,0.961668413241111,NA
18.5214604684,0.781021644895967,NA,0.180799408960329,NA,0.600222235935639,NA,0.961821053856296,NA
18.5275271112,0.780957746300192,NA,0.181015771860578,NA,0.599941974439614,NA,0.96197351816077,NA
18.533593754,0.780893731463386,NA,0.181232076806098,NA,0.599661654657288,NA,0.962125808269484,NA
18.5396603968,0.780829604681543,NA,0.181448322159591,NA,0.599381282521952,NA,0.962277926841134,NA
18.5457270396,0.780765370005813,NA,0.181664506158933,NA,0.59910086384688,NA,0.962429876164745,NA
18.5517936824,0.780701031577921,NA,0.181880627087726,NA,0.598820404490195,NA,0.962581658665647,NA
18.5578603252,0.780636593592187,NA,0.182096683267562,NA,0.598539910324625,NA,0.962733276859749,NA
18.563926968,0.780572060058265,NA,0.182312672893714,NA,0.598259387164551,NA,0.962884732951979,NA
18.5699936108,0.780507435264206,NA,0.182528594358875,NA,0.597978840905331,NA,0.963036029623081,NA
18.5760602536,0.780442723191515,NA,0.182744445826286,NA,0.597698277365229,NA,0.963187169017801,NA
18.5821268964,0.78037792809459,NA,0.182960225674747,NA,0.597417702419843,NA,0.963338153769336,NA
18.5881935392,0.780313054046613,NA,0.183175932134171,NA,0.597137121912442,NA,0.963488986180784,NA
18.594260182,0.780248105186839,NA,0.183391563487989,NA,0.596856541698849,NA,0.963639668674828,NA
18.6003268248,0.780183085692497,NA,0.183607118066099,NA,0.596575967626398,NA,0.963790203758596,NA
18.6063934676,0.780117999609892,NA,0.183822594047333,NA,0.596295405562559,NA,0.963940593657226,NA
18.6124601104,0.780052851179573,NA,0.184037989844738,NA,0.596014861334835,NA,0.964090841024311,NA
18.6185267532,0.779987644432692,NA,0.184253303601509,NA,0.595734340831183,NA,0.964240948034201,NA
18.624593396,0.779922383582705,NA,0.184468533712271,NA,0.595453849870435,NA,0.964390917294976,NA
18.6306600388,0.779857072724176,NA,0.184683678399247,NA,0.59517339432493,NA,0.964540751123423,NA
18.6367266816,0.779791715994542,NA,0.184898735945423,NA,0.594892980049119,NA,0.964690451939965,NA
18.6427933244,0.779726317553287,NA,0.185113704689277,NA,0.59461261286401,NA,0.964840022242564,NA
18.6488599672,0.779660881484023,NA,0.185328582792926,NA,0.594332298691098,NA,0.964989464276949,NA
18.65492661,0.779595411979464,NA,0.185543368689907,NA,0.594052043289557,NA,0.965138780669371,NA
18.6609932528,0.779529913120088,NA,0.185758060503508,NA,0.59377185261658,NA,0.965287973623596,NA
18.6670598956,0.779464389079063,NA,0.185972656643904,NA,0.593491732435159,NA,0.965437045722967,NA
18.6731265384,0.779398843971677,NA,0.186187155325901,NA,0.593211688645777,NA,0.965585999297578,NA
18.6791931812,0.779333281934205,NA,0.186401554831768,NA,0.592931727102437,NA,0.965734836765973,NA
18.685259824,0.779267707107731,NA,0.186615853508834,NA,0.592651853598897,NA,0.965883560616565,NA
18.6913264668,0.77920212361383,NA,0.186830049502231,NA,0.592372074111599,NA,0.966032173116061,NA
18.6973931096,0.779136535597054,NA,0.187044141266123,NA,0.592092394330931,NA,0.966180676863177,NA
18.7034597524,0.779070947186878,NA,0.187258126904022,NA,0.591812820282856,NA,0.9663290740909,NA
18.7095263952,0.779005362516836,NA,0.187472004841385,NA,0.591533357675451,NA,0.966477367358221,NA
18.715593038,0.778939785722289,NA,0.187685773285872,NA,0.591254012436417,NA,0.966625559008161,NA
18.7216596808,0.778874220938999,NA,0.187899430518764,NA,0.590974790420235,NA,0.966773651457764,NA
18.7277263236,0.778808672289003,NA,0.188112974896511,NA,0.590695697392491,NA,0.966921647185514,NA
18.7337929664,0.778743143932485,NA,0.188326404546989,NA,0.590416739385496,NA,0.967069548479475,NA
18.7398596092,0.778677582342462,NA,0.188539799436426,NA,0.590137782906035,NA,0.967217381778888,NA
18.745926252,0.778611717272043,NA,0.188753545744302,NA,0.589858171527741,NA,0.967365263016344,NA
18.7519928948,0.778545530048928,NA,0.188967674108274,NA,0.589577855940654,NA,0.967513204157202,NA
18.7580595376,0.778479039380944,NA,0.18918216214801,NA,0.589296877232934,NA,0.967661201528954,NA
18.7641261804,0.778412264206761,NA,0.189396987209266,NA,0.589015276997495,NA,0.967809251416027,NA
18.7701928232,0.77834522363063,NA,0.189612126441961,NA,0.58873309718867,NA,0.967957350072591,NA
18.776259466,0.778277936245612,NA,0.18982755760081,NA,0.588450378644802,NA,0.968105493846422,NA
18.7823261088,0.778210421379621,NA,0.190043257571521,NA,0.588167163808101,NA,0.968253678951142,NA
18.7883927516,0.778142697595133,NA,0.190259204144315,NA,0.587883493450818,NA,0.968401901739447,NA
18.7944593944,0.778074784097223,NA,0.190475374350688,NA,0.587599409746534,NA,0.968550158447911,NA
18.8005260372,0.778006699684973,NA,0.190691745701187,NA,0.587314953983785,NA,0.96869844538616,NA
18.80659268,0.777938463295377,NA,0.190908295543534,NA,0.587030167751843,NA,0.968846758838911,NA
18.8126593228,0.777870093944784,NA,0.191125001132836,NA,0.586745092811948,NA,0.968995095077619,NA
18.8187259656,0.777801610403736,NA,0.191341840011467,NA,0.586459770392269,NA,0.969143450415203,NA
18.8247926084,0.777733031777786,NA,0.19155878933114,NA,0.586174242446647,NA,0.969291821108926,NA
18.8308592512,0.77766437685195,NA,0.191775826615894,NA,0.585888550236055,NA,0.969440203467844,NA
18.836925894,0.777595664653464,NA,0.19199292910992,NA,0.585602735543544,NA,0.969588593763383,NA
18.8429925368,0.777526914069669,NA,0.192210074218224,NA,0.585316839851445,NA,0.969736988287894,NA
18.8490591796,0.77745814403888,NA,0.192427239286913,NA,0.585030904751967,NA,0.969885383325793,NA
18.8551258224,0.777389373486546,NA,0.192644401679864,NA,0.584744971806682,NA,0.97003377516641,NA
18.8611924652,0.777320621363687,NA,0.192861538723528,NA,0.58445908264016,NA,0.970182160087215,NA
18.867259108,0.777251906551998,NA,0.193078627837413,NA,0.584173278714585,NA,0.970330534389412,NA
18.8733257508,0.777183248057536,NA,0.193295646281171,NA,0.583887601776364,NA,0.970478894338707,NA
18.8793923936,0.777114664732693,NA,0.193512571508099,NA,0.583602093224593,NA,0.970627236240792,NA
18.8854590364,0.777046175550076,NA,0.193729380821251,NA,0.583316794728824,NA,0.970775556371327,NA
18.8915256792,0.776977799452313,NA,0.193946051561533,NA,0.58303174789078,NA,0.970923851013846,NA
18.897592322,0.776909555270959,NA,0.194162561205175,NA,0.582746994065783,NA,0.971072116476134,NA
18.9036589648,0.776841462140509,NA,0.194378886859123,NA,0.582462575281386,NA,0.971220348999631,NA
18.9097256076,0.7767735387173,NA,0.194595006212472,NA,0.582178532504828,NA,0.971368544929771,NA
18.9157922504,0.776705804226932,NA,0.194810896262275,NA,0.581894907964657,NA,0.971516700489208,NA
18.9218588932,0.776638277349952,NA,0.195026534667357,NA,0.581611742682594,NA,0.971664812017309,NA
18.927925536,0.776570977141234,NA,0.195241898632399,NA,0.581329078508835,NA,0.971812875773632,NA
18.9339921788,0.776503922550715,NA,0.195456965489525,NA,0.58104695706119,NA,0.971960888040241,NA
18.9400588216,0.776437132313064,NA,0.195671712830901,NA,0.580765419482163,NA,0.972108845143965,NA
18.9461254644,0.776370550698496,NA,0.195886011402601,NA,0.580484539295895,NA,0.972256562101097,NA
18.9521921072,0.776304119314505,NA,0.1960997305224,NA,0.580204388792105,NA,0.972403849836906,NA
18.95825875,0.776237856219931,NA,0.196312844968131,NA,0.5799250112518,NA,0.972550701188062,NA
18.9643253928,0.77617177901537,NA,0.196525331312079,NA,0.579646447703292,NA,0.972697110327449,NA
18.9703920356,0.776105905631144,NA,0.196737164961664,NA,0.579368740669479,NA,0.972843070592808,NA
18.9764586784,0.776040253908956,NA,0.196948321654794,NA,0.579091932254162,NA,0.972988575563749,NA
18.9825253212,0.77597484149018,NA,0.197158777698263,NA,0.578816063791918,NA,0.973133619188443,NA
18.988591964,0.775909686553307,NA,0.197368507865608,NA,0.578541178687699,NA,0.973278194418914,NA
18.9946586068,0.77584480646309,NA,0.197577489207661,NA,0.578267317255429,NA,0.97342229567075,NA
19.0007252496,0.775780219506469,NA,0.197785696259582,NA,0.577994523246887,NA,0.973565915766051,NA
19.0067918924,0.775715943126386,NA,0.197993105803607,NA,0.577722837322779,NA,0.973709048929993,NA
19.0128585352,0.775651995326487,NA,0.19819969315178,NA,0.577452302174706,NA,0.973851688478267,NA
19.018925178,0.775588393959481,NA,0.19840543402281,NA,0.577182959936671,NA,0.973993827982291,NA
19.0249918208,0.775525156571406,NA,0.198610304857264,NA,0.576914851714141,NA,0.97413546142867,NA
19.0310584636,0.775462301520418,NA,0.198814280180332,NA,0.576648021340086,NA,0.97427658170075,NA
19.0371251064,0.775399845955647,NA,0.199017337337926,NA,0.576382508617722,NA,0.974417183293573,NA
19.0431917492,0.775337808367244,NA,0.199219450591237,NA,0.576118357776007,NA,0.974557258958481,NA
19.049258392,0.775276206043312,NA,0.199420596928624,NA,0.575855609114688,NA,0.974696802971936,NA
19.0553250348,0.775215057058003,NA,0.199620751570586,NA,0.575594305487418,NA,0.974835808628589,NA
19.0613916776,0.775154379277852,NA,0.199819890212801,NA,0.575334489065052,NA,0.974974269490653,NA
19.0674583204,0.775094190150741,NA,0.200017989433442,NA,0.5750762007173,NA,0.975112179584183,NA
19.0735249632,0.775034508217312,NA,0.200215023505518,NA,0.574819484711795,NA,0.97524953172283,NA
19.079591606,0.774975350409661,NA,0.200410970071936,NA,0.574564380337725,NA,0.975386320481597,NA
19.0856582488,0.774916718993014,NA,0.200605826352733,NA,0.574310892640281,NA,0.975522545345748,NA
19.0917248916,0.77485801022305,NA,0.200800447596054,NA,0.574057562626995,NA,0.975658457819104,NA
19.0977915344,0.774798925227695,NA,0.200995257260053,NA,0.573803667967641,NA,0.975794182487748,NA
19.1038581772,0.774739487549488,NA,0.201190223010005,NA,0.573549264539483,NA,0.975929710559494,NA
19.10992482,0.774679720999872,NA,0.201385312423287,NA,0.573294408576585,NA,0.97606503342316,NA
19.1159914628,0.774619648697397,NA,0.201580493304819,NA,0.573039155392578,NA,0.976200142002215,NA
19.1220581056,0.774559294714506,NA,0.201775733189512,NA,0.572783561524994,NA,0.976335027904018,NA
19.1281247484,0.774498682171461,NA,0.201970999817193,NA,0.572527682354268,NA,0.976469681988655,NA
19.1341913912,0.774437834951128,NA,0.202166260824585,NA,0.572271574126543,NA,0.976604095775713,NA
19.140258034,0.774376776476368,NA,0.202361483883828,NA,0.57201529259254,NA,0.976738260360197,NA
19.1463246768,0.774315530302566,NA,0.202556636638867,NA,0.571758893663699,NA,0.976872166941432,NA
19.1523913196,0.774254120116805,NA,0.202751686841423,NA,0.571502433275382,NA,0.977005806958228,NA
19.1584579624,0.774192569273505,NA,0.202946601969056,NA,0.571245967304448,NA,0.977139171242561,NA
19.1645246052,0.77413090156084,NA,0.203141349948602,NA,0.570989551612239,NA,0.977272251509442,NA
19.170591248,0.774069140368632,NA,0.203335898151853,NA,0.570733242216779,NA,0.977405038520485,NA
19.1766578908,0.774007309373297,NA,0.203530214495112,NA,0.570477094878185,NA,0.977537523868409,NA
19.1827245336,0.773945432092634,NA,0.203724266523955,NA,0.570221165568679,NA,0.977669698616589,NA
19.1887911764,0.773883532098602,NA,0.203918021855876,NA,0.569965510242725,NA,0.977801553954478,NA
19.1948578192,0.773821632950199,NA,0.204111448422062,NA,0.569710184528137,NA,0.97793308137226,NA
19.200924462,0.77375975824144,NA,0.204304513367594,NA,0.569455244873846,NA,0.978064271609034,NA
19.2069911048,0.773697931474369,NA,0.204497185013788,NA,0.569200746460581,NA,0.978195116488157,NA
19.2130577476,0.773636176306499,NA,0.204689430366964,NA,0.568946745939534,NA,0.978325606673463,NA
19.2191243904,0.773574516211529,NA,0.204881217617888,NA,0.568693298593641,NA,0.978455733829417,NA
19.2251910332,0.773512974798465,NA,0.205072514190686,NA,0.568440460607779,NA,0.978585488989151,NA
19.231257676,0.773451575659569,NA,0.205263287671287,NA,0.568188287988282,NA,0.978714863330856,NA
19.2373243188,0.773390342222025,NA,0.205453506175457,NA,0.567936836046568,NA,0.978843848397482,NA
19.2433909616,0.773329298323175,NA,0.205643136510685,NA,0.56768616181249,NA,0.97897243483386,NA
19.2494576044,0.773268467177063,NA,0.205832147395324,NA,0.567436319781739,NA,0.979100614572388,NA
19.2555242472,0.773207872707034,NA,0.20602050547278,NA,0.567187367234254,NA,0.979228378179815,NA
19.26159089,0.773147538187796,NA,0.206208179203164,NA,0.566939358984631,NA,0.97935571739096,NA
19.2676575328,0.773087487315832,NA,0.206395135894273,NA,0.56669235142156,NA,0.979482623210105,NA
19.2737241756,0.77302774370744,NA,0.206581343095351,NA,0.566446400612089,NA,0.97960908680279,NA
19.2797908184,0.772968330654257,NA,0.20676676911186,NA,0.566201561542397,NA,0.979735099766117,NA
19.2858574612,0.772909272240682,NA,0.206951380408581,NA,0.565957891832101,NA,0.979860652649262,NA
19.291924104,0.772850591390896,NA,0.207135146103462,NA,0.565715445287434,NA,0.979985737494358,NA
19.2979907468,0.772792312292209,NA,0.207318032479554,NA,0.565474279812656,NA,0.980110344771763,NA
19.3040573896,0.772734458024069,NA,0.207500008261196,NA,0.565234449762873,NA,0.980234466285264,NA
19.3101240324,0.772677052366709,NA,0.207681040644969,NA,0.56499601172174,NA,0.980358093011678,NA
19.3161906752,0.772620118964186,NA,0.20786109713832,NA,0.564759021825866,NA,0.980481216102505,NA
19.322257318,0.772563680968867,NA,0.208040146241525,NA,0.564523534727342,NA,0.980603827210391,NA
19.3283239608,0.772507762715933,NA,0.208218154071534,NA,0.564289608644399,NA,0.980725916787467,NA
19.3343906036,0.77245238683784,NA,0.208395090148454,NA,0.564057296689386,NA,0.980847476986294,NA
19.3404572464,0.772397577783997,NA,0.208570920397537,NA,0.563826657386461,NA,0.980968498181534,NA
19.3465238892,0.772343358442321,NA,0.208745613802233,NA,0.563597744640088,NA,0.981088972244554,NA
19.352590532,0.772289752673066,NA,0.208919137453026,NA,0.56337061522004,NA,0.981208890126092,NA
19.3586571748,0.772236784151779,NA,0.209091458810448,NA,0.563145325341331,NA,0.981328242962227,NA
19.3647238176,0.772184475887826,NA,0.209262546574702,NA,0.562921929313123,NA,0.981447022462528,NA
19.3707904604,0.7721328524709,NA,0.209432366509798,NA,0.562700485961102,NA,0.981565218980697,NA
19.3768571032,0.772081936239866,NA,0.209600888540553,NA,0.562481047699313,NA,0.981682824780419,NA
19.382923746,0.77203175190437,NA,0.209768078236981,NA,0.562263673667389,NA,0.981799830141351,NA
19.3889903888,0.771982322164525,NA,0.209933904836529,NA,0.562048417327996,NA,0.981916227001053,NA
19.3950570316,0.771933670956877,NA,0.210098335328698,NA,0.561835335628179,NA,0.982032006285574,NA
19.4011236744,0.771885821992192,NA,0.210261337121986,NA,0.561624484870206,NA,0.982147159114178,NA
19.4071903172,0.771838798133106,NA,0.210422879121646,NA,0.56141591901146,NA,0.982261677254752,NA
19.41325696,0.771792624227555,NA,0.210582926733624,NA,0.561209697493931,NA,0.982375550961178,NA
19.4193236028,0.771747322318947,NA,0.210741450290011,NA,0.561005872028935,NA,0.982488772608958,NA
19.4253902456,0.771702917375299,NA,0.210898415008141,NA,0.560804502367159,NA,0.98260133238344,NA
19.4314568884,0.771659431912651,NA,0.211053790374336,NA,0.560605641538315,NA,0.982713222286987,NA
19.4375235312,0.77161706941874,NA,0.211207289461126,NA,0.560409779957613,NA,0.982824358879866,NA
19.443590174,0.771576170878394,NA,0.211358430981658,NA,0.560217739896736,NA,0.982934601860052,NA
19.4496568168,0.771536696578614,NA,0.211507272333878,NA,0.560029424244735,NA,0.983043968912492,NA
19.4557234596,0.771498599613302,NA,0.211653880406563,NA,0.55984471920674,NA,0.983152480019865,NA
19.4617901024,0.771461828553539,NA,0.211798329426726,NA,0.559663499126813,NA,0.983260157980265,NA
19.4678567452,0.771426336449199,NA,0.211940686331944,NA,0.559485650117255,NA,0.983367022781143,NA
19.473923388,0.771392072801271,NA,0.212081023856132,NA,0.559311048945139,NA,0.983473096657403,NA
19.4799900308,0.771358989191545,NA,0.212219411327223,NA,0.559139577864322,NA,0.983578400518768,NA
19.4860566736,0.771327036792378,NA,0.212355918734538,NA,0.55897111805784,NA,0.983682955526916,NA
19.4921233164,0.771296165645802,NA,0.212490617961819,NA,0.558805547683983,NA,0.98378678360762,NA
19.4981899592,0.77126632833232,NA,0.212623576631362,NA,0.558642751700958,NA,0.983889904963682,NA
19.504256602,0.77123747402578,NA,0.212754868107017,NA,0.558482605918763,NA,0.983992342132797,NA
19.5103232448,0.771209555226558,NA,0.212884560116025,NA,0.558324995110533,NA,0.984094115342583,NA
19.5163898876,0.771182521842506,NA,0.213012724805781,NA,0.558169797036725,NA,0.984195246648286,NA
19.5224565304,0.771156325280554,NA,0.213139431757945,NA,0.558016893522609,NA,0.9842957570385,NA
19.5285231732,0.771130916655913,NA,0.213264751040904,NA,0.557866165615009,NA,0.984395667696817,NA
19.534589816,0.771106246299768,NA,0.213388754126543,NA,0.557717492173225,NA,0.984495000426311,NA
19.5406564588,0.771082266271464,NA,0.213511509381807,NA,0.557570756889657,NA,0.984593775653271,NA
19.5467231016,0.771058926351496,NA,0.213633089301815,NA,0.557425837049681,NA,0.984692015653311,NA
19.5527897444,0.771036178494619,NA,0.213753562397909,NA,0.55728261609671,NA,0.984789740892528,NA
19.5588563872,0.771013973007789,NA,0.213873000242094,NA,0.557140972765696,NA,0.984886973249883,NA
19.56492303,0.770992261130839,NA,0.21399147265863,NA,0.55700078847221,NA,0.984983733789469,NA
19.5709896728,0.770970993914073,NA,0.214109049806094,NA,0.556861944107979,NA,0.985080043720166,NA
19.5770563156,0.770950121985586,NA,0.214225802733388,NA,0.556724319252197,NA,0.985175924718974,NA
19.5831229584,0.770929596875807,NA,0.214341800563234,NA,0.556587796312573,NA,0.985271397439041,NA
19.5891896012,0.770909368975759,NA,0.214457114916456,NA,0.556452254059303,NA,0.985366483892214,NA
19.595256244,0.770889389698454,NA,0.214571815082934,NA,0.55631757461552,NA,0.985461204781387,NA
19.6013228868,0.770869609742195,NA,0.214685972070409,NA,0.556183637671786,NA,0.985555581812604,NA
19.6073895296,0.770849980187473,NA,0.214799655934613,NA,0.556050324252861,NA,0.985649636122086,NA
19.6134561724,0.770830452011929,NA,0.214912936935443,NA,0.555917515076486,NA,0.985743388947372,NA
19.6195228152,0.770810976148327,NA,0.215025885687691,NA,0.555785090460636,NA,0.985836861836018,NA
19.625589458,0.770791503590422,NA,0.215138572080979,NA,0.555652931509444,NA,0.985930075671401,NA
19.6316561008,0.770771985343641,NA,0.215251066856277,NA,0.555520918487364,NA,0.986023052199918,NA
19.6377227436,0.770752372283136,NA,0.215363440076435,NA,0.555388932206701,NA,0.98611581235957,NA
19.6437893864,0.770732615490796,NA,0.215475762196062,NA,0.555256853294734,NA,0.986208377686858,NA
19.6498560292,0.77071266589553,NA,0.215588103491231,NA,0.555124562404299,NA,0.98630076938676,NA
19.655922672,0.770692474394556,NA,0.21570053433429,NA,0.554991940060266,NA,0.986393008728845,NA
19.6619893148,0.770671992233066,NA,0.215813124894787,NA,0.554858867338279,NA,0.986485117127853,NA
19.6680559576,0.770651169860382,NA,0.215925945840379,NA,0.554725224020004,NA,0.986577115700761,NA
19.6741226004,0.770629958900217,NA,0.216039067026614,NA,0.554590891873603,NA,0.986669025926831,NA
19.6801892432,0.770608309693737,NA,0.21615255928375,NA,0.554455750409988,NA,0.986760868977487,NA
19.686255886,0.770586173698664,NA,0.21626649252439,NA,0.554319681174274,NA,0.986852666223054,NA
19.6923225288,0.770563501700081,NA,0.216380937233821,NA,0.55418256446626,NA,0.986944438933902,NA
19.6983891716,0.770540244507025,NA,0.216495963907969,NA,0.554044280599056,NA,0.987036208414994,NA
19.7044558144,0.770516353684875,NA,0.216611642260013,NA,0.553904711424862,NA,0.987127995944887,NA
19.7105224572,0.770491779130761,NA,0.216728043746771,NA,0.55376373538399,NA,0.987219822877531,NA
19.7165891,0.770466473090559,NA,0.216845237332804,NA,0.553621235757755,NA,0.987311710423363,NA
19.7226557428,0.770440385375332,NA,0.216963294610214,NA,0.553477090765118,NA,0.987403679985546,NA
19.7287223856,0.770413467810874,NA,0.217082284960729,NA,0.553331182850144,NA,0.987495752771603,NA
19.7347890284,0.7703856710462,NA,0.217202279067719,NA,0.553183391978481,NA,0.98758795011392,NA
19.7408556712,0.77035694579441,NA,0.217323347561819,NA,0.553033598232592,NA,0.987680293356229,NA
19.746922314,0.770327243948826,NA,0.217445559688706,NA,0.552881684260121,NA,0.987772803637532,NA
19.7529889568,0.770296514846629,NA,0.217568987705491,NA,0.552727527141138,NA,0.987865502552121,NA
19.7590555996,0.770264711359739,NA,0.217693699680184,NA,0.552571011679555,NA,0.987958411039923,NA
19.7651222424,0.770231782772993,NA,0.217819767961166,NA,0.552412014811827,NA,0.988051550734159,NA
19.7711888852,0.770197681272497,NA,0.217947261410417,NA,0.55225041986208,NA,0.988144942682913,NA
19.777255528,0.77016235737896,NA,0.218076250898263,NA,0.552086106480697,NA,0.988238608277224,NA
19.7833221708,0.770125901657977,NA,0.218206609273228,NA,0.551919292384749,NA,0.988332510931205,NA
19.7893888136,0.770089357816992,NA,0.218336861718781,NA,0.551752496098211,NA,0.988426219535772,NA
19.7954554564,0.770052941082074,NA,0.218466704476916,NA,0.551586236605158,NA,0.98851964555899,NA
19.8015220992,0.770016639111499,NA,0.218596156409037,NA,0.551420482702463,NA,0.988612795520536,NA
19.807588742,0.769980439956486,NA,0.21872523505159,NA,0.551255204904896,NA,0.988705675008077,NA
19.8136553848,0.769944331388343,NA,0.218853958931449,NA,0.551090372456894,NA,0.988798290319792,NA
19.8197220276,0.76990830132747,NA,0.218982346033134,NA,0.550925955294336,NA,0.988890647360605,NA
19.8257886704,0.769872337668619,NA,0.219110414403008,NA,0.550761923265611,NA,0.988982752071627,NA
19.8318553132,0.769836428241282,NA,0.219238182457431,NA,0.550598245783851,NA,0.989074610698713,NA
19.837921956,0.769800560998582,NA,0.219365667859598,NA,0.550434893138985,NA,0.98916622885818,NA
19.8439885988,0.769764723752846,NA,0.219492889241702,NA,0.550271834511143,NA,0.989257612994548,NA
19.8500552416,0.769728904424489,NA,0.219619864337101,NA,0.550109040087387,NA,0.98934876876159,NA
19.8561218844,0.76969309087532,NA,0.219746611534807,NA,0.549946479340513,NA,0.989439702410127,NA
19.8621885272,0.769657270992594,NA,0.219873148871403,NA,0.549784122121191,NA,0.989530419863996,NA
19.86825517,0.769621432646853,NA,0.219999494426986,NA,0.549621938219867,NA,0.989620927073839,NA
19.8743218128,0.769585563749153,NA,0.220125666498385,NA,0.549459897250767,NA,0.989711230247538,NA
19.8803884556,0.7695496521137,NA,0.220251682954124,NA,0.549297969159576,NA,0.989801335067824,NA
19.8864550984,0.76951368570783,NA,0.220377562195754,NA,0.549136123512076,NA,0.989891247903583,NA
19.8925217412,0.769477652322117,NA,0.220503322152104,NA,0.548974330170013,NA,0.989980974474221,NA
19.898588384,0.769441539906951,NA,0.220628981077197,NA,0.548812558829754,NA,0.990070520984148,NA
19.9046550268,0.769405336318359,NA,0.220754557056809,NA,0.54865077926155,NA,0.990159893375169,NA
19.9107216696,0.769369029400758,NA,0.220880068207643,NA,0.548488961193114,NA,0.990249097608401,NA
19.9167883124,0.769332607148682,NA,0.221005532704125,NA,0.548327074444557,NA,0.990338139852807,NA
19.9228549552,0.769296057235506,NA,0.221130968622976,NA,0.548165088612529,NA,0.990427025858482,NA
19.928921598,0.76925936778453,NA,0.221256394133672,NA,0.548002973650858,NA,0.990515761918202,NA
19.9349882408,0.76922252645745,NA,0.22138182735908,NA,0.54784069909837,NA,0.990604353816529,NA
19.9410548836,0.769185521291316,NA,0.221507286421102,NA,0.547678234870214,NA,0.990692807712417,NA
19.9471215264,0.769148340112846,NA,0.221632789451837,NA,0.547515550661009,NA,0.990781129564683,NA
19.9531881692,0.769110970738413,NA,0.221758354607462,NA,0.547352616130951,NA,0.990869325345875,NA
19.959254812,0.76907340124795,NA,0.221883999937133,NA,0.547189401310817,NA,0.990957401185083,NA
19.9653214548,0.769035619172078,NA,0.222009743728638,NA,0.547025875443441,NA,0.991045362900716,NA
19.9713880976,0.768997612791027,NA,0.22213560391794,NA,0.546862008873087,NA,0.991133216708967,NA
19.9774547404,0.768959369638567,NA,0.222261598820511,NA,0.546697770818055,NA,0.991220968459078,NA
19.9835213832,0.768920877836493,NA,0.222387746429003,NA,0.54653313140749,NA,0.991308624265496,NA
19.989588026,0.768882125184134,NA,0.222514064918968,NA,0.546368060265166,NA,0.991396190103102,NA
19.9956546688,0.768843099467898,NA,0.222640572488924,NA,0.546202526978974,NA,0.991483671956823,NA
20.0017213116,0.768803788855035,NA,0.22276728705989,NA,0.546036501795146,NA,0.991571075914925,NA
20.0077879544,0.768764180731497,NA,0.222894227133589,NA,0.545869953597908,NA,0.991658407865087,NA
20.0138545972,0.768724263535399,NA,0.22302141041104,NA,0.545702853124359,NA,0.991745673946439,NA
20.01992124,0.768684024673546,NA,0.223148855398881,NA,0.545535169274665,NA,0.991832880072428,NA
20.0259878828,0.768643452350563,NA,0.223276579963382,NA,0.54536687238718,NA,0.991920032313945,NA
20.0320545256,0.768602534340301,NA,0.223404602320683,NA,0.545197932019618,NA,0.992007136660984,NA
20.0381211684,0.768561258397292,NA,0.223532940714513,NA,0.545028317682779,NA,0.992094199111804,NA
20.0441878112,0.768519612778017,NA,0.223661612934879,NA,0.544857999843137,NA,0.992181225712896,NA
20.050254454,0.768477584721842,NA,0.223790637700314,NA,0.544686947021527,NA,0.992268222422156,NA
20.0563210968,0.768435162825726,NA,0.223920032475453,NA,0.544515130350272,NA,0.992355195301179,NA
20.0623877396,0.768392334370468,NA,0.224049815956671,NA,0.544342518413797,NA,0.992442150327139,NA
20.0684543824,0.768349087641603,NA,0.224180005886723,NA,0.54416908175488,NA,0.992529093528326,NA
20.0745210252,0.768305410389428,NA,0.224310620519466,NA,0.543994789869962,NA,0.992616030908893,NA
20.080587668,0.768261290334673,NA,0.224441678146709,NA,0.543819612187964,NA,0.992702968481382,NA
20.0866543108,0.768216715824974,NA,0.224573196424584,NA,0.543643519400391,NA,0.992789912249558,NA
20.0927209536,0.768171677005033,NA,0.22470519861008,NA,0.543466478394953,NA,0.992876875615113,NA
20.0987875964,0.768126172545071,NA,0.224837715949765,NA,0.543288456595306,NA,0.992963888494835,NA
20.1048542392,0.768080189635399,NA,0.224970767377188,NA,0.543109422258211,NA,0.993050957012586,NA
20.110920882,0.768033668722187,NA,0.225104435834428,NA,0.54292923288776,NA,0.993138104556615,NA
20.1169875248,0.767986441745718,NA,0.225238957529385,NA,0.542747484216333,NA,0.993225399275102,NA
20.1230541676,0.767938513363628,NA,0.225374324401268,NA,0.54256418896236,NA,0.993312837764896,NA
20.1291208104,0.767889905592384,NA,0.225510504047615,NA,0.542379401544769,NA,0.993400409639999,NA
20.1351874532,0.767840638609314,NA,0.225647466257712,NA,0.542193172351602,NA,0.993488104867025,NA
20.141254096,0.767790734940035,NA,0.225785178035165,NA,0.54200555690487,NA,0.9935759129752,NA
20.1473207388,0.767740214952447,NA,0.225923608928737,NA,0.541816606023711,NA,0.993663823881184,NA
20.1533873816,0.767689100559608,NA,0.226062726677004,NA,0.541626373882604,NA,0.993751827236612,NA
20.1594540244,0.767637412886234,NA,0.226202499939322,NA,0.541434912946912,NA,0.993839912825555,NA
20.1655206672,0.767585173045043,NA,0.22634289737853,NA,0.541242275666513,NA,0.993928070423573,NA
20.17158731,0.767532402903876,NA,0.226483886814445,NA,0.541048516089431,NA,0.99401628971832,NA
20.1776539528,0.767479122889542,NA,0.226625437664721,NA,0.540853685224821,NA,0.994104560554263,NA
20.1837205956,0.767425355252478,NA,0.226767517341562,NA,0.540657837910916,NA,0.99419287259404,NA
20.1897872384,0.76737112058631,NA,0.226910095060555,NA,0.540461025525754,NA,0.994281215646865,NA
20.1958538812,0.767316440653523,NA,0.227053138781065,NA,0.540263301872458,NA,0.994369579434589,NA
20.201920524,0.76726133662855,NA,0.227196617091011,NA,0.540064719537539,NA,0.994457953719562,NA
20.2079871668,0.76720582967525,NA,0.227340498575317,NA,0.539865331099933,NA,0.994546328250567,NA
20.2140538096,0.767149941509466,NA,0.227484751281068,NA,0.539665190228398,NA,0.994634692790535,NA
20.2201204524,0.767093692810862,NA,0.227629344249296,NA,0.539464348561566,NA,0.994723037060158,NA
20.2261870952,0.767037105553005,NA,0.227774245303297,NA,0.539262860249708,NA,0.994811350856301,NA
20.232253738,0.766980200553562,NA,0.227919423327981,NA,0.539060777225581,NA,0.994899623881543,NA
20.2383203808,0.766922999427821,NA,0.228064846498505,NA,0.538858152929316,NA,0.994987845926325,NA
20.2443870236,0.766865523396555,NA,0.22821048333635,NA,0.538655040060204,NA,0.995076006732905,NA
20.2504536664,0.766807793678139,NA,0.228356302343524,NA,0.538451491334615,NA,0.995164096021662,NA
20.2565203092,0.766749831833043,NA,0.228502271799382,NA,0.538247560033662,NA,0.995252103632425,NA
20.262586952,0.766691658797161,NA,0.228648360363332,NA,0.538043298433829,NA,0.995340019160493,NA
20.2686535948,0.766633296265503,NA,0.228794536272265,NA,0.537838759993238,NA,0.995427832537768,NA
20.2747202376,0.766574765278092,NA,0.228940768082909,NA,0.537633997195183,NA,0.995515533361001,NA
20.2807868804,0.766516087306389,NA,0.229087024181218,NA,0.537429063125171,NA,0.995603111487607,NA
20.2868535232,0.766457283614136,NA,0.229233273027231,NA,0.537224010586905,NA,0.995690556641367,NA
20.292920166,0.766398375477596,NA,0.229379483035045,NA,0.53701889244255,NA,0.995777858512641,NA
20.2989868088,0.766339384298496,NA,0.229525622721278,NA,0.536813761577218,NA,0.995865007019774,NA
20.3050534516,0.766280331272328,NA,0.229671660358724,NA,0.536608670913604,NA,0.995951991631052,NA
20.3111200944,0.766221237813862,NA,0.22981756460036,NA,0.536403673213502,NA,0.996038802414222,NA
20.3171867372,0.766162125183789,NA,0.229963303677233,NA,0.536198821506557,NA,0.996125428861022,NA
20.32325338,0.766103014713116,NA,0.2301088461811,NA,0.535994168532016,NA,0.996211860894216,NA
20.3293200228,0.766043927705183,NA,0.230254160515549,NA,0.535789767189633,NA,0.996298088220732,NA
20.3353866656,0.765984885497511,NA,0.230399215001776,NA,0.535585670495735,NA,0.996384100499287,NA
20.3414533084,0.765925909329713,NA,0.230543978398653,NA,0.53538193093106,NA,0.996469887728366,NA
20.3475199512,0.765867020660251,NA,0.230688418587366,NA,0.535178602072886,NA,0.996555439247617,NA
20.353586594,0.76580824062197,NA,0.230832504639477,NA,0.534975735982493,NA,0.996640745261447,NA
20.3596532368,0.765749590694541,NA,0.230976204462847,NA,0.534773386231694,NA,0.996725795157388,NA
20.3657198796,0.765691092071891,NA,0.231119486850044,NA,0.534571605221846,NA,0.996810578921935,NA
20.3717865224,0.765632766093583,NA,0.231262320153199,NA,0.534370445940384,NA,0.996895086246782,NA
20.3778531652,0.765574634161773,NA,0.23140467259561,NA,0.534169961566163,NA,0.996979306757383,NA
20.383919808,0.765516717350582,NA,0.2315465131834,NA,0.533970204167182,NA,0.997063230533983,NA
20.3899864508,0.76545903738482,NA,0.231687809401152,NA,0.533771227983668,NA,0.997146846785972,NA
20.3960530936,0.765401615113716,NA,0.23182853074151,NA,0.533573084372206,NA,0.997230145855225,NA
20.4021197364,0.765344472234237,NA,0.231968644791647,NA,0.53337582744259,NA,0.997313117025884,NA
20.4081863792,0.765287629806601,NA,0.232108120539946,NA,0.533179509266655,NA,0.997395750346548,NA
20.414253022,0.765231109203226,NA,0.232246926292076,NA,0.53298418291115,NA,0.997478035495302,NA
20.4203196648,0.765174931894269,NA,0.232385030168443,NA,0.532789901725826,NA,0.997559962062711,NA
20.4263863076,0.765119118784992,NA,0.232522401427415,NA,0.532596717357577,NA,0.997641520212407,NA
20.4324529504,0.765063691869922,NA,0.232659007151977,NA,0.532404684717945,NA,0.997722699021899,NA
20.4385195932,0.765008671712987,NA,0.232794817258354,NA,0.532213854454633,NA,0.997803488971341,NA
20.444586236,0.764954080226764,NA,0.232929799015527,NA,0.532024281211237,NA,0.997883879242291,NA
20.4506528788,0.764899938341136,NA,0.2330639216027,NA,0.531836016738436,NA,0.997963859943836,NA
20.4567195216,0.764846257088168,NA,0.233197167949229,NA,0.531649089138938,NA,0.998043425037397,NA
20.4627861644,0.764792843738954,NA,0.233329809091799,NA,0.531463034647155,NA,0.998122652830753,NA
20.4688528072,0.764739609750381,NA,0.233461969085819,NA,0.531277640664562,NA,0.998201578836199,NA
20.47491945,0.764686544900292,NA,0.233593660555155,NA,0.531092884345138,NA,0.998280205455447,NA
20.4809860928,0.764633638341759,NA,0.233724897857915,NA,0.530908740483844,NA,0.998358536199674,NA
20.4870527356,0.764580879770204,NA,0.233855693811854,NA,0.53072518595835,NA,0.998436573582058,NA
20.4931193784,0.76452825852318,NA,0.233986062280748,NA,0.530542196242432,NA,0.998514320803929,NA
20.4991860212,0.764475764103486,NA,0.234116016641383,NA,0.530359747462104,NA,0.998591780744869,NA
20.505252664,0.764423386031237,NA,0.234245570184238,NA,0.530177815846999,NA,0.998668956215474,NA
20.5113193068,0.764371113654938,NA,0.234374736823226,NA,0.529996376831712,NA,0.998745850478165,NA
20.5173859496,0.764318936620726,NA,0.23450352934787,NA,0.529815407272856,NA,0.998822465968597,NA
20.5234525924,0.764266844221862,NA,0.234631961938346,NA,0.529634882283516,NA,0.998898806160208,NA
20.5295192352,0.764214826046448,NA,0.234760047551131,NA,0.529454778495316,NA,0.998974873597579,NA
20.535585878,0.764162871498004,NA,0.234887799962763,NA,0.529275071535241,NA,0.999050671460768,NA
20.5416525208,0.764110970063199,NA,0.235015232573509,NA,0.52909573748969,NA,0.999126202636708,NA
20.5477191636,0.764059111228441,NA,0.235142358714123,NA,0.528916752514318,NA,0.999201469942564,NA
20.5537858064,0.764007284425778,NA,0.235269192194488,NA,0.528738092231291,NA,0.999276476620266,NA
20.5598524492,0.76395547916797,NA,0.235395745971912,NA,0.528559733196058,NA,0.999351225139882,NA
20.565919092,0.763903684889302,NA,0.235522034047576,NA,0.528381650841726,NA,0.999425718936878,NA
20.5719857348,0.763851891071389,NA,0.235648069515617,NA,0.528203821555773,NA,0.999499960587006,NA
20.5780523776,0.763800087182054,NA,0.235773866067458,NA,0.528026221114596,NA,0.999573953249512,NA
20.5841190204,0.763748262693498,NA,0.235899437124722,NA,0.527848825568775,NA,0.99964769981822,NA
20.5901856632,0.76369640705676,NA,0.236024796060569,NA,0.52767161099619,NA,0.999721203117329,NA
20.596252306,0.763644509789094,NA,0.236149956578716,NA,0.527494553210378,NA,0.99979446636781,NA
20.6023189488,0.763592560268216,NA,0.236274931806395,NA,0.527317628461821,NA,0.999867492074611,NA
20.6083855916,0.763540548070272,NA,0.23639973556472,NA,0.527140812505552,NA,0.999940283634992,NA
20.6144522344,0.763488462571222,NA,0.236524381084422,NA,0.5269640814868,NA,1.00001284365564,NA
20.6205188772,0.763436293301522,NA,0.236648881973947,NA,0.526787411327575,NA,1.00008517527547,NA
20.62658552,0.763384029720576,NA,0.236773251674137,NA,0.526610778046439,NA,1.00015728139471,NA
20.6326521628,0.763331661242385,NA,0.236897503602689,NA,0.526434157639695,NA,1.00022916484507,NA
20.6387188056,0.763279177471076,NA,0.237021651355026,NA,0.52625752611605,NA,1.0003008288261,NA
20.6447854484,0.763226567647657,NA,0.237145708230432,NA,0.526080859417225,NA,1.00037227587809,NA
20.6508520912,0.763173821490964,NA,0.237269687868892,NA,0.525904133622073,NA,1.00044350935986,NA
20.656918734,0.763120928272138,NA,0.237393603636662,NA,0.525727324635476,NA,1.0005145319088,NA
20.6629853768,0.763067877582601,NA,0.237517469061344,NA,0.525550408521257,NA,1.00058534664395,NA
20.6690520196,0.763014658870626,NA,0.237641297600866,NA,0.525373361269759,NA,1.00065595647149,NA
20.6751186624,0.762961261511509,NA,0.237765102719597,NA,0.525196158791912,NA,1.00072636423111,NA
20.6811853052,0.762907675197919,NA,0.237888897902531,NA,0.525018777295388,NA,1.00079657310045,NA
20.687251948,0.762853889032486,NA,0.238012696623137,NA,0.524841192409349,NA,1.00086658565562,NA
20.6933185908,0.762799892877572,NA,0.238136512339205,NA,0.524663380538367,NA,1.00093640521678,NA
20.6993852336,0.76274567590033,NA,0.238260358551451,NA,0.524485317348879,NA,1.00100603445178,NA
20.7054518764,0.762691227751484,NA,0.238384248708761,NA,0.524306979042722,NA,1.00107547646025,NA
20.7115185192,0.76263653786984,NA,0.238508196284024,NA,0.524128341585816,NA,1.00114473415386,NA
20.717585162,0.762581595590325,NA,0.238632214790406,NA,0.52394938079992,NA,1.00121381038073,NA
20.7236518048,0.762526390695814,NA,0.238756317600344,NA,0.52377007309547,NA,1.00128270829616,NA
20.7297184476,0.762470912148895,NA,0.238880518363624,NA,0.523590393785271,NA,1.00135143051252,NA
20.7357850904,0.762415149956287,NA,0.239004830354772,NA,0.523410319601515,NA,1.00141998031106,NA
20.7418517332,0.76235909318199,NA,0.239129267207901,NA,0.52322982597409,NA,1.00148836038989,NA
20.747918376,0.762302731534362,NA,0.239253842295315,NA,0.523048889239048,NA,1.00155657382968,NA
20.7539850188,0.762246054444411,NA,0.239378569102724,NA,0.522867485341687,NA,1.00162462354713,NA
20.7600516616,0.762189051205026,NA,0.23950346119423,NA,0.522685590010796,NA,1.00169251239926,NA
20.7661183044,0.762131711690954,NA,0.239628531827579,NA,0.522503179863375,NA,1.00176024351853,NA
20.7721849472,0.762074024723076,NA,0.239753794831006,NA,0.522320229892071,NA,1.00182781955408,NA
20.77825159,0.762015980453303,NA,0.239879263294708,NA,0.522136717158595,NA,1.00189524374801,NA
20.7843182328,0.761957544197202,NA,0.240004984425776,NA,0.521952559771427,NA,1.00196252862298,NA
20.7903848756,0.761898591313862,NA,0.240131133315503,NA,0.521767457998359,NA,1.00202972462937,NA
20.7964515184,0.761839121744379,NA,0.240257708588111,NA,0.521581413156267,NA,1.00209683033249,NA
20.8025181612,0.761779155191153,NA,0.240384680793417,NA,0.521394474397735,NA,1.00216383598457,NA
20.808584804,0.7617187122036,NA,0.240512019824099,NA,0.521206692379501,NA,1.0022307320277,NA
20.8146514468,0.761657811875681,NA,0.240639696673602,NA,0.521018115202079,NA,1.00229750854928,NA
20.8207180896,0.761596475056446,NA,0.240767681040936,NA,0.52082879401551,NA,1.00236415609738,NA
20.8267847324,0.761534721104229,NA,0.240895943692912,NA,0.520638777411317,NA,1.00243066479714,NA
20.8328513752,0.761472570319932,NA,0.241024454746623,NA,0.520448115573309,NA,1.00249702506656,NA
20.838918018,0.761410042613578,NA,0.241153184588205,NA,0.520256858025373,NA,1.00256322720178,NA
20.8449846608,0.761347157759413,NA,0.241282103656909,NA,0.520065054102504,NA,1.00262926141632,NA
20.8510513036,0.761283936140512,NA,0.241411182096334,NA,0.519872754044178,NA,1.00269511823685,NA
20.8571179464,0.761220397111671,NA,0.24154039050865,NA,0.519680006603021,NA,1.00276078762032,NA
20.8631845892,0.761156561250571,NA,0.241669698997863,NA,0.519486862252708,NA,1.00282626024843,NA
20.869251232,0.761092448113489,NA,0.241799078038703,NA,0.519293370074786,NA,1.00289152615219,NA
20.8753178748,0.761028077887343,NA,0.241928497913707,NA,0.519099579973637,NA,1.00295657580105,NA
20.8813845176,0.760963470501647,NA,0.242057928983922,NA,0.518905541517726,NA,1.00302139948557,NA
20.8874511604,0.76089864580565,NA,0.242187341573335,NA,0.518711304232315,NA,1.00308598737899,NA
20.8935178032,0.760833624012931,NA,0.242316706081163,NA,0.518516917931768,NA,1.00315033009409,NA
20.899584446,0.760768424742274,NA,0.242445992713604,NA,0.51832243202867,NA,1.00321441745588,NA
20.9056510888,0.760703068298416,NA,0.242575171982007,NA,0.518127896316409,NA,1.00327824028042,NA
20.9117177316,0.760637574433997,NA,0.242704214071368,NA,0.517933360362629,NA,1.00334178850536,NA
20.9177843744,0.760571963225111,NA,0.242833089424978,NA,0.517738873800133,NA,1.00340505265009,NA
20.9238510172,0.760506254617601,NA,0.242961768383484,NA,0.517544486234117,NA,1.00346802300108,NA
20.92991766,0.76044046853888,NA,0.243090221150918,NA,0.517350247387961,NA,1.0035306896898,NA
20.9359843028,0.760374625029869,NA,0.243218418386807,NA,0.517156206643062,NA,1.00359304341668,NA
20.9420509456,0.760308743976505,NA,0.243346329896684,NA,0.516962414079821,NA,1.00365507387319,NA
20.9481175884,0.760242845408999,NA,0.24347392660159,NA,0.516768918807409,NA,1.00371677201059,NA
20.9541842312,0.760176949274769,NA,0.243601178399131,NA,0.516575770875638,NA,1.0037781276739,NA
20.960250874,0.760111075542251,NA,0.243728055888659,NA,0.516383019653593,NA,1.00383913143091,NA
20.9663175168,0.760045244170455,NA,0.243854529395114,NA,0.516190714775341,NA,1.00389977356557,NA
20.9723841596,0.759979475168118,NA,0.243980568997882,NA,0.515998906170236,NA,1.003960044166,NA
20.9784508024,0.759913788400344,NA,0.24410614562149,NA,0.515807642778855,NA,1.00401993402183,NA
20.9845174452,0.759848204023381,NA,0.244231228666115,NA,0.515616975357266,NA,1.0040794326895,NA
20.990584088,0.759782741791333,NA,0.244355789464835,NA,0.515426952326498,NA,1.00413853125617,NA
20.9966507308,0.759717421844823,NA,0.244479797630214,NA,0.515237624214609,NA,1.00419721947504,NA
21.0027173736,0.75965226404778,NA,0.244603223912971,NA,0.515049040134808,NA,1.00425548796075,NA
21.0087840164,0.759587288369226,NA,0.244726038627035,NA,0.514861249742191,NA,1.00431332699626,NA
21.0148506592,0.75952251490238,NA,0.244848211722447,NA,0.514674303179933,NA,1.00437072662483,NA
21.020917302,0.759457963333372,NA,0.244969714393433,NA,0.514488248939939,NA,1.0044276777268,NA
21.0269839448,0.759393654091917,NA,0.245090515630118,NA,0.5143031384618,NA,1.00448416972204,NA
21.0330505876,0.759329606654437,NA,0.245210587179964,NA,0.514119019474473,NA,1.0045401938344,NA
21.0391172304,0.759265841353173,NA,0.245329898372839,NA,0.513935942980333,NA,1.00459573972601,NA
21.0451838732,0.759202377950713,NA,0.245448420106138,NA,0.513753957844575,NA,1.00465079805685,NA
21.051250516,0.759139236422929,NA,0.245566122687468,NA,0.513573113735461,NA,1.0047053591104,NA
21.0573171588,0.759076436950683,NA,0.245682975932837,NA,0.513393461017847,NA,1.00475941288352,NA
21.0633838016,0.759013999037969,NA,0.245798951310859,NA,0.51321504772711,NA,1.00481295034883,NA
21.0694504444,0.75895194339113,NA,0.245914017396915,NA,0.513037925994215,NA,1.00486596078805,NA
21.0755170872,0.758890289207324,NA,0.2460281463552,NA,0.512862142852125,NA,1.00491843556252,NA
21.08158373,0.758829057008835,NA,0.246141307235231,NA,0.512687749773605,NA,1.00497036424407,NA
21.0876503728,0.758768266460067,NA,0.246253471076382,NA,0.512514795383685,NA,1.00502173753645,NA
21.0937170156,0.758707937540581,NA,0.246364608184637,NA,0.512343329355944,NA,1.00507254572522,NA
21.0997836584,0.758648090522043,NA,0.246474688237273,NA,0.51217340228477,NA,1.00512277875932,NA
21.1058503012,0.758588744723149,NA,0.246583682981991,NA,0.512005061741159,NA,1.00517242770514,NA
21.111916944,0.758529921130035,NA,0.246691560574731,NA,0.511838360555305,NA,1.00522148170477,NA
21.1179835868,0.758471638659012,NA,0.246798293598764,NA,0.511673345060248,NA,1.00526993225778,NA
21.1240502296,0.758413918020826,NA,0.246903850825609,NA,0.511510067195217,NA,1.00531776884643,NA
21.1301168724,0.75835677729171,NA,0.247008205543553,NA,0.511348571748158,NA,1.00536498283526,NA
21.1361835152,0.758300153275113,NA,0.247111445691186,NA,0.511188707583927,NA,1.0054115989663,NA
21.142250158,0.758243987769228,NA,0.247213651913495,NA,0.511030335855733,NA,1.00545763968272,NA
21.1483168008,0.758188258447778,NA,0.247314854870325,NA,0.510873403577453,NA,1.0055031133181,NA
21.1543834436,0.758132944391258,NA,0.247415081957164,NA,0.510717862434094,NA,1.00554802634842,NA
21.1604500864,0.758078023028757,NA,0.247514364451088,NA,0.510563658577669,NA,1.00559238747985,NA
21.1665167292,0.758023473138804,NA,0.247612730413363,NA,0.510410742725441,NA,1.00563620355217,NA
21.172583372,0.757969272703747,NA,0.24771020983627,NA,0.510259062867477,NA,1.00567948254002,NA
21.1786500148,0.757915399992869,NA,0.247806832020896,NA,0.510108567971974,NA,1.00572223201376,NA
21.1847166576,0.75786183344656,NA,0.247902625781573,NA,0.509959207664987,NA,1.00576445922813,NA
21.1907833004,0.757808550934459,NA,0.247997621518565,NA,0.509810929415894,NA,1.00580617245302,NA
21.1968499432,0.757755531238202,NA,0.248091847025802,NA,0.5096636842124,NA,1.005847378264,NA
21.202916586,0.757702752089861,NA,0.248185333174009,NA,0.509517418915852,NA,1.00588808526387,NA
21.2089832288,0.757650192059676,NA,0.24827810830776,NA,0.509372083751915,NA,1.00592830036744,NA
21.2150498716,0.757597829239466,NA,0.24837020226698,NA,0.509227626972486,NA,1.00596803150645,NA
21.2211165144,0.757545641891986,NA,0.248461644366251,NA,0.509083997525735,NA,1.00600728625824,NA
21.2271831572,0.75749360836121,NA,0.248552463545272,NA,0.508941144815938,NA,1.00604607190648,NA
21.2332498,0.757441706716136,NA,0.248642689940078,NA,0.508799016776058,NA,1.00608439665621,NA
21.2393164428,0.757389915436099,NA,0.248732351747689,NA,0.50865756368841,NA,1.00612226718379,NA
21.2453830856,0.757338212557874,NA,0.248821479430152,NA,0.508516733127722,NA,1.00615969198803,NA
21.2514497284,0.757286576445136,NA,0.248910101613033,NA,0.508376474832103,NA,1.00619667805817,NA
21.2575163712,0.757234986206144,NA,0.248998249276061,NA,0.508236736930083,NA,1.0062332354822,NA
21.263583014,0.757183443924023,NA,0.249085985434124,NA,0.5080974584899,NA,1.00626942935815,NA
21.2696496568,0.757131938951453,NA,0.249173354866807,NA,0.507958584084646,NA,1.00630529381826,NA
21.2757162996,0.757080450090726,NA,0.249260388191514,NA,0.507820061899213,NA,1.00634083828224,NA
21.2817829424,0.757028956169029,NA,0.249347114937311,NA,0.507681841231717,NA,1.00637607110634,NA
21.2878495852,0.756977436033953,NA,0.249433565868574,NA,0.507543870165379,NA,1.00641100190253,NA
21.293916228,0.756925868474169,NA,0.249519770780258,NA,0.507406097693911,NA,1.00644563925443,NA
21.2999828708,0.756874232343971,NA,0.249605760004789,NA,0.507268472339182,NA,1.00647999234876,NA
21.3060495136,0.756822506482172,NA,0.249691563688332,NA,0.50713094279384,NA,1.0065140701705,NA
21.3121161564,0.75677066963608,NA,0.249777211892959,NA,0.506993457743121,NA,1.00654788152904,NA
21.3181827992,0.756718700807528,NA,0.249862734953717,NA,0.50685596585381,NA,1.00658143576125,NA
21.324249442,0.756666578525577,NA,0.249948162825769,NA,0.506718415699808,NA,1.00661474135135,NA
21.3303160848,0.756614281935134,NA,0.250033525846777,NA,0.506580756088358,NA,1.00664780778191,NA
21.3363827276,0.75656178962776,NA,0.250118854095904,NA,0.506442935531856,NA,1.00668064372366,NA
21.3424493704,0.756509080554656,NA,0.25020417776399,NA,0.506304902790666,NA,1.00671325831865,NA
21.3485160132,0.756456133557928,NA,0.250289526996048,NA,0.506166606561879,NA,1.00674566055398,NA
21.354582656,0.756402927281389,NA,0.25037493199804,NA,0.506027995283349,NA,1.00677785927943,NA
21.3606492988,0.756349440928084,NA,0.250460422820153,NA,0.505889018107931,NA,1.00680986374824,NA
21.3667159416,0.756295652730632,NA,0.250546029841612,NA,0.50574962288902,NA,1.00684168257224,NA
21.3727825844,0.756241542127898,NA,0.250631782977786,NA,0.505609759150112,NA,1.00687332510568,NA
21.3788492272,0.756187087517684,NA,0.250717712587391,NA,0.505469374930293,NA,1.00690480010507,NA
21.38491587,0.756132267944747,NA,0.250803848724453,NA,0.505328419220294,NA,1.0069361166692,NA
21.3909825128,0.75607706225784,NA,0.250890221528062,NA,0.505186840729778,NA,1.0069672837859,NA
21.3970491556,0.75602144899393,NA,0.25097686135284,NA,0.50504458764109,NA,1.00699831034677,NA
21.4031157984,0.755965407558947,NA,0.251063797961731,NA,0.504901609597217,NA,1.00702920552068,NA
21.4091824412,0.755908915890745,NA,0.251151062155631,NA,0.504757853735114,NA,1.00705997804638,NA
21.415249084,0.755851953718792,NA,0.251238683432392,NA,0.5046132702864,NA,1.00709063715118,NA
21.4213157268,0.755794499250489,NA,0.251326692425511,NA,0.504467806824978,NA,1.007121191676,NA
21.4273823696,0.755736531620795,NA,0.25141511905697,NA,0.504321412563825,NA,1.00715165067777,NA
21.4334490124,0.75567802968846,NA,0.251503993455164,NA,0.504174036233296,NA,1.00718202314362,NA
21.4395156552,0.755618971880253,NA,0.25159334612815,NA,0.504025625752104,NA,1.0072123180084,NA
21.445582298,0.755559337806667,NA,0.25168320654924,NA,0.503876131257427,NA,1.00724254435591,NA
21.4516489408,0.755499105112465,NA,0.251773605938616,NA,0.503725499173849,NA,1.00727271105108,NA
21.4577155836,0.75543831186861,NA,0.251864491280292,NA,0.503573820588318,NA,1.0073028031489,NA
21.4637822264,0.755377612109932,NA,0.251954937448918,NA,0.503422674661015,NA,1.00733254955885,NA
21.4698488692,0.755317184488247,NA,0.252044692202599,NA,0.503272492285648,NA,1.00736187669085,NA
21.475915512,0.755257014123465,NA,0.25213377681851,NA,0.503123237304955,NA,1.00739079094198,NA
21.4819821548,0.75519708631368,NA,0.25222221208482,NA,0.50297487422886,NA,1.0074192983985,NA
21.4880487976,0.755137385869043,NA,0.252310020121059,NA,0.502827365747983,NA,1.0074474059901,NA
21.4941154404,0.755077898345616,NA,0.252397220963915,NA,0.502680677381701,NA,1.00747511930953,NA
21.5001820832,0.755018608458161,NA,0.252483837048,NA,0.502534771410161,NA,1.00750244550616,NA
21.506248726,0.75495950158476,NA,0.252569888876841,NA,0.502389612707918,NA,1.0075293904616,NA
21.5123153688,0.754900562734874,NA,0.252655398055781,NA,0.502245164679093,NA,1.00755596079065,NA
21.5183820116,0.754841777031816,NA,0.252740385860556,NA,0.50210139117126,NA,1.00758216289237,NA
21.5244486544,0.754783129699885,NA,0.252824873181359,NA,0.501958256518525,NA,1.00760800288124,NA
21.5305152972,0.754724605691131,NA,0.252908881936671,NA,0.50181572375446,NA,1.0076334876278,NA
21.53658194,0.7546661903539,NA,0.252992432461694,NA,0.501673757892207,NA,1.00765862281559,NA
21.5426485828,0.754607868608383,NA,0.253075546894085,NA,0.501532321714298,NA,1.00768341550247,NA
21.5487152256,0.754549625697626,NA,0.253158245933741,NA,0.501391379763884,NA,1.00770787163137,NA
21.5547818684,0.75449144669573,NA,0.253240551090222,NA,0.501250895605508,NA,1.00773199778595,NA
21.5608485112,0.754433316731766,NA,0.253322483634461,NA,0.501110833097305,NA,1.00775580036623,NA
21.566915154,0.754375220953879,NA,0.25340406456204,NA,0.500971156391839,NA,1.00777928551592,NA
21.5729817968,0.7543171444572,NA,0.253485315588705,NA,0.500831828868495,NA,1.00780246004591,NA
21.5790484396,0.754259072383534,NA,0.253566257346496,NA,0.500692815037038,NA,1.00782532973003,NA
21.5851150824,0.754200989856145,NA,0.253646911679476,NA,0.500554078176669,NA,1.00784790153562,NA
21.5911817252,0.754142881985402,NA,0.253727299480548,NA,0.500415582504854,NA,1.00787018146595,NA
21.597248368,0.754084733907688,NA,0.253807442166852,NA,0.500277291740836,NA,1.00789217607454,NA
21.6033150108,0.754026530760186,NA,0.253887361001155,NA,0.500139169759031,NA,1.00791389176134,NA
21.6093816536,0.753968257612535,NA,0.253967077087792,NA,0.500001180524743,NA,1.00793533470033,NA
21.6154482964,0.753909899704122,NA,0.254046611938093,NA,0.499863287766029,NA,1.00795651164222,NA
21.6215149392,0.75385144197139,NA,0.254125986479252,NA,0.499725455492137,NA,1.00797742845064,NA
21.627581582,0.753792869738321,NA,0.254205222265103,NA,0.499587647473218,NA,1.00799809200342,NA
21.6336482248,0.753734167984958,NA,0.254284340378191,NA,0.499449827606767,NA,1.00801850836315,NA
21.6397148676,0.753675321907619,NA,0.254363362146601,NA,0.499311959761018,NA,1.00803868405422,NA
21.6457815104,0.753616316653946,NA,0.254442308821567,NA,0.499174007832379,NA,1.00805862547551,NA
21.6518481532,0.753557137212723,NA,0.254521201619545,NA,0.499035935593178,NA,1.00807833883227,NA
21.657914796,0.753497768968769,NA,0.254600061845765,NA,0.498897707123004,NA,1.00809783081453,NA
21.6639814388,0.753438196654337,NA,0.254678910720892,NA,0.498759285933445,NA,1.00811710737523,NA
21.6700480816,0.75337840579178,NA,0.254757769511896,NA,0.498620636279884,NA,1.00813617530368,NA
21.6761147244,0.753318381233167,NA,0.254836659487601,NA,0.498481721745566,NA,1.00815504072077,NA
21.6821813672,0.753258108232394,NA,0.254915601890398,NA,0.498342506341995,NA,1.00817371012279,NA
21.68824801,0.753197571949919,NA,0.254994617956629,NA,0.49820295399329,NA,1.00819218990655,NA
21.6943146528,0.753136757291315,NA,0.255073729018229,NA,0.498063028273086,NA,1.00821048630954,NA
21.7003812956,0.75307564978801,NA,0.25515295617265,NA,0.49792269361536,NA,1.00822860596066,NA
21.7064479384,0.753014233969248,NA,0.255232320932346,NA,0.497781913036903,NA,1.00824655490159,NA
21.7125145812,0.752952495553395,NA,0.255311844280785,NA,0.49764065127261,NA,1.00826433983418,NA
21.718581224,0.7528904192669,NA,0.255391547669707,NA,0.497498871597193,NA,1.00828196693661,NA
21.7246478668,0.752827990418883,NA,0.255471452259174,NA,0.49735653815971,NA,1.00829944267806,NA
21.7307145096,0.752765194184975,NA,0.25555157926727,NA,0.497213614917705,NA,1.00831677345224,NA
21.7367811524,0.752702015385181,NA,0.255631950144774,NA,0.497070065240407,NA,1.00833396552996,NA
21.7428477952,0.752638439698718,NA,0.255712585779678,NA,0.49692585391904,NA,1.0083510254784,NA
21.748914438,0.752574451452994,NA,0.255793507974543,NA,0.496780943478452,NA,1.00836795942754,NA
21.7549810808,0.752510036560035,NA,0.2558747374327,NA,0.496635299127335,NA,1.00838477399273,NA
21.7610477236,0.752445179623027,NA,0.255956295785439,NA,0.496488883837589,NA,1.00840147540847,NA
21.7671143664,0.752379866003959,NA,0.256038204113858,NA,0.496341661890101,NA,1.00841807011782,NA
21.7731810092,0.752314080895986,NA,0.256120483614419,NA,0.496193597281567,NA,1.00843456451041,NA
21.779247652,0.752247809031194,NA,0.25620315586011,NA,0.496044653171084,NA,1.0084509648913,NA
21.7853142948,0.752181036237763,NA,0.256286241527778,NA,0.495894794709985,NA,1.00846727776554,NA
21.7913809376,0.752113746642446,NA,0.256369762708413,NA,0.495743983934033,NA,1.00848350935086,NA
21.7974475804,0.752045926348573,NA,0.25645373982857,NA,0.495592186520003,NA,1.00849966617714,NA
21.8035142232,0.751977559838421,NA,0.256538194695726,NA,0.495439365142694,NA,1.00851575453415,NA
21.809580866,0.751908490385739,NA,0.256623349329932,NA,0.495285141055806,NA,1.00853183971567,NA
21.8156475088,0.751838577216429,NA,0.256709403075378,NA,0.495129174141052,NA,1.00854798029181,NA
21.8217141516,0.751767845077522,NA,0.256796320913278,NA,0.494971524164244,NA,1.0085641659908,NA
21.8277807944,0.751696320707263,NA,0.256884065664416,NA,0.494812255042847,NA,1.00858038637168,NA
21.8338474372,0.75162402820682,NA,0.256972602892062,NA,0.494651425314758,NA,1.00859663109888,NA
21.83991408,0.751550994609285,NA,0.25706189513315,NA,0.494489099476135,NA,1.00861288974243,NA
21.8459807228,0.751477244636361,NA,0.257151907293177,NA,0.494325337343184,NA,1.00862915192954,NA
21.8520473656,0.751402804277288,NA,0.257242602989342,NA,0.494160201287946,NA,1.00864540726663,NA
21.8581140084,0.751327699228875,NA,0.257333946143515,NA,0.49399375308536,NA,1.00866164537239,NA
21.8641806512,0.751251954574001,NA,0.257425901259886,NA,0.493826053314115,NA,1.00867785583389,NA
21.870247294,0.751175596800785,NA,0.257518431512462,NA,0.493657165288324,NA,1.00869402831325,NA
21.8763139368,0.751098650362153,NA,0.257611501971672,NA,0.493487148390481,NA,1.00871015233382,NA
21.8823805796,0.751021141949217,NA,0.257705075651924,NA,0.493316066297293,NA,1.00872621760114,NA
21.8884472224,0.750943096504472,NA,0.257799117151594,NA,0.493143979352878,NA,1.00874221365607,NA
21.8945138652,0.750864539917553,NA,0.257893590224649,NA,0.492970949692904,NA,1.0087581301422,NA
21.900580508,0.750785497863686,NA,0.257988458826543,NA,0.492797039037143,NA,1.00877395669023,NA
21.9066471508,0.750705995568522,NA,0.25808368725753,NA,0.492622308310993,NA,1.00878968282605,NA
21.9127137936,0.750626059268026,NA,0.258179239047689,NA,0.492446820220337,NA,1.00880529831572,NA
21.9187804364,0.750545713764854,NA,0.258275078777458,NA,0.492270634987396,NA,1.00882079254231,NA
21.9248470792,0.750464985412193,NA,0.258371169933019,NA,0.492093815479174,NA,1.00883615534521,NA
21.930913722,0.750383899369277,NA,0.258467476811325,NA,0.491916422557952,NA,1.0088513761806,NA
21.9369803648,0.750302481430189,NA,0.258563963297416,NA,0.491738518132773,NA,1.00886644472761,NA
21.9430470076,0.750220757244519,NA,0.258660593386025,NA,0.491560163858495,NA,1.00888135063054,NA
21.9491136504,0.750138752184742,NA,0.258757331167773,NA,0.491381421016969,NA,1.00889608335251,NA
21.9551802932,0.750056492232641,NA,0.258854140531662,NA,0.49120235170098,NA,1.0089106327643,NA
21.961246936,0.749974002538581,NA,0.258950985570982,NA,0.491023016967599,NA,1.00892498810956,NA
21.9673135788,0.749891309121871,NA,0.259047830237998,NA,0.490843478883873,NA,1.00893913935987,NA
21.9733802216,0.749808437354434,NA,0.259144638533935,NA,0.490663798820499,NA,1.00895307588837,NA
21.9794468644,0.749725412938853,NA,0.259241374469207,NA,0.490484038469646,NA,1.00896678740806,NA
21.9855135072,0.74964226149503,NA,0.259338002083524,NA,0.490304259411506,NA,1.00898026357855,NA
21.99158015,0.749559008546316,NA,0.259434485252179,NA,0.490124523294137,NA,1.0089934937985,NA
21.9976467928,0.749475679818288,NA,0.259530788225942,NA,0.489944891592345,NA,1.00900646804423,NA
22.0037134356,0.749392300806988,NA,0.259626874613808,NA,0.48976542619318,NA,1.0090191754208,NA
22.0097800784,0.749308897201907,NA,0.259722708828425,NA,0.489586188373482,NA,1.00903160603033,NA
22.0158467212,0.749225494583598,NA,0.259818254580985,NA,0.489407240002613,NA,1.00904374916458,NA
22.021913364,0.749142118567202,NA,0.259913476001584,NA,0.489228642565618,NA,1.00905559456879,NA
22.0279800068,0.749058794738875,NA,0.260008337180604,NA,0.489050457558272,NA,1.00906713191948,NA
22.0340466496,0.748975548776901,NA,0.260102801772312,NA,0.488872747004589,NA,1.00907835054921,NA
22.0401132924,0.748892406148621,NA,0.260196834392095,NA,0.488695571756526,NA,1.00908924054072,NA
22.0461799352,0.748809392693733,NA,0.2602903981675,NA,0.488518994526233,NA,1.00909979086123,NA
22.052246578,0.748726533775956,NA,0.260383457965863,NA,0.488343075810093,NA,1.00910999174182,NA
22.0583132208,0.748643855180427,NA,0.260475977214041,NA,0.488167877966386,NA,1.00911983239447,NA
22.0643798636,0.74856138243889,NA,0.260567920156112,NA,0.487993462282778,NA,1.009129302595,NA
22.0704465064,0.748479141099711,NA,0.260659250938828,NA,0.487819890160883,NA,1.00913839203854,NA
22.0765131492,0.748397157000152,NA,0.260749932989734,NA,0.487647224010418,NA,1.00914708998989,NA
22.082579792,0.748315455347298,NA,0.260839931291682,NA,0.487475524055616,NA,1.00915538663898,NA
22.0886464348,0.748234062322471,NA,0.260929208493621,NA,0.487304853828851,NA,1.00916327081609,NA
22.0947130776,0.748153002967675,NA,0.261017729911875,NA,0.4871352730558,NA,1.00917073287955,NA
22.1007797204,0.748072303268575,NA,0.261105458694665,NA,0.48696684457391,NA,1.00917776196324,NA
22.1068463632,0.747991988677575,NA,0.261192359194353,NA,0.486799629483222,NA,1.00918434787193,NA
22.112913006,0.747912084701194,NA,0.261278395619759,NA,0.486633689081434,NA,1.00919048032095,NA
22.1189796488,0.747832617339727,NA,0.261363531166009,NA,0.486469086173718,NA,1.00919614850574,NA
22.1250462916,0.747753611537974,NA,0.261447731186269,NA,0.486305880351705,NA,1.00920134272424,NA
22.1311129344,0.747675093816859,NA,0.261530957853734,NA,0.486144135963125,NA,1.00920605167059,NA
22.1371795772,0.74759708890072,NA,0.261613176928026,NA,0.485983911972694,NA,1.00921026582875,NA
22.14324622,0.7475196229717,NA,0.261694351284421,NA,0.485825271687279,NA,1.00921397425612,NA
22.1493128628,0.747442721406913,NA,0.261774445377872,NA,0.485668276029041,NA,1.00921716678479,NA
22.1553795056,0.747366331895602,NA,0.261853533470298,NA,0.485512798425304,NA,1.0092198653659,NA
22.1614461484,0.747290157964652,NA,0.261932034801278,NA,0.485358123163373,NA,1.00922219276593,NA
22.1675127912,0.747214160969338,NA,0.262010004652512,NA,0.485204156316826,NA,1.00922416562185,NA
22.173579434,0.747138334093144,NA,0.262087452347957,NA,0.485050881745188,NA,1.0092257864411,NA
22.1796460768,0.747062669892328,NA,0.262164389133852,NA,0.484898280758476,NA,1.00922705902618,NA
22.1857127196,0.746987161403189,NA,0.262240824765658,NA,0.484746336637532,NA,1.00922798616885,NA
22.1917793624,0.746911801412412,NA,0.262316769784305,NA,0.484595031628107,NA,1.00922857119672,NA
22.1978460052,0.746836582745049,NA,0.262392234622856,NA,0.484444348122193,NA,1.00922881736791,NA
22.203912648,0.746761498379853,NA,0.262467229172348,NA,0.484294269207505,NA,1.0092287275522,NA
22.2099792908,0.746686540983853,NA,0.262541764432327,NA,0.484144776551525,NA,1.00922830541618,NA
22.2160459336,0.746611703644913,NA,0.262615849866458,NA,0.483995853778455,NA,1.00922755351137,NA
22.2221125764,0.74653697900967,NA,0.262689496587279,NA,0.483847482422391,NA,1.00922647559695,NA
22.2281792192,0.746462360057852,NA,0.262762714435109,NA,0.483699645622743,NA,1.00922507449296,NA
22.234245862,0.746387839598909,NA,0.262835513914865,NA,0.483552325684044,NA,1.00922335351377,NA
22.2403125048,0.746313410468935,NA,0.262907905446779,NA,0.483405505022156,NA,1.00922131591571,NA
22.2463791476,0.746239065601833,NA,0.262979898983562,NA,0.483259166618271,NA,1.00921896458539,NA
22.2524457904,0.746164797737486,NA,0.263051505421065,NA,0.483113292316421,NA,1.00921630315855,NA
22.2585124332,0.746090599868704,NA,0.263122734361844,NA,0.48296786550686,NA,1.00921333423055,NA
22.264579076,0.746016464731374,NA,0.263193596786372,NA,0.482822867945002,NA,1.00921006151775,NA
22.2706457188,0.745942385249783,NA,0.263264102618188,NA,0.482678282631594,NA,1.00920648786797,NA
22.2767123616,0.745868354255013,NA,0.263334262327833,NA,0.48253409192718,NA,1.00920261658285,NA
22.2827790044,0.745794364595332,NA,0.263404086321071,NA,0.482390278274261,NA,1.0091984509164,NA
22.2888456472,0.745720409158664,NA,0.263473584613924,NA,0.482246824544741,NA,1.00919399377259,NA
22.29491229,0.745646480758309,NA,0.263542767997731,NA,0.482103712760579,NA,1.00918924875604,NA
22.3009789328,0.74557257229259,NA,0.263611646213121,NA,0.481960926079469,NA,1.00918421850571,NA
22.3070455756,0.745498676585513,NA,0.263680230110135,NA,0.481818446475378,NA,1.00917890669565,NA
22.3131122184,0.745424786507052,NA,0.263748529693901,NA,0.481676256813151,NA,1.00917331620095,NA
22.3191788612,0.745350894908796,NA,0.263816555402214,NA,0.481534339506582,NA,1.00916745031101,NA
22.325245504,0.745276994652313,NA,0.263884317624739,NA,0.481392677027574,NA,1.00916131227705,NA
22.3313121468,0.745203078578418,NA,0.263951826442442,NA,0.481251252135976,NA,1.00915490502086,NA
22.3373787896,0.745129139574395,NA,0.264019092541333,NA,0.481110047033062,NA,1.00914823211573,NA
22.3434454324,0.745055170444644,NA,0.264086125799297,NA,0.480969044645347,NA,1.00914129624394,NA
22.3495120752,0.744981164100159,NA,0.264152936937576,NA,0.480828227162583,NA,1.00913410103773,NA
22.355578718,0.744907113357733,NA,0.264219536041254,NA,0.480687577316479,NA,1.00912664939899,NA
22.3616453608,0.744833011088329,NA,0.264285933517014,NA,0.480547077571315,NA,1.00911894460534,NA
22.3677120036,0.744758850167949,NA,0.264352139736789,NA,0.48040671043116,NA,1.00911098990474,NA
22.3737786464,0.744684623389168,NA,0.264418164848122,NA,0.480266458541046,NA,1.00910278823729,NA
22.3798452892,0.744610323713816,NA,0.264484019430875,NA,0.480126304282941,NA,1.00909434314469,NA
22.385911932,0.744535943852937,NA,0.264549713499377,NA,0.47998623035356,NA,1.00908565735231,NA
22.3919785748,0.744461476803384,NA,0.264615257647701,NA,0.479846219155683,NA,1.00907673445108,NA
22.3980452176,0.744386915329898,NA,0.264680662039254,NA,0.479706253290644,NA,1.00906757736915,NA
22.4041118604,0.744312252321686,NA,0.26474593705124,NA,0.479566315270446,NA,1.00905818937293,NA
22.4101785032,0.744237430567603,NA,0.264811022180296,NA,0.479426408387307,NA,1.0090484527479,NA
22.416245146,0.744162345937845,NA,0.26487579064305,NA,0.479286555294795,NA,1.0090381365809,NA
22.4223117888,0.744086990716056,NA,0.264940251847076,NA,0.47914673886898,NA,1.00902724256313,NA
22.4283784316,0.744011358906838,NA,0.265004417902922,NA,0.479006941003916,NA,1.00901577680976,NA
22.4344450744,0.743935445501829,NA,0.265068301980357,NA,0.478867143521471,NA,1.00900374748219,NA
22.4405117172,0.743859244724835,NA,0.26513191645492,NA,0.478727328269915,NA,1.00899116117976,NA
22.44657836,0.743782751194983,NA,0.265195274098244,NA,0.478587477096739,NA,1.00897802529323,NA
22.4526450028,0.743705959523313,NA,0.265258387649993,NA,0.47844757187332,NA,1.00896434717331,NA
22.4587116456,0.743628863926995,NA,0.265321269551686,NA,0.47830759437531,NA,1.00895013347868,NA
22.4647782884,0.743551459384069,NA,0.265383932806539,NA,0.47816752657753,NA,1.00893539219061,NA
22.4708449312,0.74347373982934,NA,0.265446389691629,NA,0.478027350137711,NA,1.00892012952097,NA
22.476911574,0.743395700316621,NA,0.265508653222532,NA,0.477887047094089,NA,1.00890435353915,NA
22.4829782168,0.743317335033494,NA,0.265570735869025,NA,0.477746599164469,NA,1.00888807090252,NA
22.4890448596,0.743238638609358,NA,0.265632650368456,NA,0.477605988240902,NA,1.00887128897781,NA
22.4951115024,0.743159605670931,NA,0.265694409434819,NA,0.477465196236112,NA,1.00885401510575,NA
22.5011781452,0.74308022471296,NA,0.265756033629118,NA,0.477324191083842,NA,1.00883625834208,NA
22.507244788,0.743000362983296,NA,0.265817716544269,NA,0.477182646439026,NA,1.00881807952757,NA
22.5133114308,0.74291997851976,NA,0.26587952129078,NA,0.477040457228981,NA,1.00879949981054,NA
22.5193780736,0.742839090895124,NA,0.265941426143695,NA,0.476897664751429,NA,1.00878051703882,NA
22.5254447164,0.742757718293159,NA,0.26600340967929,NA,0.476754308613868,NA,1.00876112797245,NA
22.5315113592,0.742675879582455,NA,0.266065450336543,NA,0.476610429245911,NA,1.008741329919,NA
22.537578002,0.742593593600773,NA,0.266127526585584,NA,0.476466067015189,NA,1.00872112018636,NA
22.5436446448,0.742510878612905,NA,0.266189616913745,NA,0.47632126169916,NA,1.00870049552665,NA
22.5497112876,0.742427753944011,NA,0.266251699795699,NA,0.476176054148312,NA,1.00867945373971,NA
22.5557779304,0.742344237554093,NA,0.266313753666235,NA,0.476030483887858,NA,1.00865799122033,NA
22.5618445732,0.742260348790344,NA,0.266375757054704,NA,0.47588459173564,NA,1.00863610584505,NA
22.567911216,0.742176105973636,NA,0.266437688384946,NA,0.475738417588689,NA,1.00861379435858,NA
22.5739778588,0.742091527923936,NA,0.266499526146502,NA,0.475592001777434,NA,1.00859105407044,NA
22.5800445016,0.74200663343915,NA,0.266561248860812,NA,0.475445384578338,NA,1.00856788229996,NA
22.5861111444,0.741921440912404,NA,0.266622834862027,NA,0.475298606050377,NA,1.00854427577443,NA
22.5921777872,0.741835969472714,NA,0.266684262853365,NA,0.475151706619349,NA,1.00852023232608,NA
22.59824443,0.741750237323366,NA,0.266745510992212,NA,0.475004726331154,NA,1.00849574831558,NA
22.6043110728,0.741664263588938,NA,0.266806558058816,NA,0.474857705530122,NA,1.00847082164775,NA
22.6103777156,0.741578066724439,NA,0.266867382327991,NA,0.474710684396448,NA,1.00844544905243,NA
22.6164443584,0.741491665504177,NA,0.266927962336431,NA,0.474563703167746,NA,1.00841962784061,NA
22.6225110012,0.74140507868324,NA,0.266988276660296,NA,0.474416802022944,NA,1.00839335534354,NA
22.628577644,0.741318324786048,NA,0.267048303477145,NA,0.474270021308903,NA,1.00836662826319,NA
22.6346442868,0.741231422743993,NA,0.267108021720449,NA,0.474123401023544,NA,1.00833944446444,NA
22.6407109296,0.74114439100217,NA,0.267167409271891,NA,0.473976981730279,NA,1.00831180027406,NA
22.6467775724,0.741057248465494,NA,0.267226445159211,NA,0.473830803306284,NA,1.00828369362471,NA
22.6528442152,0.740970013720159,NA,0.267285107511603,NA,0.473684906208555,NA,1.00825512123176,NA
22.658910858,0.740882705497767,NA,0.26734337490951,NA,0.473539330588257,NA,1.00822608040728,NA
22.6649775008,0.740795342507632,NA,0.267401225987213,NA,0.473394116520419,NA,1.00819656849485,NA
22.6710441436,0.740707943408428,NA,0.26745863876228,NA,0.473249304646148,NA,1.00816658217071,NA
22.6771107864,0.740620526932441,NA,0.267515592400131,NA,0.47310493453231,NA,1.00813611933257,NA
22.6831774292,0.740533111765095,NA,0.267572064508454,NA,0.472961047256641,NA,1.00810517627355,NA
22.689244072,0.740445716594605,NA,0.267628034359071,NA,0.472817682235534,NA,1.00807375095368,NA
22.6953107148,0.740358360135386,NA,0.267683479938965,NA,0.472674880196421,NA,1.00804184007435,NA
22.7013773576,0.740271061079296,NA,0.26773837986892,NA,0.472532681210376,NA,1.00800944094822,NA
22.7074440004,0.740183838086918,NA,0.267792712844748,NA,0.47239112524217,NA,1.00797655093167,NA
22.7135106432,0.740096709954133,NA,0.267846456720612,NA,0.472250253233521,NA,1.00794316667475,NA
22.719577286,0.740009695212648,NA,0.267899590895592,NA,0.472110104317055,NA,1.00790928610824,NA
22.7256439288,0.739922812786732,NA,0.26795209270508,NA,0.471970720081652,NA,1.00787490549181,NA
22.7317105716,0.73983608115086,NA,0.268003941661577,NA,0.471832139489283,NA,1.00784002281244,NA
22.7377772144,0.739749519144711,NA,0.268055115613258,NA,0.471694403531453,NA,1.00780463475797,NA
22.7438438572,0.739663145423356,NA,0.268105593217842,NA,0.471557552205514,NA,1.0077687386412,NA
22.7499105,0.739576978595687,NA,0.268155353236078,NA,0.471421625359609,NA,1.00773233183177,NA
22.7559771428,0.739491037597754,NA,0.268204373355323,NA,0.471286664242431,NA,1.00769541095308,NA
22.7620437856,0.739405340759203,NA,0.268252633210013,NA,0.47115270754919,NA,1.00765797396922,NA
22.7681104284,0.739319907241671,NA,0.268300109864952,NA,0.471019797376719,NA,1.00762001710662,NA
22.7741770712,0.73923475530885,NA,0.268346783069909,NA,0.470887972238941,NA,1.00758153837876,NA
22.780243714,0.739149903922724,NA,0.268392630537662,NA,0.470757273385062,NA,1.00754253446039,NA
22.7863103568,0.739065371704538,NA,0.268437630959457,NA,0.470627740745081,NA,1.00750300266399,NA
22.7923769996,0.73898117720853,NA,0.268481763164387,NA,0.470499414044143,NA,1.00746294037292,NA
22.7984436424,0.738897339513883,NA,0.268525004669593,NA,0.470372334844289,NA,1.00742234418348,NA
22.8045102852,0.738813876746697,NA,0.268567335346575,NA,0.470246541400122,NA,1.00738121209327,NA
22.810576928,0.738730808304503,NA,0.268608731991249,NA,0.470122076313254,NA,1.00733954029575,NA
22.8166435708,0.738648152243165,NA,0.268649174587248,NA,0.469998977655917,NA,1.00729732683041,NA
22.8227102136,0.738565927644016,NA,0.268688640715358,NA,0.469877286928658,NA,1.00725456835937,NA
22.8287768564,0.738484087116931,NA,0.268727202407463,NA,0.469756884709468,NA,1.00721128952439,NA
22.8348434992,0.738402130626155,NA,0.268765571879937,NA,0.469636558746219,NA,1.00716770250609,NA
22.840910142,0.738319962848045,NA,0.268803888472924,NA,0.469516074375121,NA,1.00712385132097,NA
22.8469767848,0.738237600439045,NA,0.26884213408516,NA,0.469395466353885,NA,1.00707973452421,NA
22.8530434276,0.738155059409535,NA,0.26888029036703,NA,0.469274769042505,NA,1.00703534977657,NA
22.8591100704,0.738072356385433,NA,0.268918339265156,NA,0.469154017120277,NA,1.00699069565059,NA
22.8651767132,0.737989507560318,NA,0.268956262480233,NA,0.469033245080085,NA,1.00694577004055,NA
22.871243356,0.737906529322513,NA,0.268994041835043,NA,0.468912487487471,NA,1.00690057115756,NA
22.8773099988,0.737823438059313,NA,0.269031659202982,NA,0.468791778856331,NA,1.00685509726229,NA
22.8833766416,0.737740250009203,NA,0.26906909618527,NA,0.468671153823933,NA,1.00680934619447,NA
22.8894432844,0.737656981651699,NA,0.269106334879294,NA,0.468550646772405,NA,1.00676331653099,NA
22.8955099272,0.737573649204421,NA,0.26914335670629,NA,0.468430292498131,NA,1.00671700591071,NA
22.90157657,0.737490269109567,NA,0.269180143814209,NA,0.468310125295358,NA,1.00667041292378,NA
22.9076432128,0.737406857667085,NA,0.269216677788552,NA,0.468190179878533,NA,1.00662353545564,NA
22.9137098556,0.737323431236279,NA,0.269252940481161,NA,0.468070490755118,NA,1.00657637171744,NA
22.9197764984,0.737240006156112,NA,0.269288913822509,NA,0.467951092333603,NA,1.00652891997862,NA
22.9258431412,0.737156598790754,NA,0.269324579270601,NA,0.467832019520153,NA,1.00648117806136,NA
22.931909784,0.737073225441497,NA,0.269359919122917,NA,0.467713306318581,NA,1.00643314456441,NA
22.9379764268,0.736989902531909,NA,0.269394914572982,NA,0.467594987958928,NA,1.00638481710489,NA
22.9440430696,0.736906646323055,NA,0.269429547967198,NA,0.467477098355857,NA,1.00633619429025,NA
22.9501097124,0.736823473218663,NA,0.269463800778753,NA,0.46735967243991,NA,1.00628727399742,NA
22.9561763552,0.736740399551609,NA,0.269497654885664,NA,0.467242744665945,NA,1.00623805443727,NA
22.962242998,0.736657441609933,NA,0.269531092278365,NA,0.467126349331568,NA,1.0061885338883,NA
22.9683096408,0.736574615886078,NA,0.269564094268766,NA,0.467010521617312,NA,1.00613871015484,NA
22.9743762836,0.73649193850182,NA,0.269596643355876,NA,0.466895295145944,NA,1.0060885818577,NA
22.9804429264,0.73640942608538,NA,0.269628720506955,NA,0.466780705578425,NA,1.00603814659233,NA
22.9865095692,0.736327094719276,NA,0.269660308263972,NA,0.466666786455304,NA,1.00598740298325,NA
22.992576212,0.736244960908433,NA,0.269691387990682,NA,0.466553572917751,NA,1.00593634889911,NA
22.9986428548,0.736163040961881,NA,0.269721941588399,NA,0.466441099373482,NA,1.00588498255028,NA
23.0047094976,0.736081351114155,NA,0.269751951110397,NA,0.466329400003757,NA,1.00583330222455,NA
23.0107761404,0.735999907988554,NA,0.26978139771961,NA,0.466218510268944,NA,1.00578130570816,NA
23.0168427832,0.735918727526047,NA,0.26981026411802,NA,0.466108463408027,NA,1.00572899164407,NA
23.022909426,0.735837826558212,NA,0.269838531048055,NA,0.465999295510157,NA,1.00567635760627,NA
23.0289760688,0.735757220991611,NA,0.269866181244377,NA,0.465891039747234,NA,1.00562340223599,NA
23.0350427116,0.735676927429774,NA,0.269893195964186,NA,0.465783731465588,NA,1.00557012339396,NA
23.0411093544,0.735596962160477,NA,0.269919557129214,NA,0.465677405031263,NA,1.00551651928969,NA
23.0471759972,0.735517341362157,NA,0.269945246858453,NA,0.465572094503704,NA,1.00546258822061,NA
23.05324264,0.735438081791562,NA,0.269970246162981,NA,0.465467835628581,NA,1.00540832795454,NA
23.0593092828,0.735359199207556,NA,0.269994537949194,NA,0.465364661258362,NA,1.00535373715675,NA
23.0653759256,0.735280710643786,NA,0.270018102736131,NA,0.465262607907656,NA,1.00529881337992,NA
23.0714425684,0.735202631833438,NA,0.270040923448261,NA,0.465161708385177,NA,1.0052435552817,NA
23.0775092112,0.735124979476066,NA,0.270062981239113,NA,0.465061998236953,NA,1.00518796071518,NA
23.083575854,0.735047769840774,NA,0.270084258047955,NA,0.464963511792819,NA,1.00513202788873,NA
23.0896424968,0.73497101904732,NA,0.270104736062379,NA,0.464866282984941,NA,1.0050757551097,NA
23.0957091396,0.734894743988482,NA,0.270124396138727,NA,0.464770347849755,NA,1.00501914012721,NA
23.1017757824,0.734818960239729,NA,0.270143221389245,NA,0.464675738850484,NA,1.00496218162897,NA
23.1078424252,0.734743685035481,NA,0.270161192111028,NA,0.464582492924453,NA,1.00490487714651,NA
23.113909068,0.734668933938138,NA,0.27017829141547,NA,0.464490642522667,NA,1.00484722535361,NA
23.1199757108,0.734594723740688,NA,0.270194500355309,NA,0.464400223385379,NA,1.004789224096,NA
23.1260423536,0.734521070696153,NA,0.270209800884469,NA,0.464311269811684,NA,1.00473087158062,NA
23.1321089964,0.734447990863022,NA,0.270224175262022,NA,0.464223815601,NA,1.00467216612504,NA
23.1381756392,0.734375501272693,NA,0.270237604186693,NA,0.464137897086001,NA,1.00461310545939,NA
23.144242282,0.734303617315945,NA,0.270250070978022,NA,0.464053546337922,NA,1.00455368829397,NA
23.1503089248,0.734232356426677,NA,0.270261555712594,NA,0.463970800714083,NA,1.00449391213927,NA
23.1563755676,0.734161733999089,NA,0.270272041685852,NA,0.463889692313237,NA,1.00443377568494,NA
23.1624422104,0.734091766917021,NA,0.270281509852622,NA,0.463810257064399,NA,1.00437327676964,NA
23.1685088532,0.734022471419994,NA,0.270289942178603,NA,0.463732529241391,NA,1.0043124135986,NA
23.174575496,0.733953862729487,NA,0.270297322090638,NA,0.463656540638849,NA,1.00425118482013,NA
23.1806421388,0.733885754243714,NA,0.270303918307462,NA,0.463581835936252,NA,1.00418967255118,NA
23.1867087816,0.733817992297808,NA,0.270309953175111,NA,0.463508039122697,NA,1.00412794547292,NA
23.1927754244,0.733750581134419,NA,0.270315425486626,NA,0.463435155647793,NA,1.00406600662105,NA
23.1988420672,0.733683523850924,NA,0.270320335874741,NA,0.463363187976184,NA,1.00400385972567,NA
23.20490871,0.733616824369974,NA,0.270324683653958,NA,0.463292140716016,NA,1.00394150802393,NA
23.2109753528,0.733550486263006,NA,0.27032846869882,NA,0.463222017564186,NA,1.00387895496183,NA
23.2170419956,0.733484512968871,NA,0.2703316910826,NA,0.463152821886271,NA,1.00381620405147,NA
23.2231086384,0.733418908552543,NA,0.270334349920489,NA,0.463084558632055,NA,1.00375325847303,NA
23.2291752812,0.733353676047167,NA,0.270336445899398,NA,0.463017230147768,NA,1.00369012194656,NA
23.235241924,0.733288819738029,NA,0.27033797781289,NA,0.462950841925139,NA,1.00362679755092,NA
23.2413085668,0.733224342688442,NA,0.270338946289607,NA,0.462885396398835,NA,1.00356328897805,NA
23.2473752096,0.733160248837956,NA,0.270339350649165,NA,0.46282089818879,NA,1.00349959948712,NA
23.2534418524,0.733096541758273,NA,0.270339190759971,NA,0.462757350998302,NA,1.00343573251824,NA
23.2595084952,0.733033224870814,NA,0.270338466702455,NA,0.462694758168358,NA,1.00337169157327,NA
23.265575138,0.73297030227515,NA,0.270337177583632,NA,0.462633124691518,NA,1.00330747985878,NA
23.2716417808,0.73290777696152,NA,0.270335324096023,NA,0.462572452865496,NA,1.00324310105754,NA
23.2777084236,0.732845653257566,NA,0.27033290503373,NA,0.462512748223836,NA,1.0031785582913,NA
23.2837750664,0.732783934193103,NA,0.270329921021272,NA,0.462454013171832,NA,1.00311385521437,NA
23.2898417092,0.732722623724011,NA,0.270326371383408,NA,0.462396252340603,NA,1.00304899510742,NA
23.295908352,0.732661725422832,NA,0.270322255982381,NA,0.462339469440451,NA,1.00298398140521,NA
23.3019749948,0.732601242692979,NA,0.270317574905808,NA,0.462283667787171,NA,1.00291881759879,NA
23.3080416376,0.732541179669196,NA,0.270312327252493,NA,0.462228852416703,NA,1.00285350692169,NA
23.3141082804,0.732481539298531,NA,0.270306513720588,NA,0.462175025577943,NA,1.00278805301912,NA
23.3201749232,0.73242232595069,NA,0.270300133104749,NA,0.462122192845941,NA,1.00272245905544,NA
23.326241566,0.732363542622571,NA,0.270293186025336,NA,0.462070356597234,NA,1.00265672864791,NA
23.3323082088,0.732305193285803,NA,0.270285671812291,NA,0.462019521473513,NA,1.00259086509809,NA
23.3383748516,0.732247281514345,NA,0.270277590321651,NA,0.461969691192693,NA,1.002524871836,NA
23.3444414944,0.732189810693029,NA,0.27026894164826,NA,0.461920869044769,NA,1.00245875234129,NA
23.3505081372,0.732132784992346,NA,0.270259724882675,NA,0.461873060109671,NA,1.00239250987502,NA
23.35657478,0.732076207315863,NA,0.270249940728695,NA,0.461826266587167,NA,1.00232614804456,NA
23.3626414228,0.732020082075065,NA,0.270239587981549,NA,0.461780494093516,NA,1.00225967005661,NA
23.3687080656,0.731964412234506,NA,0.270228667257404,NA,0.461735744977103,NA,1.00219307949191,NA
23.3747747084,0.731909201780995,NA,0.270217177891415,NA,0.46169202388958,NA,1.00212637967241,NA
23.3808413512,0.731854454290475,NA,0.270205119733385,NA,0.46164933455709,NA,1.00205957402386,NA
23.386907994,0.731800173128627,NA,0.270192492885414,NA,0.461607680243213,NA,1.00199266601404,NA
23.3929746368,0.731746362502261,NA,0.270179296429781,NA,0.46156706607248,NA,1.00192565893204,NA
23.3990412796,0.731693025271178,NA,0.270165531075949,NA,0.461527494195229,NA,1.00185855634713,NA
23.4051079224,0.731640165888355,NA,0.270151195619733,NA,0.461488970268622,NA,1.00179136150809,NA
23.4111745652,0.731587787286575,NA,0.270136290673077,NA,0.461451496613497,NA,1.00172407795965,NA
23.417241208,0.73153589346725,NA,0.270120815576383,NA,0.461415077890867,NA,1.00165670904363,NA
23.4233078508,0.731484488008886,NA,0.270104770173185,NA,0.461379717835702,NA,1.00158925818207,NA
23.4293744936,0.731433574257437,NA,0.270088154572872,NA,0.461345419684564,NA,1.00152172883031,NA
23.4354411364,0.731383156456605,NA,0.270070967849413,NA,0.461312188607191,NA,1.00145412430602,NA
23.4415077792,0.73133323742214,NA,0.270053210717949,NA,0.461280026704191,NA,1.00138644814009,NA
23.447574422,0.731283821648222,NA,0.270034881974904,NA,0.461248939673318,NA,1.00131870362313,NA
23.4536410648,0.731234912036437,NA,0.270015982227959,NA,0.461218929808479,NA,1.0012508942644,NA
23.4597077076,0.73118651260223,NA,0.269996510822798,NA,0.461190001779431,NA,1.00118302342503,NA
23.4657743504,0.73113862692724,NA,0.269976467596653,NA,0.461162159330587,NA,1.00111509452389,NA
23.4718409932,0.73109125833712,NA,0.269955852666238,NA,0.461135405670881,NA,1.00104711100336,NA
23.477907636,0.73104441111304,NA,0.269934665097174,NA,0.461109746015866,NA,1.00097907621021,NA
23.4839742788,0.730998088026411,NA,0.2699129056103,NA,0.461085182416111,NA,1.00091099363671,NA
23.4900409216,0.730952293612329,NA,0.269890573002664,NA,0.461061720609665,NA,1.00084286661499,NA
23.4961075644,0.730907030741758,NA,0.269867667877651,NA,0.461039362864107,NA,1.00077469861941,NA
23.5021742072,0.730862330717878,NA,0.269844151014608,NA,0.46101817970327,NA,1.00070648173249,NA
23.50824085,0.730818740939719,NA,0.269819253175743,NA,0.460999487763976,NA,1.00063799411546,NA
23.5143074928,0.730776447753286,NA,0.269792715625745,NA,0.460983732127541,NA,1.00056916337903,NA
23.5203741356,0.730735415714913,NA,0.269764593655054,NA,0.460970822059859,NA,1.00050000936997,NA
23.5264407784,0.730695605743811,NA,0.269734947115061,NA,0.46096065862875,NA,1.00043055285887,NA
23.5325074212,0.730656982864064,NA,0.269703830737925,NA,0.460953152126139,NA,1.00036081360199,NA
23.538574064,0.73061950835482,NA,0.269671303899914,NA,0.460948204454905,NA,1.00029081225473,NA
23.5446407068,0.730583146034024,NA,0.269637422842479,NA,0.460945723191546,NA,1.0002205688765,NA
23.5507073496,0.730547858760341,NA,0.26960224499243,NA,0.46094561376791,NA,1.00015010375277,NA
23.5567739924,0.730513608871649,NA,0.269565828386842,NA,0.460947780484806,NA,1.00007943725849,NA
23.5628406352,0.730480360607227,NA,0.269528228810735,NA,0.460952131796492,NA,1.00000858941796,NA
23.568907278,0.730448075306315,NA,0.269489505463707,NA,0.460958569842608,NA,0.999937580770021,NA
23.5749739208,0.730416696123976,NA,0.269449683482821,NA,0.460967012641155,NA,0.999866379606796,NA
23.5810405636,0.730385975519856,NA,0.269408525812875,NA,0.460977449706981,NA,0.999794501332731,NA
23.5871072064,0.730355823381266,NA,0.269366013022878,NA,0.460989810358388,NA,0.999721836404145,NA
23.5931738492,0.730326202569239,NA,0.269322202465102,NA,0.461004000104137,NA,0.999648405034341,NA
23.599240492,0.730297075702105,NA,0.269277152132022,NA,0.461019923570082,NA,0.999574227834127,NA
23.6053071348,0.730268406287289,NA,0.269230917733983,NA,0.461037488553306,NA,0.999499324021273,NA
23.6113737776,0.730240156515221,NA,0.26918355841987,NA,0.46105659809535,NA,0.999423714935091,NA
23.6174404204,0.730212289983807,NA,0.269135129560979,NA,0.461077160422828,NA,0.999347419544787,NA
23.6235070632,0.730184769078219,NA,0.269085689882893,NA,0.461099079195326,NA,0.999270458961112,NA
23.629573706,0.730157556968595,NA,0.269035295887551,NA,0.461122261081043,NA,0.999192852856146,NA
23.6356403488,0.730130616534605,NA,0.268984004893059,NA,0.461146611641547,NA,0.999114621427664,NA
23.6417069916,0.730103910551452,NA,0.26893187465516,NA,0.461172035896293,NA,0.999035785206612,NA
23.6477736344,0.730077402194182,NA,0.268878961391829,NA,0.461198440802353,NA,0.998956363586011,NA
23.6538402772,0.730051054081209,NA,0.268825323594053,NA,0.461225730487156,NA,0.998876377675262,NA
23.65990692,0.73002482936675,NA,0.268771017320664,NA,0.461253812046086,NA,0.998795846687414,NA
23.6659735628,0.729998690799764,NA,0.268716100730338,NA,0.461282590069425,NA,0.998714791530102,NA
23.6720402056,0.72997260136211,NA,0.268660630621025,NA,0.461311970741084,NA,0.998633231983135,NA
23.6781068484,0.72994652394623,NA,0.268604664285717,NA,0.461341859660512,NA,0.998551188231947,NA
23.6841734912,0.729920421490063,NA,0.268548259234373,NA,0.46137216225569,NA,0.998468680724436,NA
23.690240134,0.729894256830409,NA,0.268491472201651,NA,0.461402784628758,NA,0.99838572903206,NA
23.6963067768,0.729867993016602,NA,0.268434361016114,NA,0.461433632000488,NA,0.998302354032716,NA
23.7023734196,0.729841592762102,NA,0.2683769824196,NA,0.461464610342502,NA,0.998218575181703,NA
23.7084400624,0.729815019173789,NA,0.268319394012938,NA,0.461495625160852,NA,0.998134413186727,NA
23.7145067052,0.729788235051111,NA,0.268261652881025,NA,0.461526582170086,NA,0.998049887932136,NA
23.720573348,0.729761203293412,NA,0.268203816300805,NA,0.461557386992607,NA,0.997965019594216,NA
23.7266399908,0.729733887007237,NA,0.268145941527387,NA,0.461587945479849,NA,0.997879828534624,NA
23.7327066336,0.72970624868527,NA,0.268088085821177,NA,0.461618162864093,NA,0.997794334506447,NA
23.7387732764,0.7296782518107,NA,0.26803030634378,NA,0.46164794546692,NA,0.99770855815448,NA
23.7448399192,0.729649858659165,NA,0.267972660515514,NA,0.461677198143651,NA,0.997622519174679,NA
23.750906562,0.729621032689596,NA,0.267915205388416,NA,0.46170582730118,NA,0.997536238078012,NA
23.7569732048,0.729591736524899,NA,0.267857998325277,NA,0.461733738199622,NA,0.997449734850176,NA
23.7630398476,0.72956193306545,NA,0.267801096596046,NA,0.461760836469404,NA,0.997363029661497,NA
23.7691064904,0.729531585592273,NA,0.267744557191927,NA,0.461787028400345,NA,0.9972761427842,NA
23.7751731332,0.729500656248064,NA,0.267688437908131,NA,0.461812218339933,NA,0.997189094156195,NA
23.781239776,0.729469108952802,NA,0.267632795234777,NA,0.461836313718025,NA,0.997101904187579,NA
23.7873064188,0.729436905547238,NA,0.267577687266131,NA,0.461859218281107,NA,0.997014592813369,NA
23.7933730616,0.729404009836483,NA,0.267523170514501,NA,0.461880839321983,NA,0.996927180350984,NA
23.7994397044,0.729370384272773,NA,0.267469302611508,NA,0.461901081661265,NA,0.996839686884281,NA
23.8055063472,0.729335991751646,NA,0.267416140829168,NA,0.461919850922478,NA,0.996752132580814,NA
23.81157299,0.729300795734471,NA,0.267363741885721,NA,0.46193705384875,NA,0.996664537620192,NA
23.8176396328,0.729264758008091,NA,0.26731216412024,NA,0.461952593887851,NA,0.996576922128331,NA
23.8237062756,0.729227842932208,NA,0.267261463346831,NA,0.461966379585377,NA,0.996489306279039,NA
23.8297729184,0.729190011915619,NA,0.267211698329177,NA,0.461978313586442,NA,0.996401710244797,NA
23.8358395612,0.729151229103751,NA,0.267162925048916,NA,0.461988304054835,NA,0.996314154152667,NA
23.841906204,0.729111456784033,NA,0.267115201397441,NA,0.461996255386591,NA,0.996226658181474,NA
23.8479728468,0.729070657841298,NA,0.267068584657895,NA,0.462002073183403,NA,0.996139242499194,NA
23.8540394896,0.729029346878438,NA,0.267022352098026,NA,0.462006994780412,NA,0.996051698976464,NA
23.8601061324,0.728988333913155,NA,0.266975362518687,NA,0.462012971394469,NA,0.995963696431842,NA
23.8661727752,0.728947606254044,NA,0.26692763922482,NA,0.462019967029224,NA,0.995875245478864,NA
23.872239418,0.72890714256993,NA,0.266879216628908,NA,0.462027925941022,NA,0.995786359198838,NA
23.8783060608,0.728866920722022,NA,0.266830131266903,NA,0.462036789455118,NA,0.995697051988925,NA
23.8843727036,0.72882691908213,NA,0.266780418309399,NA,0.462046500772731,NA,0.995607337391529,NA
23.8904393464,0.728787115851385,NA,0.266730113375767,NA,0.462057002475618,NA,0.995517229227151,NA
23.8965059892,0.728747489120175,NA,0.266679252457573,NA,0.462068236662602,NA,0.995426741577749,NA
23.902572632,0.728708017312552,NA,0.266627870448823,NA,0.462080146863729,NA,0.995335887761375,NA
23.9086392748,0.72866867839345,NA,0.266576003813476,NA,0.462092674579973,NA,0.995244682206926,NA
23.9147059176,0.728629450775944,NA,0.266523687383488,NA,0.462105763392456,NA,0.995153138159432,NA
23.9207725604,0.728590312525091,NA,0.266470957358646,NA,0.462119355166445,NA,0.995061269883738,NA
23.9268392032,0.72855124191198,NA,0.266417849077176,NA,0.462133392834805,NA,0.994969090989156,NA
23.932905846,0.728512217135337,NA,0.266364398159349,NA,0.462147818975988,NA,0.994876615294686,NA
23.9389724888,0.728473216391081,NA,0.2663106404273,NA,0.462162575963781,NA,0.99478385681838,NA
23.9450391316,0.728434217894606,NA,0.266256611112999,NA,0.462177606781607,NA,0.994690829007605,NA
23.9511057744,0.728395199869002,NA,0.266202346260032,NA,0.46219285360897,NA,0.994597546129034,NA
23.9571724172,0.728356140473318,NA,0.266147881117011,NA,0.462208259356307,NA,0.994504021590328,NA
23.96323906,0.72831701797301,NA,0.266093251553193,NA,0.462223766419817,NA,0.994410269526203,NA
23.9693057028,0.728277810541893,NA,0.266038493068798,NA,0.462239317473095,NA,0.994316303610691,NA
23.9753723456,0.728238496372841,NA,0.265983641290639,NA,0.462254855082202,NA,0.99422213766348,NA
23.9814389884,0.728199053770751,NA,0.265928731865776,NA,0.462270321904975,NA,0.994127785636527,NA
23.9875056312,0.728159460738914,NA,0.265873800369785,NA,0.462285660369129,NA,0.994033261108699,NA
23.993572274,0.728119695760298,NA,0.265818882423059,NA,0.462300813337239,NA,0.993938578183357,NA
23.9996389168,0.728079736741649,NA,0.265764013688046,NA,0.462315723053603,NA,0.993843750429696,NA
24.0057055596,0.728039562145376,NA,0.265709229709113,NA,0.462330332436263,NA,0.993748791854489,NA
24.0117722024,0.727999150051466,NA,0.265654566142838,NA,0.462344583908628,NA,0.993653716194304,NA
24.0178388452,0.727958478643494,NA,0.265600058628206,NA,0.462358420015289,NA,0.9935585372717,NA
24.023905488,0.727917526338784,NA,0.265545742631572,NA,0.462371783707212,NA,0.993463268970357,NA
24.0299721308,0.727876270925075,NA,0.265491654077752,NA,0.462384616847322,NA,0.993367925002827,NA
24.0360387736,0.727834691146935,NA,0.265437828161128,NA,0.462396862985807,NA,0.993272519308063,NA
24.0421054164,0.727792764660535,NA,0.265384300955167,NA,0.462408463705368,NA,0.993177065615702,NA
24.0481720592,0.727750470121785,NA,0.265331107684979,NA,0.462419362436806,NA,0.993081577806763,NA
24.054238702,0.727707785520296,NA,0.265278284157865,NA,0.462429501362431,NA,0.992986069678161,NA
24.0603053448,0.727664689026894,NA,0.265225866030622,NA,0.462438822996273,NA,0.992890555057516,NA
24.0663719876,0.727621159174777,NA,0.26517388858326,NA,0.462447270591517,NA,0.992795047758038,NA
24.0724386304,0.727577173532684,NA,0.265122388095472,NA,0.462454785437212,NA,0.992699561628155,NA
24.0785052732,0.72753271110851,NA,0.26507139933281,NA,0.4624613117757,NA,0.99260411044132,NA
24.084571916,0.727487749309573,NA,0.265020958776943,NA,0.462466790532629,NA,0.992508708086516,NA
24.0906385588,0.727442266981835,NA,0.26497110133936,NA,0.462471165642475,NA,0.992413368321195,NA
24.0967052016,0.72739624202798,NA,0.264921862972451,NA,0.462474379055529,NA,0.992318105000432,NA
24.1027718444,0.727349652602638,NA,0.264873279356456,NA,0.462476373246181,NA,0.992222931959094,NA
24.1088384872,0.727302477358328,NA,0.26482538557941,NA,0.462477091778918,NA,0.992127862937738,NA
24.11490513,0.727254693641339,NA,0.264778218281513,NA,0.462476475359826,NA,0.992032911922853,NA
24.1209717728,0.727206280724621,NA,0.264731811796675,NA,0.462474468927946,NA,0.991938092521296,NA
24.1270384156,0.727157215768359,NA,0.264686203011945,NA,0.462471012756414,NA,0.991843418780304,NA
24.1331050584,0.727107477805123,NA,0.264641426530828,NA,0.462466051274295,NA,0.991748904335951,NA
24.1391717012,0.727057044654117,NA,0.264597518445167,NA,0.46245952620895,NA,0.991654563099284,NA
24.145238344,0.727005894450322,NA,0.264554514464282,NA,0.462451379986041,NA,0.991560408914604,NA
24.1513049868,0.726954005969032,NA,0.264512449478593,NA,0.462441556490439,NA,0.991466455447625,NA
24.1573716296,0.726901356330638,NA,0.264471360494449,NA,0.462429995836189,NA,0.991372716825087,NA
24.1634382724,0.726847925074865,NA,0.264431281411294,NA,0.462416643663571,NA,0.991279206486159,NA
24.1695049152,0.726793689116492,NA,0.264392249518745,NA,0.462401439597747,NA,0.991185938635236,NA
24.175571558,0.726738627697022,NA,0.264354299081503,NA,0.462384328615519,NA,0.991092926778525,NA
24.1816382008,0.726682731194715,NA,0.264317448450859,NA,0.462365282743856,NA,0.991000179645574,NA
24.1877048436,0.72662602006636,NA,0.264281673486117,NA,0.462344346580243,NA,0.990907693552477,NA
24.1937714864,0.726568519320018,NA,0.264246943669941,NA,0.462321575650077,NA,0.990815462989959,NA
24.1998381292,0.726510252242969,NA,0.264213230766281,NA,0.462297021476688,NA,0.990723483009249,NA
24.205904772,0.726451244543192,NA,0.264180503325238,NA,0.462270741217954,NA,0.99063174786843,NA
24.2119714148,0.726391519432204,NA,0.264148733218089,NA,0.462242786214116,NA,0.990540252650293,NA
24.2180380576,0.726331102196358,NA,0.264117889549717,NA,0.462213212646641,NA,0.990448991746075,NA
24.2241047004,0.726270016839423,NA,0.264087943137637,NA,0.462182073701786,NA,0.990357959977061,NA
24.2301713432,0.726208287702939,NA,0.264058864350101,NA,0.462149423352838,NA,0.990267152053039,NA
24.236237986,0.726145939669981,NA,0.264030622821023,NA,0.462115316848958,NA,0.990176562491004,NA
24.2423046288,0.726082996268289,NA,0.264003190022485,NA,0.462079806245804,NA,0.990086186290775,NA
24.2483712716,0.726019482913367,NA,0.263976534860273,NA,0.462042948053095,NA,0.98999601777364,NA
24.2544379144,0.725955423097766,NA,0.263950628862966,NA,0.4620047942348,NA,0.989906051960733,NA
24.2605045572,0.725890841890262,NA,0.263925441401343,NA,0.461965400488919,NA,0.989816283291605,NA
24.2665712,0.725825763396725,NA,0.26390094316764,NA,0.461924820229086,NA,0.989726706564365,NA
24.2726378428,0.72576021197207,NA,0.263877104514769,NA,0.461883107457301,NA,0.98963731648684,NA
24.2787044856,0.725694212370523,NA,0.263853895232601,NA,0.461840317137922,NA,0.989548107603125,NA
24.2847711284,0.725627788364148,NA,0.263831286496649,NA,0.461796501867499,NA,0.989459074860797,NA
24.2908377712,0.725560965074038,NA,0.263809247570728,NA,0.46175171750331,NA,0.989370212644766,NA
24.296904414,0.725493766271851,NA,0.263787749643076,NA,0.461706016628775,NA,0.989281515914927,NA
24.3029710568,0.725426216812647,NA,0.263766762345662,NA,0.461659454466984,NA,0.989192979158309,NA
24.3090376996,0.725358340900536,NA,0.263746256250148,NA,0.461612084650389,NA,0.989104597150684,NA
24.3151043424,0.725290162907668,NA,0.263726201689405,NA,0.461563961218262,NA,0.989016364597073,NA
24.3211709852,0.725221707455559,NA,0.26370656861396,NA,0.4615151388416,NA,0.988928276069519,NA
24.327237628,0.725152998564458,NA,0.263687327898052,NA,0.461465670666405,NA,0.98884032646251,NA
24.3333042708,0.725084061059118,NA,0.263668449165883,NA,0.461415611893235,NA,0.988752510225001,NA
24.3393709136,0.725014918988372,NA,0.2636499032677,NA,0.461365015720673,NA,0.988664822256072,NA
24.3454375564,0.724945596997425,NA,0.263631660091956,NA,0.461313936905469,NA,0.988577257089382,NA
24.3515041992,0.724876119384768,NA,0.263613690094443,NA,0.461262429290325,NA,0.988489809479211,NA
24.357570842,0.724806510543644,NA,0.263595963583289,NA,0.461210546960355,NA,0.988402474126933,NA
24.3636374848,0.724736794959002,NA,0.263578450674378,NA,0.461158344284624,NA,0.98831524563338,NA
24.3697041276,0.724666996903132,NA,0.263561121935978,NA,0.461105874967154,NA,0.98822811883911,NA
24.3757707704,0.724597140902521,NA,0.263543947355023,NA,0.461053193547498,NA,0.988141088257544,NA
24.3818374132,0.724527251281244,NA,0.263526897446119,NA,0.461000353835125,NA,0.988054148727362,NA
24.387904056,0.724457352478512,NA,0.263509942349507,NA,0.460947410129004,NA,0.987967294828019,NA
24.3939706988,0.724387468883336,NA,0.263493052409807,NA,0.460894416473529,NA,0.987880521293143,NA
24.4000373416,0.724317624913914,NA,0.263476197905703,NA,0.460841427008211,NA,0.987793822819618,NA
24.4061039844,0.724247844914764,NA,0.263459349123139,NA,0.460788495791625,NA,0.987707194037903,NA
24.4121706272,0.724178153414084,NA,0.263442476319707,NA,0.460735677094377,NA,0.987620629733792,NA
24.41823727,0.724108574638159,NA,0.263425549847427,NA,0.460683024790732,NA,0.987534124485587,NA
24.4243039128,0.724039133184378,NA,0.263408539887615,NA,0.460630593296763,NA,0.987447673071993,NA
24.4303705556,0.723969853289819,NA,0.263391416827597,NA,0.460578436462223,NA,0.987361270117416,NA
24.4364371984,0.723900759430151,NA,0.263374150905522,NA,0.460526608524629,NA,0.987274910335673,NA
24.4425038412,0.72383187605239,NA,0.26335671236593,NA,0.46047516368646,NA,0.98718858841832,NA
24.448570484,0.72376322735676,NA,0.263339071669524,NA,0.460424155687236,NA,0.987102299026285,NA
24.4546371268,0.723694838131228,NA,0.263321198758523,NA,0.460373639372705,NA,0.987016036889751,NA
24.4607037696,0.723626732299947,NA,0.263303064352378,NA,0.460323667947569,NA,0.986929796652325,NA
24.4667704124,0.723558934731689,NA,0.263284638301471,NA,0.460274296430218,NA,0.986843573033159,NA
24.4728370552,0.723491469465261,NA,0.263265891235506,NA,0.460225578229755,NA,0.986757360700768,NA
24.478903698,0.723424361059128,NA,0.26324679329087,NA,0.460177567768259,NA,0.986671154349998,NA
24.4849703408,0.723357633992986,NA,0.26322731467325,NA,0.460130319319736,NA,0.986584948666236,NA
24.4910369836,0.723291312318903,NA,0.263207426022816,NA,0.460083886296088,NA,0.986498738341719,NA
24.4971036264,0.723225421088477,NA,0.263187096961705,NA,0.460038324126772,NA,0.986412518050181,NA
24.5031702692,0.723159983921798,NA,0.263166298579157,NA,0.459993685342641,NA,0.986326282500956,NA
24.509236912,0.72309502595709,NA,0.263145000396966,NA,0.459950025560123,NA,0.986240026354056,NA
24.5153035548,0.723030571038752,NA,0.263123173282518,NA,0.459907397756234,NA,0.98615374432127,NA
24.5213701976,0.722966643804181,NA,0.263100787275132,NA,0.459865856529049,NA,0.986067431079312,NA
24.5274368404,0.722903137653525,NA,0.263077997963097,NA,0.459825139690428,NA,0.985981135616623,NA
24.5335034832,0.722839703523166,NA,0.263055303621034,NA,0.459784399902132,NA,0.9858950071442,NA
24.539570126,0.722776323980684,NA,0.263032734006058,NA,0.459743589974626,NA,0.985809057986742,NA
24.5456367688,0.722713002680396,NA,0.263010288382678,NA,0.459702714297718,NA,0.985723291063075,NA
24.5517034116,0.722649743471027,NA,0.26298796643268,NA,0.459661777038347,NA,0.985637709903706,NA
24.5577700544,0.722586550035286,NA,0.262965767499887,NA,0.459620782535398,NA,0.985552317535173,NA
24.5638366972,0.722523426157283,NA,0.262943691128428,NA,0.459579735028855,NA,0.985467117285711,NA
24.56990334,0.722460375607493,NA,0.262921736828264,NA,0.459538638779229,NA,0.985382112435757,NA
24.5759699828,0.722397402072182,NA,0.262899903978767,NA,0.459497498093415,NA,0.985297306050948,NA
24.5820366256,0.722334509429747,NA,0.262878192253273,NA,0.459456317176474,NA,0.98521270168302,NA
24.5881032684,0.722271701287346,NA,0.262856600922006,NA,0.45941510036534,NA,0.985128302209352,NA
24.5941699112,0.722208981534779,NA,0.262835129660377,NA,0.459373851874401,NA,0.985044111195156,NA
24.600236554,0.722146353825604,NA,0.262813777817698,NA,0.459332576007906,NA,0.984960131643302,NA
24.6063031968,0.722083821955316,NA,0.262792544935042,NA,0.459291277020274,NA,0.984876366890359,NA
24.6123698396,0.722021389700773,NA,0.262771430522992,NA,0.459249959177781,NA,0.984792820223764,NA
24.6184364824,0.721959060724091,NA,0.262750433962732,NA,0.459208626761359,NA,0.984709494686822,NA
24.6245031252,0.721896838945582,NA,0.262729554923351,NA,0.45916728402223,NA,0.984626393868933,NA
24.630569768,0.721834727924945,NA,0.262708792680829,NA,0.459125935244116,NA,0.984543520605774,NA
24.6366364108,0.721772731592761,NA,0.262688146904242,NA,0.459084584688519,NA,0.984460878497002,NA
24.6427030536,0.721710853574031,NA,0.262667616948306,NA,0.459043236625725,NA,0.984378470522337,NA
24.6487696964,0.72164909767504,NA,0.262647202351126,NA,0.459001895323914,NA,0.984296300026166,NA
24.6548363392,0.721587467679621,NA,0.26262690262382,NA,0.458960565055801,NA,0.98421437030344,NA
24.660902982,0.721525967225149,NA,0.262606717149469,NA,0.458919250075679,NA,0.984132684374618,NA
24.6669696248,0.721464600274444,NA,0.262586645592833,NA,0.45887795468161,NA,0.984051245867277,NA
24.6730362676,0.721403370339451,NA,0.262566687235686,NA,0.458836683103765,NA,0.983970057575136,NA
24.6791029104,0.72134228139123,NA,0.262546841740811,NA,0.458795439650419,NA,0.983889123132042,NA
24.6851695532,0.721281337026823,NA,0.262527108468251,NA,0.458754228558572,NA,0.983808445495075,NA
24.691236196,0.72122054106271,NA,0.262507486953218,NA,0.458713054109492,NA,0.983728028015928,NA
24.6973028388,0.721159897290293,NA,0.262487976707287,NA,0.458671920583006,NA,0.98364787399758,NA
24.7033694816,0.721099409321613,NA,0.262468577115518,NA,0.458630832206095,NA,0.983567986437131,NA
24.7094361244,0.72103908116259,NA,0.262449287838257,NA,0.458589793324333,NA,0.983488369000847,NA
24.7155027672,0.720978916277118,NA,0.262430108163116,NA,0.458548808114002,NA,0.983409024440234,NA
24.72156941,0.720918918676443,NA,0.262411037746626,NA,0.458507880929817,NA,0.983329956423069,NA
24.7276360528,0.72085898919747,NA,0.262391930668,NA,0.458467058529471,NA,0.98325091986547,NA
24.7337026956,0.720799019109039,NA,0.262372627279662,NA,0.458426391829377,NA,0.983171646388701,NA
24.7397693384,0.720739011206205,NA,0.262353125672967,NA,0.458385885533238,NA,0.983092136879172,NA
24.7458359812,0.720678968491371,NA,0.262333424409551,NA,0.45834554408182,NA,0.983012392900922,NA
24.751902624,0.720618893883484,NA,0.262313521546255,NA,0.458305372337229,NA,0.98293241542974,NA
24.7579692668,0.720558790408536,NA,0.262293415825656,NA,0.45826537458288,NA,0.982852206234192,NA
24.7640359096,0.720498660993883,NA,0.262273105308817,NA,0.458225555685066,NA,0.982771766302701,NA
24.7701025524,0.720438508638361,NA,0.262252588596759,NA,0.458185920041601,NA,0.98269109723512,NA
24.7761691952,0.720378336301975,NA,0.262231863981605,NA,0.458146472320369,NA,0.98261020028358,NA
24.782235838,0.720318146952152,NA,0.262210929786388,NA,0.458107217165765,NA,0.98252907673854,NA
24.7883024808,0.720257943572332,NA,0.262189784585573,NA,0.458068158986759,NA,0.982447728157905,NA
24.7943691236,0.720197729114484,NA,0.262168426415494,NA,0.45802930269899,NA,0.982366155529978,NA
24.8004357664,0.720137506567117,NA,0.262146854040433,NA,0.457990652526684,NA,0.98228436060755,NA
24.8065024092,0.720077278889929,NA,0.26212506550503,NA,0.457952213384899,NA,0.98220234439496,NA
24.812569052,0.720017049059015,NA,0.26210305942025,NA,0.457913989638765,NA,0.982120108479265,NA
24.8186356948,0.719956820043062,NA,0.262080834075949,NA,0.457875985967113,NA,0.982037654119011,NA
24.8247023376,0.719896594814874,NA,0.262058387789748,NA,0.457838207025126,NA,0.981954982604623,NA
24.8307689804,0.719836376338456,NA,0.262035719149203,NA,0.457800657189252,NA,0.981872095487659,NA
24.8368356232,0.719776167599268,NA,0.26201282616988,NA,0.457763341429388,NA,0.981788993769148,NA
24.842902266,0.719715971548106,NA,0.261989707637898,NA,0.457726263910208,NA,0.981705679186004,NA
24.8489689088,0.71965579117677,NA,0.261966361581599,NA,0.457689429595172,NA,0.981622152758369,NA
24.8550355516,0.719595629439087,NA,0.261942786621637,NA,0.45765284281745,NA,0.981538416060723,NA
24.8611021944,0.719535489311955,NA,0.261918981045856,NA,0.457616508266099,NA,0.981454470357811,NA
24.8671688372,0.719475373774024,NA,0.261894943166212,NA,0.457580430607812,NA,0.981370316940236,NA
24.87323548,0.719415286720519,NA,0.261870670238511,NA,0.457544616482008,NA,0.98128595695903,NA
24.8793021228,0.719355241418479,NA,0.261846145764984,NA,0.457509095653495,NA,0.981201387183462,NA
24.8853687656,0.71929523926728,NA,0.261821370694074,NA,0.457473868573206,NA,0.981116609961354,NA
24.8914354084,0.719235277835773,NA,0.261796350752238,NA,0.457438927083535,NA,0.981031628588011,NA
24.8975020512,0.719175354584689,NA,0.261771092307141,NA,0.457404262277548,NA,0.98094644689183,NA
24.903568694,0.719115467033326,NA,0.261745601374035,NA,0.457369865659291,NA,0.98086106840736,NA
24.9096353368,0.719055612694146,NA,0.261719883998241,NA,0.457335728695905,NA,0.980775496692387,NA
24.9157019796,0.718995789041419,NA,0.261693946500955,NA,0.457301842540463,NA,0.980689735542374,NA
24.9217686224,0.718935993625934,NA,0.261667794637956,NA,0.457268198987978,NA,0.98060378826389,NA
24.9278352652,0.718876223901618,NA,0.261641434905488,NA,0.45723478899613,NA,0.980517658807106,NA
24.933901908,0.718816477410333,NA,0.261614873096868,NA,0.457201604313465,NA,0.980431350507201,NA
24.9399685508,0.718756751631541,NA,0.261588115532286,NA,0.457168636099255,NA,0.980344867163828,NA
24.9460351936,0.718697044077625,NA,0.261561168245559,NA,0.457135875832065,NA,0.980258212323184,NA
24.9521018364,0.718637352256147,NA,0.261534037292354,NA,0.457103314963793,NA,0.980171389548501,NA
24.9581684792,0.718577673658089,NA,0.261506728954611,NA,0.457070944703479,NA,0.9800844026127,NA
24.964235122,0.718518005805717,NA,0.261479249056273,NA,0.457038756749444,NA,0.97999725486199,NA
24.9703017648,0.718458346184839,NA,0.26145160401638,NA,0.457006742168459,NA,0.97990995020122,NA
24.9763684076,0.718398692310531,NA,0.261423799694626,NA,0.456974892615906,NA,0.979822492005157,NA
24.9824350504,0.718339041680589,NA,0.261395842364692,NA,0.456943199315897,NA,0.97973488404528,NA
24.9885016932,0.718279391800872,NA,0.261367738077994,NA,0.456911653722878,NA,0.979647129878866,NA
24.994568336,0.718219740173654,NA,0.261339492901509,NA,0.456880247272144,NA,0.979559233075163,NA
25.0006349788,0.718160084307019,NA,0.261311113076959,NA,0.456848971230061,NA,0.979471197383978,NA
25.0067016216,0.718100421694316,NA,0.261282604497415,NA,0.4568178171969,NA,0.979383026191731,NA
25.0127682644,0.718040749853434,NA,0.26125397350423,NA,0.456786776349203,NA,0.979294723357664,NA
25.0188349072,0.717981066272856,NA,0.261225226022991,NA,0.456755840249865,NA,0.979206292295848,NA
25.02490155,0.717921368468319,NA,0.261196368281838,NA,0.456725000186481,NA,0.979117736750157,NA
25.0309681928,0.717861653939556,NA,0.261167406348819,NA,0.456694247590737,NA,0.979029060288375,NA
25.0370348356,0.717801920183154,NA,0.261138346303189,NA,0.456663573879965,NA,0.978940266486342,NA
25.0431014784,0.717742164724696,NA,0.26110919434548,NA,0.456632970379216,NA,0.978851359070177,NA
25.0491681212,0.717682385028219,NA,0.261079956438864,NA,0.456602428589355,NA,0.978762341467083,NA
25.055234764,0.717622578643888,NA,0.26105063884652,NA,0.456571939797368,NA,0.978673217490408,NA
25.0613014068,0.717562743033796,NA,0.261021247559446,NA,0.45654149547435,NA,0.978583990593241,NA
25.0673680496,0.71750287573122,NA,0.260991788761207,NA,0.456511086970013,NA,0.978494664492427,NA
25.0734346924,0.717442974230166,NA,0.260962268535516,NA,0.45648070569465,NA,0.978405242765681,NA
25.0795013352,0.717383036021135,NA,0.260932692974873,NA,0.456450343046262,NA,0.978315728996008,NA
25.085567978,0.717323058647609,NA,0.260903068237656,NA,0.456419990409953,NA,0.978226126885265,NA
25.0916346208,0.717263039543914,NA,0.2608734003581,NA,0.456389639185814,NA,0.978136439902014,NA
25.0977012636,0.717202976292692,NA,0.26084369552073,NA,0.456359280771962,NA,0.978046671813421,NA
25.1037679064,0.717142866329838,NA,0.26081395978147,NA,0.456328906548368,NA,0.977956826111308,NA
25.1098345492,0.717082707205781,NA,0.260784199280278,NA,0.456298507925503,NA,0.977866906486059,NA
25.115901192,0.717022496409188,NA,0.260754420115565,NA,0.456268076293623,NA,0.977776916524753,NA
25.1219678348,0.716962231424086,NA,0.260724628394043,NA,0.456237603030044,NA,0.977686859818129,NA
25.1280344776,0.716901909812246,NA,0.260694830230967,NA,0.456207079581279,NA,0.977596740043213,NA
25.1341011204,0.716841528977889,NA,0.260665031732604,NA,0.456176497245285,NA,0.977506560710494,NA
25.1401677632,0.716781086536332,NA,0.260635239004341,NA,0.45614584753199,NA,0.977416325540673,NA
25.146234406,0.716720579897471,NA,0.260605458166546,NA,0.456115121730925,NA,0.977326038064017,NA
25.1523010488,0.716660006628489,NA,0.260575695316534,NA,0.456084311311955,NA,0.977235701945023,NA
25.1583676916,0.716599364213112,NA,0.260545956566449,NA,0.456053407646664,NA,0.977145320779561,NA
25.1644343344,0.716538650128496,NA,0.260516248038179,NA,0.456022402090317,NA,0.977054898166674,NA
25.1705009772,0.716477861955095,NA,0.260486575802895,NA,0.4559912861522,NA,0.976964437757989,NA
25.17656762,0.716416997066633,NA,0.260456946039858,NA,0.455960051026775,NA,0.976873943106491,NA
25.1826342628,0.716356053111297,NA,0.260427364774835,NA,0.455928688336462,NA,0.976783417886132,NA
25.1887009056,0.716295027473183,NA,0.260397838192153,NA,0.45589718928103,NA,0.976692865665337,NA
25.1947675484,0.716233917735833,NA,0.260368372347455,NA,0.455865545388378,NA,0.976602290083287,NA
25.2008341912,0.716172721378426,NA,0.260338973365647,NA,0.455833748012779,NA,0.976511694744073,NA
25.206900834,0.716111435870851,NA,0.260309647384763,NA,0.455801788486088,NA,0.976421083255614,NA
25.2129674768,0.716050058812644,NA,0.260280400430919,NA,0.455769658381725,NA,0.976330459243564,NA
25.2190341196,0.715988587546634,NA,0.260251238757343,NA,0.455737348789292,NA,0.976239826303977,NA
25.2251007624,0.715926994788472,NA,0.260222203616387,NA,0.455704791172085,NA,0.97614919840486,NA
25.2311674052,0.71586525515333,NA,0.260193333419775,NA,0.455671921733555,NA,0.976058588573104,NA
25.237234048,0.715803374709893,NA,0.260164622205206,NA,0.455638752504688,NA,0.975967996915099,NA
25.2433006908,0.715741359401723,NA,0.260136064133077,NA,0.455605295268647,NA,0.9758774235348,NA
25.2493673336,0.715679215168912,NA,0.260107653369017,NA,0.455571561799895,NA,0.97578686853793,NA
25.2554339764,0.715616948128374,NA,0.260079383875273,NA,0.455537564253101,NA,0.975696332003647,NA
25.2615006192,0.715554564062921,NA,0.260051249999816,NA,0.455503314063105,NA,0.975605814062737,NA
25.267567262,0.715492069174945,NA,0.260023245604052,NA,0.455468823570893,NA,0.975515314778997,NA
25.2736339048,0.71542946928931,NA,0.259995364989596,NA,0.455434104299715,NA,0.975424834278906,NA
25.2797005476,0.715366770493847,NA,0.259967602149353,NA,0.455399168344495,NA,0.9753343726432,NA
25.2857671904,0.715303978745472,NA,0.259939951230351,NA,0.455364027515121,NA,0.975243929975823,NA
25.2918338332,0.715241099999255,NA,0.259912406383721,NA,0.455328693615534,NA,0.975153506382976,NA
25.297900476,0.715178140328797,NA,0.259884961614076,NA,0.455293178714721,NA,0.975063101942874,NA
25.3039671188,0.715115105588559,NA,0.259857611199152,NA,0.455257494389407,NA,0.97497271678771,NA
25.3100337616,0.715052001902843,NA,0.259830349077042,NA,0.455221652825801,NA,0.974882350979884,NA
25.3161004044,0.71498883515915,NA,0.259803169487639,NA,0.455185665671511,NA,0.974792004646789,NA
25.3221670472,0.714925611404568,NA,0.259776066464153,NA,0.455149544940415,NA,0.974701677868721,NA
25.32823369,0.71486233660842,NA,0.259749034141177,NA,0.455113302467243,NA,0.974611370749598,NA
25.3343003328,0.714799016741704,NA,0.259722066654409,NA,0.455076950087296,NA,0.974521083396113,NA
25.3403669756,0.714735657833761,NA,0.25969515805176,NA,0.455040499782001,NA,0.974430815885522,NA
25.3464336184,0.714672265811644,NA,0.259668302539802,NA,0.455003963271842,NA,0.974340568351446,NA
25.3525002612,0.714608846721096,NA,0.259641494133776,NA,0.45496735258732,NA,0.974250340854872,NA
25.358566904,0.714545406511778,NA,0.259614727012326,NA,0.454930679499451,NA,0.974160133524104,NA
25.3646335468,0.714481951190984,NA,0.259587995248029,NA,0.454893955942955,NA,0.974069946439013,NA
25.3707001896,0.714418486739497,NA,0.259561292963977,NA,0.45485719377552,NA,0.973979779703474,NA
25.3767668324,0.71435501914519,NA,0.259534614279501,NA,0.454820404865689,NA,0.973889633424691,NA
25.3828334752,0.714291554392194,NA,0.259507953286747,NA,0.454783601105447,NA,0.973799507678941,NA
25.388900118,0.714228098481106,NA,0.259481304120186,NA,0.45474679436092,NA,0.973709402601291,NA
25.3949667608,0.714164657378632,NA,0.259454660872677,NA,0.454709996505955,NA,0.973619318251309,NA
25.4010334036,0.714101237096122,NA,0.259428017662077,NA,0.454673219434045,NA,0.973529254758199,NA
25.4071000464,0.714037843602023,NA,0.259401368599401,NA,0.454636475002622,NA,0.973439212201425,NA
25.4131666892,0.713974482887631,NA,0.25937470779717,NA,0.454599775090461,NA,0.973349190684801,NA
25.419233332,0.713911160958639,NA,0.259348029357419,NA,0.45456313160122,NA,0.973259190316059,NA
25.4252999748,0.713847883753024,NA,0.259321327417458,NA,0.454526556335566,NA,0.973169211170482,NA
25.4313666176,0.713784657345872,NA,0.259294596038726,NA,0.454490061307146,NA,0.973079253384597,NA
25.4374332604,0.71372148762438,NA,0.259267829392166,NA,0.454453658232214,NA,0.972989317016546,NA
25.4434999032,0.713658380661112,NA,0.259241021535314,NA,0.454417359125798,NA,0.972899402196425,NA
25.449566546,0.713595342386615,NA,0.259214166616691,NA,0.454381175769925,NA,0.972809509003306,NA
25.4556331888,0.713532378801751,NA,0.259187258739178,NA,0.454345120062573,NA,0.972719637540929,NA
25.4616998316,0.713469495930982,NA,0.259160291986585,NA,0.454309203944397,NA,0.972629787917566,NA
25.4677664744,0.713406699665181,NA,0.259133260542313,NA,0.454273439122868,NA,0.972539960207494,NA
25.4738331172,0.713343996154871,NA,0.259106158393842,NA,0.454237837761029,NA,0.972450154548713,NA
25.47989976,0.713281391207269,NA,0.259078979790663,NA,0.454202411416606,NA,0.972360370997932,NA
25.4859664028,0.713218890955675,NA,0.259051718730457,NA,0.454167172225218,NA,0.972270609686132,NA
25.4920330456,0.713156501293688,NA,0.259024369398319,NA,0.45413213189537,NA,0.972180870692007,NA
25.4980996884,0.713094228230785,NA,0.258996925888423,NA,0.454097302342363,NA,0.972091154119208,NA
25.5041663312,0.713032077811146,NA,0.258969382265418,NA,0.454062695545728,NA,0.972001460076564,NA
25.510232974,0.712970055877592,NA,0.258941732759735,NA,0.454028323117858,NA,0.971911788637327,NA
25.5162996168,0.712908168657033,NA,0.258913971283956,NA,0.453994197373077,NA,0.971822139940989,NA
25.5223662596,0.712846421876227,NA,0.25888609216659,NA,0.453960329709637,NA,0.971732514042816,NA
25.5284329024,0.712784821728742,NA,0.258858089345927,NA,0.453926732382815,NA,0.971642911074668,NA
25.5344995452,0.712723374072171,NA,0.258829957042706,NA,0.453893417029466,NA,0.971553331114877,NA
25.540566188,0.712662084923663,NA,0.258801689343325,NA,0.453860395580338,NA,0.971463774266987,NA
25.5466328308,0.712600953133585,NA,0.258773290495149,NA,0.453827662638436,NA,0.971374243628734,NA
25.5526994736,0.712539809455079,NA,0.258745002321477,NA,0.453794807133602,NA,0.971284811776556,NA
25.5587661164,0.712478584416331,NA,0.258716925822589,NA,0.453761658593742,NA,0.97119551023892,NA
25.5648327592,0.712417284942801,NA,0.258689053596801,NA,0.453728231346,NA,0.971106338539601,NA
25.570899402,0.712355917703094,NA,0.258661378936236,NA,0.453694538766857,NA,0.97101729663933,NA
25.5769660448,0.712294489531292,NA,0.258633894665803,NA,0.453660594865489,NA,0.970928384197095,NA
25.5830326876,0.712233007186096,NA,0.258606593825851,NA,0.453626413360244,NA,0.970839601011947,NA
25.5890993304,0.712171477421227,NA,0.258579469496254,NA,0.453592007924973,NA,0.970750946917481,NA
25.5951659732,0.712109907057559,NA,0.258552514481191,NA,0.453557392576368,NA,0.97066242153875,NA
25.601232616,0.712048302804827,NA,0.258525722077911,NA,0.453522580726916,NA,0.970574024882738,NA
25.6072992588,0.711986671497976,NA,0.258499084977561,NA,0.453487586520415,NA,0.970485756475536,NA
25.6133659016,0.711925019874314,NA,0.258472596400535,NA,0.453452423473779,NA,0.97039761627485,NA
25.6194325444,0.711863354726157,NA,0.258446249216351,NA,0.453417105509806,NA,0.970309603942508,NA
25.6254991872,0.711801682821913,NA,0.258420036453883,NA,0.453381646368029,NA,0.970221719275796,NA
25.63156583,0.711740010937652,NA,0.258393951171348,NA,0.453346059766305,NA,0.970133962109,NA
25.6376324728,0.711678345839843,NA,0.258367986227715,NA,0.453310359612128,NA,0.970046332067559,NA
25.6436991156,0.711616694324685,NA,0.25834213483231,NA,0.453274559492375,NA,0.969958829156994,NA
25.6497657584,0.711555063136071,NA,0.258316389769663,NA,0.453238673366408,NA,0.969871452905733,NA
25.6558324012,0.711493459079476,NA,0.258290744188996,NA,0.45320271489048,NA,0.969784203268472,NA
25.661899044,0.71143188890652,NA,0.258265191003327,NA,0.453166697903192,NA,0.969697079909847,NA
25.6679656868,0.711370359394248,NA,0.258239723231164,NA,0.453130636163084,NA,0.969610082625413,NA
25.6740323296,0.711308877342154,NA,0.258214333907957,NA,0.453094543434197,NA,0.969523211250111,NA
25.6800989724,0.711247449461225,NA,0.258189015948575,NA,0.45305843351265,NA,0.969436465409799,NA
25.6861656152,0.711186082635196,NA,0.258163762473309,NA,0.453022320161887,NA,0.969349845108506,NA
25.692232258,0.711124783516376,NA,0.258138566360631,NA,0.452986217155745,NA,0.969263349877008,NA
25.6982989008,0.711063558977869,NA,0.258113420689144,NA,0.452950138288725,NA,0.969176979667013,NA
25.7043655436,0.711002415731671,NA,0.258088318414258,NA,0.452914097317413,NA,0.969090734145929,NA
25.7104321864,0.710941360562394,NA,0.25806325254522,NA,0.452878108017175,NA,0.969004613107614,NA
25.7164988292,0.710880400294023,NA,0.258038216093606,NA,0.452842184200416,NA,0.968918616387629,NA
25.722565472,0.710819541580995,NA,0.258013202031294,NA,0.4528063395497,NA,0.968832743612289,NA
25.7286321148,0.710758791395653,NA,0.257988203388435,NA,0.452770588007218,NA,0.968746994784089,NA
25.7346987576,0.710698156298184,NA,0.257963213137993,NA,0.452734943160191,NA,0.968661369436177,NA
25.7407654004,0.710637643228786,NA,0.257938224288505,NA,0.452699418940281,NA,0.968575867517291,NA
25.7468320432,0.710577258860903,NA,0.257913229836666,NA,0.452664029024237,NA,0.96849048869757,NA
25.752898686,0.710517009985642,NA,0.257888222783573,NA,0.452628787202069,NA,0.968405232769215,NA
25.7589653288,0.71045690345255,NA,0.25786319611582,NA,0.45259370733673,NA,0.96832009956837,NA
25.7650319716,0.710396945858445,NA,0.257838142863399,NA,0.452558802995046,NA,0.968235088721843,NA
25.7710986144,0.710337144265348,NA,0.257813055965213,NA,0.452524088300135,NA,0.968150200230561,NA
25.7771652572,0.710277505140787,NA,0.257787928489272,NA,0.452489576651514,NA,0.968065433630059,NA
25.7832319,0.710218035491518,NA,0.257762753374604,NA,0.452455282116914,NA,0.967980788866122,NA
25.7892985428,0.710158741953508,NA,0.257737523658079,NA,0.452421218295429,NA,0.967896265611587,NA
25.7953651856,0.710099631323283,NA,0.257712232333751,NA,0.452387398989533,NA,0.967811863657034,NA
25.8014318284,0.710040710477029,NA,0.257686872362124,NA,0.452353838114904,NA,0.967727582839153,NA
25.8074984712,0.709981985952866,NA,0.257661436832414,NA,0.452320549120453,NA,0.96764342278528,NA
25.813565114,0.709923464903571,NA,0.257635918591167,NA,0.452287546312404,NA,0.967559383494737,NA
25.8196317568,0.709865153703475,NA,0.257610310801994,NA,0.452254842901481,NA,0.967475464505469,NA
25.8256983996,0.709807059425357,NA,0.257584606334965,NA,0.452222453090392,NA,0.967391665760322,NA
25.8317650424,0.709749188668777,NA,0.257558798266021,NA,0.452190390402756,NA,0.967307986934797,NA
25.8378316852,0.70969154823461,NA,0.257532879583278,NA,0.452158668651332,NA,0.967224427817887,NA
25.843898328,0.709634145026749,NA,0.257506843220044,NA,0.452127301806705,NA,0.967140988246793,NA
25.8499649708,0.709576985523551,NA,0.257480682325864,NA,0.452096303197687,NA,0.967057667849415,NA
25.8560316136,0.709520076969614,NA,0.257454389653822,NA,0.452065687315792,NA,0.966974466623437,NA
25.8620982564,0.70946342564554,NA,0.257427958463684,NA,0.452035467181857,NA,0.966891384109224,NA
25.8681648992,0.709407038689595,NA,0.257401381557114,NA,0.45200565713248,NA,0.966808420246709,NA
25.874231542,0.709350922666001,NA,0.257374652048017,NA,0.451976270617985,NA,0.966725574714018,NA
25.8802981848,0.709295084378913,NA,0.257347762919679,NA,0.451947321459234,NA,0.966642847298592,NA
25.8863648276,0.709239530761003,NA,0.257320707077104,NA,0.451918823683899,NA,0.966560237838107,NA
25.8924314704,0.709184275711573,NA,0.257293488312114,NA,0.451890787399459,NA,0.966477764023687,NA
25.8984981132,0.709129229679123,NA,0.25726633888623,NA,0.451862890792893,NA,0.966395568565354,NA
25.904564756,0.70907418312407,NA,0.257239564715267,NA,0.451834618408803,NA,0.966313747839337,NA
25.9106313988,0.709019141570098,NA,0.257213154138893,NA,0.451805987431205,NA,0.966232295708991,NA
25.9166980416,0.708964113980509,NA,0.257187089816107,NA,0.451777024164401,NA,0.966151203796616,NA
25.9227646844,0.708909109318412,NA,0.257161354741225,NA,0.451747754577188,NA,0.966070464059637,NA
25.9288313272,0.708854136570009,NA,0.257135932032682,NA,0.451718204537327,NA,0.96599006860269,NA
25.93489797,0.708799204651442,NA,0.257110804271135,NA,0.451688400380306,NA,0.965910008922577,NA
25.9409646128,0.708744322619947,NA,0.2570859549429,NA,0.451658367677047,NA,0.965830277562847,NA
25.9470312556,0.708689499338613,NA,0.257061366458237,NA,0.451628132880376,NA,0.96575086579685,NA
25.9530978984,0.708634743857699,NA,0.257037022124672,NA,0.451597721733027,NA,0.965671765982371,NA
25.9591645412,0.708580065091969,NA,0.257012904697733,NA,0.451567160394236,NA,0.965592969789702,NA
25.965231184,0.708525472010641,NA,0.256988997155908,NA,0.451536474854733,NA,0.965514469166548,NA
25.9712978268,0.708470973636237,NA,0.256965282552758,NA,0.451505691083479,NA,0.965436256188996,NA
25.9773644696,0.708416578806148,NA,0.256941743614517,NA,0.451474835191631,NA,0.965358322420664,NA
25.9834311124,0.708362296698794,NA,0.256918363601222,NA,0.451443933097571,NA,0.965280660300016,NA
25.9894977552,0.70830813605338,NA,0.25689512515665,NA,0.451413010896729,NA,0.96520326121003,NA
25.995564398,0.708254106007015,NA,0.256872011421035,NA,0.45138209458598,NA,0.96512611742805,NA
26.0016310408,0.708200215427345,NA,0.256849005243734,NA,0.451351210183611,NA,0.965049220671079,NA
26.0076976836,0.708146473288276,NA,0.256826089590106,NA,0.45132038369817,NA,0.964972562878382,NA
26.0137643264,0.708092888650073,NA,0.256803247446141,NA,0.451289641203932,NA,0.964896136096215,NA
26.0198309692,0.708039470269953,NA,0.256780461686345,NA,0.451259008583607,NA,0.964819931956298,NA
26.025897612,0.707986227448941,NA,0.256757715341782,NA,0.451228512107159,NA,0.964743942790723,NA
26.0319642548,0.707933168801647,NA,0.256734991291092,NA,0.451198177510555,NA,0.96466816009274,NA
26.0380308976,0.707880303551323,NA,0.256712272508566,NA,0.451168031042757,NA,0.964592576059889,NA
26.0440975404,0.707827640519914,NA,0.256689541934694,NA,0.45113809858522,NA,0.964517182454609,NA
26.0501641832,0.707775188684595,NA,0.256666782524404,NA,0.451108406160191,NA,0.964441971208998,NA
26.056230826,0.707722957144794,NA,0.256643977193415,NA,0.451078979951379,NA,0.964366934338209,NA
26.0622974688,0.707670954576133,NA,0.256621108967205,NA,0.451049845608929,NA,0.964292063543338,NA
26.0683641116,0.707619190403664,NA,0.256598160645163,NA,0.4510210297585,NA,0.964217351048827,NA
26.0744307544,0.707567673116691,NA,0.256575115342147,NA,0.450992557774544,NA,0.964142788458838,NA
26.0804973972,0.707516412023898,NA,0.25655195586785,NA,0.450964456156048,NA,0.964068367891749,NA
26.08656404,0.707465415902951,NA,0.256528665251199,NA,0.450936750651753,NA,0.96399408115415,NA
26.0926306828,0.707414693732874,NA,0.256505226439386,NA,0.450909467293488,NA,0.963919920172259,NA
26.0986973256,0.707364254653676,NA,0.256481622275164,NA,0.450882632378512,NA,0.963845876928839,NA
26.1047639684,0.707314107257966,NA,0.256457835937679,NA,0.450856271320287,NA,0.963771943195645,NA
26.1108306112,0.707264261096239,NA,0.256433849991952,NA,0.450830411104288,NA,0.963698111088191,NA
26.116897254,0.707214724531788,NA,0.256409647790399,NA,0.450805076741389,NA,0.963624372322188,NA
26.1229638968,0.707165506958018,NA,0.256385211979472,NA,0.450780294978546,NA,0.963550718937491,NA
26.1290305396,0.707116617109734,NA,0.256360525673832,NA,0.450756091435902,NA,0.963477142783566,NA
26.1350971824,0.707068063966389,NA,0.256335571815637,NA,0.450732492150752,NA,0.963403635782025,NA
26.1411638252,0.707019856709994,NA,0.256310333171972,NA,0.450709523538022,NA,0.963330189881966,NA
26.147230468,0.706972003848726,NA,0.256284793078354,NA,0.450687210770373,NA,0.96325679692708,NA
26.1532971108,0.706924515059943,NA,0.25625893386273,NA,0.450665581197213,NA,0.963183448922674,NA
26.1593637536,0.706877398580215,NA,0.256232739116433,NA,0.450644659463782,NA,0.963110137696648,NA
26.1654303964,0.706830663886959,NA,0.256206191324017,NA,0.450624472562942,NA,0.963036855210975,NA
26.1714970392,0.706784319673538,NA,0.256179273683177,NA,0.45060504599036,NA,0.962963593356715,NA
26.177563682,0.706738374918416,NA,0.25615196913374,NA,0.450586405784676,NA,0.962890344052157,NA
26.1836303248,0.706692838847025,NA,0.256124260364424,NA,0.4505685784826,NA,0.962817099211449,NA
26.1896969676,0.706647719881691,NA,0.256096130869812,NA,0.450551589011879,NA,0.962743850751503,NA
26.1957636104,0.706603027828052,NA,0.256067562738084,NA,0.450535465089968,NA,0.962670590566137,NA
26.2018302532,0.706558770795247,NA,0.256038539800833,NA,0.450520230994414,NA,0.962597310596081,NA
26.207896896,0.706514958343996,NA,0.256009044382067,NA,0.450505913961929,NA,0.962524002726063,NA
26.2139635388,0.706471599127639,NA,0.25597905975982,NA,0.450492539367819,NA,0.962450658887459,NA
26.2200301816,0.706428702757812,NA,0.255948567975436,NA,0.450480134782376,NA,0.962377270733249,NA
26.2260968244,0.706386447456523,NA,0.255917312702729,NA,0.450469134753794,NA,0.962303760159252,NA
26.2321634672,0.706344951925852,NA,0.255885121515509,NA,0.450459830410342,NA,0.962230073441361,NA
26.23823011,0.706304191949034,NA,0.255852024557853,NA,0.45045216739118,NA,0.962156216506887,NA
26.2442967528,0.706264140375222,NA,0.255818055586897,NA,0.450446084788324,NA,0.962082195962119,NA
26.2503633956,0.706224772470518,NA,0.255783245384173,NA,0.450441527086345,NA,0.96200801785469,NA
26.2564300384,0.706186062062918,NA,0.25574762650123,NA,0.450438435561688,NA,0.961933688564148,NA
26.2624966812,0.706147983488713,NA,0.255711230863937,NA,0.450436752624777,NA,0.96185921435265,NA
26.268563324,0.706110511446709,NA,0.255674089953033,NA,0.450436421493676,NA,0.961784601399742,NA
26.2746299668,0.70607361947136,NA,0.255636236679394,NA,0.450437382791965,NA,0.961709856150754,NA
26.2806966096,0.706037282994334,NA,0.255597701624554,NA,0.45043958136978,NA,0.961634984618888,NA
26.2867632524,0.706001475221927,NA,0.255558518101308,NA,0.450442957120619,NA,0.961559993323235,NA
26.2928298952,0.70596617117353,NA,0.255518717198045,NA,0.450447453975486,NA,0.961484888371575,NA
26.298896538,0.705931344807843,NA,0.255478331303824,NA,0.450453013504019,NA,0.961409676111667,NA
26.3049631808,0.705896970452037,NA,0.255437392355754,NA,0.450459578096283,NA,0.961334362807791,NA
26.3110298236,0.705863022692452,NA,0.255395931974584,NA,0.450467090717869,NA,0.961258954667036,NA
26.3170964664,0.705829475297593,NA,0.255353982779931,NA,0.450475492517662,NA,0.961183458077523,NA
26.3231631092,0.705796303343494,NA,0.255311575795837,NA,0.450484727547657,NA,0.961107879139331,NA
26.329229752,0.705763480395627,NA,0.255268743888232,NA,0.450494736507395,NA,0.96103222428386,NA
26.3352963948,0.705730981228706,NA,0.255225518449832,NA,0.450505462778873,NA,0.960956499678538,NA
26.3413630376,0.705698779928066,NA,0.255181931712265,NA,0.4505168482158,NA,0.960880711640331,NA
26.3474296804,0.705666850815826,NA,0.25513801561882,NA,0.450528835197006,NA,0.960804866434646,NA
26.3534963232,0.705635168361796,NA,0.255093801935316,NA,0.45054136642648,NA,0.960728970297112,NA
26.359562966,0.705603706573255,NA,0.255049322984259,NA,0.450554383588996,NA,0.960653029557513,NA
26.3656296088,0.705572440164557,NA,0.255004610239634,NA,0.450567829924923,NA,0.96057705040419,NA
26.3716962516,0.705541343064366,NA,0.254959696115602,NA,0.450581646948764,NA,0.960501039179967,NA
26.3777628944,0.705510389804086,NA,0.254914612307467,NA,0.450595777496619,NA,0.960425002111554,NA
26.3838295372,0.705479554591629,NA,0.254869390894485,NA,0.450610163697144,NA,0.960348945486114,NA
26.38989618,0.705448811748123,NA,0.254824063821068,NA,0.450624747927056,NA,0.960272875569191,NA
26.3959628228,0.705418135622783,NA,0.25477866300316,NA,0.450639472619622,NA,0.960196798625943,NA
26.4020294656,0.705387500464544,NA,0.254733220462595,NA,0.450654280001949,NA,0.960120720927138,NA
26.4080961084,0.705356880625565,NA,0.254687768123876,NA,0.450669112501689,NA,0.960044648749442,NA
26.4141627512,0.705326250396184,NA,0.254642337951348,NA,0.450683912444836,NA,0.959968588347532,NA
26.420229394,0.705295584067716,NA,0.254596961938883,NA,0.450698622128833,NA,0.959892546006598,NA
26.4262960368,0.705264855966575,NA,0.254551672018416,NA,0.450713183948159,NA,0.959816527984991,NA
26.4323626796,0.705234040416971,NA,0.254506500130429,NA,0.450727540286542,NA,0.9597405405474,NA
26.4384293224,0.705203111643455,NA,0.25446147834605,NA,0.450741633297405,NA,0.959664589989505,NA
26.4444959652,0.705172044138654,NA,0.254416638383907,NA,0.450755405754746,NA,0.959588682522561,NA
26.450562608,0.705140811894562,NA,0.254372012616498,NA,0.450768799278064,NA,0.95951282451106,NA
26.4566292508,0.705109389559126,NA,0.254327632563404,NA,0.450781756995721,NA,0.95943702212253,NA
26.4626958936,0.705077751187635,NA,0.25428353051201,NA,0.450794220675626,NA,0.959361281699645,NA
26.4687625364,0.705045871220947,NA,0.254239738251991,NA,0.450806132968956,NA,0.959285609472938,NA
26.4748291792,0.705013723990413,NA,0.254196287714836,NA,0.450817436275577,NA,0.959210011705248,NA
26.480895822,0.704981283591856,NA,0.254153211131916,NA,0.45082807245994,NA,0.959134494723771,NA
26.4869624648,0.704948524763627,NA,0.254110539916127,NA,0.450837984847499,NA,0.959059064679754,NA
26.4930291076,0.70491542113959,NA,0.25406830688543,NA,0.450847114254161,NA,0.95898372802502,NA
26.4990957504,0.704881947721234,NA,0.254026543119702,NA,0.450855404601531,NA,0.958908490840936,NA
26.5051623932,0.704848078331889,NA,0.253985281194781,NA,0.450862797137108,NA,0.95883335952667,NA
26.511229036,0.704813787522788,NA,0.25394455276314,NA,0.450869234759647,NA,0.958758340285928,NA
26.5172956788,0.70477904963649,NA,0.253904389742221,NA,0.45087465989427,NA,0.958683439378711,NA
26.5233623216,0.704743838636028,NA,0.253864824528691,NA,0.450879014107336,NA,0.958608663164719,NA
26.5294289644,0.704708129507506,NA,0.253825888227188,NA,0.450882241280318,NA,0.958534017734694,NA
26.5354956072,0.704671895528692,NA,0.253787614098604,NA,0.450884281430088,NA,0.958459509627297,NA
26.54156225,0.70463511205055,NA,0.253750032788175,NA,0.450885079262375,NA,0.958385144838725,NA
26.5476288928,0.704597752668519,NA,0.253713177155129,NA,0.45088457551339,NA,0.958310929823648,NA
26.5536955356,0.70455979204014,NA,0.253677078719798,NA,0.450882713320342,NA,0.958236870759938,NA
26.5597621784,0.704521204523247,NA,0.253641769380515,NA,0.450879435142732,NA,0.958162973903763,NA
26.5658288212,0.704481963944014,NA,0.253607281704308,NA,0.450874682239706,NA,0.958089245648322,NA
26.571895464,0.704442223322332,NA,0.253573395060481,NA,0.450868828261852,NA,0.958015618382813,NA
26.5779621068,0.704402503526017,NA,0.253539368240336,NA,0.450863135285681,NA,0.957941871766353,NA
26.5840287496,0.704362833562867,NA,0.253505156065782,NA,0.450857677497085,NA,0.957867989628649,NA
26.5900953924,0.70432320547669,NA,0.253470765267915,NA,0.450852440208774,NA,0.957793970744605,NA
26.5961620352,0.704283611221067,NA,0.253436202924277,NA,0.45084740829679,NA,0.957719814145344,NA
26.602228678,0.704244042779139,NA,0.253401476010443,NA,0.450842566768696,NA,0.957645518789582,NA
26.6082953208,0.704204492143625,NA,0.253366591378179,NA,0.450837900765446,NA,0.957571083521805,NA
26.6143619636,0.704164951280122,NA,0.253331556204773,NA,0.45083339507535,NA,0.957496507484895,NA
26.6204286064,0.704125412177234,NA,0.253296377169704,NA,0.45082903500753,NA,0.957421789346939,NA
26.6264952492,0.704085866816032,NA,0.253261061516791,NA,0.450824805299241,NA,0.957346928332823,NA
26.632561892,0.704046307168588,NA,0.253225616041066,NA,0.450820691127522,NA,0.957271923209654,NA
26.6386285348,0.704006725222268,NA,0.253190047789107,NA,0.450816677433161,NA,0.957196773011375,NA
26.6446951776,0.703967112964379,NA,0.253154363734479,NA,0.4508127492299,NA,0.957121476698858,NA
26.6507618204,0.703927462345523,NA,0.253118570763935,NA,0.450808891581588,NA,0.957046033109458,NA
26.6568284632,0.703887765408964,NA,0.253082675988081,NA,0.450805089420884,NA,0.956970441397045,NA
26.662895106,0.70384801403249,NA,0.253046686183489,NA,0.450801327849002,NA,0.956894700215979,NA
26.6689617488,0.703808200305587,NA,0.253010608498168,NA,0.450797591807418,NA,0.956818808803755,NA
26.6750283916,0.703768316129863,NA,0.252974449789983,NA,0.45079386633988,NA,0.956742765919847,NA
26.6810950344,0.703728353525197,NA,0.252938217075657,NA,0.45079013644954,NA,0.956666570600854,NA
26.6871616772,0.703688304484334,NA,0.252901917325634,NA,0.4507863871587,NA,0.956590221809968,NA
26.69322832,0.703648160914488,NA,0.252865557462761,NA,0.450782603451727,NA,0.956513718377249,NA
26.6992949628,0.703607914937225,NA,0.25282914453041,NA,0.450778770406815,NA,0.956437059467636,NA
26.7053616056,0.703567558320152,NA,0.252792685401695,NA,0.450774872918457,NA,0.956360243721847,NA
26.7114282484,0.7035270832599,NA,0.252756187129918,NA,0.450770896129982,NA,0.956283270389818,NA
26.7174948912,0.703486481588883,NA,0.252719656634674,NA,0.450766824954209,NA,0.956206138223556,NA
26.723561534,0.703445745358223,NA,0.25268310090393,NA,0.450762644454294,NA,0.956128846262153,NA
26.7296281768,0.703404866567372,NA,0.252646526903912,NA,0.45075833966346,NA,0.956051393471284,NA
26.7356948196,0.703363837078888,NA,0.252609941594661,NA,0.450753895484227,NA,0.95597377867355,NA
26.7417614624,0.703322649093273,NA,0.252573351951767,NA,0.450749297141507,NA,0.95589600104504,NA
26.7478281052,0.703281294268588,NA,0.252536764944326,NA,0.450744529324261,NA,0.955818059212914,NA
26.753894748,0.703239764907339,NA,0.252500187532044,NA,0.450739577375295,NA,0.955739952439383,NA
26.7599613908,0.703198052774015,NA,0.252463626695141,NA,0.450734426078874,NA,0.955661679469155,NA
26.7660280336,0.703156149949714,NA,0.252427089393931,NA,0.450729060555783,NA,0.955583239343645,NA
26.7720946764,0.703114048441862,NA,0.252390582589318,NA,0.450723465852544,NA,0.95550463103118,NA
26.7781613192,0.703071740067092,NA,0.252354113279641,NA,0.450717626787451,NA,0.955425853346732,NA
26.784227962,0.703029217105476,NA,0.252317688372153,NA,0.450711528733324,NA,0.955346905477629,NA
26.7902946048,0.702986471106165,NA,0.252281314931389,NA,0.450705156174776,NA,0.955267786037553,NA
26.7963612476,0.702943494476271,NA,0.252244999824552,NA,0.450698494651719,NA,0.955188494300823,NA
26.8024278904,0.702900278913627,NA,0.252208750091389,NA,0.450691528822238,NA,0.955109029005016,NA
26.8084945332,0.702856816528037,NA,0.252172572665665,NA,0.450684243862372,NA,0.955029389193701,NA
26.814561176,0.70281309933617,NA,0.252136474501857,NA,0.450676624834313,NA,0.954949573838026,NA
26.8206278188,0.702769119107466,NA,0.252100462637704,NA,0.450668656469762,NA,0.95486958174517,NA
26.8266944616,0.702724868202202,NA,0.252064543911574,NA,0.450660324290629,NA,0.954789412113776,NA
26.8327611044,0.702680338061252,NA,0.252028725482885,NA,0.450651612578367,NA,0.954709063544137,NA
26.8388277472,0.702635521195065,NA,0.251993014127446,NA,0.450642507067619,NA,0.954628535322511,NA
26.84489439,0.702590409236087,NA,0.251957416943423,NA,0.450632992292663,NA,0.95454782617951,NA
26.8509610328,0.70254499432156,NA,0.251921940839135,NA,0.450623053482425,NA,0.954466935160695,NA
26.8570276756,0.702499268478664,NA,0.251886592761533,NA,0.450612675717131,NA,0.954385861240197,NA
26.8630943184,0.702453223428378,NA,0.251851379788856,NA,0.450601843639523,NA,0.954304603217234,NA
26.8691609612,0.702406851611819,NA,0.251816308690034,NA,0.450590542921785,NA,0.954223160301854,NA
26.875227604,0.702360144362215,NA,0.251781386718822,NA,0.450578757643394,NA,0.954141531081037,NA
26.8812942468,0.702313094292088,NA,0.251746620560731,NA,0.450566473731358,NA,0.954059714852819,NA
26.8873608896,0.702265692969763,NA,0.251712017371248,NA,0.450553675598514,NA,0.953977710341011,NA
26.8934275324,0.70221793255865,NA,0.251677584034347,NA,0.450540348524303,NA,0.953895516592998,NA
26.8994941752,0.702169755647233,NA,0.25164339742189,NA,0.450526358225343,NA,0.953813153069123,NA
26.905560818,0.702121086302094,NA,0.25160956026115,NA,0.450511526040945,NA,0.953730646563244,NA
26.9116274608,0.702071930992917,NA,0.251576059526904,NA,0.450495871466014,NA,0.953647990519821,NA
26.9176941036,0.702022295521414,NA,0.251542881953826,NA,0.450479413567589,NA,0.95356517747524,NA
26.9237607464,0.701972187515271,NA,0.251510013046144,NA,0.450462174469127,NA,0.953482200561415,NA
26.9298273892,0.701921613148852,NA,0.251477439270618,NA,0.450444173878234,NA,0.95339905241947,NA
26.935894032,0.70187057940064,NA,0.251445146571517,NA,0.450425432829123,NA,0.953315725972157,NA
26.9419606748,0.701819093076118,NA,0.251413121012875,NA,0.450405972063243,NA,0.953232214088993,NA
26.9480273176,0.701767160540737,NA,0.251381348904371,NA,0.450385811636366,NA,0.953148509445108,NA
26.9540939604,0.701714789159242,NA,0.251349816000551,NA,0.450364973158691,NA,0.953064605159793,NA
26.9601606032,0.701661984827273,NA,0.251318508846053,NA,0.45034347598122,NA,0.952980493673327,NA
26.966227246,0.701608755079769,NA,0.251287413128938,NA,0.450321341950832,NA,0.952896168208707,NA
26.9722938888,0.701555106151962,NA,0.251256515197911,NA,0.450298590954051,NA,0.952811621349872,NA
26.9783605316,0.701501044993346,NA,0.251225801049516,NA,0.45027524394383,NA,0.952726846042862,NA
26.9844271744,0.701446578406513,NA,0.251195256761293,NA,0.45025132164522,NA,0.952641835167806,NA
26.9904938172,0.701391712791685,NA,0.251164868563634,NA,0.450226844228051,NA,0.952556581355319,NA
26.99656046,0.701336455448668,NA,0.25113462234885,NA,0.450201833099818,NA,0.952471077797519,NA
27.0026271028,0.701280812366497,NA,0.251104504472641,NA,0.450176307893856,NA,0.952385316839138,NA
27.0086937456,0.701224790988428,NA,0.251074500804701,NA,0.450150290183727,NA,0.952299291793129,NA
27.0147603884,0.701168397609494,NA,0.251044597577883,NA,0.450123800031611,NA,0.952212995187377,NA
27.0208270312,0.701111639151271,NA,0.251014780838803,NA,0.450096858312468,NA,0.952126419990074,NA
27.026893674,0.701054522412389,NA,0.250985036680708,NA,0.45006948573168,NA,0.952039559093097,NA
27.0329603168,0.70099705382891,NA,0.250955351252505,NA,0.450041702576405,NA,0.951952405081415,NA
27.0390269596,0.700939242685537,NA,0.250925713485026,NA,0.450013529200511,NA,0.951864956170563,NA
27.0450936024,0.700881226824866,NA,0.250896295883904,NA,0.449984930940961,NA,0.95177752270877,NA
27.0511602452,0.700823092587118,NA,0.250867196203576,NA,0.449955896383542,NA,0.951690288790694,NA
27.057226888,0.700764847095831,NA,0.250838401651859,NA,0.449926445443971,NA,0.95160324874769,NA
27.0632935308,0.700706497666822,NA,0.250809898918764,NA,0.449896598748058,NA,0.951516396585586,NA
27.0693601736,0.700648051575656,NA,0.250781674797037,NA,0.449866376778618,NA,0.951429726372693,NA
27.0754268164,0.700589516005613,NA,0.250753716356431,NA,0.449835799649182,NA,0.951343232362045,NA
27.0814934592,0.700530898337851,NA,0.250726010069072,NA,0.449804888268779,NA,0.951256908406923,NA
27.087560102,0.700472205684452,NA,0.250698543242419,NA,0.449773662442033,NA,0.951170748926871,NA
27.0936267448,0.700413445438938,NA,0.250671302287289,NA,0.449742143151649,NA,0.951084747726227,NA
27.0996933876,0.7003546247843,NA,0.250644274302569,NA,0.449710350481731,NA,0.950998899086869,NA
27.1057600304,0.70029575101126,NA,0.250617446024923,NA,0.449678304986337,NA,0.950913197036183,NA
27.1118266732,0.700236831386118,NA,0.250590804262721,NA,0.449646027123397,NA,0.95082763564884,NA
27.117893316,0.700177873135778,NA,0.250564336007819,NA,0.44961353712796,NA,0.950742209143597,NA
27.1239599588,0.700118883568336,NA,0.250538027864182,NA,0.449580855704154,NA,0.950656911432517,NA
27.1300266016,0.700059869893455,NA,0.250511866961815,NA,0.449548002931639,NA,0.95057173685527,NA
27.1360932444,0.700000839411994,NA,0.250485839880659,NA,0.449514999531335,NA,0.950486679292653,NA
27.1421598872,0.69994179936525,NA,0.250459933612754,NA,0.449481865752496,NA,0.950401732978004,NA
27.14822653,0.699882757019998,NA,0.250434134939336,NA,0.449448622080662,NA,0.950316891959334,NA
27.1542931728,0.699823719632126,NA,0.250408430686478,NA,0.449415288945649,NA,0.950232150318604,NA
27.1603598156,0.699764694473309,NA,0.250382807766054,NA,0.449381886707254,NA,0.950147502239363,NA
27.1664264584,0.699705688778005,NA,0.250357252914917,NA,0.449348435863089,NA,0.950062941692922,NA
27.1724931012,0.699646709852887,NA,0.250331753086655,NA,0.449314956766232,NA,0.949978462939542,NA
27.178559744,0.6995877649073,NA,0.250306295028251,NA,0.44928146987905,NA,0.949894059935551,NA
27.1846263868,0.699528861239695,NA,0.250280865626979,NA,0.449247995612716,NA,0.949809726866674,NA
27.1906930296,0.699470006094051,NA,0.250255451706566,NA,0.449214554387485,NA,0.949725457800616,NA
27.1967596724,0.699411206714694,NA,0.250230040112868,NA,0.449181166601827,NA,0.949641246827562,NA
27.2028263152,0.699352470419218,NA,0.250204617675702,NA,0.449147852743517,NA,0.94955708809492,NA
27.208892958,0.699293804367874,NA,0.25017917126584,NA,0.449114633102034,NA,0.949472975633714,NA
27.2149596008,0.699235215963764,NA,0.250153687661502,NA,0.449081528302262,NA,0.949388903625266,NA
27.2210262436,0.69917671232587,NA,0.250128153774626,NA,0.449048558551244,NA,0.949304866100496,NA
27.2270928864,0.699118300808649,NA,0.250102556389806,NA,0.449015744418843,NA,0.949220857198455,NA
27.2331595292,0.699059988634432,NA,0.250076882371174,NA,0.448983106263259,NA,0.949136871005606,NA
27.239226172,0.699001783034836,NA,0.250051118586456,NA,0.44895066444838,NA,0.949052901621291,NA
27.2452928148,0.698943618990906,NA,0.250025354147214,NA,0.448918264843692,NA,0.94896897313812,NA
27.2513594576,0.698885095395712,NA,0.25000015333041,NA,0.448884942065302,NA,0.948885248726123,NA
27.2574261004,0.698826162634227,NA,0.24997558351131,NA,0.448850579122916,NA,0.948801746145537,NA
27.2634927432,0.698766838829791,NA,0.249951616076045,NA,0.448815222753747,NA,0.948718454905836,NA
27.269559386,0.698707140957378,NA,0.249928224180721,NA,0.448778916776657,NA,0.948635365138099,NA
27.2756260288,0.698647086586333,NA,0.249905380065919,NA,0.448741706520413,NA,0.948552466652252,NA
27.2816926716,0.698586693198898,NA,0.249883056107141,NA,0.448703637091758,NA,0.948469749306039,NA
27.2877593144,0.698525977903876,NA,0.249861225251728,NA,0.448664752652147,NA,0.948387203155604,NA
27.2938259572,0.69846495856068,NA,0.249839859298184,NA,0.448625099262496,NA,0.948304817858865,NA
27.2998926,0.69840365202096,NA,0.249818931585165,NA,0.448584720435795,NA,0.948222583606125,NA
27.3059592428,0.698342076188831,NA,0.249798413845077,NA,0.448543662343754,NA,0.948140490033909,NA
27.3120258856,0.698280248176124,NA,0.249778279017923,NA,0.4485019691582,NA,0.948058527194047,NA
27.3180925284,0.698218185497695,NA,0.249758499430218,NA,0.448459686067477,NA,0.947976684927913,NA
27.3241591712,0.698155905607908,NA,0.249739047501698,NA,0.44841685810621,NA,0.947894953109606,NA
27.330225814,0.69809342572581,NA,0.249719896005299,NA,0.448373529720511,NA,0.94781332173111,NA
27.3362924568,0.698030763532832,NA,0.249701017020896,NA,0.448329746511936,NA,0.947731780553729,NA
27.3423590996,0.697967936111717,NA,0.249682383522016,NA,0.448285552589701,NA,0.947650319633733,NA
27.3484257424,0.697904961150115,NA,0.249663967582988,NA,0.448240993567127,NA,0.947568928733103,NA
27.3544923852,0.697841855893955,NA,0.249645741932063,NA,0.448196113961892,NA,0.947487597826017,NA
27.360559028,0.69777863780636,NA,0.249627678977334,NA,0.448150958829026,NA,0.947406316783694,NA
27.3666256708,0.697715324311062,NA,0.249609751187132,NA,0.44810557312393,NA,0.947325075498193,NA
27.3726923136,0.697651932740108,NA,0.249591931155629,NA,0.448060001584479,NA,0.947243863895737,NA
27.3787589564,0.697588480595565,NA,0.24957419124625,NA,0.448014289349316,NA,0.947162671841815,NA
27.3848255992,0.697524985189897,NA,0.249556504069566,NA,0.447968481120331,NA,0.947081489259463,NA
27.390892242,0.697461463997039,NA,0.249538842037479,NA,0.44792262195956,NA,0.947000306034518,NA
27.3969588848,0.697397934394266,NA,0.24952117767084,NA,0.447876756723426,NA,0.946919112065107,NA
27.4030255276,0.697334413795725,NA,0.249503483454971,NA,0.447830930340754,NA,0.946837897250697,NA
27.4090921704,0.697270919591756,NA,0.249485731911144,NA,0.447785187680612,NA,0.9467566515029,NA
27.4151588132,0.697207469230164,NA,0.249467895450419,NA,0.447739573779746,NA,0.946675364680583,NA
27.421225456,0.697144080032275,NA,0.249449946721944,NA,0.447694133310331,NA,0.946594026754219,NA
27.4272920988,0.697080769538895,NA,0.249431857975516,NA,0.447648911563379,NA,0.946512627514411,NA
27.4333587416,0.697017555013,NA,0.249413601956252,NA,0.447603953056748,NA,0.946431156969252,NA
27.4394253844,0.696954453960457,NA,0.249395150981957,NA,0.4475593029785,NA,0.946349604942414,NA
27.4454920272,0.696891483749187,NA,0.249376477610829,NA,0.447515006138358,NA,0.946267961360017,NA
27.45155867,0.696828661733389,NA,0.249357554421436,NA,0.447471107311953,NA,0.946186216154825,NA
27.4576253128,0.696766005479378,NA,0.24933835363737,NA,0.447427651842008,NA,0.946104359116747,NA
27.4636919556,0.696703532126361,NA,0.249318848195682,NA,0.447384683930679,NA,0.946022380322042,NA
27.4697585984,0.69664125944211,NA,0.249299009987567,NA,0.447342249454542,NA,0.945940269429677,NA
27.4758252412,0.696579204481395,NA,0.249278812087008,NA,0.447300392394387,NA,0.945858016568403,NA
27.481891884,0.696517384875923,NA,0.249258226613115,NA,0.447259158262807,NA,0.945775611489038,NA
27.4879585268,0.696455817950143,NA,0.24923722619261,NA,0.447218591757533,NA,0.945693044142753,NA
27.4940251696,0.696394521019357,NA,0.249215783465709,NA,0.447178737553648,NA,0.945610304485065,NA
27.5000918124,0.696333511771144,NA,0.249193870464184,NA,0.44713964130696,NA,0.945527382235327,NA
27.5061584552,0.696272807161218,NA,0.249171460415164,NA,0.447101346746053,NA,0.945444267576382,NA
27.512225098,0.696212425182936,NA,0.249148524853421,NA,0.447063900329515,NA,0.945360950036358,NA
27.5182917408,0.696152382685622,NA,0.249125037177448,NA,0.447027345508174,NA,0.94527741986307,NA
27.5243583836,0.696092697424061,NA,0.249100969312017,NA,0.446991728112044,NA,0.945193666736078,NA
27.5304250264,0.696033386681989,NA,0.249076293948017,NA,0.446957092733973,NA,0.945109680630006,NA
27.5364916692,0.695974467733056,NA,0.249050983791665,NA,0.446923483941391,NA,0.945025451524721,NA
27.542558312,0.69591595838886,NA,0.249025010678562,NA,0.446890947710298,NA,0.944940969067422,NA
27.5486249548,0.695857875420243,NA,0.248998348128092,NA,0.446859527292151,NA,0.944856223548335,NA
27.5546915976,0.695800237044773,NA,0.248970967320779,NA,0.446829269723994,NA,0.944771204365553,NA
27.5607582404,0.695743059909076,NA,0.248942841975275,NA,0.446800217933801,NA,0.944685901884351,NA
27.5668248832,0.695686361888268,NA,0.248913943826362,NA,0.446772418061906,NA,0.94460030571463,NA
27.572891526,0.695630160228123,NA,0.248884245624748,NA,0.446745914603375,NA,0.944514405852872,NA
27.5789581688,0.695574472157884,NA,0.248853720147004,NA,0.44672075201088,NA,0.944428192304888,NA
27.5850248116,0.695519315615924,NA,0.248822339028206,NA,0.446696976587717,NA,0.94434165464413,NA
27.5910914544,0.695464705959898,NA,0.248790077817317,NA,0.446674628142581,NA,0.944254783777215,NA
27.5971580972,0.69541057711146,NA,0.248757026870353,NA,0.446653550241107,NA,0.944167603981813,NA
27.60322474,0.695356870674592,NA,0.248723266065331,NA,0.446633604609261,NA,0.944080136739923,NA
27.6092913828,0.695303571549331,NA,0.248688813751483,NA,0.446614757797848,NA,0.943992385300814,NA
27.6153580256,0.695250664066944,NA,0.24865368923333,NA,0.446596974833614,NA,0.943904353300274,NA
27.6214246684,0.69519813257844,NA,0.2486179117923,NA,0.446580220786141,NA,0.94381604437074,NA
27.6274913112,0.69514596192243,NA,0.248581499851902,NA,0.446564462070528,NA,0.943727461774332,NA
27.633557954,0.695094136041259,NA,0.248544473420323,NA,0.446549662620935,NA,0.943638609461582,NA
27.6396245968,0.695042640026526,NA,0.248506850451637,NA,0.44653578957489,NA,0.943549490478163,NA
27.6456912396,0.694991457805362,NA,0.248468651002481,NA,0.44652280680288,NA,0.943460108807843,NA
27.6517578824,0.694940574164709,NA,0.248429893563122,NA,0.446510680601587,NA,0.943370467727831,NA
27.6578245252,0.694889973475448,NA,0.248390597387278,NA,0.44649937608817,NA,0.943280570862725,NA
27.663891168,0.694839640122455,NA,0.248350781716948,NA,0.446488858405508,NA,0.943190421839403,NA
27.6699578108,0.694789558836993,NA,0.248310465105301,NA,0.446479093731693,NA,0.943100023942294,NA
27.6760244536,0.694739713724687,NA,0.248269667361102,NA,0.446470046363585,NA,0.943009381085789,NA
27.6820910964,0.694690089675474,NA,0.248228406687139,NA,0.446461682988335,NA,0.942918496362614,NA
27.6881577392,0.694640670800598,NA,0.248186702911805,NA,0.446453967888793,NA,0.942827373712404,NA
27.694224382,0.694591441776368,NA,0.248144574663382,NA,0.446446867112986,NA,0.94273601643975,NA
27.7002910248,0.694542387010817,NA,0.248102041147801,NA,0.446440345863016,NA,0.942644428158618,NA
27.7063576676,0.69449349092515,NA,0.248059121564618,NA,0.446434369360531,NA,0.942552612489768,NA
27.7124243104,0.694444738140821,NA,0.248015834599676,NA,0.446428903541145,NA,0.942460572740498,NA
27.7184909532,0.694396112927966,NA,0.247972199860812,NA,0.446423913067154,NA,0.942368312788778,NA
27.724557596,0.694347599976086,NA,0.24792823579802,NA,0.446419364178066,NA,0.942275835774107,NA
27.7306242388,0.694299183578083,NA,0.247883962014463,NA,0.44641522156362,NA,0.942183145592546,NA
27.7366908816,0.694250848302089,NA,0.247839397273422,NA,0.446411451028667,NA,0.942090245575511,NA
27.7427575244,0.694202578590834,NA,0.247794560736059,NA,0.446408017854775,NA,0.941997139326894,NA
27.7488241672,0.694154358904306,NA,0.24774947155647,NA,0.446404887347836,NA,0.941903830460776,NA
27.75489081,0.694106173751696,NA,0.247704148556189,NA,0.446402025195507,NA,0.941810322307885,NA
27.7609574528,0.694058007568876,NA,0.247658611140614,NA,0.446399396428263,NA,0.94171661870949,NA
27.7670240956,0.694009844846144,NA,0.24761287800544,NA,0.446396966840704,NA,0.941622722851584,NA
27.7730907384,0.693961670055599,NA,0.247566968531614,NA,0.446394701523985,NA,0.941528638587213,NA
27.7791573812,0.693913467659655,NA,0.247520901614402,NA,0.446392566045253,NA,0.941434369274057,NA
27.785224024,0.693865222133282,NA,0.247474696373212,NA,0.446390525760069,NA,0.941339918506494,NA
27.7912906668,0.693816917977705,NA,0.247428371913663,NA,0.446388546064042,NA,0.941245289891368,NA
27.7973573096,0.693768539587399,NA,0.247381947195997,NA,0.446386592391402,NA,0.941150486783396,NA
27.8034239524,0.693720071565201,NA,0.247335441421668,NA,0.446384630143533,NA,0.941055512986869,NA
27.8094905952,0.693671498203429,NA,0.247288873530557,NA,0.446382624672872,NA,0.940960371733986,NA
27.815557238,0.693622804150928,NA,0.247242262684418,NA,0.44638054146651,NA,0.940865066835347,NA
27.8216238808,0.693573973766847,NA,0.247195627907481,NA,0.446378345859367,NA,0.940769601674328,NA
27.8276905236,0.693524991555941,NA,0.24714898828042,NA,0.446376003275521,NA,0.940673979836361,NA
27.8337571664,0.69347584206313,NA,0.247102362857357,NA,0.446373479205773,NA,0.940578204920487,NA
27.8398238092,0.693426509565714,NA,0.247055770740262,NA,0.446370738825452,NA,0.940482280305975,NA
27.845890452,0.693376978834721,NA,0.247009230925132,NA,0.446367747909589,NA,0.940386209759854,NA
27.8519570948,0.693327233965724,NA,0.246962762594532,NA,0.446364471371193,NA,0.940289996560256,NA
27.8580237376,0.693277259781852,NA,0.246916384694035,NA,0.446360875087817,NA,0.940193644475887,NA
27.8640903804,0.693227040541448,NA,0.246870116373819,NA,0.44635692416763,NA,0.940097156915267,NA
27.8701570232,0.693176560776593,NA,0.246823976678842,NA,0.446352584097751,NA,0.940000537455435,NA
27.876223666,0.693125805078363,NA,0.246777984608712,NA,0.446347820469651,NA,0.939903789687075,NA
27.8822903088,0.693074757604421,NA,0.246732159410142,NA,0.446342598194279,NA,0.939806917014563,NA
27.8883569516,0.69302340329522,NA,0.246686519872167,NA,0.446336883423052,NA,0.939709923167387,NA
27.8944235944,0.692971726050811,NA,0.246641085418523,NA,0.446330640632288,NA,0.939612811469335,NA
27.9004902372,0.692919710866153,NA,0.246595874781624,NA,0.446323836084529,NA,0.939515585647776,NA
27.90655688,0.69286734190124,NA,0.246550907234576,NA,0.446316434666665,NA,0.939418249135816,NA
27.9126235228,0.692814603713022,NA,0.246506201789638,NA,0.446308401923384,NA,0.939320805502659,NA
27.9186901656,0.692761480941185,NA,0.246461777388887,NA,0.446299703552298,NA,0.939223258330072,NA
27.9247568084,0.692707957621302,NA,0.246417653426797,NA,0.446290304194505,NA,0.9391256110481,NA
27.9308234512,0.692654018864478,NA,0.246373848483933,NA,0.446280170380545,NA,0.939027867348411,NA
27.936890094,0.692599648376471,NA,0.246330382223692,NA,0.446269266152779,NA,0.938930030600163,NA
27.9429567368,0.692544995505151,NA,0.246287040977757,NA,0.446257954527394,NA,0.938832036482908,NA
27.9490233796,0.692490424021577,NA,0.246243307152421,NA,0.446247116869156,NA,0.938733731173999,NA
27.9550900224,0.692435938890793,NA,0.24619917090055,NA,0.446236767990243,NA,0.938635109791344,NA
27.9611566652,0.69238152982051,NA,0.246154644008629,NA,0.446226885811881,NA,0.938536173829138,NA
27.967223308,0.692327186620769,NA,0.246109737679438,NA,0.446217448941331,NA,0.938436924300206,NA
27.9732899508,0.69227289893592,NA,0.246064464115657,NA,0.446208434820263,NA,0.938337363051577,NA
27.9793565936,0.692218656592038,NA,0.246018834290376,NA,0.446199822301662,NA,0.938237490882413,NA
27.9854232364,0.692164449257332,NA,0.245972860385341,NA,0.446191588871991,NA,0.938137309642673,NA
27.9914898792,0.692110266701562,NA,0.245926553709319,NA,0.446183712992243,NA,0.938036820410881,NA
27.997556522,0.692056098651705,NA,0.245879925966609,NA,0.446176172685095,NA,0.937936024618314,NA
28.0036231648,0.692001934846303,NA,0.245832988912224,NA,0.446168945934079,NA,0.937834923758527,NA
28.0096898076,0.691947765015999,NA,0.245785753835416,NA,0.446162011180583,NA,0.937733518851415,NA
28.0157564504,0.691893578917289,NA,0.245738232813588,NA,0.446155346103701,NA,0.937631811730877,NA
28.0218230932,0.691839366247176,NA,0.245690436967717,NA,0.446148929279459,NA,0.937529803214893,NA
28.027889736,0.69178511678712,NA,0.245642378347858,NA,0.446142738439262,NA,0.937427495134977,NA
28.0339563788,0.691730820242198,NA,0.245594068339467,NA,0.446136751902731,NA,0.937324888581665,NA
28.0400230216,0.6916764663555,NA,0.245545518625154,NA,0.446130947730346,NA,0.937221984980654,NA
28.0460896644,0.691622044898026,NA,0.245496740926621,NA,0.446125303971404,NA,0.937118785824647,NA
28.0521563072,0.691567545519391,NA,0.245447746621434,NA,0.446119798897957,NA,0.937015292140825,NA
28.05822295,0.691512958089053,NA,0.245398547660796,NA,0.446114410428257,NA,0.936911505749849,NA
28.0642895928,0.691458272175754,NA,0.245349155312651,NA,0.446109116863103,NA,0.936807427488405,NA
28.0703562356,0.69140347767258,NA,0.245299581497204,NA,0.446103896175376,NA,0.936703059169784,NA
28.0764228784,0.691348564221551,NA,0.245249837674761,NA,0.44609872654679,NA,0.936598401896312,NA
28.0824895212,0.691293521580245,NA,0.245199935508083,NA,0.446093586072162,NA,0.936493457088329,NA
28.088556164,0.691238339553743,NA,0.24514988668372,NA,0.446088452870023,NA,0.936388226237463,NA
28.0946228068,0.691183007709011,NA,0.245099702669389,NA,0.446083305039622,NA,0.9362827103784,NA
28.1006894496,0.691127516029277,NA,0.245049395289178,NA,0.446078120740099,NA,0.936176911318455,NA
28.1067560924,0.691071853955837,NA,0.244998975957076,NA,0.446072877998761,NA,0.936070829912914,NA
28.1128227352,0.691016011491778,NA,0.244948456465278,NA,0.446067555026499,NA,0.935964467957056,NA
28.118889378,0.690959978217687,NA,0.2448978483471,NA,0.446062129870587,NA,0.935857826564787,NA
28.1249560208,0.690903743904006,NA,0.244847163247293,NA,0.446056580656713,NA,0.935750907151299,NA
28.1310226636,0.690847298391521,NA,0.244796412815417,NA,0.446050885576104,NA,0.935643711206938,NA
28.1370893064,0.690790631162924,NA,0.244745608611179,NA,0.446045022551745,NA,0.935536239774102,NA
28.1431559492,0.690733732316027,NA,0.244694762330631,NA,0.446038969985396,NA,0.935428494646658,NA
28.149222592,0.690676591165491,NA,0.24464388553289,NA,0.446032705632601,NA,0.935320476698381,NA
28.1552892348,0.690619197822779,NA,0.244592989883977,NA,0.446026207938802,NA,0.935212187706756,NA
28.1613558776,0.690561541808671,NA,0.244542086988382,NA,0.446019454820289,NA,0.935103628797053,NA
28.1674225204,0.690503612904848,NA,0.244491188474682,NA,0.446012424430166,NA,0.93499480137953,NA
28.1734891632,0.690445400989424,NA,0.244440305953609,NA,0.446005095035815,NA,0.934885706943034,NA
28.179555806,0.690386895459195,NA,0.244389451078701,NA,0.445997444380494,NA,0.934776346537896,NA
28.1856224488,0.690328086527369,NA,0.244338635417053,NA,0.445989451110316,NA,0.934666721944421,NA
28.1916890916,0.690268963382782,NA,0.244287870671989,NA,0.445981092710793,NA,0.934556834054771,NA
28.1977557344,0.69020951624365,NA,0.244237168385198,NA,0.445972347858451,NA,0.934446684628848,NA
28.2038223772,0.69014973457257,NA,0.244186540230502,NA,0.445963194342068,NA,0.934336274803071,NA
28.20988902,0.69008960739525,NA,0.244135996739443,NA,0.445953610655807,NA,0.934225604134693,NA
28.2159556628,0.690029123537655,NA,0.24408554793903,NA,0.445943575598625,NA,0.934114671476684,NA
28.2220223056,0.689968274305374,NA,0.244035208401687,NA,0.445933065903686,NA,0.934003482707061,NA
28.2280889484,0.689907052182094,NA,0.243984992611234,NA,0.44592205957086,NA,0.933892044793328,NA
28.2341555912,0.689845448394381,NA,0.24393491547286,NA,0.445910532921521,NA,0.933780363867241,NA
28.240222234,0.689783455414865,NA,0.243884991445306,NA,0.445898463969558,NA,0.933668446860171,NA
28.2462888768,0.689721064811389,NA,0.243835235327147,NA,0.445885829484242,NA,0.933556300138536,NA
28.2523555196,0.689658268539312,NA,0.24378566176928,NA,0.445872606770032,NA,0.933443930308592,NA
28.2584221624,0.689595058705512,NA,0.243736285338734,NA,0.445858773366777,NA,0.933331344044246,NA
28.2644888052,0.689531426704551,NA,0.243687120957341,NA,0.44584430574721,NA,0.933218547661892,NA
28.270555448,0.689467283242351,NA,0.243638298726516,NA,0.445828984515835,NA,0.933105581968868,NA
28.2766220908,0.689402542234637,NA,0.243589942927254,NA,0.445812599307383,NA,0.932992485161892,NA
28.2826887336,0.689337222367246,NA,0.243542030908979,NA,0.445795191458267,NA,0.932879253276226,NA
28.2887553764,0.689271341176307,NA,0.243494540768628,NA,0.445776800407679,NA,0.932765881944935,NA
28.2948220192,0.689204916774131,NA,0.243447450157698,NA,0.445757466616433,NA,0.932652366931828,NA
28.300888662,0.689137967447129,NA,0.243400736612469,NA,0.44573723083466,NA,0.932538704059598,NA
28.3069553048,0.689070510605703,NA,0.243354378285299,NA,0.445716132320404,NA,0.932424888891002,NA
28.3130219476,0.689002565065716,NA,0.243308352353174,NA,0.445694212712542,NA,0.93231091741889,NA
28.3190885904,0.68893414800466,NA,0.24326263710441,NA,0.445671510900249,NA,0.93219678510907,NA
28.3251552332,0.688865278138802,NA,0.24321720980766,NA,0.445648068331143,NA,0.932082487946462,NA
28.331221876,0.6887959731137,NA,0.24317204842766,NA,0.44562392468604,NA,0.931968021541361,NA
28.3372885188,0.688726251017507,NA,0.243127130642699,NA,0.445599120374808,NA,0.931853381660206,NA
28.3433551616,0.688656130075522,NA,0.243082434067676,NA,0.445573696007846,NA,0.931738564143198,NA
28.3494218044,0.688585627844526,NA,0.243037936670921,NA,0.445547691173606,NA,0.931623564515447,NA
28.3554884472,0.688514762940005,NA,0.242993615878665,NA,0.44552114706134,NA,0.931508378818669,NA
28.36155509,0.68844355276256,NA,0.242949449704951,NA,0.445494103057609,NA,0.931393002467511,NA
28.3676217328,0.688372015836616,NA,0.242905415652515,NA,0.445466600184101,NA,0.93127743148913,NA
28.3736883756,0.688300169914305,NA,0.242861491557419,NA,0.445438678356886,NA,0.931161661471724,NA
28.3797550184,0.688228033062473,NA,0.242817655121217,NA,0.445410377941255,NA,0.93104568818369,NA
28.3858216612,0.688155623442459,NA,0.242773884040951,NA,0.445381739401508,NA,0.93092950748341,NA
28.391888304,0.688082958760274,NA,0.242730156097401,NA,0.445352802662873,NA,0.930813114857675,NA
28.3979549468,0.688010057429597,NA,0.242686448967803,NA,0.445323608461794,NA,0.930696506397399,NA
28.4040215896,0.687936937072717,NA,0.242642740393692,NA,0.445294196679024,NA,0.930579677466409,NA
28.4100882324,0.687863616025066,NA,0.242599008108359,NA,0.445264607916707,NA,0.930462624133425,NA
28.4161548752,0.6877901121425,NA,0.24255522982272,NA,0.44523488231978,NA,0.930345341965219,NA
28.422221518,0.687716443473409,NA,0.242511383258067,NA,0.445205060215342,NA,0.930227826731476,NA
28.4282881608,0.687642628112321,NA,0.24246744619711,NA,0.445175181915211,NA,0.930110074309431,NA
28.4343548036,0.687568683917325,NA,0.242423396229554,NA,0.445145287687771,NA,0.929992080146879,NA
28.4404214464,0.687494629098872,NA,0.242379211285404,NA,0.445115417813467,NA,0.929873840384276,NA
28.4464880892,0.687420481499511,NA,0.242334868835449,NA,0.445085612664063,NA,0.92975535033496,NA
28.452554732,0.687346259268533,NA,0.242290346840009,NA,0.445055912428524,NA,0.929636606108541,NA
28.4586213748,0.687271980362665,NA,0.242245622888377,NA,0.445026357474288,NA,0.929517603251043,NA
28.4646880176,0.687197662814696,NA,0.242200674718063,NA,0.444996988096633,NA,0.929398337532759,NA
28.4707546604,0.687123324649486,NA,0.242155480200968,NA,0.444967844448518,NA,0.929278804850454,NA
28.4768213032,0.68704898388006,NA,0.242110016732196,NA,0.444938967147864,NA,0.929159000612257,NA
28.482887946,0.686974658512211,NA,0.242064262496284,NA,0.444910396015926,NA,0.929038921008495,NA
28.4889545888,0.686900366607323,NA,0.242018194695035,NA,0.444882171912287,NA,0.928918561302358,NA
28.4950212316,0.686826126131396,NA,0.241971791512279,NA,0.444854334619117,NA,0.928797917643675,NA
28.5010878744,0.686751955139182,NA,0.241925030419207,NA,0.444826924719975,NA,0.92867698555839,NA
28.5071545172,0.686677871650713,NA,0.241877889166022,NA,0.444799982484691,NA,0.928555760816735,NA
28.51322116,0.686603893618336,NA,0.241830345717341,NA,0.444773547900995,NA,0.928434239335676,NA
28.5192878028,0.686530039212859,NA,0.241782377270143,NA,0.444747661942716,NA,0.928312416483002,NA
28.5253544456,0.686456326233992,NA,0.241733962265258,NA,0.444722363968734,NA,0.928190288499251,NA
28.5314210884,0.686382772960531,NA,0.241685077637268,NA,0.444697695323263,NA,0.9280678505978,NA
28.5374877312,0.686309397178037,NA,0.241635701789984,NA,0.444673695388052,NA,0.927945098968021,NA
28.543554374,0.686236217036429,NA,0.241585812080025,NA,0.444650404956404,NA,0.927822029116454,NA
28.5496210168,0.68616325054584,NA,0.241535386266758,NA,0.444627864279081,NA,0.927698636812598,NA
28.5556876596,0.686090515583249,NA,0.241484402411042,NA,0.444606113172207,NA,0.927574917994292,NA
28.5617543024,0.686018030480101,NA,0.241432837508209,NA,0.444585192971892,NA,0.92745086798831,NA
28.5678209452,0.685945812828597,NA,0.241380670257141,NA,0.444565142571457,NA,0.927326483085738,NA
28.573887588,0.685873881123517,NA,0.241327877326962,NA,0.444546003796555,NA,0.927201758450479,NA
28.5799542308,0.685802252972833,NA,0.241274437337941,NA,0.444527815634893,NA,0.927076690310774,NA
28.5860208736,0.685730946618786,NA,0.241220327535646,NA,0.44451061908314,NA,0.926951274154433,NA
28.5920875164,0.685659980064457,NA,0.241165525685087,NA,0.44449445437937,NA,0.926825505749545,NA
28.5981541592,0.685589371108607,NA,0.241110009946889,NA,0.444479361161718,NA,0.926699381055496,NA
28.604220802,0.685519138246167,NA,0.241053757111209,NA,0.444465381134958,NA,0.926572895357375,NA
28.6102874448,0.685449298860405,NA,0.240996746136748,NA,0.444452552723657,NA,0.926446044997153,NA
28.6163540876,0.685379832301373,NA,0.240939009091369,NA,0.444440823210004,NA,0.926318841392742,NA
28.6224207304,0.68531058037287,NA,0.240880773185805,NA,0.444429807187065,NA,0.926191353558675,NA
28.6284873732,0.685241519026639,NA,0.240822075492423,NA,0.444419443534215,NA,0.926063594519062,NA
28.634554016,0.685172641943913,NA,0.240762928168695,NA,0.444409713775218,NA,0.925935570112609,NA
28.6406206588,0.685103942713825,NA,0.240703343601475,NA,0.444400599112349,NA,0.9258072863153,NA
28.6466873016,0.685035415254237,NA,0.240643333364681,NA,0.444392081889556,NA,0.925678748618918,NA
28.6527539444,0.684967052983655,NA,0.240582910272396,NA,0.444384142711259,NA,0.925549963256051,NA
28.6588205872,0.684898849875486,NA,0.240522085751412,NA,0.444376764124073,NA,0.925420935626898,NA
28.66488723,0.68483079940455,NA,0.240460872483576,NA,0.444369926920975,NA,0.925291671888126,NA
28.6709538728,0.684762895379303,NA,0.240399282306541,NA,0.444363613072762,NA,0.925162177685845,NA
28.6770205156,0.684695131485376,NA,0.24033732736825,NA,0.444357804117125,NA,0.925032458853626,NA
28.6830871584,0.684627501337333,NA,0.240275020007719,NA,0.444352481329614,NA,0.924902521345052,NA
28.6891538012,0.684559998797774,NA,0.24021237190407,NA,0.444347626893703,NA,0.924772370701844,NA
28.695220444,0.684492617357332,NA,0.240149395733215,NA,0.444343221624117,NA,0.924642013090547,NA
28.7012870868,0.684425350913389,NA,0.240086103068689,NA,0.4443392478447,NA,0.924511453982077,NA
28.7073537296,0.684358193003824,NA,0.24002250646999,NA,0.444335686533834,NA,0.924380699473815,NA
28.7134203724,0.684291137403864,NA,0.239958617839756,NA,0.444332519564108,NA,0.924249755243619,NA
28.7194870152,0.684224177802537,NA,0.239894449318312,NA,0.444329728484225,NA,0.92411862712085,NA
28.725553658,0.684157307840843,NA,0.239830013194923,NA,0.444327294645921,NA,0.923987321035766,NA
28.7316203008,0.684090521325115,NA,0.239765321255832,NA,0.444325200069284,NA,0.923855842580947,NA
28.7376869436,0.684023811818618,NA,0.239700386037815,NA,0.444323425780803,NA,0.923724197856434,NA
28.7437535864,0.683957173143202,NA,0.2396352192602,NA,0.444321953883003,NA,0.923592392403402,NA
28.7498202292,0.683890598898812,NA,0.239569833362051,NA,0.444320765536762,NA,0.923460432260863,NA
28.755886872,0.683824082828441,NA,0.239504240309067,NA,0.444319842519374,NA,0.923328323137509,NA
28.7619535148,0.683757618623519,NA,0.239438452235883,NA,0.444319166387636,NA,0.923196070859403,NA
28.7680201576,0.683691199952476,NA,0.239372481380087,NA,0.444318718572388,NA,0.923063681332563,NA
28.7740868004,0.683624820564383,NA,0.239306339636965,NA,0.444318480927419,NA,0.922931160201348,NA
28.7801534432,0.683558474095634,NA,0.2392400394032,NA,0.444318434692434,NA,0.922798513498834,NA
28.786220086,0.683492154293048,NA,0.239173592542946,NA,0.444318561750102,NA,0.922665746835994,NA
28.7922867288,0.683425854817636,NA,0.239107011376758,NA,0.444318843440878,NA,0.922532866194394,NA
28.7983533716,0.683359569381156,NA,0.239040307931479,NA,0.444319261449677,NA,0.922399877312635,NA
28.8044200144,0.683293291676443,NA,0.238973494337965,NA,0.444319797338478,NA,0.922266786014408,NA
28.8104866572,0.683227015400352,NA,0.238906582780214,NA,0.444320432620138,NA,0.922133598180566,NA
28.8165533,0.683160734243698,NA,0.238839585264471,NA,0.444321148979227,NA,0.92200031950817,NA
28.8226199428,0.6830944419165,NA,0.238772514046369,NA,0.444321927870131,NA,0.921866955962869,NA
28.8286865856,0.683028132091046,NA,0.238705381133929,NA,0.444322750957117,NA,0.921733513224976,NA
28.8347532284,0.682961798488416,NA,0.238638198731114,NA,0.444323599757302,NA,0.92159999721953,NA
28.8408198712,0.68289543479013,NA,0.23857097892399,NA,0.444324455866139,NA,0.92146641371412,NA
28.846886514,0.682829034689428,NA,0.238503733841558,NA,0.44432530084787,NA,0.921332768530986,NA
28.8529531568,0.682762591912593,NA,0.238436475612305,NA,0.444326116300288,NA,0.921199067524898,NA
28.8590197996,0.682696100091181,NA,0.238369216355353,NA,0.444326883735828,NA,0.921065316446535,NA
28.8650864424,0.682629553009338,NA,0.238301968184326,NA,0.444327584825012,NA,0.920931521193663,NA
28.8711530852,0.682562944265318,NA,0.238234743250152,NA,0.444328201015167,NA,0.92079768751547,NA
28.877219728,0.682496267639273,NA,0.238167553642119,NA,0.444328713997154,NA,0.920663821281392,NA
28.8832863708,0.682429516783483,NA,0.238100411503603,NA,0.44432910527988,NA,0.920529928287087,NA
28.8893530136,0.682362685390597,NA,0.238033328963664,NA,0.444329356426933,NA,0.920396014354261,NA
28.8954196564,0.682295767217319,NA,0.237966318093361,NA,0.444329449123958,NA,0.92026208531068,NA
28.9014862992,0.682228755834953,NA,0.237899391126612,NA,0.444329364708342,NA,0.920128146961565,NA
28.907552942,0.682161645102268,NA,0.237832560034069,NA,0.444329085068199,NA,0.919994205136337,NA
28.9136195848,0.682094428543985,NA,0.237765837108613,NA,0.444328591435372,NA,0.919860265652598,NA
28.9196862276,0.682027099998329,NA,0.237699234326776,NA,0.444327865671553,NA,0.919726334325105,NA
28.9257528704,0.681959653089337,NA,0.23763276388732,NA,0.444326889202017,NA,0.919592416976657,NA
28.9318195132,0.68189208150807,NA,0.237566437921285,NA,0.444325643586785,NA,0.919458519429355,NA
28.937886156,0.681824379042652,NA,0.237500268440383,NA,0.444324110602269,NA,0.919324647483035,NA
28.9439527988,0.681756485828985,NA,0.237434343277694,NA,0.444322142551291,NA,0.91919082910668,NA
28.9500194416,0.681688294153962,NA,0.237368818010508,NA,0.444319476143454,NA,0.91905711216447,NA
28.9560860844,0.681619815789511,NA,0.237303679163959,NA,0.444316136625552,NA,0.91892349495347,NA
28.9621527272,0.681551067364425,NA,0.237238906453728,NA,0.444312160910697,NA,0.918789973818152,NA
28.96821937,0.681482064952761,NA,0.237174480344396,NA,0.444307584608365,NA,0.918656545297156,NA
28.9742860128,0.681412824808988,NA,0.237110381057764,NA,0.444302443751225,NA,0.918523205866752,NA
28.9803526556,0.681343363337857,NA,0.237046588605386,NA,0.444296774732471,NA,0.918389951943242,NA
28.9864192984,0.681273696506775,NA,0.236983083608995,NA,0.44429061289778,NA,0.91825678011577,NA
28.9924859412,0.6812038409028,NA,0.236919845820961,NA,0.444283995081839,NA,0.918123686723761,NA
28.998552584,0.681133812476909,NA,0.236856855893801,NA,0.444276956583107,NA,0.91799066837071,NA
29.0046192268,0.6810636277057,NA,0.236794093728817,NA,0.444269533976883,NA,0.917857721434517,NA
29.0106858696,0.680993302738511,NA,0.236731539698562,NA,0.444261763039949,NA,0.917724842437073,NA
29.0167525124,0.680922853831446,NA,0.23666917402327,NA,0.444253679808176,NA,0.917592027854716,NA
29.0228191552,0.680852297310705,NA,0.236606976809655,NA,0.44424532050105,NA,0.91745927412036,NA
29.028885798,0.680781649299161,NA,0.236544928490699,NA,0.444236720808462,NA,0.917326577789861,NA
29.0349524408,0.680710926191411,NA,0.236483009052753,NA,0.444227917138658,NA,0.917193935244163,NA
29.0410190836,0.680640144127968,NA,0.236421198917484,NA,0.444218945210484,NA,0.917061343045452,NA
29.0470857264,0.680569319435813,NA,0.236359478168682,NA,0.444209841267132,NA,0.916928797604495,NA
29.0531523692,0.680498468336989,NA,0.236297827090003,NA,0.444200641246986,NA,0.916796295426993,NA
29.059219012,0.680427607091808,NA,0.236236225896988,NA,0.44419138119482,NA,0.916663832988796,NA
29.0652856548,0.680356751945348,NA,0.236174654794636,NA,0.444182097150712,NA,0.916531406739984,NA
29.0713522976,0.680285919178517,NA,0.236113094024051,NA,0.444172825154466,NA,0.916399013202568,NA
29.0774189404,0.680215124992167,NA,0.236051523807128,NA,0.444163601185039,NA,0.916266648799294,NA
29.0834855832,0.680144385715063,NA,0.23598992433625,NA,0.444154461378814,NA,0.916134310051313,NA
29.089552226,0.680073717527138,NA,0.235928275874565,NA,0.444145441652574,NA,0.916001993401703,NA
29.0956188688,0.680003136720569,NA,0.235866558619964,NA,0.444136578100606,NA,0.915869695340533,NA
29.1016855116,0.679932659562448,NA,0.23580475278016,NA,0.444127906782288,NA,0.915737412342608,NA
29.1077521544,0.679862302214159,NA,0.235742838661572,NA,0.444119463552587,NA,0.91560514087573,NA
29.1138187972,0.679792081117217,NA,0.235680796310292,NA,0.444111284806924,NA,0.915472877427509,NA
29.11988544,0.679722012277442,NA,0.235618606185329,NA,0.444103406092114,NA,0.915340618462771,NA
29.1259520828,0.679652112210568,NA,0.235556248251341,NA,0.444095863959227,NA,0.91520836046191,NA
29.1320187256,0.67958239695205,NA,0.235493702947709,NA,0.44408869400434,NA,0.915076099899759,NA
29.1380853684,0.679512882861625,NA,0.235430950389686,NA,0.444081932471939,NA,0.914943833251312,NA
29.1441520112,0.679443586215739,NA,0.235367970774029,NA,0.44407561544171,NA,0.914811556989769,NA
29.150218654,0.679374523089511,NA,0.235304744511706,NA,0.444069778577805,NA,0.914679267601217,NA
29.1562852968,0.679305710087634,NA,0.235241251450668,NA,0.444064458636966,NA,0.914546961538302,NA
29.1623519396,0.679237163019612,NA,0.235177472288598,NA,0.444059690731014,NA,0.91441463530821,NA
29.1684185824,0.679168898586857,NA,0.235113386764003,NA,0.444055511822854,NA,0.91428228535086,NA
29.1744852252,0.67910093268292,NA,0.235048975489359,NA,0.444051957193561,NA,0.91414990817228,NA
29.180551868,0.679033281732531,NA,0.234984218500414,NA,0.444049063232117,NA,0.914017500232945,NA
29.1866185108,0.678965962024056,NA,0.23491909597984,NA,0.444046866044216,NA,0.913885058003896,NA
29.1926851536,0.678898989543779,NA,0.234853588446281,NA,0.444045401097498,NA,0.91375257799006,NA
29.1987517964,0.678832381062143,NA,0.23478767554642,NA,0.444044705515723,NA,0.913620056608563,NA
29.2048184392,0.67876615219105,NA,0.23472133821818,NA,0.444044813972869,NA,0.91348749040923,NA
29.210885082,0.678700319816304,NA,0.234654555975477,NA,0.444045763840827,NA,0.913354875791781,NA
29.2169517248,0.678634899692125,NA,0.234587309600758,NA,0.444047590091367,NA,0.913222209292882,NA
29.2230183676,0.678569908305661,NA,0.234519579053391,NA,0.44405032925227,NA,0.913089487359051,NA
29.2290850104,0.678505361959773,NA,0.234451344498836,NA,0.444054017460938,NA,0.912956706458609,NA
29.2351516532,0.678441276549337,NA,0.234382586566541,NA,0.444058689982796,NA,0.912823863115878,NA
29.241218296,0.678377669013118,NA,0.234313284698792,NA,0.444064384314326,NA,0.91269095371191,NA
29.2472849388,0.678314554764129,NA,0.234243420075318,NA,0.444071134688811,NA,0.912557974839447,NA
29.2533515816,0.678251950871282,NA,0.234172971987007,NA,0.444078978884275,NA,0.912424922858289,NA
29.2594182244,0.678189872952037,NA,0.234101921383148,NA,0.44408795156889,NA,0.912291794335185,NA
29.2654848672,0.678128337553388,NA,0.234030248149859,NA,0.444098089403529,NA,0.912158585703248,NA
29.27155151,0.678067360995264,NA,0.233957932432258,NA,0.444109428563007,NA,0.912025293427522,NA
29.2776181528,0.678006959078559,NA,0.233884954973729,NA,0.44412200410483,NA,0.911891914052288,NA
29.2836847956,0.677947148912933,NA,0.233811295009028,NA,0.444135853903906,NA,0.911758443921961,NA
29.2897514384,0.677887951549359,NA,0.233736925704886,NA,0.444151025844474,NA,0.911624877254245,NA
29.2958180812,0.677829422210956,NA,0.233661772429667,NA,0.44416764978129,NA,0.911491194640623,NA
29.301884724,0.677771554729789,NA,0.2335858469158,NA,0.444185707813989,NA,0.911357401645589,NA
29.3079513668,0.677714330770887,NA,0.233509178390834,NA,0.444205152380053,NA,0.911223509161721,NA
29.3140180096,0.677657731690457,NA,0.233431796450352,NA,0.444225935240105,NA,0.91108952814081,NA
29.3200846524,0.677601738302589,NA,0.233353731297074,NA,0.444248007005515,NA,0.910955469599664,NA
29.3261512952,0.677546332764206,NA,0.233275011631053,NA,0.444271321133154,NA,0.910821344395259,NA
29.332217938,0.677491495358364,NA,0.233195668233584,NA,0.444295827124779,NA,0.910687163591948,NA
29.3382845808,0.67743720828388,NA,0.233115729780409,NA,0.444321478503472,NA,0.910552938064289,NA
29.3443512236,0.677383452163117,NA,0.233035226659746,NA,0.444348225503371,NA,0.910418678822864,NA
29.3504178664,0.677330208582323,NA,0.232954188220929,NA,0.444376020361393,NA,0.910284396803252,NA
29.3564845092,0.677277446603986,NA,0.232872626706002,NA,0.444404819897984,NA,0.910150073309988,NA
29.362551152,0.677225015919201,NA,0.232790386583758,NA,0.444434629335443,NA,0.910015402502959,NA
29.3686177948,0.677172862223082,NA,0.232707445553074,NA,0.444465416670008,NA,0.909880307776156,NA
29.3746844376,0.677120966137459,NA,0.232623834196362,NA,0.444497131941097,NA,0.909744800333821,NA
29.3807510804,0.67706930915591,NA,0.232539580833141,NA,0.44452972832277,NA,0.909608889989051,NA
29.3868177232,0.677017872081881,NA,0.232454715617803,NA,0.444563156464077,NA,0.909472587699684,NA
29.392884366,0.676966636128821,NA,0.232369267596784,NA,0.444597368532037,NA,0.909335903725605,NA
29.3989510088,0.676915582404176,NA,0.23228326608755,NA,0.444632316316626,NA,0.909198848491727,NA
29.4050176516,0.676864691868162,NA,0.232196740894585,NA,0.444667950973576,NA,0.909061432762747,NA
29.4110842944,0.676813945830696,NA,0.232109720656185,NA,0.44470422517451,NA,0.908923666486881,NA
29.4171509372,0.676763325144045,NA,0.232022235598231,NA,0.444741089545814,NA,0.908785560742276,NA
29.42321758,0.676712811087786,NA,0.23193431437429,NA,0.444778496713496,NA,0.908647125462076,NA
29.4292842228,0.676662384626405,NA,0.231845986885471,NA,0.444816397740934,NA,0.908508371511876,NA
29.4353508656,0.676612026901797,NA,0.231757282292448,NA,0.44485474460935,NA,0.908369309194245,NA
29.4414175084,0.676561719003478,NA,0.231668229937493,NA,0.444893489065984,NA,0.908229948940971,NA
29.4474841512,0.676511441999078,NA,0.231578859461239,NA,0.444932582537839,NA,0.908090301460317,NA
29.453550794,0.676461177001612,NA,0.231489199804879,NA,0.444971977196733,NA,0.907950376806492,NA
29.4596174368,0.676410905095283,NA,0.23139928083544,NA,0.445011624259843,NA,0.907810185930723,NA
29.4656840796,0.676360607347158,NA,0.231309131538212,NA,0.445051475808946,NA,0.907669738885369,NA
29.4717507224,0.676310264879773,NA,0.231218781565668,NA,0.445091483314104,NA,0.907529046445441,NA
29.4778173652,0.676259858766462,NA,0.231128260188072,NA,0.44513159857839,NA,0.907388118954534,NA
29.483884008,0.676209370075814,NA,0.231037596777154,NA,0.44517177329866,NA,0.907246966852969,NA
29.4899506508,0.676158779985874,NA,0.230946820805043,NA,0.445211959180831,NA,0.907105600790917,NA
29.4960172936,0.676108069409757,NA,0.23085596152048,NA,0.445252107889277,NA,0.906964030930237,NA
29.5020839364,0.676057219665095,NA,0.230765048429313,NA,0.445292171235783,NA,0.906822268094408,NA
29.5081505792,0.676006211607948,NA,0.230674110846228,NA,0.44533210076172,NA,0.906680322454177,NA
29.514217222,0.675955026515908,NA,0.230583178179718,NA,0.44537184833619,NA,0.906538204695625,NA
29.5202838648,0.675903645396737,NA,0.230492279804981,NA,0.445411365591757,NA,0.906395925201718,NA
29.5263505076,0.67585204929511,NA,0.230401445127857,NA,0.445450604167254,NA,0.906253494422967,NA
29.5324171504,0.675800219502473,NA,0.23031070344732,NA,0.445489516055154,NA,0.906110922949793,NA
29.5384837932,0.675748136729053,NA,0.230220084324311,NA,0.445528052404742,NA,0.905968221053363,NA
29.544550436,0.675695782527407,NA,0.230129616901172,NA,0.445566165626236,NA,0.905825399428579,NA
29.5506170788,0.675643137544082,NA,0.230039330819664,NA,0.445603806724418,NA,0.905682468363746,NA
29.5566837216,0.675590183208734,NA,0.229949255248943,NA,0.445640927959792,NA,0.905539438457677,NA
29.5627503644,0.675536900466549,NA,0.229859419664497,NA,0.445677480802051,NA,0.905396320131046,NA
29.5688170072,0.67548327033529,NA,0.229769853510923,NA,0.445713416824367,NA,0.905253123846213,NA
29.57488365,0.675429274222801,NA,0.229680585909393,NA,0.445748688313408,NA,0.905109860132193,NA
29.5809502928,0.675374892633424,NA,0.229591646737695,NA,0.445783245895728,NA,0.904966539371119,NA
29.5870169356,0.675320107356144,NA,0.229503064772342,NA,0.445817042583802,NA,0.904823172128485,NA
29.5930835784,0.675264898829484,NA,0.229414869979842,NA,0.445850028849642,NA,0.904679768809326,NA
29.5991502212,0.675209248632177,NA,0.229327091294667,NA,0.44588215733751,NA,0.904536339926843,NA
29.605216864,0.67515313764982,NA,0.229239758287945,NA,0.445913379361875,NA,0.904392895937765,NA
29.6112835068,0.675096546870278,NA,0.229152900447677,NA,0.4459436464226,NA,0.904249447317955,NA
29.6173501496,0.675039712013289,NA,0.229066187230093,NA,0.445973524783196,NA,0.904105899243381,NA
29.6234167924,0.674983391085793,NA,0.228978548984366,NA,0.446004842101427,NA,0.903961940070159,NA
29.6294834352,0.67492761231046,NA,0.228889948788175,NA,0.446037663522284,NA,0.903817561098635,NA
29.635550078,0.674872350197254,NA,0.228800425022638,NA,0.446071925174616,NA,0.903672775219891,NA
29.6416167208,0.674817577827835,NA,0.228710018615448,NA,0.446107559212388,NA,0.903527596443283,NA
29.6476833636,0.674763269108239,NA,0.228618769019287,NA,0.446144500088952,NA,0.903382038127526,NA
29.6537500064,0.674709397787542,NA,0.22852671596088,NA,0.446182681826662,NA,0.903236113748422,NA
29.6598166492,0.674655937175048,NA,0.228433899986826,NA,0.446222037188222,NA,0.903089837161873,NA
29.665883292,0.674602861545879,NA,0.228340359836984,NA,0.446262501708895,NA,0.902943221382862,NA
29.6719499348,0.674550143901516,NA,0.228246136651692,NA,0.446304007249824,NA,0.902796280553208,NA
29.6780165776,0.674497758459145,NA,0.22815126925627,NA,0.446346489202874,NA,0.902649027715415,NA
29.6840832204,0.674445678514245,NA,0.228055798252994,NA,0.446389880261251,NA,0.90250147676724,NA
29.6901498632,0.674393877883639,NA,0.22795976323125,NA,0.446434114652389,NA,0.902353641114889,NA
29.696216506,0.674342330281009,NA,0.227863203969772,NA,0.446479126311237,NA,0.902205534250781,NA
29.7022831488,0.674291009175661,NA,0.227766160774435,NA,0.446524848401226,NA,0.902057169950096,NA
29.7083497916,0.674239888558107,NA,0.227668672814537,NA,0.44657121574357,NA,0.901908561372644,NA
29.7144164344,0.674188941758004,NA,0.227570780734203,NA,0.446618161023801,NA,0.901759722492207,NA
29.7204830772,0.674138142701839,NA,0.2274725237998,NA,0.446665618902039,NA,0.901610666501639,NA
29.72654972,0.674087464894747,NA,0.227373942294496,NA,0.446713522600251,NA,0.901461407189244,NA
29.7326163628,0.674036882068503,NA,0.227275075938072,NA,0.44676180613043,NA,0.901311958006575,NA
29.7386830056,0.673986367897229,NA,0.227175964567581,NA,0.446810403329648,NA,0.901162332464811,NA
29.7447496484,0.673935896014399,NA,0.227076648241865,NA,0.446859247772534,NA,0.901012544256264,NA
29.7508162912,0.67388544012175,NA,0.226977166565969,NA,0.446908273555781,NA,0.900862606687718,NA
29.756882934,0.673834973879194,NA,0.226877559684651,NA,0.446957414194543,NA,0.900712533563845,NA
29.7629495768,0.673784470924607,NA,0.22677786730217,NA,0.447006603622437,NA,0.900562338226777,NA
29.7690162196,0.673733904968612,NA,0.226678129388898,NA,0.447055775579714,NA,0.90041203435751,NA
29.7750828624,0.673683249662102,NA,0.226578385788696,NA,0.447104863873406,NA,0.900261635450798,NA
29.7811495052,0.673632478635472,NA,0.226478676403252,NA,0.447153802232221,NA,0.900111155038724,NA
29.787216148,0.673581565690533,NA,0.226379041038059,NA,0.447202524652474,NA,0.899960606728591,NA
29.7932827908,0.673530484236076,NA,0.226279519740223,NA,0.447250964495853,NA,0.899810003976299,NA
29.7993494336,0.673479208264357,NA,0.22618015215198,NA,0.447299056112377,NA,0.899659360416337,NA
29.8054160764,0.673427711126721,NA,0.226080978412325,NA,0.447346732714396,NA,0.899508689539046,NA
29.8114827192,0.67337596673511,NA,0.225982038185142,NA,0.447393928549967,NA,0.899358004920252,NA
29.817549362,0.673323948663706,NA,0.225883371432067,NA,0.447440577231639,NA,0.899207320095774,NA
29.8236160048,0.67327163049501,NA,0.225785018125727,NA,0.447486612369283,NA,0.899056648620737,NA
29.8296826476,0.673218986203332,NA,0.225687017811962,NA,0.44753196839137,NA,0.898906004015294,NA
29.8357492904,0.673165988900357,NA,0.225589410986245,NA,0.447576577914111,NA,0.898755399886602,NA
29.8418159332,0.673112612912763,NA,0.225492236785135,NA,0.447620376127628,NA,0.898604849697898,NA
29.847882576,0.673058831307449,NA,0.225395535779209,NA,0.44766329552824,NA,0.898454367086658,NA
29.8539492188,0.673004618193512,NA,0.225299347332174,NA,0.447705270861338,NA,0.898303965525686,NA
29.8600158616,0.672949947072586,NA,0.225203711517128,NA,0.447746235555458,NA,0.898153658589715,NA
29.8660825044,0.672894791475112,NA,0.225108668383951,NA,0.447786123091161,NA,0.898003459859063,NA
29.8721491472,0.672839125552068,NA,0.225014257212516,NA,0.447824868339552,NA,0.897853382764584,NA
29.87821579,0.672782922113862,NA,0.224920518952977,NA,0.447862403160885,NA,0.89770344106684,NA
29.8842824328,0.672726155823683,NA,0.224827492233059,NA,0.447898663590623,NA,0.897553648056742,NA
29.8903490756,0.672668799466063,NA,0.224735218051764,NA,0.447933581414299,NA,0.897404017517827,NA
29.8964157184,0.672610827343088,NA,0.224643735478936,NA,0.447967091864152,NA,0.897254562822024,NA
29.9024823612,0.672552212888013,NA,0.224553084692824,NA,0.447999128195189,NA,0.897105297580837,NA
29.908549004,0.672492929575048,NA,0.224463305826868,NA,0.448029623748181,NA,0.896956235401916,NA
29.9146156468,0.672432951736011,NA,0.224374437888666,NA,0.448058513847345,NA,0.896807389624677,NA
29.9206822896,0.672372251875864,NA,0.224286522289364,NA,0.4480857295865,NA,0.896658774165228,NA
29.9267489324,0.672310804996386,NA,0.224199597144696,NA,0.44811120785169,NA,0.896510402141083,NA
29.9328155752,0.672248583601834,NA,0.224113703878936,NA,0.448134879722897,NA,0.89636228748077,NA
29.938882218,0.672185562183109,NA,0.224028881274374,NA,0.448156680908735,NA,0.896214443457483,NA
29.9449488608,0.672121714109256,NA,0.223945169608097,NA,0.448176544501159,NA,0.896066883717354,NA
29.9510155036,0.672057012794091,NA,0.223862609103421,NA,0.44819440369067,NA,0.895919621897512,NA
29.9570821464,0.671991432754432,NA,0.223781238489357,NA,0.448210194265076,NA,0.895772671243789,NA
29.9631487892,0.67192495461142,NA,0.223701087728486,NA,0.448223866882934,NA,0.895626042339905,NA
29.969215432,0.671857689662587,NA,0.223622002151884,NA,0.448235687510703,NA,0.895479691814472,NA
29.9752820748,0.671789694112261,NA,0.223543904842736,NA,0.448245789269525,NA,0.895333598954997,NA
29.9813487176,0.671720988889567,NA,0.22346676888966,NA,0.448254219999908,NA,0.895187757779227,NA
29.9874153604,0.671651593882908,NA,0.223390568789053,NA,0.448261025093855,NA,0.89504216267196,NA
29.9934820032,0.671581529062405,NA,0.223315278928543,NA,0.448266250133862,NA,0.894896807990949,NA
29.999548646,0.671510815221336,NA,0.223240872574982,NA,0.448269942646353,NA,0.894751687796318,NA
30.0056152888,0.671439471479076,NA,0.223167325276084,NA,0.448272146202992,NA,0.894606796755161,NA
30.0116819316,0.6713675191372,NA,0.223094609602867,NA,0.448272909534333,NA,0.894462128740067,NA
30.0177485744,0.671294977437555,NA,0.22302270093983,NA,0.448272276497725,NA,0.894317678377386,NA
30.0238152172,0.671221867154516,NA,0.222951572574758,NA,0.448270294579758,NA,0.894173439729274,NA
30.02988186,0.671148208235818,NA,0.22288119892733,NA,0.448267009308488,NA,0.894029407163148,NA
30.0359485028,0.671074020687668,NA,0.222811554339445,NA,0.448262466348223,NA,0.893885575027113,NA
30.0420151456,0.670999325171841,NA,0.222742612246131,NA,0.44825671292571,NA,0.893741937417972,NA
30.0480817884,0.670924141034631,NA,0.222674347904477,NA,0.448249793130154,NA,0.893598488939108,NA
30.0541484312,0.670848489321825,NA,0.222606734213463,NA,0.448241755108362,NA,0.893455223535288,NA
30.060215074,0.67077238949338,NA,0.222539746277403,NA,0.448232643215977,NA,0.893312135770783,NA
30.0662817168,0.670695862172109,NA,0.222473357579153,NA,0.448222504592957,NA,0.893169219751262,NA
30.0723483596,0.670618927361892,NA,0.22240754246577,NA,0.448211384896122,NA,0.893026469827663,NA
30.0784150024,0.670541605108208,NA,0.222342275229328,NA,0.44819932987888,NA,0.892883880337535,NA
30.0844816452,0.670463915938142,NA,0.222277529477127,NA,0.448186386461015,NA,0.892741445415269,NA
30.090548288,0.670385879428095,NA,0.222213280171536,NA,0.44817259925656,NA,0.892599159599631,NA
30.0966149308,0.670307516366474,NA,0.222149500541541,NA,0.448158015824933,NA,0.892457016908016,NA
30.1026815736,0.670228846429748,NA,0.222086165413325,NA,0.448142681016423,NA,0.892315011843073,NA
30.1087482164,0.670149890092359,NA,0.222023248460716,NA,0.448126641631644,NA,0.892173138553075,NA
30.1148148592,0.670070667411142,NA,0.221960723962244,NA,0.448109943448897,NA,0.892031391373386,NA
30.120881502,0.669991198474037,NA,0.221898566156063,NA,0.448092632317974,NA,0.891889764630099,NA
30.1269481448,0.669911503670251,NA,0.221836748825841,NA,0.448074754844411,NA,0.891748252496092,NA
30.1330147876,0.669831602809482,NA,0.221775246635131,NA,0.448056356174351,NA,0.891606849444612,NA
30.1390814304,0.669751516421159,NA,0.221714033144975,NA,0.448037483276184,NA,0.891465549566135,NA
30.1451480732,0.66967126439667,NA,0.221653082905468,NA,0.448018181491202,NA,0.891324347302138,NA
30.151214716,0.669590867065277,NA,0.221592369777318,NA,0.447998497287959,NA,0.891183236842595,NA
30.1572813588,0.669510344533578,NA,0.221531867974623,NA,0.447978476558955,NA,0.8910422125082,NA
30.1633480016,0.669429716935166,NA,0.221471551677521,NA,0.447958165257645,NA,0.890901268612687,NA
30.1694146444,0.66934900451818,NA,0.221411394850144,NA,0.447937609668036,NA,0.890760399368323,NA
30.1754812872,0.669268227328801,NA,0.221351371853133,NA,0.447916855475668,NA,0.890619599181935,NA
30.18154793,0.669187405635891,NA,0.221291456581636,NA,0.447895949054255,NA,0.890478862217527,NA
30.1876145728,0.669106559544158,NA,0.221231623311703,NA,0.447874936232455,NA,0.890338182855861,NA
30.1936812156,0.669025709240875,NA,0.22117184608683,NA,0.447853863154045,NA,0.890197555327706,NA
30.1997478584,0.668944874879212,NA,0.221112099060778,NA,0.447832775818434,NA,0.89005697393999,NA
30.2058145012,0.668864076641608,NA,0.221052356351574,NA,0.447811720290035,NA,0.889916432993182,NA
30.211881144,0.668783334631939,NA,0.220992592107907,NA,0.447790742524032,NA,0.889775926739846,NA
30.2179477868,0.668702669136066,NA,0.220932780383414,NA,0.447769888752652,NA,0.88963544951948,NA
30.2240144296,0.668622100160682,NA,0.220872895409393,NA,0.447749204751289,NA,0.889494995570075,NA
30.2300810724,0.668541648022223,NA,0.2208129111899,NA,0.447728736832323,NA,0.889354559212124,NA
30.2361477152,0.668461332769165,NA,0.220752801947124,NA,0.44770853082204,NA,0.889214134716289,NA
30.242214358,0.668381174598057,NA,0.22069254177858,NA,0.447688632819477,NA,0.889073716376636,NA
30.2482810008,0.668301193743374,NA,0.220632104736092,NA,0.447669089007282,NA,0.888933298479466,NA
30.2543476436,0.668221410161541,NA,0.220571465157001,NA,0.44764994500454,NA,0.888792875318542,NA
30.2604142864,0.668141844381287,NA,0.220510596783845,NA,0.447631247597442,NA,0.888652441165132,NA
30.2664809292,0.668062516145543,NA,0.220449474186118,NA,0.447613041959425,NA,0.888511990331662,NA
30.272547572,0.667983445980878,NA,0.220388071097932,NA,0.447595374882946,NA,0.88837151707881,NA
30.2786142148,0.667904653800157,NA,0.22032636191607,NA,0.447578291884087,NA,0.888231015716227,NA
30.2846808576,0.667826159840123,NA,0.2202643206859,NA,0.447561839154223,NA,0.888090480526023,NA
30.2907475004,0.667747984390476,NA,0.220201921388947,NA,0.447546063001529,NA,0.887949905779423,NA
30.2968141432,0.667670147256997,NA,0.220139138555298,NA,0.4475310087017,NA,0.887809285812295,NA
30.302880786,0.667592669214476,NA,0.220075945612297,NA,0.447516723602179,NA,0.887668614826774,NA
30.3089474288,0.667515569740487,NA,0.220012317469683,NA,0.447503252270804,NA,0.88752788721017,NA
30.3150140716,0.667438588423561,NA,0.219948625194963,NA,0.447489963228598,NA,0.887387213618524,NA
30.3210807144,0.667361287867055,NA,0.21988548990147,NA,0.447475797965585,NA,0.887246777768526,NA
30.3271473572,0.667283675156812,NA,0.219822904237022,NA,0.447460770919791,NA,0.887106579393834,NA
30.3330479999999,0.667207899623519,-0.122034834260792,0.219762542554522,0.247968908921483,0.447445357068998,-0.370003743182274,0.886970442178041,0.125934074660691
0.15166524,NA,0.00770168876769248,NA,0.00934969530349275,NA,-0.00164800653580027,NA,0.0170513840711852
0.303330479999999,NA,0.011580606508417,NA,0.0136768707730548,NA,-0.00209626426463777,NA,0.0252574772814718
0.454995719999999,NA,0.0150784917842871,NA,0.0113947139712656,NA,0.00368377781302144,NA,0.0264732057555527
0.606660959999999,NA,0.0155735155431988,NA,0.00347537421169142,NA,0.0120981413315074,NA,0.0190488897548902
0.758326199999998,NA,-0.00204022253433107,NA,0.0225510522082153,NA,-0.0245912747425464,NA,0.0205108296738842
0.909991439999998,NA,-0.0360884099479534,NA,0.0676503797186531,NA,-0.103738789666607,NA,0.0315619697706996
1.06165668,NA,-0.056332267913998,NA,0.093625828403231,NA,-0.149958096317229,NA,0.037293560489233
1.21332192,NA,-0.0642906541552066,NA,0.10374771631089,NA,-0.168038370466097,NA,0.0394570621556835
1.36498716,NA,-0.0623837129626949,NA,0.100710352291495,NA,-0.16309406525419,NA,0.0383266393288003
1.5166524,NA,-0.0359709664694846,NA,0.0634917731396708,NA,-0.0994627396091553,NA,0.0275208066701862
1.66831764,NA,-0.00488496163054685,NA,0.0206066599746632,NA,-0.02549162160521,NA,0.0157216983441163
1.81998288,NA,0.00456927324031196,NA,0.00836521803691646,NA,-0.0037959447966045,NA,0.0129344912772284
1.97164812,NA,0.00387687703681954,NA,0.00921615063453879,NA,-0.00533927359771925,NA,0.0130930276713583
2.12331336,NA,0.00200085170817717,NA,0.0102493196868178,NA,-0.00824846797864058,NA,0.0122501713949949
2.27497859999999,NA,-0.00284132819783466,NA,0.0132732983889988,NA,-0.0161146265868335,NA,0.0104319701911641
2.42664383999999,NA,-0.00670932838759264,NA,0.0152710646555462,NA,-0.0219803930431388,NA,0.00856173626795357
2.57830907999999,NA,-0.00917596098392023,NA,0.0156521940583483,NA,-0.0248281550422686,NA,0.00647623307442809
2.72997431999999,NA,-0.0110858584454971,NA,0.016196269803656,NA,-0.0272821282491531,NA,0.00511041135815893
2.88163955999999,NA,-0.0130678975716351,NA,0.017708584409994,NA,-0.0307764819816291,NA,0.00464068683835891
3.03330479999999,NA,-0.0159230279437643,NA,0.0201001099998691,NA,-0.0360231379436334,NA,0.00417708205610476
3.18497003999999,NA,-0.0198283003652806,NA,0.0232052152094435,NA,-0.0430335155747241,NA,0.0033769148441629
3.33663527999999,NA,-0.0241828092050574,NA,0.0263523947943995,NA,-0.0505352039994569,NA,0.00216958558934211
3.48830051999999,NA,-0.0281896844676705,NA,0.0282111337104767,NA,-0.0564008181781471,NA,2.14492428061847e-05
3.63996575999999,NA,-0.0324288821928628,NA,0.0281848811248844,NA,-0.0606137633177472,NA,-0.00424400106797847
3.79163099999999,NA,-0.034633477824167,NA,0.0273255100930568,NA,-0.0619589879172238,NA,-0.00730796773111016
3.94329623999999,NA,-0.0325850883900368,NA,0.0260162460432103,NA,-0.058601334433247,NA,-0.0065688423468265
4.09496147999999,NA,-0.0284148794001546,NA,0.0257380535439847,NA,-0.0541529329441393,NA,-0.00267682585616985
4.24662671999999,NA,-0.0228007227541777,NA,0.0262807504260048,NA,-0.0490814731801825,NA,0.00348002767182708
4.39829195999999,NA,-0.0154147669051062,NA,0.0272115039484194,NA,-0.0426262708535256,NA,0.0117967370433132
4.54995719999999,NA,-0.00521405024285787,NA,0.0288604041378784,NA,-0.0340744543807362,NA,0.0236463538950205
4.70162243999999,NA,0.00708845170864103,NA,0.0303759999909067,NA,-0.0232875482822656,NA,0.0374644516995477
4.85328767999999,NA,0.0196691535271473,NA,0.031812659663981,NA,-0.0121435061368336,NA,0.0514818131911283
5.00495291999999,NA,0.0329406237819012,NA,0.032175394724619,NA,0.000765229057282192,NA,0.0651160185065202
5.15661815999999,NA,0.047910014184532,NA,0.0347776811018864,NA,0.0131323330826455,NA,0.0826876952864184
5.30828339999999,NA,0.0627603254050707,NA,0.0388422579948583,NA,0.0239180674102124,NA,0.101602583399929
5.45994863999999,NA,0.0690009999034458,NA,0.0411792280396256,NA,0.0278217718638202,NA,0.110180227943071
5.61161387999999,NA,0.0710967264316585,NA,0.0412904299353689,NA,0.0298062964962896,NA,0.112387156367027
5.76327911999999,NA,0.0676107959417453,NA,0.036256422263771,NA,0.0313543736779743,NA,0.103867218205516
5.91494435999999,NA,0.0621249246262138,NA,0.0156488104922468,NA,0.046476114133967,NA,0.0777737351184606
6.06660959999998,NA,0.0627240153110162,NA,0.029140044766583,NA,0.0335839705444332,NA,0.0918640600775993
6.21827483999998,NA,0.068071155603605,NA,0.0822377173076129,NA,-0.0141665617040079,NA,0.150308872911218
6.36994007999998,NA,0.0871676083925674,NA,0.150315664387612,NA,-0.0631480559950451,NA,0.23748327278018
6.52160531999998,NA,0.108434232005195,NA,0.217035107217706,NA,-0.108600875212511,NA,0.325469339222901
6.67327055999998,NA,0.133118762605464,NA,0.275485602614206,NA,-0.142366840008742,NA,0.40860436521967
6.82493579999998,NA,0.167118493841462,NA,0.320882002710496,NA,-0.153763508869034,NA,0.488000496551957
6.97660103999998,NA,0.196860444881299,NA,0.347500162857341,NA,-0.150639717976042,NA,0.54436060773864
7.12826627999998,NA,0.223970578722727,NA,0.361241619554553,NA,-0.137271040831826,NA,0.58521219827728
7.27993151999998,NA,0.247354313810366,NA,0.362833153103649,NA,-0.115478839293283,NA,0.610187466914015
7.43159675999998,NA,0.255783372500703,NA,0.357236796194879,NA,-0.101453423694176,NA,0.613020168695582
7.58326199999998,NA,0.25742581272424,NA,0.35012576453398,NA,-0.0926999518097408,NA,0.60755157725822
7.73492723999998,NA,0.252514260401561,NA,0.337566934865762,NA,-0.0850526744642001,NA,0.590081195267323
7.88659247999998,NA,0.245141520289613,NA,0.324253973955646,NA,-0.0791124536660338,NA,0.569395494245259
8.03825771999998,NA,0.235756609433813,NA,0.310158127306434,NA,-0.0744015178726207,NA,0.545914736740247
8.18992295999998,NA,0.224582130857552,NA,0.295619069060592,NA,-0.0710369382030397,NA,0.520201199918145
8.34158819999998,NA,0.213338412158557,NA,0.282153101057256,NA,-0.0688146888986987,NA,0.495491513215813
8.49325343999998,NA,0.201495584741261,NA,0.268505567514708,NA,-0.0670099827734471,NA,0.470001152255969
8.64491867999998,NA,0.189596898895453,NA,0.256578044363718,NA,-0.0669811454682648,NA,0.446174943259171
8.79658391999998,NA,0.177032226654671,NA,0.246635644637979,NA,-0.0696034179833085,NA,0.42366787129265
8.94824915999998,NA,0.165433515872372,NA,0.239750561451001,NA,-0.0743170455786294,NA,0.405184077323373
9.09991439999998,NA,0.154266304942752,NA,0.235358284201674,NA,-0.081091979258922,NA,0.389624589144426
9.25157963999998,NA,0.144249968537816,NA,0.23269854908642,NA,-0.0884485805486042,NA,0.376948517624235
9.40324487999998,NA,0.136295223823706,NA,0.232233400632356,NA,-0.0959381768086495,NA,0.368528624456062
9.55491011999998,NA,0.129259857153632,NA,0.232133295630176,NA,-0.102873438476543,NA,0.361393152783808
9.70657535999998,NA,0.123691488147847,NA,0.230427985278979,NA,-0.106736497131133,NA,0.354119473426826
9.85824059999998,NA,0.119670309218054,NA,0.22849142851221,NA,-0.108821119294156,NA,0.348161737730264
10.00990584,NA,0.115566646395366,NA,0.225815984785648,NA,-0.110249338390282,NA,0.341382631181015
10.16157108,NA,0.11171644149885,NA,0.222772457018224,NA,-0.111056015519374,NA,0.334488898517074
10.31323632,NA,0.10794882489374,NA,0.219429171362322,NA,-0.111480346468582,NA,0.327377996256062
10.46490156,NA,0.10419805721192,NA,0.216020630341358,NA,-0.111822573129438,NA,0.320218687553277
10.6165668,NA,0.100386778865642,NA,0.212308572152272,NA,-0.11192179328663,NA,0.312695351017914
10.76823204,NA,0.0964320015271063,NA,0.208490617768039,NA,-0.112058616240933,NA,0.304922619295146
10.91989728,NA,0.0920168642670227,NA,0.204171389280694,NA,-0.112154525013671,NA,0.296188253547717
11.07156252,NA,0.0873222053612093,NA,0.198867091607454,NA,-0.111544886246245,NA,0.286189296968664
11.22322776,NA,0.0825931166072602,NA,0.193017837154528,NA,-0.110424720547268,NA,0.275610953761789
11.374893,NA,0.0778908278151053,NA,0.186263795815028,NA,-0.108372967999923,NA,0.264154623630133
11.52655824,NA,0.0733188936512061,NA,0.178652530167229,NA,-0.105333636516023,NA,0.251971423818435
11.67822348,NA,0.0691698560270825,NA,0.171181888163656,NA,-0.102012032136574,NA,0.240351744190739
11.82988872,NA,0.0649054570786961,NA,0.163470410950073,NA,-0.0985649538713769,NA,0.228375868028769
11.98155396,NA,0.0606013272396406,NA,0.156057607829441,NA,-0.0954562805898007,NA,0.216658935069082
12.1332192,NA,0.0564786680799404,NA,0.149372081704184,NA,-0.092893413624244,NA,0.205850749784125
12.28488444,NA,0.0520831745735642,NA,0.142587756001801,NA,-0.0905045814282371,NA,0.194670930575365
12.43654968,NA,0.0476129323798574,NA,0.135663250951247,NA,-0.0880503185713895,NA,0.183276183331104
12.58821492,NA,0.0431233939481516,NA,0.128669844049127,NA,-0.0855464501009758,NA,0.171793237997279
12.73988016,NA,0.037984697891817,NA,0.121414080890067,NA,-0.0834293829982503,NA,0.159398778781884
12.8915454,NA,0.0322603355095796,NA,0.1140205034919,NA,-0.08176016798232,NA,0.146280839001479
13.04321064,NA,0.026503446035323,NA,0.106320902163331,NA,-0.0798174561280083,NA,0.132824348198654
13.19487588,NA,0.0208480511993607,NA,0.0984036858767132,NA,-0.0775556346773525,NA,0.119251737076074
13.34654112,NA,0.0151737204156643,NA,0.0903407223804429,NA,-0.0751670019647786,NA,0.105514442796107
13.49820636,NA,0.00938332346701143,NA,0.081934475441179,NA,-0.0725511519741676,NA,0.0913177989081905
13.6498716,NA,0.00361289033943024,NA,0.0735256393869818,NA,-0.0699127490475515,NA,0.077138529726412
13.80153684,NA,-0.0024195334602255,NA,0.0651322840185844,NA,-0.0675518174788099,NA,0.0627127505583589
13.95320208,NA,-0.00846869846547571,NA,0.0567777000373644,NA,-0.0652463985028401,NA,0.0483090015718887
14.10486732,NA,-0.0141895860006044,NA,0.0485296963769025,NA,-0.0627192823775069,NA,0.0343401103762981
14.25653256,NA,-0.0195526178776823,NA,0.0405390376243399,NA,-0.0600916555020221,NA,0.0209864197466576
14.4081978,NA,-0.0242153923264952,NA,0.0333752196343134,NA,-0.0575906119608086,NA,0.00915982730781827
14.55986304,NA,-0.0281828973517368,NA,0.0271336110776296,NA,-0.0553165084293665,NA,-0.00104928627410723
14.71152828,NA,-0.0326938460781637,NA,0.0220304466163472,NA,-0.0547242926945109,NA,-0.0106633994618166
14.86319352,NA,-0.0377974001991157,NA,0.0196575848159359,NA,-0.0574549850150516,NA,-0.0181398153831798
15.01485876,NA,-0.0430620173129097,NA,0.0207763486095774,NA,-0.0638383659224871,NA,-0.0222856687033323
15.166524,NA,-0.048828055070516,NA,0.0254438766604904,NA,-0.0742719317310065,NA,-0.0233841784100256
15.31818924,NA,-0.0542359570440742,NA,0.0322019820780207,NA,-0.086437939122095,NA,-0.0220339749660535
15.46985448,NA,-0.0583684279575516,NA,0.0392032553506914,NA,-0.097571683308243,NA,-0.0191651726068602
15.62151972,NA,-0.0619683416496283,NA,0.046576684691317,NA,-0.108545026340945,NA,-0.0153916569583112
15.77318496,NA,-0.0655442296863104,NA,0.0546553087451511,NA,-0.120199538431461,NA,-0.0108889209411593
15.9248502,NA,-0.0690429114921695,NA,0.063142586760152,NA,-0.132185498252321,NA,-0.00590032473201749
16.07651544,NA,-0.0729782021485894,NA,0.0716533450478788,NA,-0.144631547196468,NA,-0.00132485710071065
16.22818068,NA,-0.0774204508844905,NA,0.0803028817020841,NA,-0.157723332586575,NA,0.00288243081759365
16.37984592,NA,-0.0815837705556405,NA,0.0884707379286356,NA,-0.170054508484276,NA,0.00688696737299516
16.53151116,NA,-0.0853940060909223,NA,0.0957695424450541,NA,-0.181163548535976,NA,0.0103755363541319
16.6831764,NA,-0.0889110756384779,NA,0.102570983983797,NA,-0.191482059622275,NA,0.013659908345319
16.83484164,NA,-0.092032714758895,NA,0.109038903286505,NA,-0.2010716180454,NA,0.0170061885276097
16.98650688,NA,-0.0948425536558494,NA,0.115212626209702,NA,-0.210055179865551,NA,0.0203700725538526
17.13817212,NA,-0.0979044008154972,NA,0.122092821942115,NA,-0.219997222757612,NA,0.0241884211266174
17.28983736,NA,-0.10134398082357,NA,0.129566262004389,NA,-0.230910242827958,NA,0.0282222811808187
17.4415026,NA,-0.105254012371249,NA,0.137085236835127,NA,-0.242339249206376,NA,0.031831224463878
17.59316784,NA,-0.109757837297722,NA,0.14495283226506,NA,-0.254710669562782,NA,0.0351949949673379
17.74483308,NA,-0.114314017427017,NA,0.152358688276011,NA,-0.266672705703028,NA,0.0380446708489934
17.89649832,NA,-0.118589561969265,NA,0.158778465700534,NA,-0.277368027669798,NA,0.0401889037312689
18.04816356,NA,-0.12265628227895,NA,0.164766603199157,NA,-0.287422885478106,NA,0.0421103209202068
18.1998288,NA,-0.126691265295969,NA,0.170655783492273,NA,-0.297347048788242,NA,0.0439645181963043
18.35149404,NA,-0.130604481943301,NA,0.176274215285957,NA,-0.306878697229258,NA,0.0456697333426553
18.50315928,NA,-0.134365777688919,NA,0.18176624662515,NA,-0.316132024314069,NA,0.0474004689362311
18.65482452,NA,-0.138141216186541,NA,0.187195893464189,NA,-0.32533710965073,NA,0.0490546772776486
18.80648976,NA,-0.14221878499017,NA,0.192587729747385,NA,-0.334806514737555,NA,0.0503689447572152
18.958155,NA,-0.146305583303255,NA,0.198021986381688,NA,-0.344327569684943,NA,0.0517164030784323
19.10982024,NA,-0.150061899549937,NA,0.203140872155909,NA,-0.353202771705846,NA,0.053078972605972
19.26148548,NA,-0.153704358392773,NA,0.208020749231062,NA,-0.361725107623835,NA,0.0543163908382893
19.41315072,NA,-0.156993277505054,NA,0.2124676222064,NA,-0.369460899711454,NA,0.0554743447013457
19.56481596,NA,-0.159376230211937,NA,0.215930180395905,NA,-0.375306410607842,NA,0.0565539501839672
19.7164812,NA,-0.161536983616481,NA,0.21887490679118,NA,-0.380411890407661,NA,0.0573379231746989
19.86814644,NA,-0.164375502935185,NA,0.222217455525981,NA,-0.386592958461167,NA,0.0578419525907958
20.01981168,NA,-0.167514937173427,NA,0.225594176696907,NA,-0.393109113870333,NA,0.0580792395234798
20.17147692,NA,-0.171012389576866,NA,0.229215499656705,NA,-0.400227889233571,NA,0.0582031100798387
20.32314216,NA,-0.175051908007376,NA,0.23312022564081,NA,-0.408172133648186,NA,0.0580683176334334
20.4748074,NA,-0.178248749082438,NA,0.236627183540407,NA,-0.414875932622845,NA,0.0583784344579699
20.62647264,NA,-0.180739593034688,NA,0.239658498243195,NA,-0.420398091277884,NA,0.058918905208507
20.77813788,NA,-0.183176147318278,NA,0.242539494797486,NA,-0.425715642115764,NA,0.0593633474792076
20.92980312,NA,-0.185311389784238,NA,0.245402565923849,NA,-0.430713955708087,NA,0.0600911761396107
21.0814683599999,NA,-0.187696212488457,NA,0.248150419326676,NA,-0.435846631815133,NA,0.0604542068382197
21.2331335999999,NA,-0.190502328776473,NA,0.25047499978982,NA,-0.440977328566293,NA,0.0599726710133472
21.3847988399999,NA,-0.193251008079451,NA,0.252532403427644,NA,-0.445783411507095,NA,0.0592813953481925
21.5364640799999,NA,-0.196224202536374,NA,0.254659424683223,NA,-0.450883627219597,NA,0.0584352221468488
21.6881293199999,NA,-0.199272022273744,NA,0.256648025511104,NA,-0.455920047784848,NA,0.0573760032373593
21.8397945599999,NA,-0.201890275311203,NA,0.258654027935552,NA,-0.460544303246755,NA,0.0567637526243487
21.9914597999999,NA,-0.204691988977903,NA,0.260916541761933,NA,-0.465608530739835,NA,0.0562245527840298
22.1431250399999,NA,-0.207332475169755,NA,0.26299891296169,NA,-0.470331388131445,NA,0.0556664377919355
22.2947902799999,NA,-0.209208457601589,NA,0.264619571643364,NA,-0.473828029244953,NA,0.0554111140417747
22.4464555199999,NA,-0.210863802134429,NA,0.266063245483911,NA,-0.47692704761834,NA,0.0551994433494824
22.5981207599999,NA,-0.212643248170725,NA,0.26743345607392,NA,-0.480076704244645,NA,0.0547902079031946
22.7497859999999,NA,-0.214457525339306,NA,0.268683240894738,NA,-0.483140766234045,NA,0.0542257155554321
22.9014512399999,NA,-0.216065008265655,NA,0.269571161092661,NA,-0.485636169358315,NA,0.0535061528270061
23.0531164799999,NA,-0.217444464170015,NA,0.270245942719992,NA,-0.487690406890006,NA,0.052801478549977
23.2047817199999,NA,-0.218540834173173,NA,0.27051004710779,NA,-0.489050881280963,NA,0.0519692129346164
23.3564469599999,NA,-0.21930731005892,NA,0.270366350195354,NA,-0.489673660254274,NA,0.0510590401364336
23.5081121999999,NA,-0.219504789750088,NA,0.269879674718355,NA,-0.489384464468443,NA,0.0503748849682669
23.6597774399999,NA,-0.219018279109017,NA,0.268789893267499,NA,-0.487808172376515,NA,0.0497716141584817
23.8114426799999,NA,-0.21843869692654,NA,0.267365120339571,NA,-0.485803817266111,NA,0.0489264234130303
23.9631079199999,NA,-0.218052025079392,NA,0.266104779374572,NA,-0.484156804453964,NA,0.0480527542951798
24.1147731599999,NA,-0.217711413777134,NA,0.264828218493406,NA,-0.48253963227054,NA,0.0471168047162726
24.2664383999999,NA,-0.217705337782271,NA,0.264013517524617,NA,-0.481718855306889,NA,0.0463081797423464
24.4181036399999,NA,-0.217893078216022,NA,0.263619494892116,NA,-0.481512573108138,NA,0.0457264166760932
24.5697688799999,NA,-0.217974655028693,NA,0.263209418302488,NA,-0.481184073331181,NA,0.0452347632737946
24.7214341199999,NA,-0.217852233191467,NA,0.26279796582903,NA,-0.480650199020497,NA,0.0449457326375627
24.8730993599999,NA,-0.217481893153641,NA,0.262372488828812,NA,-0.479854381982453,NA,0.0448905956751706
25.0247645999999,NA,-0.216997884482347,NA,0.261832326788978,NA,-0.478830211271324,NA,0.0448344423066308
25.1764298399999,NA,-0.216379885510591,NA,0.261246613955821,NA,-0.477626499466412,NA,0.0448667284452303
25.3280950799999,NA,-0.215628862713264,NA,0.260732284050014,NA,-0.476361146763278,NA,0.0451034213367499
25.4797603199999,NA,-0.214835373360386,NA,0.260286408786092,NA,-0.475121782146478,NA,0.0454510354257067
25.6314255599999,NA,-0.21399418224222,NA,0.25982918847307,NA,-0.473823370715291,NA,0.0458350062308499
25.7830907999999,NA,-0.213138267998387,NA,0.259426827419979,NA,-0.472565095418366,NA,0.0462885594215926
25.9347560399999,NA,-0.212336888712537,NA,0.258969374652591,NA,-0.471306263365128,NA,0.0466324859400534
26.0864212799999,NA,-0.21146333513948,NA,0.258556698167402,NA,-0.470020033306882,NA,0.0470933630279216
26.2380865199999,NA,-0.209628229642204,NA,0.258186856259032,NA,-0.467815085901235,NA,0.0485586266168279
26.3897517599999,NA,-0.206836581091805,NA,0.257607551937857,NA,-0.464444133029662,NA,0.0507709708460519
26.5414169999999,NA,-0.203773460061412,NA,0.257054481987892,NA,-0.460827942049304,NA,0.0532810219264805
26.6930822399999,NA,-0.200402872942152,NA,0.256851107566789,NA,-0.457253980508941,NA,0.0564482346246377
26.8447474799999,NA,-0.197070480199735,NA,0.256684961372367,NA,-0.453755441572103,NA,0.0596144811726319
26.9964127199999,NA,-0.194762859682124,NA,0.256490837081623,NA,-0.451253696763747,NA,0.0617279773994996
27.1480779599999,NA,-0.192996451190862,NA,0.256426629090841,NA,-0.449423080281703,NA,0.0634301778999782
27.2997431999999,NA,-0.190704395817734,NA,0.256557968031251,NA,-0.447262363848985,NA,0.0658535722135175
27.4514084399999,NA,-0.188216660525453,NA,0.256888065244204,NA,-0.445104725769658,NA,0.0686714047187508
27.6030736799999,NA,-0.18544889341179,NA,0.257058585364646,NA,-0.442507478776436,NA,0.0716096919528561
27.7547389199999,NA,-0.182162697674119,NA,0.256835613603359,NA,-0.438998311277478,NA,0.0746729159292394
27.9064041599999,NA,-0.178721635785154,NA,0.256543774162782,NA,-0.435265409947937,NA,0.0778221383776281
28.0580693999999,NA,-0.17550168268412,NA,0.256372296455674,NA,-0.431873979139794,NA,0.0808706137715534
28.2097346399999,NA,-0.172281049864629,NA,0.256162160137231,NA,-0.42844321000186,NA,0.0838811102726019
28.3613998799999,NA,-0.168958941217342,NA,0.256076731128653,NA,-0.425035672345995,NA,0.0871177899113115
28.5130651199999,NA,-0.165625913368789,NA,0.256097933293379,NA,-0.421723846662168,NA,0.0904720199245899
28.6647303599999,NA,-0.162087773359377,NA,0.255838852617113,NA,-0.41792662597649,NA,0.0937510792577361
28.8163955999999,NA,-0.158284810107462,NA,0.255301526236165,NA,-0.413586336343627,NA,0.0970167161287032
28.9680608399999,NA,-0.154752671712248,NA,0.254758053586167,NA,-0.409510725298415,NA,0.100005381873919
29.1197260799999,NA,-0.1515393048766,NA,0.2543834535228,NA,-0.4059227583994,NA,0.1028441486462
29.2713913199999,NA,-0.148130727823977,NA,0.253925131262757,NA,-0.402055859086734,NA,0.105794403438779
29.4230565599999,NA,-0.144305880027001,NA,0.253136941694444,NA,-0.397442821721445,NA,0.108831061667443
29.5747217999999,NA,-0.140372607575659,NA,0.252113004363135,NA,-0.392485611938794,NA,0.111740396787476
29.7263870399999,NA,-0.136422810514547,NA,0.250965049540101,NA,-0.387387860054648,NA,0.114542239025555
29.8780522799999,NA,-0.13237301976995,NA,0.249665894415994,NA,-0.382038914185944,NA,0.117292874646043
30.0297175199999,NA,-0.128688128378145,NA,0.248784420670576,NA,-0.377472549048721,NA,0.120096292292431
30.1813827599999,NA,-0.125369949383235,NA,0.248321238955297,NA,-0.373691188338532,NA,0.122951289572062
